Frame,root_translateX,root_translateY,root_translateZ,root_rotateX,root_rotateY,root_rotateZ,left_hip_pitch_joint_dof,left_hip_roll_joint_dof,left_hip_yaw_joint_dof,left_knee_joint_dof,left_ankle_pitch_joint_dof,left_ankle_roll_joint_dof,right_hip_pitch_joint_dof,right_hip_roll_joint_dof,right_hip_yaw_joint_dof,right_knee_joint_dof,right_ankle_pitch_joint_dof,right_ankle_roll_joint_dof,waist_yaw_joint_dof,waist_roll_joint_dof,waist_pitch_joint_dof,left_shoulder_pitch_joint_dof,left_shoulder_roll_joint_dof,left_shoulder_yaw_joint_dof,left_elbow_joint_dof,left_wrist_roll_joint_dof,left_wrist_pitch_joint_dof,left_wrist_yaw_joint_dof,right_shoulder_pitch_joint_dof,right_shoulder_roll_joint_dof,right_shoulder_yaw_joint_dof,right_elbow_joint_dof,right_wrist_roll_joint_dof,right_wrist_pitch_joint_dof,right_wrist_yaw_joint_dof
0.000000,65.516621,223.540092,76.384491,2.867193,0.597122,-119.348242,6.398701,7.922527,28.669548,0.709653,-18.857561,-0.958048,1.015733,-8.851966,-22.988448,6.058613,-12.458178,3.168692,-8.705009,0.713114,2.374777,4.750005,11.083928,-0.655241,57.500234,-13.679859,0.551277,-0.364123,5.352545,-16.245479,7.877227,56.156886,4.986260,-2.691517,2.591784
1.000000,65.972447,224.208069,76.523590,2.004850,0.616175,-119.500970,7.207725,7.162106,28.273408,-0.996624,-16.939108,0.023448,-0.674433,-10.247338,-21.884401,9.707990,-13.071899,2.801091,-8.226903,0.190907,5.886605,-3.601337,11.788926,0.339920,64.620980,-14.327495,-0.928618,-1.405703,-2.584996,-16.594786,7.429609,63.173164,6.145745,-4.436811,3.732635
2.000000,65.965289,224.215651,76.508909,1.746602,0.683274,-119.478210,7.511798,7.062816,28.308808,-1.016906,-17.005250,-0.006371,-0.460725,-10.350516,-21.895032,9.940384,-13.307917,2.823985,-8.236050,0.045377,6.823616,-5.264375,12.103791,0.696562,65.919132,-14.360418,-1.592367,-1.901429,-4.207113,-16.575484,7.281463,64.516676,6.328105,-5.101856,4.035204
3.000000,65.969753,224.236679,76.510137,1.627553,0.731026,-119.455499,7.639399,7.041861,28.291113,-1.033059,-16.985178,-0.013285,-0.335727,-10.373937,-21.910229,9.963655,-13.331723,2.831595,-8.231561,-0.005430,7.271722,-5.977026,12.336694,0.845654,66.357214,-14.357338,-1.947109,-2.286122,-4.921602,-16.556802,7.233812,64.993369,6.399130,-5.406014,4.266496
4.000000,65.970904,224.254060,76.511943,1.576258,0.753098,-119.440867,7.692216,7.038184,28.285437,-1.044271,-16.967421,-0.017173,-0.275637,-10.376610,-21.924740,9.955936,-13.324178,2.830716,-8.223761,-0.014510,7.476082,-6.294081,12.510993,0.884614,66.449189,-14.364521,-2.152712,-2.552008,-5.260611,-16.508890,7.191243,65.094025,6.601152,-5.583856,4.398311
5.000000,65.968698,224.266481,76.512241,1.556989,0.759327,-119.427477,7.700246,7.040214,28.268707,-1.038081,-16.960956,-0.023844,-0.251965,-10.375152,-21.934280,9.943874,-13.321824,2.833233,-8.197784,-0.012687,7.576532,-6.483642,12.644815,0.896460,66.418925,-14.381718,-2.303753,-2.699638,-5.457439,-16.467658,7.161745,65.017834,6.769858,-5.725315,4.391026
6.000000,65.965247,224.279237,76.513183,1.553874,0.755954,-119.414410,7.683054,7.044836,28.244364,-1.027994,-16.950731,-0.023579,-0.250245,-10.372790,-21.942476,9.934963,-13.316626,2.825027,-8.172128,-0.016431,7.631279,-6.625545,12.733751,0.928026,66.359905,-14.309151,-2.473297,-2.791235,-5.586152,-16.448883,7.167714,64.875398,6.761476,-5.822326,4.406965
7.000000,65.959597,224.288249,76.514864,1.554664,0.754726,-119.394270,7.667196,7.052983,28.221112,-1.020462,-16.940932,-0.027134,-0.244403,-10.366844,-21.958754,9.923368,-13.315591,2.815323,-8.169990,-0.017248,7.663161,-6.736187,12.779578,0.933010,66.286501,-14.291529,-2.534588,-2.788914,-5.697564,-16.422493,7.198749,64.716493,6.770329,-5.851576,4.380221
8.000000,65.951288,224.294519,76.516652,1.558214,0.753332,-119.376234,7.656340,7.061510,28.200323,-1.022379,-16.926168,-0.038621,-0.237708,-10.359353,-21.978881,9.911661,-13.308608,2.814986,-8.171687,-0.018629,7.670330,-6.825621,12.792103,0.931700,66.207100,-14.330521,-2.536197,-2.713623,-5.797886,-16.393712,7.227441,64.577424,6.789635,-5.867094,4.273616
9.000000,65.941864,224.298978,76.517713,1.567103,0.746454,-119.368019,7.643241,7.068517,28.203231,-1.027027,-16.918061,-0.041614,-0.243020,-10.351821,-21.991334,9.901911,-13.308710,2.815319,-8.171159,-0.022359,7.662198,-6.881196,12.780504,0.919005,66.101949,-14.350805,-2.552518,-2.702162,-5.886305,-16.354917,7.252297,64.445225,6.807304,-5.877245,4.226723
10.000000,65.929735,224.299312,76.517594,1.574461,0.740678,-119.362197,7.634111,7.076573,28.196816,-1.025584,-16.913708,-0.045989,-0.235252,-10.342587,-22.002990,9.881396,-13.315864,2.808031,-8.165346,-0.026655,7.654343,-6.918346,12.748790,0.907051,66.020328,-14.353692,-2.544840,-2.745402,-5.956360,-16.315283,7.274222,64.323122,6.837548,-5.887549,4.269757
11.000000,65.915799,224.300146,76.518190,1.575615,0.736540,-119.358964,7.631108,7.086673,28.188134,-1.016606,-16.906972,-0.050755,-0.224601,-10.333245,-22.005966,9.867798,-13.325532,2.807822,-8.160537,-0.036432,7.657311,-6.941807,12.695977,0.881556,65.979894,-14.420112,-2.464525,-2.825702,-6.017497,-16.287080,7.323963,64.222602,6.845839,-5.873383,4.267153
12.000000,65.900487,224.299121,76.518726,1.579870,0.732741,-119.357391,7.629992,7.096585,28.181188,-1.016312,-16.901771,-0.063473,-0.222037,-10.324873,-22.022062,9.868308,-13.336953,2.807271,-8.164439,-0.048858,7.667515,-6.947608,12.658165,0.849939,65.924877,-14.439157,-2.427559,-2.967613,-6.060571,-16.263672,7.384874,64.128072,6.838723,-5.873071,4.287229
13.000000,65.885514,224.298811,76.518393,1.585227,0.728650,-119.343200,7.621166,7.109414,28.174267,-1.005397,-16.908640,-0.067194,-0.220447,-10.318429,-22.038000,9.871862,-13.347955,2.797752,-8.171669,-0.059519,7.666376,-6.953145,12.623034,0.842848,65.878377,-14.445642,-2.454072,-2.835693,-6.072918,-16.246247,7.401585,64.061758,6.844965,-5.884347,4.234097
14.000000,65.870041,224.295926,76.519305,1.594914,0.721625,-119.320276,7.604109,7.119588,28.155493,-0.992344,-16.905968,-0.071055,-0.216072,-10.314036,-22.061159,9.869296,-13.357399,2.790929,-8.181194,-0.069010,7.650352,-6.939555,12.539917,0.824058,65.855748,-14.541492,-2.379765,-2.659826,-6.060602,-16.226752,7.411145,64.045536,6.859789,-5.863623,4.181230
15.000000,65.852517,224.288869,76.519555,1.615677,0.709066,-119.291348,7.580431,7.127903,28.134138,-0.994689,-16.893095,-0.084714,-0.213361,-10.306668,-22.090037,9.852597,-13.366675,2.781063,-8.190886,-0.068562,7.639512,-6.924681,12.478811,0.782201,65.918647,-14.524131,-2.372704,-2.765937,-6.053154,-16.226349,7.420906,64.072898,6.872078,-5.856444,4.210636
16.000000,65.833807,224.279308,76.519990,1.638916,0.695095,-119.260411,7.559038,7.134067,28.110885,-1.000342,-16.884567,-0.104960,-0.205002,-10.299745,-22.122445,9.823841,-13.376695,2.775230,-8.205741,-0.062572,7.618694,-6.910319,12.440485,0.735449,66.022808,-14.495823,-2.353193,-2.961386,-6.033361,-16.239094,7.426760,64.132416,6.890831,-5.843868,4.280547
17.000000,65.817750,224.271965,76.521200,1.656962,0.682399,-119.249471,7.543670,7.140834,28.099193,-0.998748,-16.883654,-0.117803,-0.210418,-10.294979,-22.132601,9.819687,-13.387979,2.777334,-8.203882,-0.057812,7.603435,-6.897080,12.421106,0.726326,66.076322,-14.536345,-2.314795,-2.872400,-6.006504,-16.258695,7.432094,64.193895,6.895829,-5.821172,4.257335
18.000000,65.801483,224.266171,76.521206,1.672340,0.668852,-119.243927,7.529241,7.147158,28.093934,-0.998416,-16.879341,-0.127060,-0.220949,-10.290810,-22.137423,9.820793,-13.396795,2.777040,-8.199789,-0.058848,7.603726,-6.868502,12.404165,0.698790,66.115828,-14.549758,-2.286776,-2.797921,-5.979363,-16.279706,7.454644,64.254294,6.889091,-5.805735,4.242150
19.000000,65.780914,224.255490,76.519126,1.691886,0.657089,-119.237940,7.519735,7.155646,28.085265,-1.010759,-16.872125,-0.146174,-0.230760,-10.282656,-22.145597,9.826190,-13.418104,2.766076,-8.204018,-0.051798,7.591442,-6.796541,12.392116,0.627662,66.178823,-14.560672,-2.261972,-2.734233,-5.939629,-16.315911,7.520276,64.367621,6.881892,-5.785896,4.249656
20.000000,65.760207,224.244714,76.519245,1.717680,0.640048,-119.225726,7.499866,7.162338,28.085372,-1.008568,-16.876019,-0.155016,-0.243890,-10.275911,-22.160306,9.821138,-13.430427,2.757001,-8.214209,-0.040282,7.572373,-6.723546,12.394245,0.572842,66.228622,-14.577780,-2.241434,-2.692191,-5.905765,-16.350944,7.560392,64.489854,6.884957,-5.767242,4.261819
21.000000,65.737587,224.232411,76.518935,1.751124,0.620377,-119.212184,7.470443,7.173159,28.068580,-1.012759,-16.866413,-0.182294,-0.256348,-10.265633,-22.175621,9.806570,-13.449958,2.749408,-8.220393,-0.025168,7.555584,-6.670927,12.410589,0.552716,66.253641,-14.579353,-2.239915,-2.655575,-5.878882,-16.377399,7.579660,64.560977,6.878281,-5.761775,4.260940
22.000000,65.716398,224.223137,76.520425,1.792401,0.596839,-119.194589,7.423523,7.186992,28.042892,-1.011527,-16.851876,-0.200423,-0.284881,-10.256392,-22.194833,9.798742,-13.459399,2.745239,-8.219647,-0.009763,7.530662,-6.652206,12.439250,0.519463,66.289001,-14.562037,-2.229898,-2.641027,-5.844569,-16.395779,7.597256,64.598823,6.884031,-5.766813,4.251788
23.000000,65.691251,224.208522,76.521105,1.831197,0.575331,-119.171259,7.388765,7.198966,28.036514,-1.013933,-16.843781,-0.224415,-0.301302,-10.245324,-22.223231,9.785971,-13.470971,2.746055,-8.208966,0.004627,7.509357,-6.658961,12.499262,0.433147,66.321328,-14.572202,-2.208551,-2.625555,-5.809361,-16.412181,7.632626,64.621451,6.924668,-5.766888,4.239468
24.000000,65.668356,224.196029,76.521850,1.868077,0.552923,-119.149313,7.350428,7.209410,28.024288,-1.008654,-16.840929,-0.242708,-0.321191,-10.237760,-22.245885,9.776543,-13.479313,2.749602,-8.201082,0.014204,7.495782,-6.682868,12.576732,0.341081,66.331116,-14.604640,-2.187612,-2.569836,-5.802482,-16.420084,7.661997,64.644735,6.973733,-5.761478,4.216230
25.000000,65.644997,224.182320,76.522148,1.905272,0.529448,-119.135084,7.308728,7.222074,27.999218,-0.999275,-16.837646,-0.258637,-0.338840,-10.230318,-22.261204,9.763796,-13.496464,2.749877,-8.188663,0.022994,7.484531,-6.677372,12.630343,0.286485,66.295326,-14.612082,-2.209220,-2.535722,-5.804073,-16.425102,7.680257,64.649660,7.008879,-5.771330,4.215186
26.000000,65.621585,224.166846,76.521069,1.951523,0.504944,-119.108805,7.255691,7.238498,27.964014,-0.985384,-16.845644,-0.277787,-0.364790,-10.222785,-22.284805,9.759499,-13.518563,2.744406,-8.184625,0.037351,7.472280,-6.682473,12.666454,0.242079,66.254331,-14.604488,-2.233430,-2.526135,-5.818878,-16.440089,7.707536,64.668142,7.017902,-5.779532,4.228142
27.000000,65.595442,224.143481,76.521283,1.998935,0.476829,-119.071731,7.200375,7.249841,27.936116,-0.961642,-16.858514,-0.284436,-0.390549,-10.223186,-22.318084,9.764775,-13.540113,2.747327,-8.185270,0.049218,7.461878,-6.725163,12.678861,0.219526,66.244413,-14.605834,-2.265663,-2.519928,-5.845126,-16.468071,7.737935,64.639271,6.996820,-5.809541,4.223558
28.000000,65.570778,224.120951,76.521254,2.054695,0.446363,-119.029096,7.131523,7.261699,27.893982,-0.945987,-16.867500,-0.301736,-0.415084,-10.220431,-22.365982,9.750454,-13.556855,2.755550,-8.169617,0.060586,7.432812,-6.788491,12.696616,0.159465,66.227700,-14.608945,-2.277330,-2.528502,-5.870900,-16.497130,7.788384,64.640767,7.001060,-5.828309,4.225444
29.000000,65.544391,224.093485,76.520902,2.108730,0.418123,-118.990559,7.073077,7.275191,27.862579,-0.923308,-16.885643,-0.315877,-0.425925,-10.213338,-22.405951,9.717804,-13.570464,2.756798,-8.157370,0.064207,7.404135,-6.826421,12.718235,0.070405,66.166146,-14.608791,-2.283060,-2.578834,-5.905094,-16.519426,7.870688,64.626669,7.027814,-5.829259,4.283927
30.000000,65.513641,224.054933,76.518875,2.160750,0.393840,-118.954883,7.026101,7.292602,27.831737,-0.891053,-16.915187,-0.341832,-0.417624,-10.204949,-22.446764,9.683240,-13.597769,2.769413,-8.140600,0.058266,7.378312,-6.864606,12.745875,-0.006887,66.103800,-14.650448,-2.245964,-2.596286,-5.936915,-16.539590,7.954245,64.598044,7.048530,-5.809722,4.293120
31.000000,65.480405,224.007416,76.516730,2.222180,0.361219,-118.927294,6.970644,7.307066,27.805885,-0.847360,-16.962889,-0.358491,-0.424641,-10.202967,-22.484160,9.658433,-13.624838,2.782969,-8.101502,0.040004,7.335711,-6.906416,12.756608,-0.068241,66.034624,-14.682197,-2.250284,-2.595195,-5.969268,-16.553100,8.042991,64.581454,7.051461,-5.811133,4.290146
32.000000,65.446514,223.948526,76.514202,2.282479,0.328646,-118.922726,6.929911,7.318248,27.799457,-0.802821,-17.012449,-0.361761,-0.438415,-10.202610,-22.501616,9.647136,-13.648025,2.792992,-8.038421,0.009826,7.275460,-6.947691,12.760604,-0.128502,65.990685,-14.684084,-2.245103,-2.619412,-6.017475,-16.556249,8.133739,64.613494,7.037108,-5.816347,4.267144
33.000000,65.412402,223.876119,76.513088,2.344690,0.299953,-118.914947,6.907700,7.324851,27.811106,-0.775677,-17.061444,-0.372595,-0.427885,-10.199587,-22.530492,9.609096,-13.658404,2.807188,-7.968662,-0.030241,7.195743,-6.993959,12.767276,-0.182149,65.980078,-14.711947,-2.223626,-2.647522,-6.094670,-16.544214,8.249848,64.695374,6.998980,-5.799182,4.274370
34.000000,65.379125,223.791409,76.511890,2.419058,0.270385,-118.910437,6.886214,7.328101,27.837426,-0.758867,-17.109405,-0.408994,-0.399473,-10.191610,-22.569542,9.524346,-13.642690,2.834466,-7.844786,-0.081493,7.058377,-7.061949,12.799462,-0.295872,66.016667,-14.744920,-2.217557,-2.681804,-6.256684,-16.583226,8.598589,64.914535,6.740622,-5.734006,4.429570
35.000000,65.343964,223.685122,76.509792,2.515656,0.225586,-118.964903,6.870502,7.326276,27.934372,-0.748350,-17.154949,-0.518680,-0.370465,-10.184961,-22.614975,9.390332,-13.606656,2.924664,-7.534854,-0.181232,6.727149,-7.156854,12.868876,-0.553823,66.246599,-14.726351,-2.283807,-2.774240,-6.804988,-16.815945,9.764130,65.894230,5.719035,-5.599419,4.760951
36.000000,65.306443,223.551011,76.515388,2.657091,0.144031,-119.170264,6.862527,7.310019,28.180522,-0.756047,-17.174229,-0.697895,-0.418619,-10.181338,-22.619821,9.237115,-13.503095,3.124292,-7.041647,-0.358646,5.995704,-7.203424,12.924883,-0.936807,66.869260,-14.715914,-2.366856,-2.899913,-8.422906,-17.285370,11.916510,68.103359,3.812399,-5.413422,4.920674
37.000000,65.289247,223.411703,76.522529,2.831883,0.029057,-119.583889,6.857263,7.272260,28.610626,-0.775517,-17.208329,-0.811204,-0.655125,-10.178851,-22.420354,9.200101,-13.338495,3.361309,-6.433205,-0.635199,4.890095,-7.152235,12.948028,-1.283748,67.751713,-14.636522,-2.434378,-3.133849,-11.530167,-18.087516,14.678258,70.249698,0.566033,-5.385440,4.496999
38.000000,65.301603,223.274612,76.524395,2.948475,-0.041696,-120.192491,6.979678,7.229432,29.195708,-0.803327,-17.306641,-0.766139,-0.953337,-10.158495,-21.982494,9.281168,-13.135536,3.560384,-5.778697,-1.004951,3.725448,-7.035759,13.041968,-1.494986,68.545907,-14.640480,-2.468745,-3.324278,-16.015617,-19.151369,16.859852,70.939834,-2.120165,-5.643708,3.820036
39.000000,65.313947,223.097420,76.513547,2.971655,-0.016099,-120.836131,7.304902,7.204081,29.811515,-0.864882,-17.464809,-0.655029,-1.063942,-10.081616,-21.438094,9.299959,-12.970303,3.752045,-5.150311,-1.445047,2.738111,-6.807376,13.271173,-1.671291,68.765819,-14.601211,-2.419165,-3.242503,-21.340578,-20.456693,17.955685,69.348632,-3.130944,-6.079706,2.890821
40.000000,65.270299,222.974873,76.509273,3.206681,0.607768,-121.900733,7.929437,8.037744,31.217274,-1.110687,-17.951346,-2.077034,-0.932777,-8.981166,-20.310343,8.800201,-13.413695,2.319648,-3.476426,-1.178914,3.235767,-7.746451,15.040611,-6.147314,68.087608,-23.022488,-0.661336,-1.833232,-28.453402,-24.504053,22.606912,64.667432,1.023269,-2.755608,3.288818
41.000000,65.269780,222.738528,76.476169,3.142839,0.878489,-122.216879,8.438039,8.177176,31.640093,-1.063717,-18.292894,-2.244805,-0.582138,-8.748535,-20.043641,8.726065,-13.416619,2.369144,-2.564600,-1.605738,2.304714,-7.497410,15.607669,-7.156436,67.765237,-23.954563,-0.591125,-1.823246,-34.196684,-26.904016,23.860516,61.704257,1.797919,-2.509349,3.114135
42.000000,65.312546,222.539878,76.466250,3.145993,1.052418,-122.282257,8.719601,8.215168,31.755346,-1.123154,-18.420435,-2.323238,-0.364663,-8.670001,-19.972660,8.671252,-13.266667,2.466290,-1.750109,-2.146111,1.611652,-7.531170,16.200864,-7.726276,67.256688,-24.451959,-0.746808,-1.610181,-40.293246,-29.098658,25.326985,60.203780,2.581812,-2.019202,3.249076
43.000000,65.375894,222.336364,76.460832,3.136824,1.212781,-122.124994,8.898474,8.215609,31.645226,-1.114884,-18.559782,-2.368052,-0.101744,-8.690314,-20.117216,8.664505,-13.128792,2.628310,-0.997912,-2.753158,1.103682,-7.651209,16.826408,-8.193369,66.648098,-24.833847,-0.939871,-1.577607,-46.209174,-31.180428,27.160102,59.751437,3.264223,-1.360600,3.463733
44.000000,65.473312,222.153425,76.458490,3.179107,1.320258,-121.826831,8.903837,8.182305,31.407375,-1.067349,-18.671562,-2.387320,0.077818,-8.782956,-20.412744,8.697428,-12.980529,2.783989,-0.332418,-3.391425,0.769124,-7.903119,17.533635,-8.577714,66.117242,-25.276339,-1.090971,-1.728767,-51.810014,-33.090327,29.087307,59.871519,4.063807,-0.707001,4.376354
45.000000,65.593553,221.966600,76.454651,3.272771,1.387428,-121.459407,8.806550,8.115677,31.081387,-1.043475,-18.757839,-2.428613,0.190036,-8.919214,-20.783277,8.753874,-12.852772,2.884610,0.254153,-4.015746,0.506707,-8.182644,18.290552,-8.858310,65.752626,-25.642046,-1.260669,-1.926929,-56.898474,-34.723695,30.997191,60.523215,4.974278,-0.092742,5.914562
46.000000,65.723211,221.766305,76.445580,3.409601,1.419335,-121.039627,8.651106,8.019445,30.631674,-1.039794,-18.855601,-2.469677,0.292478,-9.075240,-21.199492,8.748327,-12.745416,3.008348,0.778166,-4.610735,0.299536,-8.451551,19.000599,-9.041367,65.523623,-25.878745,-1.399425,-2.071986,-61.322156,-36.072227,32.929039,61.469353,5.790709,0.431779,7.449383
47.000000,65.868515,221.557808,76.429296,3.556788,1.446988,-120.635937,8.485062,7.909969,30.167631,-1.036995,-18.983780,-2.506107,0.376966,-9.240645,-21.568141,8.742531,-12.643061,3.172417,1.295030,-5.140400,0.182348,-8.640707,19.626637,-9.083708,65.435302,-26.221825,-1.499776,-2.132170,-65.045517,-37.285432,35.028700,62.262099,6.234949,0.715305,8.623622
48.000000,66.032404,221.352196,76.416612,3.687904,1.490514,-120.306392,8.326036,7.810683,29.763014,-0.962453,-19.161133,-2.517443,0.456463,-9.395700,-21.862525,8.724569,-12.481487,3.361461,1.790125,-5.562638,0.267311,-8.749296,20.153520,-8.986299,65.422134,-26.599924,-1.554093,-2.276040,-68.200197,-38.309049,36.947505,62.846497,6.502078,0.886453,9.731772
49.000000,66.210288,221.143723,76.407659,3.817164,1.547219,-120.028456,8.163288,7.726061,29.387333,-0.820817,-19.389189,-2.505496,0.546821,-9.535176,-22.127462,8.670695,-12.250139,3.632353,2.220928,-5.869420,0.392413,-8.588741,20.646048,-8.734238,65.423575,-26.827450,-1.593551,-2.414089,-70.686481,-39.131950,38.505622,63.171682,6.788951,0.987709,10.897977
50.000000,66.401076,220.935655,76.396680,3.946307,1.616285,-119.806569,8.005818,7.656973,29.083434,-0.628636,-19.670912,-2.502400,0.620219,-9.670363,-22.314192,8.627847,-11.974919,4.002203,2.574246,-6.107729,0.599178,-8.165594,21.166842,-8.315836,65.438075,-27.078618,-1.582724,-2.588727,-72.635722,-39.819419,39.775514,63.171750,6.761855,1.026752,12.060597
51.000000,66.604632,220.718169,76.381844,4.054336,1.700692,-119.685500,7.929529,7.574220,28.917491,-0.483736,-19.960034,-2.478066,0.653939,-9.820013,-22.398444,8.645039,-11.670835,4.457691,2.865153,-6.303214,0.898303,-7.593194,21.942073,-8.068384,65.618092,-28.011584,-1.318304,-2.825735,-74.194255,-40.362641,41.037429,62.944804,6.667971,1.051530,12.834574
52.000000,66.819036,220.495009,76.373446,4.186736,1.791722,-119.667963,7.886331,7.495013,28.849616,-0.389629,-20.209387,-2.431441,0.583746,-9.951719,-22.333028,8.750382,-11.311823,4.895335,3.084087,-6.452164,1.238893,-6.967401,22.992961,-8.117453,65.965257,-29.557107,-0.770474,-3.004970,-75.454343,-40.660099,42.214524,62.761270,6.768438,1.054820,13.039346
53.000000,67.054230,220.265508,76.382530,4.349205,1.935361,-119.752892,7.898806,7.457395,28.864683,-0.366773,-20.406160,-2.406855,0.424336,-10.017170,-22.119201,8.953141,-10.817570,5.259977,3.253479,-6.512196,1.575168,-6.186764,24.004304,-7.948123,66.424170,-30.612126,0.187982,-3.348189,-76.373495,-40.686484,43.220617,62.661467,6.726340,1.000255,12.705713
54.000000,67.313206,220.011568,76.407057,4.580170,2.091018,-119.941582,7.920520,7.424537,29.012198,-0.446749,-20.499257,-2.417316,0.161090,-10.038233,-21.807594,9.173587,-10.136697,5.734239,3.372967,-6.527327,1.876825,-5.239707,24.773226,-7.479331,67.280403,-31.208022,0.359453,-3.271810,-77.039917,-40.520657,44.128111,62.548564,6.346804,0.818117,12.115145
55.000000,67.590046,219.748282,76.441449,4.885473,2.258164,-120.197034,7.924077,7.415934,29.246744,-0.612616,-20.491741,-2.449805,-0.194975,-9.996289,-21.391353,9.379453,-9.305930,6.281479,3.405006,-6.464438,2.111312,-4.235800,25.319948,-6.814218,68.524488,-31.465688,0.140520,-3.258899,-77.579290,-40.238779,44.968132,62.442819,5.778139,0.730231,12.301007
56.000000,67.880374,219.470501,76.471835,5.261079,2.418378,-120.528884,7.924243,7.411108,29.526839,-0.869576,-20.459338,-2.482717,-0.670036,-9.919716,-20.874276,9.637177,-8.441495,6.852286,3.343852,-6.352494,2.272650,-3.259420,25.836167,-6.136901,69.927135,-31.533894,0.086072,-3.561827,-78.125097,-39.881642,45.693563,62.391135,5.309284,0.798732,13.332774
57.000000,68.185115,219.180346,76.493412,5.688901,2.564586,-120.911086,7.919008,7.388800,29.822494,-1.231908,-20.366060,-2.566200,-1.226616,-9.831726,-20.339149,9.914114,-7.582622,7.390004,3.250522,-6.218154,2.366017,-2.365039,26.345570,-5.506933,71.324373,-31.778777,0.160351,-3.834483,-78.737519,-39.476315,46.293041,62.548031,5.071580,0.921471,14.144436
58.000000,68.492830,218.870473,76.508379,6.142290,2.688917,-121.321673,7.918409,7.342235,30.137889,-1.630624,-20.248285,-2.619561,-1.799319,-9.733595,-19.759850,10.139002,-6.725563,7.896246,3.127889,-6.096262,2.393135,-1.629345,26.892225,-4.883458,72.719139,-32.002681,0.384475,-4.059255,-79.375268,-39.004574,46.705097,62.913064,5.050803,1.020667,14.360375
59.000000,68.797076,218.535757,76.521409,6.608161,2.784937,-121.739638,7.923026,7.258090,30.485477,-2.062934,-20.064490,-2.652906,-2.356877,-9.640068,-19.158940,10.305505,-5.886453,8.371038,2.976435,-6.048391,2.379274,-1.088359,27.512736,-4.188358,73.842534,-32.168685,0.375030,-4.235154,-79.994151,-38.523329,47.028608,63.296121,5.105687,1.075003,14.434842
60.000000,69.098175,218.179440,76.535398,7.063862,2.849849,-122.110704,7.910653,7.125555,30.793901,-2.484602,-19.838745,-2.644886,-2.882022,-9.587984,-18.612084,10.446591,-5.077081,8.819040,2.809468,-6.048993,2.317300,-0.785100,28.181531,-3.551654,74.870478,-32.317457,0.473739,-4.321515,-80.624393,-38.147611,47.410617,63.612400,5.099783,1.097546,14.601582
61.000000,69.398773,217.800856,76.545769,7.499377,2.893895,-122.415128,7.878359,6.953731,31.042674,-2.854410,-19.638455,-2.582380,-3.378156,-9.595573,-18.162709,10.618410,-4.304846,9.230246,2.627912,-6.043657,2.245165,-0.794561,28.839480,-3.040229,75.451659,-32.383054,0.360140,-4.344269,-81.276184,-37.848670,47.718447,63.918447,5.093913,1.108750,14.654879
62.000000,69.697559,217.411160,76.561332,7.897425,2.935946,-122.682262,7.868216,6.754718,31.246548,-3.208743,-19.386546,-2.533728,-3.876076,-9.652855,-17.760245,10.926077,-3.553663,9.627816,2.458153,-6.052427,2.219906,-1.108252,29.482460,-2.729137,75.600331,-32.285133,0.109332,-4.344318,-81.934703,-37.620791,47.967910,64.141494,5.197070,1.111159,14.585927
63.000000,69.986254,217.010093,76.599449,8.246346,2.977462,-122.884553,7.891621,6.527222,31.346880,-3.554973,-19.031127,-2.497598,-4.432636,-9.777300,-17.410106,11.515735,-2.663104,10.159056,2.276368,-6.078202,2.249226,-1.713781,30.058956,-2.691547,75.349472,-32.044338,-0.156298,-4.183885,-82.592212,-37.462556,48.215501,64.265031,5.266222,1.108963,14.366437
64.000000,70.267701,216.591883,76.685059,8.554324,3.053692,-123.039541,7.957333,6.321787,31.328466,-3.844995,-18.564502,-2.481579,-5.128066,-9.987379,-17.133347,12.544544,-1.427789,10.811197,2.106964,-6.091103,2.360082,-2.644470,30.483295,-2.838613,74.847904,-31.865595,-0.463181,-3.799135,-83.223212,-37.325054,48.456678,64.379055,5.204050,1.055707,13.772830
65.000000,70.554250,216.155314,76.847196,8.830927,3.252758,-123.125740,8.073278,6.230672,31.219917,-4.064057,-17.928063,-2.510867,-5.998274,-10.234484,-16.995923,14.114502,0.388158,11.534057,1.900145,-5.985358,2.626041,-3.895233,30.726231,-3.232150,74.144729,-31.708088,-0.829819,-3.311028,-83.837697,-37.160034,48.717304,64.539851,5.081142,0.940950,12.985089
66.000000,70.854092,215.696001,77.105814,9.082486,3.627837,-123.130273,8.255324,6.313269,31.036096,-4.182555,-17.089821,-2.598862,-7.096531,-10.529359,-17.139047,16.313973,3.179245,12.464385,1.658845,-5.689399,3.077099,-5.424548,30.702342,-3.815253,73.211206,-31.402590,-1.255902,-3.000060,-84.442141,-37.016500,48.983306,64.735133,4.909740,0.877388,12.465090
67.000000,71.183771,215.194511,77.495414,9.327884,4.273305,-122.977350,8.534216,6.648829,30.743067,-4.222828,-15.908419,-2.797188,-8.419408,-10.821992,-17.555463,19.113217,7.209708,13.471909,1.264439,-5.090642,3.762539,-7.161409,30.371891,-4.637704,72.259085,-31.154931,-1.409433,-2.714459,-85.041449,-36.893957,49.195872,64.931009,4.794381,0.892705,12.202940
68.000000,71.557868,214.659214,77.999341,9.673535,5.209504,-122.631170,8.764756,7.339169,30.232111,-4.134852,-14.476301,-3.046983,-10.032590,-11.041186,-18.021408,22.386466,12.050179,14.003839,0.588721,-4.127499,4.576927,-8.922618,29.765766,-5.692954,71.084777,-31.089628,-1.443103,-2.452146,-85.640962,-36.785333,49.422624,65.105691,4.725421,0.946975,12.129087
69.000000,72.046065,214.137053,78.555143,10.215028,6.149306,-122.130833,8.762480,8.060480,29.341273,-4.348294,-12.580972,-3.185726,-12.312861,-11.427839,-18.206021,25.931845,17.324148,13.770496,-0.221432,-2.945328,5.671849,-11.251986,28.849145,-6.837359,69.564568,-31.326956,-1.281398,-2.111569,-86.753743,-36.860639,49.846403,65.371672,4.606366,1.017645,12.231794
70.000000,72.503060,213.509274,79.030782,10.740432,7.218497,-121.592812,8.784086,8.959934,28.349414,-4.216945,-11.149007,-3.504008,-14.500365,-11.718601,-18.435661,29.216298,22.178464,12.852271,-1.161319,-1.657192,6.527896,-13.095225,27.956458,-7.963248,67.854542,-31.508390,-1.296269,-1.979683,-87.640575,-36.928927,50.363739,65.570868,4.505214,1.103743,12.623650
71.000000,72.968358,212.849903,79.387403,11.189438,8.145952,-120.943104,8.741625,9.658861,27.286334,-3.999190,-10.060880,-3.815636,-16.578240,-12.018442,-18.697269,31.804513,25.217810,11.562096,-2.161742,-0.560324,7.344010,-14.909912,27.154597,-9.283217,65.987277,-31.644369,-1.288943,-1.773704,-88.538998,-37.116375,50.985262,65.694310,4.460288,1.178536,12.936475
72.000000,73.380071,212.202477,79.616028,11.487583,8.797190,-120.091096,8.641021,9.991015,26.192797,-3.766686,-9.245477,-4.162687,-18.499204,-11.960655,-19.000820,33.304177,24.536213,10.549537,-3.203136,0.137120,8.083603,-16.764952,26.586974,-11.043507,63.891406,-30.877619,-1.393995,-1.850376,-89.388100,-37.452034,51.587743,65.752742,4.557205,1.196113,13.117784
73.000000,73.694253,211.477757,79.751849,11.570665,9.335531,-119.172469,8.719454,10.108164,25.334377,-3.320834,-8.781032,-4.676108,-19.730762,-11.244922,-19.905777,33.134156,21.712528,9.456684,-4.177831,0.566120,8.594258,-18.337572,26.112015,-12.859105,61.912748,-29.358663,-1.550429,-1.868789,-89.766308,-37.786444,52.049965,65.696810,4.788243,1.211803,13.072811
74.000000,74.017018,210.759258,79.824805,11.242129,9.168819,-117.574574,8.754659,9.194415,23.778533,-3.289103,-7.685475,-5.085890,-20.971693,-10.330655,-19.983011,31.774511,19.132509,9.735724,-5.229679,0.168902,9.606799,-20.788873,25.552141,-15.224990,59.363421,-26.039635,-1.908085,-1.129112,-90.652634,-38.712566,52.728579,65.681162,4.941340,1.142821,12.866234
75.000000,74.235803,209.986401,79.881120,10.693273,8.774319,-115.664059,8.758375,8.052802,21.636079,-2.859569,-6.558562,-5.662488,-21.873459,-8.006540,-18.803712,28.646314,17.872508,10.928485,-6.414958,-0.529475,10.432492,-22.748047,24.994060,-18.017438,56.340055,-22.238336,-2.447578,-0.846029,-91.463323,-39.667403,54.085881,65.717061,4.620222,1.060211,13.469770
76.000000,74.396050,209.090805,79.909688,10.016687,8.290139,-113.524105,8.740881,6.810382,19.047499,-1.943812,-5.536041,-6.396970,-22.517710,-4.698923,-16.673168,24.372787,17.804905,12.504568,-7.865907,-1.352385,10.958919,-24.071571,24.285241,-20.894669,53.168009,-20.021112,-3.337475,-1.002263,-92.046484,-40.402273,55.890987,65.830060,3.841564,1.013351,14.063845
77.000000,74.667418,208.111405,79.923874,9.182892,7.409937,-110.992835,8.763403,4.958772,16.247022,-1.224743,-3.943792,-7.039172,-23.267111,-1.714579,-14.012606,19.733455,18.590940,14.290778,-9.491179,-2.458102,11.791179,-25.672427,23.130770,-23.929423,49.795306,-18.559135,-4.211798,-1.180078,-92.924403,-41.320845,57.264166,66.159712,3.692878,0.942493,13.847033
78.000000,74.799550,207.096195,79.915977,8.425867,6.338756,-108.219791,8.807864,3.030731,13.609434,-0.529578,-2.125067,-7.753202,-24.264966,1.494435,-11.833393,15.163587,19.741024,14.975200,-11.281092,-3.610879,12.538355,-27.590114,21.869632,-27.172680,46.921965,-17.689512,-4.663982,-1.631499,-93.785778,-42.351524,58.241890,66.559613,4.673627,0.864904,12.901113
79.000000,74.819827,205.923605,79.832488,7.843841,5.205574,-105.118680,8.891348,1.148960,10.922001,0.196784,-0.363833,-8.590737,-25.502340,5.016321,-10.271731,10.916031,20.556028,14.996456,-13.221466,-4.677732,13.037302,-29.587819,20.370399,-30.407183,44.758462,-17.376353,-4.461387,-3.290427,-94.490517,-43.642610,59.288692,66.888377,5.797467,0.806543,12.448353
80.000000,74.827701,204.487610,79.609758,7.402514,4.049540,-101.670391,9.153064,-0.703351,7.993122,0.869068,1.176230,-9.499261,-26.945031,8.576453,-9.696070,7.430320,21.382590,14.997892,-15.331867,-5.567608,13.376797,-31.463823,18.534828,-33.294891,43.318033,-17.512141,-3.839406,-5.953974,-95.156905,-45.270207,60.362992,67.166154,6.270791,0.737085,12.459602
81.000000,74.923068,202.768946,79.209942,7.109912,2.831671,-98.274524,9.785493,-2.644168,4.968258,1.308908,2.534869,-10.533396,-28.291509,11.715562,-10.336320,4.687139,22.354113,15.000007,-17.260807,-6.198490,13.485702,-33.225715,16.297765,-35.607313,42.696438,-17.744618,-3.486518,-7.516131,-95.759771,-47.175516,61.377507,67.479810,6.435304,0.646323,12.562841
82.000000,75.325221,200.417304,78.593880,6.321422,2.148044,-95.315742,11.890371,-4.199592,2.540212,2.055839,2.279298,-11.278649,-27.993940,13.779093,-11.731363,3.797365,22.861502,15.000035,-19.067293,-6.340660,13.276896,-33.473302,14.162603,-37.234274,42.489664,-17.908254,-3.268005,-8.245641,-95.880037,-48.672365,61.830479,67.942139,6.483258,0.685816,12.763023
83.000000,76.042742,197.991025,77.972955,5.928631,1.292337,-91.277980,13.713080,-5.827174,-0.529680,2.544146,2.469285,-11.313092,-27.286684,13.847047,-12.710923,4.136791,25.382969,15.000035,-21.204889,-5.911125,13.092395,-33.958164,11.719179,-39.143367,42.770501,-17.747949,-2.872250,-8.905309,-96.025671,-50.775438,62.008740,68.549247,6.637986,0.710631,12.880997
84.000000,77.478808,195.321143,77.450484,6.077440,0.751161,-86.062168,15.287893,-7.246629,-4.347691,2.898478,3.025129,-11.094530,-25.691017,11.456555,-13.082633,4.814475,26.193186,15.000035,-23.894568,-4.419150,12.496697,-34.527385,9.260473,-41.445274,43.617725,-16.850727,-2.362632,-9.334370,-96.143990,-53.668304,62.297015,69.141288,6.458822,0.638370,13.183354
85.000000,78.945708,192.255187,77.140570,6.467560,1.188241,-77.377378,16.514171,-6.856721,-11.957798,3.456143,4.561954,-11.977389,-22.222167,7.412809,-16.008893,3.453509,18.914916,10.617783,-28.433710,-0.768352,10.533977,-34.254447,5.361600,-44.750115,45.286039,-15.024753,-1.578173,-9.873094,-96.318699,-58.885827,63.631210,69.601035,5.339803,0.244078,14.413927
86.000000,79.638308,189.518404,76.977509,7.621738,1.754014,-72.637106,16.227956,-6.214320,-16.578508,4.494715,7.190451,-14.181827,-21.256848,5.811662,-19.683543,4.488105,10.140049,5.493496,-28.802843,2.765744,8.755101,-34.591572,2.201351,-46.620426,48.510155,-12.095457,-1.118015,-10.686758,-96.630818,-64.621779,64.365203,69.003366,3.856378,-0.738250,14.728002
87.000000,80.663037,187.751913,77.224672,8.721478,1.703456,-73.446860,14.262170,-7.871728,-14.714806,8.074675,10.703157,-14.999932,-21.973226,5.350243,-17.328735,6.793873,6.268470,3.705557,-25.429981,5.168394,9.014059,-34.677827,2.384057,-45.728601,50.058853,-9.946161,-1.061609,-11.655274,-96.949413,-67.970470,63.605577,68.559875,3.532547,-1.327045,13.543626
88.000000,81.429410,185.554147,77.550179,9.453279,1.305100,-73.103940,12.832421,-9.292303,-13.555233,11.880201,13.862518,-15.000035,-20.984942,4.738087,-15.362511,7.488897,3.573390,2.997663,-22.694593,6.803912,8.299779,-32.801447,3.705418,-43.624012,50.089670,-9.237643,-1.256175,-11.461028,-97.374285,-71.491542,62.872458,68.795434,3.728195,-1.606023,12.381447
89.000000,81.729394,183.492303,78.081620,10.245286,0.390186,-73.578328,10.658371,-10.319851,-11.603583,15.618742,16.360407,-15.000035,-19.599989,4.288965,-13.463995,6.967727,2.610287,2.440154,-19.798516,7.328056,7.699562,-29.294152,6.499646,-40.393448,48.956149,-11.014296,-1.606891,-9.228610,-97.363226,-74.075171,62.027714,69.279428,4.139467,-1.709252,10.834651
90.000000,81.691194,181.416905,78.648961,10.410920,-1.159122,-73.929004,8.812781,-10.726944,-9.337063,19.072286,15.272716,-15.000035,-17.126674,3.511438,-12.060976,5.970079,1.920253,2.590490,-17.654781,6.554451,7.483358,-25.278962,10.489238,-36.907723,48.304887,-14.189974,-1.628129,-7.595043,-96.808185,-75.399626,61.442469,70.089537,4.810348,-1.463916,10.143236
91.000000,81.247628,179.374695,79.131478,10.564864,-2.785164,-74.705372,6.186079,-9.355460,-5.515831,22.645180,12.151005,-15.000035,-14.769060,3.016946,-10.738275,4.961788,1.523652,2.846527,-15.584552,5.143894,7.349909,-20.856765,15.535757,-33.024385,47.829889,-15.906727,-1.645263,-6.406918,-95.936653,-76.147354,60.566231,70.710613,5.097806,-1.313814,10.261478
92.000000,80.204523,177.246439,79.459071,10.432562,-4.446603,-75.817087,3.372023,-6.057955,-1.980393,26.224165,8.464954,-14.879630,-12.423963,2.975630,-9.563791,4.386108,0.865728,2.684672,-13.317340,3.399419,7.526838,-16.637943,20.512895,-29.526713,48.356271,-16.522801,-1.699653,-4.577208,-95.304266,-76.909754,59.946576,71.202946,5.305359,-1.357295,9.435362
93.000000,79.720199,175.351655,79.708928,9.951690,-6.525058,-76.731347,0.438412,-3.108825,3.492993,30.288286,3.667797,-10.166231,-9.879971,1.911099,-7.952370,4.009845,-0.115043,3.115501,-11.357276,1.316438,8.390067,-12.599355,24.894424,-26.266269,49.758160,-17.301368,-1.566633,-2.932895,-94.926222,-77.668178,59.491187,71.714650,5.728086,-1.398148,7.652249
94.000000,79.216897,173.557138,79.833329,9.228644,-8.413801,-78.179769,-2.858116,-0.350217,7.682567,34.089717,-1.886140,-5.666540,-7.266362,1.197850,-6.105859,3.732531,-1.150551,3.488619,-9.281732,-0.640386,9.794477,-8.434619,28.580915,-23.049827,51.785002,-17.962294,-1.462622,-1.437648,-94.898177,-78.188604,59.062155,72.315140,6.493395,-1.672992,6.265301
95.000000,78.730845,171.853924,79.814619,8.417678,-9.923594,-80.132712,-6.914986,1.345053,9.655488,36.537807,-7.407277,-1.886707,-4.685213,0.905444,-3.956507,3.229876,-2.182614,3.949703,-7.074541,-2.282181,11.457085,-4.016831,31.299762,-19.945826,54.177877,-18.519028,-1.361618,-0.463321,-95.187545,-78.546035,58.795313,72.858058,7.190927,-1.983095,5.379436
96.000000,78.248179,170.240831,79.630315,7.634850,-11.207092,-82.509883,-11.687407,1.534483,9.676891,36.684745,-11.829230,1.225517,-2.339420,0.757358,-1.817570,2.653850,-3.467207,4.378088,-4.599304,-3.749064,13.237896,0.498674,32.916970,-17.414734,56.591491,-19.281122,-1.176909,0.245186,-95.599371,-79.063087,59.082748,72.986397,7.885660,-1.662615,4.217096
97.000000,77.781826,168.669713,79.184484,6.832655,-11.875499,-85.779340,-16.492381,0.964916,8.707824,33.874904,-14.622593,2.656786,-0.337593,1.342891,0.526948,2.512420,-5.418948,4.143905,-1.473893,-4.764598,15.104965,5.144744,33.655200,-15.076731,58.960112,-20.269689,-1.041369,0.313482,-96.117393,-79.496647,59.398153,73.140555,8.345594,-1.561293,3.642873
98.000000,77.312124,166.996729,78.369200,5.878125,-11.840261,-90.044834,-20.255302,-0.047639,6.475190,27.356388,-15.982175,1.845327,1.571907,2.815602,3.172724,2.940113,-8.562215,2.992045,2.360159,-5.279447,16.977458,9.602595,33.722536,-13.076524,61.539253,-21.276951,-0.749139,-0.284170,-96.730129,-79.659267,59.768991,73.494789,8.731846,-1.471861,3.523292
99.000000,76.817566,164.962101,77.136391,4.570703,-11.309348,-95.178034,-22.291362,-1.347110,1.793252,18.384513,-16.204421,-1.037054,4.391174,4.707602,6.461776,3.251227,-12.940021,1.490523,6.758075,-5.485442,18.823064,13.812837,33.323506,-11.508451,64.324413,-21.965600,-0.310512,-1.225976,-97.302376,-79.402445,60.076343,73.928888,9.320240,-1.367279,3.522180
100.000000,76.123387,162.578154,75.602341,3.159361,-10.659100,-99.997198,-22.988019,-1.500371,-2.175794,11.282907,-15.433311,-4.463365,7.892160,6.328689,9.652077,3.711086,-18.476596,-0.637075,10.815044,-5.724846,20.336776,17.806387,32.735471,-10.190759,66.894982,-22.060611,0.359228,-2.787360,-97.802619,-78.898247,60.321697,74.358719,10.123874,-1.194255,3.785447
101.000000,75.125492,160.136437,74.117655,2.343307,-10.255755,-103.534558,-22.610300,0.201333,-1.754856,9.338836,-13.068826,-4.832735,10.554736,7.463927,11.746464,5.354183,-24.102614,-3.637926,13.580661,-6.217196,20.826007,21.676883,31.954880,-8.842602,68.682026,-21.765810,1.278787,-4.756220,-98.161279,-78.346778,60.654197,74.414016,10.652010,-1.052447,4.019891
102.000000,73.734474,157.976043,73.292530,2.013703,-10.536418,-106.679575,-21.166114,2.498616,0.445760,11.407321,-10.601587,-2.482349,10.589113,8.199692,13.504974,10.682506,-27.412578,-5.683459,15.513151,-7.617125,20.812621,24.788976,30.702424,-6.464246,70.013264,-21.605596,1.845045,-6.680541,-98.028815,-77.062074,60.634656,74.272317,11.618989,-1.078528,3.458974
103.000000,72.102487,156.295788,73.340225,2.622812,-11.402773,-109.097165,-20.158494,4.503372,3.472023,11.818706,-9.415791,-2.184317,6.568610,8.533497,12.082657,20.234468,-25.656258,-3.179943,16.301298,-10.163425,20.442640,25.752974,28.819112,-3.364868,71.046665,-23.130162,1.951277,-5.697335,-96.037507,-74.505288,58.675874,74.397931,13.321754,-1.153690,2.623890
104.000000,70.451331,154.768407,73.937619,3.788087,-11.192904,-111.054011,-17.711244,7.046225,5.337065,9.067228,-8.783268,-2.953947,0.539966,9.229155,7.571182,31.405825,-21.823156,1.676505,16.813759,-10.961895,19.811184,24.726192,27.078080,-2.100519,70.706262,-25.964083,1.931159,-4.073284,-94.150142,-72.037937,56.639504,74.864433,13.577829,-0.747100,4.272789
105.000000,68.794632,153.506207,74.842536,5.258430,-9.341310,-112.966067,-14.722970,11.177953,6.757163,5.401689,-7.053300,-4.824359,-7.274381,9.192986,0.276563,43.587501,-22.546234,3.128106,17.253987,-8.727911,18.999974,22.795797,25.816787,-2.979798,68.206085,-27.490197,1.564887,-3.465216,-94.034670,-69.964059,55.317559,75.332902,13.292357,-0.611352,4.660634
106.000000,67.269343,152.595532,75.738055,7.345167,-7.394934,-115.070482,-12.454906,15.729651,8.577912,1.655855,-4.001032,-7.939031,-16.678615,3.398104,-10.265500,55.379976,-25.409233,0.427465,17.859017,-4.916701,18.087564,20.376100,24.759065,-3.929827,63.706732,-28.003105,0.652999,-2.190896,-96.245343,-68.436023,55.388248,75.688509,12.736879,-1.234826,2.468793
107.000000,65.786487,151.823294,76.316524,9.358396,-6.114518,-116.907363,-10.925120,19.565475,11.417733,-0.798361,-1.225843,-11.372560,-25.250545,-6.908698,-19.469632,63.939108,-28.835645,-4.165491,17.957112,-0.816391,17.507418,18.380148,24.181300,-3.844466,58.126597,-28.698467,-0.482436,-0.915995,-100.334270,-66.918437,57.002426,76.018947,11.498430,-1.709163,1.273854
108.000000,64.154822,151.069999,76.389283,10.362606,-5.781718,-117.806305,-9.888509,21.827413,14.097224,-1.334687,0.011805,-13.833541,-32.208273,-18.379793,-25.219425,66.574749,-31.166665,-7.854223,16.805447,2.791180,17.655168,17.145882,24.556962,-3.972493,52.759018,-29.357283,-1.293474,-0.233509,-105.462198,-64.777009,58.801269,76.806249,10.852118,-1.693421,1.312269
109.000000,62.169135,150.307560,75.972122,9.848423,-5.754828,-117.467294,-8.779843,22.914429,14.927648,-0.227881,-0.501648,-14.878693,-36.774538,-27.352717,-28.154212,61.017953,-31.028791,-8.094590,14.920202,5.700317,18.703669,16.220320,26.115619,-4.808679,49.129134,-29.529353,-2.002484,0.311552,-109.798119,-63.014219,60.333417,77.524710,9.742227,-1.797357,1.141811
110.000000,59.851176,149.531400,75.254071,8.579865,-6.878445,-116.665782,-7.377431,22.179141,14.551641,0.555835,-0.774359,-15.000035,-39.088367,-34.314553,-31.761510,48.677276,-27.873409,-5.479116,13.110672,7.172318,20.116586,14.932991,27.546030,-5.207171,47.503358,-29.803647,-2.303505,1.684458,-113.805336,-61.554717,63.127989,78.040539,7.253477,-2.017683,0.438477
111.000000,57.095563,148.618865,74.235648,6.991386,-8.802980,-116.157888,-5.479317,20.637540,14.040414,1.022031,-0.796269,-15.000035,-39.243378,-39.276163,-37.362487,35.375493,-22.225255,-1.772844,11.781711,7.564352,21.128686,14.103878,28.668346,-5.354239,46.847021,-28.857853,-2.645980,3.294380,-116.709983,-59.855168,65.393256,78.605813,5.971359,-1.978317,0.345675
112.000000,53.860044,147.495580,73.143429,5.591399,-10.190545,-115.397273,-3.312732,20.111654,13.827819,1.408142,-0.590284,-15.000035,-37.783715,-41.960769,-40.582460,28.349059,-15.707982,0.946467,10.711133,7.654827,21.580461,14.286615,29.895349,-5.632547,46.237731,-27.112323,-2.962030,3.514120,-118.521554,-58.425554,66.747750,79.459231,5.377144,-1.796236,1.235147
113.000000,50.376844,146.489477,72.359991,4.896467,-11.241898,-114.426722,-1.987886,20.623809,14.100245,2.088705,1.056710,-15.000035,-37.016941,-44.403483,-40.764341,32.056656,-9.826810,0.281035,10.147132,7.290831,21.306143,15.097647,30.639962,-5.623270,46.088641,-26.600088,-3.023407,3.208616,-119.421609,-57.650512,67.684859,80.269736,4.018830,-2.087810,0.365536
114.000000,46.746024,145.786452,71.993804,4.631394,-12.469479,-113.766943,-1.617747,21.539345,13.617270,3.042482,4.527532,-15.000035,-38.615868,-46.971809,-39.165828,38.851786,-7.806788,-1.009356,9.952197,6.602816,20.781260,15.893340,29.893248,-5.527834,46.962581,-27.185232,-2.435633,3.474324,-119.660666,-57.194157,68.010345,80.489640,2.993264,-2.503373,-0.822770
115.000000,43.072417,145.383751,72.118109,4.495368,-13.703543,-113.690604,-1.635299,22.783471,13.079510,4.092019,9.351093,-15.000035,-39.399875,-47.458364,-38.038228,43.576323,-11.290975,-3.110317,9.811866,5.756576,20.479550,16.612748,28.038685,-6.297213,48.168741,-27.439986,-1.291407,2.623062,-119.435980,-56.711037,67.871440,80.160432,2.994450,-2.673815,-1.159091
116.000000,39.377639,145.108664,72.640508,4.636273,-14.588826,-114.078120,-1.847876,24.536935,13.649547,4.900642,14.437133,-15.000035,-38.781835,-45.816236,-37.899456,45.530499,-14.572200,-5.048706,9.894856,5.197382,20.099012,17.291056,25.690254,-7.706990,49.565180,-26.737231,-0.211179,-0.188784,-118.867613,-56.187172,67.949331,79.365910,3.451079,-2.695795,-1.430323
117.000000,36.058259,144.884038,73.516995,4.923891,-15.386588,-114.635394,-2.341727,25.736448,15.913330,4.927545,15.803294,-15.000035,-36.845537,-43.188659,-39.036218,44.401301,-16.319692,-5.644073,10.100797,4.917053,19.705775,17.957715,22.906259,-9.056763,50.890572,-25.838204,0.626184,-3.052069,-118.345868,-55.827692,68.166333,78.341020,3.588451,-2.572423,-1.236190
118.000000,33.190042,144.737530,74.675566,5.037818,-16.305593,-115.403825,-3.024053,26.184918,18.988141,5.215691,13.144570,-14.661563,-34.419294,-40.032661,-39.867462,40.933792,-16.629374,-4.948834,10.508764,4.632122,19.567840,18.606892,20.310247,-10.350509,51.981640,-24.623648,1.031021,-4.917619,-117.994510,-55.591664,68.409105,77.424818,3.970041,-2.308699,-0.547962
119.000000,30.528739,144.651902,76.011157,4.763859,-17.400795,-116.851137,-3.552877,26.026330,20.727174,7.116344,9.969464,-12.991359,-31.862515,-36.470604,-39.952987,35.945086,-15.794070,-3.694236,11.391159,3.980151,19.979741,19.343227,18.263227,-11.323489,52.696590,-24.138087,1.145515,-6.438024,-117.901441,-55.350808,68.930044,76.739231,4.385984,-1.958645,0.063095
120.000000,27.846262,144.572413,77.365267,3.873522,-18.636119,-118.908034,-4.082003,25.047977,20.125420,11.344068,6.132342,-10.831567,-28.866814,-32.878085,-39.299064,29.989052,-14.493538,-2.317187,12.403449,2.663502,21.114949,20.104390,17.276642,-12.424187,52.995363,-24.647959,1.435300,-8.359414,-117.917178,-54.944938,69.864277,76.064286,5.025715,-1.460061,0.214587
121.000000,25.100964,144.487703,78.612560,2.196945,-19.826569,-121.646348,-5.132246,22.789607,17.314658,18.066590,0.754938,-9.359015,-25.124187,-29.378054,-38.197553,23.396874,-13.301078,-1.157366,13.520644,0.838515,22.999822,20.720917,17.224154,-13.541919,53.307236,-25.272808,1.852334,-10.367318,-117.879503,-54.393731,70.613159,75.114309,6.356722,-0.821278,0.259398
122.000000,22.355384,144.431376,79.617411,-0.126314,-20.716666,-125.057648,-7.397742,19.605068,13.641711,27.597709,-5.818920,-7.936204,-20.989289,-26.176966,-36.651690,17.023668,-12.082639,-0.183148,14.997635,-1.351188,25.594013,20.943027,17.809559,-14.276885,54.075772,-25.943316,1.978398,-10.642641,-117.638889,-53.864330,70.735201,73.859651,7.858390,-0.129426,-0.395718
123.000000,19.713721,144.314623,80.297232,-2.369457,-21.186747,-128.568722,-10.832683,15.566401,10.347881,37.500956,-11.947220,-6.351288,-17.239228,-23.412616,-34.298434,11.977931,-11.127165,0.893230,16.587147,-3.424479,27.910779,21.279806,18.583586,-14.863960,55.164351,-25.629467,1.597486,-8.817852,-116.951553,-53.126871,70.672022,72.620709,8.841475,0.383968,-1.277588
124.000000,17.265250,144.110525,80.628276,-3.475243,-21.334893,-131.830768,-15.976354,11.331242,7.982055,45.840944,-16.409167,-5.358638,-14.379466,-20.338352,-32.258806,7.644910,-10.120274,1.929350,18.316322,-4.760322,28.394444,22.440846,19.250162,-15.346426,56.621196,-24.608671,0.971543,-7.081135,-115.164776,-51.993510,70.509081,71.397839,9.294115,0.695784,-1.681824
125.000000,14.932105,143.843508,80.673075,-4.327918,-20.981433,-135.292446,-20.957652,6.773493,6.862885,49.989512,-19.083327,-4.636395,-11.786916,-17.243767,-30.242582,4.470081,-9.509409,2.903843,20.317386,-5.385104,28.706032,23.708070,19.565637,-15.729432,57.913167,-23.915414,0.620206,-6.043085,-113.373825,-50.812605,70.070965,69.881209,9.274570,0.744346,-2.109015
126.000000,12.706108,143.536377,80.479157,-4.677372,-20.053457,-139.111388,-25.610052,3.261414,7.403753,49.712774,-20.548291,-3.118427,-9.665384,-13.806649,-28.000229,2.555893,-9.328788,3.499743,22.782274,-5.310464,28.902786,24.612440,19.661376,-15.821974,59.038878,-23.527273,0.654390,-6.080731,-111.186949,-49.641449,68.482578,67.847534,8.988016,0.547543,-2.985390
127.000000,10.528866,143.091798,80.098146,-4.614866,-18.380081,-143.162910,-28.918953,0.999678,9.545344,44.822085,-21.175967,-1.096568,-7.237607,-9.927973,-25.777163,1.340208,-9.588391,3.730865,25.266326,-4.512413,28.973973,25.152604,19.438566,-15.445578,60.225097,-23.504493,0.946004,-7.075129,-108.116137,-47.978230,65.441402,65.403071,8.780261,0.414702,-4.412045
128.000000,8.273242,142.479873,79.504490,-4.023979,-15.990952,-147.450407,-30.386043,-0.310356,12.894934,35.722118,-20.902797,0.656213,-4.074110,-5.459536,-23.366890,0.209337,-10.156338,3.539999,27.563292,-3.165572,28.920735,25.217233,18.938614,-14.550261,61.485233,-23.574973,1.245151,-8.180750,-104.104753,-45.704604,61.221383,62.301215,8.708032,-0.028391,-5.742158
129.000000,5.756492,141.739047,78.621817,-2.780702,-12.931684,-152.102158,-29.990425,-0.873669,17.416873,23.893938,-20.207029,0.580867,0.056966,-0.412089,-20.538990,-0.881911,-11.272897,3.210113,29.733501,-1.395710,28.735927,24.845201,18.388398,-13.178287,62.527711,-23.202332,1.199036,-8.705460,-99.230013,-42.768179,56.439117,58.496049,7.819973,-0.775309,-6.834927
130.000000,2.922852,140.964735,77.484077,-1.107746,-9.496949,-156.574691,-28.326043,-0.707307,23.652127,13.254224,-19.933321,-1.084870,5.074920,4.574348,-17.264150,-1.589753,-12.839053,2.911060,31.190486,0.457353,28.434692,24.145518,17.950644,-11.555983,63.309187,-22.347165,0.771297,-9.131266,-93.247956,-39.238737,50.992789,53.929169,6.395846,-1.825700,-7.652943
131.000000,-0.928216,139.944589,76.284003,-1.852959,-5.840831,-163.261892,-22.515739,-1.125938,34.801371,5.864679,-21.456553,-3.141026,12.168979,6.248214,-12.172182,-0.524863,-17.044918,2.551963,33.480020,0.728899,26.958927,27.682651,17.564851,-10.678005,64.076866,-20.274134,-0.310895,-10.004738,-84.842226,-34.567164,46.148641,49.067317,5.168590,-2.806695,-8.171618
132.000000,-4.331886,139.259338,75.071859,-0.471345,-4.077643,-167.822132,-20.392505,-0.762846,38.445677,3.519830,-22.068261,-3.593095,16.501935,8.258580,-8.201328,-0.047800,-19.152095,2.318567,33.806790,0.339440,24.465181,28.127358,17.869544,-9.760412,64.564685,-18.968777,-0.859481,-10.668388,-77.103724,-29.871245,43.291962,45.230722,3.222808,-3.770435,-7.859818
133.000000,-7.824790,138.594699,73.952532,0.874138,-4.005627,-172.104880,-19.294511,-0.577521,35.297147,2.644736,-20.421345,-1.801145,19.253856,9.080810,-3.453895,0.488690,-20.734240,2.782441,33.462695,-1.945068,20.529494,26.751846,18.793914,-6.734173,67.207415,-18.239829,-0.363283,-10.884594,-67.725567,-25.608123,40.635869,40.509811,-1.964963,-4.357002,-6.029405
134.000000,-10.281917,138.204610,73.746067,1.625915,-5.749090,-171.933268,-21.521656,-0.019574,30.292476,5.228448,-13.474165,2.726486,18.046196,9.203700,-1.961977,2.470224,-19.708772,3.136461,29.800044,-6.048271,18.812361,20.374352,21.127841,-3.259389,69.815380,-19.455294,0.637114,-8.229009,-59.968214,-22.622208,39.085027,37.394493,-5.630341,-4.999913,-3.813611
135.000000,-13.236406,137.639689,74.153972,0.302851,-7.123469,-172.798438,-20.964065,-1.018335,30.152577,6.450270,-11.521370,3.173208,16.984876,7.072071,-0.977945,6.243737,-16.993389,5.093451,26.817918,-10.773685,16.729032,15.042315,24.125843,-0.297554,72.599228,-21.013504,1.096009,-3.639818,-49.980299,-19.830117,38.505724,36.781504,-8.329773,-5.213724,-2.794101
136.000000,-15.847048,136.827970,74.802667,0.601631,-8.284258,-172.130565,-18.969339,-2.449588,29.093860,3.766493,-10.813116,4.802134,15.442513,6.697187,-1.524663,9.787771,-11.428956,7.759985,23.550024,-12.712675,13.322418,8.436423,27.822630,1.985766,73.736646,-21.021712,1.240524,1.139338,-37.901532,-17.891957,38.361973,40.387322,-9.327358,-4.706716,-3.199423
137.000000,-18.390206,135.776150,75.538993,1.538278,-9.200383,-171.584518,-16.373505,-3.321831,27.984076,0.260922,-10.135640,5.017024,13.783699,7.023591,-0.819532,13.043924,-4.962447,10.968710,20.968997,-12.696762,9.345277,1.829588,30.656573,3.701232,71.793764,-20.888558,0.693754,4.241482,-25.714573,-17.076385,37.746743,47.286414,-8.392189,-3.364815,-2.678164
138.000000,-21.118969,134.877336,76.099360,2.291505,-10.166688,-171.359489,-13.910707,-3.781937,26.836749,-2.487211,-9.643226,4.011480,12.255540,7.443122,1.032465,16.171441,1.015980,14.119205,18.572319,-12.286014,5.110771,-3.132266,32.515983,4.461164,66.512218,-22.268293,-0.531651,4.311128,-14.758966,-17.831249,35.093027,54.758579,-6.996036,-2.059182,0.388665
139.000000,-23.887959,134.444380,76.304060,3.353042,-11.231069,-171.304579,-12.060822,-3.348227,25.841973,-4.237285,-10.013961,4.355075,10.341528,8.548006,1.637782,20.052899,5.162680,15.000029,15.900122,-11.353004,0.596766,-7.292365,34.399797,3.679506,60.329347,-24.490253,-1.980908,2.739175,-5.953518,-20.463588,31.502882,61.733087,-5.435025,-1.363743,4.421070
140.000000,-26.406911,133.720481,76.337498,4.779034,-11.904580,-170.622483,-10.927655,-2.694228,24.394156,-4.496624,-11.470347,5.790849,7.808225,8.706252,0.659659,25.430939,5.272149,15.000035,12.621954,-9.534654,-3.031113,-11.918058,36.653469,1.385222,54.393079,-27.053345,-2.930327,3.080566,0.496980,-24.748586,26.591456,68.132790,-4.139845,-1.330324,7.385822
141.000000,-28.737229,132.575572,76.343703,5.952177,-10.991694,-169.417899,-8.350935,-2.308715,22.380267,-4.137555,-13.641696,6.405084,6.134142,7.767881,0.354069,31.747556,2.546848,15.000035,8.395926,-7.059525,-4.146322,-16.906567,39.374719,-0.859554,50.026785,-28.171679,-3.951417,4.961207,4.590266,-29.706962,20.614908,73.266531,-3.453998,-1.296156,7.732236
142.000000,-30.988055,130.997813,76.355338,7.030772,-9.788283,-168.449376,-4.859498,-2.250226,20.589139,-4.857787,-15.208545,6.444197,3.557423,5.764200,0.867665,38.776924,-0.411765,15.000035,4.184462,-4.347676,-4.573665,-21.481505,41.985531,-2.730823,47.369677,-27.964838,-4.784673,7.075897,7.737079,-34.859073,13.935674,76.330171,-1.127574,-1.365726,5.731638
143.000000,-33.007023,129.337716,76.416969,8.301370,-8.831422,-167.765445,-2.177206,-1.868152,19.274159,-4.921333,-16.488949,6.402506,-1.061660,2.698575,-0.094186,45.893513,-3.919942,12.568386,0.446846,-1.361346,-4.749030,-25.704181,43.681727,-4.001356,45.898680,-27.510853,-5.020886,8.386630,10.777823,-39.399280,7.233492,76.804999,3.594360,-1.467819,2.925147
144.000000,-34.663096,128.169096,76.595467,9.733705,-7.902670,-166.781376,-0.075623,-0.871306,17.846545,-4.949254,-16.829188,5.792143,-7.549764,-0.076555,-2.974464,51.872394,-8.314832,6.630189,-3.116689,1.536900,-3.705335,-30.171128,44.613894,-5.103007,44.929264,-27.672069,-4.650655,8.479730,13.478751,-42.542786,1.305408,75.420902,10.197596,-1.650103,1.832914
145.000000,-35.947683,127.216709,76.810998,10.863985,-6.996960,-165.475437,1.595529,0.017062,15.874637,-4.944432,-16.562406,4.904911,-15.188749,-2.127913,-5.670833,54.973208,-12.210063,0.986099,-6.728710,3.905822,-1.316805,-34.446628,44.716272,-5.798860,43.720010,-28.665580,-4.442144,8.223267,15.136635,-44.128759,-2.568984,73.457298,16.211727,-1.851309,1.392479
146.000000,-37.145287,126.442230,76.955694,11.331160,-5.945394,-164.095251,3.460695,0.495384,13.821525,-4.904787,-16.373456,3.773502,-22.284930,-2.709453,-7.800564,52.899586,-14.517144,-2.290325,-10.393029,5.464520,1.965361,-37.430939,44.220270,-6.410497,41.813390,-29.841704,-4.929313,8.371533,15.745939,-44.440120,-3.773632,71.579460,19.436330,-2.157482,0.244410
147.000000,-38.364336,125.726414,76.876688,10.535938,-4.782996,-161.660603,5.627171,-0.461192,11.581082,-4.655139,-16.404274,3.042423,-27.370965,-2.611049,-9.124691,44.348695,-13.689992,-1.448102,-14.642916,5.789733,6.234308,-40.095437,43.048736,-7.488665,39.521657,-30.523432,-5.781385,9.215879,15.601549,-43.900109,-3.917218,69.436290,20.445104,-2.325391,-0.907521
148.000000,-39.859140,124.889505,76.388764,8.609681,-3.395505,-157.744928,8.249563,-2.567760,9.110049,-3.364295,-17.583033,2.478454,-29.543881,-2.233238,-8.047039,30.188268,-10.667436,3.181300,-19.563253,5.014030,10.454332,-42.038687,40.952223,-9.635589,37.138522,-30.242957,-6.750901,10.384662,15.061003,-42.579830,-3.797685,67.610697,20.304337,-2.095091,-1.146017
149.000000,-41.848156,123.660469,75.495791,6.189809,-2.162078,-153.643668,11.675027,-4.970717,6.191269,-1.883416,-19.813983,2.403879,-30.115653,-2.668982,-4.513897,17.897590,-6.730901,8.919752,-23.873844,3.809376,13.290977,-42.706468,37.791273,-12.229072,34.645735,-29.268785,-7.261116,10.918083,14.604930,-40.885618,-3.830785,66.256230,19.550792,-1.443894,-0.471002
150.000000,-44.281530,122.043025,74.383307,4.276667,-1.353994,-151.274935,15.184248,-6.719928,3.881981,-0.122215,-23.158989,2.972405,-29.343657,-4.950299,-5.607117,13.436621,-2.813146,11.139571,-25.687717,3.206663,13.931077,-41.826583,33.956139,-14.116767,32.750702,-27.845850,-6.694514,8.175081,14.981156,-39.319381,-3.706667,65.576353,18.364639,-1.016597,0.536067
151.000000,-46.700382,120.307136,73.467118,3.384088,-0.422014,-148.902937,17.835813,-7.118093,1.649722,2.919669,-26.393774,4.103245,-26.802625,-6.861887,-6.236947,14.298331,0.053661,8.343442,-26.302891,3.708918,13.464043,-39.403259,29.399921,-14.958930,31.534471,-25.331958,-5.082466,1.624900,15.950809,-37.470223,-3.588480,65.509956,16.934814,-0.661492,1.433636
152.000000,-48.658165,118.622077,73.426527,3.549762,0.592351,-148.047260,18.286225,-6.414838,1.805962,8.435609,-26.852465,3.976166,-25.929649,-7.084510,-5.981694,18.587632,-0.905557,5.390490,-25.529314,5.903257,12.763979,-34.562034,23.749471,-13.789954,32.485934,-22.693129,-3.255498,-4.685621,15.344887,-36.048154,-2.530119,66.994300,15.533203,-0.280449,0.862974
153.000000,-50.272620,116.994691,74.207234,3.390155,0.866415,-147.263537,16.162261,-6.134805,2.031809,16.182325,-22.853036,0.515914,-22.970522,-7.746100,-6.258829,17.753263,-2.053890,4.441411,-25.202189,7.773513,11.845921,-28.940283,18.214180,-13.975381,37.152052,-21.319828,-2.766747,-4.509432,12.260357,-34.845965,-0.582089,68.961722,14.090348,0.458755,0.131582
154.000000,-51.502365,115.439010,75.365460,2.112598,0.202968,-146.702985,12.323641,-7.060711,1.449299,23.755652,-20.706149,-1.681636,-19.577626,-9.711016,-5.654999,14.708191,-1.717137,4.649093,-23.813354,7.787681,10.310367,-24.421630,14.564777,-15.851401,44.551688,-18.661844,-1.838034,-4.036611,9.408289,-32.904330,1.260885,67.953743,13.705326,1.195153,1.031137
155.000000,-52.414799,113.957942,76.488107,0.439743,-0.578916,-145.506045,8.297794,-5.355549,4.510432,29.404832,-22.814363,-2.274721,-15.899027,-12.626237,-6.023470,11.191364,-0.617213,6.414748,-22.285994,6.557371,8.839049,-20.995766,13.710149,-17.316049,51.833192,-15.697918,0.401199,-8.809855,7.197679,-30.854840,2.844272,64.148030,13.917101,1.463841,3.367468
156.000000,-53.117818,112.553000,77.226651,-0.925972,-1.343259,-144.152823,4.540676,-0.274045,10.134247,32.481299,-25.777160,-1.269853,-12.583861,-15.436890,-7.287455,7.960024,0.244369,8.300433,-20.949211,4.753884,7.284055,-18.302967,15.191041,-17.286468,58.652337,-13.972422,1.694654,-13.007004,4.816436,-29.180682,4.781713,59.877926,13.604986,1.299290,3.625769
157.000000,-53.679752,111.156511,77.543187,-2.035092,-1.860231,-142.659036,1.944330,6.140143,16.059149,31.673660,-27.704593,2.100445,-9.807668,-17.975622,-8.749558,6.173370,-0.351922,9.259290,-19.388028,2.817717,5.990253,-16.139971,17.573950,-16.850217,63.501737,-15.600656,1.334605,-8.777531,2.164355,-28.096927,6.067840,56.905342,12.708103,0.124963,2.804087
158.000000,-53.951484,109.685254,77.409488,-2.124656,-2.090752,-141.478332,0.403987,12.807615,23.195061,26.687738,-28.481009,3.985155,-7.816953,-19.519197,-10.317866,4.774072,-1.047526,10.003315,-17.486893,1.709639,4.855926,-14.894944,20.401666,-14.794917,67.026047,-16.853208,0.306478,-4.703152,-0.486390,-27.375917,6.896691,54.271522,12.589426,-0.608135,0.064424
159.000000,-54.044288,107.927537,76.903492,-1.508872,-1.555195,-141.344240,0.336570,17.150646,28.312485,18.907405,-27.073859,3.142591,-6.508802,-19.867830,-10.850258,4.426484,-2.314384,10.331849,-15.355683,1.688494,3.948279,-13.518907,23.307459,-12.442949,68.486976,-17.673210,-0.648227,-1.366713,-3.170444,-27.556979,7.772007,51.941253,12.505474,-1.076947,-1.952914
160.000000,-54.097265,105.947721,76.315165,-0.820455,-0.625962,-142.231555,1.050132,18.662543,28.786054,15.187269,-23.782171,1.690203,-5.901796,-19.756481,-9.777293,5.269535,-3.816878,10.113711,-13.673070,2.299263,3.088667,-12.072340,25.847522,-10.656024,69.019526,-18.289974,-1.008093,1.187192,-6.168323,-29.124261,9.387169,49.641699,11.689907,-1.190833,-2.607178
161.000000,-54.193306,103.870177,76.072508,-0.586929,-0.023790,-143.074432,2.864973,18.495541,30.170356,15.789833,-23.549307,2.844036,-5.374723,-20.296051,-8.616357,6.370317,-4.658284,10.064397,-13.182275,2.735532,2.027767,-10.816224,27.537808,-8.756546,69.555573,-18.610022,-0.872883,2.116876,-9.203571,-31.250342,10.947285,47.585108,9.405805,-1.300539,-2.202837
162.000000,-54.374605,101.740479,76.065284,-0.275280,0.341908,-143.597396,5.192095,17.473772,31.288591,14.377135,-24.225556,3.449881,-4.505452,-20.926928,-8.800146,6.861006,-4.616602,10.021762,-13.431425,3.090050,0.012315,-9.366817,28.631987,-7.643703,69.929717,-19.010740,-0.717692,1.887864,-10.680240,-32.847814,11.990706,45.954599,6.638725,-1.753735,-1.836440
163.000000,-54.620880,99.710965,76.144856,0.241508,0.395626,-143.958175,6.983616,16.453958,31.990188,12.783911,-24.394246,2.208554,-3.757360,-21.683837,-10.728806,7.075133,-3.894478,9.812075,-13.903186,3.494376,-2.604115,-7.844415,29.564235,-6.777945,69.320505,-19.882401,-0.659553,0.646214,-10.726097,-33.784595,12.285084,44.347872,4.614778,-2.056652,-1.107644
164.000000,-54.995209,97.707474,76.213431,0.941415,0.250829,-143.906675,8.639483,15.451799,32.825537,10.717217,-24.286722,0.715981,-3.014615,-22.647630,-14.865526,7.387111,-2.534098,10.038951,-14.329805,3.868948,-5.359382,-6.884828,30.679594,-5.781086,67.701265,-20.560307,-0.653460,-1.954735,-9.185599,-34.075821,11.148246,42.492045,3.862149,-2.366707,0.740372
165.000000,-55.391735,95.765841,76.255929,1.722769,0.126099,-143.494513,10.205266,14.397223,33.441603,8.348913,-24.201025,-0.012075,-2.125465,-23.422599,-18.800533,7.622999,-1.147111,9.990959,-14.560107,4.213638,-7.599694,-6.882219,31.884508,-4.856524,65.477533,-20.667516,-0.773499,-4.211166,-6.496273,-34.254235,9.623955,40.603518,3.949765,-2.723716,2.609472
166.000000,-55.680299,94.004464,76.224637,2.470243,0.084852,-142.935037,11.343168,13.535040,33.377468,6.532742,-24.288644,-0.333047,-1.398126,-23.992443,-20.880208,7.957121,-0.251370,9.557279,-14.546138,4.413389,-9.020768,-8.013615,33.043844,-4.498349,63.012545,-20.283372,-1.123530,-4.803467,-3.614166,-34.734596,9.058205,39.589894,3.853633,-2.870671,3.869770
167.000000,-55.816442,92.434388,76.118547,3.111739,0.088463,-142.340570,12.297251,12.693506,32.855775,4.782320,-24.385814,-0.437065,-1.132382,-24.666653,-21.268458,8.693305,0.377327,9.007413,-14.495477,4.450689,-9.837072,-9.829454,34.166758,-4.751010,60.248805,-19.646040,-1.345161,-5.074336,-1.281655,-35.423376,9.076864,40.385181,2.231085,-2.599447,6.049529
168.000000,-55.946136,90.978438,75.948173,3.712318,0.104531,-141.783797,13.395284,11.852867,32.755279,2.868002,-24.553919,-0.670169,-1.417838,-25.432725,-20.508162,10.409258,0.622790,8.321240,-14.833977,4.512420,-10.532342,-11.729861,35.260476,-5.135124,57.953178,-19.631929,-1.332317,-6.096413,-0.090153,-35.728685,9.513190,43.566929,0.101126,-1.961567,9.233412
169.000000,-56.011218,89.597958,75.766152,4.301270,0.079415,-141.218580,14.488602,10.972772,32.797100,0.769792,-24.437664,-1.179731,-2.481246,-26.368621,-19.322026,13.226316,0.997575,7.398608,-15.583563,4.708746,-10.847891,-13.909292,36.421089,-6.003466,56.101115,-20.400134,-1.133630,-7.404889,0.160622,-35.691324,9.635135,48.496136,-0.806279,-1.084467,12.387514
170.000000,-56.023395,88.252753,75.638545,4.941354,0.122028,-140.528393,15.390250,10.286057,32.444799,-1.082101,-24.194912,-1.664442,-3.970088,-27.519502,-19.386223,17.047640,1.965347,6.198508,-16.706759,5.099242,-10.726381,-16.524113,37.947168,-7.598675,54.590038,-21.101410,-1.007253,-8.687260,-0.052417,-35.581952,9.186554,54.350414,-0.172392,-0.133724,14.443060
171.000000,-55.990922,86.928886,75.655890,5.685049,0.356774,-139.813573,15.996190,10.005277,31.738615,-2.268291,-23.886403,-1.666462,-5.758680,-29.029079,-21.808364,22.007672,3.382452,4.154650,-17.954067,5.699467,-10.133440,-19.500953,39.570458,-9.389891,53.223699,-21.563242,-1.062835,-9.220437,-0.150686,-35.548785,8.051845,59.989517,1.147259,0.488202,14.956303
172.000000,-56.017333,85.692567,75.846529,6.525872,0.765024,-139.096349,16.412728,10.190467,30.973361,-2.992367,-23.223097,-1.857319,-8.065332,-30.079453,-25.106894,27.927800,3.062541,1.487417,-19.338012,6.470135,-8.950687,-22.605184,41.225591,-10.811177,51.844513,-22.096545,-1.211487,-9.055688,-0.004299,-35.809295,6.574362,64.492845,2.195105,0.718697,14.764292
173.000000,-56.212407,84.741944,76.114875,7.224045,0.691260,-138.204372,16.355308,10.249294,29.823102,-3.615406,-22.111972,-2.456757,-11.999025,-29.441537,-26.612495,34.073293,-0.719517,0.331035,-21.024130,6.936415,-7.663325,-25.768437,43.012362,-11.527250,50.516789,-22.843194,-1.101663,-9.126156,0.150733,-36.519932,4.989046,67.615239,2.685090,0.672894,15.414243
174.000000,-56.678122,83.999974,76.426893,7.869192,0.341092,-137.700302,15.997818,10.485074,29.016812,-3.554026,-21.113894,-3.557628,-15.978275,-27.342784,-29.748172,37.749523,-5.488922,-0.440002,-22.789109,7.243304,-6.751887,-27.972288,45.071401,-11.547712,49.199649,-23.556827,-0.904051,-9.810825,0.886287,-37.494812,3.375388,69.168588,2.970329,0.806697,16.813491
175.000000,-57.262379,83.399832,76.659143,8.155300,-0.491555,-137.341169,15.441461,10.206588,28.383541,-3.297840,-20.027593,-4.797899,-19.783095,-25.141650,-34.244185,38.519234,-10.664573,-0.941590,-24.781613,7.088029,-5.813985,-30.091232,47.519870,-11.631326,48.046406,-24.180273,-0.765554,-10.283936,1.464927,-38.768591,1.793917,69.862535,3.748534,0.830999,17.898646
176.000000,-58.008438,82.850546,76.710469,7.972118,-1.420005,-136.512225,15.167250,9.551698,27.357749,-3.135575,-19.142580,-6.034758,-22.866141,-22.414941,-38.064863,35.948949,-14.214457,-0.926203,-27.319637,6.440032,-4.769254,-32.324096,50.065591,-12.153117,47.236957,-24.818544,-0.883531,-9.786466,2.047980,-40.254020,0.547338,69.968328,5.010626,0.765128,18.034606
177.000000,-58.911532,82.208735,76.516497,7.286368,-2.156564,-135.145758,15.548504,8.652764,26.002021,-3.085492,-18.641557,-6.948956,-24.966771,-20.076655,-40.581286,31.702586,-15.331287,-0.784504,-30.304627,5.289389,-3.445844,-35.004388,52.404456,-13.074410,46.844928,-25.485324,-1.262147,-8.149273,2.576517,-41.787770,-0.856145,69.947141,6.658857,0.716678,17.618751
178.000000,-60.006553,81.372732,76.056141,6.197597,-2.625617,-132.784157,16.664348,7.708376,24.308189,-3.228618,-18.582669,-7.793428,-25.935174,-18.618962,-40.724060,27.201636,-15.481619,-0.162954,-33.810157,3.757201,-2.084308,-38.316272,53.954652,-14.329947,46.937463,-26.497796,-1.826577,-5.205853,3.191849,-43.377934,-2.632297,70.290535,8.725555,0.777301,16.523250
179.000000,-61.295396,80.196309,75.375676,4.935117,-2.961537,-129.743881,18.449369,6.804090,22.583276,-3.584917,-18.977582,-8.176442,-25.667390,-18.464614,-38.609014,24.394739,-14.859920,0.255894,-37.238075,2.130803,-1.166886,-42.205716,54.209880,-15.785141,47.618873,-27.532259,-2.327498,-1.792937,4.035801,-45.120414,-4.865682,71.279021,10.624996,0.899435,15.262327
180.000000,-62.696302,78.714764,74.751973,4.210984,-2.981296,-126.849771,20.301496,6.712403,21.239235,-3.745023,-19.669726,-8.165199,-25.128566,-19.568758,-35.687510,26.654613,-14.715250,-0.698940,-39.577343,1.102649,-0.637140,-46.351443,52.979527,-16.919755,48.707387,-28.129574,-2.529177,0.943098,5.168488,-46.856621,-7.854969,72.988474,11.871028,0.954667,13.910724
181.000000,-64.115226,77.208835,74.479187,4.262061,-2.564131,-124.698478,21.569324,7.810152,20.188955,-3.331434,-19.641104,-8.678987,-24.792854,-21.200111,-35.155335,30.801288,-14.785300,-1.867549,-40.413642,1.190888,0.140149,-49.630917,50.290000,-16.940642,49.154672,-27.981869,-2.715285,2.129706,6.305738,-48.284615,-11.216800,75.054749,12.718460,0.791537,11.637328
182.000000,-65.615481,75.821632,74.571735,4.746626,-2.525953,-123.428883,21.889947,8.978471,19.688271,-2.300833,-18.324037,-9.648511,-23.600966,-21.677067,-35.978701,32.151357,-15.545060,-2.490399,-39.942099,2.047682,0.583824,-50.485425,46.984916,-16.166011,47.720988,-27.962432,-3.118236,2.038116,7.117317,-49.346047,-14.340233,76.738494,13.283701,0.472982,8.897392
183.000000,-67.145377,74.509877,75.015199,5.320822,-3.009702,-122.753392,21.362182,9.675800,19.854798,-0.505039,-16.190311,-9.920543,-22.130467,-21.382969,-36.564359,31.562861,-16.782039,-3.193938,-38.791014,3.141814,0.327324,-48.827247,44.442576,-16.502446,44.646529,-27.887521,-3.377802,0.125329,7.516736,-50.086949,-16.713639,77.628645,14.337901,0.335795,7.520740
184.000000,-68.552566,73.247379,75.692171,5.999920,-3.589099,-122.532981,20.270946,10.273110,20.540489,2.066533,-13.634401,-9.670824,-20.727001,-20.451559,-36.636359,29.713164,-16.886704,-3.707881,-37.356907,4.379556,-0.052832,-45.814156,43.326270,-17.541504,41.266736,-27.074289,-3.079172,-4.150177,7.372888,-50.452463,-17.734533,77.432489,15.951449,0.439112,8.259695
185.000000,-69.725615,71.970236,76.400644,6.407525,-4.058842,-122.563373,19.110538,10.782705,21.240066,5.497854,-11.168418,-9.105501,-19.041995,-19.509404,-36.454834,27.291349,-16.225801,-3.794358,-35.854262,5.308340,0.072038,-42.695482,43.132409,-18.124868,38.941193,-26.376601,-2.343594,-8.500030,6.632322,-50.552074,-17.396417,76.040762,17.087506,0.687714,10.477017
186.000000,-70.726281,70.689327,77.024299,6.234641,-4.600600,-123.005301,17.693175,11.028922,21.335042,10.421717,-9.066129,-7.989230,-17.227805,-19.063748,-35.863940,25.087865,-15.574334,-3.755014,-34.014421,5.533088,0.771619,-40.149727,43.376742,-17.983856,38.221172,-26.396086,-1.885714,-10.296088,5.366304,-50.695508,-15.966733,73.724782,17.094828,0.765115,12.325128
187.000000,-71.555448,69.412702,77.557671,5.406629,-5.302263,-124.085227,15.339068,10.872330,20.295043,17.612176,-7.622516,-5.676918,-15.429350,-19.204443,-34.674524,23.247268,-15.162812,-3.815403,-31.435416,5.014467,2.006680,-38.584101,43.803663,-17.392812,39.009485,-27.075370,-1.693492,-9.298767,3.697618,-51.127128,-13.662526,70.822607,16.282951,0.645019,12.882523
188.000000,-72.145265,68.159360,78.013837,4.136805,-6.178103,-125.719697,10.942124,10.180286,18.089433,27.172077,-8.684089,-2.204513,-14.010285,-20.024431,-32.873858,21.927098,-14.791577,-3.621983,-28.178970,3.967163,3.793466,-38.316654,44.413390,-16.635974,41.104099,-27.532387,-1.756827,-6.835062,1.400329,-52.028071,-10.881839,67.670352,14.772644,0.521457,11.747164
189.000000,-72.499245,66.948956,78.370202,2.886742,-6.954411,-126.845619,5.385774,10.512121,18.118173,35.515911,-13.189462,0.409876,-12.648427,-21.293072,-31.598767,20.890125,-14.464507,-2.813819,-24.954410,2.877540,5.729450,-38.693216,44.771494,-16.128331,43.766865,-27.430228,-1.802197,-4.165486,-0.718954,-53.321856,-8.453737,64.666230,12.751629,0.108473,9.123013
190.000000,-72.658944,65.763593,78.697801,2.023350,-7.436800,-127.357699,-0.193005,13.051437,21.496456,39.729496,-17.820927,3.630070,-11.144785,-22.331964,-31.003998,19.494813,-13.852909,-1.865852,-22.143709,2.250179,7.887924,-38.866194,44.847336,-15.767891,46.043197,-27.826790,-1.729988,-1.813109,-2.877331,-54.852508,-6.616076,61.784805,10.850273,-0.378381,6.184715
191.000000,-72.668940,64.438325,78.963929,1.558079,-7.345520,-128.018116,-5.020875,15.013780,24.635932,38.028745,-20.424473,5.810667,-9.307485,-22.567092,-30.781047,17.591591,-12.975677,-0.794052,-19.339720,2.090698,10.126702,-38.151169,45.274315,-15.837356,47.352858,-28.143328,-1.945738,-0.597386,-4.862891,-56.458210,-5.504635,59.112460,10.014632,-1.052051,4.052145
192.000000,-72.507358,63.008994,79.050893,1.478268,-6.562824,-129.405674,-9.486093,16.215631,26.438843,32.427522,-21.129644,6.430558,-7.749535,-21.959646,-30.050599,15.931013,-11.936112,0.338481,-16.266398,2.550030,12.745281,-36.951590,46.209215,-16.183442,47.792900,-28.562564,-2.095226,-0.682682,-7.200426,-58.119739,-4.734210,56.293296,10.251399,-1.524299,2.751620
193.000000,-72.324044,61.410791,78.854853,1.432091,-5.148769,-131.761071,-13.172646,16.659065,25.856730,24.389217,-20.303893,5.167973,-6.336074,-20.807230,-28.416189,14.881770,-11.413506,1.192167,-12.728581,3.278557,15.497426,-35.245047,47.692131,-16.576055,47.617562,-28.761083,-2.065916,-1.635837,-9.559982,-60.015028,-3.973750,53.308459,10.919559,-1.907033,1.944339
194.000000,-72.239125,59.597206,78.378451,1.294243,-3.247472,-134.841396,-15.930663,16.932440,22.474758,16.657257,-18.358097,1.929885,-4.852598,-19.511383,-26.054687,14.586989,-11.842314,1.534529,-9.013087,4.096473,18.270080,-33.139709,49.530455,-16.584669,47.278156,-28.750776,-1.892087,-2.640913,-11.867957,-62.137407,-3.023183,50.177612,11.259465,-2.334496,1.108538
195.000000,-72.339362,57.605672,77.766633,1.250586,-1.357866,-137.430093,-16.959081,18.834578,22.626491,12.064698,-16.628594,-0.427884,-3.458017,-18.722882,-23.901130,15.351301,-13.205239,1.394858,-6.183267,4.822429,20.400038,-30.495661,51.251339,-15.828560,47.014893,-28.606482,-1.680016,-3.036621,-14.310073,-64.075774,-1.829045,47.061858,11.013340,-2.702220,-0.085923
196.000000,-72.749311,55.418736,77.041346,1.521818,0.300705,-140.192812,-15.754198,20.941232,23.570411,10.901891,-13.750691,-2.104881,-2.612291,-18.048937,-21.239971,16.933757,-15.154501,0.793242,-3.880458,5.444760,21.098106,-26.936830,52.714171,-14.405748,46.977331,-28.811476,-1.466816,-3.033694,-17.335549,-65.462049,0.202809,44.378567,10.319609,-2.768459,-1.008021
197.000000,-73.293334,53.177953,76.461303,1.940084,1.435742,-142.459434,-14.168164,22.510692,23.819593,13.289224,-11.233429,-1.219584,-2.109586,-17.761542,-18.730819,18.554199,-16.826282,-0.246022,-2.733520,5.614516,20.738812,-22.937951,54.072203,-12.245163,47.068893,-29.027194,-1.250812,-2.747429,-21.028375,-65.950551,2.970372,42.226070,9.503191,-2.597499,-1.605364
198.000000,-73.772663,51.115400,76.378077,2.022390,2.027257,-143.474563,-13.452917,23.295100,24.450684,16.404613,-11.126732,0.070830,-1.085963,-18.010034,-17.302515,18.941976,-17.324519,-1.047359,-2.982037,4.806208,20.435796,-19.165530,54.871284,-9.175951,47.203697,-29.162579,-1.612263,-1.040740,-24.494802,-64.462075,5.170506,40.332257,9.147845,-2.570410,-3.231367
199.000000,-74.194455,49.317950,76.685148,2.219439,1.995329,-143.802085,-11.925585,22.745971,25.543866,16.310102,-12.036364,0.221159,-0.000130,-18.478033,-17.438076,18.086689,-16.254862,-1.159605,-3.413819,3.688655,19.649401,-16.230684,54.610552,-5.752911,47.482201,-29.630402,-2.448091,1.386540,-25.993612,-61.100823,5.948581,38.202286,9.739900,-2.919761,-5.359239
200.000000,-74.562687,47.684819,77.211565,2.711084,1.569342,-144.221461,-9.881332,21.583454,26.941563,13.714987,-12.349533,0.417784,0.474303,-19.227823,-19.190187,17.295977,-13.404217,-1.131267,-3.050771,2.868590,18.298703,-14.568331,53.781818,-2.747164,47.661897,-30.405741,-2.888795,2.330557,-25.404359,-57.557779,6.300932,35.842306,10.520976,-3.352037,-5.966069
201.000000,-74.872947,46.200654,77.791971,3.327550,1.093466,-144.756549,-7.786473,20.404089,28.559642,10.373782,-11.964828,-0.034305,0.432161,-20.134020,-22.060148,17.174200,-9.613163,-1.218991,-2.184264,2.286084,16.768283,-13.559847,53.505602,-0.755313,47.260924,-30.694529,-2.849241,0.957875,-23.981981,-55.048910,7.081083,33.820317,10.065511,-3.241963,-3.731364
202.000000,-75.137579,44.901881,78.197771,4.069695,0.609944,-145.263256,-5.857573,19.349907,30.247144,6.761691,-11.536002,-1.150016,0.091085,-21.078804,-25.790005,17.420375,-6.195096,-1.191506,-1.352137,1.873551,15.430488,-12.878606,54.281740,0.286629,46.227465,-30.135034,-2.846559,-1.591555,-22.889403,-53.489097,7.823175,32.496315,9.509404,-2.867889,-0.191585
203.000000,-75.363028,43.803602,78.329527,4.867922,0.219335,-145.403372,-4.331292,18.547744,31.605655,3.552902,-11.702442,-2.515312,-0.224915,-21.998999,-29.159556,18.041748,-3.780734,-1.082882,-1.023329,1.567821,14.486555,-12.602585,55.918264,0.627521,44.995459,-29.429878,-3.234037,-3.022371,-22.379490,-52.591442,8.307753,31.896376,9.821639,-2.705925,1.543171
204.000000,-75.607365,42.905211,78.232908,5.532300,0.011242,-145.084898,-3.307402,18.086098,32.517554,1.452628,-12.158240,-3.365708,-0.679280,-22.703491,-30.026249,19.441399,-2.614106,-1.111984,-1.239721,1.171931,13.953981,-13.036301,57.877992,0.575344,44.166202,-29.274833,-3.798479,-2.115976,-22.396837,-52.196162,8.676898,31.997688,10.288570,-2.749484,0.965871
205.000000,-75.894856,42.171064,78.100634,5.755748,0.088405,-144.601158,-2.784218,17.867324,32.618139,1.055068,-12.410168,-2.894972,-1.316086,-23.343036,-28.375509,21.624922,-1.767037,-1.463469,-1.716733,0.372566,13.997604,-14.484195,59.800567,0.236067,44.197567,-29.596289,-4.092228,0.397789,-22.921826,-51.968720,9.210515,32.959064,10.186887,-2.657403,-0.623783
206.000000,-76.248533,41.555595,78.143215,5.625557,0.386034,-143.999742,-2.226640,17.697283,32.245378,1.317586,-12.117948,-1.915046,-1.854987,-23.944073,-26.092883,24.002309,-0.153872,-1.790926,-2.342365,-0.825776,14.327666,-17.054590,61.230214,-0.499075,45.383708,-30.113956,-4.139331,3.843573,-23.792993,-51.331091,10.169416,35.204151,9.936602,-2.401823,-2.763633
207.000000,-76.693994,40.892246,78.340828,5.585397,0.776356,-143.404358,-1.379972,17.543276,31.798786,1.140424,-11.732209,-1.295892,-2.227921,-24.417518,-24.593423,26.202595,2.496353,-1.648456,-2.994063,-1.783342,14.392824,-20.216366,61.788132,-1.461750,47.217914,-30.771406,-4.047938,6.863620,-24.716276,-50.620793,11.644386,38.467434,10.353450,-1.921013,-3.777751
208.000000,-76.979762,40.155306,78.593993,5.779606,1.131562,-143.008014,-0.259929,17.121520,31.369597,-0.344596,-10.603308,-0.591718,-3.428116,-25.029455,-22.749069,28.698857,6.226368,-0.781018,-3.570001,-2.219745,14.188400,-22.946905,61.747267,-2.232516,48.150388,-31.015991,-3.369714,6.650613,-25.710552,-50.335270,13.358182,42.062634,11.416000,-1.125045,-3.070923
209.000000,-77.457178,39.577341,78.798717,5.973547,1.797180,-142.586261,1.060288,17.250886,30.953219,-1.475797,-9.914681,-0.460863,-4.835042,-24.819236,-20.121244,31.685873,9.087826,-0.207048,-4.332820,-2.173551,14.334233,-23.836197,62.196194,-2.966900,47.421416,-31.154497,-2.870414,4.161196,-26.389298,-50.990849,14.441346,44.824971,12.103321,-0.678533,-0.536042
210.000000,-78.145045,39.386371,78.916925,6.180626,2.320219,-142.136009,1.919334,17.886694,30.513293,-1.870384,-9.763796,-0.853025,-6.935121,-23.397826,-16.479129,34.720560,9.246943,0.391071,-5.316461,-2.183842,14.689066,-23.998826,63.545000,-4.055161,46.142740,-31.164155,-2.935139,2.370863,-27.553453,-52.279607,15.434395,47.183500,11.552060,-0.592086,0.962720
211.000000,-78.956980,39.484528,78.955865,6.397423,2.591108,-141.957496,2.352636,18.808119,30.367438,-1.674312,-9.959871,-1.516178,-8.985306,-21.827973,-14.188337,36.192015,7.112223,0.589325,-6.120087,-2.312590,14.791039,-23.989935,64.995424,-5.010739,45.170244,-30.697746,-3.194576,1.441779,-28.782745,-53.532297,16.227782,49.225242,10.214722,-0.469485,1.564090
212.000000,-79.536045,39.616993,78.917772,6.465976,2.587364,-142.628303,2.642191,19.547062,30.875778,-1.156259,-10.117084,-1.824082,-10.935493,-23.283464,-15.960923,36.257759,3.928165,-0.635117,-6.183099,-2.583210,15.096986,-24.538938,65.796537,-5.525563,44.815405,-30.780169,-3.323802,1.505603,-30.515120,-54.406026,16.789189,51.175998,9.771515,-0.281823,2.123600
213.000000,-80.189681,39.885670,78.815848,6.265960,2.273606,-142.993762,2.758103,19.855616,31.311954,-0.725664,-10.244218,-2.224829,-11.883248,-25.121909,-19.127791,33.757332,0.656631,-1.600099,-6.185010,-2.992733,15.380314,-25.658306,65.683716,-5.756342,44.902832,-31.573400,-3.228266,2.089629,-32.275028,-55.299646,17.316322,52.526887,10.212655,-0.125236,2.316768
214.000000,-81.024432,40.219489,78.614926,5.675261,1.824141,-142.516571,2.833937,19.666469,31.180230,-0.413434,-10.479470,-2.602189,-11.682848,-26.008546,-21.491347,29.273863,0.281453,-0.944459,-6.480901,-3.530163,15.692138,-27.152001,64.941671,-6.105822,45.064748,-32.109744,-3.146779,2.612957,-33.998595,-56.521079,18.127949,53.117719,10.461218,-0.171563,2.016996
215.000000,-81.993210,40.581051,78.318614,4.798336,1.434290,-141.405775,2.960029,19.244813,30.454352,-0.094797,-10.768634,-2.594352,-10.541035,-26.227344,-22.893341,24.492309,2.504635,0.271197,-7.025355,-4.141844,16.149496,-28.684947,63.949477,-6.841749,44.892805,-32.714496,-2.988452,3.353224,-35.691410,-57.843649,18.992451,52.931340,10.592140,-0.301632,1.288416
216.000000,-83.032662,41.016841,77.997535,3.900950,1.032698,-140.321970,3.155205,18.873537,29.743985,0.100785,-10.954022,-2.552168,-8.957303,-26.270478,-23.865185,21.223223,4.326306,0.634881,-7.333590,-4.786732,16.533625,-29.852790,63.225272,-7.988525,44.271381,-32.377200,-3.135087,3.305966,-37.278940,-59.019262,19.395173,52.022597,10.913413,-0.521554,0.648973
217.000000,-84.003401,41.561487,77.792722,3.462240,0.656119,-139.849312,3.111828,19.107545,29.439577,0.385207,-10.922111,-2.643600,-7.510338,-26.431507,-25.471492,20.664515,2.300741,-0.672107,-7.093362,-5.038669,16.704285,-30.336384,62.831764,-8.967719,43.337783,-31.641029,-3.471268,2.777167,-38.574651,-59.885453,19.231632,50.274717,11.386467,-0.968510,-0.160031
218.000000,-84.978890,42.152363,77.682227,3.088830,0.307938,-139.064821,2.823447,19.412528,28.923467,0.799906,-10.732842,-2.714374,-6.425229,-26.015752,-25.616502,20.178336,-0.153514,-1.941167,-7.030665,-5.025857,16.938717,-30.043011,62.154817,-9.146544,42.249426,-31.259638,-3.820081,2.484271,-39.313111,-60.588293,18.589381,47.705422,11.593537,-1.614851,-1.852347
219.000000,-85.829836,42.672908,77.681476,2.960106,-0.011871,-138.012972,2.118622,19.804583,28.142196,1.344956,-10.398938,-2.689591,-5.725182,-25.689883,-25.932041,20.230003,-1.979468,-2.696161,-7.236011,-4.421386,17.229968,-29.104167,60.821776,-8.493771,41.153481,-31.241118,-4.062620,2.510056,-39.524102,-61.252501,17.634589,44.400341,11.374498,-2.395397,-3.569193
220.000000,-86.600083,43.141291,77.708310,3.142646,-0.360493,-136.621125,0.891536,20.314883,27.026990,1.957454,-9.867009,-3.207040,-4.966771,-25.329335,-26.902471,20.095545,-3.375389,-2.668263,-7.736774,-3.168910,17.595587,-27.949086,59.050838,-7.435177,40.117844,-30.881970,-4.099834,2.081845,-39.486953,-62.130816,16.490607,40.619395,11.291317,-3.108822,-4.733511
221.000000,-87.302005,43.614522,77.713794,3.367301,-0.759657,-135.382234,-0.397336,20.768686,25.999037,2.547848,-9.294176,-3.626560,-4.594183,-25.013749,-27.470160,20.182987,-4.572157,-2.669913,-8.141475,-1.653764,18.019123,-26.879344,57.392201,-6.617655,39.135481,-30.598295,-3.993760,1.406158,-39.529180,-63.197152,15.631906,36.744673,11.350834,-3.759796,-5.903278
222.000000,-87.946784,44.099215,77.667719,3.565737,-1.187905,-134.459161,-1.533418,21.166336,25.374979,3.066573,-8.880106,-3.953960,-4.568048,-24.782411,-27.801114,20.547407,-5.841037,-2.906664,-8.391646,-0.166922,18.472171,-26.239632,56.058057,-6.327906,38.362604,-30.608789,-4.057119,1.510711,-39.922852,-64.106428,15.300086,33.106883,10.822917,-4.333076,-7.850933
223.000000,-88.531458,44.541892,77.581751,3.684127,-1.540578,-133.803214,-2.331258,21.504439,25.076804,3.413627,-8.603815,-4.138474,-4.607756,-24.602048,-28.162465,21.030535,-7.243042,-3.390320,-8.616421,1.167232,18.959919,-26.292239,54.954657,-6.427779,37.806572,-30.831819,-4.325895,2.456628,-40.852622,-64.477983,15.504610,29.818933,9.987014,-4.732405,-9.640492
224.000000,-89.055014,44.901910,77.454633,3.697928,-1.740623,-133.367728,-2.766477,21.815843,24.560773,3.589765,-8.454915,-4.340274,-4.598363,-24.425848,-28.375857,21.589914,-8.593387,-3.994381,-8.808897,2.312416,19.528479,-27.005139,53.869541,-6.503488,37.164634,-31.640780,-4.366878,3.218304,-42.195710,-64.066464,15.983751,26.847317,9.724267,-4.981490,-11.053450
225.000000,-89.534032,45.172390,77.320182,3.627135,-1.886964,-133.106667,-3.038427,22.084770,23.968937,3.872664,-8.436716,-4.547481,-4.516626,-24.273345,-28.319590,22.023532,-9.675658,-4.460018,-8.983962,3.287743,20.197054,-28.034809,52.928843,-6.712144,36.131441,-32.389078,-4.749398,4.479700,-43.795538,-63.208845,16.837883,23.907055,9.635628,-5.261200,-12.403774
226.000000,-89.946204,45.354795,77.245992,3.520297,-2.124872,-133.015288,-3.408486,22.256035,23.574079,4.538228,-8.491164,-4.585995,-4.394798,-24.174811,-28.154643,22.047487,-10.549342,-4.671325,-9.033085,4.086754,20.865169,-29.166243,51.774811,-6.701214,34.702275,-33.114400,-5.289981,5.569515,-45.545262,-62.109977,17.972275,21.048869,8.839966,-5.435275,-13.104126
227.000000,-90.289909,45.443061,77.265763,3.389029,-2.497009,-133.008122,-4.044116,22.301818,23.257991,5.724386,-8.466145,-4.462684,-4.309076,-24.231720,-27.905998,21.803540,-10.952210,-4.683463,-8.979718,4.764275,21.466281,-30.096296,50.255688,-6.465909,32.974951,-33.904564,-5.875953,6.410946,-47.160708,-60.717417,19.143905,18.350007,8.058072,-5.550940,-13.390156
228.000000,-90.592551,45.461118,77.401686,3.167325,-2.868599,-133.042782,-4.772087,22.261525,22.742344,7.261420,-8.101688,-4.271362,-4.367852,-24.400919,-27.188022,21.714327,-10.757270,-4.661058,-8.810933,5.290296,22.119323,-30.768988,48.634160,-6.297224,31.103691,-34.612031,-6.313187,7.012875,-48.461432,-59.145272,20.315470,15.923145,7.649741,-5.592344,-13.693147
229.000000,-90.886623,45.399469,77.647299,2.767612,-3.171769,-133.207995,-5.472463,22.155013,21.778531,9.213330,-7.322757,-4.046663,-4.209065,-24.681315,-26.638453,21.485905,-10.199153,-4.668874,-8.563138,5.659934,22.834822,-31.157421,47.287022,-6.380473,29.441117,-34.530930,-6.427859,7.015930,-49.543552,-57.578604,21.525058,13.836818,6.944162,-5.497623,-13.643428
230.000000,-91.217953,45.283797,77.944463,2.159808,-3.572739,-133.445691,-6.497439,21.922986,20.507317,12.041213,-6.418616,-3.752952,-3.595206,-25.187952,-26.674462,20.741119,-9.568304,-4.518234,-8.172355,5.645796,23.479947,-31.499395,46.199997,-6.724958,28.138354,-34.284005,-6.401316,6.823774,-50.342579,-56.016314,22.526575,12.107462,6.327955,-5.391584,-13.517070
231.000000,-91.563809,45.132616,78.252786,1.313098,-4.116010,-133.648480,-8.274939,21.392876,18.723090,16.268853,-5.696340,-3.141072,-2.776492,-25.956799,-26.477899,19.769762,-8.932826,-4.261527,-7.585927,5.151551,24.111698,-32.157507,45.277310,-7.211182,27.174224,-34.227065,-6.392886,7.002358,-50.676940,-54.618875,23.189853,10.576915,6.329084,-5.299062,-13.259550
232.000000,-91.785657,44.881675,78.430551,0.419200,-4.688229,-133.793574,-10.887529,20.432376,16.462317,21.174126,-5.879820,-2.961439,-2.282680,-27.052829,-25.640622,19.317180,-8.492531,-3.722165,-6.797376,4.379479,24.945722,-33.453874,44.474627,-7.747640,26.237596,-34.165252,-6.460660,7.544703,-50.734679,-53.830572,23.450555,8.886931,6.434665,-5.108797,-13.220111
233.000000,-91.885239,44.405746,78.373545,0.118411,-4.855864,-133.833066,-12.788825,19.524284,15.312483,21.907065,-8.624525,-3.286256,-1.501230,-27.440878,-25.348654,18.569218,-8.462364,-2.915400,-6.035092,4.082158,25.526848,-34.713815,43.936257,-8.312508,25.215387,-34.132883,-6.636643,7.547934,-50.587817,-53.403651,23.752738,7.387376,6.399921,-5.306351,-13.524162
234.000000,-91.765076,43.772328,78.064162,0.578100,-4.428470,-133.765477,-14.042470,19.516526,15.693384,18.071567,-11.042087,-3.002031,-0.939953,-27.092020,-25.416094,18.165380,-8.627916,-2.143884,-5.582802,4.419068,26.221182,-36.128064,43.418099,-8.837422,24.379646,-34.042332,-6.937121,8.079853,-50.451947,-52.851789,24.047587,6.168871,6.127766,-5.507884,-13.876828
235.000000,-91.659570,42.858794,77.557749,1.425019,-3.510210,-134.304918,-14.450696,19.670463,15.579860,13.742700,-9.647945,-3.605843,-0.480539,-26.105360,-25.199380,17.962996,-9.219260,-1.977484,-5.084718,5.230105,26.683526,-36.972832,42.953728,-9.312550,23.914792,-34.277748,-7.171609,8.623507,-50.403306,-52.002335,24.678069,5.329307,6.125297,-5.581319,-13.668575
236.000000,-91.612107,41.785723,76.982957,2.406963,-2.853434,-134.865238,-14.176501,20.397103,17.368592,12.182255,-8.080010,-2.881900,-0.395123,-25.395055,-24.912201,18.133182,-10.122482,-2.158031,-4.910751,5.900159,26.562129,-37.470373,42.690663,-9.834668,23.805484,-34.387530,-7.120785,9.054891,-50.868220,-51.358573,25.591131,4.769141,6.011837,-5.510399,-13.073480
237.000000,-91.547006,40.612447,76.565349,3.129234,-2.624212,-135.547527,-13.544561,21.116127,18.764777,12.453598,-9.601629,-1.340864,-0.651819,-25.344412,-24.385860,18.538928,-10.548139,-2.377749,-4.954218,5.914167,26.255001,-37.854565,42.727782,-10.122760,24.304823,-34.116850,-6.884757,9.070097,-51.843386,-50.554311,26.275956,4.752530,5.872703,-5.326753,-12.298768
238.000000,-91.416687,39.513162,76.647002,3.277551,-2.596662,-136.310930,-13.405092,21.063241,18.424188,13.690671,-10.382077,-1.317556,-0.760048,-25.885927,-24.372827,18.683335,-9.356459,-2.611854,-4.811085,5.155419,26.424870,-37.921009,42.389571,-10.058085,25.538974,-34.327178,-6.673711,9.586357,-52.249465,-48.851726,26.094827,5.435231,6.440682,-4.997685,-11.469992
239.000000,-91.218930,38.465855,77.042204,3.642533,-2.942881,-136.512126,-13.355098,20.375790,18.297361,13.600189,-10.130579,-1.432614,-0.878505,-26.539013,-25.412122,18.166782,-6.867784,-2.392632,-4.375993,4.419401,26.102514,-37.624903,41.067045,-10.164670,27.240734,-35.211326,-6.462801,10.121661,-51.678639,-46.899637,25.912042,6.178472,7.224777,-4.805492,-10.790054
240.000000,-91.030860,37.418705,77.422410,4.445701,-3.404008,-136.194825,-13.277869,19.508870,17.994425,12.132808,-9.890259,-1.173334,-0.970805,-26.813176,-26.350544,17.129918,-4.053846,-1.667854,-3.749300,4.225394,25.370021,-37.024656,39.663564,-10.478583,28.792895,-35.510157,-6.213899,9.952690,-51.374719,-45.936840,26.321932,6.673281,6.928156,-4.725919,-10.424818
241.000000,-90.952402,36.508936,77.646565,5.290924,-3.753448,-135.780054,-13.024215,18.983906,18.484956,10.568330,-9.822968,-1.358655,-1.016915,-26.772156,-26.409411,16.064791,-1.789421,-0.823130,-2.914406,4.218216,24.659382,-36.016721,39.244949,-10.879235,29.890486,-34.627031,-6.036492,9.162724,-51.771253,-45.827294,27.204478,7.215280,6.447085,-4.759289,-10.489559
242.000000,-91.022289,35.807958,77.707434,5.981196,-4.071577,-135.533174,-12.622698,18.699747,19.109447,9.103698,-9.887391,-1.748114,-1.175500,-26.654456,-25.825541,15.349286,-0.457305,-0.245728,-1.820392,3.872642,23.997690,-34.739039,39.755618,-11.164822,30.675916,-34.092473,-6.075840,8.500199,-52.316158,-45.565473,28.161471,7.963783,6.979553,-4.888830,-11.047614
243.000000,-91.182852,35.254928,77.669692,6.539025,-4.429144,-135.462077,-12.313947,18.542977,19.676166,8.005942,-10.063754,-2.004271,-1.512838,-26.653546,-25.295431,15.133331,0.186965,0.035605,-0.569814,2.992594,23.530246,-33.577470,40.847062,-11.003114,31.636777,-34.364413,-6.216898,8.511386,-52.974520,-45.183692,28.728551,8.867831,7.300957,-4.754202,-11.462201
244.000000,-91.393119,34.841788,77.629846,6.983045,-4.816268,-135.571928,-12.163750,18.483767,20.104701,7.331406,-10.145441,-2.050857,-2.220550,-26.811196,-24.708339,15.604194,0.821251,0.153365,0.781656,1.746398,23.435731,-32.894806,42.031567,-10.337556,33.067217,-34.875632,-6.476853,9.547566,-53.771033,-44.804740,28.923102,9.639618,7.022087,-4.510875,-12.044714
245.000000,-91.631043,34.492406,77.665514,7.279497,-5.109034,-135.694226,-12.121877,18.466397,20.320327,7.151804,-10.142849,-1.855739,-3.212895,-27.186552,-24.028763,16.833543,2.086252,0.312448,2.061013,0.508288,23.712812,-32.646597,42.895808,-9.582296,34.840416,-35.276407,-6.546102,10.749543,-54.449547,-44.398415,28.968410,10.273967,7.131555,-4.460621,-12.531744
246.000000,-91.893077,34.104669,77.825886,7.497382,-5.104139,-135.578865,-11.988651,18.509792,20.152401,7.179679,-10.032232,-1.479434,-4.358407,-27.618818,-23.091837,18.980061,4.261755,0.510015,3.035928,-0.195589,24.382223,-32.571775,43.209419,-8.991038,36.516438,-35.711296,-6.251476,11.123103,-55.102152,-44.079254,29.062704,11.060811,7.660230,-4.745510,-12.509766
247.000000,-92.092311,33.669654,78.071308,7.730656,-4.728409,-135.171430,-11.647515,18.654838,19.591568,6.934064,-9.610841,-1.259833,-6.628855,-28.190743,-20.730929,23.227887,7.436756,0.667425,3.469899,-0.333148,25.391884,-32.223361,43.031889,-8.143518,37.488449,-36.264459,-5.685282,10.426509,-56.119430,-43.510088,29.349067,12.386515,7.717835,-4.775331,-12.685367
248.000000,-92.353183,33.225474,78.323412,8.035446,-3.864413,-134.388386,-10.891441,19.097991,18.827739,6.218812,-9.113125,-1.334576,-9.648331,-28.331398,-17.553306,29.138287,11.172275,0.291433,3.173326,0.095519,26.437475,-30.833127,42.833978,-7.596616,37.340344,-36.064908,-5.842075,10.039052,-57.302330,-42.761140,29.904675,13.760684,7.541375,-4.711928,-12.733590
249.000000,-92.763686,32.894713,78.492361,8.392180,-2.811113,-133.380924,-9.921850,19.810414,17.935189,5.112047,-8.697992,-1.777388,-13.304136,-27.302566,-13.577196,35.346287,13.460215,-0.051715,2.384622,0.784049,27.461556,-28.902625,42.675845,-7.045119,36.671730,-35.887501,-6.225495,9.733061,-58.862078,-41.994872,30.616545,14.829242,7.486767,-4.679220,-12.382254
250.000000,-93.548012,32.899377,78.553748,8.890196,-2.041619,-132.172004,-9.452088,20.816461,17.031567,4.194522,-8.470917,-2.909597,-16.627274,-24.203508,-10.042597,38.448456,10.315934,0.577106,1.289719,1.368073,27.983907,-26.506948,42.459208,-6.064131,36.055824,-36.074706,-6.436084,9.475666,-60.457829,-41.138827,31.259911,15.553517,7.218829,-4.577264,-12.088252
251.000000,-94.342798,33.054021,78.501880,9.242922,-1.844926,-131.612376,-9.436194,21.655806,16.749294,3.910303,-8.260339,-4.105196,-19.209437,-23.563886,-11.313309,36.612573,3.928957,-0.063072,0.815195,1.599002,28.124540,-24.423220,41.809657,-5.243658,35.948976,-36.891532,-6.586923,9.810978,-61.441622,-40.045959,31.741378,16.091268,7.263817,-4.397347,-12.055735
252.000000,-95.191467,33.343360,78.286970,9.074527,-2.267793,-131.170348,-9.572672,21.780285,16.828719,3.993008,-8.084080,-5.075067,-20.894805,-24.567825,-14.481418,30.691096,-1.196574,-0.902730,0.587788,1.385239,28.310518,-22.935422,40.728766,-4.463821,36.367018,-37.838435,-6.657251,10.553781,-62.387467,-39.011653,32.516642,16.710743,7.358544,-4.220055,-12.328422
253.000000,-96.350938,33.565864,77.862549,8.260882,-2.814841,-129.261108,-9.592219,20.915310,15.694868,4.009164,-8.381636,-5.639074,-21.144579,-24.071750,-13.962317,23.635929,-1.875273,0.959601,-0.288361,1.099959,28.347570,-21.942317,39.235151,-4.416887,37.185141,-37.859445,-6.369095,10.275016,-62.965356,-38.548635,33.545183,17.409129,7.286877,-3.998940,-12.524314
254.000000,-97.626483,33.719581,77.357829,7.314397,-3.070265,-126.846216,-9.593154,20.118585,13.429580,4.183536,-9.025233,-5.461491,-20.743571,-23.786689,-12.809299,20.325128,-1.072064,1.807142,-1.046810,1.393239,28.492858,-21.726306,37.658969,-4.951537,37.948944,-37.402444,-6.050646,9.804786,-63.212936,-38.787565,34.602117,17.890673,7.332250,-3.891628,-12.438731
255.000000,-98.925310,33.967221,76.909697,6.469923,-3.098229,-124.451341,-9.835139,19.731225,10.752573,4.658128,-9.537750,-5.342218,-19.049722,-24.780032,-14.831032,20.726025,-2.197573,0.118704,-1.060233,2.237027,28.639714,-22.319077,36.145464,-5.922603,38.408049,-36.972234,-5.772263,9.136694,-63.015612,-39.409577,35.031456,18.439052,7.657474,-4.155262,-12.160596
256.000000,-100.224280,34.337807,76.579410,5.699828,-3.227798,-121.769138,-10.531902,19.248861,8.052607,5.374852,-9.712037,-5.165026,-16.885227,-26.036025,-16.848241,21.961399,-5.561392,-1.980990,-0.408321,3.426946,28.739534,-23.717898,34.532654,-7.336927,38.809343,-36.680896,-5.579196,8.807311,-62.487318,-40.373047,34.864106,19.180332,7.978271,-4.224554,-11.871587
257.000000,-101.426041,34.771663,76.426059,5.149752,-3.613953,-119.316218,-11.645171,18.698389,6.338840,6.391768,-9.222113,-4.847615,-15.933945,-26.687938,-16.681287,23.503784,-8.330014,-3.538204,0.901237,5.064506,28.784914,-25.243631,32.431261,-8.533211,38.951732,-36.544353,-5.459171,9.085178,-62.013261,-41.703001,34.709973,19.875767,7.836139,-4.099298,-11.653799
258.000000,-102.514434,35.175937,76.507908,4.688091,-3.856451,-117.310896,-12.243073,18.418512,6.440982,6.848789,-7.712482,-4.942322,-14.614564,-27.016006,-17.416880,24.198136,-10.139185,-4.265573,2.214014,7.100470,28.766014,-25.918562,30.032854,-9.115368,38.439755,-36.302681,-5.359775,8.621181,-61.627554,-42.846716,34.872716,20.788123,7.256631,-3.671713,-11.772187
259.000000,-103.462899,35.531726,76.783180,4.227919,-3.966080,-116.159870,-12.057873,18.447796,7.450561,6.667192,-5.725726,-5.002782,-13.373677,-27.013644,-18.638582,24.361948,-10.823533,-4.911742,3.101858,8.976519,28.724268,-25.392302,28.563240,-9.239514,37.458038,-35.757915,-5.197946,7.451922,-61.503238,-42.945327,35.313714,22.096676,7.006493,-3.298050,-12.163352
260.000000,-104.253483,35.837153,77.106357,3.905998,-4.182579,-115.849173,-11.790579,18.575680,8.184281,6.469037,-3.722873,-4.962325,-12.961699,-26.812545,-18.937183,24.534465,-10.763810,-5.354027,3.567706,10.389521,28.695991,-24.276576,28.328681,-9.479125,36.420853,-34.970111,-5.158000,6.449366,-61.862458,-42.109841,36.192387,23.428387,7.235038,-3.115233,-12.185536
261.000000,-104.959583,36.112833,77.338880,3.718569,-4.481333,-115.926329,-11.754837,18.781944,8.583506,6.504793,-1.816645,-5.146209,-13.036044,-26.488761,-18.443871,24.681635,-10.737696,-5.641312,3.623942,11.382661,28.710386,-23.452511,28.770109,-10.022469,35.760022,-34.643642,-5.321534,6.160902,-62.796807,-41.251689,37.915145,24.298681,6.841813,-2.934503,-11.814048
262.000000,-105.594647,36.323777,77.429402,3.537412,-4.804662,-116.497549,-11.553561,19.128715,8.883854,6.543873,-0.291783,-5.583364,-13.247925,-26.149944,-17.969154,24.741174,-11.174026,-5.705680,3.457619,11.995867,28.716588,-23.207910,29.606077,-10.538172,35.565468,-34.940741,-5.521232,6.416725,-64.203327,-40.335518,40.210116,24.931654,5.984074,-3.201747,-10.710485
263.000000,-106.138551,36.437580,77.412534,3.326626,-5.028418,-117.381055,-11.063032,19.579861,8.987898,6.481779,0.577339,-6.017830,-13.389765,-25.753218,-17.531166,24.739586,-11.817044,-5.714996,3.002662,12.330155,28.706694,-23.519504,30.724090,-10.761642,35.573056,-35.027570,-5.632827,6.704977,-65.219106,-38.848077,42.223485,25.560981,5.661318,-2.962226,-9.609262
264.000000,-106.569016,36.515698,77.380598,3.174560,-5.222146,-118.292302,-10.638340,19.992018,9.375298,6.588708,0.954186,-6.057276,-13.790893,-25.295411,-16.520286,24.893321,-12.202143,-5.824744,2.112214,12.428602,28.729627,-24.286746,31.865274,-10.736903,35.393405,-35.324956,-5.841617,7.117071,-65.842013,-36.947857,44.138749,25.982612,5.512702,-2.718993,-8.902221
265.000000,-106.877661,36.578825,77.399552,3.160736,-5.452455,-119.156133,-10.415710,20.320267,10.104409,6.819430,1.295966,-5.979992,-14.388249,-24.898338,-15.664108,25.036511,-12.405266,-6.142538,0.884676,12.413572,28.791781,-25.439041,32.781428,-10.549608,34.982853,-35.929206,-6.115135,7.660056,-66.339244,-35.053282,45.835128,26.048979,5.146303,-2.770253,-8.177785
266.000000,-107.085490,36.610138,77.452129,3.257715,-5.691373,-119.920001,-10.287875,20.556260,10.535409,6.853223,1.676695,-6.131956,-14.928198,-24.571003,-15.160372,24.968421,-12.433315,-6.399970,-0.531357,12.440933,28.859766,-26.874300,33.407497,-10.373658,34.410630,-36.458979,-6.361367,8.034918,-66.518160,-33.538944,47.131300,25.574757,4.821742,-2.747865,-7.052167
267.000000,-107.226455,36.616427,77.486402,3.390897,-5.884704,-120.498342,-10.169975,20.708015,10.496881,6.626228,2.024438,-6.396199,-15.389096,-24.230043,-14.422534,24.815530,-12.392092,-6.405169,-2.083406,12.493226,28.918703,-28.523119,33.941297,-10.355121,33.700269,-36.789680,-6.736771,8.447658,-66.370963,-32.577506,48.221405,24.688660,4.305286,-2.877443,-6.027831
268.000000,-107.304549,36.610296,77.483588,3.589285,-6.058841,-120.968434,-10.108548,20.858197,10.597817,6.349941,2.280332,-6.704586,-15.860635,-23.947383,-13.836825,24.677222,-12.388980,-6.345362,-3.703821,12.487655,28.957564,-30.274547,34.425506,-10.311400,32.818468,-37.104518,-7.118228,8.811823,-65.966964,-31.804656,49.111290,23.746071,3.977912,-2.948619,-5.054566
269.000000,-107.315254,36.615926,77.452731,3.818320,-6.239177,-121.406292,-10.076765,20.998730,11.100813,6.124136,2.336736,-6.881581,-16.334821,-23.771210,-13.597816,24.522691,-12.458151,-6.339773,-5.214836,12.409114,28.976347,-32.167216,34.802683,-10.334862,31.880031,-37.435410,-7.504083,9.432075,-65.461653,-31.207134,49.837910,22.752395,3.802459,-2.913431,-4.394260
270.000000,-107.295930,36.618456,77.411032,4.027649,-6.390553,-121.816727,-9.975687,21.134316,11.857220,5.888748,2.193834,-6.941558,-16.827211,-23.599772,-13.274514,24.452904,-12.490283,-6.338605,-6.526033,12.333757,28.993330,-34.103216,35.118125,-10.561705,31.076722,-37.528536,-7.752851,9.766437,-64.913148,-30.858737,50.365986,21.719984,3.641029,-2.871704,-3.814391
271.000000,-107.256329,36.621216,77.376080,4.234763,-6.533807,-122.164120,-9.945002,21.247103,12.591949,5.731484,2.047056,-6.946681,-17.285173,-23.436834,-12.924361,24.343559,-12.497318,-6.318132,-7.612593,12.300177,29.043163,-36.091447,35.284767,-11.074969,30.398645,-37.999498,-7.909275,10.185496,-64.382497,-30.752373,50.759876,20.693841,3.582082,-2.947867,-3.419519
272.000000,-107.201552,36.613223,77.354985,4.414827,-6.689417,-122.449959,-10.011509,21.298512,13.122106,5.694874,2.004117,-7.019103,-17.669091,-23.314991,-12.551448,24.164854,-12.506802,-6.279962,-8.501642,12.268701,29.091879,-38.096360,35.405904,-11.757604,29.886275,-38.155667,-8.025535,10.606467,-63.756763,-30.872158,51.042509,19.719034,3.455090,-3.017123,-3.113971
273.000000,-107.124281,36.615470,77.350044,4.609070,-6.880406,-122.728136,-10.189864,21.290895,13.290872,5.656356,2.101263,-7.221916,-18.094382,-23.238621,-12.209985,23.956207,-12.346999,-6.112653,-9.257524,12.236463,29.141207,-40.046062,35.637550,-12.432904,29.812102,-37.103753,-8.275791,11.476616,-63.039286,-30.928678,51.167826,18.985423,3.214327,-3.155191,-3.080590
274.000000,-107.025123,36.643919,77.359051,4.847491,-7.127833,-122.968376,-10.522129,21.240276,13.261879,5.639485,2.268351,-7.347765,-18.613063,-23.205983,-11.902671,23.731117,-12.067487,-5.918261,-9.864168,12.228066,29.202163,-41.988974,35.712522,-13.065185,29.966680,-36.633580,-8.685133,14.058665,-62.370289,-31.062748,51.293239,18.374245,3.096323,-3.336793,-3.671054
275.000000,-106.927669,36.659363,77.359098,5.058963,-7.376161,-123.135569,-10.810312,21.157886,13.480115,5.627850,2.376257,-7.457004,-19.014041,-23.219573,-11.634338,23.425037,-11.853065,-5.695559,-10.352449,12.241237,29.251487,-43.611417,35.857004,-14.132515,29.859903,-36.453754,-8.735910,15.082099,-61.788849,-31.430444,51.536673,17.763182,2.950518,-3.426695,-3.907401
276.000000,-106.838322,36.654815,77.354610,5.240622,-7.591838,-123.277636,-10.996796,21.074368,13.847821,5.560306,2.415932,-7.500547,-19.338431,-23.226212,-11.358021,23.127540,-11.715470,-5.539876,-10.717427,12.290271,29.298725,-45.012483,36.135000,-15.191705,29.799589,-36.216504,-8.664652,15.266089,-61.222045,-32.001864,51.727540,17.130215,2.770290,-3.460469,-3.781201
277.000000,-106.768966,36.647016,77.350122,5.423294,-7.741916,-123.431822,-11.124335,21.054934,14.109319,5.442364,2.431282,-7.575476,-19.666695,-23.164107,-11.110225,22.957029,-11.551801,-5.496144,-11.010494,12.389196,29.328703,-45.896542,36.349823,-16.397841,29.394207,-36.319077,-8.177159,12.815649,-60.532750,-32.394088,51.740531,16.711762,2.695107,-3.388012,-3.252104
278.000000,-106.716883,36.629498,77.338421,5.550314,-7.859237,-123.559750,-11.233163,21.039479,14.264227,5.411896,2.386415,-7.579738,-19.981807,-23.149482,-10.939041,22.963040,-11.472818,-5.535960,-11.250299,12.444393,29.368748,-46.823471,36.435327,-17.136432,29.444447,-36.516691,-7.934620,11.781911,-59.806359,-32.705893,51.607892,16.422751,2.568814,-3.365214,-3.282234
279.000000,-106.689024,36.608976,77.321070,5.663166,-7.944923,-123.628882,-11.310645,21.032447,14.321084,5.332137,2.363436,-7.623449,-20.217505,-23.140553,-10.864097,22.993443,-11.495664,-5.633171,-11.591713,12.457898,29.424110,-47.700132,36.509564,-17.686232,29.604936,-36.463566,-7.888991,11.578674,-59.237698,-32.856051,51.474853,16.313623,2.327905,-3.324240,-3.184062
280.000000,-106.682003,36.596400,77.303922,5.804220,-8.069803,-123.699881,-11.415912,21.022340,14.373092,5.242739,2.332460,-7.672030,-20.496064,-23.121719,-10.738922,23.017591,-11.538289,-5.693767,-11.930876,12.423510,29.467693,-48.487919,36.457603,-18.078452,29.768078,-36.379213,-7.809609,11.574258,-58.763041,-32.807468,51.256045,16.262713,2.246750,-2.921567,-2.976747
281.000000,-106.682169,36.596158,77.293593,5.957743,-8.241353,-123.811774,-11.562985,21.004934,14.491466,5.184205,2.355698,-7.679457,-20.825769,-23.093285,-10.562654,22.993856,-11.518544,-5.666714,-12.198030,12.353504,29.501404,-49.223619,36.188487,-18.347387,29.962879,-36.395182,-7.767809,11.711875,-58.388944,-32.772276,51.114820,16.125517,2.094210,-2.718801,-2.915885
282.000000,-106.696486,36.602145,77.299690,6.121030,-8.417936,-123.938769,-11.772707,21.014890,14.627970,5.221779,2.422269,-7.665576,-21.132723,-23.033421,-10.385665,22.897316,-11.465748,-5.660333,-12.414918,12.311618,29.540527,-49.916317,35.745870,-18.575529,30.070294,-36.518549,-7.761769,11.743627,-58.075821,-32.784368,51.080301,15.948142,1.817386,-2.722461,-3.028079
283.000000,-106.723595,36.620274,77.311438,6.276730,-8.604561,-124.061374,-12.022725,21.024436,14.712234,5.311896,2.510029,-7.618616,-21.440997,-22.979471,-10.206705,22.796970,-11.342245,-5.657457,-12.639654,12.245895,29.578626,-50.601409,35.318953,-18.890078,30.123648,-36.451839,-7.677763,11.745939,-57.753559,-32.742151,50.985726,15.769177,1.622934,-2.679396,-3.351055
284.000000,-106.763625,36.635059,77.319670,6.424876,-8.783542,-124.174451,-12.226642,21.026642,14.706461,5.324190,2.605880,-7.547752,-21.762970,-22.941241,-10.057220,22.777641,-11.201562,-5.689646,-12.920383,12.145116,29.619652,-51.243627,34.996718,-19.308851,30.179088,-36.168611,-7.621584,11.844879,-57.459970,-32.745682,50.742326,15.470319,1.480817,-2.752731,-3.800742
285.000000,-106.816757,36.630088,77.315861,6.577809,-8.938486,-124.262237,-12.364061,21.043630,14.754889,5.263021,2.667568,-7.538295,-22.065297,-22.889543,-9.925745,22.816006,-11.167554,-5.715507,-13.302970,12.052404,29.653174,-51.746333,34.686921,-19.631169,30.172098,-36.116022,-7.563249,11.976282,-57.266099,-32.864469,50.272501,15.006460,1.389736,-2.859139,-4.189816
286.000000,-106.877184,36.615035,77.310550,6.762325,-9.098367,-124.324718,-12.488935,21.063077,14.894132,5.130746,2.732453,-7.500775,-22.390924,-22.824595,-9.794172,22.881706,-11.172852,-5.840675,-13.757593,11.940636,29.694903,-52.207032,34.455203,-19.929292,30.169372,-36.115223,-7.556745,12.165188,-57.023986,-32.924705,49.584004,14.504798,1.343014,-2.915342,-4.677931
287.000000,-106.947517,36.587799,77.308780,6.908144,-9.213593,-124.350134,-12.551501,21.085019,15.064153,4.997613,2.768607,-7.417418,-22.630119,-22.775262,-9.717788,22.986790,-11.233050,-5.994279,-14.203728,11.805337,29.731154,-52.653064,34.280515,-20.245577,30.214124,-36.105886,-7.553357,12.381649,-56.972753,-33.235120,48.911261,14.000126,1.476376,-2.961065,-5.180360
288.000000,-107.024789,36.549821,77.302951,7.023955,-9.308989,-124.350392,-12.619423,21.102411,15.156197,4.938970,2.775209,-7.373991,-22.783459,-22.757229,-9.705881,23.073494,-11.302135,-6.093756,-14.619412,11.651596,29.760640,-53.123975,34.135243,-20.497234,30.276538,-36.072182,-7.554493,12.396815,-57.045176,-33.771881,48.240304,13.539036,1.690332,-3.551149,-5.707823
289.000000,-107.101345,36.517161,77.296191,7.139773,-9.410214,-124.323135,-12.730876,21.112038,15.174319,4.918676,2.823570,-7.404826,-22.911262,-22.754741,-9.717705,23.122571,-11.394562,-6.111661,-14.972832,11.499412,29.788159,-53.681670,33.983941,-20.794405,30.336299,-36.011558,-7.480850,12.451931,-57.236972,-34.375584,47.601528,13.154187,1.628588,-3.584814,-6.311459
290.000000,-107.179081,36.486614,77.291059,7.277763,-9.535247,-124.289964,-12.864446,21.116551,15.214229,4.873212,2.916850,-7.490845,-23.086056,-22.766711,-9.740738,23.190705,-11.452270,-6.093356,-15.278261,11.318382,29.793804,-54.265074,33.813524,-21.049562,30.375180,-36.032226,-7.457141,12.603279,-57.463194,-34.976354,46.967755,12.760638,1.480378,-3.356179,-7.127101
291.000000,-107.259631,36.454016,77.286655,7.444834,-9.662715,-124.248141,-13.011903,21.130525,15.240133,4.795609,3.009226,-7.557628,-23.278034,-22.757598,-9.760059,23.252898,-11.502302,-6.124784,-15.572157,11.120246,29.793804,-54.843427,33.711123,-21.350746,30.357138,-36.094746,-7.482490,12.728699,-57.692183,-35.544144,46.376237,12.366462,1.726377,-3.228375,-8.008059
292.000000,-107.339072,36.425683,77.277839,7.625885,-9.776273,-124.174387,-13.186936,21.158789,15.323535,4.748353,3.061771,-7.557239,-23.473427,-22.740903,-9.792384,23.330994,-11.591323,-6.198562,-15.854570,10.949655,29.793804,-55.455395,33.654640,-21.751017,30.342634,-36.072203,-7.526798,12.833333,-58.019008,-36.201512,45.858877,12.015361,1.881060,-3.415244,-8.819117
293.000000,-107.421494,36.394852,77.260834,7.839889,-9.900175,-124.100737,-13.384761,21.207845,15.524409,4.714075,3.076347,-7.563579,-23.725885,-22.711707,-9.818907,23.455706,-11.734831,-6.277380,-16.119405,10.801441,29.793804,-56.091767,33.593131,-22.122513,30.354508,-36.134948,-7.556258,12.934928,-58.538013,-36.929897,45.365819,11.714911,1.750642,-3.573513,-9.643933
294.000000,-107.504261,36.349973,77.238220,8.084550,-10.030194,-124.000711,-13.606455,21.256553,15.716334,4.664953,3.066279,-7.605132,-23.991970,-22.690259,-9.871903,23.588863,-11.892688,-6.340521,-16.417159,10.681530,29.793804,-56.767341,33.569266,-22.530764,30.402613,-36.128467,-7.560651,12.993302,-59.194463,-37.640104,44.817232,11.477020,1.723445,-3.678217,-10.256374
295.000000,-107.578874,36.297187,77.214074,8.343516,-10.170374,-123.882606,-13.832094,21.284932,15.903797,4.570998,3.077669,-7.697607,-24.237556,-22.695049,-9.973406,23.667968,-12.049891,-6.348108,-16.755926,10.560968,29.793804,-57.480680,33.618775,-23.078133,30.429428,-36.084559,-7.553900,12.929353,-60.021667,-38.329779,44.354951,11.356455,1.770601,-3.607179,-10.849563
296.000000,-107.640159,36.245465,77.193624,8.639002,-10.364826,-123.814620,-14.064860,21.284394,16.090952,4.390620,3.146004,-7.790838,-24.551004,-22.695991,-10.032872,23.669076,-12.122830,-6.311556,-17.048089,10.436960,29.793804,-58.328033,33.701762,-23.820293,30.487311,-36.238699,-7.491439,12.512318,-61.302457,-39.078811,44.080477,11.353586,1.360805,-3.167981,-11.405227
297.000000,-107.679260,36.243650,77.177668,8.995516,-10.641388,-123.816676,-14.415580,21.283986,16.260495,4.186396,3.333373,-7.987473,-25.044103,-22.682148,-10.042743,23.607982,-12.056176,-6.196010,-17.260544,10.304437,29.793804,-59.763848,34.006884,-24.988058,30.841460,-36.478230,-7.456464,12.055948,-63.234561,-39.554571,44.042805,11.553487,1.453276,-3.286911,-12.563159
298.000000,-107.655430,36.303693,77.169949,9.434660,-11.037866,-123.851670,-14.987486,21.230557,16.409354,4.005549,3.643143,-8.226807,-25.750860,-22.684014,-9.952348,23.403558,-11.770513,-5.929364,-17.507308,10.109991,29.793804,-62.186011,34.519762,-26.844249,31.472289,-36.746660,-7.689203,11.588594,-66.119421,-39.338761,44.626192,12.399132,2.068205,-3.223171,-14.221485
299.000000,-107.568622,36.467916,77.155787,10.029065,-11.507222,-123.828436,-15.927014,21.209008,16.468213,3.919461,4.053285,-8.467600,-26.670598,-22.625010,-9.798030,23.055288,-11.330329,-5.618532,-17.855031,10.032508,29.793804,-65.632674,35.007902,-29.336431,32.504638,-36.705409,-8.163545,11.685764,-70.074742,-38.537864,46.051120,13.832246,2.690712,-3.040020,-15.720491
300.000000,-107.453942,36.681321,77.126825,10.833787,-12.088432,-123.681107,-17.155627,21.175332,16.704493,3.773221,4.575143,-8.720580,-27.826107,-22.522544,-9.540233,22.600649,-10.836928,-5.409183,-18.216123,10.158111,29.793804,-69.765048,34.828839,-32.297687,33.956449,-37.592128,-8.738160,12.230231,-74.539473,-36.920704,48.011295,15.974306,3.734511,-2.744566,-17.616666
301.000000,-107.332170,36.942843,77.060521,11.957240,-12.868726,-123.404271,-18.798252,21.156642,17.033179,3.439744,5.368682,-9.042426,-29.692386,-22.450273,-9.058852,22.554217,-10.364959,-5.410732,-18.510777,10.584217,29.793804,-74.376969,33.991652,-35.792237,36.273847,-39.666587,-9.142370,12.192521,-79.178633,-34.185947,50.454348,19.504143,6.082907,-2.681321,-20.222899
302.000000,-107.314622,37.068748,76.992881,13.071359,-13.518493,-123.155425,-20.087766,21.225621,17.509301,2.973839,5.935839,-9.414927,-31.211646,-22.260741,-8.841379,22.448496,-10.014608,-5.638354,-18.643732,11.332200,29.793804,-77.925027,32.850430,-39.206676,37.946328,-41.202249,-9.261167,11.555520,-82.588851,-31.204040,52.731410,23.022305,9.409563,-3.018432,-22.775295
303.000000,-107.426274,36.996788,76.930970,14.035881,-14.035428,-122.972101,-20.879446,21.302156,18.053267,2.513986,6.144929,-9.781270,-32.165307,-22.018284,-8.866085,22.190723,-9.940969,-5.884821,-18.530956,12.117342,29.793804,-79.572626,30.986256,-40.747775,38.107968,-43.249721,-10.079123,12.819445,-84.494071,-28.952195,54.115510,25.092469,10.391521,-3.603908,-25.607561
304.000000,-107.604599,36.847952,76.862532,14.860869,-14.515743,-122.840634,-21.522512,21.390809,18.321918,2.152207,6.329048,-10.156510,-33.055711,-21.884184,-8.883154,22.223583,-9.983909,-5.960199,-18.052909,12.828778,29.793804,-79.899512,29.426883,-39.594859,37.885799,-43.734835,-11.343990,14.657569,-85.281776,-28.301888,54.421052,25.465524,8.104319,-4.375370,-29.277633
305.000000,-107.824683,36.652359,76.810473,15.443571,-14.921674,-122.797278,-22.022938,21.477168,18.236310,2.119667,6.347367,-10.367741,-33.762851,-21.834385,-8.856436,22.472333,-10.169935,-6.082180,-17.447795,13.680030,29.793804,-79.554826,29.522994,-38.337022,36.307219,-43.343376,-11.801899,14.197457,-84.661397,-28.862867,53.806690,24.278966,6.493982,-5.422768,-31.494583
306.000000,-108.074355,36.427623,76.766330,15.864263,-15.329598,-122.831156,-22.426043,21.527023,17.905503,2.274254,6.242054,-10.411750,-34.398766,-21.818331,-8.694032,22.825157,-10.482657,-6.250552,-16.760857,14.379476,29.793804,-79.021382,30.134856,-38.378512,34.055480,-43.136251,-12.190203,13.989983,-83.800909,-30.178088,53.657437,22.289006,4.821364,-6.398432,-33.308664
307.000000,-108.353877,36.145625,76.748502,16.256372,-15.691451,-122.821920,-22.759980,21.560788,17.681739,2.479560,6.105184,-10.300408,-34.826954,-21.807648,-8.585819,23.055939,-10.796601,-6.437633,-16.238302,14.998455,29.793804,-78.734364,30.783635,-39.252366,32.313208,-42.111938,-12.756769,14.749918,-82.991272,-31.345319,53.665452,20.275068,3.622375,-6.877323,-34.767398
308.000000,-108.642578,35.827219,76.775110,16.649574,-16.038269,-122.737265,-23.092093,21.548697,17.621868,2.718518,6.068620,-10.115882,-35.013578,-21.868712,-8.658015,22.998989,-10.920290,-6.412036,-15.955880,15.466328,29.793804,-79.062035,31.563295,-39.982162,30.933240,-40.799879,-12.792773,15.004268,-82.383085,-31.886086,53.150183,18.799763,2.999270,-7.015198,-35.605418
309.000000,-108.944607,35.493588,76.824808,16.929298,-16.345847,-122.721994,-23.316538,21.542934,17.470847,3.042196,6.047293,-9.977536,-35.007168,-21.923886,-8.760389,22.814521,-10.992076,-6.313919,-15.918985,15.742370,29.793804,-79.716627,33.011073,-40.631429,29.583691,-39.103711,-12.360095,14.246454,-81.937251,-32.239111,52.811627,17.510583,2.344853,-7.106316,-36.107051
310.000000,-109.262252,35.152242,76.873606,17.159608,-16.722745,-122.853104,-23.486085,21.541717,17.266901,3.409827,6.018162,-9.943282,-35.040605,-21.956627,-8.781668,22.589478,-11.035345,-6.176015,-15.934025,15.891263,29.793804,-80.199726,34.805039,-41.486675,28.233994,-37.730293,-12.100217,12.832397,-81.424905,-32.648649,52.732038,16.068288,1.859523,-7.282938,-35.747123
311.000000,-109.587491,34.799469,76.921338,17.347057,-17.169921,-123.102986,-23.580707,21.524199,17.177057,3.777056,5.954350,-9.833446,-35.125884,-21.978434,-8.680442,22.324996,-11.055542,-5.960154,-15.861318,15.975664,29.793804,-80.289557,36.127992,-42.089501,27.106910,-37.180224,-12.118147,11.850540,-80.778824,-33.081765,52.486257,14.612988,1.448177,-7.216516,-35.164546
312.000000,-109.928608,34.444776,76.954520,17.470532,-17.589746,-123.417393,-23.576015,21.541991,17.198466,4.206604,5.754806,-9.632734,-35.176178,-21.953398,-8.470886,22.108718,-11.177866,-5.746995,-15.698534,16.030836,29.793804,-79.756952,36.494500,-41.935514,26.263696,-37.472136,-12.238137,11.474656,-80.017340,-33.265135,51.732256,13.266421,0.814252,-7.013183,-34.890689
313.000000,-110.289967,34.092084,76.971155,17.522095,-17.919078,-123.727735,-23.529387,21.618469,17.150518,4.778199,5.427245,-9.390921,-35.118705,-21.902229,-8.246124,21.990897,-11.453477,-5.599144,-15.538274,16.075747,29.793804,-78.631214,36.260190,-41.459381,25.607486,-37.688321,-12.506466,12.206064,-79.091405,-33.199108,50.815597,11.994864,0.118500,-6.904855,-34.979905
314.000000,-110.666275,33.744627,76.991427,17.486613,-18.188898,-123.969429,-23.558760,21.675947,16.854694,5.584308,5.195992,-9.113701,-34.976576,-21.933257,-8.131969,22.023405,-11.790559,-5.561188,-15.354069,16.078158,29.793804,-77.230520,35.753489,-41.225133,24.958893,-37.626245,-12.986218,13.803001,-78.186500,-33.328311,50.304487,10.659935,-0.805332,-6.769575,-35.111151
315.000000,-111.060476,33.424628,77.050632,17.337866,-18.444600,-124.096482,-23.815731,21.650052,16.186440,6.789786,5.268361,-8.839492,-34.693092,-22.123087,-8.218402,22.090485,-12.113068,-5.563707,-15.043509,16.018832,29.793804,-76.115259,35.235635,-40.943856,24.280417,-36.924795,-13.283713,15.152320,-77.244419,-33.812315,49.909937,9.274851,-1.864329,-6.699900,-35.270042
316.000000,-111.480427,33.155888,77.165812,17.061027,-18.743366,-124.082230,-24.510831,21.512647,15.111266,8.696204,5.802895,-8.686632,-34.208224,-22.489376,-8.399688,21.997210,-12.423138,-5.615195,-14.675256,15.875639,29.793804,-75.366295,34.545171,-40.529994,23.686198,-36.359546,-13.323332,15.875754,-76.148884,-34.484450,49.289917,7.913391,-2.627164,-6.667026,-35.497647
317.000000,-111.928189,32.946587,77.339250,16.698317,-19.163840,-123.956402,-25.909459,21.286425,13.821870,11.698802,6.918257,-8.671172,-33.648319,-22.995575,-8.462071,21.716984,-12.673723,-5.708865,-14.389950,15.479160,29.793804,-75.009766,33.801083,-40.469851,23.381254,-35.932338,-13.321874,16.623103,-74.941204,-35.176304,48.547492,6.570320,-3.012091,-6.611218,-35.695989
318.000000,-112.350655,32.809776,77.545047,16.178241,-19.847501,-123.683498,-28.464888,20.664637,11.938346,16.341641,7.980632,-8.286832,-33.283174,-23.921967,-8.291292,21.538877,-12.914920,-5.752889,-14.289156,14.561267,29.793804,-75.030509,33.012562,-40.716185,23.187575,-35.489325,-13.288097,17.292463,-73.615062,-36.126827,47.619672,5.022662,-3.241783,-6.538618,-35.696795
319.000000,-112.656176,32.484955,77.721030,15.545996,-20.651998,-123.724947,-31.416217,19.071797,9.169485,21.250568,6.751988,-7.149661,-32.756846,-24.952102,-7.902444,20.959045,-13.208273,-5.669672,-14.300250,13.223577,29.793804,-75.144027,32.353715,-40.764440,23.045099,-35.241498,-13.256518,17.762875,-72.548398,-36.842880,46.784771,3.738090,-3.091058,-6.558432,-35.436681
320.000000,-112.693715,31.985855,77.714795,15.115067,-21.072458,-124.231289,-34.233946,17.012604,6.416744,23.666313,2.275594,-6.885811,-32.385366,-25.565856,-7.527300,20.523499,-13.483548,-4.956202,-14.362737,11.885864,29.793804,-74.938889,31.886813,-40.591066,22.766048,-34.876780,-13.337078,18.109507,-71.472363,-37.183359,46.013069,2.633371,-2.236201,-6.689330,-34.245397
321.000000,-112.515640,31.328312,77.500075,15.074368,-20.681524,-125.043046,-36.114021,16.391126,6.639072,21.341578,-3.202804,-6.632896,-31.923095,-25.303942,-7.415556,20.322576,-13.639703,-3.769739,-14.359851,10.924660,29.793804,-74.259647,31.457775,-40.431940,22.371101,-34.314368,-13.456960,18.457403,-70.061854,-37.177778,45.257841,1.712618,-1.522357,-6.923529,-33.597533
322.000000,-112.206864,30.397075,77.094573,15.255139,-19.705604,-126.362417,-37.102144,16.173022,7.409553,15.829628,-7.973471,-6.649549,-31.130653,-24.277913,-7.221437,19.949465,-13.793512,-2.465253,-14.064616,10.297361,29.793804,-73.488109,30.923371,-40.310103,22.199769,-33.582947,-13.389263,18.888251,-68.472558,-36.987749,44.451745,1.124886,-0.916318,-7.174078,-33.298951
323.000000,-111.812389,29.210106,76.576275,15.353339,-18.383171,-128.129714,-37.931329,15.736498,7.558623,11.191165,-11.227763,-6.743993,-30.169424,-23.005636,-6.577649,19.799351,-14.147679,-1.341811,-13.669663,9.755098,29.793804,-72.589031,30.272843,-40.230405,22.079584,-32.707239,-13.255305,19.470194,-66.698491,-37.012737,43.572762,0.739553,0.035122,-7.526535,-32.982734
324.000000,-111.379886,27.899310,75.968176,15.416163,-16.890262,-130.205252,-38.384389,15.289756,7.323854,8.753879,-12.135880,-6.347819,-29.206784,-21.604407,-5.640240,19.895984,-14.630332,-0.503750,-13.220302,9.235369,29.793804,-71.836740,29.847824,-40.505870,22.098549,-31.478487,-12.870347,20.190051,-64.946124,-37.555283,43.004350,0.414536,1.557135,-8.141647,-32.196241
325.000000,-110.915184,26.526791,75.382209,15.263722,-15.616284,-132.794425,-37.848370,14.871147,3.662057,9.421822,-10.403423,-5.087385,-28.562839,-20.312224,-3.980849,20.133909,-14.942442,0.139227,-12.604797,8.428088,29.793804,-71.268052,29.604762,-40.764837,22.544868,-30.016687,-11.863490,21.059801,-63.576856,-38.091688,42.665005,0.402330,3.770157,-8.493520,-30.972698
326.000000,-110.425651,25.296509,75.076109,14.646866,-15.105473,-134.727246,-38.201736,15.539579,3.863578,13.632193,-10.418092,-2.933690,-28.350937,-20.239903,-2.125699,20.497674,-14.981509,0.432110,-12.647595,6.623032,29.793804,-71.171609,29.344757,-40.862331,23.307600,-29.148191,-10.877592,22.000999,-62.799635,-38.407308,42.080830,1.011097,6.428946,-8.718514,-29.550369
327.000000,-109.968078,24.179478,74.963468,13.797543,-15.073889,-136.201763,-38.520949,15.669965,5.351385,17.293337,-10.537325,-2.908011,-28.163197,-20.954525,-0.898194,20.550142,-14.794661,0.527456,-12.765299,4.227413,29.793804,-71.602635,28.768770,-41.202457,24.547280,-28.542905,-10.294654,22.835771,-61.984820,-38.049225,41.333569,2.074807,9.689608,-9.283065,-28.460234
328.000000,-109.521627,23.122364,74.952501,13.527649,-14.686589,-136.728107,-38.166971,15.622917,6.410623,18.891202,-11.647186,-2.357647,-27.430687,-21.511081,-0.912814,20.244969,-14.261675,0.367522,-13.249786,2.582298,29.793804,-72.147876,27.769222,-41.514105,26.495373,-27.187787,-9.975348,23.449747,-60.982442,-37.537077,40.464161,3.574413,12.327931,-9.811904,-26.909574
329.000000,-109.045184,22.126918,75.095195,13.470240,-14.092290,-136.898762,-37.730761,15.297225,6.518741,19.807431,-12.661410,-1.519913,-26.640427,-21.878334,-1.353866,20.090568,-13.005755,0.059559,-13.928526,1.574843,29.793804,-72.565214,26.641344,-41.865187,28.837752,-25.681557,-9.882769,23.732153,-59.949014,-37.302750,39.656184,5.165339,14.872872,-10.205965,-24.741590
330.000000,-108.588850,21.353415,75.410271,13.446530,-13.510774,-137.067942,-36.975410,15.022226,6.707154,19.738523,-12.776680,-1.213781,-26.300096,-22.110413,-2.205089,20.448302,-11.134652,-0.206166,-14.451972,0.793290,29.793804,-73.026518,25.448547,-42.671771,31.180346,-25.144037,-9.719109,24.085731,-58.830578,-37.066446,38.854351,6.427704,17.430991,-10.805249,-23.524626
331.000000,-108.221245,20.774564,75.806540,13.457058,-12.967385,-137.495916,-35.788166,15.065825,7.173781,18.760312,-12.460154,-1.140650,-26.432101,-22.203905,-3.269075,21.186803,-8.419823,-0.321697,-14.618488,0.020863,29.793804,-73.353035,24.498676,-43.538809,33.408166,-24.685192,-9.680360,24.646113,-57.899056,-36.549766,38.372986,7.166420,19.513811,-11.661693,-23.539796
332.000000,-107.900107,20.342557,76.225710,13.633025,-12.443226,-138.038093,-34.577460,15.379107,7.603841,17.348286,-11.902597,-1.130438,-26.960073,-21.993552,-4.378695,22.143823,-5.613759,-0.378649,-14.592216,-0.631644,29.793804,-73.538140,23.848058,-44.022301,35.512028,-24.246374,-9.418621,25.043669,-57.431168,-35.637636,38.274020,7.301346,22.153293,-12.476625,-24.194888
333.000000,-107.688844,20.072964,76.600164,13.864633,-11.930189,-138.600851,-33.424070,15.923396,8.062883,15.913004,-11.259229,-1.423078,-27.593927,-21.346324,-5.308201,23.120595,-3.969390,-0.268112,-14.465197,-1.184259,29.793804,-73.440653,23.215944,-44.133291,37.256377,-25.293434,-8.928252,25.330472,-57.287652,-34.373897,38.499311,7.444142,25.384413,-12.918749,-24.950316
334.000000,-107.645845,19.953585,76.845837,14.001279,-11.458334,-138.798371,-32.481344,16.334099,8.333891,14.820933,-10.746876,-2.032202,-28.030854,-19.779695,-4.719201,23.146516,-4.705578,0.718428,-14.462666,-1.628645,29.793804,-73.216418,22.681752,-44.232288,38.620253,-26.913864,-8.910748,25.659218,-57.480714,-33.107047,39.061876,8.472711,28.039279,-13.193322,-26.465538
335.000000,-107.678437,19.995201,76.927429,13.868903,-11.135412,-138.847797,-31.794046,16.485032,8.486991,14.222430,-10.482469,-2.561011,-28.505892,-18.165284,-3.587502,21.698080,-7.138937,1.920872,-14.462654,-2.013336,29.793804,-73.232168,22.425524,-44.739016,39.948424,-27.268364,-9.012809,26.212731,-58.169839,-31.818774,39.819842,10.379923,29.617445,-13.544940,-28.066357
336.000000,-107.719207,20.158322,76.869607,13.423135,-10.977240,-138.968937,-31.261424,16.423728,8.706687,14.066991,-10.466934,-2.863120,-28.983935,-17.927286,-4.357067,19.185030,-9.655691,2.443890,-14.272921,-2.318298,29.793804,-73.276032,21.965873,-44.887122,41.174289,-28.073930,-9.199761,26.245897,-59.223150,-30.595197,40.561468,12.296036,29.868065,-14.189167,-30.218413
337.000000,-107.855690,20.367229,76.716238,12.764287,-10.831514,-138.566023,-30.843410,15.908388,8.509900,14.171939,-10.544741,-3.049437,-29.157009,-17.905553,-4.669186,16.433777,-11.186731,2.787979,-14.414906,-2.433732,29.793804,-73.283538,21.525618,-44.839994,42.156809,-28.948008,-9.440212,26.247942,-60.083248,-29.703485,41.211531,13.545629,29.565058,-14.929663,-32.961670
338.000000,-108.119249,20.641638,76.493150,11.904266,-10.688889,-137.719727,-30.510189,15.049869,7.922182,14.556948,-10.754764,-2.996564,-29.100841,-17.708316,-3.716394,14.780852,-11.224393,3.174059,-14.857632,-2.434412,29.793804,-73.288667,21.125811,-45.002078,42.946546,-29.507469,-9.527581,26.220244,-60.685609,-29.249862,41.848576,14.522948,28.982572,-15.401610,-34.399500
339.000000,-108.450365,21.026790,76.287329,11.107116,-10.485563,-136.660099,-30.328171,14.239434,7.054572,15.016922,-10.926271,-2.676538,-28.756589,-17.299628,-1.223244,15.256322,-9.927029,2.833110,-15.397630,-2.169666,29.793804,-73.294985,20.755900,-45.247507,43.449210,-29.740539,-9.459174,26.344835,-61.049781,-29.308874,42.453550,15.199078,28.968308,-15.525309,-34.452567
340.000000,-108.715498,21.490142,76.214767,10.518893,-10.232951,-136.104630,-30.082902,13.922446,6.441320,15.156473,-10.826078,-2.154949,-28.538634,-18.045486,-2.059543,16.485990,-8.821916,1.211316,-15.580959,-1.548649,29.793804,-73.088318,20.434090,-45.484163,43.849493,-30.282610,-9.596607,26.482937,-61.456218,-29.428673,43.176395,15.981604,29.080166,-15.454582,-33.029921
341.000000,-108.991814,21.937400,76.277560,9.947330,-10.011838,-135.853889,-29.450929,13.735505,6.103927,14.745851,-10.478256,-1.687823,-28.445551,-18.274798,-2.527380,17.259395,-7.704623,0.335485,-15.575936,-0.855898,29.793804,-72.408884,19.943975,-45.115708,44.428352,-30.878131,-9.825152,26.839107,-61.831476,-29.397278,43.968714,16.873123,29.090363,-15.355367,-31.874263
342.000000,-109.342027,22.363198,76.353997,9.396081,-9.832570,-136.054123,-28.530943,13.902293,6.143450,14.097779,-10.028008,-1.825446,-28.324181,-18.184277,-2.708897,17.919520,-7.405022,0.082816,-15.237573,-0.009174,29.793804,-71.376679,19.762061,-44.850915,44.597788,-31.319436,-10.058353,27.169154,-62.183688,-29.256251,44.780499,17.594398,29.219853,-15.211934,-31.285296
343.000000,-109.734273,22.723927,76.407111,8.964126,-9.628036,-136.216172,-27.555288,14.186609,6.260477,13.282659,-9.503187,-2.291632,-27.964862,-17.984868,-2.818890,18.285730,-7.585773,0.144858,-14.924218,1.063105,29.793804,-69.966190,20.199523,-44.943516,43.812986,-30.812233,-10.203058,27.398407,-62.456800,-29.203382,45.542673,17.854494,29.795515,-15.034607,-30.769657
344.000000,-110.129476,22.954364,76.496005,8.567272,-9.343455,-136.294738,-26.415362,14.406068,6.511989,12.433568,-9.233004,-2.578874,-27.058964,-17.815838,-3.296091,18.047037,-7.714857,0.524789,-14.655981,2.162574,29.793804,-68.256512,20.872797,-44.813503,42.604545,-30.361379,-10.505669,27.390080,-62.590576,-29.391086,46.254256,17.685289,30.061237,-14.611895,-29.712368
345.000000,-110.424936,23.161130,76.579696,8.155395,-9.025302,-136.381724,-25.398067,14.595511,6.722449,11.742395,-8.880492,-2.773671,-26.282160,-17.713684,-3.659172,17.914232,-7.669976,1.028267,-14.517874,3.274304,29.793804,-65.859027,21.617364,-44.135637,40.821432,-29.767501,-10.995219,27.576486,-62.602652,-29.800587,47.236769,17.004459,29.698523,-14.046532,-28.118490
346.000000,-110.723937,23.302574,76.649618,7.726649,-8.722718,-136.582283,-24.302655,14.827429,7.088277,11.077856,-8.618434,-3.090059,-25.607272,-17.602096,-3.896842,17.958271,-7.815353,1.146062,-14.325634,4.294937,29.793804,-63.234124,22.336962,-43.136661,38.742039,-29.135186,-11.520530,27.739297,-62.475201,-30.023155,48.014673,16.127077,29.152805,-13.773233,-27.862860
347.000000,-111.031842,23.384531,76.712090,7.257747,-8.341516,-136.862757,-23.034842,15.106382,7.506896,10.411906,-8.521205,-3.449731,-24.945446,-17.401430,-3.963764,18.217708,-8.229837,0.928921,-14.137702,5.127934,29.793804,-60.598299,23.061545,-42.290059,36.817940,-28.466659,-11.854135,27.717037,-62.140050,-29.981307,48.690250,15.255400,28.750954,-13.462027,-27.307521
348.000000,-111.293137,23.423760,76.776624,6.668849,-7.810384,-137.064055,-21.621148,15.286003,7.751114,9.762393,-8.463859,-3.735953,-24.190927,-17.312692,-3.958568,18.703525,-8.695703,0.740448,-14.228436,5.805280,29.793804,-57.395104,23.911162,-41.347595,34.368542,-28.342772,-12.246374,27.057967,-61.562066,-30.049154,49.550106,14.074126,28.587815,-12.903928,-25.835520
349.000000,-111.595249,23.335953,76.862824,6.109012,-7.169790,-137.019872,-20.217913,15.347679,7.740705,9.326249,-8.692545,-3.824775,-22.956665,-17.275644,-4.219556,18.891885,-9.344310,0.461909,-14.439375,6.426186,29.793804,-54.469891,24.905183,-40.669668,31.934952,-28.447263,-12.363064,25.625833,-61.102865,-30.538302,50.388112,12.565029,28.394952,-12.367754,-24.303939
350.000000,-111.903703,23.215026,76.939112,5.577931,-6.540569,-136.883799,-18.881232,15.375242,7.659034,8.965009,-8.993511,-3.883450,-21.697918,-17.275176,-4.510257,19.070385,-10.000788,0.169933,-14.623326,6.851849,29.793804,-51.846405,26.183858,-40.332335,29.549417,-28.204610,-12.023512,23.977458,-60.704058,-31.298201,51.343396,10.814534,28.660174,-11.932299,-22.662472
351.000000,-112.224245,23.060957,77.004486,5.061514,-5.964217,-136.730395,-17.585598,15.374182,7.605107,8.645827,-9.314219,-3.961698,-20.440159,-17.319155,-4.828242,19.150206,-10.473421,0.024288,-14.680838,7.050578,29.657214,-49.345617,27.483208,-40.223295,27.164050,-28.905019,-11.781089,21.837744,-60.204477,-32.136300,52.347639,9.074782,29.632690,-11.791624,-20.882776
352.000000,-112.542248,22.872005,77.073282,4.498865,-5.345717,-136.661405,-16.216160,15.396853,7.596174,8.425482,-9.717013,-4.019654,-19.047789,-17.340006,-5.111645,19.083627,-10.932910,0.027619,-14.516539,7.239401,29.457991,-46.885912,28.496996,-39.973634,24.822624,-29.838440,-11.686199,19.766716,-59.542830,-33.128135,53.230775,7.321147,30.582011,-11.247863,-19.256506
353.000000,-112.849414,22.652200,77.146071,3.996261,-4.773588,-136.728063,-14.934055,15.467725,7.617505,8.342728,-10.260295,-3.936346,-17.725702,-17.291406,-5.326910,18.897571,-11.359690,-0.102192,-14.118641,7.391637,29.258263,-44.641819,29.284303,-39.551658,22.469142,-30.832218,-11.547184,18.036448,-59.023933,-34.259597,54.063324,5.494013,31.477982,-10.729869,-17.728287
354.000000,-113.129294,22.410661,77.213013,3.564166,-4.263107,-136.862944,-13.777808,15.553879,7.687329,8.335366,-10.795652,-3.765391,-16.501158,-17.222447,-5.476876,18.613587,-11.665931,-0.232747,-13.687475,7.348793,29.085049,-42.514953,30.249692,-39.128012,19.875461,-32.176697,-11.350834,16.252640,-58.653765,-35.166626,54.735743,3.815633,32.381568,-10.373877,-16.238717
355.000000,-113.382196,22.146703,77.274638,3.143407,-3.744955,-136.973863,-12.676051,15.618703,7.765182,8.403371,-11.317311,-3.600391,-15.234416,-17.172071,-5.628305,18.215264,-11.760242,-0.186075,-13.418302,7.134409,28.909694,-40.295524,31.389784,-38.642977,17.071942,-33.681531,-11.241351,14.655815,-58.337472,-35.908350,55.567892,2.216909,33.711560,-10.022523,-14.908488
356.000000,-113.593030,21.852553,77.337545,2.763494,-3.231487,-137.089205,-11.637695,15.679312,7.862454,8.504150,-11.805851,-3.482487,-13.926401,-17.128465,-5.810910,17.643555,-11.759354,0.007648,-13.195633,6.840424,28.758160,-38.091378,32.560570,-38.277514,14.244860,-35.284764,-11.248195,13.314358,-58.290747,-36.749867,56.655326,0.528492,35.130463,-9.671462,-13.675820
357.000000,-113.763011,21.540515,77.386230,2.491078,-2.807739,-137.243227,-10.771473,15.753568,8.006663,8.637133,-12.305288,-3.420981,-12.754374,-17.086772,-5.986384,16.973862,-11.724041,0.263695,-12.972633,6.492779,28.612856,-35.965563,33.639839,-37.967956,11.439896,-37.229329,-11.380130,11.995858,-58.468516,-37.589065,57.693399,-1.137585,36.459857,-9.234005,-12.338643
358.000000,-113.872468,21.234988,77.426445,2.382957,-2.530712,-137.399502,-10.203642,15.823200,8.135448,8.769710,-12.741079,-3.371419,-11.894912,-17.046627,-6.139185,16.309030,-11.619967,0.527233,-12.756475,6.070768,28.507154,-33.794697,34.404117,-37.559815,8.681549,-39.833646,-11.472991,10.921391,-58.686522,-38.258075,58.659126,-2.601590,38.201876,-8.828656,-11.368496
359.000000,-113.915324,20.944169,77.454865,2.434617,-2.417952,-137.514673,-9.990301,15.858777,8.232089,8.963452,-13.144925,-3.330617,-11.345579,-17.036128,-6.320854,15.664542,-11.415679,0.805429,-12.540699,5.581085,28.437300,-31.643857,34.787076,-36.767393,5.954845,-42.487000,-11.956024,9.949898,-58.837941,-38.922936,59.369527,-3.994481,40.072621,-8.533544,-10.388135
360.000000,-113.900721,20.652121,77.474797,2.611913,-2.444312,-137.489405,-10.116826,15.806511,8.205134,9.243861,-13.549149,-3.284741,-10.962869,-17.103238,-6.591984,14.968312,-11.172124,1.075648,-12.310890,4.979054,28.398111,-29.580941,34.630879,-35.511731,3.233656,-44.488376,-12.414557,9.421705,-58.638629,-39.550764,59.533384,-5.499569,41.750300,-8.454072,-9.747222
361.000000,-113.837981,20.335966,77.485669,2.905211,-2.610070,-137.288562,-10.488736,15.658591,8.131627,9.451175,-13.821392,-3.307067,-10.766658,-17.265895,-6.915604,14.295440,-10.778868,1.360456,-12.017866,4.218079,28.413194,-27.770567,34.046335,-34.282215,0.633870,-46.564128,-12.645014,8.937536,-58.174818,-40.112011,59.310638,-7.007424,43.384187,-8.418901,-9.306698
362.000000,-113.800693,19.939844,77.481216,3.188760,-2.694162,-137.022827,-10.675204,15.552315,8.184464,9.558653,-14.051020,-3.514765,-10.335708,-17.435210,-7.450682,13.595777,-10.479482,1.653348,-11.625885,3.388522,28.404691,-26.256760,33.342456,-33.449806,-1.277697,-48.202045,-12.848059,8.445192,-57.705755,-40.597487,59.164014,-8.315714,44.364387,-8.532824,-9.008878
363.000000,-113.713074,19.521065,77.475697,3.462216,-2.763864,-136.697577,-10.930781,15.414929,8.183212,9.714534,-14.172890,-3.662254,-9.999836,-17.704209,-8.001981,13.091695,-10.104497,1.995577,-11.216423,2.542438,28.382542,-24.940687,33.070605,-32.925183,-2.956378,-48.952960,-12.869642,8.342414,-57.481581,-41.383566,59.261658,-9.807392,44.420931,-8.640047,-8.974358
364.000000,-113.657236,19.045453,77.469957,3.686576,-2.761139,-136.365286,-11.086983,15.277086,8.153018,9.927422,-14.260569,-3.649566,-9.636200,-18.010575,-8.744623,12.811148,-9.693118,2.179097,-10.693205,1.714981,28.321887,-23.770426,32.919336,-32.752014,-4.454561,-48.892980,-13.118464,9.106070,-57.144914,-42.268872,59.528322,-11.328415,44.216766,-8.717837,-9.109569
365.000000,-113.598001,18.565069,77.482700,3.866278,-2.650178,-136.191758,-11.133463,15.259536,8.162726,10.191142,-14.238575,-3.695464,-9.492096,-18.270123,-9.309675,13.024283,-9.201350,2.220550,-9.910277,0.966968,28.280282,-22.317413,32.618480,-32.661162,-6.240974,-48.403857,-13.363843,10.023881,-56.386012,-43.108964,59.526191,-13.019496,43.812750,-8.610101,-9.401730
366.000000,-113.612294,17.982689,77.510136,3.925055,-2.342000,-135.972461,-10.848881,15.260806,8.136303,10.538884,-14.424926,-3.652713,-9.036987,-18.508807,-9.994011,13.489074,-8.789346,2.209219,-9.024629,0.314132,28.194744,-21.035179,32.187967,-32.408448,-7.700165,-47.422229,-13.602148,10.735628,-55.486462,-43.855934,59.102330,-14.747072,42.961483,-8.800384,-9.720406
367.000000,-113.663173,17.407095,77.590960,3.954166,-1.952214,-135.772837,-10.408411,15.311951,8.133230,10.799616,-14.493151,-3.543047,-8.603267,-18.751979,-11.127655,14.273245,-8.180064,2.073946,-8.060415,-0.335634,28.131789,-19.988403,31.739722,-31.591199,-8.934611,-45.879320,-13.793560,11.312894,-54.497092,-44.331633,58.191354,-16.335755,41.800771,-9.126060,-9.962762
368.000000,-113.703382,16.842690,77.744514,4.064958,-1.539565,-135.517195,-10.008345,15.384417,8.096316,10.984621,-14.485028,-3.375676,-8.444544,-18.980537,-12.424754,15.524779,-7.299705,1.748231,-7.205897,-0.967952,28.088617,-19.115679,31.158660,-30.343655,-9.908216,-44.449160,-13.867997,11.623893,-53.600511,-44.419988,57.021568,-17.530529,40.560979,-9.323983,-10.476049
369.000000,-113.731253,16.293733,77.947086,4.266138,-1.054844,-135.139120,-9.612550,15.513620,7.922300,11.002496,-14.418191,-3.148512,-8.810058,-19.023125,-12.569762,17.496926,-6.116793,1.308461,-6.468407,-1.460252,28.068247,-18.578494,30.508546,-29.058265,-10.726610,-43.051563,-13.798621,11.766197,-52.567707,-44.432635,55.609949,-18.616963,39.163290,-9.694035,-10.567462
370.000000,-113.769996,15.710890,78.136641,4.517855,-0.551007,-134.473403,-9.260313,15.572266,7.408017,10.884334,-14.415664,-2.893968,-9.474684,-18.998444,-11.767434,19.906390,-4.627612,1.124426,-6.096993,-1.835966,28.041027,-18.281466,30.128016,-27.911356,-11.540948,-41.288958,-13.731304,11.720568,-51.662820,-44.809384,54.355687,-19.861464,38.203287,-10.397670,-10.441704
371.000000,-113.823867,15.167142,78.292590,4.730974,-0.011309,-133.742157,-8.847992,15.648996,6.724020,10.655957,-14.460392,-2.722234,-10.328103,-18.874202,-10.445621,22.568774,-2.769282,1.183072,-6.014512,-2.155752,28.026262,-17.975513,30.108850,-27.013844,-12.368080,-39.780278,-13.613697,11.459781,-50.827338,-45.250826,53.260104,-21.083295,37.447660,-10.798861,-10.144100
372.000000,-113.897407,14.682181,78.401470,4.900559,0.454991,-133.133157,-8.390814,15.736228,6.137547,10.358480,-14.618768,-2.478269,-11.529770,-18.693304,-8.846399,25.550006,-0.822653,1.489470,-6.083639,-2.583414,28.011432,-17.634478,30.340943,-26.820771,-13.209945,-38.877321,-13.690371,11.727150,-50.087075,-45.333424,52.480192,-22.243933,36.843649,-10.789677,-10.171012
373.000000,-114.002156,14.285192,78.475851,4.973752,0.951544,-132.826575,-7.677972,15.964744,5.840098,9.948249,-14.836827,-2.375501,-12.835246,-18.434177,-7.394056,28.599544,1.081864,1.732582,-6.063115,-3.093148,27.987540,-17.322528,30.915154,-26.993567,-13.797150,-37.801511,-13.954352,12.104448,-49.826466,-45.356872,52.073536,-23.312400,36.038288,-10.798533,-10.324743
374.000000,-114.214468,14.000943,78.539664,4.964333,1.521579,-132.646236,-6.777291,16.379285,5.689020,9.503785,-15.029645,-2.458556,-13.750586,-17.656563,-6.016617,30.976380,1.400474,1.657808,-5.969845,-3.573815,27.917398,-17.167730,31.821981,-26.945677,-14.077540,-36.380371,-13.956874,12.236028,-49.842158,-45.333526,51.758272,-24.061548,34.999720,-10.876993,-10.586675
375.000000,-114.630270,13.864090,78.554231,4.815206,1.935233,-132.374145,-5.891937,16.752796,5.600173,9.096725,-15.168672,-2.855574,-13.799468,-16.068333,-4.488081,31.135704,-1.502182,2.049161,-5.795767,-4.152495,27.756098,-17.256620,32.383880,-26.956149,-14.024880,-35.489868,-13.838635,12.333109,-49.833514,-45.386228,51.447208,-24.681630,34.408061,-10.869148,-10.856533
376.000000,-115.166509,13.832198,78.459263,4.386456,2.027088,-132.231579,-5.028169,16.815589,5.770718,8.904502,-15.428936,-3.303895,-12.929639,-14.868880,-4.189638,28.107958,-5.560090,3.051957,-5.469408,-4.866226,27.549805,-17.496793,32.458667,-26.914726,-13.881479,-34.855196,-13.769800,12.499554,-49.955870,-45.635544,51.257192,-25.104393,34.201817,-10.876001,-11.139598
377.000000,-115.693784,13.851520,78.248531,3.571495,1.654948,-132.433635,-4.190423,16.308943,6.339133,8.959021,-15.794865,-3.361427,-11.911064,-15.207495,-5.598145,23.838316,-7.161793,3.773152,-4.951366,-5.925501,27.245440,-17.717769,32.284784,-26.667091,-13.769358,-34.490413,-13.763711,12.649427,-50.266777,-45.922432,51.222403,-25.367835,34.035533,-10.823966,-11.384883
378.000000,-116.268837,13.889322,78.008687,2.884082,1.026524,-133.004668,-3.556806,15.797664,7.131571,9.123999,-16.306027,-3.053815,-10.925008,-16.339474,-8.579240,20.702442,-6.826165,3.141739,-4.203199,-6.932367,26.260759,-17.585384,32.144595,-26.547714,-13.823551,-34.367033,-13.800934,12.631847,-50.648909,-46.222359,51.391767,-25.667264,33.937058,-10.759594,-11.323512
379.000000,-116.896462,13.975391,77.819020,2.562880,0.564239,-133.716950,-3.057505,15.809991,7.933523,9.230049,-16.751228,-3.089796,-9.612735,-17.170471,-11.885143,19.409176,-7.894271,2.338084,-3.425444,-7.518755,24.969992,-17.355912,32.159751,-26.493175,-13.985947,-34.222366,-13.834104,12.150145,-51.210095,-46.510860,51.555730,-26.089087,33.699293,-10.752611,-11.047781
380.000000,-117.550147,14.093016,77.682400,2.256154,0.335496,-134.063765,-2.489194,15.964133,8.457124,9.236225,-16.975260,-3.434973,-8.230071,-17.195232,-13.201318,17.698425,-9.010922,2.052287,-3.149581,-7.733428,23.768993,-16.966999,32.052760,-26.142793,-13.960925,-34.201278,-13.768718,11.207755,-51.754973,-46.683732,51.661140,-26.510099,33.617652,-10.772407,-10.867508
381.000000,-118.091774,14.228663,77.628797,2.056822,0.190429,-134.351886,-2.015446,16.174279,8.947456,9.184392,-17.031457,-3.640957,-7.720737,-16.978394,-12.960849,17.106125,-9.572226,2.243349,-3.270135,-7.457259,22.612057,-16.301059,31.963588,-25.376540,-13.331749,-33.455291,-13.440417,10.598042,-52.455457,-46.924021,51.624783,-27.030959,33.866359,-10.885850,-10.725896
382.000000,-118.543208,14.324446,77.636188,1.997256,0.187935,-134.507377,-1.566456,16.496488,9.285344,8.946195,-16.860773,-4.064912,-7.469119,-16.726848,-12.848756,17.044621,-9.697685,2.717510,-3.962843,-6.618142,21.675609,-15.488108,32.109904,-24.915591,-11.825140,-31.518936,-13.035771,10.575628,-53.536754,-47.213696,51.428965,-27.875249,34.796628,-11.112650,-10.718495
383.000000,-118.933558,14.400277,77.662855,2.009493,0.285196,-134.566482,-1.079270,16.885910,9.540056,8.501645,-16.531308,-4.702403,-7.109956,-16.435588,-13.304234,16.953916,-9.849195,2.915699,-5.100054,-5.504656,20.828211,-14.438219,32.087522,-25.301471,-9.650315,-30.892543,-12.561144,10.368594,-54.778684,-47.347660,51.232511,-29.020524,35.998123,-11.323426,-10.961762
384.000000,-119.257057,14.472765,77.656204,2.004779,0.227259,-134.640290,-0.682161,17.067161,9.760824,7.967329,-16.320510,-5.061930,-6.835163,-16.304199,-13.832588,16.758801,-10.244766,2.731711,-6.298581,-4.419550,19.915285,-13.527852,32.198710,-26.234355,-6.845144,-30.571093,-12.032389,10.099457,-56.243562,-47.628299,50.944824,-30.277778,36.437331,-11.380738,-11.142399
385.000000,-119.516575,14.568886,77.612561,1.977462,0.157165,-134.649237,-0.412636,17.174292,9.810893,7.550475,-16.347590,-5.107414,-6.584455,-16.201567,-14.146303,16.557712,-10.844489,2.328826,-7.482806,-3.352967,19.033446,-12.826309,32.281526,-27.272561,-3.187018,-30.445790,-11.378293,9.751966,-57.668879,-47.994144,50.696113,-31.415540,36.689416,-11.360981,-11.387191
386.000000,-119.697928,14.612009,77.583420,1.873736,0.257863,-134.542433,-0.106141,17.276562,9.717053,7.320048,-16.358086,-5.194959,-6.234795,-16.100352,-14.214498,16.502604,-11.177307,2.248424,-8.652411,-2.335312,18.540460,-12.443322,31.985001,-27.996725,1.375359,-30.416164,-10.717806,9.420602,-58.832374,-48.268349,50.597884,-32.270472,37.593040,-11.378667,-11.591935
387.000000,-119.847453,14.699581,77.581263,1.723026,0.397196,-134.601020,0.264083,17.434633,9.849545,7.147227,-16.126476,-5.626784,-5.962747,-15.995770,-14.412302,16.553274,-11.412659,2.092740,-9.480299,-1.404870,18.286083,-12.421909,31.795128,-28.379791,6.512494,-29.011239,-9.975347,9.104341,-59.819186,-48.624048,50.666159,-32.871730,38.795068,-11.388157,-11.617620
388.000000,-119.924474,14.686166,77.592468,1.550990,0.480524,-134.713231,0.654910,17.419552,10.022135,6.980578,-16.031560,-5.694920,-5.699833,-16.035351,-14.582029,16.537315,-11.573910,1.974634,-10.068594,-0.476728,18.047132,-12.343871,31.323852,-28.678646,11.889709,-27.706813,-9.083444,8.759180,-60.702869,-49.158818,50.829995,-33.343447,39.452395,-11.357447,-11.377351
389.000000,-119.976580,14.690746,77.592564,1.400838,0.542438,-134.796744,0.965024,17.387056,10.175581,6.845617,-16.005227,-5.604841,-5.556719,-16.065664,-14.539480,16.603867,-11.704229,1.907470,-10.547415,0.373156,17.827922,-11.983493,30.532865,-28.940184,17.194224,-26.984512,-8.384275,8.611674,-61.439109,-49.667527,51.129437,-33.756834,39.628153,-11.292995,-11.202799
390.000000,-119.991732,14.729254,77.579916,1.258380,0.680580,-134.755848,1.166151,17.412951,10.160741,6.843468,-16.038959,-5.509790,-5.358466,-16.067965,-14.603376,16.698081,-11.848246,1.785649,-10.922003,1.211858,17.692242,-11.496261,29.614894,-29.251627,22.018343,-26.615299,-7.729604,8.360041,-61.778043,-50.206139,51.472008,-34.135718,39.987336,-11.241628,-11.133621
391.000000,-119.965458,14.823657,77.568817,1.134835,0.846933,-134.631919,1.197308,17.484263,10.006930,6.981766,-16.028171,-5.502840,-5.151317,-16.036920,-14.749334,16.749668,-11.973433,1.583545,-11.128163,1.978142,17.621314,-10.917009,28.771892,-29.330888,26.134254,-26.641489,-6.942957,7.717526,-61.751945,-50.742988,51.631763,-34.453363,40.535404,-11.209393,-11.117968
392.000000,-119.925594,14.905825,77.567297,1.002481,0.973750,-134.504892,1.209082,17.492330,9.850584,7.104032,-15.965654,-5.536210,-4.934969,-16.051766,-14.901873,16.722205,-12.041747,1.458648,-11.233785,2.486971,17.637695,-10.169709,28.109193,-29.032935,29.620577,-27.313715,-6.292278,7.208830,-61.662818,-51.070882,51.564718,-34.729716,40.855565,-11.172990,-11.166330
393.000000,-119.845045,14.998715,77.565944,0.869433,1.091444,-134.254863,1.119466,17.445464,9.570821,7.250111,-15.893758,-5.546783,-4.673261,-16.113279,-15.135802,16.614138,-12.025525,1.475557,-11.295109,2.914632,17.624233,-9.345204,27.676376,-28.798506,32.821340,-28.027410,-5.718291,7.135219,-61.576143,-51.381133,51.440702,-34.996144,41.035797,-11.160511,-11.316711
394.000000,-119.738019,15.093365,77.567142,0.694285,1.222313,-134.010803,1.131963,17.350924,9.328491,7.263550,-15.789253,-5.563330,-4.377249,-16.200599,-15.325754,16.467156,-11.972745,1.556769,-11.150025,3.295572,17.564793,-8.534617,27.419060,-28.661215,36.003402,-28.101982,-5.192256,7.403714,-61.490998,-51.695861,51.325036,-35.252929,41.258847,-11.181721,-11.453819
395.000000,-119.610465,15.183951,77.571505,0.506379,1.332536,-133.848540,1.250656,17.228514,9.192933,7.134419,-15.672357,-5.569063,-4.126560,-16.287052,-15.409373,16.314609,-11.934391,1.588243,-10.767234,3.618501,17.479926,-7.766451,27.247873,-28.525679,38.921980,-27.832782,-4.798043,7.546582,-61.391339,-52.033371,51.155132,-35.523254,41.577025,-11.179892,-11.358590
396.000000,-119.421613,15.309724,77.579379,0.368501,1.442639,-133.686651,1.260223,17.151718,9.045547,7.048916,-15.572679,-5.580091,-3.979286,-16.339435,-15.480941,16.190938,-11.888202,1.550279,-10.232617,3.922779,17.473972,-6.419308,27.073231,-27.449400,40.184499,-27.103540,-3.997254,7.199314,-61.111574,-52.320847,50.902419,-35.788555,41.753909,-11.048148,-11.235963
397.000000,-119.301748,15.430395,77.572507,0.223669,1.577103,-133.450983,1.188434,17.069619,8.680889,7.040487,-15.484802,-5.532704,-3.744851,-16.400466,-15.623393,16.031781,-11.806399,1.528599,-9.660160,4.166063,17.249822,-4.469288,26.872928,-25.670129,43.041574,-26.441807,-2.606909,7.871754,-60.903820,-52.723678,50.555226,-36.176992,42.378732,-10.987506,-11.435638
398.000000,-119.080257,15.592432,77.579033,0.049234,1.664013,-133.169443,1.085286,16.902845,8.335572,6.905133,-15.173492,-5.620955,-3.736795,-16.602899,-15.683636,16.131877,-11.729206,1.650791,-9.286727,4.444289,17.145747,-2.645556,26.677100,-25.498440,45.100825,-26.859302,-2.084597,7.389212,-60.149146,-53.136088,50.204749,-37.037486,42.946160,-10.979054,-10.823528
399.000000,-118.947208,15.740541,77.557957,-0.052275,1.804042,-132.907269,0.927044,16.893095,7.998054,7.071399,-15.271391,-5.569208,-3.457158,-16.544566,-15.856243,15.891601,-11.815296,1.539457,-8.842716,4.400279,16.829791,-1.427985,27.336119,-24.710523,48.148199,-27.632720,-1.596133,8.315376,-60.519745,-53.350659,49.962605,-37.365513,43.431462,-10.963814,-11.313984
400.000000,-118.776083,15.910465,77.543592,-0.208608,1.930097,-132.686632,0.797478,16.825293,7.685614,7.170040,-15.253841,-5.525979,-3.282580,-16.572686,-15.903472,15.750261,-11.854376,1.521033,-8.480358,4.281582,16.753459,0.012331,27.903865,-23.945796,50.478878,-28.289255,-1.182911,8.662207,-60.837403,-53.472117,49.709546,-37.852697,43.674033,-11.022265,-11.632420
401.000000,-118.621767,16.059002,77.531385,-0.391159,2.074601,-132.541065,0.761185,16.764771,7.446982,7.274038,-15.277663,-5.448806,-3.047647,-16.590436,-15.917903,15.567225,-11.875358,1.557347,-8.015122,4.172359,16.613383,1.640796,28.428940,-23.104990,52.358792,-28.856378,-0.894574,8.705401,-61.101827,-53.766228,49.532074,-38.409029,43.983037,-11.156854,-11.938849
402.000000,-118.482077,16.199213,77.523297,-0.575230,2.225954,-132.455156,0.795706,16.726252,7.310102,7.343019,-15.280410,-5.435863,-2.828249,-16.588441,-15.882970,15.397342,-11.864089,1.645965,-7.493121,4.022595,16.487038,3.349930,28.908369,-22.149501,53.859037,-29.473684,-0.650257,8.628936,-61.264905,-54.156488,49.333070,-39.023299,44.566363,-11.275637,-12.179738
403.000000,-118.343031,16.335930,77.513063,-0.748902,2.364798,-132.437786,0.869010,16.699321,7.266178,7.374017,-15.277851,-5.430437,-2.693884,-16.599376,-15.820465,15.305988,-11.787079,1.748841,-6.946741,3.812840,16.349596,5.104380,29.260708,-20.895085,55.156158,-30.354761,-0.546036,8.897592,-61.370855,-54.584840,49.098815,-39.652663,45.221323,-11.405087,-12.441669
404.000000,-118.206894,16.459548,77.503204,-0.929338,2.521560,-132.482580,0.968424,16.690786,7.264144,7.456559,-15.287461,-5.390688,-2.608079,-16.607021,-15.705822,15.309473,-11.708170,1.783933,-6.464718,3.580775,16.160926,6.986293,29.385922,-19.447413,56.480976,-31.788295,-0.392880,9.104585,-61.466382,-55.006467,48.930987,-40.307993,45.675159,-11.496291,-12.602601
405.000000,-118.080866,16.570839,77.499622,-1.113925,2.710638,-132.558309,1.103359,16.712173,7.280078,7.568142,-15.270665,-5.376507,-2.502795,-16.557234,-15.529984,15.317813,-11.662802,1.700488,-6.079025,3.376580,15.933846,8.878596,29.450796,-17.938348,57.989802,-33.094066,-0.098226,9.114764,-61.621270,-55.421832,48.904349,-40.978191,45.947407,-11.546589,-12.730506
406.000000,-117.960906,16.681924,77.496374,-1.298750,2.916151,-132.633048,1.283782,16.744368,7.310025,7.628865,-15.263033,-5.401449,-2.372221,-16.477372,-15.347235,15.304154,-11.627835,1.619976,-5.779927,3.129769,15.750800,10.610760,29.588052,-16.375633,59.547126,-34.135598,0.289022,9.022805,-61.859951,-55.796573,48.894022,-41.627134,46.490034,-11.534565,-12.854238
407.000000,-117.834330,16.807194,77.490538,-1.466662,3.097120,-132.686665,1.407392,16.760842,7.283749,7.690340,-15.247183,-5.365883,-2.278310,-16.402037,-15.160901,15.289768,-11.621950,1.586680,-5.590773,2.842595,15.586299,12.180872,29.867878,-15.379610,60.981650,-34.739442,0.620728,9.063834,-62.175888,-56.060260,48.939497,-42.208469,47.274987,-11.541230,-13.007199
408.000000,-117.724109,16.913842,77.485770,-1.604477,3.263610,-132.797566,1.557709,16.796864,7.310387,7.711284,-15.264400,-5.268495,-2.234281,-16.320339,-14.937948,15.334304,-11.743550,1.499393,-5.385680,2.615200,15.359229,13.612776,30.176445,-14.575253,62.147645,-35.328293,0.909281,8.991587,-62.475173,-56.314455,49.015456,-42.772260,47.867270,-11.622071,-13.036721
409.000000,-117.612135,17.028370,77.478904,-1.694147,3.396459,-132.940242,1.680178,16.845973,7.352629,7.672442,-15.302489,-5.135771,-2.299599,-16.251209,-14.743928,15.477405,-12.015519,1.374909,-5.148272,2.411253,15.078515,14.884148,30.516968,-13.870463,62.971674,-35.671274,1.078750,9.178482,-62.701492,-56.573835,48.980547,-43.328620,48.241681,-11.792202,-13.116878
410.000000,-117.506850,17.137124,77.468735,-1.795280,3.530475,-133.051338,1.839571,16.883729,7.407847,7.590087,-15.338250,-5.094143,-2.335423,-16.192386,-14.570841,15.606159,-12.236444,1.280476,-4.906588,2.221896,14.826602,15.908839,30.801728,-12.993920,63.575312,-36.090286,1.152691,9.374391,-62.849577,-56.874896,48.827622,-43.847274,48.503673,-11.968980,-13.160244
411.000000,-117.408371,17.237349,77.459854,-1.911226,3.678243,-133.090479,1.969091,16.908736,7.392344,7.573125,-15.375246,-5.090850,-2.275776,-16.145100,-14.490740,15.664894,-12.391431,1.229124,-4.756948,2.022219,14.595050,16.671126,31.065944,-12.004618,64.116215,-36.798792,1.262596,9.475473,-62.982752,-57.110705,48.626753,-44.302987,48.645837,-12.107193,-13.232995
412.000000,-117.310309,17.334652,77.455074,-2.032590,3.830509,-133.051668,2.005356,16.924529,7.267461,7.672112,-15.391037,-5.052402,-2.147244,-16.104464,-14.468537,15.659710,-12.485738,1.160653,-4.691058,1.838645,14.320882,17.146710,31.365400,-11.206960,64.584404,-37.475534,1.409799,9.531831,-63.134225,-57.261512,48.463686,-44.664297,48.588948,-12.147421,-13.260060
413.000000,-117.213392,17.422490,77.452022,-2.160205,3.977054,-132.959328,2.007125,16.918607,7.091426,7.805449,-15.422058,-4.992543,-1.973066,-16.101495,-14.541719,15.622938,-12.521477,1.128826,-4.645421,1.682735,14.006981,17.334663,31.744988,-10.723074,64.834833,-37.836960,1.539261,9.517868,-63.301804,-57.374436,48.381905,-44.922475,48.452317,-12.095964,-13.311421
414.000000,-117.121029,17.509800,77.448672,-2.290956,4.111246,-132.903860,2.047461,16.910862,6.985224,7.899100,-15.446492,-4.933213,-1.838867,-16.101001,-14.567089,15.611529,-12.518592,1.103296,-4.538522,1.548231,13.690224,17.227279,32.132044,-10.382149,64.941514,-38.148922,1.591628,9.512724,-63.476390,-57.486198,48.410431,-45.129901,48.292299,-12.197975,-13.455399
415.000000,-117.043054,17.582986,77.446306,-2.429981,4.236301,-132.895662,2.150807,16.895173,6.939223,7.950192,-15.493606,-4.858560,-1.725039,-16.108048,-14.552452,15.627744,-12.506970,1.090051,-4.375245,1.435820,13.359466,16.852618,32.515057,-10.100678,64.959682,-38.486996,1.620036,9.622379,-63.682833,-57.601185,48.490054,-45.255464,48.205508,-12.314457,-13.622968
416.000000,-116.969335,17.658105,77.442026,-2.559272,4.357514,-132.905066,2.263048,16.895921,6.931810,7.977760,-15.493833,-4.829353,-1.635456,-16.105340,-14.524788,15.660999,-12.488645,1.063833,-4.232306,1.363116,13.036799,16.258400,32.877983,-9.814989,64.881606,-38.875094,1.641985,9.803660,-63.992958,-57.668715,48.562761,-45.299512,48.000005,-12.368102,-13.697254
417.000000,-116.909826,17.715837,77.431989,-2.695038,4.480697,-132.921859,2.415480,16.901371,6.964751,7.988040,-15.476046,-4.880998,-1.511416,-16.117484,-14.516671,15.681450,-12.449839,1.056342,-4.173571,1.266156,12.743423,15.540444,33.288037,-9.541864,64.691720,-39.336282,1.662231,9.867121,-64.439809,-57.624189,48.586800,-45.264323,47.517650,-12.417893,-13.881892
418.000000,-116.856754,17.764093,77.423280,-2.838381,4.611134,-132.913984,2.558253,16.900096,6.961752,8.028070,-15.468929,-4.916481,-1.345681,-16.128747,-14.529657,15.677265,-12.422666,1.066717,-4.168980,1.203901,12.421750,14.715381,33.774930,-9.386422,64.394962,-39.450254,1.625302,9.795281,-64.903060,-57.598698,48.550470,-45.187845,46.838213,-12.532293,-14.043337
419.000000,-116.806459,17.816389,77.415496,-2.974763,4.749271,-132.892921,2.672540,16.909289,6.922416,8.107224,-15.469999,-4.910813,-1.180104,-16.124806,-14.546515,15.686691,-12.439980,1.042975,-4.211839,1.175772,12.060401,13.811261,34.296972,-9.296267,64.117936,-39.656270,1.524616,9.643881,-65.351243,-57.566931,48.492895,-45.036334,46.142149,-12.691067,-14.177119
420.000000,-116.772270,17.860252,77.406156,-3.105114,4.877937,-132.892794,2.820593,16.925267,6.916828,8.143761,-15.458436,-4.943085,-1.031691,-16.117390,-14.537663,15.716702,-12.462297,1.045620,-4.233697,1.153180,11.648834,12.798456,34.899777,-9.120515,63.933323,-39.928422,1.434237,9.680184,-65.819384,-57.617686,48.457692,-44.877232,45.592705,-12.818050,-14.180739
421.000000,-116.751587,17.889436,77.395278,-3.226719,4.997391,-132.923194,3.008464,16.951616,6.967619,8.140505,-15.455333,-5.005449,-0.893245,-16.115160,-14.526738,15.748188,-12.465913,1.074530,-4.220726,1.154599,11.212341,11.736005,35.533943,-8.806050,63.755103,-40.246514,1.316902,9.811661,-66.323241,-57.762678,48.478692,-44.736267,45.194026,-12.973240,-14.227246
422.000000,-116.736734,17.904231,77.388871,-3.332621,5.107261,-132.986845,3.206562,16.984939,7.074266,8.130474,-15.455856,-5.085741,-0.753018,-16.114337,-14.524621,15.744127,-12.469975,1.128452,-4.218741,1.193051,10.729566,10.710473,36.137332,-8.420454,63.695885,-40.842783,1.182891,9.938110,-66.888842,-57.895484,48.501942,-44.580597,44.811174,-13.160451,-14.400149
423.000000,-116.731668,17.909060,77.385432,-3.435367,5.217970,-133.078887,3.432944,17.017778,7.192326,8.107547,-15.462309,-5.140904,-0.613377,-16.094617,-14.482501,15.735079,-12.495540,1.157776,-4.246525,1.260460,10.189353,9.775847,36.773527,-8.047191,63.716451,-41.316583,1.049593,10.137288,-67.513913,-57.993907,48.507700,-44.399457,44.113914,-13.382374,-14.744253
424.000000,-116.734207,17.905463,77.383447,-3.531792,5.323777,-133.207539,3.695420,17.052759,7.350705,8.053035,-15.485683,-5.149380,-0.499679,-16.058157,-14.376271,15.742813,-12.564099,1.158962,-4.283603,1.316327,9.646548,8.943357,37.431493,-7.603641,63.740917,-41.613672,0.960875,10.297664,-68.204650,-58.071293,48.484521,-44.225212,43.289616,-13.596907,-15.199507
425.000000,-116.741860,17.884387,77.380806,-3.639038,5.431475,-133.354278,3.979617,17.073736,7.535515,8.025214,-15.559815,-5.114520,-0.369479,-16.040800,-14.260729,15.747655,-12.601080,1.163708,-4.286714,1.394734,9.092840,8.260264,38.024049,-7.130310,63.758525,-41.966127,0.871196,10.364975,-68.901152,-58.180870,48.441283,-44.100459,42.626756,-13.732339,-15.525420
426.000000,-116.747212,17.859107,77.374226,-3.751698,5.550088,-133.508264,4.255662,17.099922,7.714949,8.046686,-15.647772,-5.094158,-0.227278,-16.025313,-14.140694,15.753311,-12.649788,1.189479,-4.314194,1.487218,8.578385,7.766117,38.628008,-6.830491,63.772923,-42.104452,0.784887,10.358352,-69.645404,-58.291327,48.434343,-43.972529,42.100449,-13.846227,-15.754009
427.000000,-116.750383,17.832823,77.362359,-3.864535,5.672202,-133.670731,4.534273,17.134627,7.901491,8.075666,-15.762489,-5.086769,-0.092622,-16.020383,-14.030471,15.783329,-12.718264,1.228649,-4.359495,1.589676,8.067356,7.432825,39.156078,-6.552090,63.937455,-42.288976,0.695947,10.363233,-70.418315,-58.416272,48.480526,-43.790371,41.597905,-13.994276,-16.009443
428.000000,-116.744864,17.803635,77.346450,-3.993393,5.797570,-133.824828,4.814156,17.155514,8.115851,8.130593,-15.893982,-5.055858,0.038677,-16.055094,-13.947169,15.847873,-12.741629,1.267563,-4.421966,1.686144,7.594607,7.228449,39.617266,-6.319934,64.199946,-42.432830,0.673690,10.395457,-71.232234,-58.537405,48.544979,-43.585210,41.051715,-14.187814,-16.351615
429.000000,-116.728878,17.761734,77.328831,-4.160078,5.935101,-133.957139,5.107031,17.137134,8.319718,8.234337,-16.053689,-4.999539,0.218195,-16.105849,-13.834828,15.890993,-12.768668,1.331749,-4.450868,1.769794,7.188953,7.106330,40.001980,-6.136290,64.421012,-42.450497,0.680958,10.348655,-72.101731,-58.703085,48.537906,-43.401102,40.525223,-14.360034,-16.663018
430.000000,-116.697133,17.722054,77.313018,-4.330650,6.081851,-134.087932,5.404578,17.109091,8.501793,8.324819,-16.186913,-4.976635,0.397371,-16.143237,-13.687160,15.932203,-12.812622,1.363965,-4.416719,1.863127,6.817353,6.992242,40.248068,-5.889586,64.654086,-42.638340,0.656777,10.281897,-72.922310,-58.912205,48.439811,-43.177054,39.957191,-14.524816,-16.978633
431.000000,-116.659939,17.685916,77.298993,-4.498099,6.250144,-134.199518,5.710822,17.099570,8.648024,8.392837,-16.298723,-4.947491,0.593140,-16.164406,-13.549697,15.973051,-12.845142,1.331214,-4.445359,2.028275,6.356758,7.032137,40.388121,-5.682891,64.881155,-42.730586,0.678189,10.185827,-73.646392,-59.083657,48.442980,-42.940317,39.177214,-14.644197,-17.131629
432.000000,-116.621459,17.657398,77.284068,-4.671541,6.415684,-134.267442,6.013529,17.080761,8.784848,8.434031,-16.402954,-4.929084,0.803820,-16.201035,-13.470778,16.009598,-12.864157,1.354768,-4.486279,2.159419,5.905855,7.146079,40.490796,-5.487599,65.049854,-42.681459,0.657007,10.064192,-74.352394,-59.232002,48.395182,-42.688074,38.345532,-14.773831,-17.296320
433.000000,-116.576600,17.641973,77.270871,-4.847968,6.578243,-134.328028,6.285885,17.055215,8.902525,8.500406,-16.518705,-4.860459,1.002060,-16.232411,-13.381312,16.046256,-12.894626,1.354877,-4.493383,2.258086,5.466566,7.296565,40.559238,-5.295318,65.223362,-42.654484,0.671299,9.916404,-75.011603,-59.377580,48.301670,-42.462422,37.605280,-14.878811,-17.548952
434.000000,-116.459262,17.694013,77.259088,-5.095923,6.771041,-134.460397,6.525891,16.997049,8.979738,8.610005,-16.508601,-4.738340,1.043033,-16.322023,-13.095539,16.238315,-12.825151,1.336971,-4.425554,2.312969,5.314904,7.223135,40.569196,-5.052495,65.468941,-42.643340,0.687336,9.774550,-75.904787,-59.583688,48.191919,-42.211068,36.653356,-15.064419,-17.832268
435.000000,-116.387820,17.724515,77.242023,-5.317463,6.947160,-134.569409,6.796334,16.948162,9.069705,8.730165,-16.670625,-4.594314,1.210110,-16.368772,-12.948416,16.298131,-12.818634,1.344687,-4.336885,2.361667,5.033558,7.311800,40.629319,-4.866433,65.629642,-42.591615,0.729909,9.563046,-76.738576,-59.794577,48.015683,-41.961025,35.921386,-15.126379,-17.933538
436.000000,-116.302776,17.778829,77.223885,-5.515848,7.116734,-134.690482,7.006101,16.914031,9.127242,8.885879,-16.859572,-4.401244,1.325057,-16.407130,-12.823395,16.354779,-12.817938,1.377197,-4.232344,2.415225,4.738568,7.459967,40.707992,-4.791636,65.675404,-42.442444,0.765382,9.344119,-77.570096,-59.897672,47.837788,-41.670516,34.987627,-15.323169,-18.334601
437.000000,-116.216016,17.851174,77.208316,-5.698064,7.287489,-134.820895,7.189231,16.893139,9.147299,9.053751,-17.077365,-4.228166,1.440593,-16.413346,-12.712377,16.364051,-12.888810,1.417562,-4.128664,2.454221,4.413580,7.695604,40.800183,-4.722882,65.660398,-42.257858,0.747914,9.124813,-78.476360,-60.130322,47.706617,-41.318861,33.974580,-15.485820,-18.564367
438.000000,-116.119230,17.943150,77.198619,-5.829674,7.443263,-135.010613,7.332217,16.902582,9.171635,9.197912,-17.336683,-4.100273,1.492785,-16.400088,-12.626165,16.371508,-13.210481,1.479741,-4.044838,2.484346,4.085362,7.943723,40.857823,-4.554432,65.720271,-42.176073,0.691990,8.962982,-79.410921,-60.318931,47.569266,-40.912621,33.049332,-15.684182,-18.691818
439.000000,-116.007590,18.059902,77.196825,-5.869650,7.573022,-135.341631,7.445731,16.979710,9.318724,9.298620,-17.604083,-4.012868,1.358522,-16.391670,-12.581598,16.497770,-13.882956,1.521250,-3.934054,2.543820,3.754159,8.148805,40.880858,-4.398142,65.867961,-42.146420,0.678093,8.892176,-80.398567,-60.416227,47.376398,-40.556348,32.283149,-15.920327,-19.007368
440.000000,-115.877628,18.208010,77.199882,-5.848428,7.651690,-135.805941,7.526279,17.188444,9.862077,9.433036,-17.841649,-3.807747,1.037770,-16.448924,-12.634885,16.714610,-14.732780,1.572681,-3.829683,2.589829,3.385550,8.375122,40.889173,-4.213279,66.067293,-42.150241,0.769760,8.709581,-81.459725,-60.445234,47.150705,-40.199526,31.374501,-16.106686,-19.349969
441.000000,-115.707731,18.394291,77.200121,-5.842175,7.641325,-136.284863,7.547070,17.497208,10.933978,9.632540,-17.947570,-3.446744,0.593494,-16.493380,-12.462121,16.830932,-15.302882,1.797011,-3.813396,2.550557,3.096593,8.537381,40.909818,-4.053951,66.259774,-42.072101,0.920283,8.428184,-82.666517,-60.488750,46.881862,-39.898229,30.481809,-16.179443,-19.618313
442.000000,-115.478444,18.606396,77.191466,-5.821454,7.667960,-136.839223,7.488000,17.640787,11.583483,9.801994,-17.816448,-3.330709,0.105756,-16.427990,-12.071281,16.877865,-15.562712,2.132460,-3.944747,2.519099,2.998911,8.641730,40.963933,-3.966769,66.372527,-41.909829,1.023233,8.250092,-83.986076,-60.453274,46.694937,-39.617276,29.494365,-16.231338,-20.029246
443.000000,-115.190685,18.821034,77.187419,-5.807955,7.731544,-137.446586,7.416862,17.635263,11.871132,9.897073,-17.620788,-3.190942,-0.400245,-16.329160,-11.575245,16.860225,-15.385203,2.351411,-4.194726,2.497187,3.082837,8.612041,41.029021,-3.944302,66.403789,-41.827816,1.061893,8.116208,-85.455031,-60.430741,46.617284,-39.280879,28.300943,-16.364517,-20.534539
444.000000,-114.868665,19.024813,77.196711,-5.817899,7.761195,-138.081912,7.416270,17.569275,12.308821,9.871532,-17.477821,-2.965714,-0.900416,-16.249928,-11.006688,16.702876,-14.899831,2.505569,-4.468509,2.441095,3.172076,8.378964,41.140255,-3.969016,66.375990,-41.641140,1.077654,7.878332,-87.052380,-60.467637,46.632772,-38.813329,26.942646,-16.557965,-21.088663
445.000000,-114.512944,19.227037,77.225244,-5.786273,7.790902,-138.715932,7.398368,17.542934,12.863712,9.767816,-17.259307,-2.736286,-1.362660,-16.196882,-10.622952,16.454554,-14.603096,2.704911,-4.790570,2.440905,3.182629,7.972157,41.261494,-4.024372,66.286412,-41.422430,1.011276,7.721362,-88.646997,-60.404684,46.695073,-38.328822,25.757207,-16.651050,-21.498662
446.000000,-114.092636,19.440518,77.263063,-5.642324,7.810746,-139.339625,7.222317,17.616052,13.474822,9.647886,-16.905562,-2.635027,-1.845663,-16.249155,-10.732722,16.181026,-14.625800,2.998140,-5.112332,2.537634,3.105420,7.373182,41.331503,-4.106016,66.097284,-41.388009,0.869414,7.745604,-90.160355,-60.235001,46.637956,-37.879546,24.725478,-16.678149,-21.818104
447.000000,-113.681173,19.618472,77.303660,-5.307515,7.769527,-139.896512,6.936712,17.809278,14.159144,9.425897,-16.535109,-2.893619,-2.163176,-16.500757,-11.889447,15.829372,-15.044272,3.495359,-5.358378,2.726828,2.560292,6.947546,41.420542,-4.238918,65.700553,-41.376593,0.647326,7.812899,-91.332579,-60.245294,46.465149,-37.591995,23.943443,-16.728306,-22.143130
448.000000,-113.140810,19.914012,77.371633,-4.796573,7.677100,-140.547786,6.389553,18.162212,14.849140,9.066485,-15.865524,-3.346801,-2.676374,-17.238013,-14.320345,15.865682,-15.297249,4.062296,-5.272090,3.029306,1.970147,6.189088,41.355511,-4.237892,65.055858,-41.441456,0.257056,8.069226,-92.460906,-60.457652,46.328733,-37.320283,22.997030,-16.847872,-22.555166
449.000000,-112.501156,20.359007,77.464056,-4.168150,7.541907,-141.400966,5.654221,18.651694,15.429852,8.567029,-14.952865,-3.722742,-3.677622,-18.355023,-17.264789,17.189481,-15.211154,3.922576,-4.488034,3.441170,1.402484,4.913945,41.003890,-4.053016,64.188205,-41.797571,-0.231397,8.517167,-93.811398,-61.012536,46.418963,-37.071272,21.513387,-16.994168,-23.179686
450.000000,-112.046623,20.760521,77.586639,-3.614768,7.520477,-142.037714,5.115459,19.165904,15.708154,8.220600,-14.317530,-3.793071,-4.368325,-18.853165,-17.575769,20.388916,-14.800506,3.188468,-3.428790,3.731109,0.690438,3.981502,40.703259,-3.433059,63.113038,-42.136219,-0.744971,8.807635,-95.339680,-61.595527,46.587020,-36.783653,19.789344,-17.054354,-23.868381
451.000000,-111.682010,21.199059,77.696764,-3.145421,7.783126,-142.245514,4.578794,19.840777,15.336316,8.120612,-13.785504,-3.585243,-4.301276,-18.863079,-15.412902,25.847468,-14.292097,1.614129,-2.519703,3.983450,0.369864,3.325925,40.332554,-2.529231,61.730574,-42.156006,-1.417429,9.251504,-97.115352,-62.188818,47.079237,-36.503335,17.352613,-17.063337,-24.852591
452.000000,-111.530459,21.640816,77.670336,-2.944757,8.112445,-141.917021,4.173430,20.410536,14.518863,8.083522,-13.595802,-3.746894,-2.193034,-19.029226,-14.088418,29.519326,-13.644364,-0.174589,-1.762685,3.961801,-0.193681,3.366943,39.753183,-1.667339,60.312811,-41.774188,-2.182162,9.655847,-98.536455,-62.955329,47.566947,-36.269544,15.406207,-17.086852,-25.742775
453.000000,-111.666262,22.251520,77.395993,-3.184351,7.703901,-141.312217,3.407876,20.486712,14.154643,8.321659,-13.994825,-4.227518,0.909038,-18.610768,-12.605063,27.738064,-14.379782,-0.302988,-0.765825,3.112567,-1.341186,4.008434,39.032069,-0.938944,59.091614,-41.280130,-2.737094,9.784504,-99.904958,-64.030052,47.986478,-36.273543,14.475862,-17.161834,-26.339450
454.000000,-111.826253,23.098777,77.017182,-3.773721,7.098522,-141.406777,2.710254,20.348008,14.250456,8.932075,-14.751592,-4.503501,2.873122,-18.447004,-12.030442,23.343689,-16.412917,-1.036148,0.840930,1.844462,-2.011263,5.299145,38.146012,-0.123715,57.961101,-40.669675,-2.978116,9.654677,-101.558335,-65.120164,48.547520,-36.601888,13.899430,-17.235757,-26.783219
455.000000,-111.879349,23.991463,76.796681,-4.384906,6.827742,-142.149730,2.498826,19.891078,13.651423,9.208781,-15.573480,-4.777778,3.840396,-18.459177,-12.808099,20.691076,-18.315687,-1.908881,2.529149,0.945579,-1.908661,7.317372,36.879606,0.653068,57.412958,-39.688119,-3.032975,9.215049,-103.495582,-65.649989,49.118568,-36.972979,13.465697,-17.292335,-27.106010
456.000000,-111.762667,24.804237,76.831627,-4.981258,6.697164,-142.453970,2.273897,19.588267,13.794701,9.663749,-16.472646,-4.784978,3.919747,-18.641470,-12.786426,19.889376,-18.799240,-1.575363,3.434922,0.560600,-1.617677,9.657892,34.881745,0.965144,58.260209,-38.151449,-2.751239,8.720507,-105.715209,-65.753029,49.745357,-37.101939,13.128170,-17.450628,-27.668902
457.000000,-111.524332,25.607684,77.028573,-5.380439,6.175355,-141.934154,1.461666,20.275439,17.189841,11.027359,-17.151928,-4.823000,3.825764,-19.300706,-13.946209,19.070315,-18.391761,-0.381313,3.570238,0.376404,-2.242509,11.808353,32.307024,0.225305,60.765891,-36.797330,-1.736973,8.342862,-107.936858,-66.096874,50.358824,-36.951491,13.340626,-17.714109,-28.285155
458.000000,-111.306465,26.370582,77.351588,-5.707808,5.264968,-140.697378,0.915890,21.720531,23.252950,13.563048,-17.548544,-4.260515,4.019167,-20.150651,-15.805041,17.842964,-18.261013,0.444961,3.057987,-0.016014,-3.668941,13.839431,29.758639,-1.325789,63.960070,-36.894124,-0.099803,7.508946,-110.087924,-66.905398,50.859286,-36.618536,13.367993,-17.780352,-28.465985
459.000000,-111.086917,26.973423,77.810138,-6.155912,4.442394,-140.184228,1.801204,22.620169,27.070623,18.073051,-18.119445,-3.422940,4.034366,-21.472045,-17.832632,17.032651,-18.082910,0.786817,2.546620,-0.388668,-4.968085,15.875031,27.840380,-2.702737,66.880147,-37.322954,1.078860,6.227368,-112.299354,-67.351232,51.653357,-36.113751,12.529355,-17.705298,-28.679510
460.000000,-110.978019,27.410668,78.236717,-6.894782,3.371953,-140.211293,4.428547,23.377171,30.029429,24.430892,-18.685699,-1.814667,3.852250,-23.147658,-19.152416,16.430597,-18.254118,1.019266,2.035756,-1.105480,-6.375877,17.817481,26.827427,-2.920122,68.873155,-37.129919,1.442382,6.066405,-114.216151,-67.521433,52.464138,-35.585446,11.295565,-17.518672,-29.158098
461.000000,-110.913944,27.738887,78.439516,-7.676605,2.447582,-140.378317,8.137498,23.992843,31.070746,30.678136,-18.544355,-0.031176,3.154763,-24.485088,-18.860487,16.689729,-18.627268,0.971425,1.408196,-1.735626,-7.934603,19.312240,26.685981,-0.856194,70.149553,-37.814605,1.641655,6.508092,-115.894035,-68.020959,53.550660,-35.302704,10.221300,-17.512859,-30.229731
462.000000,-110.732627,27.965182,78.291911,-7.715411,2.316375,-140.163474,12.086356,23.796924,28.905094,32.085145,-15.187260,-0.042703,2.279387,-24.557004,-18.094727,17.750652,-18.895706,0.462837,0.257494,-1.501873,-9.264828,19.893423,27.854889,2.000667,70.738357,-39.075956,1.722128,7.074617,-117.383686,-69.234370,54.761445,-35.427986,9.624922,-17.839453,-31.381837
463.000000,-110.257542,28.032416,77.790868,-6.584913,2.484267,-138.492145,15.602018,23.740303,27.483349,26.806307,-11.586870,-1.707275,1.486278,-23.727672,-18.617062,19.001212,-19.183677,0.213146,-1.960797,-0.426074,-11.024876,19.350179,30.292651,4.110606,70.838303,-40.030332,1.414937,7.947752,-118.694795,-71.095719,56.190003,-35.725444,9.098475,-18.198337,-31.627034
464.000000,-109.350109,28.050864,77.112573,-5.298095,2.950373,-135.610147,17.838178,23.516789,26.847242,18.731323,-13.382816,-3.504593,0.847527,-23.191299,-20.120472,20.669623,-19.084295,0.766109,-4.707444,0.694063,-12.666763,17.529913,33.509653,5.870969,70.462479,-40.752897,0.785791,9.240643,-120.062609,-73.187137,57.942291,-36.021485,8.426106,-18.651816,-32.186645
465.000000,-108.401239,28.045505,76.596695,-4.323550,3.328333,-132.128832,18.807331,23.811544,30.465639,13.441115,-16.232453,-3.683835,0.624637,-23.216067,-22.327892,22.257826,-18.955983,0.746578,-7.362326,1.188686,-14.183387,14.601467,36.765969,7.874116,69.172734,-41.014313,-0.214528,10.520188,-121.126670,-75.051293,59.804822,-36.379114,7.478274,-19.062916,-33.150897
466.000000,-107.577229,28.000802,76.368856,-3.552882,3.654321,-128.948952,19.324031,23.898460,35.954631,9.257024,-17.559160,-4.082842,0.999020,-23.175996,-24.565072,22.893379,-18.961870,0.306553,-9.291726,1.144492,-15.504984,11.118193,39.484132,10.087831,66.496277,-40.856467,-1.487687,11.240022,-121.744270,-76.564522,61.276448,-36.784370,6.706948,-19.318283,-33.743754
467.000000,-106.760228,27.972302,76.340014,-3.097255,4.218594,-126.855221,19.582163,23.722082,37.895635,6.125011,-17.839438,-4.208443,1.577882,-22.833310,-25.894448,22.701334,-18.437177,0.257506,-10.151586,0.765939,-16.321760,7.958396,41.806533,11.598974,62.171981,-40.187508,-3.056197,10.870850,-122.051492,-77.657215,62.335380,-37.250458,6.010465,-19.469767,-34.022378
468.000000,-106.054878,27.987123,76.377958,-3.091481,4.756333,-126.133721,19.682052,23.530324,36.718250,4.804551,-17.793811,-4.790938,1.865552,-22.642419,-26.128925,22.360134,-17.112872,0.374575,-9.891345,-0.125296,-16.578414,5.707838,44.057008,12.689846,56.796411,-39.310539,-4.760582,9.849677,-122.322951,-78.367637,63.066531,-37.673401,5.078762,-19.405343,-34.228943
469.000000,-105.421662,28.185073,76.416349,-3.476903,4.980584,-126.357316,19.601900,23.198930,35.828956,4.994852,-17.902754,-5.168401,1.578853,-23.153175,-25.775556,22.433212,-15.420928,0.663590,-9.159034,-1.592329,-16.196720,4.492095,46.213367,14.306654,51.283297,-38.766487,-6.364039,9.213956,-122.724853,-78.875120,63.620726,-38.114754,3.510347,-19.117279,-34.509623
470.000000,-104.822981,28.430805,76.424849,-3.799530,5.048562,-127.063850,19.715911,22.655253,36.187111,5.282388,-18.630381,-4.388426,0.873187,-23.877477,-25.371050,22.768026,-13.776728,0.967353,-8.609944,-2.681910,-16.023752,4.084841,47.713560,16.442576,47.764934,-38.363018,-7.653399,9.737567,-122.930168,-78.898555,64.183971,-38.482222,2.318428,-18.909720,-34.789316
471.000000,-104.241967,28.750911,76.458740,-4.352145,5.215272,-128.080329,20.239780,22.006526,37.005787,5.553815,-19.145795,-3.330640,0.211565,-24.558898,-24.733589,23.041261,-11.959676,1.203874,-8.121515,-3.363848,-15.687585,4.197105,48.333099,18.799879,46.479280,-38.448525,-8.168985,11.022017,-123.052770,-78.868092,64.666933,-38.669990,2.183937,-18.847439,-34.926825
472.000000,-103.786504,29.105699,76.515067,-5.078887,5.487045,-129.233339,21.056399,21.413290,38.100725,5.884886,-19.282138,-2.473004,-0.140651,-25.085082,-23.941983,23.105060,-10.231237,1.742065,-7.814687,-3.669315,-15.335994,4.743098,48.489921,20.985512,47.424397,-38.932030,-7.696623,11.797550,-123.046910,-78.626139,65.097816,-38.741174,2.433009,-18.912319,-35.304572
473.000000,-103.432953,29.384422,76.588631,-5.698604,5.773051,-130.167261,21.809112,20.926772,38.924288,6.084846,-19.262778,-1.823215,-0.420869,-25.494299,-22.941822,23.105984,-8.214874,2.591248,-7.891227,-3.626040,-15.230734,5.554309,48.614486,22.434337,50.198448,-39.515455,-6.579222,11.679625,-122.904036,-78.335610,65.577029,-38.807035,2.945514,-19.058663,-35.676527
474.000000,-103.055573,29.638752,76.696175,-6.174974,6.141926,-130.732612,22.451807,20.549929,39.314805,5.893497,-19.034453,-1.446279,-0.934135,-25.584932,-21.400014,23.470519,-6.321231,3.424898,-8.351426,-3.204706,-15.072904,6.356757,48.682160,22.700619,54.177484,-40.813468,-5.392366,11.929188,-122.613712,-78.270853,65.883110,-38.888881,4.108232,-19.344192,-35.980296
475.000000,-102.503753,30.070260,76.826847,-6.616870,6.629836,-130.961141,22.838341,20.313379,39.485085,5.568463,-18.752038,-0.920633,-1.683497,-25.536517,-19.902321,24.260420,-4.402349,4.137754,-9.142616,-2.639340,-14.418927,6.703230,48.450896,22.083916,58.260960,-42.818343,-4.198792,12.951006,-121.996727,-78.480322,66.018819,-39.187292,5.200751,-19.664080,-36.432687
476.000000,-101.802683,30.660781,76.930058,-7.084614,7.149614,-131.062148,22.923517,20.172967,39.369139,5.484557,-18.727655,-0.215365,-2.429996,-25.545090,-18.886320,25.011241,-2.413256,4.857664,-9.848904,-2.260126,-13.556301,6.604182,48.263015,20.967827,61.532908,-44.207720,-3.074779,13.360027,-120.925658,-78.765079,66.184827,-39.553308,5.867780,-19.883840,-36.948018
477.000000,-101.088214,31.280297,76.961660,-7.642227,7.455668,-131.201925,22.777482,19.886495,39.110718,5.745935,-19.015827,0.232580,-3.072954,-25.730438,-17.862162,25.425087,-0.476780,6.373859,-10.167068,-2.298937,-12.913185,6.671392,48.574601,19.338219,63.563708,-44.657980,-2.423552,12.876635,-119.619412,-78.855490,66.529533,-39.854362,7.173147,-20.244886,-37.254095
478.000000,-100.369549,31.976745,76.958251,-8.148445,7.503581,-131.305299,22.298341,19.517614,38.940852,6.156427,-19.425572,0.477633,-3.632827,-25.819063,-16.314168,25.324958,0.865171,9.121389,-10.212671,-2.679482,-12.471270,6.777217,49.263580,18.378106,64.474424,-45.004755,-2.196789,12.454168,-118.333683,-79.003473,67.293913,-40.339364,8.988955,-20.755717,-37.516607
479.000000,-99.658793,32.835373,77.007300,-8.242938,7.524011,-131.076997,21.140566,19.682828,38.562070,6.773908,-19.773924,0.754124,-3.983394,-25.093029,-13.858495,25.131300,0.115597,12.566624,-10.193068,-2.998472,-12.222194,6.734456,50.598482,18.492968,64.675116,-44.786606,-2.093929,11.973746,-117.495387,-79.494366,68.552539,-41.196091,11.190062,-21.311304,-36.709029
480.000000,-98.980856,33.718064,77.197301,-7.942050,7.804922,-131.114553,19.777322,20.399528,38.219833,7.653294,-19.930533,1.493161,-3.838090,-24.725608,-12.877976,27.284079,-1.820381,14.017331,-9.500944,-3.177076,-12.241462,6.676720,53.186956,19.164242,64.373249,-44.559075,-2.031091,11.681673,-117.157702,-80.326815,70.300364,-42.289827,13.395609,-21.871350,-36.243835
481.000000,-98.265547,34.429798,77.561671,-7.090565,8.548294,-132.066288,18.672808,21.736041,38.540439,8.615680,-19.709032,2.358490,-2.851679,-27.577707,-17.873755,34.978669,-3.661812,10.652310,-7.560219,-3.192079,-12.563073,6.544632,57.423470,20.537295,63.368801,-44.423513,-2.022579,11.445310,-117.214980,-81.766080,72.866364,-43.524868,15.444878,-22.586141,-36.301608
482.000000,-97.769338,35.051739,77.880955,-6.028590,9.397673,-132.686535,17.650600,23.481244,38.673016,9.369247,-19.503260,3.041669,-0.756784,-30.221804,-21.135877,46.023932,-5.356160,6.404075,-5.507782,-3.482885,-13.118512,6.634672,62.814723,23.289782,61.597849,-43.797062,-2.860277,11.464320,-117.715592,-83.568498,76.276698,-44.683863,16.845789,-23.347760,-36.337115
483.000000,-97.368759,35.677755,77.899206,-5.513458,9.796610,-133.419320,16.644232,24.588316,38.555540,10.608131,-19.688700,4.082274,1.590674,-32.033871,-20.367214,55.588369,-4.447788,3.130029,-3.191431,-4.434887,-13.202970,7.138352,68.226534,27.061549,60.018081,-43.815209,-4.372714,12.850438,-118.100815,-85.478117,80.111063,-45.906979,17.753936,-24.094636,-36.385415
484.000000,-97.125536,36.461458,77.487731,-6.043400,8.951674,-134.288427,15.150644,24.329986,38.215953,12.929083,-20.116440,4.940952,4.604768,-31.948261,-17.512919,56.796223,1.265664,3.296305,-0.666586,-7.055946,-13.024404,9.163503,73.666418,31.605823,59.773909,-43.230019,-5.659072,14.310617,-115.310614,-88.039438,80.182043,-47.298179,19.533168,-24.671762,-35.776705
485.000000,-97.141314,37.779421,76.729596,-6.920159,7.010418,-135.798911,13.106196,23.572333,38.615653,15.828909,-20.736463,5.329563,7.797890,-29.815138,-15.989961,48.680438,5.918517,5.229798,2.310493,-9.940312,-13.135893,12.450954,77.789127,35.836165,61.793179,-41.578172,-5.637656,15.303111,-112.416075,-90.095919,80.209985,-48.228843,21.542982,-24.899733,-35.359985
486.000000,-96.683723,39.447862,76.011074,-6.789095,6.601820,-138.743149,10.657330,25.456528,39.121056,20.422505,-21.047699,5.601651,9.638451,-30.094196,-20.073760,44.126697,-2.889568,1.839641,5.523045,-10.865164,-11.892066,17.517287,79.741523,40.504309,65.941781,-41.075911,-4.784481,16.506487,-109.810987,-91.884534,80.151846,-49.000518,23.834833,-25.356256,-35.531423
487.000000,-96.435279,41.147181,75.557530,-6.459571,6.571181,-141.068351,8.781730,27.704835,39.648685,23.901444,-21.149754,5.372417,11.333119,-30.097420,-27.035728,41.978233,-13.009996,-3.196993,7.597460,-10.177840,-10.379268,24.111828,77.273379,42.670914,69.964107,-42.727710,-3.637881,17.094486,-107.925192,-92.489067,80.124252,-49.606230,27.448591,-25.779736,-35.288572
488.000000,-96.159732,42.780736,75.303400,-5.872462,6.615068,-142.730863,6.874369,30.050893,39.826884,26.591141,-20.953451,5.300777,12.486282,-29.017745,-33.475170,39.465690,-19.855242,-7.102638,8.295629,-8.622555,-9.454988,30.817510,70.751143,40.498896,72.052069,-44.180150,-1.833105,16.473050,-106.862688,-91.724031,80.101890,-49.922891,32.195818,-26.045079,-34.545618
489.000000,-95.855528,44.221324,75.112373,-5.249244,6.440844,-143.871797,5.127490,31.930807,39.942656,28.037814,-20.306108,4.470645,13.523074,-27.599198,-38.518825,36.553335,-23.820843,-8.740144,8.782871,-6.912408,-9.058275,35.334413,61.889437,35.199014,71.966391,-45.249648,0.259240,14.207129,-106.748337,-90.448848,80.082786,-49.883815,36.649265,-26.087795,-33.483630
490.000000,-95.565885,45.411280,75.198936,-4.979630,6.202359,-144.311139,4.424294,32.452042,40.270918,27.364639,-19.639704,3.886080,13.368032,-26.020948,-39.250843,34.358467,-25.344223,-9.449997,8.992878,-5.626191,-8.712411,37.247880,52.675098,29.492692,71.853829,-44.833949,1.807183,13.348630,-106.570663,-89.168598,80.051648,-49.836759,39.873213,-26.056349,-32.555168
491.000000,-95.218158,46.430695,75.492603,-4.821833,5.714755,-144.354957,3.743752,32.079558,40.516972,25.764035,-18.572217,3.494135,12.921569,-24.511829,-39.003266,31.927897,-25.905839,-9.725305,9.125193,-5.191734,-8.344276,37.674285,43.678643,24.763343,71.387887,-44.053733,2.436616,14.063597,-106.082837,-88.639798,79.337326,-49.745384,41.849044,-26.165116,-32.259943
492.000000,-94.800401,47.262290,75.800246,-4.505874,5.242936,-144.168711,2.953318,31.906976,40.941588,24.159967,-16.852469,3.049614,12.557993,-23.279426,-39.248504,29.658423,-25.743727,-9.301458,9.406461,-5.077851,-7.923739,37.691094,34.992145,20.928659,70.434967,-43.485236,2.673771,14.118003,-106.120335,-88.874941,78.185524,-49.600373,42.695219,-26.133595,-32.079923
493.000000,-94.341117,48.023170,76.081949,-4.003997,4.818575,-144.081038,2.229446,32.038259,41.751802,22.658142,-14.836528,2.760165,11.775522,-22.321661,-39.514103,28.155245,-25.087502,-8.464707,9.871273,-5.147088,-7.354080,37.531685,27.264329,17.355507,69.400193,-42.518648,2.939109,13.291336,-106.551778,-89.167689,76.903340,-49.254232,42.561685,-26.144800,-32.045704
494.000000,-93.837285,48.793295,76.318431,-3.618120,4.357300,-144.029591,1.716687,32.166165,43.148610,21.435468,-13.294284,2.342923,10.962754,-21.563548,-39.649043,26.767610,-24.602401,-7.423380,10.448070,-5.570741,-6.730185,37.146783,20.835620,14.123724,68.487447,-40.835399,3.173586,12.728361,-107.101560,-89.018955,75.818112,-48.738389,41.517476,-26.139072,-32.488772
495.000000,-93.352711,49.482244,76.505059,-3.437619,3.985358,-144.086367,1.598964,32.163620,44.552146,20.543121,-12.329583,1.662932,10.254180,-21.101284,-39.655149,25.696630,-24.312159,-6.357034,11.196364,-6.272324,-6.109185,36.794816,16.146123,11.868754,67.444177,-38.924596,3.439022,11.367141,-107.489248,-88.516561,75.208702,-48.239963,40.236439,-26.095829,-33.014826
496.000000,-92.871583,50.047022,76.658475,-3.306363,3.700003,-144.420230,1.735443,32.053774,45.684168,19.379533,-11.209674,0.949536,9.410741,-20.802465,-39.398464,25.006584,-24.122766,-5.692349,12.269430,-6.982150,-5.855604,36.472271,13.492247,10.212587,66.763262,-37.111334,3.549977,9.817046,-107.420612,-87.985629,75.150051,-47.802718,39.480078,-26.035300,-33.195392
497.000000,-92.485803,50.487947,76.821905,-3.154996,3.264108,-144.622856,2.096975,31.858065,47.549684,17.979573,-11.069954,0.628452,8.756839,-20.545673,-39.516292,24.134158,-23.951407,-5.089647,12.979700,-7.755150,-5.827911,35.972933,12.693130,9.826317,66.332885,-36.384773,3.442640,9.494522,-107.207974,-87.416559,75.308190,-47.546156,39.322628,-25.853251,-32.987239
498.000000,-92.168868,50.884032,77.022976,-3.368319,2.868586,-144.904337,2.876227,31.840993,48.263554,17.801761,-11.419836,0.777269,8.061764,-20.747027,-39.054482,23.659471,-23.653232,-4.571747,13.240968,-8.548082,-5.540038,35.294992,13.291055,10.715754,65.934753,-36.768770,3.248172,9.754741,-106.985979,-86.303258,75.286580,-47.355689,39.774708,-25.547865,-32.430237
499.000000,-91.935182,51.121014,77.188367,-3.848118,2.439922,-145.601733,4.295709,31.791863,47.197177,19.149269,-11.770807,1.576552,7.286657,-21.313489,-38.082843,23.559442,-23.498272,-4.430276,13.012022,-9.149167,-5.346020,34.783698,14.888491,11.668621,65.711385,-37.217076,3.016210,10.499958,-106.632531,-84.633659,74.927107,-47.236332,40.613756,-25.347143,-31.741911
500.000000,-91.725022,51.215351,77.219772,-4.274894,2.260231,-146.775468,5.767988,31.698457,43.962618,21.451497,-10.547307,1.877702,6.395986,-21.953372,-36.787119,24.012075,-23.444797,-4.592184,12.607155,-9.314853,-5.204330,34.058035,17.290988,12.403595,66.087210,-37.782998,2.863321,11.855225,-106.085187,-82.786906,74.212655,-46.956383,41.567059,-25.134364,-31.188515
501.000000,-91.459084,51.150501,77.079701,-4.229279,2.447082,-147.797541,7.008721,31.407539,40.360226,22.684440,-9.051696,0.751872,5.623024,-22.107992,-35.706026,24.714382,-23.604587,-4.706790,11.877258,-8.812787,-5.435008,32.838689,20.320711,13.260780,67.153293,-38.631454,2.789764,13.463817,-105.135606,-81.025038,73.313850,-46.430984,42.415359,-24.823016,-30.761574
502.000000,-91.035712,50.913697,76.841289,-3.803604,2.761898,-148.504362,8.188517,30.858156,38.850458,21.204642,-9.719918,-0.331016,4.761450,-22.071973,-34.943832,25.622145,-23.771625,-4.644737,10.828540,-7.795793,-6.096507,31.109889,23.537747,14.463293,68.264182,-39.503499,2.643230,15.008765,-103.516175,-79.303271,72.260519,-45.914017,43.441885,-24.535730,-30.145614
503.000000,-90.609252,50.439894,76.566947,-3.101869,3.082544,-149.158779,9.510123,29.943860,38.838870,17.592300,-10.683682,-0.937525,4.167363,-21.836543,-34.566218,26.149057,-23.899926,-4.412966,9.812433,-6.392521,-7.124883,29.307689,26.616182,15.635121,68.517411,-39.837474,2.273991,16.137613,-101.688942,-77.734110,71.418883,-45.733068,44.526150,-24.194700,-29.337032
504.000000,-90.188771,49.916139,76.351273,-2.489933,3.272445,-149.375069,10.956068,29.098177,40.326759,14.455720,-11.976037,-1.389506,3.674433,-21.880654,-34.463345,26.646573,-23.751505,-4.041364,8.517944,-5.255128,-8.318106,27.267804,29.864787,16.671165,67.963360,-39.964448,1.772136,16.480871,-99.563087,-76.234385,70.247321,-45.581609,45.609561,-23.686556,-28.341281
505.000000,-89.841753,49.324289,76.232427,-2.003933,3.474600,-149.438194,12.409318,28.294243,41.493724,11.616976,-12.734503,-2.303514,3.455529,-21.930277,-34.374874,26.873244,-23.372509,-3.906098,7.131804,-4.473173,-9.409199,25.098181,33.074310,17.869377,66.568178,-40.029932,1.071834,16.371062,-97.206358,-74.897143,68.942372,-45.627361,46.678182,-23.113497,-27.265977
506.000000,-89.536428,48.777193,76.280993,-1.819893,3.692420,-149.710782,13.467612,27.636827,42.196096,9.942436,-12.437942,-3.410126,3.303825,-22.008055,-33.883161,26.793977,-22.652864,-4.132492,5.821845,-4.244956,-10.129108,22.798094,35.955137,19.527484,64.468141,-40.270737,0.106262,16.602312,-94.580300,-73.612657,67.755456,-45.985994,47.796878,-22.619597,-26.214860
507.000000,-89.180702,48.268339,76.423627,-1.716269,3.709272,-150.013224,14.124682,26.811312,42.930451,8.640233,-12.053200,-3.904275,3.087050,-22.134217,-33.337006,26.296095,-21.749441,-4.252633,4.559323,-4.446223,-10.803874,20.273113,38.445871,21.012966,61.899819,-40.745937,-0.983648,16.903771,-91.980088,-72.326205,66.794353,-46.603139,49.154730,-22.270342,-25.215004
508.000000,-88.771224,47.732800,76.583540,-1.549441,3.732928,-150.119058,14.647551,25.929071,43.532132,7.271971,-11.982343,-3.879408,3.128334,-22.186041,-33.092400,25.440006,-20.753181,-4.095562,3.506147,-4.717480,-11.432874,17.522130,40.494115,21.695298,59.013852,-41.027724,-1.824788,16.924145,-90.014756,-71.565780,66.108827,-47.449696,50.544100,-21.926287,-24.400904
509.000000,-88.277882,47.303036,76.737058,-1.370815,3.862942,-150.204943,14.945496,25.304611,43.842127,6.294879,-11.949063,-3.840908,3.132552,-22.198504,-32.951220,24.677200,-19.538769,-3.960436,2.730839,-4.918191,-11.668979,14.646716,41.811905,21.805174,55.681860,-40.557090,-2.333473,16.636722,-88.529504,-71.307066,65.631978,-48.305844,52.009742,-21.622391,-23.628155
510.000000,-87.730563,47.042498,76.860583,-1.141662,3.914029,-150.314381,14.862328,24.932417,43.991821,5.685346,-11.855510,-4.006950,2.938212,-22.218018,-32.985241,23.985352,-18.113050,-3.810201,1.941895,-5.109516,-11.590188,12.040227,42.525786,21.025137,51.867364,-39.613386,-2.973098,16.005925,-87.262825,-71.088056,65.394574,-48.951614,53.280311,-21.330553,-22.636628
511.000000,-87.216127,46.881843,76.955420,-0.937634,3.874162,-150.456098,14.588003,24.703954,44.154011,5.429331,-11.749333,-4.291349,2.698633,-22.294934,-33.115182,23.320373,-16.791909,-3.518295,1.266818,-5.364274,-11.277872,9.759739,42.982971,19.150416,48.093988,-38.810344,-3.663033,15.311389,-86.125503,-70.766443,65.380476,-49.282602,54.222905,-21.045903,-21.624555
512.000000,-86.678022,46.793631,77.049887,-0.764451,3.846787,-150.666612,14.266059,24.531968,44.299818,5.313394,-11.700776,-4.270056,2.351857,-22.276556,-33.037854,22.694436,-15.737622,-3.215369,0.916598,-5.640562,-10.684824,7.571658,43.330836,16.658638,44.806167,-38.023718,-4.327287,14.906461,-85.022249,-70.363851,65.370743,-49.286734,55.326127,-20.793982,-20.798940
513.000000,-86.152864,46.769473,77.147323,-0.617020,3.850157,-150.935329,14.045701,24.350663,44.568046,5.102057,-11.622830,-4.139891,2.025328,-22.125197,-32.828003,22.011191,-14.920639,-2.887318,0.848491,-5.895947,-9.958248,5.628145,43.535394,14.165746,42.088828,-37.239284,-4.899953,14.610929,-84.072115,-69.958950,65.246386,-48.989293,56.601600,-20.500604,-20.089253
514.000000,-85.694450,46.792811,77.231181,-0.474941,3.808319,-151.224456,13.834178,24.210715,44.887139,4.887487,-11.443932,-4.155388,1.746635,-21.958978,-32.678138,21.270184,-14.155575,-2.453501,0.856926,-6.109795,-9.231977,4.266587,43.388589,11.957914,39.670312,-36.884565,-5.060237,14.236860,-83.196656,-69.526360,65.123450,-48.507201,57.703815,-20.186930,-19.600030
515.000000,-85.277617,46.837845,77.297640,-0.337485,3.711911,-151.504578,13.531383,24.118619,45.122248,4.777401,-11.284515,-4.223576,1.460366,-21.859956,-32.648192,20.560468,-13.317887,-1.930182,0.866297,-6.296041,-8.574272,3.711517,43.129496,10.018002,37.633273,-36.131810,-4.941034,13.500581,-82.374062,-69.077972,65.065987,-47.931771,58.597320,-19.838448,-19.110791
516.000000,-84.904146,46.901038,77.353728,-0.216419,3.581266,-151.817489,13.212126,24.045756,45.392218,4.741691,-11.127822,-4.246931,1.154571,-21.799213,-32.690552,19.880878,-12.381968,-1.512521,0.951726,-6.440370,-7.947487,3.795013,42.611935,8.397171,36.219663,-34.976040,-4.742459,12.443982,-81.395603,-68.613744,64.963848,-47.359521,59.505837,-19.536590,-18.571189
517.000000,-84.582174,46.974361,77.410936,-0.129057,3.448370,-152.121141,12.975421,23.926749,45.701400,4.603677,-10.891357,-4.220415,0.853888,-21.686684,-32.600995,19.201598,-11.503387,-1.173184,1.110306,-6.540205,-7.335791,4.309503,41.623538,7.055308,35.697991,-34.209583,-4.346884,11.598813,-80.142195,-68.226254,64.703523,-46.826278,60.558889,-19.146914,-18.057640
518.000000,-84.318382,47.040012,77.456582,-0.072341,3.350763,-152.292316,12.836050,23.768505,45.958161,4.307408,-10.602581,-4.296371,0.749890,-21.581709,-32.622606,18.478513,-10.624994,-0.755306,1.188749,-6.600711,-6.748964,5.260341,40.297775,5.796271,36.145119,-33.544073,-3.934124,11.114558,-78.759977,-67.910378,64.303554,-46.336280,61.737493,-18.629640,-17.558702
519.000000,-84.120739,47.108063,77.492106,-0.013022,3.290878,-152.300632,12.678063,23.677389,46.046567,4.035285,-10.296646,-4.416985,0.811533,-21.463306,-32.810941,17.789815,-9.917710,-0.362458,1.156913,-6.626734,-6.237675,6.599228,38.740973,4.481564,37.583307,-32.999133,-3.429042,10.751462,-77.404109,-67.637362,63.877616,-45.847771,62.837214,-18.190744,-17.175699
520.000000,-83.964646,47.175923,77.525312,0.033708,3.262556,-152.244818,12.506559,23.640007,46.027378,3.861731,-10.040997,-4.475424,0.909173,-21.340120,-33.016561,17.227907,-9.407839,-0.075522,1.162451,-6.627249,-5.832081,8.149936,36.953396,3.105099,40.041806,-32.673088,-2.736121,10.151904,-75.972734,-67.477187,63.577730,-45.369176,63.742542,-17.827038,-16.696898
521.000000,-83.832550,47.250271,77.549660,0.061811,3.232489,-152.172536,12.326113,23.614723,45.958062,3.746200,-9.838169,-4.499966,0.966927,-21.234951,-33.158362,16.796615,-9.090797,0.192224,1.258426,-6.638434,-5.454518,9.796358,35.155243,1.572870,43.350528,-32.089253,-1.859192,9.323378,-74.546638,-67.450133,63.356049,-44.948160,64.695217,-17.492897,-16.132072
522.000000,-83.736873,47.337151,77.556437,0.057043,3.191488,-152.065283,12.097206,23.607325,45.795421,3.752189,-9.695367,-4.458926,1.027539,-21.209397,-33.345731,16.488498,-8.848800,0.469631,1.418344,-6.650880,-5.120779,11.518594,33.577801,-0.397943,47.100042,-31.533713,-1.030518,8.490939,-73.141771,-67.506598,63.063089,-44.510868,65.681189,-17.254081,-15.458829
523.000000,-83.687019,47.430113,77.570313,0.089560,3.156143,-152.211755,12.061142,23.656932,45.946194,3.700554,-9.617946,-4.163209,1.089807,-21.030598,-33.370221,15.998589,-8.558364,0.458537,1.731820,-6.828495,-4.817157,13.595049,32.230966,0.342391,50.072919,-30.306174,0.362930,9.589277,-72.535639,-67.068073,63.004943,-43.537128,65.542249,-16.881024,-16.688114
524.000000,-83.667153,47.501537,77.575201,0.083081,3.109385,-152.144460,11.918508,23.684302,45.872981,3.733258,-9.487536,-4.122595,1.199476,-21.015143,-33.623771,15.730508,-8.336606,0.605567,1.823261,-6.825991,-4.696624,15.585006,30.655269,-0.299927,53.398054,-30.509868,1.220562,9.777522,-71.671777,-66.705622,62.844038,-42.977883,66.014393,-16.622155,-16.759570
525.000000,-83.682323,47.559661,77.585322,0.102086,3.065898,-152.041883,11.834656,23.691435,45.815082,3.632602,-9.309685,-4.141895,1.340509,-20.951631,-33.902689,15.455818,-8.162520,0.635412,2.083490,-6.692662,-4.735036,17.506191,28.711981,-0.206287,56.453330,-31.834248,1.928949,10.290745,-70.423123,-66.524349,62.497795,-42.405626,66.463683,-16.296225,-16.661637
526.000000,-83.712608,47.605184,77.589595,0.144789,3.026604,-151.843969,11.718302,23.714849,45.683857,3.501899,-9.143177,-4.244878,1.560287,-20.848806,-34.239827,15.132581,-8.054900,0.649315,2.318135,-6.521351,-4.924547,19.469125,26.888711,0.335214,58.896906,-33.249494,2.207857,10.479256,-68.920584,-66.399370,62.009129,-41.837941,66.715983,-15.959543,-16.416966
527.000000,-83.725673,47.650209,77.588290,0.179040,2.995183,-151.567407,11.519767,23.758620,45.415717,3.446881,-9.025223,-4.326558,1.758511,-20.759520,-34.537804,14.876579,-8.084362,0.660787,2.504850,-6.329568,-5.028513,21.297742,25.336727,1.025535,60.620237,-34.381110,2.380225,10.824301,-67.187915,-66.293270,61.302362,-41.286728,66.808512,-15.640413,-16.228285
528.000000,-83.692294,47.699669,77.588791,0.179996,2.971136,-151.301409,11.272352,23.781298,45.096177,3.492856,-8.993110,-4.324188,1.874968,-20.738437,-34.775802,14.735766,-8.133517,0.630555,2.731534,-6.133136,-4.972272,22.882204,24.139272,1.644801,61.643844,-35.162780,2.516504,10.977525,-65.247766,-66.325153,60.504466,-40.801385,66.776465,-15.321144,-15.969107
529.000000,-83.624429,47.742864,77.595949,0.125124,2.980374,-151.066524,11.048072,23.753731,44.756075,3.606490,-9.050077,-4.235971,1.951413,-20.791420,-34.926770,14.704245,-8.194645,0.611673,3.107723,-5.909895,-4.853634,24.120666,23.280037,2.292755,62.198366,-35.986873,2.621954,10.841148,-63.229923,-66.554593,59.752619,-40.318337,66.816954,-14.999046,-15.648981
530.000000,-83.531821,47.790813,77.600980,0.058974,2.973165,-150.835774,10.798214,23.691744,44.414394,3.718378,-9.124191,-4.142987,1.961079,-20.880727,-35.030804,14.733276,-8.289827,0.615367,3.537937,-5.642267,-4.733970,24.930894,22.794093,3.040301,62.393696,-36.637702,2.678708,10.843632,-61.110795,-66.887674,58.910450,-39.737317,66.924495,-14.699532,-15.424596
531.000000,-83.432966,47.832945,77.600867,0.011427,2.953059,-150.580234,10.515132,23.651695,44.077974,3.848371,-9.181127,-4.181965,1.997430,-20.975286,-35.212613,14.728422,-8.352240,0.641145,3.879137,-5.315754,-4.640803,25.355445,22.639051,3.870003,62.248357,-36.912733,2.643740,10.958714,-58.778798,-67.224429,57.976968,-39.044281,66.917009,-14.471168,-15.250224
532.000000,-83.344048,47.860485,77.601206,-0.028027,2.945159,-150.224785,10.215283,23.624035,43.695353,3.948256,-9.163734,-4.306086,2.121343,-21.061517,-35.507749,14.687528,-8.404513,0.709771,4.129034,-4.937220,-4.507972,25.381823,22.800181,4.709348,61.770113,-36.926608,2.481393,11.064806,-56.278495,-67.664915,56.793344,-38.248598,66.774573,-14.319381,-15.185251
533.000000,-83.273828,47.885913,77.600896,-0.031921,2.948789,-149.814530,9.929136,23.621717,43.313470,3.972000,-9.101376,-4.468748,2.294082,-21.112680,-35.910064,14.630731,-8.407662,0.761423,4.330766,-4.471994,-4.383281,25.068700,23.126833,5.680082,60.966002,-36.934723,2.209533,11.133856,-53.565123,-68.285977,55.236768,-37.342697,66.501556,-14.205772,-14.944073
534.000000,-83.225513,47.915789,77.599698,-0.014390,2.964382,-149.391169,9.664800,23.639457,42.919806,3.950849,-9.036479,-4.717028,2.499737,-21.115760,-36.333806,14.557877,-8.426745,0.834034,4.437483,-3.990831,-4.258077,24.593589,23.520436,6.708597,59.703428,-37.089884,1.864808,11.036888,-50.598810,-68.936710,53.406397,-36.326911,66.186384,-14.030481,-14.566493
535.000000,-83.241230,47.911045,77.586102,-0.077351,2.948806,-149.218704,9.695481,23.542134,42.808398,3.757724,-8.897863,-4.902002,2.666624,-21.162595,-36.521448,14.491327,-8.406000,0.970019,4.354747,-3.533939,-4.137435,24.534004,23.488013,7.768459,58.472082,-36.894889,1.504274,11.257668,-47.473612,-69.077685,51.738509,-35.610612,65.280093,-14.070597,-14.829121
536.000000,-83.189976,47.946641,77.601141,0.031570,2.961577,-148.730408,9.298421,23.659395,42.372868,3.795790,-8.757079,-5.251772,2.873122,-21.111794,-37.093139,14.362191,-8.369431,0.977228,4.393454,-3.099267,-4.263606,23.450946,24.625231,8.997766,56.775903,-37.027425,0.967666,11.525005,-44.311641,-69.856265,49.495406,-33.888892,65.066779,-13.954263,-14.944172
537.000000,-83.242488,47.940531,77.583236,0.042623,2.877756,-148.603616,9.235668,23.665052,42.264736,3.739768,-8.674832,-5.370357,3.024213,-21.091346,-37.365591,14.192770,-8.320364,1.026234,4.160591,-2.782111,-4.337848,22.673680,25.473681,9.333938,56.379937,-37.088378,0.446893,12.210726,-41.716197,-69.941144,47.569269,-32.976782,64.701624,-13.966716,-15.164321
538.000000,-83.242148,47.942507,77.610004,0.169461,2.870328,-148.221701,9.064171,23.679183,42.099309,3.437006,-8.430569,-5.763012,3.285740,-20.934591,-37.838063,13.823967,-8.251581,1.092574,4.040423,-2.358705,-4.663300,21.270737,26.628809,10.117741,55.885011,-37.139563,-0.631576,12.737978,-38.602522,-70.333948,45.458027,-30.852501,64.630351,-13.857815,-15.428171
539.000000,-83.311576,47.916430,77.608776,0.254399,2.783516,-147.954398,8.891168,23.700746,41.938195,3.345154,-8.294624,-6.034026,3.504020,-20.852434,-38.240433,13.528212,-8.173134,1.249663,3.898859,-2.063369,-4.929715,20.345873,27.331741,10.466237,54.778462,-36.935307,-1.325167,12.898262,-35.532755,-70.388159,43.077078,-29.125685,64.334474,-13.772250,-15.507070
540.000000,-83.388621,47.848770,77.600539,0.325472,2.694410,-147.732630,8.786791,23.673914,41.848709,3.232432,-8.229917,-6.293245,3.725054,-20.830021,-38.651750,13.271937,-8.062012,1.460238,3.810332,-1.844710,-5.095962,19.630782,27.752828,11.029102,53.218867,-36.531321,-1.866841,12.762243,-32.510905,-70.375926,40.456594,-27.450040,63.983286,-13.590797,-15.524264
541.000000,-83.473206,47.765279,77.591395,0.373886,2.653232,-147.558558,8.794967,23.638381,41.821453,3.105528,-8.226514,-6.448638,3.964620,-20.790548,-38.965492,13.041207,-8.009166,1.556143,3.635588,-1.553672,-5.218219,19.093078,27.820018,11.609483,51.664586,-36.258756,-2.288217,12.590009,-29.343411,-70.100909,37.792751,-25.769518,63.421865,-13.279448,-15.178958
542.000000,-83.554649,47.680193,77.588683,0.425094,2.600295,-147.431741,8.802197,23.592706,41.796192,2.993660,-8.239835,-6.528506,4.158859,-20.750668,-39.205924,12.821180,-7.964196,1.598149,3.401819,-1.220992,-5.408642,18.762893,27.637387,11.976040,50.316822,-36.010598,-2.592564,12.474881,-25.887534,-69.458728,35.086736,-24.070970,62.952945,-12.890788,-15.032014
543.000000,-83.627230,47.576076,77.590728,0.508967,2.484946,-147.301886,8.700327,23.539878,41.715380,2.935983,-8.286920,-6.587043,4.266953,-20.733618,-39.431478,12.601881,-7.915493,1.717088,3.204633,-0.911910,-5.687982,18.530757,27.311589,12.098386,49.259710,-35.758830,-2.752819,12.340896,-22.236234,-68.596860,32.328856,-22.458364,62.674007,-12.533924,-15.065592
544.000000,-83.712792,47.449529,77.588403,0.601126,2.335821,-147.201568,8.589682,23.473475,41.652870,2.903278,-8.378714,-6.625161,4.346805,-20.729185,-39.623597,12.371940,-7.903845,1.840767,3.036258,-0.563582,-6.009755,18.487104,26.737677,12.049814,48.542766,-35.652399,-2.803150,12.144382,-18.394982,-67.593301,29.528165,-20.927775,62.314999,-12.122069,-14.758289
545.000000,-83.809423,47.306105,77.587724,0.691515,2.174542,-147.138195,8.527615,23.360410,41.612849,2.813543,-8.497270,-6.555901,4.423547,-20.727128,-39.768513,12.115286,-7.906249,1.927394,2.889078,-0.179408,-6.335035,18.593880,26.011625,11.816382,48.409645,-35.837685,-2.755264,11.832852,-14.427673,-66.367753,26.655469,-19.320682,61.745204,-11.734784,-14.250354
546.000000,-83.931267,47.126126,77.582377,0.781053,1.990119,-147.068348,8.489594,23.207830,41.600514,2.697286,-8.638740,-6.571296,4.489123,-20.767959,-39.910079,11.904280,-7.914122,2.122870,2.813906,0.113326,-6.712351,18.771732,25.284952,11.629894,48.903830,-36.008317,-2.590446,11.478382,-10.437642,-65.012999,23.735336,-17.689748,61.009681,-11.471001,-14.199045
547.000000,-84.089702,46.916887,77.572781,0.883977,1.767492,-146.973418,8.449509,23.040620,41.602703,2.554684,-8.752940,-6.657595,4.579447,-20.827494,-40.125254,11.667572,-7.897814,2.335577,2.769170,0.372513,-7.189783,19.089699,24.539505,11.765935,49.914363,-36.003040,-2.255933,11.022241,-6.416418,-63.518164,20.674100,-16.037773,60.121695,-11.076689,-14.011944
548.000000,-84.286731,46.683019,77.555418,1.000922,1.534678,-146.826523,8.430695,22.869464,41.594213,2.371863,-8.863531,-6.782116,4.772256,-20.876150,-40.464684,11.352735,-7.848106,2.582422,2.724525,0.635776,-7.705423,19.483150,23.722471,12.222772,51.378616,-36.000442,-1.914865,10.725309,-2.234013,-61.644363,17.447696,-14.246534,59.019289,-10.718325,-13.850541
549.000000,-84.525502,46.412820,77.536362,1.122369,1.323549,-146.616574,8.446909,22.708842,41.548375,2.193294,-9.018568,-6.895690,5.108741,-20.899983,-40.936906,10.959983,-7.775360,2.809603,2.653914,0.965226,-8.258196,19.939984,22.840687,12.837039,53.180133,-36.212041,-1.550144,10.606310,1.994987,-59.423520,14.284226,-12.403753,57.825809,-10.389254,-13.757303
550.000000,-84.793681,46.114442,77.509457,1.218449,1.153203,-146.315096,8.467397,22.563376,41.398279,2.082077,-9.211322,-7.008460,5.585395,-20.939489,-41.539998,10.567169,-7.679715,3.055213,2.560078,1.293107,-8.698541,20.419455,21.979960,13.459094,55.044262,-36.497317,-1.189937,10.598144,6.178660,-56.803678,11.102451,-10.628169,56.652116,-10.095800,-13.593317
551.000000,-85.074985,45.805618,77.478355,1.282643,1.042487,-145.945090,8.509973,22.443360,41.149848,2.039941,-9.441707,-7.066786,6.178628,-20.988982,-42.224984,10.194061,-7.540270,3.240071,2.529026,1.616033,-8.938817,20.808545,21.181340,14.020758,56.876078,-36.748217,-0.831797,10.689392,10.324424,-53.707301,7.779619,-8.840342,55.228712,-9.943044,-13.658883
552.000000,-85.350221,45.505041,77.453512,1.341770,0.966898,-145.532893,8.527725,22.359569,40.828258,2.041837,-9.659095,-7.068423,6.803669,-21.016243,-42.920362,9.842988,-7.359228,3.279218,2.577173,1.980395,-9.148080,21.148632,20.373601,14.566717,58.582089,-37.003660,-0.608492,10.635889,14.392450,-50.143974,4.461653,-7.018872,53.191116,-9.921136,-14.012760
553.000000,-85.633665,45.199519,77.437872,1.424443,0.883671,-145.065100,8.515204,22.287018,40.463837,2.012267,-9.793620,-7.119238,7.442728,-21.002651,-43.663637,9.457993,-7.133350,3.226576,2.690082,2.347634,-9.430440,21.481725,19.589257,15.178231,60.157069,-37.139113,-0.508762,10.250536,18.369136,-45.959417,1.068469,-5.153648,50.491818,-10.111981,-14.486848
554.000000,-85.926443,44.887793,77.427816,1.523516,0.761797,-144.492404,8.432123,22.188283,40.033405,1.939674,-9.869229,-7.130069,8.125640,-20.962438,-44.561862,9.000087,-6.891699,3.146948,2.841340,2.629893,-9.725480,21.781750,18.885951,15.882391,61.546548,-37.177061,-0.476550,9.492995,22.150052,-41.067745,-2.462968,-3.246301,47.332398,-10.483762,-14.850511
555.000000,-86.190414,44.586569,77.412599,1.609870,0.654750,-143.841866,8.327459,22.066921,39.556399,1.827729,-9.953801,-7.069252,8.794095,-20.942617,-45.422261,8.622855,-6.695645,3.074034,3.010692,2.809499,-9.932024,22.047323,18.267375,16.605587,62.659650,-37.103797,-0.482685,8.603563,25.524453,-35.781052,-5.739913,-1.279915,44.318885,-10.894223,-15.232555
556.000000,-86.402315,44.303918,77.403212,1.695745,0.578732,-143.253883,8.232387,21.961408,39.074006,1.723497,-10.021355,-7.052196,9.333710,-20.965580,-46.158647,8.428831,-6.501623,2.973137,3.166509,2.931369,-9.993578,22.184804,17.657755,17.336460,63.542923,-37.070432,-0.554058,8.215408,28.060927,-30.628201,-8.307104,0.910322,41.993885,-11.267099,-15.985195
557.000000,-86.575776,44.039074,77.394390,1.792712,0.496263,-142.854604,8.196164,21.868063,38.758697,1.613073,-10.093090,-7.124158,9.691546,-21.014954,-46.737905,8.330406,-6.298997,2.878422,3.252269,3.032703,-9.874988,22.190858,16.987582,17.970460,64.291396,-37.084256,-0.608456,8.192574,29.475726,-26.466679,-9.944282,3.441642,40.466767,-11.468213,-16.958603
558.000000,-86.713624,43.800029,77.379835,1.892862,0.378265,-142.647630,8.218079,21.746110,38.705907,1.466172,-10.195671,-7.159587,9.885445,-21.077967,-47.105602,8.223318,-6.114891,2.844170,3.260552,3.080544,-9.680582,22.100761,16.290664,18.350391,64.937757,-37.358628,-0.651976,8.218214,29.933656,-23.819224,-10.581678,6.275003,39.780722,-11.437587,-17.976179
559.000000,-86.804134,43.610299,77.372521,2.032016,0.223025,-142.603580,8.216901,21.637187,38.807687,1.282786,-10.219840,-7.207021,9.882097,-21.089456,-47.245467,8.071295,-5.918757,2.769844,3.272660,3.120037,-9.582632,21.921854,15.668932,18.213995,65.711556,-37.729046,-0.626244,8.145932,29.835875,-22.703542,-10.412618,9.197974,39.535659,-11.343184,-18.827562
560.000000,-86.887509,43.417433,77.370119,2.177800,0.034899,-142.683842,8.235575,21.504890,38.975901,1.093579,-10.237948,-7.215630,9.794890,-21.101963,-47.249060,7.859999,-5.687691,2.837876,3.267793,3.140553,-9.510590,21.593727,15.250884,17.549941,66.664511,-37.995560,-0.483131,8.087985,29.360217,-22.659310,-9.806395,11.879282,39.319975,-11.306130,-19.520469
561.000000,-86.959642,43.242037,77.365190,2.298465,-0.175843,-142.855076,8.268594,21.349373,39.260132,0.946861,-10.280037,-7.151492,9.647214,-21.157252,-47.137909,7.653595,-5.469856,3.055133,3.272540,3.097590,-9.443123,21.099539,15.090644,16.752975,67.596197,-38.122025,-0.264250,8.004147,28.697272,-23.040738,-9.153055,13.899140,39.133863,-11.301546,-20.064232
562.000000,-87.027836,43.078724,77.359366,2.432073,-0.392655,-143.024946,8.249839,21.234671,39.516510,0.866384,-10.319609,-7.176610,9.481969,-21.194681,-47.061752,7.448764,-5.286423,3.276695,3.245227,2.997135,-9.407448,20.521517,15.199929,16.211626,68.136745,-37.976764,-0.068675,7.794961,28.055106,-23.386201,-8.838273,14.999671,39.063672,-11.347370,-20.218987
563.000000,-87.098706,42.929700,77.352393,2.581009,-0.599895,-143.179123,8.211974,21.155836,39.715487,0.778619,-10.335844,-7.240143,9.292016,-21.213446,-46.996261,7.301339,-5.155691,3.376887,3.161407,2.791177,-9.301485,19.904684,15.570673,16.064089,67.945779,-37.798400,-0.127455,7.672484,27.360584,-23.536793,-8.864045,15.317691,39.186407,-11.442132,-20.117158
564.000000,-87.185818,42.780200,77.342725,2.717423,-0.771951,-143.278677,8.228795,21.071885,39.910790,0.622415,-10.335124,-7.270023,9.151203,-21.243871,-46.945314,7.234752,-5.047027,3.472393,3.000239,2.463896,-9.147279,19.362951,16.111831,16.249496,66.974943,-37.677567,-0.499075,7.627703,26.690154,-23.627083,-8.970519,15.106582,39.478941,-11.506138,-19.821749
565.000000,-87.260830,42.660171,77.334028,2.845652,-0.883561,-143.309310,8.247015,21.031156,40.062987,0.465419,-10.305283,-7.264659,9.054397,-21.255421,-46.943931,7.244891,-4.949422,3.520935,2.762390,2.079315,-9.022552,18.911247,16.806729,16.480280,65.499779,-37.417924,-0.976704,7.525730,26.077392,-23.800088,-9.010244,14.645165,39.678847,-11.535475,-19.506523
566.000000,-87.340528,42.545274,77.332890,2.982817,-0.963147,-143.336504,8.276120,21.035403,40.212722,0.326065,-10.244675,-7.263233,8.983412,-21.225127,-47.019149,7.255798,-4.852385,3.499740,2.604006,1.665501,-8.966692,18.397681,17.669327,16.675255,63.918488,-37.007772,-1.412871,7.626109,25.540632,-24.113979,-9.014125,14.145882,39.616733,-11.548351,-19.329806
567.000000,-87.447214,42.417413,77.334547,3.109907,-1.053018,-143.397784,8.344726,21.029780,40.417269,0.193504,-10.183713,-7.206060,8.926362,-21.192340,-47.060741,7.230819,-4.744739,3.514524,2.560734,1.192967,-8.925302,17.806795,18.606743,16.872780,62.265336,-36.601973,-1.767231,7.927918,25.081122,-24.529267,-8.928567,13.672758,39.487772,-11.596199,-19.203343
568.000000,-87.568861,42.282042,77.332973,3.223896,-1.170214,-143.460668,8.401643,20.998737,40.627936,0.086361,-10.153924,-7.046112,8.877186,-21.175002,-47.008176,7.160802,-4.634783,3.592396,2.551737,0.692474,-8.895233,17.203286,19.517933,17.125127,60.597452,-36.264790,-2.003104,8.220313,24.709627,-24.947787,-8.762411,13.242375,39.342764,-11.601088,-19.076974
569.000000,-87.684166,42.146707,77.328181,3.340554,-1.298414,-143.556339,8.437718,20.976011,40.813942,0.025452,-10.141786,-6.986008,8.812973,-21.154255,-46.969261,7.059007,-4.520338,3.675773,2.583174,0.219365,-8.817977,16.597360,20.356829,17.380279,58.963705,-35.907025,-2.194444,8.477679,24.405673,-25.299991,-8.593229,12.839800,39.265426,-11.568750,-18.907314
570.000000,-87.788391,42.014420,77.324718,3.468643,-1.438926,-143.667835,8.453163,20.955509,41.004371,-0.033956,-10.140089,-6.992370,8.728732,-21.119452,-46.951117,6.922651,-4.385539,3.742087,2.653888,-0.214543,-8.680580,16.029925,21.077289,17.557063,57.424419,-35.437747,-2.335810,8.784527,24.169231,-25.554256,-8.438346,12.485185,39.331515,-11.569916,-18.791660
571.000000,-87.888026,41.879424,77.319247,3.616760,-1.605013,-143.757034,8.427069,20.917666,41.197498,-0.111292,-10.160659,-6.951190,8.608647,-21.089174,-46.910207,6.787449,-4.241995,3.813246,2.722754,-0.622531,-8.557165,15.515067,21.588724,17.652016,55.960559,-35.124323,-2.477525,9.070392,24.008564,-25.653248,-8.289270,12.189614,39.337938,-11.600982,-18.851631
572.000000,-87.994915,41.733232,77.317142,3.791303,-1.789626,-143.836230,8.366187,20.890352,41.377812,-0.184335,-10.164369,-6.910245,8.443402,-21.072863,-46.876114,6.713375,-4.096851,3.853092,2.756712,-0.984430,-8.470936,15.130681,21.930952,17.618633,54.703781,-34.855159,-2.587858,9.153886,23.921409,-25.690495,-8.114043,11.954598,39.325624,-11.603644,-18.804827
573.000000,-88.105381,41.580054,77.321917,3.973851,-1.971835,-143.906503,8.305437,20.863153,41.516349,-0.273345,-10.133522,-6.843371,8.268513,-21.067268,-46.877596,6.679461,-3.933047,3.857314,2.754539,-1.290520,-8.371178,14.824654,22.078945,17.552157,53.794003,-34.657654,-2.588509,9.166358,23.857180,-25.692260,-7.890677,11.834209,39.324128,-11.540775,-18.643498
574.000000,-88.224238,41.410604,77.325481,4.143263,-2.124606,-143.956309,8.277944,20.834838,41.666493,-0.344854,-10.120447,-6.749832,8.149260,-21.062447,-46.869591,6.637339,-3.741874,3.875775,2.692571,-1.524312,-8.247454,14.603581,22.021635,17.448710,53.280953,-34.604696,-2.541508,9.273279,23.806320,-25.670860,-7.627059,11.809101,39.285916,-11.449636,-18.486447
575.000000,-88.334781,41.224492,77.332550,4.305743,-2.267459,-143.996477,8.245540,20.800656,41.801345,-0.384986,-10.118490,-6.605608,8.030468,-21.085390,-46.783248,6.614065,-3.500767,3.899234,2.593556,-1.680409,-8.141330,14.492507,21.810710,17.220070,53.199015,-34.512119,-2.429663,9.359406,23.778055,-25.609931,-7.349971,11.833596,39.202304,-11.373003,-18.443597
576.000000,-88.438356,41.027462,77.346939,4.462753,-2.412343,-144.041263,8.217244,20.745257,41.934595,-0.434446,-10.092438,-6.436155,7.892786,-21.133510,-46.624657,6.602672,-3.210013,3.912816,2.472358,-1.764447,-8.024111,14.469380,21.474805,16.892058,53.527069,-34.428409,-2.267712,9.329350,23.736839,-25.521883,-7.033246,11.871487,39.162324,-11.301785,-18.376595
577.000000,-88.542837,40.806553,77.368796,4.605010,-2.539725,-144.086347,8.235595,20.656456,42.101262,-0.513639,-10.050080,-6.246973,7.792217,-21.202096,-46.480370,6.584593,-2.853846,3.932846,2.349742,-1.777534,-7.848410,14.507945,21.029572,16.531537,54.172495,-34.353382,-2.066277,9.233105,23.710484,-25.423002,-6.716445,11.876996,39.112460,-11.200380,-18.216036
578.000000,-88.630641,40.565440,77.403229,4.750762,-2.668617,-144.107061,8.228455,20.541183,42.212348,-0.596645,-10.018687,-6.012415,7.677651,-21.306353,-46.342215,6.586656,-2.381226,3.969027,2.229272,-1.737279,-7.657713,14.622422,20.523518,16.113330,55.066495,-34.222396,-1.816199,9.123634,23.719425,-25.335494,-6.454903,11.878661,39.058826,-11.105515,-18.108457
579.000000,-88.705289,40.310386,77.447093,4.921349,-2.796356,-144.058342,8.155720,20.437372,42.235923,-0.646595,-10.023867,-5.815199,7.520644,-21.433309,-46.029061,6.644249,-1.820513,4.074046,2.102038,-1.649717,-7.464114,14.797164,19.965142,15.734949,56.091897,-34.215098,-1.589621,8.959250,23.778151,-25.216392,-6.229485,11.870653,39.077944,-11.055736,-18.060449
580.000000,-88.759875,40.034416,77.501780,5.118151,-2.938476,-143.942715,8.009557,20.316876,42.209637,-0.672969,-10.078356,-5.604542,7.294504,-21.602551,-45.440009,6.750813,-1.140330,4.256954,1.967170,-1.534719,-7.270543,15.021516,19.401052,15.430152,57.165340,-34.286846,-1.394599,8.777810,23.851330,-25.113567,-6.009844,11.891684,39.089862,-11.010672,-18.080054
581.000000,-88.786370,39.723220,77.567130,5.337833,-3.082753,-143.777252,7.827083,20.166928,42.143268,-0.707825,-10.138612,-5.419657,7.041058,-21.810088,-44.741205,6.879508,-0.273105,4.513152,1.846930,-1.375505,-7.051973,15.264023,18.856527,15.160418,58.258344,-34.427258,-1.218065,8.664600,23.919095,-25.073488,-5.798048,11.938016,39.125113,-10.964665,-18.038635
582.000000,-88.783014,39.372236,77.632266,5.585201,-3.223171,-143.568714,7.611229,19.997701,41.998420,-0.750408,-10.258498,-5.234260,6.802999,-22.017596,-44.148635,6.976157,0.659552,4.821157,1.745618,-1.171035,-6.809269,15.521405,18.386656,14.903160,59.301970,-34.517536,-1.069532,8.526730,23.968121,-25.104485,-5.631395,11.991561,39.184976,-10.934702,-18.002360
583.000000,-88.747311,38.978043,77.686340,5.858556,-3.373532,-143.320148,7.343036,19.806765,41.768355,-0.763457,-10.507233,-5.015038,6.574307,-22.246817,-43.687382,7.058395,1.649706,5.179759,1.676647,-0.950527,-6.553012,15.770348,18.020092,14.688221,60.227625,-34.624657,-0.957665,8.380944,24.011882,-25.190086,-5.503766,12.024294,39.195635,-10.905838,-17.980350
584.000000,-88.675654,38.541627,77.732712,6.152699,-3.516392,-143.033761,7.023977,19.629643,41.426979,-0.698645,-10.854897,-4.809337,6.279962,-22.573265,-43.288161,7.358670,2.672286,5.526097,1.623958,-0.726109,-6.276452,16.011225,17.794422,14.522345,61.004996,-34.686702,-0.880531,8.226562,24.039988,-25.271961,-5.408513,12.061112,39.160381,-10.889937,-17.954829
585.000000,-88.566136,38.046682,77.775514,6.485036,-3.618601,-142.677665,6.684774,19.472309,40.986527,-0.605368,-11.259845,-4.668831,5.870906,-23.041904,-42.848676,8.050961,3.732531,5.903010,1.562487,-0.449564,-5.977960,16.170311,17.698794,14.415514,61.644991,-34.751576,-0.876562,8.208928,24.037340,-25.346999,-5.365444,12.082366,39.180202,-10.921036,-17.999806
586.000000,-88.406235,37.483159,77.827102,6.871757,-3.616994,-142.205871,6.351139,19.345307,40.394808,-0.529811,-11.717071,-4.534827,5.315852,-23.684606,-42.306120,9.328649,4.887134,6.145098,1.460844,-0.065836,-5.582636,16.176236,17.686445,14.422984,62.073558,-34.826277,-0.891859,8.304367,23.990280,-25.405235,-5.410961,12.052740,39.188279,-10.978007,-18.077523
587.000000,-88.201845,36.872604,77.907920,7.297406,-3.433157,-141.522106,6.013551,19.313716,39.501026,-0.433149,-12.187252,-4.239679,4.476156,-24.565696,-41.209704,11.583881,6.143855,5.896811,1.176876,0.412893,-5.006334,16.060650,17.830089,14.346783,62.211665,-34.969151,-0.927271,8.508983,23.790618,-25.420965,-5.477729,12.077514,39.156856,-11.054032,-18.315743
588.000000,-87.974042,36.228281,78.030568,7.741686,-2.972429,-140.610872,5.827858,19.409868,38.334225,-0.471004,-12.504643,-3.881413,3.043663,-25.810453,-39.399236,15.460239,7.760405,4.981785,0.594755,0.985049,-4.228299,15.952183,18.212483,14.186511,61.993208,-35.170201,-0.968554,8.737562,23.457223,-25.319547,-5.485798,12.116277,39.120240,-11.196670,-18.665087
589.000000,-87.690669,35.474780,78.176486,8.140510,-2.184946,-139.485258,5.875715,19.587224,36.817165,-0.675596,-12.623489,-3.473684,0.607552,-27.879178,-36.961371,21.645641,10.180878,3.366687,-0.495915,1.691161,-3.020340,15.777872,18.818646,14.193171,61.373423,-35.244763,-0.937569,8.945697,22.811000,-25.238222,-5.365934,12.024654,38.952108,-11.283703,-18.805645
590.000000,-87.526673,34.723932,78.289419,8.327223,-0.872101,-137.965595,6.529735,19.976046,35.039096,-1.143655,-12.643444,-3.252733,-2.150001,-29.739699,-33.772243,28.727113,12.754824,1.078315,-2.085720,2.524182,-1.309367,15.724895,19.720226,14.334467,60.492185,-35.000150,-0.948043,9.072736,22.221836,-25.180903,-5.109476,11.657961,38.579156,-11.390890,-18.820844
591.000000,-87.638909,34.279492,78.328234,8.114011,0.303620,-135.868688,7.142716,20.260206,32.941347,-1.592314,-12.621167,-3.209601,-5.762638,-30.044069,-28.731860,34.505218,12.634682,-0.313258,-4.111840,2.968401,0.618186,15.482231,20.885805,14.664778,59.541703,-34.742522,-0.964510,9.417555,21.658923,-25.135672,-4.832517,11.005503,38.054187,-11.467686,-18.756003
592.000000,-88.291138,34.330201,78.341115,7.706261,0.864206,-133.186886,7.119265,20.538669,30.599702,-1.781497,-12.520351,-3.826785,-9.600805,-26.794924,-21.939312,35.659649,7.704185,0.020381,-6.361092,2.860349,1.955512,15.151211,22.213276,15.423214,58.701337,-34.571494,-0.976135,10.091727,21.414499,-25.066769,-4.745995,10.236897,37.524410,-11.371528,-18.595825
593.000000,-89.155906,34.404233,78.294212,7.388019,1.219188,-130.871938,6.977278,20.983144,28.704136,-1.801702,-12.282670,-4.728108,-11.952939,-23.734028,-18.058011,32.278040,0.606438,0.857504,-8.152053,2.766052,2.779104,14.808805,23.500620,16.175952,57.884187,-34.747184,-1.164748,11.030514,21.463916,-25.064882,-4.597415,9.648259,37.158691,-11.287665,-18.642814
594.000000,-90.083981,34.490445,78.093404,6.802159,1.256684,-128.797370,6.837569,21.085646,27.118865,-1.677874,-12.065646,-5.626383,-13.115521,-22.386346,-16.574595,25.815926,-5.227757,1.963177,-9.606189,2.454383,3.625965,14.224499,24.554930,16.843060,56.753903,-34.997066,-1.425417,11.701600,21.538390,-25.130660,-4.370014,9.029115,36.870802,-11.243275,-18.759552
595.000000,-91.205770,34.501174,77.684379,5.786133,0.976612,-126.413491,6.935381,20.691177,25.335267,-1.573969,-12.257259,-6.387321,-13.360391,-21.603111,-15.274789,18.228626,-7.469748,3.548267,-11.034701,1.761011,4.307181,13.824185,25.469232,16.994409,55.146893,-35.078342,-1.809395,11.804851,21.932965,-25.293206,-4.197721,8.258805,36.636984,-11.243954,-18.904837
596.000000,-92.457229,34.406739,77.102691,4.510966,0.444458,-124.110588,7.315767,20.071033,23.257233,-1.400717,-12.959844,-6.988744,-13.393412,-21.229925,-14.224420,12.191734,-6.753186,5.266151,-12.143805,0.778471,4.891034,13.485007,26.322692,16.787043,53.192745,-34.891273,-2.181032,11.703122,22.378008,-25.537977,-4.079745,7.269255,36.379681,-11.150524,-18.916183
597.000000,-93.706620,34.275123,76.514828,3.438825,-0.223752,-122.184048,7.570845,19.592191,21.097877,-1.007660,-13.975710,-7.301070,-13.259825,-21.025687,-10.996887,10.712412,-2.382048,6.211994,-12.683835,-0.238359,5.157332,13.050719,27.042676,16.532230,51.367739,-34.632174,-2.492623,11.544931,22.560502,-25.683594,-3.855974,6.443881,36.014792,-11.095585,-18.930740
598.000000,-94.800013,34.221134,76.239651,3.050698,-0.358602,-121.276124,7.684677,20.108903,20.080806,-0.390020,-14.624584,-7.839293,-13.009371,-21.594268,-11.408849,12.781616,-2.488871,5.679954,-12.486189,-0.400454,5.288671,12.194719,27.186832,16.587266,50.489598,-34.863420,-2.658466,11.639870,21.784656,-25.919079,-3.070003,6.543278,35.710473,-11.125959,-19.182568
599.000000,-95.767581,34.039837,76.249456,3.034216,-0.410968,-120.718866,7.701130,20.737230,19.979161,0.260708,-14.854710,-8.250983,-12.641192,-21.567304,-12.375954,13.838768,-3.254317,5.956062,-11.949781,0.167592,4.694734,11.510728,25.943278,16.749480,50.865795,-35.336977,-2.670754,12.055964,21.183299,-26.600252,-2.549109,7.155413,35.790792,-10.953758,-19.490346
600.000000,-96.534586,33.874300,76.334006,3.298463,-0.747789,-120.270894,7.218688,21.029432,20.095149,0.780696,-14.717174,-8.133433,-12.553777,-21.564902,-12.981481,14.254836,-3.938136,5.903193,-11.343103,1.251699,3.845746,10.956209,23.505437,16.148907,51.747111,-35.756423,-2.313060,12.277560,20.699609,-27.653199,-2.504280,7.397082,36.014522,-11.022459,-20.026162
601.000000,-97.115046,33.655804,76.404899,3.642344,-0.964762,-119.591477,6.610392,21.245109,19.881682,1.134848,-14.608228,-7.978497,-12.281935,-21.566370,-13.609797,14.388091,-4.558364,5.562981,-11.284699,2.585315,3.234942,11.108020,20.942885,14.186160,52.712641,-35.351000,-1.699016,10.972987,20.243130,-28.930970,-2.663207,7.255100,35.980214,-11.272994,-20.070332
602.000000,-97.437727,33.420545,76.429129,4.148326,-1.013369,-118.678615,5.832681,21.543028,19.120392,1.195545,-14.310329,-8.322973,-11.962439,-21.614620,-14.628044,14.298888,-4.839849,5.448857,-11.790743,4.376955,2.874439,11.788031,18.620388,11.097791,54.057723,-33.607707,-0.874782,7.392898,19.532350,-30.533794,-3.332530,7.096523,36.199538,-11.534927,-19.723045
603.000000,-97.605801,33.099332,76.388323,4.679322,-1.006773,-117.918354,5.274461,21.831527,18.415165,1.057003,-14.116266,-9.008508,-11.673380,-21.651802,-15.554651,14.182886,-5.157572,5.342147,-12.456025,5.792876,2.516705,13.043070,17.173696,8.206128,55.723538,-31.153261,0.059677,3.490937,19.071292,-31.450853,-3.820471,6.805614,36.506179,-11.690255,-19.307707
604.000000,-97.634453,32.806543,76.331329,5.058338,-1.025531,-117.423069,4.979219,21.943938,18.089872,0.917179,-14.146112,-9.613044,-11.430506,-21.746810,-16.278876,14.046953,-5.411539,5.320326,-12.946680,6.637291,2.398924,14.148279,16.151980,6.075445,57.672526,-29.449283,0.790777,1.688323,18.659069,-31.481312,-4.096813,6.654662,36.650160,-11.874952,-19.325636
605.000000,-97.485292,32.651624,76.315665,5.329654,-1.126192,-117.120739,4.619312,21.814560,17.927047,0.827561,-14.111229,-9.801593,-11.486046,-22.005346,-16.746009,13.940033,-5.269373,5.411555,-13.069762,7.321406,2.449923,14.798115,15.293630,4.869202,59.800451,-28.487018,1.295187,1.027040,18.213500,-31.216188,-4.471923,6.785692,36.900531,-11.990621,-19.634193
606.000000,-97.243762,32.498565,76.336002,5.465489,-1.206855,-116.978647,4.421939,21.550302,17.850319,0.780409,-14.108164,-9.782164,-11.480141,-22.288022,-17.045343,13.709020,-4.896140,5.499362,-12.943193,7.834282,2.559217,15.308301,14.936174,4.426878,61.469524,-28.384089,1.525083,0.821336,17.920774,-30.840312,-4.725251,6.984219,37.152561,-12.018023,-19.809992
607.000000,-96.951026,32.315719,76.365793,5.508444,-1.209153,-116.908051,4.417367,21.258957,17.725881,0.670222,-14.116493,-9.766634,-11.305162,-22.522586,-17.243451,13.328477,-4.445018,5.556068,-12.710290,8.258453,2.660723,15.801021,15.185288,4.532556,62.362817,-28.613266,1.496063,0.697173,17.882409,-30.526533,-4.860440,7.043188,37.247924,-12.048967,-19.746094
608.000000,-96.636492,32.113189,76.376355,5.486701,-1.127625,-116.763086,4.502672,20.986525,17.480925,0.528182,-14.228881,-9.758533,-10.873022,-22.739698,-17.531212,12.772455,-4.001450,5.705954,-12.532864,8.587299,2.803459,16.218214,15.904749,5.231611,62.523237,-28.756579,1.314331,0.655221,18.106567,-30.244170,-4.941959,6.890578,37.081507,-12.038585,-19.510859
609.000000,-96.326846,31.943816,76.358795,5.418054,-1.037869,-116.613870,4.613133,20.720072,17.255863,0.419014,-14.470842,-9.733987,-10.360349,-22.949263,-17.832705,12.145891,-3.629857,5.961006,-12.383112,8.716261,2.971978,16.429182,16.926119,6.413332,62.301352,-29.022884,0.914146,1.132955,18.491042,-29.852523,-4.946511,6.643714,36.762107,-12.068669,-19.376926
610.000000,-96.033078,31.828097,76.337117,5.324333,-1.002693,-116.600487,4.709366,20.445236,17.118030,0.429428,-14.787465,-9.644263,-9.959076,-23.144917,-18.014117,11.533935,-3.299662,6.284608,-12.100298,8.603098,3.117767,16.261190,18.085052,7.917802,61.979411,-29.621523,0.323211,2.503564,18.954835,-29.320397,-4.895477,6.461719,36.456264,-12.058427,-19.327251
611.000000,-95.754474,31.767517,76.328748,5.216702,-1.037703,-116.767466,4.823522,20.137242,17.161252,0.473745,-15.077685,-9.453478,-9.747820,-23.321713,-17.985188,10.973176,-2.958106,6.611540,-11.673685,8.243839,3.190371,15.760033,19.255478,9.472701,61.585193,-30.314466,-0.307439,4.494950,19.436067,-28.719491,-4.691299,6.456365,36.091119,-11.860207,-19.453101
612.000000,-95.516574,31.719050,76.336330,5.140297,-1.089126,-116.998131,4.921227,19.869193,17.302326,0.537648,-15.305626,-9.261271,-9.591406,-23.435810,-17.910629,10.387872,-2.586206,6.898474,-11.253727,7.720078,3.157154,15.087531,20.384664,10.807050,60.909476,-31.064653,-0.913764,6.530860,19.853295,-28.120966,-4.321810,6.570899,35.888382,-11.607532,-19.642234
613.000000,-95.333600,31.659344,76.348352,5.114447,-1.118407,-117.217119,4.991645,19.688917,17.437476,0.596748,-15.465679,-9.166559,-9.444724,-23.471566,-17.864787,9.825488,-2.214955,7.178533,-10.931865,7.108218,3.039199,14.340462,21.403434,11.839808,59.898150,-31.825338,-1.482670,8.110722,20.151114,-27.661489,-3.855711,6.710928,35.818308,-11.384106,-19.670528
614.000000,-95.207399,31.588262,76.351935,5.098396,-1.097304,-117.395625,5.119658,19.595039,17.575615,0.594450,-15.596385,-9.094276,-9.273662,-23.443349,-17.798037,9.359213,-1.946465,7.365068,-10.740138,6.473285,2.844292,13.653919,22.258197,12.503270,58.563517,-32.500321,-1.957325,8.858813,20.353936,-27.430508,-3.341123,6.800152,35.713621,-11.228445,-19.609258
615.000000,-95.128691,31.520134,76.341099,5.087115,-1.043219,-117.578229,5.307599,19.574719,17.756873,0.546712,-15.755372,-9.004671,-9.152862,-23.373531,-17.703664,9.059086,-1.789784,7.453967,-10.647170,5.874485,2.562524,13.064436,22.880691,12.909719,57.043534,-32.953552,-2.298262,8.989978,20.482219,-27.391514,-2.864613,6.807288,35.504809,-11.127088,-19.445238
616.000000,-95.084929,31.472540,76.328433,5.077673,-1.001470,-117.817282,5.509582,19.587338,18.009069,0.509776,-15.889115,-8.929069,-9.144407,-23.287829,-17.564144,8.909441,-1.675008,7.583967,-10.590219,5.316431,2.227573,12.532741,23.225438,13.038364,55.579906,-33.171411,-2.576508,8.824721,20.508818,-27.422335,-2.485205,6.737448,35.229276,-11.039904,-19.133076
617.000000,-95.069778,31.438443,76.318181,5.045428,-0.980544,-118.126223,5.743959,19.603476,18.350710,0.508116,-16.017272,-8.832784,-9.240409,-23.202175,-17.322350,8.899115,-1.625707,7.676573,-10.501716,4.786215,1.870274,12.033203,23.341985,12.891897,54.350739,-33.110595,-2.709795,8.632818,20.452996,-27.464380,-2.177614,6.641555,35.032658,-10.980516,-18.973962
618.000000,-95.086926,31.402564,76.310402,4.990022,-0.965083,-118.457677,6.000480,19.627737,18.722945,0.553441,-16.153319,-8.734896,-9.337790,-23.117655,-17.067770,8.942670,-1.642776,7.687873,-10.398747,4.267387,1.564743,11.560584,23.325675,12.401219,53.387019,-32.853200,-2.757252,8.385664,20.296134,-27.515269,-1.880837,6.554512,35.101650,-10.944839,-18.915283
619.000000,-95.125067,31.368253,76.300764,4.922002,-0.959234,-118.760604,6.243005,19.646745,19.063401,0.631198,-16.309191,-8.587347,-9.405316,-23.045256,-16.810538,8.985457,-1.686560,7.710471,-10.272332,3.766868,1.343135,11.093658,23.165445,11.742634,52.676994,-32.405740,-2.751115,8.138629,20.090756,-27.570882,-1.651805,6.486947,35.292161,-10.908024,-18.818679
620.000000,-95.172620,31.325856,76.287669,4.867616,-0.943434,-118.998933,6.458918,19.681340,19.326616,0.692055,-16.444920,-8.490858,-9.428271,-22.975180,-16.597394,9.015100,-1.742587,7.730964,-10.186414,3.335044,1.164364,10.747804,22.828384,11.036114,52.176310,-32.028171,-2.733573,7.818053,19.872283,-27.724071,-1.438458,6.408822,35.441473,-10.873456,-18.635179
621.000000,-95.226330,31.274292,76.273614,4.833923,-0.922828,-119.181762,6.664747,19.722479,19.567645,0.705120,-16.537447,-8.442886,-9.435841,-22.905610,-16.435172,9.060200,-1.849948,7.698746,-10.180651,3.002574,1.036852,10.600372,22.348978,10.308659,51.931837,-31.725102,-2.654099,7.391147,19.672113,-27.959637,-1.233942,6.322508,35.405354,-10.869968,-18.530949
622.000000,-95.277494,31.211510,76.262194,4.810642,-0.905230,-119.314895,6.855029,19.749053,19.784092,0.692613,-16.614968,-8.420069,-9.425106,-22.854154,-16.318381,9.108312,-1.947787,7.676857,-10.272856,2.768121,0.981822,10.657375,21.807086,9.610337,51.986643,-31.310349,-2.415397,6.870010,19.481067,-28.199618,-1.081157,6.253646,35.267757,-10.819877,-18.289513
623.000000,-95.323527,31.148028,76.254344,4.803060,-0.900460,-119.403871,6.977654,19.766409,19.922796,0.712531,-16.682498,-8.371629,-9.410133,-22.823960,-16.229416,9.136965,-2.012076,7.672118,-10.425300,2.634236,0.968475,10.881755,21.267332,8.879167,52.376008,-30.848580,-2.130045,6.491213,19.331155,-28.373497,-1.013733,6.218775,35.220495,-10.775448,-18.032847
624.000000,-95.367295,31.089944,76.247871,4.802047,-0.912986,-119.494623,7.093896,19.763736,20.088227,0.707237,-16.712993,-8.340967,-9.423945,-22.804333,-16.130892,9.168324,-2.064228,7.697037,-10.521667,2.550431,1.003515,11.173923,20.816649,8.126149,53.102064,-30.342511,-1.867358,6.083985,19.243155,-28.443993,-1.012207,6.214334,35.378481,-10.793822,-18.158154
625.000000,-95.402384,31.031579,76.242381,4.806587,-0.943262,-119.619284,7.227034,19.735220,20.302949,0.661053,-16.725103,-8.327741,-9.493052,-22.794696,-15.991988,9.227116,-2.102789,7.701087,-10.592323,2.514689,1.112945,11.540560,20.447937,7.529970,54.002532,-29.816672,-1.579018,5.607217,19.171499,-28.446307,-1.026904,6.216498,35.569289,-10.813834,-18.226332
626.000000,-95.420521,30.981845,76.236826,4.829199,-0.986847,-119.756632,7.323739,19.696799,20.486695,0.610183,-16.740097,-8.318911,-9.627415,-22.797561,-15.840662,9.315873,-2.113871,7.687476,-10.689673,2.559197,1.241750,11.973691,20.140867,7.111117,55.035902,-29.502145,-1.290256,5.205787,19.143113,-28.445429,-1.043213,6.219758,35.648356,-10.832502,-18.255598
627.000000,-95.432407,30.934903,76.233327,4.852577,-1.031332,-119.896418,7.408278,19.651455,20.654154,0.564856,-16.746408,-8.279249,-9.782895,-22.800734,-15.661950,9.425734,-2.124884,7.655368,-10.822938,2.661910,1.423848,12.431625,19.915201,6.909787,56.091388,-29.315069,-1.016878,4.942803,19.134075,-28.463145,-1.047602,6.205626,35.658276,-10.878715,-18.314030
628.000000,-95.439804,30.891511,76.234639,4.875582,-1.074782,-120.042747,7.497269,19.604337,20.844421,0.512607,-16.731788,-8.246324,-9.943765,-22.805249,-15.499023,9.535827,-2.109848,7.625272,-11.023278,2.814354,1.632237,12.904759,19.791387,6.887217,57.116555,-29.213703,-0.771502,4.747887,19.152931,-28.488325,-1.025703,6.191137,35.649585,-10.903345,-18.306041
629.000000,-95.440787,30.857855,76.234132,4.906518,-1.120620,-120.172175,7.565939,19.554073,21.017896,0.444540,-16.710683,-8.210608,-10.114535,-22.811222,-15.335141,9.639299,-2.084699,7.593876,-11.310326,2.981567,1.919598,13.337923,19.806997,6.908808,58.028631,-29.125306,-0.598409,4.611020,19.142836,-28.481725,-0.981276,6.154166,35.661763,-10.933672,-18.316754
630.000000,-95.437539,30.832595,76.233768,4.937927,-1.164834,-120.286196,7.617684,19.502403,21.172837,0.380278,-16.707263,-8.154220,-10.274978,-22.815803,-15.174717,9.726149,-2.061463,7.570821,-11.662172,3.171479,2.291264,13.675128,19.953400,6.881386,58.798127,-29.043880,-0.485339,4.540590,19.100697,-28.473339,-0.937605,6.088927,35.748783,-11.014541,-18.341660
631.000000,-95.423806,30.823317,76.234579,4.961222,-1.211213,-120.444796,7.660722,19.453943,21.316462,0.349928,-16.718365,-8.081635,-10.486290,-22.809980,-14.959248,9.840218,-2.015230,7.551130,-12.026019,3.383182,2.708744,13.881284,20.200303,6.753058,59.441442,-28.912870,-0.352792,4.453919,19.041736,-28.521369,-0.868196,6.024903,35.720639,-11.029617,-18.314853
632.000000,-95.402592,30.832332,76.236171,4.973362,-1.261311,-120.639874,7.697578,19.404832,21.451881,0.343672,-16.727480,-8.008459,-10.762888,-22.805394,-14.711813,10.021096,-1.959595,7.519848,-12.389758,3.597652,3.150091,13.919099,20.526474,6.635433,59.952750,-28.748194,-0.207052,4.405063,18.955377,-28.600780,-0.801496,5.982119,35.594363,-10.979262,-18.257770
633.000000,-95.374382,30.859470,76.234114,4.974816,-1.322566,-120.895902,7.764769,19.344493,21.646131,0.323096,-16.731882,-7.955045,-11.124461,-22.798721,-14.395928,10.276383,-1.924268,7.448949,-12.717717,3.785581,3.643274,13.725725,20.863088,6.676404,60.318131,-28.695633,-0.105952,4.516417,18.836328,-28.651226,-0.742543,5.909162,35.411754,-10.966197,-18.254413
634.000000,-95.344949,30.901957,76.229835,4.975948,-1.384194,-121.148064,7.805987,19.300820,21.816760,0.313964,-16.722439,-7.982879,-11.484057,-22.780318,-14.075230,10.513846,-1.924889,7.408325,-13.061213,3.960711,4.169929,13.290579,21.184629,6.756573,60.517204,-28.775368,-0.088489,4.757724,18.722331,-28.680719,-0.666396,5.794106,35.241932,-10.963047,-18.338773
635.000000,-95.320910,30.984339,76.231694,4.977603,-1.434895,-121.310538,7.742570,19.293194,21.883989,0.369305,-16.684940,-7.976137,-11.773391,-22.755170,-13.848002,10.690229,-1.953349,7.374959,-13.473027,4.131553,4.742643,12.557656,21.541623,6.609149,60.643836,-28.879662,-0.120593,5.070251,18.595890,-28.721772,-0.538608,5.652694,35.182639,-10.972213,-18.450793
636.000000,-95.326513,31.075606,76.239163,4.972878,-1.472151,-121.425944,7.668007,19.315507,21.891894,0.435758,-16.606389,-7.934049,-12.014549,-22.714496,-13.658460,10.902157,-2.135017,7.250244,-13.884267,4.302979,5.376596,11.421974,21.917722,6.160841,60.886970,-28.933788,-0.118069,5.400263,18.465124,-28.813495,-0.373972,5.495891,35.121564,-11.016157,-18.554769
637.000000,-95.378828,31.178787,76.250386,4.945355,-1.482619,-121.491769,7.608009,19.388476,21.843812,0.516298,-16.485177,-7.882685,-12.281685,-22.656026,-13.464568,11.320378,-2.475525,7.015655,-14.255309,4.470088,6.055494,9.785888,22.288277,5.336096,61.432607,-28.946345,-0.048603,5.856626,18.371959,-28.973925,-0.218901,5.300829,35.019585,-11.090891,-18.583186
638.000000,-95.478755,31.334990,76.268482,4.890123,-1.475195,-121.447275,7.475877,19.520274,21.681787,0.670812,-16.309571,-7.821300,-12.568989,-22.608471,-13.355542,11.936558,-2.859272,6.761732,-14.667519,4.608075,6.755757,7.683508,22.660162,4.010200,62.254989,-28.928908,0.112355,6.279862,18.247066,-29.183151,-0.008267,5.090881,34.939081,-11.186576,-18.588776
639.000000,-95.642734,31.527153,76.285362,4.822571,-1.473436,-121.327507,7.328789,19.692212,21.481853,0.806829,-16.063222,-7.762832,-12.868329,-22.562068,-13.273652,12.691816,-3.382889,6.465110,-15.111988,4.725343,7.477260,5.270029,22.961460,2.318600,62.998120,-28.835898,0.366623,6.620053,17.985297,-29.396881,0.342310,4.882169,34.790573,-11.294333,-18.757096
640.000000,-95.879549,31.739011,76.298112,4.775018,-1.472708,-121.134745,7.104117,19.946944,21.177287,1.009152,-15.797630,-7.698695,-13.221100,-22.486595,-13.225075,13.629788,-4.093601,5.932537,-15.470588,4.787467,8.212660,2.849145,23.244466,0.684445,62.418497,-28.514155,0.896827,7.332527,17.652344,-29.739689,0.772403,4.546645,34.575162,-11.188553,-18.892365
641.000000,-96.172869,32.012329,76.299578,4.711393,-1.450860,-120.994120,7.011144,20.245142,21.056987,1.019283,-15.419420,-7.600059,-13.592642,-22.324840,-13.190673,14.563736,-4.775737,5.305638,-15.735214,4.844188,8.913989,-0.114947,23.458580,-0.648124,62.383383,-28.315050,1.023969,8.927862,16.939233,-30.504028,1.902020,4.505487,34.609286,-11.235729,-19.635686
642.000000,-96.558636,32.273701,76.311922,4.586086,-1.431397,-120.672299,6.860163,20.561952,20.859075,1.150972,-14.935342,-7.804535,-13.755015,-22.245803,-13.336188,15.492421,-5.521114,4.869194,-16.171812,5.025189,9.584603,-2.980322,23.110375,-1.834500,62.242305,-27.629934,0.681703,8.636546,16.451185,-30.779845,2.199854,4.339827,34.441277,-11.473824,-19.384910
643.000000,-97.018337,32.522932,76.345134,4.506974,-1.468265,-120.212216,6.427265,20.942834,20.451407,1.601125,-14.526436,-7.865444,-13.847351,-22.169770,-13.572970,16.340365,-6.317195,4.426027,-16.485744,5.077134,10.370856,-5.398733,23.040887,-3.089447,59.427932,-27.238299,0.511278,8.642370,15.921574,-31.048425,2.292971,3.830030,33.986799,-11.395746,-19.458801
644.000000,-97.483593,32.817355,76.369846,4.447286,-1.504558,-119.819164,5.991583,21.354397,20.053756,2.062922,-14.045230,-7.918333,-13.960501,-22.018329,-13.788139,17.157280,-7.185064,3.937593,-16.782603,5.288010,11.029176,-8.151829,22.672709,-4.502053,57.854332,-27.379609,-0.249706,9.336118,15.403227,-31.582317,2.497484,3.363971,33.769473,-11.589339,-19.448492
645.000000,-98.012501,33.130464,76.398599,4.368110,-1.555421,-119.533938,5.645928,21.785406,19.749811,2.434081,-13.405708,-8.033114,-14.139724,-21.799073,-13.927888,18.010037,-8.091454,3.402384,-16.871858,5.489036,11.761646,-10.548657,22.092103,-5.633515,55.440464,-27.525985,-1.341883,9.754892,14.867553,-32.068380,2.743314,2.859771,33.308920,-11.730184,-19.504105
646.000000,-98.601300,33.442220,76.432699,4.276131,-1.632492,-119.312202,5.386356,22.218578,19.385293,2.719399,-12.589102,-8.258715,-14.317551,-21.540619,-14.043120,18.852842,-9.028190,2.915559,-16.908731,5.666929,12.499813,-12.292688,21.353861,-6.462056,52.232195,-27.203184,-2.299946,10.077144,14.274651,-32.438662,2.940738,2.295604,32.654636,-11.827302,-19.538490
647.000000,-99.241304,33.752054,76.477331,4.177949,-1.748459,-119.060001,5.090343,22.646250,18.950787,3.002311,-11.594515,-8.610470,-14.427374,-21.308414,-14.256351,19.627296,-9.962478,2.520762,-16.970822,5.834137,13.170089,-13.648554,20.477167,-7.236039,49.080640,-26.805456,-3.019908,10.179956,13.656840,-32.788873,3.055882,1.666376,31.696070,-11.850318,-19.254045
648.000000,-99.941373,34.063104,76.556641,4.061252,-1.909194,-118.752715,4.717735,23.043469,18.390064,3.379183,-10.445225,-8.819216,-14.438569,-21.097319,-14.556883,20.297365,-10.866059,2.123696,-17.058008,5.971111,13.718268,-14.733345,19.594708,-8.051628,46.568588,-25.958737,-3.345376,9.940087,12.996204,-33.183036,3.065856,1.079834,30.403286,-11.697316,-18.372688
649.000000,-100.703454,34.401247,76.663822,3.940366,-2.086755,-118.359714,4.224143,23.468303,17.828305,3.844446,-9.114130,-8.944444,-14.345265,-20.862027,-14.961564,20.842812,-11.718649,1.688354,-17.151230,6.093127,14.182641,-15.583743,18.638951,-8.865289,44.811188,-25.330822,-3.444145,9.292128,12.268291,-33.602970,3.008569,0.549522,28.840228,-11.450116,-17.336837
650.000000,-101.549029,34.714192,76.796848,3.779302,-2.314831,-117.981891,3.810717,23.851017,17.451623,4.274115,-7.466320,-9.231446,-14.123856,-20.611727,-15.359371,21.230625,-12.505900,1.291251,-17.184146,6.162432,14.575067,-16.058326,17.704853,-9.576140,43.692969,-24.745249,-3.382103,8.492042,11.463609,-33.945856,3.069748,-0.057265,27.628769,-11.098708,-15.805691
651.000000,-102.449965,35.027912,76.952273,3.589729,-2.566135,-117.591255,3.332368,24.226288,16.966250,4.781808,-5.622439,-9.483199,-13.771775,-20.328670,-15.773190,21.435758,-13.246151,0.921133,-17.164004,6.203336,14.910086,-16.148492,16.829531,-10.069466,43.171088,-24.256838,-3.217116,7.624465,10.510872,-34.287594,3.272758,-0.749030,27.038216,-10.611335,-13.743053
652.000000,-103.420842,35.340664,77.124912,3.368885,-2.845372,-117.235187,2.817198,24.609619,16.480195,5.396171,-3.568103,-9.715375,-13.335304,-20.019556,-16.218972,21.526181,-13.985448,0.570711,-16.987901,6.183951,15.206892,-15.918058,16.117927,-10.336483,43.223295,-24.201385,-3.004892,6.806018,9.430144,-34.784736,3.641163,-1.421685,26.755009,-10.073134,-11.732700
653.000000,-104.458570,35.656965,77.311361,3.120766,-3.150130,-116.933824,2.314207,24.999150,16.056670,6.024971,-1.314551,-9.871117,-12.841727,-19.662610,-16.638319,21.521626,-14.659676,0.140963,-16.607672,6.085204,15.446514,-15.390445,15.701263,-10.372430,43.770629,-24.339929,-2.666619,6.064931,8.221758,-35.301491,4.217796,-1.965038,26.586921,-9.634695,-10.158589
654.000000,-105.555451,35.975572,77.504605,2.820039,-3.490027,-116.682715,1.803373,25.381429,15.747285,6.757537,1.037282,-9.831118,-12.286604,-19.281120,-16.980043,21.431549,-15.298963,-0.336923,-16.042364,5.869731,15.649089,-14.618125,15.631568,-10.090079,44.799638,-24.261226,-2.353674,5.718824,6.856494,-35.676093,4.914322,-2.329509,26.398302,-9.320923,-9.022183
655.000000,-106.705809,36.240330,77.702034,2.417315,-3.870133,-116.494564,1.421024,25.705074,15.729922,7.567949,3.501927,-9.644496,-11.588940,-18.927293,-17.216984,21.250083,-15.919965,-0.814773,-15.243387,5.503413,15.840807,-13.645861,15.773284,-9.470623,46.310178,-24.202997,-1.947036,5.451580,5.359954,-35.826367,5.668963,-2.519101,26.269182,-9.110496,-8.153479
656.000000,-107.858992,36.600590,77.899641,1.920372,-4.303699,-116.205093,0.746306,26.039338,15.756142,8.671777,6.368272,-9.351733,-11.008240,-18.718835,-17.399914,21.287975,-16.528776,-1.397655,-14.441100,4.952173,16.341345,-12.977713,16.166718,-8.400560,48.379859,-24.313348,-1.519710,5.378999,3.110463,-35.810525,6.466953,-2.200981,26.185410,-8.948064,-7.806934
657.000000,-109.029675,36.854175,78.107744,1.347511,-4.665728,-115.914291,0.221007,26.510667,16.698952,10.157200,8.977425,-8.646483,-10.023858,-18.425120,-17.746186,21.011434,-17.144560,-2.066639,-13.473188,4.442209,16.732527,-11.678400,16.407086,-6.934733,50.167401,-24.151834,-0.994597,5.582317,1.221512,-35.562551,7.131077,-1.791958,26.230894,-8.737998,-7.252976
658.000000,-110.246944,37.090975,78.329289,0.754124,-5.038676,-115.457510,-0.580828,27.178424,18.503935,12.270630,11.211340,-7.427333,-8.904287,-18.184149,-18.221642,20.647602,-17.654840,-2.797549,-12.484408,3.854934,17.221683,-9.882561,17.012997,-5.455576,50.355443,-24.027012,-0.077986,5.584226,-0.600855,-35.223125,7.497557,-1.484584,26.519763,-8.213379,-5.863250
659.000000,-111.408138,37.308291,78.568166,0.050257,-5.448781,-115.139567,-1.114586,27.920157,21.616208,14.388968,12.832713,-5.036832,-7.627880,-17.970921,-18.612298,19.981437,-18.036969,-3.581994,-11.381423,3.242349,17.637628,-8.502184,16.908900,-2.999199,52.321172,-23.994706,0.200876,6.341475,-2.792240,-35.168828,8.631752,-0.482526,26.854484,-7.983821,-4.536409
660.000000,-112.492371,37.445593,78.775758,-0.669855,-5.974372,-114.659050,-2.059214,28.135656,24.253740,16.703897,12.331387,-2.091023,-6.424715,-18.093255,-19.050443,19.525218,-18.420819,-4.009353,-10.155319,2.668010,18.145863,-7.065731,17.495810,-2.935566,53.208837,-24.562149,0.606452,6.001162,-4.299492,-34.893271,8.398776,-0.131189,26.889551,-7.824466,-3.387427
661.000000,-113.247156,37.419817,78.925836,-1.225242,-6.208921,-114.787254,-2.966773,26.700454,24.381591,17.515890,8.581168,-1.328676,-5.280655,-17.874871,-19.179301,18.774085,-18.728244,-3.927747,-8.365963,2.328972,18.544739,-5.403717,17.608347,-1.453698,53.811915,-24.430321,1.070431,5.174079,-5.810601,-34.918372,8.664869,0.578453,27.517982,-7.452612,-2.052407
662.000000,-113.830996,37.276611,78.961021,-1.567515,-6.043161,-115.103358,-4.288152,24.260770,22.515391,17.110473,4.180640,-2.577117,-4.165367,-17.293682,-19.315256,17.989952,-19.044591,-3.468089,-6.550818,2.375156,19.061844,-4.107709,17.852211,-0.679408,54.611734,-24.543250,1.216930,5.057691,-7.495660,-35.205459,8.885872,1.487715,28.408119,-7.125714,-1.701285
663.000000,-114.368904,37.040368,78.911173,-1.744318,-5.578913,-115.413632,-5.644624,21.910374,20.896865,15.689175,1.109040,-4.331152,-3.037368,-16.412314,-19.513290,17.262379,-19.354152,-3.084723,-4.802795,2.803418,19.543348,-2.625694,17.711276,0.098905,55.089543,-24.382548,1.205719,4.231186,-8.987730,-35.444314,8.782921,2.478063,29.126112,-6.869671,-1.153650
664.000000,-114.822364,36.717328,78.808522,-1.810992,-4.844791,-115.730914,-6.842527,19.946328,19.474734,13.370475,-0.562529,-6.219841,-1.848450,-15.252270,-19.705681,16.519644,-19.667069,-2.866418,-3.156003,3.533511,19.930845,-1.092630,17.195833,1.109870,55.641480,-24.158944,1.091551,3.087949,-10.445003,-35.649660,8.596112,3.705491,29.699804,-6.566587,0.266105
665.000000,-115.238786,36.328486,78.648275,-1.817727,-3.960701,-115.908190,-8.050918,18.515769,18.215718,10.857439,-1.385612,-7.719295,-0.626293,-14.013505,-19.945976,15.912502,-20.024516,-2.759658,-1.690534,4.452861,20.336975,0.388598,16.701259,1.474168,55.838986,-24.118913,1.127908,1.537132,-11.837755,-35.740061,8.048617,4.997964,30.485484,-6.285406,2.948117
666.000000,-115.620816,35.828099,78.456080,-1.845051,-3.128864,-116.018966,-9.120676,17.450686,17.959889,8.468405,-2.280137,-8.539032,0.670325,-12.921016,-20.211973,15.380293,-20.490376,-2.717476,-0.359695,5.188477,20.447978,1.772119,16.455157,1.190455,56.413671,-24.621722,1.147093,0.927079,-12.761098,-35.933253,7.630629,6.031843,31.369454,-6.464238,2.972213
667.000000,-115.943158,35.317075,78.262353,-1.863337,-2.266267,-116.279763,-10.105239,16.736665,18.092696,6.189237,-3.031464,-9.133279,1.733699,-11.870187,-20.214981,15.108010,-20.935993,-2.926109,0.926971,5.807159,20.650015,2.835935,15.981015,1.760622,57.068512,-25.090589,1.254632,0.816594,-14.267576,-36.467691,7.761568,7.662305,32.109245,-6.125863,2.558581
668.000000,-116.215587,34.704188,78.071129,-1.849536,-1.431652,-116.736455,-11.020872,16.081778,17.575275,4.321533,-3.784903,-9.852439,2.682780,-10.901755,-19.986110,14.955927,-21.417433,-3.058179,1.844862,6.466684,20.850119,3.997416,15.217311,1.869850,57.845856,-25.243384,1.304764,-0.139381,-15.915205,-36.537322,7.750382,9.289406,32.668928,-5.856262,2.702264
669.000000,-116.442370,34.046200,77.875298,-1.783941,-0.683012,-117.348046,-11.839359,15.530865,16.381326,2.942432,-4.424458,-10.575729,3.550785,-10.044947,-19.628475,14.709740,-21.897346,-3.080031,2.741401,6.923080,20.986007,4.763650,14.776696,1.433247,59.038810,-25.733439,1.348577,-0.112571,-17.727174,-36.635735,8.034090,10.946222,33.557781,-5.760715,2.421461
670.000000,-116.627574,33.309323,77.705967,-1.663082,-0.093747,-117.992045,-12.349864,15.177135,15.255016,2.154071,-5.077416,-11.055084,4.263753,-9.437432,-19.226376,14.442085,-22.232512,-3.046058,3.475909,7.126042,21.031723,5.443857,14.423901,1.073532,59.645078,-26.045369,1.588323,-0.332996,-19.356683,-36.723485,8.414384,12.426626,34.379204,-5.906065,0.852875
671.000000,-116.742659,32.441136,77.560538,-1.495863,0.373597,-118.845272,-12.519242,14.864266,14.012630,1.724716,-5.931182,-11.301521,4.989388,-8.994093,-18.558906,14.109665,-22.506252,-2.871169,4.094249,7.267151,20.816202,6.067133,13.815728,0.623820,61.107476,-26.178298,1.800454,-0.916063,-20.894875,-36.449731,8.729441,14.000393,34.864981,-6.411963,-2.134255
672.000000,-116.795063,31.456783,77.424312,-1.258897,0.690565,-120.024614,-12.198610,14.690859,12.960510,1.855051,-6.488817,-11.269445,5.547338,-8.762231,-17.637720,13.761979,-22.691342,-2.698453,4.858860,7.019581,20.542902,6.481417,13.662773,0.347299,61.896540,-26.577152,1.981646,-0.842098,-23.067519,-36.498892,9.902825,15.877483,36.007760,-6.184628,-2.904163
673.000000,-116.771805,30.440059,77.281415,-0.906475,0.899933,-121.187036,-11.701889,14.647076,12.204912,2.358174,-6.548248,-10.935819,5.844411,-8.696305,-16.700429,13.525303,-22.779999,-2.573123,5.497330,6.643843,20.227651,6.528638,13.939170,-0.393075,62.020057,-27.434198,2.217622,-0.311189,-25.518756,-36.730264,11.324422,17.937322,37.558777,-6.088947,-3.414667
674.000000,-116.675806,29.331070,77.185822,-0.447333,1.001726,-122.281410,-11.370943,14.852697,12.190274,2.925621,-5.709163,-10.704783,5.916887,-8.793999,-15.824397,13.437957,-22.644570,-2.372431,5.958504,6.378078,19.709293,6.465726,14.133400,-1.496849,62.102969,-28.036178,2.036799,-0.643076,-27.609001,-36.455551,12.027535,20.084982,38.758373,-6.324923,-3.364518
675.000000,-116.511190,28.241512,77.152795,0.003563,0.958058,-123.278137,-11.023755,15.242511,13.436633,3.411949,-4.235848,-10.744446,5.845681,-9.130552,-15.154815,13.417513,-22.279963,-2.080770,6.521701,5.957356,19.093510,5.673402,14.548199,-2.215174,62.822734,-28.546356,1.500516,0.038383,-29.723795,-36.189450,12.961516,22.841271,39.811475,-6.198375,-3.503921
676.000000,-116.273904,27.123773,77.184772,0.487062,0.776078,-124.131612,-10.834851,15.253800,14.309412,3.895423,-3.298690,-10.155007,5.623584,-9.680355,-14.666744,13.464188,-21.634833,-1.709110,7.035237,5.504789,18.474287,4.600831,15.143778,-2.944931,62.725609,-29.080791,0.831703,0.935429,-31.648651,-35.692772,13.571109,25.729635,40.421295,-6.141339,-4.339036
677.000000,-115.937960,26.030242,77.292919,1.044133,0.583498,-124.618972,-10.928249,14.901753,14.626731,4.339554,-3.568164,-9.149119,5.281527,-10.300041,-14.632144,13.638457,-20.616072,-1.341165,7.374102,5.133348,17.874610,3.169231,16.127815,-3.990196,62.056360,-29.674423,0.166965,1.665912,-33.301779,-35.328699,14.039784,28.431660,41.243469,-6.158694,-5.001594
678.000000,-115.571690,24.940930,77.493280,1.557680,0.433658,-125.048171,-10.698253,14.489807,15.232719,4.349640,-3.950415,-8.126619,4.967237,-10.961989,-14.920792,13.903219,-19.143615,-0.873088,7.716123,4.974813,17.282037,2.623620,16.480437,-3.676845,59.516520,-28.980400,-0.177471,1.382223,-34.464465,-34.565456,13.865920,31.252699,41.280478,-5.732442,-3.197549
679.000000,-115.179598,23.861402,77.720881,2.123169,0.374140,-125.341499,-10.514904,14.096812,15.602935,4.259024,-4.111487,-7.401879,4.563389,-11.537830,-15.186038,14.342607,-17.481787,-0.447656,8.084811,4.985467,16.708205,1.683571,17.209022,-3.619545,57.094132,-28.353048,-0.608606,1.385134,-35.396236,-34.329391,13.724497,34.251766,41.314568,-5.510322,-2.171203
680.000000,-114.790154,22.840805,77.931470,2.706818,0.346668,-125.548349,-10.420483,13.718982,15.790130,4.155210,-4.292866,-6.718471,3.990441,-12.029281,-15.117910,14.979180,-15.763015,-0.008801,8.450539,5.093188,16.206663,0.517176,18.087582,-3.636298,54.453376,-28.180452,-1.153771,1.592905,-36.293586,-34.380427,13.697196,37.227195,41.410696,-5.410265,-1.610846
681.000000,-114.428413,21.862978,78.107798,3.299178,0.383511,-125.647699,-10.266421,13.403003,16.009139,3.924526,-4.801994,-6.272596,3.439610,-12.419890,-15.008948,15.660722,-14.170400,0.497661,8.644021,5.255708,15.730090,-0.532023,19.077497,-3.683834,51.555231,-28.218689,-1.767293,1.854032,-37.099607,-34.518383,13.621609,40.042069,41.493932,-5.301071,-1.005664
682.000000,-114.085209,20.930511,78.257638,3.866753,0.440457,-125.679932,-10.061251,13.091594,16.173208,3.577527,-5.341539,-5.996931,2.972624,-12.766284,-15.013599,16.235179,-12.564533,0.998937,8.740544,5.387280,15.351634,-1.580897,20.205233,-3.841579,48.796364,-28.282452,-2.458899,2.130961,-37.831923,-34.676601,13.497694,42.734977,41.577492,-5.192544,-0.379391
683.000000,-113.758039,20.043850,78.391784,4.381160,0.490008,-125.665871,-9.879910,12.753888,16.237175,3.250019,-5.795888,-5.718187,2.620571,-13.111127,-15.127170,16.646631,-10.983111,1.300701,8.770287,5.439684,15.066369,-2.643582,21.372611,-4.012141,46.486807,-28.401755,-3.165524,2.493534,-38.437204,-34.820817,13.374520,45.261584,41.489615,-5.124693,0.075866
684.000000,-113.464618,19.181007,78.509897,4.843534,0.517245,-125.602024,-9.723525,12.391887,16.312613,3.013113,-6.267460,-5.405724,2.375685,-13.458833,-15.168180,16.933680,-9.473057,1.586973,8.712413,5.422428,14.839689,-3.621438,22.456202,-4.101941,44.695798,-28.471814,-3.722680,2.925323,-38.858684,-34.870721,13.164631,47.479927,41.500240,-5.134719,0.477093
685.000000,-113.200235,18.342122,78.614610,5.259063,0.536243,-125.518969,-9.583897,12.027967,16.360309,2.865931,-6.778422,-5.146504,2.168121,-13.778486,-15.073418,17.183067,-8.009466,1.920555,8.591009,5.365213,14.639751,-4.396702,23.373418,-4.145520,43.406569,-28.550911,-4.147502,3.282877,-39.018029,-34.887974,12.923317,49.214310,41.574245,-5.244747,0.815201
686.000000,-112.959123,17.526388,78.720456,5.635958,0.548779,-125.468320,-9.446666,11.665022,16.397211,2.769027,-7.252799,-4.811419,1.984388,-14.051448,-14.835628,17.360449,-6.479091,2.280762,8.437859,5.289218,14.511594,-4.966332,24.063118,-4.236221,42.602318,-28.732905,-4.379574,3.604274,-38.944718,-34.965214,12.787157,50.463026,41.483062,-5.433593,0.782478
687.000000,-112.738717,16.730459,78.823888,6.000612,0.553106,-125.487411,-9.280905,11.333438,16.553354,2.676634,-7.670469,-4.329752,1.811342,-14.335944,-14.627371,17.475949,-4.914739,2.640800,8.218778,5.202912,14.415584,-5.264454,24.543892,-4.360655,42.230950,-28.818207,-4.471413,4.012833,-38.716456,-35.001308,12.677333,51.341538,41.216172,-5.710729,-0.232786
688.000000,-112.537682,15.948337,78.922504,6.355041,0.569751,-125.594110,-9.075848,11.065676,16.742356,2.617151,-8.136933,-3.904907,1.643415,-14.592057,-14.437239,17.575241,-3.369135,2.972202,7.970765,5.143364,14.338046,-5.255371,24.792817,-4.513357,42.246831,-28.728882,-4.440537,4.283900,-38.295279,-34.989331,12.554439,51.724985,41.118186,-6.044834,-1.397440
689.000000,-112.349904,15.188740,79.012072,6.699396,0.567724,-125.806147,-8.894217,10.844664,16.987203,2.652486,-8.630523,-3.496533,1.420622,-14.857656,-14.292839,17.698577,-1.869201,3.307021,7.730504,5.071155,14.271729,-4.971913,24.800139,-4.679019,42.599770,-28.559118,-4.291573,4.269731,-37.710034,-35.015460,12.343580,51.488715,41.105414,-6.263082,-1.164439
690.000000,-112.170923,14.446957,79.084998,7.036235,0.544463,-126.087826,-8.737426,10.640515,17.294290,2.747861,-9.158782,-3.043265,1.184516,-15.131934,-14.188432,17.808465,-0.458697,3.613970,7.481426,4.965161,14.155487,-4.454080,24.617510,-4.906469,43.254283,-28.353775,-4.009971,4.086094,-37.075930,-35.147037,12.153619,51.223140,40.796761,-6.265156,-0.648168
691.000000,-111.996996,13.717563,79.141778,7.339547,0.519669,-126.412378,-8.531960,10.435436,17.612619,2.825034,-9.719767,-2.625525,1.010098,-15.410975,-14.124415,17.840726,0.888239,3.912150,7.223094,4.853437,14.022966,-3.818816,24.283759,-5.245506,44.274922,-28.067834,-3.663088,3.802352,-36.472322,-35.272016,12.068268,51.060797,40.298669,-6.260394,-0.126037
692.000000,-111.829472,13.007760,79.192561,7.610197,0.515053,-126.778948,-8.261822,10.252658,17.967764,2.860407,-10.268259,-2.241059,0.870337,-15.661813,-13.983159,17.843485,2.093215,4.117456,6.962755,4.745516,13.899602,-3.167985,23.831338,-5.674338,45.707370,-27.758164,-3.257812,3.529224,-35.881344,-35.286851,12.109720,50.989688,39.997458,-6.275712,0.212014
693.000000,-111.663222,12.323105,79.242766,7.867987,0.510937,-127.211659,-7.970562,10.087254,18.398342,2.874001,-10.751887,-1.822683,0.695699,-15.883596,-13.796863,17.854026,3.210793,4.201726,6.712886,4.634513,13.744487,-2.549031,23.251796,-6.151741,47.483103,-27.529132,-2.766362,3.236509,-35.335348,-35.304889,12.399575,50.945449,39.485604,-6.324372,0.576830
694.000000,-111.424005,11.687083,79.293013,8.184325,0.417322,-127.733798,-7.804849,9.873567,18.833150,2.750066,-11.023565,-1.332893,0.182253,-16.238146,-13.498031,18.000933,4.415070,4.395824,6.422565,4.526935,13.624708,-2.366575,22.489238,-6.596994,49.872703,-27.479222,-2.213291,2.609472,-35.051960,-35.400676,12.807545,50.904543,38.329669,-6.298871,0.868531
695.000000,-111.259711,11.063886,79.328412,8.406279,0.417356,-128.326786,-7.470718,9.769546,19.368770,2.757345,-11.498783,-0.978049,-0.059452,-16.465474,-13.440521,18.064558,5.360484,4.447722,6.197958,4.493305,13.460361,-1.947315,21.774047,-7.081896,52.120166,-27.427166,-1.697798,1.797937,-34.693447,-35.427310,13.002393,50.901893,37.859032,-6.178402,1.320266
696.000000,-111.090636,10.485508,79.363996,8.611503,0.456213,-129.032200,-7.077855,9.738088,20.015043,2.729647,-11.942881,-0.676178,-0.358114,-16.645188,-13.391682,18.193430,6.214203,4.388242,5.940521,4.491962,13.292603,-1.462770,21.093960,-7.424024,54.084375,-27.616248,-1.305613,1.381751,-34.606789,-35.365606,13.180956,51.084679,37.358242,-5.928385,1.650288
697.000000,-110.922074,9.950642,79.398495,8.796733,0.521485,-129.832388,-6.620309,9.756634,20.751882,2.637721,-12.337727,-0.461680,-0.653471,-16.803824,-13.456524,18.316141,7.005734,4.254285,5.646265,4.506544,13.106462,-0.958904,20.532530,-7.696038,55.754015,-27.568896,-0.947053,0.890724,-34.801795,-35.247925,13.468482,51.554473,36.698412,-5.616516,2.056427
698.000000,-110.764456,9.448706,79.426146,8.966442,0.603777,-130.735248,-6.111765,9.835791,21.599519,2.528022,-12.728258,-0.328812,-0.946833,-16.929952,-13.593545,18.449584,7.678932,4.117020,5.383257,4.559287,12.940044,-0.520637,20.087977,-7.868094,57.078931,-26.920427,-0.712003,0.344165,-35.113593,-35.133783,13.849845,52.048350,35.862851,-5.281807,2.435470
699.000000,-110.629702,8.978247,79.437476,9.082326,0.675858,-131.816632,-5.491383,9.933387,22.636196,2.378051,-13.172022,-0.178202,-1.306348,-17.068569,-13.639025,18.645315,8.250233,3.999271,5.274837,4.588996,12.818901,-0.211093,19.760651,-7.978217,58.018079,-26.727369,-0.518921,-0.020464,-35.476614,-35.001031,14.341333,52.360852,35.103856,-4.915282,2.650534
700.000000,-110.494852,8.567015,79.436392,9.181880,0.734811,-133.027852,-4.841337,10.050170,23.780294,2.174650,-13.621526,-0.013726,-1.811519,-17.232017,-13.679437,18.970324,8.673606,3.824549,5.248222,4.612595,12.717026,-0.028164,19.584656,-7.969102,58.603535,-26.633616,-0.421406,-0.145187,-35.925149,-34.800271,14.943259,52.589742,34.259891,-4.559620,2.513129
701.000000,-110.370111,8.208229,79.428560,9.254806,0.790820,-134.244460,-4.158431,10.148368,24.949592,1.881829,-13.999676,0.086290,-2.337942,-17.403139,-13.835059,19.350734,9.054637,3.629183,5.160556,4.618150,12.617947,0.075017,19.574520,-7.811798,58.836281,-26.314193,-0.433540,-0.130343,-36.278406,-34.424891,15.561017,52.667090,33.154896,-4.447089,0.992782
702.000000,-110.272145,7.893679,79.415530,9.291104,0.844969,-135.381657,-3.457428,10.204881,26.092373,1.529860,-14.304154,0.095249,-2.773808,-17.567337,-14.106516,19.723252,9.385020,3.582434,4.959656,4.582620,12.555009,0.025705,19.727781,-7.617499,58.766053,-26.131397,-0.541827,0.260748,-36.349625,-33.821198,15.928010,52.327770,32.278545,-4.540606,-1.980925
703.000000,-110.196757,7.632704,79.408276,9.336657,0.909292,-136.367970,-2.854107,10.275455,27.057998,1.225430,-14.551045,0.162727,-3.149872,-17.676075,-14.406752,20.060716,9.588221,3.474331,4.583254,4.548194,12.451521,-0.129925,19.984643,-7.354771,58.478201,-26.072509,-0.627888,0.734507,-35.827095,-33.039650,15.849089,51.097618,32.015142,-4.828922,-4.304868
704.000000,-110.137641,7.424357,79.419130,9.407264,0.988164,-137.188722,-2.363001,10.376714,27.843208,0.961106,-14.697763,0.289087,-3.523643,-17.716242,-14.666250,20.384645,9.692482,3.151385,4.112214,4.508371,12.302722,-0.409012,20.382418,-7.007710,57.982043,-25.961749,-0.699045,1.343262,-34.489481,-32.367484,15.419922,48.875994,31.803140,-5.339689,-6.889713
705.000000,-110.117733,7.255723,79.436290,9.505411,1.051978,-137.844827,-1.948174,10.481855,28.496104,0.662574,-14.760730,0.360646,-3.803717,-17.668391,-14.921631,20.587650,9.631181,2.885208,3.537950,4.430895,12.103897,-0.753713,20.862126,-6.628097,57.264122,-25.737391,-0.949927,2.357523,-32.304367,-31.835853,14.907595,45.699775,31.146602,-5.987659,-10.075604
706.000000,-110.133004,7.117869,79.446930,9.578645,1.111671,-138.329667,-1.585465,10.564407,28.980800,0.395377,-14.809868,0.372662,-3.898396,-17.607690,-15.227403,20.661179,9.489008,2.809881,2.846032,4.292284,11.888117,-1.104398,21.368394,-6.017142,56.327044,-25.388807,-1.171425,3.124224,-29.241481,-31.529939,14.742854,41.792353,29.865272,-6.447971,-12.325716
707.000000,-110.165143,7.033243,79.459065,9.650698,1.161325,-138.703959,-1.319132,10.669834,29.297830,0.191402,-14.814834,0.385866,-3.994130,-17.498803,-15.370914,20.731748,9.278959,2.634486,2.051233,4.098122,11.699122,-1.450842,21.920556,-5.371755,55.170689,-25.342515,-1.295305,3.510578,-25.717182,-31.489549,14.944630,38.016017,27.927474,-6.473412,-12.356183
708.000000,-110.213447,7.006911,79.474831,9.736367,1.176970,-138.997796,-1.141407,10.782677,29.535360,-0.016370,-14.752614,0.448796,-4.184626,-17.287800,-15.234705,20.855798,8.956621,2.469898,1.191985,3.869832,11.545087,-1.830889,22.475702,-4.760336,53.878906,-25.388218,-1.364650,3.489262,-21.978410,-31.635903,15.040070,35.031111,25.658432,-5.851609,-8.747304
709.000000,-110.266817,7.046807,79.497117,9.839651,1.184665,-139.218909,-1.023332,10.919807,29.705592,-0.273285,-14.591803,0.515806,-4.451782,-16.997315,-14.975593,21.053841,8.517802,2.322222,0.276952,3.673954,11.438738,-2.257390,22.951608,-4.179821,52.606957,-25.391968,-1.348893,3.072641,-18.263344,-31.682468,14.775074,33.285189,23.427807,-4.823974,-2.433303
710.000000,-110.329378,7.153431,79.516941,9.935828,1.184042,-139.404817,-0.887593,11.059034,29.876856,-0.665352,-14.310602,0.448338,-4.751768,-16.674262,-14.601997,21.285137,8.145051,2.288359,-0.603323,3.501869,11.337800,-2.649200,23.306685,-3.671043,51.371215,-25.365735,-1.344866,2.675575,-14.674313,-31.426575,14.625358,32.870043,21.402874,-3.693066,4.324997
711.000000,-110.420191,7.327154,79.537225,10.053842,1.196324,-139.528915,-0.769375,11.268817,30.018104,-1.110245,-13.977737,0.235328,-5.136767,-16.156150,-13.786511,21.599111,7.449364,2.174153,-1.474432,3.386106,11.205253,-2.969137,23.675363,-3.435386,50.261180,-25.340444,-1.333606,2.422852,-11.308441,-31.010165,15.170827,33.950060,19.260003,-2.687390,8.327953
712.000000,-110.547519,7.597025,79.549819,10.137659,1.201076,-139.548025,-0.724046,11.519143,30.095466,-1.481371,-13.653132,-0.034780,-5.526928,-15.312184,-12.454691,21.917671,6.052652,2.355380,-2.365184,3.259761,11.067031,-3.262726,24.053145,-3.420787,49.432569,-25.162338,-1.485760,2.319625,-8.264302,-30.251488,16.033941,36.506620,15.700395,-2.246290,10.052144
713.000000,-110.705507,7.949843,79.538590,10.102577,1.141766,-139.390129,-0.775357,11.675269,30.013333,-1.735841,-13.371632,-0.357675,-5.775093,-14.226352,-10.646230,22.035421,4.521783,3.336112,-3.244526,3.038025,10.910647,-3.636172,24.332090,-3.626821,48.942783,-25.380288,-1.753479,2.500639,-5.464385,-28.919301,16.962450,40.319816,12.064928,-2.109759,9.526102
714.000000,-110.900962,8.308022,79.519415,10.027773,1.070148,-139.184091,-0.860912,11.837790,29.846718,-1.868452,-13.143352,-0.771647,-5.768880,-13.325062,-9.287841,21.975278,2.996933,4.476607,-4.006035,2.853632,10.731523,-4.096834,24.570129,-4.008210,48.791791,-25.777160,-1.821097,2.694108,-2.994435,-27.202497,17.888612,45.162170,9.352255,-1.688191,7.888080
715.000000,-111.090207,8.762618,79.484773,9.860878,0.916250,-139.208695,-0.905055,11.955534,29.876364,-2.032346,-12.870687,-1.125182,-5.833794,-12.744581,-8.337265,21.971856,1.701396,5.286775,-4.425429,2.517867,10.545300,-4.558068,24.802164,-4.274532,48.923484,-25.831313,-1.757653,2.279801,-0.836041,-25.275011,18.340584,50.859989,6.587485,-1.201576,8.494092
716.000000,-111.304462,9.240063,79.433781,9.612011,0.731993,-139.197503,-0.963744,12.012009,29.829308,-2.111058,-12.670656,-1.307345,-5.729274,-12.322915,-7.604257,21.740352,0.913138,5.822977,-4.795940,2.171125,10.411415,-4.936706,24.898744,-4.447665,49.190845,-25.947482,-1.741384,1.650832,1.125265,-23.215504,17.863245,56.645528,4.922746,-0.809122,10.264358
717.000000,-111.540377,9.769297,79.358572,9.251672,0.476406,-139.271035,-0.970562,11.968111,29.857619,-2.221687,-12.469315,-1.399493,-5.630453,-12.002404,-6.797339,21.376312,0.709332,6.347583,-5.049995,1.734590,10.291363,-5.145627,24.938055,-4.593453,49.515948,-26.155045,-1.783784,1.148598,2.804798,-21.312415,17.035416,61.796539,4.486087,-0.325407,11.951979
718.000000,-111.783636,10.347199,79.265428,8.830278,0.189761,-139.473459,-0.947530,11.917492,29.957114,-2.309104,-12.285956,-1.541824,-5.534153,-12.039609,-6.617603,21.044571,0.426866,6.921307,-5.252398,1.254091,10.201308,-5.107790,24.915022,-4.650285,49.852974,-26.290653,-1.779083,0.639053,4.323431,-19.862567,16.212299,65.560595,4.471244,0.063941,13.771589
719.000000,-112.046802,10.968342,79.173940,8.386483,-0.081518,-139.721166,-0.948635,11.939119,30.060373,-2.267870,-12.135798,-1.666860,-5.374123,-12.253499,-6.854295,20.794487,-0.116718,7.386759,-5.460802,0.808650,10.163509,-4.863015,24.781986,-4.693904,50.266770,-26.291210,-1.715992,0.157046,5.688767,-18.889824,15.500226,67.673931,4.475908,0.149702,15.658545
720.000000,-112.378180,11.639172,79.079282,7.954269,-0.279317,-140.008499,-0.947115,12.151795,30.273092,-1.993021,-12.123464,-1.921251,-5.024016,-12.227422,-7.031598,20.390485,-1.088408,7.669946,-5.681363,0.497240,10.082494,-4.279615,24.482386,-4.748688,50.774831,-26.138794,-1.535226,-0.196520,7.028811,-18.293072,15.100920,68.006513,4.430024,0.358592,17.047558
721.000000,-112.697649,12.388365,78.977746,7.483368,-0.537253,-140.230088,-1.003253,12.302684,30.413572,-1.855751,-11.905938,-2.156417,-4.753587,-12.216828,-7.104362,19.916393,-2.304747,7.919183,-6.005198,0.141758,9.978732,-3.656076,24.090832,-4.820482,51.594108,-26.012203,-1.362232,-0.535914,7.949106,-18.062702,14.593170,67.266394,4.681995,0.379272,17.966073
722.000000,-113.041687,13.190925,78.864229,6.981990,-0.808808,-140.441135,-1.089397,12.478457,30.553489,-1.670446,-11.687821,-2.425108,-4.386632,-12.228763,-7.367179,19.368876,-3.678812,8.122449,-6.328663,-0.178758,9.780534,-2.957998,23.577603,-4.896811,52.705332,-25.805392,-1.194688,-0.698336,8.521662,-18.139266,13.916961,65.734123,5.326477,0.236063,18.037592
723.000000,-113.418257,14.041452,78.746855,6.463698,-1.077619,-140.660609,-1.198950,12.720069,30.702305,-1.395602,-11.452152,-2.699843,-3.923736,-12.208990,-7.745620,18.732600,-5.260423,8.178300,-6.562153,-0.457911,9.523790,-2.250067,22.962587,-5.000971,54.012415,-25.475648,-0.926845,-0.931303,8.696118,-18.390841,13.108217,63.806657,6.474459,-0.170371,18.085335
724.000000,-113.826835,14.946018,78.625733,5.925837,-1.312379,-140.853514,-1.305700,13.037311,30.840169,-1.067767,-11.162550,-3.050917,-3.330022,-12.084138,-8.170730,17.869786,-7.051175,7.988625,-6.634763,-0.664210,9.267404,-1.597834,22.293830,-5.200057,55.323265,-25.107313,-0.619498,-0.996474,8.405016,-18.885977,12.779533,61.602193,7.046450,-0.478407,16.714525
725.000000,-114.256895,15.912424,78.496468,5.372790,-1.512739,-141.008997,-1.426777,13.425375,30.942396,-0.692373,-10.813824,-3.464156,-2.582511,-11.912827,-8.850139,16.760022,-8.945849,7.693039,-6.562098,-0.815914,9.046240,-0.960983,21.634686,-5.520852,56.443450,-24.582194,-0.369625,-1.125034,7.690532,-19.519531,12.705137,59.314592,7.307863,-0.767967,14.961500
726.000000,-114.716184,16.924733,78.348428,4.793708,-1.714601,-141.171530,-1.570915,13.855625,31.009387,-0.244581,-10.464436,-3.871311,-1.763524,-11.733740,-9.653789,15.530332,-10.859824,7.264104,-6.229763,-0.946962,8.849945,-0.315097,20.996987,-5.860734,57.182197,-24.084524,-0.265768,-1.298873,6.657672,-20.324374,12.834330,56.912053,7.188614,-1.150489,13.313526
727.000000,-115.152442,17.992698,78.206456,4.229080,-1.897207,-141.281338,-1.806340,14.343230,30.999357,0.265964,-9.998938,-4.333673,-0.994583,-11.518763,-10.559054,14.342158,-12.696550,6.663778,-5.599813,-1.013993,8.786738,0.232671,20.410805,-6.130434,57.462989,-23.598877,-0.229401,-1.532825,5.401350,-21.382993,13.080333,54.069857,6.302785,-1.760926,11.668822
728.000000,-115.553033,19.120920,78.092432,3.735953,-1.986041,-141.229887,-2.131402,14.943484,30.839356,0.763831,-9.311025,-4.986409,-0.249318,-11.163626,-11.691606,13.193010,-14.300307,6.091352,-4.738750,-0.891729,9.010146,0.604627,19.861166,-6.304591,57.220077,-23.256804,-0.308254,-1.439939,3.876856,-22.716692,13.538259,50.638473,4.980332,-2.520659,9.580886
729.000000,-115.907836,20.295654,77.993977,3.319432,-1.965291,-141.005973,-2.516388,15.629107,30.504386,1.153960,-8.440372,-5.743733,0.467854,-10.628779,-12.987031,12.116337,-15.753404,5.280987,-3.717289,-0.543919,9.514165,0.867544,19.321758,-6.427282,56.474104,-23.119219,-0.515619,-1.193581,1.974407,-24.274354,14.211332,46.832124,3.867532,-3.268562,7.233543
730.000000,-116.210866,21.520272,77.904290,2.934166,-1.861567,-140.573051,-3.009087,16.350691,29.982160,1.500341,-7.335399,-6.534095,1.198240,-9.974941,-14.421873,11.081740,-17.043170,4.161119,-2.618481,-0.058403,10.251496,1.025957,18.896473,-6.540694,55.331462,-22.954575,-0.685891,-1.573371,-0.352808,-26.159809,14.701371,43.273118,2.423282,-3.752933,6.451687
731.000000,-116.463077,22.792664,77.848464,2.564388,-1.620715,-139.759779,-3.674205,17.094654,29.110205,1.892439,-5.888388,-7.477717,2.021726,-9.156543,-15.738735,10.090654,-17.988973,2.927039,-1.630880,0.585995,11.265842,1.041077,18.716177,-6.730558,53.917834,-22.730308,-0.926094,-1.941657,-3.173316,-28.029061,14.700700,40.403287,1.519960,-4.249240,5.519585
732.000000,-116.664183,24.077561,77.839512,2.192017,-1.192076,-138.335739,-4.584172,17.800004,27.740252,2.366045,-3.985149,-8.632192,3.037973,-8.234673,-16.985589,9.127470,-18.423488,2.075182,-0.874357,1.479328,12.611176,0.855823,18.699834,-7.110725,52.311948,-22.502796,-1.200562,-2.018374,-6.331829,-29.880210,14.464010,38.176280,1.202528,-4.639643,3.041305
733.000000,-116.789246,25.376597,77.853447,1.789077,-0.664995,-136.328996,-5.818596,18.353574,25.977562,2.894674,-1.582361,-9.901514,4.174687,-7.346963,-18.662143,8.193092,-18.539968,1.552372,-0.189809,2.632829,14.231779,0.380498,18.671301,-7.730789,50.579993,-22.474947,-1.282565,-2.207357,-9.470842,-32.222059,14.520980,36.901620,0.206042,-4.583445,2.149773
734.000000,-116.861355,26.702663,77.866751,1.333506,-0.133028,-133.917584,-7.249910,18.696480,24.323164,3.254771,1.306171,-11.535622,5.406729,-6.482623,-20.863914,7.127608,-18.508921,1.069338,0.439632,4.070864,16.031811,-0.295923,18.554574,-8.515983,48.684502,-22.368275,-1.673658,-1.794847,-12.117808,-34.282171,14.367178,35.962913,1.495697,-5.154939,-0.842100
735.000000,-116.918027,28.055355,77.891254,0.778073,0.262928,-131.264268,-8.681415,18.644687,22.848617,3.306408,4.557714,-13.460546,6.612820,-5.724277,-23.261644,5.946882,-18.359856,0.617321,1.239191,5.537381,17.661250,-1.010001,18.458590,-9.496262,46.841550,-22.351220,-2.172601,-0.935842,-14.350301,-36.673406,14.205694,35.404101,0.564609,-5.917899,-6.828238
736.000000,-117.115963,28.712067,77.892965,-0.925646,-0.153697,-128.929172,-8.392886,16.345486,22.999504,2.911143,6.269662,-14.999994,9.110363,-6.434997,-25.650822,3.900235,-18.426076,1.302169,2.580580,6.266613,17.122642,1.740734,17.931220,-10.983821,44.591443,-22.217419,-2.891359,-0.615816,-13.711414,-39.416318,14.329197,35.417331,-0.847001,-6.216337,-12.450232
737.000000,-116.629636,29.735681,77.976429,-1.544516,-1.250172,-125.230020,-10.629107,13.217957,21.441046,2.098004,7.895674,-15.000035,9.353024,-7.685857,-28.993234,3.117960,-17.960910,1.724839,2.647446,6.818447,17.330640,2.102658,17.724141,-11.809121,42.694860,-22.140036,-3.271651,-0.588495,-14.668530,-41.788661,13.686804,36.054475,-1.683897,-6.423433,-17.044587
738.000000,-116.367924,30.753857,78.059173,-1.958580,-1.961667,-122.193846,-11.885906,11.367928,20.333140,1.463122,6.248576,-15.000035,9.595554,-8.319129,-31.929068,2.550204,-17.674781,2.035041,2.892768,7.556959,17.625281,2.538127,17.499945,-12.078051,41.605882,-21.886496,-3.688131,-0.474468,-16.025727,-44.174583,13.717907,37.402574,-4.509398,-6.422417,-20.156334
739.000000,-116.414666,31.834710,78.181803,-2.254405,-2.352675,-119.869329,-12.048633,11.192439,21.168028,1.076150,3.282883,-15.000035,9.738460,-8.337398,-34.277325,2.189712,-17.466793,1.975121,3.402287,8.393864,17.924237,3.316779,17.106936,-11.997792,41.288432,-21.586666,-3.943931,-0.073159,-17.455163,-46.106048,14.315405,39.341517,-7.346250,-5.871224,-20.589822
