Frame,root_translateX,root_translateY,root_translateZ,root_rotateX,root_rotateY,root_rotateZ,left_hip_pitch_joint_dof,left_hip_roll_joint_dof,left_hip_yaw_joint_dof,left_knee_joint_dof,left_ankle_pitch_joint_dof,left_ankle_roll_joint_dof,right_hip_pitch_joint_dof,right_hip_roll_joint_dof,right_hip_yaw_joint_dof,right_knee_joint_dof,right_ankle_pitch_joint_dof,right_ankle_roll_joint_dof,waist_yaw_joint_dof,waist_roll_joint_dof,waist_pitch_joint_dof,left_shoulder_pitch_joint_dof,left_shoulder_roll_joint_dof,left_shoulder_yaw_joint_dof,left_elbow_joint_dof,left_wrist_roll_joint_dof,left_wrist_pitch_joint_dof,left_wrist_yaw_joint_dof,right_shoulder_pitch_joint_dof,right_shoulder_roll_joint_dof,right_shoulder_yaw_joint_dof,right_elbow_joint_dof,right_wrist_roll_joint_dof,right_wrist_pitch_joint_dof,right_wrist_yaw_joint_dof
0.000000,0.620739,17.782958,79.110199,-3.499039,2.171862,84.155085,-2.025542,4.908553,11.143081,6.624889,-10.133173,-2.047141,-6.034280,-9.788405,-10.258466,12.849366,-7.101987,4.544921,-3.920655,1.851506,4.018444,0.209600,20.511374,-5.101701,45.636063,11.066442,-8.976721,6.940554,-3.141751,-38.087795,3.992523,22.857080,-15.520174,-15.011233,11.031580
1.000000,0.462448,17.922281,79.108518,-3.530134,2.000417,84.654679,-2.174726,4.925753,10.882011,6.892389,-10.476812,-1.916310,-5.584561,-9.888374,-10.879480,12.478039,-7.359122,4.791171,-3.619357,1.777168,3.250348,-0.089791,19.617449,-4.358168,45.792194,11.060037,-9.854614,7.125869,-1.824598,-35.804975,3.223117,25.287191,-16.417756,-14.906613,10.776553
2.000000,0.342242,18.058857,79.117495,-3.575342,1.870064,85.025028,-2.222795,4.864654,10.493109,6.906505,-10.601838,-1.802850,-5.149318,-9.905964,-11.273868,12.015752,-7.363212,4.799986,-3.252605,1.433902,2.457528,-0.204394,18.893396,-3.941722,45.575428,9.717634,-9.513738,7.669491,-0.919331,-32.853497,2.801350,27.566753,-15.419932,-14.039573,10.279436
3.000000,0.205307,18.168400,79.119724,-3.595278,1.783925,85.324203,-2.249592,4.762918,10.157179,6.966458,-10.744334,-1.608237,-4.802407,-9.988547,-11.548157,11.660869,-7.338792,4.873666,-2.892352,1.011175,1.656366,-0.245634,18.676751,-3.812488,45.388352,9.187380,-9.097574,7.860007,-0.442966,-30.334444,2.808494,29.862376,-14.227605,-13.102722,9.803901
4.000000,0.084376,18.292898,79.115409,-3.679227,1.692960,85.524142,-2.305954,4.697384,9.848895,6.976242,-10.683395,-1.432864,-4.551366,-10.000307,-11.783733,11.303493,-7.348795,4.913388,-2.592264,0.678211,0.832787,-0.292596,18.476352,-3.332964,45.637036,9.164149,-9.090333,8.116269,-0.138567,-29.227366,3.483729,31.300097,-15.848411,-13.045767,9.421688
5.000000,-0.028338,18.410838,79.117101,-3.717941,1.593480,85.714601,-2.257427,4.657857,9.687571,6.901986,-10.858572,-1.371918,-4.265274,-9.978123,-11.947184,10.928350,-7.119544,4.940327,-2.361837,0.381382,0.060092,-0.297982,18.300949,-2.071060,46.124148,9.758872,-8.539039,8.909183,0.003921,-28.223723,3.533970,32.572872,-17.389322,-12.847819,8.763443
6.000000,-0.125882,18.508689,79.111487,-3.738226,1.532838,85.783555,-2.138020,4.609182,9.595629,6.733417,-11.068125,-1.289406,-4.067778,-9.938692,-11.897284,10.681560,-6.859674,5.070894,-2.122549,0.091698,-0.595638,-0.177290,18.184129,-0.169514,46.138918,9.413661,-7.789633,10.060631,0.036545,-27.089714,2.439928,33.440087,-17.137257,-12.294156,7.314041
7.000000,-0.237027,18.591419,79.112417,-3.712992,1.454898,85.899731,-2.154062,4.584128,9.461469,6.909028,-11.101176,-1.256575,-3.744118,-9.968731,-12.112146,10.337165,-6.814337,5.365127,-1.984202,-0.129435,-1.049051,0.052262,18.319858,2.043892,45.287272,8.766250,-7.861045,10.792627,0.086302,-26.358900,0.548473,33.147601,-16.621301,-12.110604,5.258374
8.000000,-0.352199,18.690205,79.105753,-3.661276,1.427953,85.922744,-2.040644,4.481707,9.396211,6.895032,-11.278331,-1.298785,-3.487828,-10.043859,-12.170440,10.085484,-6.767283,5.606303,-1.703974,-0.427382,-1.339321,0.362567,18.947836,4.368718,42.724022,8.159698,-8.328758,11.895113,0.202763,-26.743061,-1.177090,31.065917,-17.261319,-12.191736,3.955810
9.000000,-0.459181,18.739982,79.097474,-3.686150,1.454853,85.865415,-2.046075,4.350679,9.396237,6.976651,-11.232784,-1.035795,-3.427705,-10.149131,-12.185133,9.957335,-6.672105,5.708661,-1.217705,-0.801820,-1.600703,0.816847,19.827455,6.660213,37.366223,6.222007,-9.073730,12.670058,0.381549,-27.947430,-3.222684,27.184822,-17.723856,-12.728728,3.171767
10.000000,-0.574809,18.733917,79.092675,-3.688177,1.491909,85.716831,-1.939875,4.257458,9.643948,6.812544,-11.295119,-1.153510,-3.486361,-10.256131,-12.035143,9.906358,-6.397306,6.017531,-0.499204,-1.154550,-1.430212,1.324770,21.321737,7.314682,28.412504,1.122548,-10.718081,8.288493,0.704517,-30.165042,-5.388444,20.372381,-16.695429,-13.499950,7.971311
11.000000,-0.675905,18.776086,79.108059,-3.659422,1.514468,85.732323,-1.917490,4.131018,9.671545,6.855739,-11.080484,-1.004119,-3.393175,-10.376465,-12.071385,9.849712,-6.313829,6.126935,0.284580,-1.400575,-1.657201,1.356573,23.184036,5.715530,18.923020,-4.897882,-11.058082,4.718245,1.195067,-32.999219,-6.706328,12.624929,-14.919834,-13.829971,11.360037
12.000000,-0.776387,18.820827,79.221207,-3.605315,1.535253,85.809148,-1.680952,3.912323,9.419846,6.432506,-10.170534,0.296683,-3.182563,-10.425947,-11.797891,9.604378,-6.078405,4.554776,0.730911,-1.519163,-2.069979,0.270081,24.005870,2.814552,9.611819,-3.399156,-6.489229,4.377019,0.923680,-35.107808,-7.212292,4.342899,-18.260352,-13.557893,18.190032
13.000000,-0.844478,18.882613,79.213274,-3.552024,1.477729,86.165523,-1.634838,3.809710,9.113773,6.418587,-10.076211,0.329676,-2.847555,-10.499173,-12.242681,9.432761,-6.129311,4.698783,0.709909,-1.795672,-2.734129,-1.262659,26.266421,-1.982153,1.916318,-4.311180,-7.482362,3.661200,-0.196026,-38.834629,-5.374489,-2.307271,-16.937454,-14.529610,20.075888
14.000000,-0.910573,18.936752,79.215807,-3.553169,1.418258,86.611442,-1.655025,3.741199,8.864678,6.335931,-10.026185,0.357127,-2.540720,-10.578661,-12.702529,9.242680,-6.106718,4.718106,0.445074,-2.069967,-3.391632,-3.409674,27.699474,-7.085954,-4.457602,-7.583344,-7.661864,2.673243,-2.290838,-42.184406,-2.455454,-7.997285,-14.761031,-15.266905,20.344419
15.000000,-0.929775,19.007185,79.217035,-3.517767,1.386263,86.717403,-1.501924,3.731368,8.925132,6.188322,-10.036010,0.305051,-2.360805,-10.573863,-12.771309,9.152912,-6.069865,4.623134,0.223832,-2.454362,-4.013229,-5.926055,28.036852,-10.604637,-9.284238,-10.702206,-8.093989,2.055349,-5.347634,-44.676841,0.940369,-12.347534,-11.718955,-16.008620,20.093139
16.000000,-0.936947,19.085264,79.203367,-3.468139,1.389021,86.641939,-1.317686,3.691619,8.878791,6.102366,-9.885880,0.372209,-2.214656,-10.513648,-12.619677,9.053215,-5.926437,4.518496,0.115282,-2.911738,-4.715937,-8.525049,26.942175,-11.516124,-12.517267,-14.258658,-8.943878,1.623125,-8.628769,-45.330825,3.569304,-15.189084,-5.979858,-16.303527,18.823028
17.000000,-0.921346,19.177918,79.189742,-3.395785,1.409750,86.381957,-1.051576,3.728720,9.137653,6.020573,-10.070085,0.395125,-2.118119,-10.494586,-12.446739,9.018595,-6.162467,4.471771,0.073732,-3.452355,-5.338254,-11.236665,24.488400,-10.399959,-14.733241,-19.795601,-10.140160,3.062278,-12.005064,-44.914856,4.557982,-17.040617,-0.617222,-16.623109,16.007817
18.000000,-0.885827,19.292010,79.168272,-3.271466,1.445160,86.006469,-0.674547,3.742799,9.391548,5.926596,-10.262380,0.367350,-2.036400,-10.444588,-12.124395,9.076190,-6.280941,4.603894,0.225139,-4.137459,-5.951198,-14.213794,21.776327,-7.786947,-16.420886,-23.919360,-12.084797,6.068699,-14.903529,-43.794084,3.526518,-18.175157,2.778832,-16.960753,11.732105
19.000000,-0.833375,19.404630,79.148257,-3.132579,1.447808,85.690483,-0.322682,3.826649,9.714602,5.893994,-10.367680,0.345035,-1.886776,-10.353054,-11.866894,9.079807,-6.399581,4.666977,0.504981,-4.888583,-6.495203,-17.658221,19.863035,-4.822193,-17.672607,-26.238197,-13.543356,8.378684,-17.204623,-42.879726,1.955670,-19.023781,6.792402,-17.548995,9.642450
20.000000,-0.777726,19.494435,79.130459,-2.984275,1.424253,85.454772,-0.004586,3.916793,9.871092,5.905944,-10.527185,0.365436,-1.699886,-10.253727,-11.722295,9.061944,-6.542648,4.749125,0.736490,-5.678555,-6.972865,-20.852552,18.483547,-2.579066,-18.983857,-28.668913,-15.303199,10.351708,-19.354564,-42.369029,0.292261,-19.351080,10.014183,-17.950861,6.769120
21.000000,-0.730622,19.625582,79.110992,-2.819405,1.405336,85.215678,0.401725,3.981068,10.058666,5.813774,-10.804694,0.377186,-1.427004,-10.172374,-11.582373,8.975396,-6.619079,4.853784,0.998794,-6.387762,-7.472911,-23.783380,18.185775,-0.475126,-19.951532,-29.263232,-16.873636,12.661923,-21.169242,-42.459297,-1.033041,-19.556688,12.648897,-18.836630,3.718234
22.000000,-0.691510,19.748348,79.097003,-2.704067,1.418444,84.941623,0.805332,4.027032,10.381789,5.657565,-10.895971,0.329171,-1.288813,-10.085211,-11.244465,8.980099,-6.474327,4.850539,1.409043,-7.110759,-8.059802,-26.396960,18.551397,1.020205,-20.658587,-30.275882,-18.253913,14.592704,-22.680541,-43.148094,-2.335060,-19.592060,14.163336,-19.462016,1.595951
23.000000,-0.698562,19.823927,79.088128,-2.632104,1.381261,84.660161,1.074312,4.057103,10.445653,5.521583,-10.929621,0.455899,-1.169340,-10.026049,-11.169618,8.860033,-6.651527,4.966357,1.807155,-7.690189,-8.534880,-28.699587,19.427652,2.306665,-21.336585,-32.958579,-19.490001,16.046305,-24.028163,-44.345054,-3.671350,-19.322537,15.741943,-20.323998,-0.879383
24.000000,-0.714823,19.884889,79.087609,-2.583147,1.352235,84.502536,1.309678,4.100651,10.675520,5.365701,-11.062642,0.378185,-1.015276,-9.986982,-11.129915,8.678323,-6.604012,4.992946,2.099227,-8.179005,-9.022940,-30.750191,21.062712,3.787951,-21.419191,-33.720921,-20.376710,17.339330,-25.220513,-45.466353,-5.080510,-18.633376,17.799519,-21.150386,-2.855685
25.000000,-0.750959,19.942650,79.082114,-2.568762,1.292120,84.406259,1.463642,4.130707,10.727003,5.249953,-10.952909,0.317334,-0.901022,-9.904086,-11.059931,8.525995,-6.505541,5.024309,2.284442,-8.587774,-9.495705,-32.523715,22.974830,5.254859,-21.038610,-35.116110,-21.513238,18.343545,-26.227544,-46.916624,-6.644994,-17.474482,19.336568,-21.911424,-4.870390
26.000000,-0.819227,19.971327,79.074550,-2.527079,1.259453,84.270955,1.681107,4.116014,10.879052,5.018320,-10.911199,0.247640,-0.836608,-9.867553,-10.940536,8.356362,-6.418242,5.241786,2.439176,-8.920720,-9.791925,-34.059141,25.095870,6.821896,-20.436204,-36.245686,-22.963649,19.284663,-27.073212,-48.533630,-8.170364,-16.099698,21.401233,-22.923933,-6.454200
27.000000,-0.882955,19.988014,79.085261,-2.525855,1.209089,84.149792,1.762332,4.098143,10.837103,4.935564,-10.689258,0.314704,-0.745454,-9.876054,-10.987489,8.207061,-6.298065,5.156916,2.690049,-9.192057,-10.090250,-35.503190,26.961940,8.058314,-19.415257,-38.036617,-24.229177,20.907720,-27.793655,-49.908582,-9.669950,-14.382654,22.833140,-23.548800,-8.324000
28.000000,-0.954674,19.990537,79.101306,-2.511543,1.185893,84.097748,1.786630,4.064711,10.818590,4.938125,-10.578766,0.304919,-0.686629,-9.860187,-10.878949,8.159254,-5.778438,4.881359,2.882046,-9.411150,-10.250406,-36.742354,28.823258,9.380819,-18.172241,-40.087002,-25.457515,21.741044,-28.297728,-51.252356,-11.204320,-12.585044,24.372946,-24.145783,-9.978871
29.000000,-1.045964,19.945818,79.108721,-2.488896,1.140917,84.081512,1.830440,4.058291,10.953071,4.842393,-10.624315,0.152761,-0.672265,-9.847181,-10.858278,7.974841,-5.808200,5.168508,3.002653,-9.479483,-10.256251,-37.812593,30.380979,10.591862,-16.970143,-42.342730,-26.944704,23.146569,-28.711352,-52.219460,-12.605549,-10.841028,26.781138,-24.836584,-11.373044
30.000000,-1.116440,19.879110,79.112929,-2.455155,1.098138,84.049682,1.842759,4.088954,11.072633,4.823624,-10.725508,-0.028983,-0.671551,-9.870218,-10.966086,7.957392,-5.770760,5.226380,3.104164,-9.488121,-10.190456,-38.484076,32.112653,11.925231,-15.604151,-43.995086,-28.453002,24.786183,-28.996243,-53.212173,-14.251740,-8.877462,28.217555,-25.810610,-13.588836
31.000000,-1.191937,19.804887,79.123306,-2.418432,1.056422,83.988215,1.780154,4.065461,11.012377,4.923238,-10.569762,0.050923,-0.690616,-9.866825,-10.937128,7.886742,-5.643898,5.292469,3.213254,-9.503174,-10.101349,-39.152639,33.562634,13.517658,-13.956106,-45.540119,-29.547252,25.971765,-29.146196,-53.874084,-15.994239,-6.643509,29.501455,-26.052484,-14.860921
32.000000,-1.271970,19.709380,79.133767,-2.404930,1.044571,83.972353,1.704375,4.043501,11.099834,4.951644,-10.555356,0.023505,-0.753988,-9.901233,-10.908420,7.856274,-5.513627,5.355077,3.275789,-9.448809,-9.973017,-39.563273,34.733872,15.156765,-12.097630,-47.272053,-30.341514,27.066578,-29.097098,-54.588839,-17.877998,-4.396721,30.310607,-26.099220,-15.512724
33.000000,-1.348799,19.620581,79.132032,-2.394652,1.019905,83.987397,1.599477,3.999711,11.001624,5.006083,-10.444495,0.000590,-0.781954,-9.920600,-10.881869,7.791069,-5.392801,5.329411,3.325826,-9.294609,-9.762355,-39.638801,35.751051,16.787782,-10.179304,-49.075059,-31.283171,28.135001,-28.896481,-55.087777,-19.733205,-2.092895,31.115241,-26.173200,-16.611455
34.000000,-1.424650,19.495775,79.135042,-2.378755,0.995857,84.071446,1.525004,3.967864,11.009968,4.907663,-10.487360,-0.149207,-0.832877,-9.960910,-10.942058,7.737911,-5.252139,5.348189,3.354615,-9.051245,-9.468900,-39.497929,36.708220,18.529829,-8.119147,-50.489609,-32.069715,28.976203,-28.648972,-55.228660,-21.518197,0.003063,32.395051,-26.689342,-17.737796
35.000000,-1.489775,19.356135,79.145086,-2.354085,0.968008,84.166747,1.378067,3.953091,10.959053,4.976226,-10.422604,-0.218148,-0.883930,-9.997611,-11.045877,7.742366,-5.152996,5.369025,3.381919,-8.815852,-9.071682,-39.309661,37.579988,20.253495,-5.855211,-51.326495,-32.357584,29.593263,-28.128328,-55.266206,-23.219882,2.108072,33.655006,-26.875958,-18.331968
36.000000,-1.527432,19.238542,79.155642,-2.342274,0.955765,84.225998,1.265759,3.934125,10.876205,5.011065,-10.316085,-0.163288,-0.918648,-10.028481,-11.144320,7.660551,-5.165327,5.418275,3.444132,-8.577033,-8.738720,-39.008566,38.370152,22.004062,-3.476648,-51.990618,-32.605168,30.206331,-27.387522,-55.214693,-24.927685,4.043383,34.588600,-27.452933,-19.035821
37.000000,-1.566899,19.091919,79.165018,-2.328354,0.955854,84.404014,1.098583,3.887502,10.708781,5.047465,-10.221288,-0.177548,-0.971744,-10.068168,-11.181856,7.644898,-4.960979,5.466760,3.381017,-8.347208,-8.346445,-38.781053,38.810337,23.652047,-1.207014,-52.797642,-32.796676,30.914485,-26.459793,-54.778913,-26.316642,6.099904,35.924732,-27.431438,-19.837154
38.000000,-1.590062,18.960333,79.173446,-2.325602,0.915757,84.512530,0.990182,3.871489,10.486441,4.990128,-10.028450,-0.159756,-1.031960,-10.087028,-11.357364,7.620332,-4.960950,5.445483,3.338658,-8.085620,-7.955831,-38.348982,39.375798,25.290674,1.076850,-53.885572,-32.910778,31.168687,-25.407132,-54.564035,-27.804445,8.240468,36.481372,-27.448674,-20.408935
39.000000,-1.610913,18.749231,79.195523,-2.323868,0.905319,84.678948,0.702722,3.880444,10.255776,5.075540,-9.801594,-0.155647,-1.245441,-10.129358,-11.391885,7.759911,-4.882778,5.391464,3.322310,-7.801127,-7.238581,-38.334204,40.070490,27.171421,4.378000,-54.164667,-32.509658,31.644256,-24.225556,-54.463990,-29.327528,10.729906,36.907658,-27.444605,-20.335871
40.000000,-1.608556,18.685056,79.185414,-2.267270,0.918469,84.748732,0.695427,3.807494,10.121989,5.151223,-9.726643,-0.148307,-1.109845,-10.123864,-11.544625,7.627933,-4.916193,5.385173,3.403289,-7.544295,-7.044712,-37.767804,39.970001,28.477973,6.734284,-55.685436,-32.403022,32.198144,-23.363830,-53.696137,-30.389735,13.048111,38.215673,-27.249248,-20.843091
41.000000,-1.624461,18.516889,79.205692,-2.197796,0.922346,84.784588,0.599168,3.824410,10.106219,5.146329,-9.641089,-0.168172,-1.269066,-10.200374,-11.522248,7.761712,-4.766963,5.326812,3.508946,-7.220731,-6.400243,-37.512519,40.008926,30.041563,9.768183,-57.580817,-32.025688,32.159850,-23.020562,-53.003914,-31.748639,15.724149,39.169106,-26.625216,-20.154591
42.000000,-1.631696,18.424149,79.207492,-2.105792,0.932653,84.799030,0.622449,3.789377,10.051317,5.143885,-9.597421,-0.217333,-1.256222,-10.224523,-11.505452,7.803467,-4.738598,5.332598,3.668489,-6.858627,-5.907811,-37.021268,40.488958,31.796966,13.897125,-57.308907,-30.890545,32.306009,-22.272192,-52.785252,-32.913182,19.054964,39.822434,-25.615830,-19.507679
43.000000,-1.623907,18.343443,79.212731,-2.026577,0.946277,84.882379,0.583929,3.781532,10.016887,5.223568,-9.572099,-0.268914,-1.220494,-10.232329,-11.480129,7.827445,-4.654019,5.243689,3.781608,-6.415442,-5.516127,-36.234864,40.889406,33.107129,17.999430,-57.498821,-29.661073,32.337193,-22.019835,-52.272367,-34.010217,22.326722,41.576396,-25.111786,-19.139944
44.000000,-1.601979,18.279456,79.211539,-1.963413,0.943751,84.966787,0.539083,3.798040,9.949730,5.305430,-9.542215,-0.343731,-1.176826,-10.243820,-11.589522,7.842520,-4.762037,5.246612,3.758373,-5.998085,-5.075634,-35.324229,41.430138,34.390901,22.049017,-58.492019,-28.896942,31.999590,-21.504007,-52.360285,-34.998866,26.171552,41.793996,-24.097254,-18.324868
45.000000,-1.580336,18.230934,79.209203,-1.908780,0.937624,85.075454,0.497322,3.810609,9.852633,5.390184,-9.529439,-0.446275,-1.115474,-10.273595,-11.762193,7.866567,-4.886657,5.219263,3.749534,-5.488638,-4.680891,-34.319221,42.028818,35.673706,26.368393,-58.588755,-27.808862,31.732666,-21.188635,-52.506417,-36.027465,30.121230,41.873721,-23.293218,-18.013584
46.000000,-1.520170,18.155837,79.132956,-1.867573,0.990989,85.273876,0.360445,3.781450,9.763966,5.589605,-10.240214,-1.710139,-1.018582,-10.395132,-12.264131,7.819242,-4.858756,6.876921,3.753980,-4.936431,-4.593169,-33.874310,41.884557,37.081217,30.694737,-56.817861,-26.391569,30.487164,-21.151718,-52.137436,-37.429891,34.344117,39.215616,-22.352870,-20.182910
47.000000,-1.478544,18.131699,79.125613,-1.844285,1.018966,85.456520,0.218597,3.787094,9.632705,5.812684,-10.279902,-1.779371,-0.948897,-10.403152,-12.304624,7.823461,-4.724961,6.895534,3.837402,-4.445150,-4.238903,-33.511978,42.215852,38.542932,35.130521,-56.040896,-24.716972,29.906755,-20.308502,-52.347475,-37.967618,37.612301,37.973195,-21.026630,-19.635293
48.000000,-1.436519,18.135965,79.125857,-1.836163,1.015950,85.676040,0.100082,3.776884,9.343866,5.962620,-10.280281,-1.777426,-0.820800,-10.408168,-12.509254,7.756475,-4.782424,6.850642,3.865999,-3.794086,-3.912126,-32.380127,42.991338,39.931834,40.439672,-53.861758,-22.225099,29.733794,-19.690028,-52.570477,-39.185413,41.278296,37.083119,-19.928371,-19.465245
49.000000,-1.391122,18.124038,79.129791,-1.866404,0.999008,85.960292,-0.071450,3.787728,9.027844,6.074740,-10.143184,-1.784234,-0.700769,-10.432352,-12.921418,7.669940,-4.979300,6.663927,3.796151,-3.135902,-3.460968,-30.698750,43.605775,40.322575,45.397863,-52.490711,-20.045806,28.160576,-18.623204,-52.967519,-39.802251,45.181141,35.751748,-18.752390,-18.993388
50.000000,-1.322765,18.127319,79.134208,-1.909344,1.004006,86.402838,-0.231085,3.770204,8.661384,6.086041,-10.082206,-1.813875,-0.564701,-10.458229,-13.285164,7.628158,-4.929147,6.459519,3.645572,-2.450852,-3.080318,-28.999323,44.063429,40.774672,51.197209,-50.731367,-17.225933,26.666708,-17.325284,-53.253926,-40.484225,49.318590,34.899518,-17.673348,-18.820422
51.000000,-1.251123,18.154910,79.134125,-1.950824,1.013687,86.930447,-0.368877,3.725986,8.212148,6.046439,-9.930439,-1.894094,-0.412874,-10.453143,-13.547442,7.616408,-4.909417,6.304424,3.456997,-1.723941,-2.633387,-27.130365,44.405997,40.769713,57.458331,-47.767222,-14.324068,25.485121,-15.709285,-53.268874,-40.827582,53.466468,34.359280,-16.789549,-18.694380
52.000000,-1.160597,18.154544,79.140639,-1.998778,1.028428,87.381455,-0.514825,3.670518,7.687254,5.987700,-9.621826,-1.783134,-0.266942,-10.480715,-13.962147,7.551508,-5.021548,6.054024,3.370140,-0.995174,-2.072140,-25.346907,44.196307,39.912289,63.375304,-44.632117,-12.069077,23.934079,-14.005096,-52.812587,-40.559535,57.445641,33.515007,-15.568127,-17.520011
53.000000,-1.082673,18.191257,79.144943,-2.003798,1.015690,87.947163,-0.635536,3.646731,7.188305,5.986131,-9.561109,-1.849560,0.003955,-10.489122,-14.449969,7.468338,-5.177969,5.848942,3.166714,-0.217393,-1.625536,-23.347904,43.338906,38.331257,68.935132,-40.043391,-9.411899,21.446866,-12.172872,-51.786365,-39.860543,61.187314,32.898262,-14.756395,-16.460978
54.000000,-0.973767,18.209970,79.151440,-2.039019,1.035965,88.448368,-0.803962,3.617165,6.720718,6.020552,-9.479702,-1.830679,0.170061,-10.515297,-14.862702,7.442053,-5.229470,5.560134,3.033742,0.429724,-1.150529,-21.039337,41.952077,35.347954,73.644233,-32.818014,-7.073577,19.401685,-10.336234,-49.937190,-38.247512,64.523131,32.346280,-14.197403,-15.494679
55.000000,-0.863912,18.213516,79.161572,-2.044296,1.067959,88.931427,-0.980049,3.579757,6.260018,6.096709,-9.329457,-1.730979,0.359285,-10.575342,-15.391975,7.427299,-5.463140,5.295759,3.011685,0.971423,-0.591973,-18.782914,39.295414,31.107881,76.333095,-26.392807,-5.233603,17.803557,-8.613163,-47.442159,-36.219827,67.512937,31.235046,-13.925748,-13.915693
56.000000,-0.740109,18.242265,79.163998,-2.050711,1.103624,89.504140,-1.145313,3.523072,5.759944,6.182937,-9.245205,-1.710323,0.546240,-10.572851,-15.730974,7.464168,-5.589685,4.996744,2.980961,1.547909,-0.130127,-16.153373,35.536627,26.854945,76.930866,-20.446252,-4.048883,15.218874,-7.324202,-44.298688,-35.509208,70.033044,31.105586,-13.604995,-13.958895
57.000000,-0.626104,18.280081,79.164279,-2.086413,1.153445,90.016579,-1.290515,3.436884,5.227594,6.179644,-9.214727,-1.604091,0.703993,-10.614524,-16.138033,7.484252,-5.747342,4.696471,3.183539,2.126049,0.185802,-13.689251,31.170087,23.559003,76.671162,-17.738669,-3.250764,13.918859,-5.875829,-40.563308,-34.637214,71.508905,31.200946,-12.883214,-14.767325
58.000000,-0.497267,18.361436,79.207498,-2.016271,1.173970,90.588976,-1.241323,3.335070,4.426141,6.051357,-8.483197,-0.801492,0.971115,-10.568805,-16.352260,7.602264,-6.146204,3.620205,3.304742,2.715781,0.367093,-10.318391,26.590352,19.557297,74.568180,-18.862341,-1.935365,14.060834,-3.701342,-36.331883,-30.938561,70.828768,32.840072,-12.311345,-12.654570
59.000000,-0.339112,18.449137,79.225969,-1.980380,1.261636,91.059298,-1.106906,3.258821,4.000949,5.752711,-8.157791,-0.478586,1.177164,-10.588991,-16.505019,7.650614,-6.466061,3.167502,3.519989,3.183685,0.444365,-7.110344,22.454266,15.887939,72.708245,-17.203288,-1.147087,13.950670,-1.555535,-31.795774,-26.639135,68.623437,33.507067,-12.348965,-11.027573
60.000000,-0.160404,18.511036,79.217583,-2.056146,1.340809,91.494554,-1.180974,3.205914,3.624566,5.596832,-7.944116,-0.593312,1.274607,-10.562384,-16.734708,7.620679,-6.657839,3.060223,3.668711,3.635770,0.629468,-4.441459,18.589823,13.160421,71.397368,-15.233198,-0.465165,13.946026,0.149667,-26.887274,-22.399310,64.207070,34.596626,-12.450209,-10.076084
61.000000,0.010213,18.590960,79.220110,-2.037244,1.382994,91.829100,-1.165593,3.207899,3.213985,5.595297,-7.926048,-0.477036,1.501918,-10.478795,-16.938212,7.679170,-6.773771,2.644605,3.888592,4.083655,0.724797,-2.845388,15.299853,12.192882,71.954568,-14.388891,0.749449,15.321777,1.205287,-22.773244,-19.072344,59.639914,35.170403,-13.130582,-8.986536
62.000000,0.187371,18.656990,79.207301,-2.028572,1.448440,92.083548,-1.205961,3.237132,3.059167,5.677884,-8.005704,-0.558541,1.625949,-10.425627,-17.073499,7.720406,-6.959573,2.434695,3.576818,4.621095,0.967342,-0.974768,12.316996,11.326580,72.032097,-12.980716,1.216418,15.740562,1.693335,-19.232213,-16.205257,53.402288,36.207079,-13.932667,-7.896009
63.000000,0.359899,18.663067,79.211736,-2.035981,1.491182,92.143712,-1.270097,3.345032,3.097159,5.735682,-7.952077,-0.667416,1.577431,-10.364317,-17.218675,7.862647,-7.316468,2.344223,3.282101,5.202886,1.139523,0.728913,9.661877,10.830850,71.795349,-12.761408,1.316124,16.247715,1.754159,-17.006360,-13.233081,46.150000,36.579331,-14.352526,-6.810443
64.000000,0.492564,18.713048,79.216248,-2.010743,1.550091,92.167519,-1.193407,3.387783,3.100872,5.710708,-8.060778,-0.784486,1.602807,-10.283363,-17.020039,7.945036,-7.152571,2.083029,2.903899,5.797798,1.242443,2.328499,7.464887,10.914684,71.464993,-13.010813,1.886856,17.563545,1.196334,-15.970160,-10.610233,37.933908,37.498790,-14.811976,-5.503258
65.000000,0.648770,18.716183,79.211891,-2.029002,1.557978,91.975808,-1.172891,3.536634,3.188054,5.690684,-7.892806,-0.843438,1.512613,-10.109964,-16.815130,7.941987,-7.328365,1.939249,2.731745,6.409265,1.244875,3.567165,5.882490,11.392361,71.016605,-13.728102,2.317073,18.190115,-0.226059,-16.280978,-8.243847,29.209311,38.690754,-15.509816,-4.270444
66.000000,0.773005,18.714911,79.211605,-2.034475,1.598126,91.764778,-1.110969,3.651713,3.462452,5.647482,-7.961523,-0.954183,1.381660,-9.998489,-16.511888,8.031288,-7.297531,1.837810,2.603575,6.938573,1.173825,4.566538,4.991696,11.277879,70.367942,-14.123806,2.580200,18.195419,-2.765143,-17.290904,-6.632941,20.787573,40.241811,-16.280021,-3.748535
67.000000,0.910599,18.698505,79.210997,-2.028034,1.625106,91.594195,-1.115766,3.785062,3.629974,5.735337,-7.916884,-1.128379,1.306842,-9.892890,-16.390402,8.045030,-7.443684,1.780685,2.540082,7.382394,1.053486,5.443159,4.929632,10.287653,69.378746,-13.640239,2.764405,17.900693,-6.472762,-18.690637,-5.549380,12.697847,41.865218,-17.208184,-3.476682
68.000000,1.024754,18.681440,79.204792,-2.062576,1.654847,91.630620,-1.171048,3.870219,3.732865,5.705393,-7.894781,-1.372367,1.235666,-9.794579,-16.267767,8.066947,-7.333307,1.671023,2.361643,7.692176,0.804732,6.103025,5.458700,9.279996,68.076830,-13.109142,2.767824,17.488551,-11.187363,-20.888643,-4.718899,5.357197,41.938850,-18.224166,-3.859033
69.000000,1.165345,18.612581,79.206073,-2.029343,1.668301,91.566966,-1.201863,3.985809,3.826596,5.744841,-7.883574,-1.689637,1.128066,-9.724816,-16.272535,8.186539,-7.539617,1.607021,2.549038,8.046042,0.625895,6.154948,6.259718,8.780545,66.897373,-13.131963,2.547036,17.170201,-16.873431,-22.773464,-4.315374,-1.169463,43.331792,-19.431309,-4.521240
70.000000,1.302619,18.574753,79.204184,-2.028186,1.698336,91.621932,-1.262220,4.030887,3.709000,5.760380,-7.755349,-1.865537,1.094556,-9.648941,-16.318859,8.237107,-7.605900,1.547219,2.749602,8.316591,0.425411,5.872635,7.209849,8.689187,65.396814,-13.069825,2.173418,16.872104,-23.319582,-24.700566,-3.982913,-6.794720,43.600632,-20.938585,-5.380757
71.000000,1.412474,18.524842,79.211277,-1.952591,1.707911,91.731438,-1.225099,4.115086,3.749607,5.709954,-7.838982,-2.224497,1.132176,-9.528074,-16.160405,8.264425,-7.353075,1.426295,3.112116,8.575761,0.279626,5.188736,8.230058,8.827212,63.910995,-12.943373,1.517713,16.774355,-30.172706,-26.644141,-3.688747,-11.341406,43.224507,-22.538612,-6.781219
72.000000,1.509695,18.501775,79.206920,-1.983759,1.731778,91.837743,-1.330846,4.149105,3.688141,5.751798,-7.765795,-2.324782,1.085682,-9.481562,-16.207774,8.299171,-7.379423,1.200429,3.683520,8.846750,-0.035274,4.286504,9.251353,8.792874,62.257454,-12.110847,0.971408,16.645386,-37.295886,-28.126277,-3.498538,-14.832717,42.878572,-24.666111,-8.298207
73.000000,1.591912,18.479517,79.202181,-1.986701,1.773148,91.867534,-1.391818,4.151054,3.652149,5.801596,-7.604904,-2.488096,1.089034,-9.468812,-16.325586,8.272993,-7.524579,1.349161,4.625811,9.108511,-0.440132,3.181920,10.107507,8.880358,60.531397,-11.678170,0.315344,16.469400,-44.161712,-29.213556,-3.712189,-17.284388,42.080160,-27.021984,-10.295258
74.000000,1.658505,18.403545,79.198951,-2.051677,1.795609,92.061839,-1.660440,4.146785,3.493754,5.960220,-7.530949,-2.595473,0.982776,-9.504973,-16.561853,8.377446,-7.540993,1.224407,5.534345,9.369835,-0.954165,1.908153,10.791164,8.779131,58.995090,-11.286754,-0.429270,15.778160,-50.489134,-29.800853,-4.192718,-18.639282,41.678801,-28.715089,-11.701779
75.000000,1.738984,18.455967,79.195684,-1.993830,1.851614,91.797476,-1.409080,4.202863,3.708418,5.817825,-7.597646,-2.608964,0.921887,-9.434403,-16.157239,8.499729,-7.538936,1.101819,6.735155,9.589274,-1.382917,0.614494,11.310107,8.432861,57.752207,-10.706883,-0.966252,15.378962,-55.782858,-29.613579,-4.901508,-17.603303,41.091217,-30.111241,-12.748883
76.000000,1.753717,18.389089,79.187894,-1.933672,1.879148,91.931583,-1.505766,4.192150,3.696095,5.980234,-7.484394,-2.552882,0.976318,-9.529827,-16.559741,8.583843,-7.654393,1.286685,7.321931,9.752369,-1.914888,-0.705091,11.798290,7.808687,56.725561,-10.368649,-1.074503,15.374146,-59.465109,-29.003210,-6.288889,-12.711577,40.561058,-30.534958,-14.909371
77.000000,1.776614,18.408290,79.184377,-1.840301,1.906744,92.053249,-1.371335,4.166946,3.677167,5.906380,-7.553405,-2.524699,1.087493,-9.466108,-16.207231,8.604858,-7.345897,0.996722,7.836643,9.813863,-2.415633,-2.022421,12.171930,7.220229,56.108672,-9.988047,-1.269380,15.133061,-61.779710,-28.315285,-7.387837,-6.582016,41.559065,-30.721580,-16.329845
78.000000,1.777023,18.379180,79.166704,-1.791917,1.949876,92.104233,-1.377113,4.122648,3.687092,5.963197,-7.593344,-2.507056,1.160469,-9.546631,-16.397075,8.585012,-7.441697,1.201003,8.395856,9.797978,-2.502403,-3.321816,12.465294,6.767995,55.518359,-9.990992,-1.359939,14.634737,-62.890743,-29.078759,-7.761947,-2.680319,41.848139,-30.500353,-15.425210
79.000000,1.760369,18.363506,79.161054,-1.774887,1.930624,92.463691,-1.540615,4.110163,3.534474,6.144875,-7.555267,-2.561818,1.256641,-9.613653,-16.688451,8.661158,-7.511146,1.075283,8.637835,9.778634,-2.421659,-4.316005,12.878742,6.417586,54.950013,-10.053325,-1.556480,13.937691,-62.960342,-30.333270,-7.653615,-1.399893,42.096556,-30.532441,-13.862468
80.000000,1.728462,18.350887,79.155618,-1.809950,1.909230,92.910095,-1.702668,4.052788,3.322334,6.198197,-7.502915,-2.579510,1.341295,-9.695229,-17.103533,8.709840,-7.631077,0.983523,8.439780,9.739587,-2.352324,-4.835122,13.198897,6.326868,54.448547,-10.046868,-1.504427,13.922432,-62.645006,-30.810977,-7.373379,-0.621301,42.915677,-30.395021,-12.950160
81.000000,1.685040,18.364641,79.152793,-1.891215,1.893716,93.056487,-1.740832,3.994281,3.198233,6.064896,-7.427745,-2.531794,1.312478,-9.779548,-17.352888,8.730429,-7.757138,1.065382,8.200235,9.700090,-2.386561,-4.811315,13.460628,6.380014,54.012870,-9.824772,-1.544996,13.807462,-62.417486,-31.061426,-7.184469,-0.013717,43.254543,-30.260976,-12.170797
82.000000,1.636765,18.381254,79.156750,-1.936294,1.897853,93.014738,-1.758365,3.939348,3.185032,6.046356,-7.399207,-2.553382,1.284156,-9.840201,-17.420980,8.697494,-7.763634,1.175017,8.098481,9.651681,-2.355181,-4.595859,13.772764,6.276597,53.806372,-9.635858,-2.134503,12.893903,-62.141403,-31.275426,-6.944425,0.149665,43.450464,-30.433732,-11.083372
83.000000,1.598268,18.409610,79.164785,-1.914878,1.912055,92.765496,-1.688233,3.934185,3.344596,6.129899,-7.469527,-2.502348,1.277656,-9.853212,-17.275237,8.659929,-7.697158,1.232887,8.107422,9.496514,-2.272765,-4.285845,14.333722,6.180746,54.208514,-9.167009,-1.818043,12.685082,-61.335953,-31.546615,-6.612145,0.391803,43.707463,-30.173081,-10.561190
84.000000,1.565417,18.448146,79.169995,-1.895635,1.888880,92.365304,-1.576649,3.933231,3.353331,6.121792,-7.597391,-2.335200,1.274501,-9.827821,-17.110365,8.554955,-7.812411,1.327355,8.101646,9.311505,-2.149565,-3.938268,15.027675,5.953109,54.822022,-9.050575,-1.661333,12.868324,-59.880890,-32.023520,-5.883627,0.828532,43.827538,-29.859876,-9.947425
85.000000,1.519344,18.484494,79.176903,-1.904469,1.893995,92.174683,-1.560316,3.933703,3.494485,6.242087,-7.664552,-2.108192,1.274496,-9.859703,-17.065644,8.500452,-7.827685,1.459177,7.895170,9.029459,-1.987117,-3.514769,15.513988,5.732268,55.464951,-9.045650,-1.276971,13.304660,-57.275770,-32.863483,-4.936007,1.278625,43.357802,-29.106619,-8.758544
86.000000,1.464449,18.517379,79.186422,-1.893047,1.868119,92.171098,-1.583754,3.931865,3.499290,6.386850,-7.742488,-1.975492,1.329412,-9.866405,-16.998338,8.472471,-7.754781,1.449005,7.571134,8.740707,-1.741395,-3.056846,15.872099,4.658629,56.230530,-9.278187,-1.345971,13.098804,-53.602887,-33.496241,-4.180922,1.848122,43.415138,-28.381152,-7.414555
87.000000,1.381777,18.564986,79.186028,-1.849625,1.831619,92.403764,-1.711979,3.867382,3.298508,6.702270,-7.820205,-1.876344,1.541927,-9.930985,-17.290895,8.405339,-7.791088,1.505206,7.107538,8.421475,-1.528814,-2.677308,15.928281,3.157490,57.921814,-9.068174,-1.231270,12.697962,-48.557072,-33.944548,-3.976849,3.536292,42.939279,-26.853464,-5.340180
88.000000,1.279094,18.563244,79.195982,-1.866121,1.767614,92.990363,-1.976974,3.770843,2.908741,6.927482,-7.826398,-1.858961,1.740781,-10.073666,-17.926586,8.384902,-7.876609,1.517135,6.704171,7.912454,-1.529457,-3.419897,15.885466,0.005018,62.194883,-8.021263,-1.165422,13.182123,-41.641539,-34.940984,-3.712600,6.438422,42.128737,-24.594241,-3.120063
89.000000,1.174741,18.598810,79.196781,-1.735037,1.681068,93.658328,-2.091537,3.661792,2.334933,7.184819,-7.953847,-1.613949,2.174173,-10.141291,-18.521928,8.384494,-8.182483,1.472168,6.779165,7.366467,-1.401895,-5.928205,15.259452,-4.327008,69.345333,-4.126538,-0.264923,15.035838,-33.892399,-36.369815,-1.925670,10.767739,40.790071,-22.798302,-1.225097
90.000000,1.000934,18.549077,79.192603,-1.631991,1.592198,94.869095,-2.625458,3.267793,0.984318,7.830187,-7.726385,-1.236334,2.739274,-10.334641,-19.622620,8.265702,-8.245912,1.448454,6.728038,6.710354,-1.204807,-10.185198,12.736205,-10.073423,76.962128,-0.564182,1.170707,15.695394,-26.195671,-37.015479,2.080818,16.378119,40.705117,-19.383884,3.099379
91.000000,0.842554,18.429804,79.171741,-1.558925,1.514065,96.046690,-3.213780,2.910308,-0.132244,8.405110,-7.683236,-1.108430,3.131194,-10.503321,-20.585630,8.308374,-8.333354,1.281461,6.695906,5.767883,-0.404753,-12.452606,10.241942,-19.558148,73.835356,1.580600,-0.304203,14.804035,-20.980070,-37.235159,9.791340,21.769534,38.576123,-14.598802,7.179543
92.000000,0.717668,18.194455,79.156470,-1.447332,1.512764,96.643607,-3.583679,2.574372,-0.894241,8.719770,-7.422552,-0.917574,3.222383,-10.771727,-21.224803,8.536424,-8.355148,1.076687,7.819437,4.532110,0.564524,-14.409064,9.178085,-27.392537,62.184672,0.929827,-4.087653,10.989534,-18.118108,-39.864013,21.055588,21.561589,31.092858,-12.611893,14.572058
93.000000,0.599058,17.915045,79.157090,-1.454771,1.535061,97.192228,-4.069212,2.200884,-1.636160,8.970175,-6.858550,-0.602271,3.181613,-11.043674,-21.891670,8.653729,-8.323054,0.991915,9.174626,3.253031,1.464632,-18.304847,8.744135,-32.454508,47.418947,-4.154732,-5.630120,6.311964,-18.121035,-42.776686,31.149870,14.248551,28.725614,-12.536989,22.884593
94.000000,0.484111,17.560074,79.173338,-1.483958,1.566061,97.606546,-4.571244,1.859292,-2.165527,9.114146,-6.369003,-0.453441,2.929787,-11.340234,-22.346463,8.874643,-8.172872,1.292092,9.824052,2.144233,2.186841,-24.190250,9.013885,-36.601003,33.301349,-7.541988,-7.839178,6.396645,-23.222621,-46.765858,38.189555,3.021120,27.600364,-14.316533,27.964087
95.000000,0.431463,17.244929,79.215086,-1.490696,1.450866,97.857603,-4.891590,1.766347,-2.614566,9.078740,-6.042049,-0.690423,2.757752,-11.353835,-22.732053,8.844969,-7.672226,1.413126,9.821030,1.303103,2.626067,-32.381975,10.906017,-40.438210,21.483358,-5.851492,-9.002519,9.312418,-32.333757,-50.275049,42.445046,-8.171522,31.019335,-15.577078,26.908811
96.000000,0.403416,16.890702,79.293925,-1.727861,1.268028,97.896407,-5.397029,1.889445,-2.623721,8.831907,-5.408196,-0.945057,2.185941,-11.176798,-22.637105,8.727917,-7.085634,1.654593,9.742470,0.347879,2.871473,-41.842582,13.158085,-42.465209,12.908515,-3.936617,-10.150336,13.231370,-42.706431,-51.650895,44.192523,-16.016502,37.490946,-17.026873,21.933348
97.000000,0.404504,16.551670,79.377931,-2.024526,1.095970,97.741134,-5.958059,1.998206,-2.671174,8.631693,-4.704114,-1.219138,1.583063,-10.987269,-22.572539,8.445506,-6.345282,1.923140,9.998385,-0.700030,3.273913,-51.783984,15.419733,-42.670698,7.741700,-2.707452,-10.674885,16.122583,-52.679302,-51.109011,43.593419,-19.647111,41.855580,-19.257058,15.540750
98.000000,0.444162,16.270952,79.450333,-2.282002,0.931091,97.485147,-6.386318,2.247208,-2.378821,8.444416,-4.230996,-1.565132,1.061947,-10.762889,-22.529849,8.113643,-5.686154,2.246253,10.403862,-1.803560,3.956308,-60.992339,17.627526,-41.263526,4.994598,-0.519328,-11.416227,17.924938,-62.132114,-48.932660,41.002934,-19.614466,40.075571,-22.569370,8.482348
99.000000,0.510802,16.029641,79.491919,-2.460581,0.719932,97.407092,-6.781443,2.529062,-2.316592,8.360078,-3.857882,-2.009212,0.638007,-10.341932,-22.073698,7.856998,-4.932553,2.270135,10.349500,-2.641277,4.802350,-68.798747,19.856801,-38.532376,4.757116,2.385378,-12.303152,19.419138,-71.063645,-44.978100,36.239590,-16.145853,32.338965,-24.816198,2.122943
100.000000,0.578210,15.769967,79.497850,-2.399087,0.528119,97.280828,-6.929710,2.842227,-2.169245,8.321620,-3.699985,-2.387129,0.414635,-10.019450,-21.894108,7.793668,-4.439395,2.306051,10.145082,-3.214030,6.388699,-75.081292,20.540626,-34.730866,8.650209,2.849233,-13.334169,22.439967,-79.339457,-38.448631,29.528967,-8.606254,21.675243,-24.965113,-5.923926
101.000000,0.643172,15.614496,79.479456,-2.256072,0.338070,97.222957,-6.994686,3.144957,-2.125865,8.467827,-3.719844,-2.750769,0.389847,-9.707256,-21.859206,7.798009,-4.377651,2.196430,9.667948,-3.702140,7.151135,-78.189957,19.822717,-29.316750,15.331893,-0.415910,-14.636151,27.603433,-84.191767,-28.995857,21.075274,0.307633,16.291707,-23.840403,-17.113951
102.000000,0.699985,15.456189,79.443532,-2.062643,0.197124,97.256088,-7.127972,3.317380,-2.274670,8.837399,-3.839680,-2.914246,0.423616,-9.466055,-21.840575,7.851146,-4.211656,2.017112,9.591694,-4.182840,7.981377,-80.435231,18.813117,-24.061744,25.366471,-1.656305,-13.216640,34.629834,-86.825454,-18.297868,11.559409,8.546137,14.817762,-23.330526,-29.027054
103.000000,0.732224,15.331414,79.409528,-1.818191,0.132701,97.431127,-7.175810,3.371804,-2.498958,9.177061,-3.989884,-2.838130,0.573929,-9.380782,-21.958739,8.002884,-4.387016,1.836469,9.903289,-4.710408,8.999954,-80.571473,17.891015,-21.801327,36.018719,-7.681831,-12.119084,37.504545,-87.348605,-8.996963,4.119509,15.066345,13.470194,-22.677563,-39.002054
104.000000,0.745944,15.200619,79.397297,-1.615487,0.022546,97.792519,-7.327856,3.394067,-2.927699,9.518908,-4.145754,-2.694000,0.658163,-9.296057,-22.076877,8.215373,-4.335176,1.333697,10.053067,-5.176646,10.087426,-78.135814,18.371390,-23.963538,44.910229,-14.123778,-10.557127,35.809971,-84.334805,-0.547403,2.654437,19.575382,17.978581,-23.586235,-44.018407
105.000000,0.682250,15.166394,79.391670,-1.518742,-0.055016,98.192033,-7.406096,3.384044,-3.050759,9.695836,-4.481638,-2.624385,0.933832,-9.375652,-22.718594,8.138865,-4.655521,1.443604,9.780665,-5.719981,10.900640,-72.230500,23.068564,-33.554049,47.878123,-10.091510,-7.995085,28.673694,-77.817431,5.218144,7.230793,23.793148,20.879922,-23.029096,-41.075019
106.000000,0.560812,15.203285,79.395592,-1.680867,-0.076341,98.385035,-7.493926,3.344426,-2.861366,9.567930,-4.750841,-2.564665,0.933278,-9.511270,-22.853844,7.969509,-4.534177,1.408876,9.523190,-6.359174,11.235566,-62.852992,30.099684,-45.733553,40.911334,-7.965770,-7.540181,21.347688,-68.199002,8.803286,16.986342,24.938281,26.774605,-21.442322,-33.656915
107.000000,0.375023,15.357132,79.406148,-1.980924,-0.109391,98.129141,-7.521321,3.388828,-2.325198,9.389564,-5.181144,-2.497331,0.663384,-9.620758,-22.473274,7.887260,-4.349000,1.634588,10.457708,-6.388899,11.637987,-53.222203,36.357356,-55.736020,30.465506,-10.559077,-7.316520,17.074286,-56.956695,7.966798,30.362660,20.394581,29.077898,-19.734150,-27.403127
108.000000,0.130654,15.497443,79.423952,-2.162722,-0.084481,97.883053,-7.540054,3.305782,-1.750507,9.457762,-5.601042,-2.418296,0.544148,-9.847848,-22.204533,7.790342,-4.319628,2.154662,12.174429,-6.233903,12.653509,-45.334496,42.720306,-62.856817,17.936282,-16.600858,-6.655217,13.028216,-46.912546,4.237042,41.594841,10.848383,34.282178,-18.361968,-21.473681
109.000000,-0.066525,15.583976,79.408193,-2.480306,-0.116745,97.602019,-7.827374,3.254350,-1.433261,9.638579,-5.826846,-2.190714,0.330179,-10.127909,-22.678513,7.680485,-4.496068,2.935340,13.835060,-6.060848,13.352860,-39.769436,49.727626,-67.670960,3.860546,-21.679278,-6.254664,11.357478,-40.877371,-1.525413,50.063542,-0.397526,41.982072,-17.489497,-16.357878
110.000000,-0.291511,15.539695,79.430449,-2.790214,-0.277351,98.169357,-8.331366,3.041608,-1.810985,9.607821,-5.697969,-2.296669,0.069575,-10.119940,-22.438635,7.540723,-3.791912,2.722219,14.739504,-5.820072,13.510486,-36.404167,55.556011,-70.756320,-10.434697,-31.454616,-6.919785,10.577803,-41.674911,-9.875216,56.311976,-12.143970,45.634406,-16.524007,-11.907604
111.000000,-0.459714,15.433985,79.475075,-3.196867,-0.450682,98.746080,-8.832741,2.757249,-2.511610,9.234052,-4.825918,-2.302166,-0.258316,-10.239631,-22.834752,7.369089,-3.330798,2.921148,15.376786,-5.717036,13.054544,-37.376250,59.914495,-73.161127,-25.193964,-37.530643,-9.526026,12.162893,-47.139001,-18.544303,60.907932,-23.838868,46.832059,-17.536856,-9.211522
112.000000,-0.581630,15.422735,79.680520,-4.145571,-0.579881,99.990680,-10.344046,1.834987,-4.873240,9.463108,-3.723791,1.048112,-1.017514,-10.590315,-23.678178,7.378067,-2.267233,1.408332,14.557350,-5.782951,12.116477,-43.421428,61.477112,-71.063064,-37.314597,-44.804996,-11.193903,10.634993,-55.117117,-24.168406,61.514405,-32.522571,44.993646,-17.371111,-15.573750
113.000000,-0.671905,15.336734,79.697841,-4.452593,-0.773121,100.922627,-10.871558,1.476434,-5.871893,9.274935,-3.212283,0.421590,-0.847814,-10.645919,-24.990090,6.923102,-2.277364,1.924406,14.779590,-6.025811,10.632285,-49.914343,58.286246,-67.710971,-42.550070,-48.084993,-14.126403,10.804499,-62.860157,-28.064250,59.667809,-37.267319,43.062034,-19.903007,-17.525659
114.000000,-0.722127,15.178117,79.712141,-4.665142,-1.009216,101.866881,-11.340069,1.239731,-6.835454,8.955680,-2.512585,-0.336981,-0.808753,-10.640542,-25.933475,6.657032,-2.004640,2.423127,15.011813,-5.998475,10.481101,-58.517099,52.144932,-60.851159,-39.541218,-48.814314,-16.101940,10.023990,-70.137293,-29.735741,53.405604,-36.531291,39.075079,-22.075600,-22.423675
115.000000,-0.731344,15.080702,79.697978,-4.505854,-1.098512,102.459849,-11.268344,1.152051,-7.291917,8.669744,-2.158739,-0.863276,-0.507419,-10.610152,-26.421033,6.575876,-2.168158,2.529663,14.771432,-6.042326,10.567925,-66.364447,45.196557,-52.618777,-28.291663,-42.977019,-16.532026,8.706650,-75.759823,-25.687862,43.465545,-27.981034,32.752721,-21.712610,-26.533840
116.000000,-0.701956,15.032059,79.671770,-4.130847,-1.009925,102.411392,-10.780952,1.126513,-7.477766,8.507462,-2.004345,-0.994461,-0.241434,-10.591858,-26.218378,6.837978,-2.322006,2.077413,14.246739,-6.118300,10.746843,-69.803973,39.078207,-44.295792,-14.484760,-39.326641,-15.699601,10.926155,-79.779410,-17.203631,32.619795,-15.947554,31.066893,-20.760626,-29.996388
117.000000,-0.666067,14.913055,79.630911,-3.577915,-0.686152,101.564011,-10.085264,1.251840,-6.623039,8.674671,-2.455445,-0.343336,-0.246602,-10.894515,-25.698645,7.639757,-2.707255,1.036545,13.846194,-6.092214,11.811674,-71.347685,33.452439,-35.046455,1.724964,-26.832405,-13.429000,16.893016,-83.778438,-6.807923,20.271438,-2.322491,29.062489,-20.578467,-29.322292
118.000000,-0.609095,14.813448,79.589105,-3.115892,-0.408717,100.444267,-9.540030,1.549830,-5.358534,9.024174,-3.119808,0.208823,-0.376101,-11.133091,-25.095624,8.324010,-3.579961,0.836828,13.879738,-6.132247,12.805797,-71.771423,30.918412,-30.425023,16.348982,-17.398186,-9.364086,27.483932,-85.005823,1.915551,12.384064,8.198227,31.730474,-22.077600,-34.011412
119.000000,-0.588198,14.746653,79.558265,-2.718331,-0.174840,99.321577,-9.125394,1.782827,-4.222290,9.558701,-3.783570,0.569565,-0.551524,-11.238701,-24.085580,8.839989,-4.029112,0.661819,13.550607,-6.476916,13.689238,-69.388944,31.131534,-30.213762,26.346290,-19.421016,-7.023427,27.145170,-83.411582,7.140439,12.187343,16.209770,36.493878,-21.607703,-32.693165
120.000000,-0.579763,14.758278,79.555857,-2.573948,-0.080182,98.227193,-8.883904,2.223131,-2.819294,9.892333,-4.718558,0.661307,-0.953972,-11.187998,-22.992107,9.200353,-4.092675,0.666763,12.663219,-7.025025,13.986748,-64.907629,36.828045,-35.913049,31.503715,-15.957349,-4.584927,19.753675,-79.120146,7.433059,20.171490,20.911087,36.171972,-18.077248,-25.572742
121.000000,-0.637795,14.830746,79.569870,-2.777555,0.051903,96.928103,-8.748108,2.559952,-1.296042,9.941475,-5.374786,0.956554,-1.595889,-11.182790,-21.887927,9.228670,-3.648978,1.123276,12.300455,-7.453400,13.789792,-57.748553,43.663815,-44.926027,28.192945,-15.710764,-4.582492,10.919018,-71.164451,4.927381,34.243160,16.656028,36.504127,-16.919825,-17.764663
122.000000,-0.771621,14.999749,79.601377,-3.079170,0.192871,95.796811,-8.538233,2.731180,0.047179,9.741378,-5.856117,1.161621,-2.049127,-11.312284,-21.213623,9.005280,-3.453274,2.015619,12.377407,-7.253219,13.617522,-49.286918,49.688202,-53.080624,18.487003,-22.604209,-3.817583,3.756221,-61.851516,0.548099,47.619392,7.071827,41.056441,-15.857970,-11.954218
123.000000,-0.939840,15.178080,79.642212,-3.375526,0.133656,95.116732,-8.565519,2.802662,0.288502,9.695395,-5.850371,1.651829,-2.370790,-11.176723,-20.524003,8.698235,-2.850643,2.653644,12.493362,-6.386747,12.942965,-42.385620,56.396244,-62.254654,4.021722,-34.642047,-3.181352,3.284087,-54.429634,-5.805758,58.359390,-3.233167,43.265628,-12.385624,-12.891863
124.000000,-1.093004,15.254638,79.655647,-3.347700,0.152549,94.434836,-8.447044,2.906440,0.935302,10.049485,-6.310832,1.878466,-2.553271,-11.175643,-19.882326,8.756203,-2.581831,2.626701,12.563415,-5.941625,13.245593,-37.434464,61.808001,-66.418050,-9.184537,-38.757171,-2.598621,2.161739,-51.892410,-12.526178,64.394498,-11.974292,46.394593,-10.317754,-7.304863
125.000000,-1.209300,15.281191,79.646128,-3.334099,0.182971,93.772850,-8.365917,2.974301,1.443409,10.326192,-6.648315,1.988788,-2.835411,-11.146312,-19.129978,8.890268,-2.502683,2.480364,12.943596,-5.771151,13.080635,-35.191351,65.603216,-68.105852,-21.830243,-43.189639,-2.899365,-0.330727,-52.800661,-18.610380,69.255714,-19.456533,47.762857,-10.281123,-4.840021
126.000000,-1.290269,15.308365,79.657686,-3.398963,0.221027,93.107662,-8.241684,3.112157,2.162766,10.345848,-7.044710,1.974348,-3.324588,-11.003656,-18.011784,9.152769,-2.262337,2.265975,13.438479,-5.730631,12.604551,-35.351102,67.298810,-67.651931,-33.459171,-47.607416,-4.937156,0.425418,-55.387261,-23.629489,72.901840,-26.476269,49.159351,-12.013653,-5.330172
127.000000,-1.320017,15.362942,79.684108,-3.401139,0.284313,92.617664,-7.912819,3.175637,2.700693,10.065874,-7.130282,1.855285,-3.503802,-10.947647,-17.456545,9.209493,-2.148957,2.378283,13.701407,-5.830591,11.637001,-37.152906,65.747374,-64.457206,-40.876141,-52.929704,-7.699029,1.538774,-57.741989,-26.019939,71.779612,-30.056975,49.065063,-13.026857,-5.000077
128.000000,-1.322296,15.378667,79.700196,-3.428006,0.307775,92.153648,-7.623953,3.334604,3.322369,9.694325,-7.217324,1.526653,-3.671876,-10.830324,-16.965170,9.178917,-2.158323,2.533956,13.574214,-5.665344,10.830996,-40.049921,61.544772,-57.961183,-43.710123,-57.587975,-9.839997,3.245925,-58.823966,-25.977074,66.284746,-30.053655,48.546256,-13.769446,-8.129032
129.000000,-1.339173,15.424734,79.660046,-3.236329,0.392240,91.612653,-7.202680,3.442153,3.954308,9.677731,-7.457777,1.294144,-3.634214,-10.816581,-16.500316,9.279854,-2.395971,2.751067,13.061441,-5.671381,10.123452,-42.718855,54.444517,-48.777871,-39.498280,-58.753806,-9.936865,4.336502,-57.481950,-22.736380,57.849298,-26.917600,47.450137,-13.618152,-11.760933
130.000000,-1.401401,15.514544,79.596281,-2.769036,0.444372,91.124186,-6.606141,3.474450,4.350602,9.979927,-7.913817,1.366422,-3.372642,-10.867976,-16.018078,9.651457,-2.817588,2.539074,11.709156,-5.439434,9.508350,-44.198496,45.413043,-39.310365,-29.553774,-57.651311,-10.470970,3.972508,-55.375776,-17.014532,47.609933,-20.816402,43.828952,-13.538050,-13.169704
131.000000,-1.482400,15.652606,79.467654,-2.073868,0.591135,90.469867,-5.892134,3.511200,5.141689,10.792085,-8.946789,1.510173,-2.996544,-11.098094,-15.595217,10.412207,-3.832491,2.710833,9.725974,-5.546390,9.276766,-43.985267,38.078691,-31.774791,-19.034113,-51.361650,-13.523640,7.861630,-52.251900,-10.609627,38.105014,-13.685092,40.921316,-14.863291,-15.466197
132.000000,-1.597883,15.831938,79.278821,-1.052938,0.639248,89.491637,-4.595578,3.863537,6.758287,11.612013,-11.258723,1.293926,-2.503307,-11.250665,-14.830473,11.564100,-5.382140,2.201656,6.922381,-5.601624,10.383561,-43.127706,31.982586,-23.552705,-8.810258,-26.245605,-12.377628,17.326223,-48.497591,-3.929804,29.317597,-6.484181,38.932044,-15.968484,-11.449015
133.000000,-1.772086,16.039528,79.110795,0.236411,0.694548,88.502962,-2.990304,3.913232,7.707991,12.339305,-12.800224,1.734629,-1.719938,-11.457905,-13.856732,12.812499,-6.624013,1.521329,3.754312,-5.782295,12.181490,-40.017832,27.894279,-18.244028,-1.668050,-7.163713,-8.493074,30.225827,-44.406297,-0.654393,23.468540,-0.861949,30.761331,-16.687600,-13.945001
134.000000,-1.994858,16.228335,78.915566,1.768512,0.752396,87.353714,-1.123697,3.879780,8.726124,13.128699,-14.123300,2.332315,-0.999325,-11.846376,-12.950810,14.416419,-8.506506,1.279070,0.146518,-6.035376,15.099446,-35.337418,22.659943,-14.544261,3.885211,-4.010061,-6.808831,34.918891,-39.729260,0.106495,20.954807,3.630946,24.429529,-16.023941,-13.161271
135.000000,-2.194256,16.341420,78.712261,3.236954,0.746518,85.868154,0.660813,3.936632,9.990486,13.999938,-15.593298,2.557424,-0.591554,-12.101234,-11.710483,16.174047,-9.717438,1.246916,-3.443938,-6.461063,18.280253,-31.051833,18.655938,-11.524528,10.568743,-3.608637,-5.487617,31.111180,-34.482924,-2.158809,21.746192,7.865940,18.577957,-14.357374,-7.457027
136.000000,-2.444471,16.403218,78.550178,4.074070,0.779427,84.098130,1.758296,3.942466,11.465255,14.718171,-16.684013,3.064904,-1.068856,-12.271365,-9.970495,17.745617,-10.697307,1.344416,-6.254344,-6.672362,20.409908,-27.528384,16.083953,-10.588526,19.987159,-6.712453,-4.113186,25.413312,-29.778675,-7.911213,24.533351,13.274890,9.038924,-13.233579,-2.985929
137.000000,-2.636550,16.339505,78.554267,4.046103,0.696879,82.048101,2.244332,4.118151,13.074865,14.482798,-16.826659,3.227243,-2.151826,-11.959630,-8.083955,18.138399,-10.187126,1.393658,-8.503178,-6.408037,22.121373,-25.137517,15.924347,-13.046603,29.673214,-6.964788,-2.296364,23.815335,-24.728288,-11.714670,26.726891,19.799260,9.161145,-12.397408,-5.431873
138.000000,-2.815931,16.204032,78.745824,3.097265,0.614858,80.161327,2.002004,4.392955,14.673531,13.396264,-16.319219,2.831136,-3.666708,-11.290048,-6.353756,17.189669,-8.423823,2.078317,-10.872192,-5.765279,23.253512,-22.836399,16.616320,-17.279144,37.735453,-5.409880,-2.742031,23.105225,-19.711825,-14.401765,26.103475,26.050452,12.563601,-12.360379,-11.210341
139.000000,-3.000186,16.043672,79.089105,1.263007,0.674227,78.463326,0.971921,4.498761,15.744054,11.518469,-14.191931,2.611781,-5.727406,-10.424060,-4.783964,15.326649,-5.692775,2.630081,-13.353813,-4.613406,23.538691,-19.694839,16.732983,-22.282338,43.493958,-6.516373,-3.985953,22.469803,-16.155532,-19.256320,25.134852,30.210203,10.202401,-12.448891,-14.426866
140.000000,-3.184394,15.914369,79.461783,-0.794187,0.933053,76.457836,0.000818,4.491327,17.033274,9.021666,-11.613377,2.473992,-7.917517,-9.530913,-3.072056,13.082184,-2.417348,3.493916,-15.902448,-3.577238,23.659519,-16.134411,16.749436,-26.330430,47.813568,-7.907765,-4.607631,23.348624,-13.265015,-23.293841,23.689668,33.325869,10.960335,-11.726279,-16.150075
141.000000,-3.256844,15.858084,79.803008,-2.757292,1.327181,74.406597,-0.759482,4.591314,18.817499,6.494596,-9.177828,1.811902,-9.791921,-8.535596,-1.274284,10.748055,1.148413,4.690253,-18.384472,-2.760009,23.584570,-12.388776,16.915964,-29.858121,51.017302,-9.458537,-5.117065,24.865044,-11.429601,-27.063084,23.709320,35.724461,13.890649,-11.120752,-15.854003
142.000000,-3.253658,15.857422,80.030626,-4.113166,1.798627,72.391921,-1.004968,4.495727,20.331448,4.456346,-7.147783,1.198152,-11.025284,-7.759092,0.144065,8.418213,3.848829,6.347572,-20.564472,-2.307413,23.871923,-8.600502,17.432284,-32.690026,53.315231,-11.368128,-5.919580,25.512367,-10.594253,-30.718011,25.829971,36.798255,14.348324,-10.510255,-14.013859
143.000000,-3.233690,15.800840,80.148208,-5.478826,2.430780,70.369978,-1.535809,4.406190,21.932258,2.814562,-5.554494,0.935076,-12.482653,-7.103565,1.527951,6.641079,6.089489,7.718431,-21.966215,-1.572899,24.472044,-5.599738,17.607268,-33.725394,54.838636,-12.219557,-5.534457,25.843324,-10.466713,-33.794362,28.272817,37.429109,14.651545,-9.895105,-11.903162
144.000000,-3.231648,15.706243,80.161065,-6.358369,3.035000,68.662237,-1.956541,4.235943,23.130120,1.843939,-4.540637,1.082327,-13.610176,-6.532505,3.183662,5.359714,7.962646,8.449134,-22.587349,-0.963091,25.935231,-3.718541,17.338112,-32.294302,55.968879,-13.218282,-5.444401,26.139786,-10.182676,-35.090507,28.923003,38.214003,14.996853,-9.315037,-10.362897
145.000000,-3.276955,15.602033,80.109864,-6.763508,3.562686,67.527804,-2.290703,3.957672,23.934482,1.503225,-4.165723,1.570114,-14.470876,-6.402821,4.306220,4.849801,8.864540,8.587219,-22.948843,-0.543733,28.313253,-2.946984,17.636033,-31.091055,56.806502,-13.217797,-5.159554,24.335370,-10.119180,-35.156165,28.838763,39.254767,15.455094,-9.113223,-9.303008
146.000000,-3.354826,15.377071,79.994440,-7.897176,4.612788,67.149326,-4.185896,3.478504,24.357798,1.823949,-4.152743,2.309160,-16.735020,-6.735075,5.075872,5.236514,8.908067,8.156357,-23.208708,-0.149024,29.201207,-1.651095,18.478109,-30.118757,57.209712,-13.477863,-5.124124,21.848262,-9.410851,-34.448629,29.657265,40.825420,16.172018,-8.713538,-8.829824
147.000000,-3.499022,15.144263,79.845268,-9.259482,5.778987,67.266129,-6.540571,2.907433,24.693234,2.311416,-4.451875,2.875399,-19.423677,-7.306142,5.510355,6.061014,8.776804,7.301325,-23.698975,0.087564,29.793733,-0.166383,19.724704,-29.412635,56.595374,-12.798579,-5.090859,20.127370,-9.229327,-33.311171,31.253986,42.865714,16.754603,-8.875569,-9.131391
148.000000,-3.645600,14.832088,79.697084,-10.693108,7.079534,67.445968,-9.039335,2.298000,25.011149,2.722287,-4.601821,3.527127,-22.303429,-7.842517,6.342801,6.942308,8.746704,6.473675,-23.812802,0.289795,29.793804,1.362960,21.045193,-29.129760,55.184681,-11.602109,-5.443844,19.767334,-9.135563,-32.005163,33.244856,45.009082,17.262523,-9.301676,-10.376870
149.000000,-3.833015,14.436169,79.510689,-12.268227,8.459990,67.356831,-11.802784,1.826621,25.662598,3.309781,-4.802324,4.016512,-25.520105,-8.336593,6.925645,7.729823,8.637837,6.014673,-23.699115,0.217643,29.793804,3.004165,22.556346,-28.878545,53.286814,-10.973330,-5.936873,20.379533,-9.142647,-30.717502,35.030773,46.205697,17.694213,-9.877039,-12.208551
150.000000,-4.002577,14.142646,79.279977,-13.848473,9.846070,67.058487,-14.300129,1.455464,26.843460,3.724016,-5.349098,4.258541,-28.543209,-8.668071,7.696167,8.204669,8.532342,5.790418,-23.037919,0.297857,29.793804,4.399289,24.149865,-29.571328,51.131503,-10.068406,-6.481635,20.545580,-8.654622,-29.618924,36.122818,46.250465,17.869780,-10.737018,-14.230685
151.000000,-4.150442,13.868737,79.130578,-15.284899,11.027414,66.789764,-16.411898,1.173637,27.586646,3.689153,-5.208645,4.392958,-31.139065,-8.808748,8.380642,8.368402,8.807377,5.635930,-22.149305,0.383481,29.793804,5.264914,26.026846,-30.466387,49.238106,-8.374567,-7.102347,20.318863,-8.111904,-28.588542,37.538747,46.163978,18.213084,-12.019417,-15.964633
152.000000,-4.272854,13.679592,79.023677,-16.481548,11.923978,66.759767,-18.155799,0.891626,27.807114,3.672274,-5.083434,4.610574,-33.289621,-8.906234,8.863069,8.702464,9.316526,5.473226,-21.433900,0.627301,29.793804,6.140133,27.214947,-30.425559,47.691611,-7.751384,-7.302900,19.932365,-7.419075,-27.892375,38.751000,45.943773,18.592757,-12.104370,-16.071263
153.000000,-4.332538,13.569120,78.904712,-17.513507,12.500270,67.043335,-19.654178,0.796406,28.036508,3.860496,-5.030886,4.825722,-34.893760,-8.999742,9.074240,9.023015,9.303849,5.283286,-21.143768,1.097583,29.793804,7.271359,27.650605,-30.341947,46.346389,-8.979345,-7.821929,20.726243,-6.742763,-27.622953,39.733649,45.057173,18.741149,-12.022005,-15.535344
154.000000,-4.310274,13.535063,78.832006,-18.345053,12.817159,67.528674,-20.767953,0.768147,27.925937,3.966261,-5.003101,4.707240,-35.906410,-9.074717,9.152168,9.230032,9.290648,4.960359,-21.346938,1.549406,29.793804,8.178595,27.881939,-30.435719,45.201707,-8.831762,-8.019933,20.743742,-6.255708,-27.212560,40.182826,44.520966,18.715593,-12.183160,-15.138503
155.000000,-4.233778,13.539872,78.823769,-18.864087,13.044189,67.667413,-21.355865,0.794342,27.898118,3.927147,-4.934196,4.687402,-36.554281,-9.049936,9.085921,9.316964,9.453453,4.930518,-21.120461,1.835929,29.793804,8.489381,28.058938,-30.349054,44.648783,-8.555623,-8.321737,20.536728,-5.824849,-26.713471,40.015831,44.359347,18.997481,-12.441487,-15.579440
156.000000,-4.136987,13.611695,78.826922,-18.961431,13.207583,67.322825,-21.329458,0.830656,27.999438,3.797766,-4.672648,4.974857,-36.767462,-8.804146,9.369234,9.332843,9.565027,4.900135,-20.592827,1.820352,29.793804,8.660262,27.961650,-30.179392,44.720059,-9.324600,-8.336168,20.400629,-5.597953,-26.442324,40.189345,44.349026,19.213049,-12.478256,-16.324364
157.000000,-4.020715,13.659854,78.833145,-19.010756,13.234217,67.243652,-21.332310,0.959989,28.094289,3.872579,-4.773284,4.891421,-36.750851,-8.685748,9.413438,9.297767,9.515037,4.915470,-20.462016,1.746057,29.793804,8.844963,27.660571,-29.648584,44.854341,-10.674996,-8.445221,20.625687,-5.621183,-26.227926,40.382066,44.091525,18.858644,-12.415779,-16.490855
158.000000,-3.880122,13.727902,78.841507,-19.054952,13.201758,67.355077,-21.276808,1.065757,28.169374,3.878274,-4.828524,4.812625,-36.676043,-8.621068,9.385770,9.387187,9.362497,4.841427,-20.554288,1.776124,29.793804,8.852791,27.559832,-29.386141,44.908405,-10.995486,-8.574859,20.796685,-5.846764,-26.130654,40.395320,43.793592,18.568441,-12.447648,-16.270960
159.000000,-3.748575,13.788494,78.858078,-18.973448,13.078617,67.530635,-21.139089,1.168748,28.031810,3.995381,-4.941045,4.739450,-36.476127,-8.605767,9.254163,9.588202,9.008110,4.684717,-20.690433,1.754783,29.793804,8.707687,27.765899,-29.406464,44.821132,-10.230070,-8.549371,20.834041,-5.922836,-26.076901,40.276567,43.532761,18.637488,-12.546964,-16.164302
160.000000,-3.622451,13.836083,78.882468,-18.884272,12.932024,67.725699,-21.004700,1.240781,27.758548,4.122786,-4.800414,4.745616,-36.270234,-8.598506,9.047762,9.815309,8.684983,4.517779,-20.731786,1.856257,29.793804,8.513564,27.782325,-29.394908,44.708267,-10.195739,-8.611241,20.610400,-6.081268,-26.182420,40.020394,43.400904,18.772297,-12.504440,-15.975176
161.000000,-3.527369,13.867107,78.890586,-18.849104,12.850567,67.870873,-20.941271,1.301487,27.636658,4.175984,-4.777232,4.767645,-36.172153,-8.650352,8.770052,9.968176,8.324320,4.367701,-20.594742,2.034194,29.793804,8.294368,27.447431,-29.056386,44.487293,-11.068620,-8.754933,21.076217,-6.311182,-26.440280,39.658479,43.272558,18.806106,-12.517230,-16.316344
162.000000,-3.451713,13.892588,78.897470,-18.818746,12.775836,68.008530,-20.843415,1.374845,27.681078,4.180502,-4.983411,4.588207,-36.079252,-8.700959,8.504016,10.108134,8.006661,4.415763,-20.555290,2.158776,29.793804,7.987099,27.399393,-29.020453,44.390830,-10.863960,-8.678794,21.325118,-6.618072,-26.649696,39.297026,43.310455,18.677499,-12.413797,-16.405361
163.000000,-3.400538,13.898402,78.901315,-18.802470,12.735511,68.085265,-20.823268,1.430247,27.633274,4.225546,-4.901773,4.557829,-36.047481,-8.696181,8.414360,10.218316,7.962988,4.250568,-20.466903,2.233659,29.793804,7.951273,27.304385,-29.134609,44.129941,-10.933617,-8.782688,21.442566,-6.852287,-26.857330,38.975221,43.129093,18.574819,-12.551571,-16.941313
164.000000,-3.347290,13.891201,78.902709,-18.835354,12.708979,68.161874,-20.825511,1.456344,27.554776,4.158527,-4.906208,4.426021,-36.046750,-8.641097,8.422016,10.257593,7.839326,4.217223,-20.478073,2.164398,29.793804,7.910202,27.306787,-29.200175,44.023182,-11.076304,-8.846223,21.702930,-7.148442,-26.925208,38.878038,42.808993,18.598356,-12.635847,-17.302034
165.000000,-3.306567,13.894589,78.900957,-18.878695,12.716652,68.200269,-20.852136,1.478793,27.527093,4.124125,-4.857123,4.420218,-36.108604,-8.646832,8.318248,10.350972,7.685817,4.103554,-20.453531,2.155519,29.793804,7.843976,27.219120,-29.223361,44.044208,-11.181531,-8.868155,21.455310,-7.516464,-27.023466,38.715565,42.773862,18.472965,-12.669758,-17.342221
166.000000,-3.283120,13.882598,78.897130,-18.835450,12.697107,68.227677,-20.854325,1.488264,27.406848,4.237883,-4.792702,4.447108,-36.108277,-8.664265,8.252510,10.477679,7.575067,4.040168,-20.452957,2.136546,29.793804,7.767003,27.103960,-29.408742,44.162220,-11.354083,-8.995119,21.557614,-7.735269,-27.137779,38.613955,42.653128,18.683407,-12.807047,-17.651960
167.000000,-3.266349,13.863157,78.896022,-18.778094,12.654922,68.294051,-20.839337,1.533933,27.423939,4.330792,-4.901783,4.401597,-36.033653,-8.655751,8.263669,10.522874,7.533753,4.003562,-20.461855,2.166648,29.793804,7.582030,27.023903,-29.555465,44.198031,-11.573411,-9.012788,21.612008,-7.838611,-27.291520,38.522909,42.507126,18.917811,-12.910987,-17.651466
168.000000,-3.256216,13.849942,78.897774,-18.747844,12.617750,68.305980,-20.786887,1.570934,27.470640,4.306293,-4.941111,4.409911,-36.000701,-8.658563,8.197367,10.535246,7.553463,3.932754,-20.477525,2.184087,29.793804,7.471534,26.916869,-29.548952,44.191587,-11.666312,-8.947623,21.650627,-7.942272,-27.437498,38.511748,42.343386,18.742063,-12.911880,-17.733567
169.000000,-3.256244,13.818040,78.905725,-18.703251,12.611287,68.225463,-20.748578,1.591580,27.455677,4.292569,-4.885574,4.387658,-35.990425,-8.597128,8.245886,10.536858,7.597324,3.961618,-20.466899,2.115840,29.793804,7.381305,26.836115,-29.506192,44.134989,-11.741238,-8.746158,21.537704,-8.060473,-27.527988,38.681916,42.237548,18.546858,-12.668827,-17.658025
170.000000,-3.264185,13.785994,78.906828,-18.653476,12.613259,68.140100,-20.705850,1.611768,27.482951,4.288853,-4.849815,4.387336,-35.967814,-8.550116,8.305531,10.483583,7.646465,3.992538,-20.501212,2.088548,29.793804,7.325023,26.773602,-29.419585,44.030056,-12.064012,-8.930314,21.677257,-8.162147,-27.573417,38.743732,42.193074,18.763544,-12.570855,-17.682841
171.000000,-3.290005,13.745365,78.901428,-18.605278,12.624825,68.076354,-20.682889,1.607246,27.585773,4.291281,-4.894409,4.401685,-35.966547,-8.535822,8.374404,10.451317,7.756297,4.000771,-20.580306,2.060817,29.793804,7.310818,26.760237,-29.419585,43.867696,-12.257763,-9.259543,21.708305,-8.269433,-27.599253,38.822447,42.196752,18.856233,-12.618158,-17.675044
172.000000,-3.322340,13.711534,78.898370,-18.551376,12.627731,68.036005,-20.688156,1.581635,27.549525,4.326410,-4.837692,4.445304,-35.951018,-8.558599,8.392839,10.413342,7.851153,3.988607,-20.703876,2.076645,29.793804,7.308757,26.842766,-29.511410,43.745183,-12.191608,-9.333021,21.533537,-8.365260,-27.549046,38.789611,42.247701,18.842887,-12.731967,-17.694971
173.000000,-3.362929,13.652071,78.888488,-18.515732,12.670275,68.026230,-20.734745,1.551607,27.623384,4.387705,-5.012785,4.423207,-36.034265,-8.603398,8.453038,10.496843,7.923836,4.002321,-20.820204,2.031757,29.793804,7.221327,26.919825,-29.487323,43.735163,-12.273488,-9.179413,21.672397,-8.415004,-27.426758,38.747622,42.189788,18.737755,-12.733646,-17.811694
174.000000,-3.403626,13.591838,78.867865,-18.470048,12.747200,67.927720,-20.847798,1.542670,27.710504,4.584128,-5.056706,4.441536,-36.159520,-8.641501,8.507914,10.561854,7.777923,3.936757,-20.775304,2.012702,29.793804,7.053900,27.037125,-29.469083,43.572628,-12.300218,-9.060550,21.246051,-8.425614,-27.381134,38.832019,42.218991,18.789657,-12.692909,-17.702443
175.000000,-3.445318,13.543026,78.858668,-18.422963,12.779583,67.906078,-20.898309,1.501211,27.741942,4.666137,-5.029887,4.525288,-36.203571,-8.675020,8.592679,10.588923,7.811248,3.909181,-20.733116,2.065313,29.793804,6.811644,27.060796,-29.441920,43.297068,-12.567956,-9.140467,21.286693,-8.455720,-27.380818,38.993885,42.194897,18.823849,-12.665844,-17.660108
176.000000,-3.479956,13.494758,78.857535,-18.331645,12.742143,67.942863,-20.843369,1.486551,27.771428,4.671409,-5.067002,4.506628,-36.109325,-8.745495,8.504728,10.577064,7.669776,3.889002,-20.766236,2.094587,29.793804,6.467154,26.913814,-29.400392,43.068373,-12.954054,-9.171167,21.752722,-8.541159,-27.344761,39.172443,42.219735,18.811673,-12.687978,-17.656138
177.000000,-3.510186,13.460946,78.855717,-18.211053,12.708038,68.033723,-20.752253,1.442987,27.846119,4.689918,-5.232551,4.403053,-35.972004,-8.857997,8.397751,10.611032,7.667156,3.931825,-20.877508,2.066177,29.793804,5.879704,26.951477,-29.715220,42.805058,-13.176407,-9.231159,21.945936,-8.770601,-27.227002,39.233214,42.316229,18.898966,-12.809676,-17.785958
178.000000,-3.499082,13.471870,78.872943,-17.890286,12.507824,68.155704,-20.354677,1.438985,27.795066,4.708895,-5.429073,4.221700,-35.498515,-8.938879,8.187166,10.700279,7.702830,3.845571,-21.029790,2.081980,29.793804,4.674862,27.089640,-30.505261,42.745486,-13.196653,-9.154393,21.400004,-9.161842,-27.072848,39.338461,42.717519,18.998752,-12.635705,-17.677173
179.000000,-3.445402,13.530350,78.935075,-17.301471,12.075090,68.076541,-19.516051,1.547892,27.399311,4.633054,-5.087413,4.312779,-34.606328,-8.845216,7.861914,10.744641,7.344717,3.838247,-20.925548,1.989768,29.793804,2.772281,27.362064,-30.980526,43.035844,-12.121130,-8.010109,20.154620,-9.722150,-26.812471,39.635502,43.137740,18.872499,-12.230052,-17.158501
180.000000,-3.358726,13.592950,78.997660,-16.453644,11.322508,68.485161,-18.420564,1.778175,26.991618,4.773973,-5.429617,4.048383,-33.186957,-8.934433,7.039143,10.965617,6.779865,3.577029,-21.258692,1.818342,29.793804,0.259592,27.491308,-30.984258,43.754588,-11.341114,-6.902311,19.198169,-10.758705,-26.459557,39.844250,43.777199,18.267428,-11.819840,-16.173782
181.000000,-3.222582,13.736945,79.092538,-15.308253,10.364355,68.970631,-16.813865,2.073256,26.488823,4.839970,-5.889083,3.770363,-31.197774,-8.981613,6.109701,11.118493,6.091642,3.414066,-21.661293,1.598776,29.793804,-2.709594,27.324949,-30.570291,44.699220,-11.309367,-6.017036,18.775860,-12.375927,-26.096348,40.011682,44.498969,17.110343,-11.304739,-14.993030
182.000000,-3.078157,13.964908,79.202408,-13.855777,9.096593,69.713106,-14.834826,2.431617,25.546420,4.984524,-6.162492,3.287703,-28.571634,-9.092087,4.671795,11.228878,5.059108,3.507947,-22.117949,1.616047,29.793804,-6.147233,26.826582,-30.000742,46.026340,-10.253744,-5.322916,19.042506,-14.079363,-25.973032,39.349054,44.965502,15.293931,-10.878011,-13.385625
183.000000,-2.808357,14.265797,79.333770,-12.026928,7.710057,70.392230,-12.304920,2.906604,24.444614,5.085497,-6.431849,3.015033,-25.430493,-8.975327,3.398055,11.395943,4.095988,3.433475,-22.031678,1.332168,29.793804,-9.893096,26.424103,-28.798164,46.909753,-8.710980,-5.068293,18.343407,-15.600507,-25.924883,38.111093,44.871146,13.223597,-10.496062,-11.783654
184.000000,-2.511795,14.663717,79.446363,-9.998508,6.119798,71.448235,-9.536584,3.487207,23.106323,5.300595,-6.949244,2.728073,-21.752059,-8.848973,1.692630,11.387965,3.075118,3.276047,-22.011505,1.247326,29.793804,-13.563081,26.051605,-27.753178,47.268058,-7.684111,-5.767260,18.530575,-17.248731,-26.205190,36.498998,44.286834,11.093299,-10.484531,-10.427726
185.000000,-2.157928,15.135989,79.546428,-7.670650,4.541490,72.625927,-6.397194,4.128154,21.893065,5.489365,-7.686893,2.399791,-17.629362,-8.581027,0.285898,11.449562,1.930926,3.037840,-21.655723,0.927600,29.793804,-17.078055,25.631299,-26.672029,46.841997,-7.018037,-5.976970,18.006146,-18.894241,-26.504971,34.815738,43.334706,9.323491,-10.284192,-8.678596
186.000000,-1.793699,15.670572,79.600394,-5.527659,3.158315,73.975394,-3.412840,4.726841,20.615003,5.449101,-8.452309,2.071570,-13.592203,-8.429501,-1.539052,11.177148,0.596577,2.867119,-21.038103,0.678778,28.737556,-20.079291,25.291313,-25.716968,45.644877,-6.415688,-6.476758,17.236447,-20.432164,-27.454586,33.215497,42.070980,6.685062,-10.130914,-6.834154
187.000000,-1.457695,16.222905,79.630429,-4.114424,2.225338,75.322246,-1.427176,5.131408,19.202148,5.464443,-8.583617,1.902055,-10.609283,-8.336968,-3.188808,11.006598,-0.536542,2.689609,-19.961554,0.739281,26.392807,-21.909522,24.962424,-25.360772,43.406757,-6.233425,-7.389520,16.228246,-20.621453,-28.558658,31.014205,40.327278,4.512370,-10.266922,-5.537755
188.000000,-1.148212,16.814806,79.617530,-3.711995,1.840874,76.714040,-0.619997,5.321195,18.122799,5.337087,-9.002077,1.554857,-8.830797,-8.419358,-4.652950,10.643696,-1.407958,2.615320,-18.451734,0.810259,22.353333,-22.712472,24.592014,-25.585933,40.664214,-6.197802,-7.866623,15.799389,-19.286439,-29.424697,28.834439,38.339232,3.622474,-10.355407,-5.380472
189.000000,-0.881803,17.399254,79.575694,-3.665802,1.673127,77.902915,-0.211917,5.400434,17.173288,5.145945,-9.408244,1.150915,-7.606231,-8.545571,-5.803324,10.284603,-2.488784,2.707302,-16.508661,0.790217,17.976815,-22.744130,24.311334,-25.940729,37.394599,-5.863209,-7.815009,14.951844,-17.447839,-30.132626,26.792232,36.404536,3.732502,-10.263993,-4.727288
190.000000,-0.669662,17.924337,79.531550,-3.752728,1.601225,78.844472,-0.071329,5.419727,16.311731,5.161378,-9.693585,0.929221,-6.826549,-8.672236,-6.774571,10.147731,-3.285703,2.833766,-14.397516,0.567825,13.680164,-22.212585,23.880402,-25.976922,34.015947,-6.033203,-8.529180,14.520975,-15.884291,-30.937789,25.304056,34.943808,2.834962,-10.502714,-3.250432
191.000000,-0.513130,18.400545,79.495436,-3.916326,1.590825,79.731268,-0.083681,5.381702,15.617403,5.183947,-10.137025,0.758102,-6.252605,-8.831709,-7.602941,10.131898,-3.749998,2.681245,-12.340851,0.200356,9.506011,-21.501094,23.521527,-25.708069,31.128604,-6.125896,-9.234612,13.330532,-14.636745,-31.708170,24.156120,34.067857,1.302173,-10.664220,-0.925716
192.000000,-0.396925,18.841878,79.440117,-4.034194,1.621429,80.400843,-0.102154,5.293273,14.865587,5.302619,-10.425263,0.620379,-5.741552,-8.990787,-8.097532,10.060524,-4.351913,2.755678,-10.248748,-0.347491,5.721568,-20.665490,23.468363,-25.133255,28.620958,-6.433126,-9.498482,12.004256,-13.292442,-32.127994,22.446078,33.352036,-0.717795,-10.552498,1.710613
193.000000,-0.316198,19.309652,79.351330,-4.127631,1.678010,81.065483,-0.089367,5.055585,13.831854,5.438085,-10.322468,0.638823,-5.171054,-9.094434,-8.257733,9.948100,-4.728796,3.200357,-8.219167,-0.767734,2.160697,-19.521270,23.209519,-24.998161,26.628222,-8.567820,-9.365726,12.121835,-11.354633,-32.237653,20.267949,32.586648,-1.915016,-10.003722,2.497131
194.000000,-0.279510,19.670723,79.282492,-4.304623,1.674017,81.772424,-0.095741,4.976732,13.392637,5.381979,-10.812045,0.582273,-4.797922,-9.256394,-8.820920,9.926168,-5.216365,3.116931,-6.469537,-1.239670,-0.388245,-18.015399,22.265235,-22.847587,25.827312,-8.207201,-8.999538,12.162149,-9.392515,-31.012815,16.385093,32.592939,-2.861025,-10.251083,2.026694
195.000000,-0.249867,19.942547,79.225171,-4.388808,1.630755,82.447431,-0.222916,4.943558,12.876413,5.613425,-11.138982,0.533726,-4.474048,-9.379948,-9.420445,10.034192,-5.673800,2.897763,-5.152489,-1.688987,-2.397584,-16.171260,21.072636,-20.221356,26.496199,-7.244205,-8.678147,12.176422,-8.010957,-28.793977,12.852424,33.940364,-2.321175,-10.228857,0.463801
196.000000,-0.239917,20.131183,79.173249,-4.324662,1.577103,83.064268,-0.312782,4.892799,12.276971,5.960041,-11.518695,0.628476,-4.056914,-9.572292,-10.123163,10.187932,-6.228994,2.646793,-4.116561,-2.149778,-3.722753,-14.233616,19.822939,-17.173730,28.654413,-5.520182,-8.250552,11.692011,-7.412768,-26.572897,10.474762,36.292599,-2.115506,-9.869125,-0.865320
197.000000,-0.232292,20.288864,79.125637,-4.167666,1.541176,83.487187,-0.267659,4.846809,11.867865,6.307342,-11.877695,0.662651,-3.663325,-9.730227,-10.627067,10.361207,-6.813810,2.566651,-3.074145,-2.537594,-4.497116,-12.305360,18.169399,-14.094707,32.197870,-4.543234,-7.029922,11.543458,-7.257579,-24.650615,9.316022,38.987734,-1.698807,-9.568751,-1.823186
198.000000,-0.238800,20.392922,79.080015,-4.012068,1.543754,83.864201,-0.220114,4.777031,11.559351,6.562842,-12.109808,0.598373,-3.264092,-9.842614,-10.953802,10.389198,-7.198851,2.551176,-2.233627,-2.856660,-5.051604,-10.733358,17.089126,-11.580077,37.929891,-2.327274,-6.444865,10.990272,-7.238636,-23.050461,9.389575,41.831695,-2.212524,-9.686752,-1.755360
199.000000,-0.243834,20.454256,79.053962,-3.905015,1.563929,84.207672,-0.232140,4.695121,11.308240,6.777216,-12.326445,0.597453,-2.976656,-9.987880,-11.271924,10.419587,-7.457504,2.593380,-1.715970,-3.063119,-5.684533,-9.372655,16.095138,-9.711732,45.618068,-0.164032,-5.167288,11.402120,-7.273474,-21.940670,10.949840,44.740533,-3.109701,-9.839861,-0.533365
200.000000,-0.243263,20.451730,79.033405,-3.937261,1.574270,84.558679,-0.341369,4.617505,10.979125,6.743193,-12.326303,0.529117,-2.965237,-10.063439,-11.457559,10.532163,-7.672570,2.704504,-1.735306,-3.044050,-6.335873,-9.212490,15.351345,-7.509386,56.609062,3.664371,-4.276900,11.742125,-7.732403,-21.016287,13.585150,48.097403,-3.118694,-10.568567,2.248088
201.000000,-0.242325,20.492588,78.999650,-3.864343,1.593507,84.669679,-0.277776,4.559295,10.809499,6.798394,-12.369249,0.580390,-2.891445,-10.131230,-11.528653,10.706059,-8.044327,2.826839,-1.706425,-2.841476,-6.870349,-9.065405,15.034428,-5.241990,67.816163,7.016200,-2.200795,12.765682,-7.824661,-20.452938,15.462126,50.808111,-3.181531,-10.967665,5.757157
202.000000,-0.217453,20.531754,78.976458,-3.824078,1.633017,84.706795,-0.234958,4.541193,10.837331,6.857132,-12.551781,0.460455,-2.817081,-10.196747,-11.609057,10.761650,-8.355922,2.987093,-1.814289,-2.536759,-7.185563,-8.551175,15.048560,-1.927576,77.611146,8.857108,0.206794,14.590537,-7.599917,-19.702389,15.371453,53.040794,-3.286242,-11.039280,7.559043
203.000000,-0.184828,20.575033,78.951967,-3.771693,1.710441,84.385492,-0.050480,4.510895,11.046319,6.879545,-12.543267,0.531404,-2.823464,-10.133350,-11.187087,10.751786,-8.378410,3.127776,-1.617184,-2.151080,-7.348688,-6.829663,15.279014,1.852020,83.721208,9.025393,1.870502,15.242923,-6.994365,-18.750625,13.945800,55.062024,-2.442846,-10.735596,6.747604
204.000000,-0.150366,20.596236,78.943670,-3.621960,1.676013,84.176881,0.236090,4.576217,11.102902,6.799736,-12.622919,0.447688,-2.607584,-10.122559,-11.292849,10.625088,-8.727578,3.370978,-1.680860,-1.617701,-7.142299,-4.847174,15.497628,5.673994,87.362559,7.467681,0.546311,13.132781,-6.513620,-17.669822,11.059531,57.249676,-0.056822,-11.031392,6.692736
205.000000,-0.112236,20.574908,78.929114,-3.554349,1.681827,84.236167,0.225315,4.594124,11.124797,6.963416,-12.708183,0.402590,-2.491133,-10.068791,-11.273088,10.594325,-8.583649,3.286761,-1.771528,-1.124059,-7.189945,-3.418243,15.506659,9.841208,89.541861,2.726502,-1.282899,10.731216,-5.836173,-16.125744,5.845165,59.737736,5.317412,-10.930818,4.610439
206.000000,-0.061864,20.583907,78.920382,-3.565734,1.641933,84.619451,0.036166,4.657348,10.916834,7.167454,-12.858237,0.231562,-2.304354,-10.055731,-11.571076,10.501377,-8.670218,3.279544,-1.763694,-0.743264,-7.404720,-3.255618,15.711091,13.790236,90.643017,-2.278554,-1.726448,11.190021,-5.170251,-15.088320,0.884588,61.701941,10.005333,-10.886325,0.417385
207.000000,-0.024622,20.550066,78.911722,-3.502473,1.659058,84.911517,-0.095323,4.631560,10.662949,7.393126,-12.873304,0.243970,-2.226173,-10.042869,-11.581974,10.584941,-8.440232,3.182708,-1.376434,-0.690281,-7.587409,-3.916292,15.586784,15.736102,90.267937,-5.765669,-1.633659,13.183117,-4.501044,-14.780362,-1.677610,62.551672,11.846447,-11.207492,-3.015625
208.000000,0.018606,20.497516,78.899473,-3.371349,1.666991,85.121508,-0.116502,4.635443,10.523623,7.538830,-12.924816,0.089751,-2.117155,-10.067942,-11.721180,10.727096,-8.622637,2.989924,-0.814398,-0.824593,-7.614299,-5.096636,14.767446,16.297156,87.958910,-8.251555,-2.827613,13.843183,-3.810694,-14.808185,-2.276292,62.735540,11.656942,-11.745509,-4.176544
209.000000,0.051081,20.547156,78.869963,-3.058703,1.651728,85.667844,0.104846,4.559726,10.071372,7.667074,-13.273234,0.088917,-1.510122,-10.171501,-12.167474,10.753963,-8.606464,2.623510,-0.656332,-0.992887,-7.559683,-6.484459,13.473659,16.584143,84.138580,-11.703885,-3.479569,14.200637,-3.147975,-14.877158,-2.472204,62.813780,12.266899,-11.691196,-3.609463
210.000000,0.105771,20.531113,78.846276,-2.702088,1.627530,85.879971,0.353967,4.562422,9.788383,7.878683,-13.382489,0.086262,-1.094611,-10.185367,-12.391019,10.922805,-8.854848,2.359918,-0.623642,-1.104501,-7.491006,-7.748290,11.863031,15.859911,79.563255,-14.601385,-4.713677,13.381379,-3.010820,-15.030019,-2.882500,63.117307,13.088241,-11.745422,-2.348838
211.000000,0.177331,20.501612,78.822023,-2.414833,1.564873,86.107899,0.431913,4.655956,9.545917,8.250992,-13.661484,-0.114831,-0.750857,-10.179330,-12.763815,11.082481,-9.221925,2.028476,-0.896434,-1.111950,-7.663835,-9.101779,10.228506,16.404702,75.155228,-18.367130,-6.419070,11.900560,-3.171707,-14.683182,-5.202632,63.040604,15.889131,-12.319173,-2.144294
212.000000,0.249486,20.486251,78.805023,-2.177555,1.541199,86.292348,0.488445,4.736214,9.369276,8.575594,-13.744323,-0.193021,-0.527263,-10.143953,-12.880822,11.308363,-9.263746,1.729119,-1.123196,-1.138802,-7.751967,-11.723007,8.300223,20.558463,70.385659,-26.889386,-8.248138,12.391115,-3.715207,-13.240208,-11.427641,61.401044,23.605072,-13.793865,-3.199935
213.000000,0.340470,20.516817,78.777796,-1.992360,1.520594,86.170873,0.673911,4.829199,9.341976,8.738859,-13.890906,-0.373591,-0.383123,-10.070339,-12.835971,11.450133,-9.605635,1.509471,-1.128727,-1.174248,-7.860832,-15.082320,5.670949,25.974581,63.568270,-39.402193,-12.278719,16.109792,-4.587742,-10.709812,-18.595023,56.323970,33.944012,-16.808315,-5.668715
214.000000,0.434923,20.526746,78.772521,-1.747994,1.508604,86.060998,0.984026,4.932890,9.454140,8.750656,-13.995806,-0.595928,-0.149369,-10.010803,-12.881290,11.539499,-9.838267,1.317414,-1.245011,-1.296873,-8.240032,-18.474886,3.211686,30.496921,55.553047,-49.618862,-17.671180,20.510629,-5.898054,-8.051028,-24.688777,49.597490,41.893218,-19.990893,-8.458278
215.000000,0.540864,20.581849,78.763407,-1.607840,1.523071,85.847562,1.302462,5.011884,9.677257,8.710823,-14.068621,-0.627925,0.026517,-9.856655,-12.674081,11.506953,-9.667480,1.235218,-1.426126,-1.372932,-9.098309,-20.856032,2.107486,32.284310,49.325331,-54.879703,-20.464210,21.715743,-7.509597,-6.713807,-27.773378,43.672383,46.435191,-21.521699,-9.468117
216.000000,0.616263,20.613673,78.770483,-1.520996,1.497912,85.490821,1.525024,5.152229,9.972595,8.727873,-13.940437,-0.496310,0.022887,-9.773688,-12.549927,11.561279,-9.896159,1.286208,-1.618447,-1.379506,-9.460818,-22.375078,2.100928,31.587883,43.382052,-57.957857,-23.308526,22.213126,-9.434306,-7.015777,-28.639584,38.560526,48.176780,-22.891579,-10.808456
217.000000,0.682832,20.643216,78.763425,-1.432252,1.514472,85.273089,1.708245,5.249623,10.250434,8.788579,-14.038517,-0.427092,0.055615,-9.647404,-12.222758,11.601338,-9.717258,1.170700,-1.856482,-1.409081,-9.817354,-23.224708,3.024543,30.267389,38.622015,-58.890745,-25.209940,22.281732,-11.527758,-8.157933,-29.024732,34.672168,48.641749,-23.839447,-12.346402
218.000000,0.755896,20.767438,78.740078,-1.365671,1.512244,84.978927,2.110093,5.297842,10.568140,8.550354,-14.304458,-0.484527,0.280324,-9.507978,-12.039782,11.383491,-9.739408,1.211168,-1.868594,-1.450687,-10.802840,-23.449720,4.676685,29.412004,35.828891,-58.996961,-26.367838,23.047015,-13.084639,-9.786572,-29.537799,32.263194,48.342105,-24.462171,-13.345744
219.000000,0.794276,20.830183,78.749228,-1.350681,1.481724,84.811259,2.312336,5.410314,10.857449,8.406161,-14.353919,-0.568706,0.353184,-9.390156,-11.874025,11.266338,-9.663875,1.230154,-1.816270,-1.526505,-11.490859,-24.131262,6.397398,28.762777,33.334544,-59.016250,-26.780569,23.586617,-14.788487,-11.533273,-30.023234,30.411410,47.902354,-24.489179,-14.369825
220.000000,0.806475,20.860702,78.754818,-1.341094,1.460793,84.638365,2.438548,5.453202,10.998159,8.331474,-14.338515,-0.632293,0.354698,-9.313171,-11.706873,11.219013,-9.511521,1.209486,-1.722427,-1.561456,-12.077292,-24.797125,7.931378,28.310489,30.925550,-59.583606,-27.478841,23.712457,-16.605327,-13.247878,-30.547659,28.563084,47.655678,-24.721327,-14.761115
221.000000,0.810958,20.896734,78.767502,-1.371104,1.422665,84.530362,2.475252,5.498075,11.037124,8.271265,-14.248205,-0.660069,0.352808,-9.246653,-11.651872,11.141546,-9.500756,1.192121,-1.599364,-1.607814,-12.576413,-25.667334,9.332206,28.055227,28.893271,-60.469188,-28.414357,24.609197,-18.280117,-14.855267,-31.135325,26.958711,47.780486,-24.982155,-15.638283
222.000000,0.807136,20.915271,78.771329,-1.422700,1.409979,84.495210,2.490211,5.533204,11.166412,8.215490,-14.268694,-0.716541,0.305785,-9.228382,-11.668536,11.040198,-9.714548,1.444298,-1.448923,-1.636604,-12.985130,-26.533603,10.747068,27.820315,27.182351,-60.538979,-29.014237,24.937984,-19.927977,-16.213568,-31.635858,25.272941,48.000811,-25.201627,-16.431866
223.000000,0.783460,20.927848,78.777015,-1.442953,1.406306,84.468868,2.464211,5.523666,11.173355,8.255782,-14.164456,-0.728181,0.288177,-9.235994,-11.626806,11.106589,-9.502211,1.257957,-1.320507,-1.743732,-13.296054,-27.419832,12.115247,27.458303,25.704982,-60.384596,-29.444143,25.228419,-21.225706,-17.600948,-31.599740,23.698310,48.070793,-25.392389,-17.115897
224.000000,0.759816,20.930849,78.783697,-1.471354,1.388124,84.475336,2.403888,5.539997,11.200355,8.310866,-14.078491,-0.776121,0.270286,-9.226364,-11.627396,11.038864,-9.526663,1.340367,-1.264879,-1.776855,-13.605543,-28.269574,13.389433,27.148781,24.398699,-60.189983,-30.152666,25.653243,-22.494101,-18.839870,-31.577563,22.247909,48.024074,-25.887336,-18.126963
225.000000,0.739355,20.927668,78.792912,-1.500121,1.391855,84.511649,2.373808,5.527889,11.211860,8.276822,-14.115779,-0.774795,0.259150,-9.241786,-11.640219,10.974021,-9.529693,1.462733,-1.230861,-1.790364,-13.906854,-29.075675,14.640471,26.629437,23.210788,-60.005520,-30.169601,26.122117,-23.842707,-19.928588,-31.539771,20.860899,47.806089,-25.839109,-18.672911
226.000000,0.719524,20.908533,78.806841,-1.527900,1.365887,84.539324,2.332656,5.539346,11.207242,8.245532,-14.097338,-0.827377,0.223609,-9.240955,-11.673896,11.024999,-9.385917,1.309623,-1.257853,-1.888331,-14.117265,-30.011206,15.871529,26.292653,22.002102,-59.595019,-30.288723,26.460996,-24.972264,-21.193350,-31.319863,19.673424,47.246116,-25.925322,-19.281556
227.000000,0.689063,20.865476,78.817213,-1.560057,1.348159,84.584604,2.258637,5.527741,11.176505,8.213700,-13.973671,-0.812029,0.188155,-9.196366,-11.603418,10.951276,-9.216290,1.342689,-1.377362,-1.967027,-14.282371,-31.003827,16.924997,25.873093,20.784167,-59.107426,-30.585754,26.897234,-26.132818,-22.331853,-30.757247,18.492365,46.774816,-26.023847,-19.545377
228.000000,0.647767,20.773870,78.837162,-1.564675,1.326967,84.654468,2.145628,5.519477,11.113825,8.230440,-13.855624,-0.809326,0.151875,-9.217879,-11.679209,10.878411,-9.057577,1.378609,-1.606610,-2.003688,-14.389393,-31.865230,17.895336,25.316776,19.459351,-58.638253,-31.056269,27.432304,-27.396435,-23.306062,-30.198565,17.270961,46.448121,-26.178882,-19.715261
229.000000,0.643696,20.751320,78.854686,-1.647035,1.345156,84.532985,2.117150,5.524552,11.260650,8.113099,-13.869855,-0.896025,0.046513,-9.203190,-11.609770,10.778761,-8.997188,1.470853,-1.658960,-2.138102,-14.565723,-32.738780,18.814086,24.899598,18.373385,-58.647098,-31.666738,28.316025,-28.604742,-24.339721,-29.686809,16.185260,46.329009,-26.337238,-20.129537
230.000000,0.632579,20.737009,78.873509,-1.719283,1.353453,84.281314,2.150350,5.535857,11.473878,7.983532,-13.741308,-0.946645,-0.060352,-9.141857,-11.396134,10.607046,-8.804345,1.564859,-1.687219,-2.219748,-14.806860,-33.710183,19.729217,24.524202,17.116504,-58.065945,-32.065884,28.358466,-29.910556,-25.291444,-29.135958,15.303606,45.871346,-26.486502,-20.531615
231.000000,0.624155,20.683478,78.894454,-1.774681,1.358520,84.042724,2.145125,5.559610,11.653086,7.877397,-13.575445,-0.914781,-0.200997,-9.085717,-11.161437,10.500793,-8.632988,1.685677,-1.678376,-2.297480,-14.957703,-34.524673,20.757546,24.027699,16.376432,-57.403737,-31.897291,28.641765,-31.243529,-26.329252,-28.429481,14.506948,45.555415,-26.509603,-20.955340
232.000000,0.615603,20.611927,78.910482,-1.857720,1.347968,83.888573,2.118962,5.584165,11.804826,7.696075,-13.453595,-0.931108,-0.407820,-9.025913,-11.004082,10.480582,-8.393862,1.665575,-1.764839,-2.390791,-15.076473,-35.315278,21.806832,23.276183,15.688176,-57.278766,-32.211705,28.861152,-32.406533,-27.532645,-27.615239,13.846698,45.176811,-26.532946,-21.251838
233.000000,0.612979,20.582014,78.925973,-1.922470,1.315798,83.772202,2.102536,5.577164,11.742497,7.534454,-13.233855,-1.030634,-0.514239,-8.954425,-10.905522,10.402230,-8.301781,1.749474,-1.882142,-2.516882,-15.173509,-36.130085,22.923932,22.464581,15.315313,-56.901340,-32.253898,29.087126,-33.352394,-28.807890,-26.743910,13.233908,44.787746,-26.577280,-21.683720
234.000000,0.596244,20.510365,78.946489,-1.968205,1.296318,83.771119,2.011007,5.586487,11.713510,7.464628,-13.143502,-1.167346,-0.600009,-8.923202,-10.870263,10.337414,-8.119854,1.754200,-2.087050,-2.671693,-15.152833,-37.000279,23.910189,21.609255,14.797511,-56.463244,-32.314926,29.203143,-34.085789,-30.156033,-25.758957,12.389957,44.639494,-26.584973,-21.940019
235.000000,0.578743,20.442221,78.957605,-1.989059,1.277516,83.686409,1.941632,5.619740,11.764480,7.486403,-13.013098,-1.120743,-0.679581,-8.897928,-10.850143,10.190712,-8.332290,2.125417,-2.215718,-2.822079,-15.076917,-37.821510,24.713347,20.763570,14.031445,-56.080238,-32.343398,29.152552,-34.715833,-31.293048,-24.769529,11.393853,44.631571,-26.478529,-22.021303
236.000000,0.542662,20.286848,78.986645,-1.983766,1.307000,83.622117,1.711975,5.598434,11.683125,7.670063,-12.933328,-1.060435,-0.996364,-9.009545,-10.709053,10.539426,-7.960667,1.906143,-2.310819,-3.078214,-14.661781,-38.962073,25.718488,20.033903,13.448556,-54.239280,-31.556078,29.921710,-35.363301,-32.681294,-23.966109,10.465025,43.674784,-26.005296,-22.443723
237.000000,0.544503,20.330155,78.972155,-1.994067,1.282488,83.514401,1.823579,5.623966,11.839026,7.610333,-12.960824,-1.106782,-0.880831,-8.913912,-10.727833,10.274496,-8.232266,2.246031,-2.413058,-3.287118,-14.739014,-39.394851,26.782625,19.316600,12.968423,-52.473208,-30.599490,30.312263,-35.444000,-34.035369,-23.300241,9.757765,42.827666,-25.578379,-22.403362
238.000000,0.524976,20.288810,78.979653,-1.967933,1.244274,83.457390,1.806296,5.669078,11.898815,7.685744,-13.022594,-1.135949,-0.895370,-8.910758,-10.702639,10.322413,-8.193537,2.129423,-2.667195,-3.507187,-14.602321,-39.933282,27.662191,18.503099,11.888921,-50.829107,-30.018193,30.562539,-35.570205,-35.105991,-22.539073,8.749492,42.182856,-25.311612,-22.456053
239.000000,0.500843,20.183042,78.988504,-1.878882,1.240571,83.445466,1.644532,5.748048,11.968810,8.009774,-13.151873,-1.105404,-1.134644,-8.965914,-10.577081,10.693403,-8.245789,2.280962,-2.948740,-3.779033,-13.948750,-40.499487,29.007229,17.613871,10.554803,-46.246743,-28.455487,32.183851,-35.627424,-36.360092,-21.867720,7.033062,40.229790,-24.948272,-23.051001
240.000000,0.486234,20.178670,78.976387,-1.792921,1.242165,83.405194,1.621642,5.814764,12.159851,8.328445,-13.404643,-0.960287,-1.194353,-9.030932,-10.524664,11.052344,-8.271390,2.287663,-3.207204,-4.099195,-13.618057,-40.967297,30.146105,16.608954,8.595965,-40.823791,-26.218031,34.181958,-35.253410,-37.659173,-21.299692,4.740928,37.444262,-24.313829,-23.410046
241.000000,0.466541,20.139796,78.951401,-1.717794,1.215853,83.325309,1.532748,5.929193,12.438248,8.724754,-13.771430,-1.062786,-1.353241,-8.986600,-10.311319,11.366125,-8.395838,2.347983,-3.388068,-4.450026,-13.419423,-41.763226,30.174577,15.399882,5.328965,-36.743050,-24.596023,35.023824,-34.906423,-38.496398,-20.756590,1.638906,35.536638,-23.756364,-23.342906
242.000000,0.474184,20.153446,78.926671,-1.677226,1.199131,83.189196,1.473228,6.020144,12.623245,9.062792,-14.244027,-1.205546,-1.516288,-8.960658,-10.134758,11.786491,-8.356987,2.129780,-3.634514,-4.853872,-13.342641,-42.670060,29.866884,13.856062,1.403392,-32.725202,-24.118641,35.605677,-34.846150,-38.578572,-20.060435,-2.201607,35.171345,-23.992023,-23.094097
243.000000,0.482933,20.228820,78.895533,-1.538467,1.142798,83.020076,1.585714,6.153063,12.812211,9.439505,-14.548603,-1.150758,-1.478878,-8.932118,-10.047300,12.089122,-8.749427,2.201611,-4.040394,-5.303289,-13.394083,-43.774997,29.937607,11.982097,-2.411081,-27.633135,-22.156123,36.516264,-34.833961,-39.361209,-19.329289,-5.794448,33.510619,-23.711434,-23.049088
244.000000,0.484568,20.239742,78.829420,-1.429381,1.051623,82.853452,1.747821,6.381156,13.233112,9.681460,-15.963699,-0.854556,-1.708634,-9.045016,-10.342301,12.830910,-9.797029,1.549403,-4.561654,-5.569142,-13.035653,-45.924262,28.382559,11.133143,-6.804416,-19.805407,-20.196866,34.921654,-36.339437,-39.045931,-19.699794,-9.338873,31.373685,-23.199340,-19.917580
245.000000,0.500865,20.323402,78.782588,-1.229858,0.991103,82.455016,1.992560,6.508341,13.466457,10.086927,-16.367727,-0.686110,-1.716474,-8.982695,-10.090882,13.272943,-10.320362,1.520787,-5.047625,-6.060184,-13.191381,-48.483210,27.323427,8.754480,-10.685727,-16.187209,-19.461000,34.761022,-38.074920,-39.373899,-18.429633,-12.366499,29.753824,-23.146780,-19.285838
246.000000,0.517608,20.422530,78.736991,-1.109792,0.913453,82.135095,2.126375,6.704176,13.778760,10.532784,-17.030296,-0.732487,-1.725271,-8.963878,-10.015147,13.718878,-10.666688,1.301841,-5.592590,-6.538659,-13.662356,-51.421130,26.295742,6.022247,-13.461577,-11.730836,-17.578340,35.608078,-40.217434,-40.070828,-16.722012,-14.884516,28.184518,-22.988622,-19.533830
247.000000,0.540934,20.537491,78.688103,-0.954938,0.833919,81.772036,2.363001,6.868315,14.068078,10.871560,-17.444322,-0.632028,-1.792723,-8.866672,-9.730280,14.235210,-11.153396,1.261557,-6.290353,-6.998075,-14.105300,-54.576285,24.611255,2.813356,-15.771431,-9.381919,-17.377072,35.583322,-43.065784,-40.333657,-14.342709,-17.137766,27.539606,-23.144489,-19.389095
248.000000,0.559328,20.677352,78.620857,-0.780526,0.757396,81.531796,2.554097,7.027736,14.270688,11.388598,-17.971599,-0.656992,-1.712002,-8.817290,-9.603015,14.651451,-11.609568,1.280533,-7.312894,-7.419301,-14.458238,-58.088136,22.867699,-0.030693,-17.343782,-6.482802,-16.678837,35.405191,-46.347717,-40.872549,-11.741624,-19.110588,26.133882,-23.051965,-19.123650
249.000000,0.582391,20.827331,78.559226,-0.619903,0.655096,81.282044,2.715314,7.231742,14.482060,11.919322,-18.465556,-0.670822,-1.650796,-8.721116,-9.407845,15.067288,-12.039644,1.256532,-8.603915,-7.915730,-15.194929,-61.344101,21.543537,-2.685909,-18.025959,-2.535655,-15.052284,35.342404,-49.638642,-41.178708,-8.934008,-20.696395,24.685670,-22.853579,-19.162565
250.000000,0.575577,21.000937,78.488290,-0.554173,0.588657,80.930197,2.846919,7.422063,14.951282,12.407732,-19.157089,-0.746497,-1.747703,-8.705049,-9.243642,15.582347,-12.550890,1.200222,-9.780822,-8.306506,-15.978019,-64.328313,19.104295,-5.527198,-18.702112,-1.431889,-14.579573,34.950870,-53.134272,-41.160807,-5.829461,-22.360069,23.927309,-23.030483,-19.149115
251.000000,0.566751,21.175079,78.411835,-0.481160,0.530064,80.482065,2.996250,7.588286,15.347640,12.951640,-19.741219,-0.740528,-1.930859,-8.678848,-8.957652,16.202623,-13.073408,1.074666,-10.994108,-8.690675,-16.937785,-66.932534,16.521307,-7.895162,-18.762224,-1.497759,-14.160954,34.500296,-56.672631,-41.281404,-2.999276,-23.337010,22.096546,-22.701969,-19.968362
252.000000,0.563197,21.365409,78.340650,-0.328229,0.487048,80.055574,3.319057,7.684626,15.733756,13.295118,-20.136064,-0.637824,-1.954697,-8.650343,-8.597351,16.717909,-13.578367,1.009749,-12.192408,-9.127831,-17.430991,-69.794930,14.182843,-9.977983,-18.228161,-0.412272,-13.508946,34.520917,-60.296883,-41.302086,-0.256679,-24.225781,19.910724,-22.452755,-21.409708
253.000000,0.543939,21.554066,78.256243,-0.232102,0.433647,79.867278,3.455630,7.825316,16.016753,13.797339,-20.861249,-0.689395,-1.971676,-8.604432,-8.320511,17.201529,-13.777507,0.951417,-13.739363,-9.449854,-18.252046,-72.313569,11.467050,-11.814873,-17.278353,0.468359,-13.622226,34.586838,-63.862446,-42.195328,1.794663,-24.605222,13.856457,-21.602439,-23.001801
254.000000,0.524931,21.749179,78.174490,-0.156269,0.372010,79.663482,3.608315,7.939377,16.231991,14.201881,-21.492911,-0.684199,-1.992866,-8.554322,-8.091501,17.690378,-13.845463,0.804615,-15.376716,-9.813758,-19.021086,-75.173779,9.110553,-13.379316,-15.659047,2.852319,-13.086547,34.375106,-67.291440,-43.605492,3.587895,-24.760097,5.646479,-20.030158,-25.885737
255.000000,0.502963,21.930939,78.101182,-0.098693,0.295523,79.444125,3.766945,8.083417,16.520076,14.567410,-22.185747,-0.784394,-2.056865,-8.506552,-7.883719,18.205685,-14.199015,0.729866,-17.148201,-9.996215,-19.640871,-78.180961,6.938987,-14.771346,-13.729969,6.460189,-12.095106,34.828941,-70.613187,-44.596614,5.558961,-25.423829,-2.287820,-18.743642,-27.912528
256.000000,0.491891,22.098607,78.039044,0.019146,0.221881,79.097806,4.023070,8.159876,16.684200,14.871166,-22.458613,-0.604694,-2.044374,-8.464262,-7.642121,18.610478,-14.596835,0.686583,-18.969302,-10.104941,-20.165334,-80.701526,4.437670,-16.372928,-12.070405,8.714295,-11.841872,35.505656,-73.736093,-45.203138,7.513095,-25.862515,-9.391868,-17.342719,-30.121520
257.000000,0.493614,22.247964,77.952600,0.106361,0.146405,78.645802,4.159985,8.337746,17.013445,15.411096,-23.038385,-0.599500,-2.252268,-8.378983,-7.232627,19.288190,-15.250253,0.447887,-20.803581,-10.015624,-20.658237,-83.126134,2.453356,-17.145038,-10.536723,10.133442,-11.676173,35.506947,-76.053473,-43.798550,10.089330,-26.617186,-9.660352,-17.838600,-31.028614
258.000000,0.480029,22.396538,77.875644,0.212100,0.065224,78.027044,4.475040,8.477246,17.492507,15.753985,-23.407711,-0.571673,-2.412839,-8.276623,-6.744566,19.802242,-15.834294,0.391330,-22.382416,-9.861406,-20.993191,-84.845409,0.304851,-17.831498,-9.532083,10.990473,-12.088139,35.750733,-78.008813,-43.027036,11.625499,-26.975585,-11.613796,-18.081886,-31.623919
259.000000,0.471678,22.542469,77.807462,0.361777,-0.033055,77.406073,4.848326,8.672161,18.104907,16.102145,-24.041805,-0.614435,-2.478965,-8.176179,-6.309150,20.246306,-16.250922,0.268757,-23.874923,-9.618896,-21.045415,-86.306748,-1.412435,-18.180331,-8.981675,10.571222,-12.543292,35.739668,-79.466116,-42.270849,12.952505,-26.907908,-11.705328,-18.124971,-32.013786
260.000000,0.470485,22.683389,77.746159,0.476155,-0.108429,76.703471,5.249566,8.761428,18.617723,16.298877,-24.304400,-0.409423,-2.610093,-7.988945,-5.647623,20.625855,-16.316478,0.131373,-25.057459,-9.333308,-21.149720,-87.549064,-2.640990,-18.318310,-8.514612,10.216448,-12.586625,36.013170,-80.460482,-41.077827,13.808537,-26.661971,-10.647760,-18.200429,-32.155004
261.000000,0.469233,22.810523,77.698678,0.492540,-0.184654,76.001707,5.644840,8.884552,19.277447,16.306238,-24.695632,-0.446662,-2.791071,-7.768172,-5.047560,20.840876,-16.290174,0.109716,-26.038865,-8.982905,-21.267684,-88.633671,-3.383089,-18.339611,-8.066955,9.411883,-12.870870,35.986945,-81.186531,-40.670197,14.286573,-26.172727,-10.913076,-18.075370,-32.690610
262.000000,0.443846,22.912207,77.681106,0.395768,-0.193430,75.229104,5.968595,8.882412,19.893904,16.103769,-24.805652,-0.252234,-3.144069,-7.553570,-4.284782,21.013067,-16.068584,0.105953,-26.788835,-8.602556,-21.297703,-89.767182,-3.605865,-18.744015,-7.446300,9.133215,-12.831316,36.217286,-81.901386,-40.464025,15.036660,-25.615204,-10.769547,-17.983427,-33.576172
263.000000,0.414875,22.980052,77.700752,0.230289,-0.185421,74.541320,6.192818,8.865079,20.476029,15.807626,-24.725517,-0.224258,-3.490830,-7.365314,-3.643377,20.994427,-15.699495,0.175002,-27.434167,-8.203810,-21.213149,-91.143164,-3.338790,-19.263580,-6.691615,9.048345,-12.627182,36.978159,-82.784017,-40.700431,15.886202,-24.978511,-10.900742,-17.727107,-35.030227
264.000000,0.345580,23.025091,77.755737,-0.007641,-0.168371,74.027121,6.264974,8.829567,20.952872,15.452557,-24.564359,-0.239237,-3.764186,-7.196689,-3.100251,20.648558,-15.152491,0.307762,-28.185040,-7.566827,-21.057910,-92.645574,-2.434625,-19.820751,-6.035940,8.471246,-12.601609,37.695473,-84.314157,-41.593424,17.089391,-24.162347,-11.976549,-17.079544,-36.186271
265.000000,0.252157,23.032832,77.836823,-0.361037,-0.094755,73.555008,6.274349,8.682707,21.398832,14.800673,-24.157558,-0.262915,-4.118942,-7.082352,-2.637298,20.142443,-14.416303,0.451735,-28.880485,-6.956670,-20.825044,-94.949444,-0.377226,-20.811393,-4.822099,9.585193,-11.975086,38.774793,-86.603732,-43.401525,18.546204,-22.489390,-14.516297,-15.552614,-37.416405
266.000000,0.144666,23.008804,77.954423,-0.581333,-0.017526,72.840943,6.624309,8.391868,21.915079,13.776558,-23.382111,-0.116256,-4.450213,-7.000764,-2.024239,19.650067,-13.848187,0.742771,-29.407209,-6.394154,-20.201936,-99.227479,3.832278,-21.993119,-0.521024,15.281490,-8.031150,40.471565,-91.153150,-46.582679,20.777529,-18.137788,-20.804300,-11.467368,-36.390633
267.000000,0.018483,22.937691,78.099930,-0.892613,0.178132,72.193739,6.722542,8.033274,22.449338,12.809957,-22.380269,0.084398,-4.928943,-7.030348,-1.448252,19.140886,-13.057957,0.952467,-29.980846,-5.844122,-19.787244,-105.595244,9.165875,-23.314931,9.649543,22.743973,0.485845,38.312283,-97.891965,-50.558112,24.885321,-9.622160,-27.840316,-6.587058,-28.994795
268.000000,-0.142599,22.847018,78.280187,-1.223844,0.287657,71.638307,6.756371,7.693604,22.698462,11.831006,-21.174087,0.418114,-5.312213,-6.981419,-0.961352,18.443396,-12.080760,1.030275,-30.380347,-5.225468,-19.239297,-111.980760,10.305844,-23.474373,21.725473,15.929640,5.833384,30.691916,-105.794706,-51.918935,31.237348,2.934875,-26.298708,-2.746288,-14.849113
269.000000,-0.316472,22.724888,78.492457,-1.701169,0.394453,71.148935,6.620846,7.432480,23.086960,10.726845,-20.105058,0.249538,-5.752773,-6.842556,-0.485967,17.458081,-10.566052,1.123574,-30.815542,-4.420738,-18.776074,-118.666122,11.516883,-22.972426,34.366363,12.142978,11.145207,24.501147,-113.152192,-51.231132,37.359345,16.697333,-23.657994,-0.459572,-2.092611
270.000000,-0.509712,22.553283,78.726393,-2.153695,0.496726,70.669396,6.528767,7.163896,23.542979,9.503793,-18.724521,0.063509,-6.149665,-6.724863,-0.063427,16.349654,-9.237591,1.544388,-30.873230,-3.542338,-17.836363,-124.114946,13.517797,-24.567487,43.807925,9.807684,12.273109,21.080436,-119.346040,-50.177254,43.061573,27.456269,-20.741951,-0.787186,3.085196
271.000000,-0.678197,22.384979,78.907430,-2.636739,0.603079,70.234412,6.283178,7.004506,24.005246,8.609515,-17.804778,-0.202238,-6.536272,-6.586642,0.281815,15.264033,-8.016674,1.869967,-31.034310,-2.998567,-17.295757,-126.340290,15.082557,-28.198412,47.907077,9.514947,12.747445,18.675286,-122.731054,-50.344023,47.645890,32.758100,-21.317201,-0.430697,5.483332
272.000000,-0.839247,22.202463,79.013348,-3.116767,0.765562,69.781965,6.046195,6.750400,24.347732,7.635941,-16.912289,-0.193409,-6.991398,-6.461807,0.827677,14.276825,-6.887681,2.242754,-31.003793,-2.355615,-16.433502,-128.252033,16.406958,-31.316561,50.296639,8.649678,12.290686,17.522075,-126.194807,-50.022287,51.478538,36.836286,-21.852244,-1.032660,7.057335
273.000000,-0.964507,22.033010,79.091227,-3.397772,0.862249,69.148740,6.059077,6.504736,24.642312,6.751638,-15.949576,-0.053876,-7.387474,-6.294144,1.441464,13.589613,-6.148736,2.449902,-30.714934,-1.795026,-15.288106,-129.866936,17.326494,-32.927461,52.268340,8.354913,12.010481,16.792732,-128.714573,-48.980270,52.897800,40.701944,-21.635876,-1.235023,8.515557
274.000000,-1.076964,21.851017,79.170376,-3.495335,0.927274,68.544940,6.187328,6.339248,25.110134,6.100795,-15.335076,0.025779,-7.663832,-6.177801,1.956924,13.102394,-5.389793,2.596057,-30.566398,-1.509490,-14.201044,-130.928907,17.935751,-33.837891,54.169028,7.885054,12.361894,15.718130,-130.588982,-48.141581,54.556385,44.038457,-22.668168,-1.479829,10.157689
275.000000,-1.167251,21.644342,79.236889,-3.531162,0.962285,67.996294,6.230195,6.236037,25.463901,5.726157,-14.732735,-0.008161,-7.896203,-5.992882,2.517281,12.697693,-4.671218,2.762526,-30.432652,-1.332924,-13.141433,-131.846980,18.261385,-34.638789,56.231779,7.026452,12.034389,14.893977,-131.877921,-47.154127,56.191785,47.108464,-22.531363,-1.956053,11.374587
276.000000,-1.243214,21.461514,79.293996,-3.593341,1.023817,67.559181,6.191590,6.167624,25.837706,5.440676,-14.247719,-0.036243,-8.080641,-5.861039,3.001027,12.241530,-4.112370,2.944070,-30.425057,-1.110116,-12.282609,-132.300819,18.710974,-36.229386,58.171191,6.972042,11.696037,14.067612,-133.023630,-46.205663,58.442609,49.878361,-23.012116,-2.508346,12.572513
277.000000,-1.298095,21.326734,79.324323,-3.712367,1.083304,67.230352,6.109191,6.076584,26.065836,5.249118,-13.901230,-0.012052,-8.264051,-5.733048,3.324910,11.906780,-3.479241,3.043799,-30.483800,-0.900290,-11.550445,-132.409105,19.021433,-37.775287,59.556408,7.044614,11.346581,13.414762,-133.799280,-45.546679,60.648678,52.115218,-23.961986,-2.747536,13.234841
278.000000,-1.424446,21.077801,79.341429,-3.672049,1.113672,67.048221,6.189936,5.868145,26.012096,4.535913,-13.096509,-0.430117,-8.397943,-5.595186,3.953780,11.511282,-3.018778,4.755621,-29.984377,-0.519349,-10.665825,-132.604913,19.489637,-40.359424,60.556485,0.270109,11.560689,20.552422,-134.193300,-43.670925,61.546671,55.333801,-28.537159,-5.557375,19.256110
279.000000,-1.485144,20.973456,79.353851,-3.734865,1.177459,66.820180,6.135281,5.765834,26.233940,4.388919,-12.913635,-0.458816,-8.575483,-5.501799,4.285171,11.399564,-2.618805,4.881335,-30.140829,-0.313227,-9.924816,-132.254401,19.496495,-41.681834,61.763953,-0.685386,11.492563,20.853114,-134.702081,-42.704573,62.343310,57.402283,-29.425906,-6.103205,20.638706
280.000000,-1.549995,20.797165,79.384428,-3.790443,1.236144,66.642355,5.935440,5.742067,26.379111,4.366262,-12.602824,-0.432852,-8.761544,-5.477980,4.457071,11.170359,-2.288579,4.976032,-30.170298,-0.159650,-9.112261,-131.970798,19.388972,-42.330856,62.846920,-1.202356,11.330625,20.367592,-134.937955,-41.689296,62.845274,59.410058,-28.981401,-6.007095,21.365204
281.000000,-1.605122,20.631747,79.410934,-3.796403,1.276636,66.434650,5.865148,5.689102,26.515373,4.202257,-12.483182,-0.495419,-8.939914,-5.458809,4.603149,11.020111,-2.180569,5.206611,-30.016161,0.000659,-8.297400,-131.521207,19.231005,-42.583781,63.651749,-1.362376,10.988918,19.425574,-134.999795,-40.723876,62.934374,61.418973,-28.394609,-5.921575,22.190279
282.000000,-1.660235,20.491782,79.431158,-3.752567,1.324806,66.244594,5.810713,5.631769,26.603372,4.173389,-12.257703,-0.444605,-9.085771,-5.468447,4.786998,10.984377,-1.922936,5.268710,-29.828505,0.069426,-7.509223,-130.831604,18.965875,-42.708124,64.712047,-2.043183,11.067187,19.157540,-134.873451,-40.024605,63.464035,62.946067,-28.551116,-5.888968,23.056830
283.000000,-1.719425,20.346466,79.443121,-3.728002,1.352027,66.227208,5.720601,5.618409,26.757184,4.132148,-12.174349,-0.493314,-9.183981,-5.446241,4.944246,10.909573,-1.604380,5.335139,-29.764646,0.218957,-6.658833,-130.158503,18.686349,-42.918183,65.444011,-2.364404,11.213045,18.310409,-134.456713,-39.351414,63.763798,64.402496,-28.188565,-5.854201,24.071152
284.000000,-1.773410,20.190239,79.452789,-3.689180,1.357556,66.205808,5.593215,5.638165,26.875715,4.209107,-12.114529,-0.526372,-9.242991,-5.453760,4.997174,10.791587,-1.448945,5.375209,-29.668019,0.350935,-5.830101,-129.302216,18.598612,-43.709960,66.008020,-2.030830,11.321938,17.488491,-133.834333,-38.886733,64.180945,65.547522,-27.837351,-5.610657,24.726948
285.000000,-1.833699,20.043005,79.462808,-3.669738,1.365058,66.221913,5.424306,5.638021,26.852950,4.318787,-11.995908,-0.434582,-9.377371,-5.461993,5.000433,10.824196,-1.312327,5.444152,-29.669167,0.496842,-5.020966,-128.304885,18.494528,-44.056243,66.470793,-2.091193,11.287644,16.810098,-132.977581,-38.540978,64.326496,66.269808,-27.647351,-5.566422,25.296022
286.000000,-1.898078,19.900985,79.458201,-3.589165,1.370433,66.276729,5.339847,5.630968,26.918310,4.379082,-12.112959,-0.467887,-9.440583,-5.526382,4.980836,10.855288,-1.224913,5.517155,-29.665755,0.608147,-4.166085,-127.278308,18.395783,-44.108211,67.036053,-2.452760,11.455029,16.062341,-131.806723,-38.305562,64.221202,66.758180,-26.863877,-5.265481,25.802932
287.000000,-1.983524,19.760527,79.453653,-3.525832,1.389827,66.128858,5.242869,5.594010,27.001078,4.497825,-12.038082,-0.361626,-9.576514,-5.571293,5.044742,10.878444,-1.279846,5.563102,-29.594738,0.712232,-3.295519,-126.261087,18.384335,-44.288958,67.610827,-2.282673,11.718122,15.602971,-130.538931,-38.091989,64.265899,67.080367,-26.627595,-5.055638,26.225973
288.000000,-2.059222,19.619761,79.442734,-3.465356,1.421537,66.025075,5.139198,5.557881,27.118020,4.602292,-12.059408,-0.374938,-9.699877,-5.539566,5.305699,10.895023,-1.033938,5.602349,-29.592935,0.873160,-2.434857,-125.028389,18.596597,-44.588400,67.694285,-2.034786,11.580213,14.971155,-129.070658,-37.917075,64.256015,67.111014,-25.933914,-4.791633,26.460967
289.000000,-2.150333,19.471325,79.435945,-3.396359,1.459954,65.883375,5.006384,5.512609,27.220882,4.776031,-12.043759,-0.297389,-9.869918,-5.561678,5.510221,10.976952,-0.885963,5.573834,-29.555444,1.118426,-1.541921,-123.627763,18.837751,-44.758650,67.871631,-2.213288,11.735622,14.850523,-127.515534,-37.725174,64.077372,66.966351,-25.164874,-4.337589,26.271585
290.000000,-2.259124,19.307406,79.414898,-3.330370,1.463160,65.779311,4.854798,5.486554,27.246574,4.964907,-12.034353,-0.208443,-10.023602,-5.574286,5.647016,11.036782,-0.750454,5.650185,-29.582666,1.320225,-0.511421,-122.230169,19.194464,-45.372202,67.811279,-1.370578,11.139665,14.137869,-125.829256,-37.550218,63.700407,66.961050,-24.458539,-4.046624,26.559713
291.000000,-2.355840,19.158290,79.406780,-3.251013,1.446512,65.711296,4.712949,5.497244,27.275850,5.125179,-12.124799,-0.348266,-10.093514,-5.617123,5.662589,11.002152,-0.765763,5.775628,-29.742984,1.556916,0.409409,-120.507719,19.585052,-45.755215,67.622541,-0.572307,10.313673,13.718123,-123.823024,-37.451129,63.548148,66.702261,-23.710851,-3.932785,26.219187
292.000000,-2.464236,19.011991,79.400349,-3.185932,1.476019,65.686033,4.572985,5.423089,27.280609,5.298035,-11.982984,-0.137297,-10.236245,-5.684587,5.749169,11.081075,-0.597994,5.857356,-29.721954,1.842706,1.273929,-118.552304,19.653168,-45.429173,67.196501,-0.666655,10.069501,12.980884,-121.651379,-37.569899,62.973313,66.058202,-23.370252,-3.864912,26.557099
293.000000,-2.578066,18.866841,79.372817,-3.150216,1.511722,65.685575,4.384141,5.331473,27.210376,5.405755,-11.898579,-0.017191,-10.384863,-5.714071,5.937666,11.089886,-0.385462,5.841281,-29.705049,2.072157,2.187666,-116.608582,19.501747,-45.046054,66.737922,-0.928256,10.086518,12.525869,-119.243150,-37.654123,62.023254,65.484958,-22.569354,-3.517760,26.717854
294.000000,-2.696246,18.728004,79.344052,-3.088183,1.512619,65.697167,4.211375,5.348165,27.363242,5.629476,-12.245692,-0.065754,-10.549965,-5.836394,5.812422,11.268619,-0.596990,5.821011,-29.653379,2.293976,3.245883,-114.496326,19.324361,-44.874804,65.973323,-0.882260,9.978736,12.118222,-116.671488,-37.779166,60.966603,65.022615,-21.358543,-3.108680,26.601471
295.000000,-2.826620,18.594779,79.317206,-2.970714,1.487302,65.781456,3.999908,5.328906,27.215007,6.015756,-12.450074,0.026221,-10.630581,-5.957078,5.731721,11.458145,-0.669108,5.866135,-29.610868,2.507431,4.373011,-112.088274,19.040687,-44.148546,64.912246,-0.473883,9.846169,11.698842,-113.967812,-38.039519,59.698708,64.171021,-20.971640,-2.920860,26.776121
296.000000,-2.956272,18.477051,79.283011,-2.860313,1.481516,65.903957,3.802339,5.299227,27.142844,6.341801,-12.690600,0.044598,-10.695962,-6.047725,5.810205,11.635920,-0.737128,5.840531,-29.466133,2.788616,5.390291,-109.215538,18.249415,-42.485187,63.633533,-0.709226,10.138781,13.374041,-110.918270,-38.286728,58.063944,63.269115,-20.451082,-2.491410,26.055213
297.000000,-3.089477,18.368104,79.256421,-2.768617,1.463297,66.086775,3.574255,5.283062,27.014645,6.710432,-12.794756,0.008551,-10.733484,-6.220359,5.638852,11.764905,-0.890515,5.793045,-29.378536,3.150291,6.333879,-105.805573,17.422807,-41.261781,62.077445,-1.119649,9.942512,12.829935,-107.573096,-38.498778,56.512780,62.443085,-20.144958,-2.332071,26.051197
298.000000,-3.219390,18.272939,79.223859,-2.692485,1.427624,66.345373,3.411459,5.217142,26.758639,6.905421,-12.914679,0.023115,-10.769567,-6.277598,5.644541,11.929988,-0.934799,5.758338,-29.206842,3.576887,7.275130,-102.380922,16.350544,-40.034208,60.823852,-1.172108,9.984739,13.141137,-103.897682,-38.785482,54.227484,61.496646,-19.740358,-2.177829,25.624898
299.000000,-3.252937,18.244316,79.272246,-2.633489,1.803478,66.438460,2.831869,4.894550,26.457028,7.679767,-12.059670,2.010016,-11.053437,-6.749246,5.540384,12.288825,-0.984551,5.876104,-29.733210,3.422909,8.114601,-98.176545,16.194824,-40.794866,59.044622,-3.238976,8.591552,15.488487,-100.345560,-39.135642,55.371217,59.345820,-13.675421,0.037183,24.824396
300.000000,-3.365868,18.217809,79.239619,-2.597697,1.808480,66.810678,2.626712,4.763000,26.127360,7.877678,-12.111277,2.202789,-11.047189,-6.988939,5.203134,12.512679,-1.412527,5.836808,-29.728460,3.952517,9.139199,-94.342077,14.936611,-39.592797,58.197446,-3.207308,8.351017,16.036859,-97.022468,-39.228700,54.252606,58.890472,-13.434971,0.308680,24.318062
301.000000,-3.465018,18.155642,79.214597,-2.521357,1.781950,67.141342,2.468876,4.677117,25.771854,8.059253,-12.206836,2.354958,-10.996338,-7.153518,5.005342,12.655377,-1.575961,5.801981,-29.496384,4.548819,10.254541,-90.307183,13.259554,-37.916077,57.515268,-3.072127,8.664578,16.140943,-93.154327,-39.174605,51.476527,58.824970,-13.054490,0.427664,23.942040
302.000000,-3.528638,18.112442,79.182398,-2.463192,1.786388,67.463838,2.315170,4.575939,25.433108,8.201673,-12.261011,2.487885,-10.973613,-7.317738,4.819873,12.827649,-1.659657,5.667342,-29.212422,5.035039,11.151955,-85.984090,11.650488,-36.466657,57.155122,-2.257207,8.642180,15.990542,-89.043954,-39.321840,49.563753,58.153597,-14.478903,0.089982,24.216297
303.000000,-3.569449,18.036017,79.161966,-2.425442,1.806681,67.860191,2.043254,4.586678,25.137429,8.513968,-12.544756,2.503814,-11.006587,-7.487320,4.564763,13.014318,-1.861588,5.538093,-28.876407,5.505803,11.879384,-81.193607,9.794120,-34.900368,56.956268,-0.929055,8.967747,16.269627,-84.316739,-39.304440,46.847684,57.643327,-15.920507,0.008466,24.257169
304.000000,-3.591440,18.070920,79.134339,-2.355859,1.813925,68.075530,1.967675,4.466272,24.729759,8.686438,-12.622654,2.561250,-10.898299,-7.602577,4.458712,13.157447,-2.248760,5.409410,-28.399204,6.111621,12.845771,-77.098670,8.213106,-33.783109,57.277256,-0.605107,9.206141,16.007827,-80.347477,-38.961171,44.121697,57.708227,-15.357510,0.314913,23.375003
305.000000,-3.571272,18.062563,79.112947,-2.364988,1.857559,68.520722,1.736184,4.431286,24.277016,8.863063,-12.698162,2.573766,-10.846244,-7.826707,4.021326,13.259355,-2.664466,5.284480,-27.974416,6.576200,13.457129,-72.438664,6.498763,-32.393661,57.852618,0.730245,9.314169,15.757948,-75.723807,-38.998956,42.015635,56.939824,-17.096718,-0.431579,24.513163
306.000000,-3.497506,18.089117,79.100180,-2.346917,1.843855,69.142536,1.647406,4.389570,23.711273,8.854495,-12.675543,2.507451,-10.597501,-8.004704,3.486262,13.332910,-2.936553,5.156290,-27.755111,7.070293,14.067377,-67.617848,5.312233,-31.188467,58.118237,2.044868,9.459739,15.349365,-71.056466,-38.315561,38.764271,57.055603,-16.311706,-0.116431,23.574079
307.000000,-3.391829,18.099396,79.087889,-2.350203,1.868572,69.839865,1.507110,4.348640,23.140000,8.821014,-12.753721,2.375561,-10.429730,-8.214856,2.851221,13.512143,-3.413795,4.999874,-27.375200,7.471342,14.633463,-63.078108,4.325445,-30.737948,59.172470,3.747560,9.543066,14.898475,-66.470001,-37.899897,35.982082,56.657109,-16.657496,-0.418934,23.170274
308.000000,-3.229104,18.098752,79.089773,-2.278583,1.852387,70.575852,1.408439,4.304710,22.292453,8.853073,-12.422377,2.451423,-10.130344,-8.381525,2.182766,13.698160,-3.872495,4.740103,-26.707361,7.932299,15.121685,-58.454828,3.100396,-29.529613,60.656779,4.526054,9.648407,15.060760,-61.629698,-37.885936,33.737586,55.936753,-18.117036,-1.153013,23.296901
309.000000,-3.023005,18.112811,79.087299,-2.207365,1.836066,71.495082,1.269271,4.316441,21.457955,8.970383,-12.293284,2.248826,-9.729843,-8.581904,1.339047,13.831526,-4.286930,4.479753,-26.016525,8.413222,15.457755,-53.522421,2.471475,-28.196407,61.687482,5.104111,9.526178,15.351045,-56.400646,-37.164961,29.459654,55.978700,-16.366511,-0.766648,21.771793
310.000000,-2.784047,18.198203,79.082721,-2.245844,1.888681,72.529552,1.108321,4.335839,20.755922,8.947066,-12.235753,2.162801,-9.331282,-8.749706,0.638341,13.865103,-4.601262,4.197167,-25.054537,8.909353,15.458484,-48.102318,2.244592,-26.740629,62.205729,6.131438,9.419607,15.756282,-50.855372,-36.918187,26.111596,55.169091,-16.645364,-1.119521,21.212629
311.000000,-2.519837,18.248893,79.077101,-2.355155,1.977548,73.448573,0.838839,4.349627,20.141678,8.929638,-12.279253,1.952049,-9.087364,-8.979426,-0.246069,13.927600,-5.124672,4.025103,-23.790700,9.348513,15.257138,-42.264056,2.601885,-24.765948,62.367659,7.781735,8.919020,15.728169,-45.243187,-36.784581,23.675833,54.227857,-17.962474,-1.947000,21.103708
312.000000,-2.210253,18.335542,79.073471,-2.356214,2.022254,74.571482,0.696252,4.395784,19.350047,8.979903,-12.238255,1.715931,-8.594796,-9.170022,-1.120186,13.943596,-5.601337,3.865587,-22.299939,9.696536,14.982486,-36.090450,3.018211,-22.375770,62.530102,8.852255,8.505244,17.546455,-38.895725,-35.875657,19.232675,53.822164,-16.413117,-1.763863,18.760530
313.000000,-1.878261,18.401383,79.056120,-2.311707,2.037512,75.746473,0.580123,4.484891,18.555356,9.005175,-12.435841,1.425606,-8.121420,-9.297515,-1.988830,14.101196,-6.030074,3.560514,-20.817392,9.872067,14.691233,-30.380955,4.226608,-19.436348,63.365687,10.028190,8.192629,18.531623,-32.715923,-34.638505,14.739593,53.378243,-14.822991,-1.559706,16.569610
314.000000,-1.544123,18.497123,79.041654,-2.256438,2.033201,76.893613,0.510082,4.577538,17.715018,8.989079,-12.450491,1.164168,-7.590812,-9.421531,-2.978107,14.294508,-6.657177,3.051686,-19.231817,9.965624,14.289767,-25.250204,5.885164,-15.816423,64.946336,10.588421,7.600939,19.221054,-27.167757,-33.256615,11.071177,53.539145,-14.372303,-1.791331,14.849446
315.000000,-1.243142,18.599252,79.022807,-2.177483,1.997764,78.203768,0.379453,4.642767,16.661311,9.105031,-12.490661,0.879714,-6.883990,-9.658250,-4.338922,14.353308,-7.298438,2.948990,-17.756892,9.981932,13.691297,-20.713782,8.210557,-12.543014,66.979212,10.621062,7.369349,19.378176,-22.058303,-31.787912,7.496098,54.313955,-13.025087,-1.750859,13.086432
316.000000,-0.944726,18.694291,79.006755,-2.144115,1.946191,79.530010,0.045361,4.774483,15.528169,9.479795,-12.741096,0.636422,-6.236341,-9.780857,-5.472549,14.338449,-7.789215,2.349238,-16.143782,9.817967,12.922243,-17.015092,11.066373,-7.737458,68.451644,8.877294,7.313482,20.545757,-17.656666,-30.561531,3.759720,55.447295,-11.445419,-1.408094,10.867275
317.000000,-0.677164,18.795159,78.986073,-2.160301,1.916763,80.557481,-0.140476,4.850036,14.641296,9.551498,-12.642274,0.404222,-5.687294,-9.898255,-6.655853,14.302780,-8.400253,2.326370,-14.257653,9.508579,12.101472,-13.772750,14.803735,-1.446525,67.403920,7.814892,7.624199,21.146360,-13.755321,-30.734185,0.657539,54.829275,-13.428659,-1.667330,11.160399
318.000000,-0.467680,18.847856,78.992665,-2.237215,1.855049,81.562490,-0.469551,4.925651,13.728138,9.685208,-12.533258,0.420723,-5.257883,-9.931096,-7.556797,14.139060,-8.537402,1.996954,-12.429209,9.123999,11.228157,-10.853853,19.136862,4.533143,64.004760,9.071340,8.103356,22.297246,-10.141215,-31.997541,-2.737055,51.905521,-16.119407,-2.294594,11.092440
319.000000,-0.270070,18.902045,78.990912,-2.269571,1.868457,82.338013,-0.774322,4.957435,13.013113,9.938610,-12.432426,0.233360,-4.806995,-10.028908,-8.496927,13.923504,-8.676606,2.284178,-10.326169,8.364520,10.284161,-8.975716,23.457742,11.391217,59.235348,9.744408,8.062911,23.662914,-7.054698,-34.014680,-7.005382,48.011954,-19.406727,-2.530742,9.539427
320.000000,-0.149812,18.984130,79.000455,-2.274548,1.833707,82.882723,-0.925718,5.009727,12.510872,10.113891,-12.437647,0.109170,-4.441170,-10.033402,-9.038394,13.749033,-8.598365,2.375162,-8.377135,7.600461,9.303733,-7.885236,27.528849,17.131047,53.532919,10.697146,8.184289,24.667648,-4.846878,-36.992298,-11.113027,43.872935,-21.853993,-2.468805,9.955926
321.000000,-0.036890,19.093047,78.984928,-2.213434,1.737197,83.440502,-0.956333,5.067696,11.894474,10.267234,-12.433570,0.121732,-3.891786,-10.055778,-9.906853,13.527227,-8.966549,2.463370,-6.658427,6.644547,8.026186,-7.152175,32.032085,20.367918,48.583720,12.281805,8.355676,25.672880,-3.487797,-40.749035,-14.193026,40.435645,-23.642177,-2.479160,9.790102
322.000000,0.016945,19.115515,78.992021,-2.271714,1.763393,84.096234,-1.288606,5.021700,11.331317,10.482020,-12.529779,-0.016526,-3.707563,-10.192030,-10.426698,13.499536,-8.844063,2.542755,-5.174014,5.468180,7.187256,-7.111720,36.156730,22.762497,43.111748,15.239825,9.187279,26.215263,-2.449052,-45.261850,-17.511557,36.176886,-27.402702,-2.714574,10.661054
323.000000,0.062450,19.237292,78.994238,-2.173361,1.660607,84.830473,-1.378463,5.018244,10.670407,10.744540,-12.583083,-0.036346,-3.038117,-10.288465,-11.417881,13.225287,-9.302652,2.652126,-4.052064,4.338549,5.964449,-7.356245,39.515981,24.372007,38.759978,15.491590,9.674737,26.923605,-1.861820,-49.510501,-19.934141,32.898726,-28.648689,-2.882929,11.800497
324.000000,0.107728,19.333871,78.993565,-2.161480,1.635490,85.633249,-1.534964,4.918281,9.939470,10.820967,-12.545371,-0.096271,-2.555955,-10.359125,-12.114783,13.033824,-9.274053,2.517978,-3.140134,3.071744,4.960015,-8.021247,42.402555,25.120876,35.037955,16.784423,10.485169,27.668606,-1.573185,-54.071797,-21.637167,29.908726,-30.956381,-3.486601,12.990556
325.000000,0.136578,19.392672,79.003018,-2.154098,1.596231,86.391647,-1.751969,4.862816,9.276094,10.967309,-12.629421,-0.225282,-2.221262,-10.398971,-12.599589,12.960870,-9.238207,2.009721,-2.286141,1.803605,4.131674,-9.055900,44.471724,25.059165,31.449586,16.709313,10.568546,28.099564,-1.367049,-58.546845,-22.706274,27.326988,-32.004207,-3.961773,14.399567
326.000000,0.195428,19.438848,78.995568,-2.121254,1.597218,86.883704,-1.930435,4.814553,8.711443,11.182632,-12.698373,-0.343400,-1.788612,-10.581109,-13.577962,12.735554,-9.798383,2.513389,-1.161661,0.532404,3.578131,-10.108017,45.986076,24.649625,28.558131,16.550199,10.460458,28.493224,-1.609227,-62.734318,-23.412075,25.527668,-32.823522,-4.782685,16.117578
327.000000,0.259760,19.472589,79.002321,-2.084744,1.613129,87.442922,-2.082067,4.730080,8.167791,11.323177,-12.663540,-0.414601,-1.450260,-10.652956,-14.117355,12.625454,-9.722532,2.342958,-0.000151,-0.785588,3.206300,-11.485415,47.144397,24.148912,26.251409,16.840689,10.351684,28.345244,-1.756141,-66.851016,-23.459150,24.510469,-33.902313,-5.615367,17.782087
328.000000,0.363498,19.463807,79.021263,-2.166403,1.601367,87.899760,-2.369062,4.697225,7.538254,11.428429,-12.253713,-0.328764,-1.290853,-10.635810,-14.624914,12.448347,-9.843284,2.205766,1.183282,-2.049247,2.812549,-12.810064,47.859282,23.606343,24.517507,16.996364,10.268792,28.033982,-2.121247,-70.769851,-23.039077,24.187554,-34.657493,-7.330676,20.125967
329.000000,0.476685,19.478521,79.037106,-2.242999,1.626026,88.345749,-2.490663,4.663512,7.125933,11.262501,-12.130063,-0.499031,-1.087840,-10.695026,-15.282475,12.286122,-9.949549,2.242813,2.379757,-3.386412,2.572297,-14.122427,48.157314,22.998511,23.368968,16.309086,10.490022,28.681819,-2.753106,-74.374838,-22.090982,24.235960,-35.166434,-8.513815,21.493815
330.000000,0.620784,19.469117,79.061788,-2.331989,1.666952,88.868170,-2.736274,4.608316,6.593418,11.245479,-11.802770,-0.533849,-0.931694,-10.699163,-15.803941,12.141005,-9.939823,2.114594,3.609605,-4.785279,2.449685,-15.316648,48.005421,22.214755,22.409905,14.892676,10.314014,29.022819,-3.380960,-77.673970,-20.615804,24.298441,-36.266938,-9.609732,22.666493
331.000000,0.786277,19.445014,79.088402,-2.427108,1.698424,89.495214,-3.034014,4.579748,6.061405,11.222803,-11.572294,-0.662861,-0.760177,-10.680678,-16.351403,11.979846,-9.818840,2.031523,4.818459,-6.164400,2.496241,-16.225975,47.983018,21.363664,22.014991,14.639049,10.009190,29.137584,-4.113746,-80.611149,-19.084172,24.388985,-36.780439,-10.761825,23.575638
332.000000,0.966639,19.451408,79.111546,-2.535724,1.675850,90.150345,-3.328632,4.564943,5.377548,11.175185,-11.183461,-0.772618,-0.574544,-10.654738,-17.137858,11.868601,-10.030467,1.915306,6.027039,-7.564349,2.595810,-16.989027,47.700139,20.641790,21.848872,13.961278,9.892644,29.270892,-4.793178,-83.235404,-17.329810,24.302834,-38.085374,-12.082943,25.197210
333.000000,1.155597,19.454670,79.137158,-2.632845,1.684068,90.966973,-3.635850,4.485147,4.535496,11.169730,-10.479213,-0.546109,-0.383832,-10.545683,-17.526158,11.778991,-9.503069,1.178470,7.217469,-8.992477,2.841906,-17.781889,47.039103,20.116997,21.669450,12.381854,9.759664,29.532392,-5.562407,-85.259421,-15.624662,24.321902,-38.630846,-13.215354,26.138232
334.000000,1.375109,19.461821,79.146224,-2.752457,1.671979,91.718036,-3.923858,4.466409,3.794173,11.043003,-10.172632,-0.811824,-0.137851,-10.469598,-18.364475,11.526000,-9.714469,1.457458,8.514206,-10.420160,3.242737,-18.068915,46.844866,19.471367,21.740752,12.365981,9.688619,29.642939,-6.394738,-87.004425,-13.959554,24.401592,-39.086837,-14.267469,26.637118
335.000000,1.584392,19.501254,79.161257,-2.815579,1.683812,92.495978,-4.170150,4.449389,3.156871,11.010235,-9.962000,-0.904733,0.128747,-10.361675,-18.850695,11.376892,-9.610113,1.273435,9.938888,-11.889990,3.746539,-18.337700,46.443862,19.044348,21.836250,11.942161,9.677621,29.725175,-7.112024,-88.297332,-12.166813,24.558101,-39.364733,-14.865497,27.024934
336.000000,1.782876,19.499899,79.171747,-2.897976,1.673976,93.239948,-4.510357,4.392977,2.371026,11.050602,-9.610428,-1.010940,0.453684,-10.380973,-19.899577,11.116034,-9.812444,1.500208,11.478746,-13.386286,4.401326,-18.665613,46.068940,18.644174,21.919155,11.897902,9.750322,29.891380,-7.896890,-88.932867,-10.450154,24.863873,-39.067681,-15.414490,27.507419
337.000000,1.967238,19.519594,79.179990,-2.958767,1.671187,94.017378,-4.730859,4.331309,1.629459,10.964779,-9.414443,-1.077200,0.675300,-10.289580,-20.410436,11.015925,-9.739506,1.316717,13.052627,-14.785956,5.174354,-18.469786,45.973477,17.978783,21.861631,12.608533,9.447737,29.416160,-8.655859,-89.408119,-8.642223,25.086161,-39.065830,-16.272219,28.365952
338.000000,2.154018,19.534434,79.187936,-3.056085,1.657579,94.664697,-4.994777,4.328255,1.052680,10.910040,-9.198167,-1.173559,0.874167,-10.226143,-21.070662,10.839778,-9.860435,1.324788,14.719584,-16.079780,5.970123,-18.290874,45.544197,17.630332,21.825161,12.558924,9.236277,29.190077,-9.570392,-89.374022,-6.944022,25.367066,-38.530600,-16.869961,29.073878
339.000000,2.315871,19.534232,79.181457,-3.154802,1.645266,95.331839,-5.314238,4.262613,0.380386,10.929186,-9.035708,-1.260666,1.042869,-10.136627,-21.586868,10.656342,-9.741278,1.247974,16.301959,-17.182429,6.769921,-17.743264,45.317257,17.226922,21.775999,12.847937,8.931529,28.767821,-10.520074,-89.228171,-5.146241,25.418445,-38.646962,-17.170710,29.421405
340.000000,2.454413,19.527249,79.177147,-3.252491,1.626100,95.977787,-5.635826,4.228421,-0.121124,10.961606,-8.925042,-1.378363,1.170771,-10.025028,-21.949933,10.483438,-9.559722,1.217118,17.859664,-18.037505,7.574623,-17.030991,45.058085,16.820191,21.827242,13.188625,8.547096,28.121108,-11.548167,-88.756662,-3.302758,25.391512,-38.156152,-17.485397,29.622107
341.000000,2.546082,19.516151,79.182756,-3.353037,1.555140,96.502863,-5.929278,4.173626,-0.752328,10.976456,-8.616683,-1.409959,1.274997,-9.918399,-22.315592,10.294081,-9.444658,1.139315,19.391288,-18.621606,8.468676,-16.453342,44.861598,16.737969,22.021471,13.172866,8.318024,27.745547,-12.755667,-88.093977,-1.494526,25.184414,-37.728681,-17.621292,29.423765
342.000000,2.587840,19.464989,79.185349,-3.456415,1.455625,97.075034,-6.313578,4.082729,-1.430680,11.075587,-8.369572,-1.437703,1.337035,-9.892052,-22.843260,10.190941,-9.597768,1.182809,20.797110,-18.885188,9.356098,-15.906747,44.978251,16.499734,22.342590,14.134014,8.123953,27.049796,-14.068145,-87.340921,0.414871,25.113631,-37.253771,-17.529534,29.206162
343.000000,2.569229,19.415177,79.195869,-3.545217,1.407948,97.695618,-6.641072,3.905646,-2.017478,11.116030,-8.161303,-1.332363,1.357807,-9.815648,-22.871930,10.070804,-9.212111,0.928283,22.054959,-18.886359,10.088097,-15.442539,45.012080,16.412455,22.752690,14.978929,7.808111,26.315308,-15.401728,-86.356827,2.345934,25.169633,-36.819470,-17.620945,29.315107
344.000000,2.504883,19.318947,79.209381,-3.680087,1.291069,98.244557,-7.102078,3.743096,-2.605905,11.259872,-7.925746,-1.342824,1.346008,-9.838551,-23.344002,9.944743,-9.071872,0.839177,23.253876,-18.526530,10.708015,-15.047195,45.334202,16.189603,23.385851,15.694124,7.372424,25.258665,-16.826781,-85.742643,4.526147,25.330668,-37.442435,-17.990290,29.234060
345.000000,2.377046,19.239992,79.224271,-3.807464,1.211897,98.670061,-7.415213,3.525475,-3.055325,11.260902,-7.711504,-1.382504,1.291387,-9.940171,-23.691061,9.888777,-8.911357,0.844906,24.374927,-17.818758,11.165294,-14.381848,45.878948,15.991329,24.253343,17.070770,7.237709,24.349831,-18.465857,-84.512512,6.376966,26.018485,-36.157959,-17.804218,30.108444
346.000000,2.193660,19.126602,79.242665,-3.918619,1.134202,99.105335,-7.740746,3.252829,-3.496334,11.256067,-7.310210,-1.244520,1.298889,-10.092746,-24.167096,9.730334,-8.780049,0.878177,25.301239,-16.857247,11.474044,-13.816923,46.427128,16.054923,25.108327,17.356829,7.180767,23.332524,-20.152611,-83.173597,8.215323,26.631778,-35.803575,-17.491174,30.402094
347.000000,1.966164,19.008179,79.252094,-4.002645,1.041635,99.675141,-8.144090,2.936620,-3.954002,11.435919,-7.144278,-1.213359,1.371157,-10.346740,-24.830719,9.626936,-8.785645,1.036460,25.934242,-15.625282,11.666161,-13.272658,47.572541,16.067535,26.328501,19.050612,6.993412,22.308702,-21.850885,-82.040899,10.108543,27.256389,-36.173133,-17.398804,30.430897
348.000000,1.705432,18.887623,79.257768,-4.068303,0.967107,100.151356,-8.412929,2.585807,-4.374353,11.462120,-7.013380,-1.115744,1.369165,-10.608272,-25.256224,9.645982,-8.740911,1.166082,26.501520,-14.136620,11.749445,-12.657509,48.787044,15.959545,27.661112,20.629289,6.821027,21.238041,-23.680882,-80.566234,11.817353,28.022997,-36.788020,-17.516167,30.661310
349.000000,1.420679,18.745808,79.262769,-4.135691,0.920646,100.479898,-8.638443,2.233660,-4.642373,11.454533,-6.770807,-1.009137,1.318421,-10.895471,-25.597621,9.661573,-8.498382,1.281300,27.048797,-12.581635,11.661547,-12.189130,50.311597,15.844277,28.987063,21.577582,6.547765,20.010497,-25.261880,-79.427812,13.894189,28.559502,-37.470022,-17.457854,30.456220
350.000000,1.119347,18.607694,79.279041,-4.169580,0.804301,100.836991,-8.863480,1.938835,-4.912881,11.514941,-6.593964,-0.965587,1.297518,-11.120351,-25.878315,9.673528,-8.312238,1.329446,27.315718,-10.746754,11.394738,-11.467035,52.419960,15.249712,30.448994,24.343274,6.171121,18.277839,-26.934074,-78.119640,15.951596,29.101534,-37.861456,-17.459531,30.446610
351.000000,0.805814,18.481050,79.285216,-4.198758,0.733947,101.037414,-9.021092,1.631900,-5.031233,11.551233,-6.317104,-0.888864,1.255399,-11.336003,-25.918925,9.606823,-8.043415,1.481335,27.496246,-8.910603,10.995789,-11.125720,54.561689,14.630603,32.133902,26.199723,5.238337,16.239688,-28.682754,-76.664782,17.984506,29.499802,-37.869410,-17.515072,30.434438
352.000000,0.481866,18.374303,79.288131,-4.188431,0.711665,101.084717,-8.982197,1.399843,-4.886938,11.377667,-6.229550,-0.818217,1.255139,-11.547785,-25.787825,9.493658,-7.833281,1.731764,27.576773,-7.061878,10.505510,-10.961325,56.991822,13.679098,33.883663,28.250989,4.638444,14.724624,-30.576793,-75.281532,20.023480,29.962295,-38.633561,-17.501764,30.337180
353.000000,0.182526,18.222271,79.298264,-4.164858,0.701099,100.903635,-8.927764,1.212556,-4.622805,11.251939,-6.240220,-0.856615,1.095915,-11.802900,-25.612253,9.585776,-7.488460,1.883577,27.475203,-5.183288,9.929209,-10.845686,59.458750,12.806196,35.502869,30.514639,3.331476,13.299189,-32.434844,-73.555530,21.567173,30.414320,-39.294710,-17.540259,29.521047
354.000000,-0.127837,18.098953,79.304844,-4.039876,0.677818,100.622641,-8.781358,1.077107,-4.334211,11.249063,-6.220577,-0.834376,1.082514,-12.007320,-25.470076,9.559009,-7.266226,2.176492,27.140547,-3.239354,9.371576,-10.769425,61.846933,11.983202,37.082729,32.773785,1.987547,12.272931,-34.256930,-71.525755,22.576130,30.951132,-39.576059,-17.250958,28.259433
355.000000,-0.423675,17.995049,79.294550,-3.919866,0.698089,100.216119,-8.624958,1.000314,-3.745641,11.300598,-6.416024,-0.790388,1.010434,-12.201439,-25.041644,9.561826,-6.990652,2.369693,26.556749,-1.413718,8.749442,-11.051155,63.753259,11.251788,38.363270,33.420276,1.045323,11.845827,-35.850334,-69.115340,22.969887,31.303618,-38.915566,-16.173575,26.518510
356.000000,-0.697101,17.946202,79.288274,-3.818528,0.698660,99.624726,-8.381557,0.987681,-3.183137,11.310139,-6.572692,-0.648698,0.867763,-12.396649,-24.664254,9.656476,-7.045209,2.606743,25.960618,0.249394,8.092653,-11.782370,65.401452,10.746834,39.321611,34.387994,0.461245,11.360253,-36.881693,-67.065935,23.075234,30.805915,-38.932655,-15.549262,25.421578
357.000000,-0.941240,17.871729,79.286611,-3.745401,0.716169,99.111905,-8.253156,0.951508,-2.664860,11.389409,-6.709269,-0.573094,0.634474,-12.573009,-24.166195,9.848113,-6.919423,2.789166,25.017311,1.734129,7.363665,-12.624572,66.409103,10.685191,39.856917,34.814792,0.143652,11.427642,-37.117659,-64.736171,22.275815,29.961697,-37.924362,-14.934444,24.325688
358.000000,-1.138899,17.836235,79.278225,-3.632382,0.723235,98.657583,-8.036450,0.928253,-2.246412,11.405951,-6.723606,-0.717973,0.563095,-12.670214,-23.779797,9.904696,-6.746912,2.923716,23.834416,3.012792,6.734991,-13.841660,66.857525,10.851088,39.974628,34.704198,-0.586199,11.334328,-36.684222,-62.941873,21.099626,28.654122,-37.803892,-14.746571,23.308680
359.000000,-1.334793,17.841631,79.263538,-3.533643,0.725811,98.190439,-7.786591,0.953462,-1.684418,11.335735,-6.996464,-0.700641,0.430378,-12.762827,-23.303364,10.053876,-6.787157,3.140644,22.454443,4.093609,6.132984,-15.141155,66.856494,11.300580,39.998032,34.002000,-1.235298,12.470067,-35.732538,-61.486667,19.353358,27.326643,-37.628349,-14.521498,21.807626
360.000000,-1.485329,17.849042,79.237342,-3.450379,0.746351,97.844092,-7.622407,0.923153,-1.358460,11.423131,-7.159892,-0.570167,0.346734,-12.832319,-22.850202,10.212574,-6.830009,3.200647,20.743307,4.881315,5.616531,-16.363979,66.605819,11.768586,39.680076,33.490863,-1.507359,13.404029,-34.219688,-60.572973,17.288035,25.906431,-37.769884,-14.243360,20.263337
361.000000,-1.572872,17.869909,79.213566,-3.355167,0.761846,97.440151,-7.471395,1.011307,-0.923503,11.572511,-7.491809,-0.546815,0.303771,-12.867984,-22.575855,10.312315,-6.861223,3.284965,18.826061,5.464076,5.161831,-17.725231,65.593981,12.634831,39.107655,31.493415,-1.967220,14.506485,-32.194694,-59.490606,14.331639,24.958775,-37.399606,-13.916003,18.882456
362.000000,-1.618992,17.922564,79.199880,-3.243843,0.743685,96.998484,-7.211099,1.150859,-0.557226,11.576744,-7.739597,-0.556592,0.320390,-12.772106,-22.281554,10.336697,-6.911379,3.354719,16.772117,5.885833,4.726473,-19.097182,64.025346,13.924223,38.471648,28.410976,-2.535112,15.852828,-29.697799,-58.479144,10.588570,24.141369,-36.508246,-13.493892,16.805950
363.000000,-1.646652,17.935684,79.195791,-3.137758,0.772351,96.428737,-6.975750,1.281513,-0.126397,11.580730,-7.929187,-0.571847,0.178455,-12.780505,-21.858632,10.486285,-6.865911,3.472838,14.743201,6.132481,4.573940,-20.140367,62.599606,15.204986,37.993115,26.915791,-2.864019,17.600393,-26.307068,-56.697732,4.530711,23.318172,-34.211666,-12.579857,13.342564
364.000000,-1.580974,18.008018,79.181594,-2.948942,0.808324,95.638957,-6.594369,1.541835,0.443885,11.712018,-8.165771,-0.522865,0.219561,-12.636269,-21.396008,10.455955,-7.206371,3.471107,12.898721,6.158239,4.139000,-21.510948,59.947751,16.983130,37.289076,20.061157,-4.707435,17.468318,-23.189228,-53.685902,-2.038769,23.130582,-29.503709,-12.020784,9.889469
365.000000,-1.500778,18.067577,79.162198,-2.885926,0.854859,94.828919,-6.321310,1.779318,0.929118,11.756495,-8.367631,-0.503025,-0.001834,-12.512140,-20.764631,10.645533,-7.305904,3.339667,11.321897,6.031787,3.679503,-23.585422,56.318055,19.173454,36.597967,9.039277,-6.957445,18.058342,-19.894073,-49.510054,-9.781433,22.634723,-17.935322,-12.323600,6.632005
366.000000,-1.386322,18.171848,79.132056,-2.877032,0.927177,94.073589,-6.039854,2.026723,1.579321,11.771467,-8.650617,-0.561714,-0.203662,-12.327853,-20.079542,10.679869,-7.224586,3.354105,9.686661,5.746499,2.962921,-25.088931,51.969154,21.020643,34.848527,-4.638200,-10.039776,17.874779,-18.042964,-43.805073,-16.764942,22.073331,-1.493845,-13.796812,3.155713
367.000000,-1.231250,18.232335,79.118222,-2.775424,0.992105,93.077397,-5.569900,2.413580,2.515614,11.589985,-9.086318,-0.677683,-0.512445,-12.085690,-19.140424,10.829086,-7.290910,3.174086,8.370747,5.387278,2.410563,-26.547388,46.467922,22.836432,31.612701,-23.874745,-14.383212,16.126068,-17.234294,-37.362368,-22.536110,20.352955,18.543260,-16.917989,0.571553
368.000000,-1.097522,18.327548,79.102445,-2.644860,1.055557,92.110087,-5.099299,2.767066,3.404358,11.566837,-9.658326,-0.690931,-0.709125,-11.922554,-18.475254,10.993580,-7.605691,3.090538,7.239123,5.076920,1.763285,-28.647558,39.856708,24.625042,28.163629,-41.487942,-18.248889,16.854532,-17.036701,-31.121385,-26.387947,17.249257,35.192345,-21.383217,-2.177405
369.000000,-0.955024,18.429402,79.084402,-2.472952,1.117199,91.190291,-4.576353,3.123326,4.295331,11.558329,-10.184499,-0.666390,-0.803740,-11.683891,-17.705121,11.072465,-7.796810,2.851287,6.090607,4.714076,0.864734,-30.980666,32.777446,26.669703,24.052726,-57.142992,-21.944718,16.652457,-17.868711,-25.147718,-28.648112,13.724481,47.236700,-24.873807,-3.608336
370.000000,-0.834103,18.518566,79.063165,-2.280877,1.190124,90.102417,-4.012001,3.441663,5.272588,11.538562,-10.681204,-0.558198,-0.947272,-11.494901,-16.883463,11.192398,-8.002691,2.746860,4.967831,4.437253,0.349431,-31.972781,27.099424,27.735172,19.826166,-67.931409,-25.486067,15.892001,-19.117155,-20.537880,-29.325171,9.826897,55.519278,-27.450032,-3.395112
371.000000,-0.731898,18.636656,79.039317,-2.048090,1.204399,89.201528,-3.355353,3.777238,6.204654,11.444129,-11.286678,-0.643093,-0.867034,-11.302302,-16.374786,11.222318,-8.542659,2.849340,3.957038,3.977625,-0.611380,-32.905311,22.422881,28.282850,16.553214,-74.294276,-27.517854,14.911556,-20.098062,-17.746570,-29.288766,7.429709,58.631443,-28.724432,-3.331068
372.000000,-0.660683,18.712243,79.020596,-1.812590,1.247198,88.362944,-2.803942,3.966946,6.893944,11.435324,-11.630275,-0.391211,-0.942594,-11.126867,-15.486563,11.420068,-8.567565,2.734408,3.167309,3.604389,-1.289184,-34.055467,17.922532,28.208516,12.976388,-79.446698,-29.357526,13.796881,-21.859015,-15.496673,-28.388809,4.843902,61.558398,-29.565973,-3.138760
373.000000,-0.627838,18.724583,79.001510,-1.626813,1.253744,87.736248,-2.411400,4.129670,7.493905,11.414178,-11.935518,-0.419834,-1.066769,-10.954794,-14.701378,11.616374,-8.571140,2.631719,2.474267,3.216799,-1.912099,-35.668197,14.207764,27.811967,9.821418,-82.164293,-30.701919,12.737837,-23.959668,-14.571246,-27.297584,3.024381,62.298087,-29.762993,-3.069456
374.000000,-0.583232,18.774107,78.982294,-1.508193,1.267340,87.230438,-2.036826,4.273814,8.018804,11.300855,-12.152980,-0.325218,-1.173361,-10.762776,-13.902372,11.727578,-8.300748,2.436703,1.996208,2.888564,-2.580051,-37.355049,11.312580,26.971936,6.923444,-84.011935,-31.677226,11.927592,-26.645147,-14.310610,-25.904358,1.561500,62.315620,-30.212249,-3.551041
375.000000,-0.542711,18.871544,78.956884,-1.414508,1.234275,86.927858,-1.576987,4.364707,8.339880,11.000321,-12.311011,-0.318137,-0.902227,-10.558058,-13.682589,11.434462,-8.313681,2.499837,1.656661,2.510743,-3.798891,-38.996268,9.545072,25.796788,5.116851,-84.614733,-32.584459,11.510150,-29.170710,-14.294773,-24.707183,0.409081,61.871357,-31.040734,-3.816709
376.000000,-0.521336,18.821943,78.963393,-1.436293,1.223319,86.709183,-1.607176,4.445480,8.456004,11.021115,-12.183596,-0.309367,-1.175085,-10.461324,-13.249550,11.630504,-8.145168,2.436362,1.445731,2.205967,-4.288164,-41.672453,8.063762,24.541694,3.232817,-84.713696,-33.852070,11.343279,-33.163010,-14.541037,-23.416016,-0.587103,61.061796,-32.013302,-4.949614
377.000000,-0.492757,18.946895,78.959227,-1.448947,1.183770,86.675062,-1.304291,4.497973,8.608893,10.668778,-12.234266,-0.332090,-0.917259,-10.299538,-13.208958,11.293908,-8.180214,2.503263,1.163499,1.733947,-5.500214,-44.182824,7.061866,23.582837,1.871056,-85.211357,-34.629179,11.293222,-36.119359,-14.935486,-22.283509,-1.154790,60.707978,-32.574726,-5.489904
378.000000,-0.472537,18.864989,78.967267,-1.522702,1.186920,86.461407,-1.399729,4.557442,8.726309,10.649511,-12.042412,-0.371962,-1.231201,-10.305596,-13.119564,11.461320,-8.143943,2.712518,1.150474,1.466261,-5.850704,-47.528080,6.221078,22.676605,0.731736,-85.047788,-35.678507,11.398583,-40.578092,-15.657524,-21.177903,-1.391959,59.658731,-33.209589,-6.682463
379.000000,-0.449096,18.946747,78.959864,-1.503702,1.152224,86.404864,-1.135942,4.566879,8.740416,10.377508,-11.985187,-0.376854,-0.979963,-10.209007,-13.196378,11.168765,-8.262141,2.738960,1.030537,1.098542,-6.795932,-50.108856,6.117111,21.813874,0.440426,-84.551520,-36.045217,11.547279,-43.894105,-16.355409,-20.270226,-1.150093,58.901939,-33.386320,-7.386460
380.000000,-0.418770,18.958174,78.967321,-1.563390,1.186995,86.350084,-1.125142,4.595314,8.875734,10.244135,-12.033592,-0.469375,-1.180238,-10.211363,-12.969710,11.342618,-8.007232,2.703765,0.914524,0.722469,-7.093496,-53.621127,5.896364,20.912834,0.419725,-84.309280,-36.724097,11.917448,-48.160815,-17.025952,-19.046683,-0.375839,57.910408,-33.534422,-8.678854
381.000000,-0.381362,18.986277,78.971303,-1.638175,1.175272,86.301573,-1.131094,4.655341,8.991197,10.149453,-11.881855,-0.475256,-1.262440,-10.123244,-12.859796,11.351132,-8.048464,2.724219,0.854993,0.460376,-7.505502,-56.664451,6.140051,20.156190,1.047963,-83.924119,-37.370004,12.591823,-51.917658,-17.980712,-17.970110,0.570747,57.818897,-33.483302,-9.716986
382.000000,-0.335995,19.022317,78.980017,-1.681765,1.162565,86.301803,-1.117436,4.702932,8.994882,10.068944,-11.778180,-0.500945,-1.270160,-10.078927,-12.911407,11.331080,-8.099289,2.710112,0.720077,0.235489,-7.942986,-59.197707,6.944062,19.335185,2.209437,-82.993041,-37.660027,13.273120,-55.202829,-19.294707,-16.944472,1.802793,57.545915,-33.445695,-10.181720
383.000000,-0.296149,19.073999,78.982347,-1.736181,1.160599,86.327741,-1.084873,4.733856,9.013866,9.956897,-11.753332,-0.599625,-1.233048,-10.065331,-13.014817,11.282858,-8.079053,2.685823,0.561712,-0.041042,-8.275548,-61.785864,7.637763,18.465864,3.327350,-82.693544,-38.069589,13.972357,-58.300186,-20.653606,-15.878122,3.267757,57.379661,-33.636131,-10.652827
384.000000,-0.251961,19.138144,78.986889,-1.790391,1.162448,86.290125,-1.006361,4.750538,9.008891,9.812344,-11.654494,-0.605748,-1.211953,-10.018861,-13.012269,11.211353,-8.092398,2.692871,0.463854,-0.260302,-8.633343,-64.124862,8.449247,17.556253,4.519783,-82.869312,-38.384130,14.722616,-61.180409,-22.020132,-14.717162,4.799633,57.581589,-33.745779,-11.183713
385.000000,-0.203071,19.191149,78.994757,-1.843277,1.161861,86.288977,-0.937567,4.785517,9.026014,9.653038,-11.560607,-0.674669,-1.187317,-9.960268,-13.030061,11.130872,-8.048622,2.714423,0.419663,-0.418669,-8.909360,-66.341047,9.396753,16.373710,5.821078,-82.743446,-38.514238,15.273459,-63.946847,-23.402938,-13.400600,6.342416,57.775245,-33.701881,-11.481168
386.000000,-0.151145,19.245510,79.006296,-1.896959,1.170024,86.251255,-0.921687,4.833649,9.090858,9.600495,-11.563420,-0.763662,-1.174604,-9.911394,-13.042028,11.048433,-8.034591,2.782204,0.379337,-0.566786,-9.248726,-68.447006,10.597627,15.203962,7.303697,-82.383577,-38.623388,15.464858,-66.456019,-24.884230,-12.084253,7.836798,57.937749,-33.652636,-11.466781
387.000000,-0.106800,19.287990,79.010922,-1.954962,1.193057,86.202616,-0.885603,4.885409,9.270611,9.522802,-11.732785,-0.938068,-1.176081,-9.872997,-13.006715,10.982791,-7.927217,2.834776,0.350598,-0.720607,-9.545398,-70.765794,11.474030,14.153947,8.480178,-82.560970,-38.818472,15.697892,-68.988886,-26.062393,-10.875331,9.230936,58.483925,-33.734998,-11.641771
388.000000,-0.065486,19.333307,79.018968,-2.010598,1.177222,86.135513,-0.841700,4.952026,9.365225,9.432215,-11.708894,-1.043306,-1.163651,-9.829083,-13.039445,10.865246,-7.983622,2.898632,0.366556,-0.791924,-9.774881,-73.018759,12.559667,12.983806,9.686285,-82.662276,-38.874449,16.076588,-71.526137,-27.175168,-9.697749,10.619468,58.981846,-33.751189,-11.764967
389.000000,-0.027975,19.381143,79.032701,-2.062124,1.173595,86.067055,-0.751981,5.016230,9.501332,9.279329,-11.713898,-1.154371,-1.166556,-9.787399,-13.046433,10.795943,-8.030739,2.946643,0.321196,-0.877521,-9.960132,-75.246193,13.840637,11.595926,10.963307,-82.348558,-38.819810,16.396911,-73.946995,-28.559108,-8.168881,12.110426,59.355792,-33.664114,-11.807874
390.000000,-0.001089,19.435114,79.042441,-2.116224,1.172341,86.071980,-0.722057,5.040777,9.540595,9.210024,-11.630516,-1.213132,-1.142459,-9.751663,-13.038418,10.738881,-7.961674,2.943215,0.227294,-0.934826,-10.195400,-77.548001,15.055332,10.047096,12.289708,-81.899548,-38.578114,16.726047,-76.389860,-30.088944,-6.453748,13.714810,59.553690,-33.350461,-11.525324
391.000000,0.016913,19.472547,79.059267,-2.168948,1.167268,86.096623,-0.704691,5.107461,9.701973,9.118978,-11.799349,-1.382113,-1.116514,-9.781569,-13.230915,10.668261,-8.069361,3.015952,0.143720,-0.970147,-10.487652,-79.562387,17.039995,7.701782,13.753963,-81.977344,-37.643085,17.148524,-78.874881,-32.043460,-4.205277,15.694147,60.034030,-32.599202,-10.848453
392.000000,0.039527,19.490482,79.078192,-2.198445,1.161340,86.140575,-0.707241,5.132079,9.699522,9.089660,-11.641241,-1.510039,-1.076908,-9.754846,-13.299701,10.592793,-7.918052,3.138317,0.082168,-1.014759,-10.735597,-81.751729,19.517303,4.808939,15.985648,-81.297078,-36.513215,16.756950,-81.539140,-34.686101,-1.354494,18.171380,59.815143,-31.128290,-9.368763
393.000000,0.034297,19.465388,79.114795,-2.257277,1.151141,86.224290,-0.827721,5.168692,9.720641,9.071082,-11.586901,-1.635380,-1.187425,-9.780281,-13.315857,10.641387,-7.728440,3.228066,0.049069,-0.968836,-10.744537,-84.656554,22.122551,1.133010,18.944505,-80.008679,-34.956662,16.117517,-85.288101,-37.748062,2.394010,21.579445,59.856629,-29.228951,-6.439423
394.000000,0.060618,19.463594,79.117602,-2.290688,1.029131,86.316909,-0.904283,5.334378,9.642097,9.152722,-12.019914,-2.778972,-1.016751,-9.746462,-13.877057,10.355152,-7.928867,4.209884,-0.066610,-0.802139,-11.292497,-87.385181,24.351673,-2.666550,21.837723,-77.340452,-32.290126,14.791893,-88.635925,-40.582723,6.770112,25.457056,57.439234,-26.863786,-4.010761
395.000000,0.078205,19.490044,79.134691,-2.377469,0.957375,86.427416,-0.986757,5.461188,9.659201,9.135831,-12.215535,-3.493611,-0.918528,-9.677029,-14.138848,10.113949,-7.758075,4.963633,-0.211290,-0.701745,-11.772801,-90.184547,26.515479,-6.605714,24.371573,-74.985573,-29.659301,13.446138,-92.385105,-43.061788,11.510454,28.897246,54.620528,-24.356566,-1.330106
396.000000,0.081073,19.522730,79.189354,-2.500229,0.947124,86.430237,-1.028286,5.470246,9.621698,8.982343,-11.933616,-3.422694,-0.935686,-9.607816,-14.088244,9.882182,-7.154779,5.030702,-0.240602,-0.709311,-12.081956,-93.145844,28.784538,-10.673553,26.735331,-72.605034,-27.180634,12.237483,-96.367767,-45.295789,16.384852,31.786273,52.648129,-22.117957,1.957110
397.000000,0.082015,19.540483,79.242152,-2.679485,0.928210,86.382331,-1.066510,5.509996,9.702553,8.674146,-11.771887,-3.448233,-1.009060,-9.588397,-14.192179,9.574020,-7.073727,5.223920,-0.263508,-0.817190,-12.299095,-96.379105,30.459908,-14.545731,28.778678,-70.960317,-25.247625,11.275520,-100.651730,-47.371207,21.327713,34.664132,50.632889,-20.376196,4.724482
398.000000,0.083721,19.561337,79.293489,-2.827973,0.931261,86.382461,-1.144850,5.507950,9.701109,8.498481,-11.437166,-3.515844,-1.054972,-9.553030,-14.188194,9.321881,-6.818014,5.412656,-0.280996,-0.849141,-12.346485,-99.751668,31.485266,-17.898629,30.520758,-70.201545,-23.949988,10.252027,-104.952065,-48.343659,25.539194,37.246019,49.538102,-18.949605,7.557486
399.000000,0.074986,19.573252,79.332387,-2.942468,0.925498,86.410204,-1.189045,5.497717,9.679803,8.284926,-11.289448,-3.483077,-1.049420,-9.539655,-14.268576,9.041372,-6.555491,5.575737,-0.311884,-0.957840,-12.276133,-103.065608,31.879420,-20.723229,32.143301,-69.530533,-22.876858,9.292968,-109.013644,-48.974331,29.264325,39.870143,48.571832,-17.731183,9.728880
400.000000,0.087514,19.644257,79.358464,-3.062282,0.946914,86.424074,-1.076547,5.478171,9.859271,7.961760,-11.287192,-3.663465,-0.964692,-9.491600,-14.387262,8.743208,-6.358930,5.756664,-0.372886,-1.049192,-12.402178,-105.828057,31.937497,-22.780168,33.438291,-69.190069,-22.081544,8.591143,-112.221518,-48.884340,31.901351,41.932321,47.660292,-16.792247,11.448353
401.000000,0.083665,19.638243,79.405338,-3.128705,0.937059,86.366170,-1.064189,5.483141,9.856882,7.772556,-10.965309,-3.704021,-0.966127,-9.445946,-14.375342,8.523286,-6.155014,5.868829,-0.425317,-1.084089,-12.343826,-108.354613,31.823299,-24.868521,35.046117,-68.951477,-20.654144,8.753981,-115.399912,-48.606116,34.563073,43.946926,46.641815,-16.041065,12.820421
402.000000,0.074594,19.604391,79.440826,-3.215573,0.943513,86.305415,-1.085741,5.502940,10.014975,7.574521,-10.850829,-3.723332,-1.047890,-9.427256,-14.344324,8.344329,-5.949294,5.912197,-0.378487,-1.093131,-12.246407,-110.778872,31.445525,-26.603168,36.454297,-69.115681,-19.912623,8.441063,-118.431737,-48.009294,36.872254,45.939022,46.026002,-15.484013,13.871289
403.000000,0.065860,19.573279,79.469550,-3.270117,0.963415,86.184641,-1.087613,5.478569,10.069797,7.441581,-10.657169,-3.752437,-1.165570,-9.406094,-14.173696,8.281253,-5.608570,5.960215,-0.141886,-1.069236,-12.010374,-112.977708,31.184673,-28.388607,37.855282,-69.099282,-19.401311,8.082404,-121.292835,-47.233699,38.853917,47.742718,45.566374,-15.050330,14.727853
404.000000,0.047194,19.534744,79.500973,-3.306127,0.977060,86.047666,-1.090274,5.483001,10.191757,7.353996,-10.472795,-3.734207,-1.254995,-9.422505,-14.139788,8.186064,-5.544144,6.102426,0.145310,-1.020331,-11.680163,-115.088851,30.950777,-29.895448,39.349901,-68.663154,-18.784711,7.557367,-123.984353,-46.355394,40.388783,49.396003,45.289765,-14.682549,15.491275
405.000000,0.020293,19.476715,79.535586,-3.316342,0.994079,85.935167,-1.104370,5.448408,10.219660,7.303358,-10.144174,-3.744577,-1.330667,-9.406397,-13.954840,8.112132,-5.297645,6.138767,0.389907,-0.967122,-11.335880,-117.106039,30.584983,-30.951344,40.841161,-68.421864,-18.354346,7.280583,-126.409016,-45.385186,41.458774,50.994896,45.226050,-14.338666,16.031620
406.000000,-0.009346,19.419385,79.566377,-3.347304,0.977435,85.906859,-1.103418,5.468514,10.326336,7.116845,-10.105483,-3.808978,-1.369337,-9.426004,-14.044448,7.997921,-5.209615,6.200552,0.531925,-0.947729,-11.058867,-119.133157,29.814937,-31.225668,42.530191,-68.418606,-17.929214,7.127661,-128.554351,-44.413855,42.053379,52.571710,45.400814,-14.146946,16.200792
407.000000,-0.033961,19.365785,79.595011,-3.386514,0.954555,85.965364,-1.144530,5.460030,10.292196,6.984715,-9.967297,-3.934143,-1.382867,-9.409371,-14.098256,7.868510,-5.043443,6.259954,0.670609,-0.914689,-10.786540,-121.102095,28.949511,-31.265853,44.048846,-68.228494,-17.668951,7.339951,-130.468361,-43.456341,42.360543,53.896565,45.499479,-14.082663,16.361267
408.000000,-0.047698,19.307728,79.625875,-3.432514,0.937358,86.022532,-1.196761,5.433906,10.136094,6.822674,-9.580916,-3.858308,-1.421672,-9.377146,-14.115282,7.730103,-4.850946,6.303982,0.805587,-0.891852,-10.520086,-122.946957,28.009638,-31.067993,45.505483,-68.610302,-17.309257,7.926627,-132.179228,-42.545897,42.498605,54.982548,45.580629,-13.903977,16.485085
409.000000,-0.082079,19.235449,79.650766,-3.497241,0.926630,86.096707,-1.245767,5.396644,10.105982,6.605210,-9.374377,-3.880964,-1.499739,-9.411692,-14.217982,7.641506,-4.610613,6.339804,1.001361,-0.828948,-10.301302,-124.700949,27.329926,-31.191903,46.734456,-68.458535,-17.074249,8.134464,-133.710447,-41.737647,42.672932,55.909555,45.615801,-13.752624,16.670156
410.000000,-0.107648,19.174269,79.679364,-3.570082,0.907742,86.221237,-1.345297,5.372485,10.006211,6.424479,-9.109858,-3.934067,-1.553593,-9.376475,-14.214595,7.535868,-4.367526,6.397471,1.121926,-0.762262,-10.116045,-126.371750,26.765244,-31.442458,47.829076,-68.185621,-16.610323,8.021145,-135.128490,-41.010939,42.869727,56.719762,45.475475,-13.663503,16.787869
411.000000,-0.131679,19.096911,79.708970,-3.649201,0.896416,86.229227,-1.451037,5.388761,10.077394,6.302449,-8.961150,-4.068064,-1.660789,-9.395306,-14.336799,7.431421,-4.280526,6.509495,1.294235,-0.709598,-9.920142,-127.970930,26.345853,-31.877487,48.658797,-67.976734,-16.339663,7.819732,-136.371024,-40.380625,43.242710,57.430218,45.423914,-13.467418,17.011534
412.000000,-0.148579,19.060527,79.734480,-3.709409,0.904773,86.240110,-1.550857,5.319736,9.913195,6.253900,-8.656029,-4.067039,-1.719412,-9.379904,-14.269679,7.352980,-3.953127,6.501119,1.453089,-0.678677,-9.728590,-129.458080,26.072471,-32.536122,49.336249,-67.824851,-16.017255,7.588185,-137.529288,-39.841426,43.678489,57.916043,45.364505,-13.398438,17.355547
413.000000,-0.164782,19.014771,79.758990,-3.762345,0.906906,86.240304,-1.626827,5.280135,9.771469,6.140621,-8.429143,-3.999427,-1.759620,-9.392718,-14.326146,7.190514,-3.873227,6.615341,1.568387,-0.612504,-9.509777,-130.864198,25.808536,-33.063330,49.725297,-67.776336,-15.811681,7.074952,-138.582025,-39.314316,44.054071,58.382907,45.121135,-13.347588,17.528494
414.000000,-0.179076,18.985118,79.781783,-3.788099,0.913002,86.320685,-1.657902,5.241098,9.737026,6.039168,-8.306645,-4.010953,-1.778810,-9.403501,-14.302046,7.162527,-3.594714,6.610941,1.716546,-0.533180,-9.284649,-132.105749,25.635061,-33.746158,50.189569,-67.527895,-15.460654,6.733808,-139.507707,-38.806270,44.330489,58.652344,44.944861,-13.283636,17.572892
415.000000,-0.191685,18.953918,79.803115,-3.829707,0.909235,86.340260,-1.702694,5.261743,9.791670,5.945891,-8.311130,-4.163059,-1.806224,-9.419597,-14.404534,7.082406,-3.608832,6.748343,1.858344,-0.417156,-9.092779,-133.217758,25.545672,-34.408021,50.535231,-67.173415,-15.334972,6.555202,-140.321619,-38.326223,44.369971,59.071690,44.962866,-13.331111,17.391374
416.000000,-0.202085,18.941304,79.810429,-3.857317,0.908801,86.398359,-1.740154,5.229305,9.744733,5.911405,-8.211123,-4.265129,-1.826784,-9.401530,-14.355249,7.025917,-3.408074,6.786587,2.004506,-0.337284,-8.927805,-134.366651,25.507372,-34.251855,51.243890,-66.991902,-15.195824,6.572662,-141.105930,-38.015822,43.595834,59.937936,45.503168,-13.205715,16.914718
417.000000,-0.211621,18.937056,79.828662,-3.888735,0.909912,86.451502,-1.750719,5.216434,9.728892,5.823876,-8.159300,-4.302451,-1.816147,-9.425232,-14.425670,6.947881,-3.252227,6.824475,2.140602,-0.277465,-8.825538,-135.364992,25.644049,-34.506758,52.244038,-66.617881,-14.782466,6.528836,-141.761942,-37.883511,43.359543,60.555269,45.449260,-13.014463,16.775583
418.000000,-0.215398,18.939917,79.850090,-3.922172,0.892499,86.511979,-1.778339,5.225827,9.687406,5.763484,-8.028746,-4.378431,-1.800506,-9.415689,-14.485248,6.868137,-3.206609,6.842895,2.198196,-0.198448,-8.799648,-136.108212,26.033285,-35.291058,53.138885,-66.021872,-14.359737,5.936676,-142.164582,-37.968670,43.863960,60.975455,45.069966,-13.034155,16.992425
419.000000,-0.213065,18.939552,79.858077,-3.949857,0.893589,86.553377,-1.806378,5.192889,9.559978,5.726065,-7.826332,-4.379366,-1.797624,-9.407658,-14.513802,6.801084,-3.235191,6.956688,2.190156,-0.138081,-8.748745,-136.718954,26.502621,-35.993082,53.862991,-65.307687,-14.008760,5.099278,-142.235520,-38.053064,44.507691,61.172629,44.954065,-13.016678,17.481746
420.000000,-0.208304,18.946281,79.858208,-3.978903,0.920340,86.639465,-1.829634,5.168086,9.606642,5.661578,-7.905555,-4.456804,-1.792436,-9.456541,-14.599480,6.793514,-3.135459,6.889304,2.233409,-0.076255,-8.650451,-137.096267,26.887755,-36.210815,54.184973,-64.966963,-14.068903,4.354703,-142.358942,-38.150213,44.512527,60.876964,44.943683,-13.481117,17.517982
421.000000,-0.190702,18.956162,79.844111,-3.979574,0.941493,86.693663,-1.866132,5.136136,9.518409,5.719670,-7.815729,-4.431233,-1.781455,-9.435747,-14.504260,6.810492,-3.114970,6.838228,2.297655,-0.004965,-8.416694,-137.213023,27.040307,-35.983578,53.820719,-65.692917,-14.387064,4.125322,-142.255396,-38.065614,43.972748,60.011012,45.993463,-14.076603,17.295596
422.000000,-0.181657,18.959416,79.839754,-3.941956,0.935982,86.714022,-1.833015,5.121254,9.420755,5.723433,-7.761489,-4.338917,-1.748823,-9.426005,-14.510129,6.848439,-3.217100,6.832279,2.349207,0.059672,-8.266708,-136.984826,27.211118,-36.102416,53.109779,-66.498776,-14.501803,3.821560,-141.981751,-38.112640,43.676720,59.195795,46.691235,-14.318698,17.147260
423.000000,-0.158607,18.948843,79.831266,-3.901453,0.946472,86.768668,-1.801830,5.131955,9.467855,5.717158,-7.864525,-4.446197,-1.719457,-9.453064,-14.581552,6.916723,-3.212048,6.818423,2.320016,0.072439,-8.186964,-136.607636,27.511500,-36.611429,52.564241,-66.540133,-14.716442,3.454058,-141.571640,-38.262153,43.946486,58.440376,46.812300,-14.335510,17.221251
424.000000,-0.132612,18.954687,79.824317,-3.872054,0.937897,86.780054,-1.785165,5.145277,9.364388,5.763942,-7.762885,-4.388535,-1.673141,-9.439565,-14.654731,6.921165,-3.383876,6.837593,2.292934,0.102148,-8.190047,-136.325481,27.759275,-36.931140,52.295033,-66.167840,-14.756026,3.317631,-141.160257,-38.370582,44.141989,57.921999,46.948436,-14.377564,17.311652
425.000000,-0.098672,18.968664,79.824525,-3.850529,0.951089,86.824767,-1.772028,5.149204,9.340693,5.780096,-7.732976,-4.284992,-1.621882,-9.438729,-14.690571,6.940337,-3.350937,6.738107,2.214571,0.130753,-8.158601,-136.089019,27.874644,-37.038326,52.193229,-66.058680,-14.848596,3.403035,-140.827122,-38.367109,44.177110,57.495843,47.194951,-14.546691,17.113316
426.000000,-0.078913,18.973851,79.816371,-3.844940,0.953091,86.871851,-1.756269,5.164854,9.377712,5.749266,-7.875392,-4.426292,-1.620736,-9.416168,-14.654617,6.943225,-3.496512,6.804514,2.187637,0.166926,-8.106717,-135.892365,27.795216,-36.954602,51.955425,-66.432927,-14.861032,3.754949,-140.571044,-38.304507,43.998760,57.188009,47.335390,-14.449665,17.084487
427.000000,-0.048450,18.974639,79.804862,-3.838707,0.961567,86.850574,-1.771678,5.195362,9.402732,5.824379,-7.937626,-4.507100,-1.639779,-9.416891,-14.710286,6.985509,-3.680925,6.956142,2.195340,0.159904,-8.059681,-135.728563,27.830072,-37.017245,51.581312,-66.546916,-14.758835,3.852560,-140.367026,-38.341475,43.922576,56.951538,47.357018,-14.520215,16.845147
428.000000,-0.025258,18.979299,79.803991,-3.838914,0.980246,86.878618,-1.797140,5.203460,9.429227,5.876618,-8.020256,-4.489468,-1.663445,-9.407906,-14.609575,7.112943,-3.493113,6.655941,2.132475,0.143375,-8.007734,-135.524859,27.991681,-37.248969,51.104999,-66.206287,-14.738643,3.848196,-140.115115,-38.396165,44.027126,56.547911,47.159833,-14.675358,16.512602
429.000000,0.000973,18.968794,79.797655,-3.847460,0.968745,86.873992,-1.821575,5.250878,9.462252,5.935679,-7.935613,-4.464469,-1.695289,-9.388373,-14.645551,7.145836,-3.539439,6.573651,2.099512,0.160402,-7.938383,-135.262047,28.171365,-37.437520,50.597089,-65.881389,-14.811339,3.747987,-139.820721,-38.382801,43.971525,56.134115,47.176694,-14.824319,16.356174
430.000000,0.030237,18.964747,79.790878,-3.846502,0.963894,86.886407,-1.815413,5.284109,9.501094,5.913568,-7.966645,-4.554768,-1.694412,-9.404038,-14.787442,7.170583,-3.674150,6.660177,2.043027,0.168144,-7.878906,-134.879625,28.340485,-37.660399,50.319902,-65.873124,-15.100445,4.036851,-139.552567,-38.454860,44.091788,55.676772,47.006028,-14.975248,16.143601
431.000000,0.049687,18.962783,79.787225,-3.830454,0.975802,86.937472,-1.813174,5.279820,9.473784,5.928862,-7.963056,-4.542153,-1.686671,-9.404865,-14.773144,7.222124,-3.577570,6.631397,1.979311,0.157548,-7.794812,-134.475551,28.426453,-37.925250,49.633906,-65.774892,-15.358544,4.050581,-139.248651,-38.513429,44.302325,55.189653,46.826496,-15.216147,15.926744
432.000000,0.073681,18.946612,79.784751,-3.811459,0.987811,86.945763,-1.809793,5.297984,9.509537,5.948979,-8.056620,-4.536759,-1.676248,-9.394170,-14.781463,7.209473,-3.712873,6.693682,1.920771,0.121276,-7.671359,-134.030332,28.405917,-37.845119,49.020425,-66.417415,-15.701099,4.374144,-138.948273,-38.549663,44.257553,54.744335,46.881309,-15.264663,15.709886
433.000000,0.084653,18.945028,79.779547,-3.791376,0.976268,86.923682,-1.814332,5.300302,9.418196,6.004555,-7.925670,-4.513789,-1.649665,-9.379495,-14.786086,7.224613,-3.719488,6.617040,1.950123,0.137031,-7.605737,-133.587244,28.447535,-37.943040,48.400951,-66.647265,-15.954111,4.585415,-138.695980,-38.625987,44.176417,54.344783,46.856505,-15.369186,15.446142
434.000000,0.095814,18.941110,79.781669,-3.793849,0.969249,86.925201,-1.812724,5.322208,9.424941,5.990306,-7.972703,-4.533668,-1.637441,-9.389111,-14.872184,7.222875,-3.726966,6.516472,1.951187,0.134137,-7.568613,-133.121220,28.509531,-38.119036,47.729096,-66.850169,-16.223128,4.850735,-138.403825,-38.696382,44.139152,53.887297,46.865667,-15.622212,15.105737
435.000000,0.104906,18.939015,79.800642,-3.763694,0.928066,86.960668,-1.792200,5.364784,9.364646,5.991420,-7.933108,-4.487279,-1.608403,-9.305513,-14.753704,7.219977,-3.497441,5.768723,1.871166,0.153895,-7.484550,-132.600473,28.778548,-38.510150,46.744268,-66.616980,-16.912436,5.248126,-137.858325,-38.935825,44.425897,53.090371,46.797902,-16.021119,14.656150
436.000000,0.137197,18.896368,79.781955,-3.787940,0.961576,86.983060,-1.868274,5.339559,9.344326,6.001160,-7.881258,-4.589386,-1.636581,-9.270575,-14.752905,7.126000,-3.689027,6.607005,1.764949,0.131772,-7.322836,-131.475309,29.376968,-39.389120,44.323027,-66.573915,-18.379607,5.840607,-137.011792,-39.569577,45.186599,51.340008,46.362388,-17.166658,13.792875
437.000000,0.121679,18.778339,79.798830,-3.722772,1.005611,86.961879,-1.970589,5.295381,9.221280,6.037655,-7.662950,-4.471521,-1.790037,-9.411001,-14.721032,7.246281,-3.602055,6.873018,1.696618,0.188576,-6.864314,-128.824567,31.101516,-40.739708,38.723710,-66.713729,-21.013236,6.988513,-135.041596,-41.260736,46.348468,47.093092,45.485716,-19.394116,11.756222
438.000000,0.111605,18.667321,79.791313,-3.658369,1.034958,86.932492,-2.030935,5.234425,9.124292,6.053856,-7.516941,-4.400118,-1.896613,-9.465214,-14.584551,7.392636,-3.327733,6.732491,1.736558,0.273672,-6.294278,-124.391747,34.100491,-41.674836,29.737704,-66.611181,-24.367849,7.974517,-131.581969,-44.299777,46.896478,39.780395,43.822617,-22.248955,8.888212
439.000000,0.113754,18.595214,79.768825,-3.578349,1.053057,86.838081,-2.004591,5.224463,9.120786,6.088329,-7.420226,-4.223933,-1.928288,-9.470811,-14.449269,7.445889,-3.374268,6.740398,1.854401,0.387127,-5.865864,-118.651451,38.474087,-41.472553,19.311523,-63.932565,-26.866834,8.965880,-126.232619,-48.843837,46.208487,29.896438,41.346427,-25.003028,5.321435
440.000000,0.121685,18.524845,79.739004,-3.458394,1.042650,86.804676,-1.971873,5.254585,9.182214,6.194133,-7.567117,-4.257036,-1.906855,-9.425207,-14.294025,7.529246,-3.348061,6.534215,1.997515,0.610520,-5.386349,-110.796105,43.081039,-39.463139,7.866372,-62.492584,-30.086809,9.907231,-119.067723,-54.021342,43.445710,19.497892,38.138127,-27.279357,1.163800
441.000000,0.128285,18.463610,79.679030,-3.403266,1.046338,86.802362,-2.039135,5.216106,9.043161,6.367151,-7.592919,-4.014319,-1.919613,-9.414169,-14.270885,7.624453,-3.525404,6.488656,2.100029,0.887664,-4.958255,-101.998814,47.831801,-35.406283,-1.476734,-59.462841,-32.351939,10.577658,-110.671003,-59.513965,38.989411,10.636030,35.155909,-29.202426,-2.184212
442.000000,0.120078,18.413249,79.625535,-3.344028,1.007452,86.810397,-2.099813,5.249916,8.988583,6.516599,-7.845146,-3.911341,-1.916026,-9.364280,-14.226686,7.714750,-3.698362,6.315453,2.167456,1.298589,-4.784059,-90.014653,51.617782,-27.810333,-10.593585,-55.934260,-33.932773,11.452441,-98.380488,-64.950769,31.363822,2.280400,32.104911,-30.300898,-5.239927
443.000000,0.101426,18.392119,79.560685,-3.289882,0.975687,86.809713,-2.086079,5.267054,8.996290,6.629912,-8.112182,-3.665593,-1.871690,-9.370452,-14.359897,7.751058,-3.939063,6.193062,2.048985,1.849684,-4.689769,-76.104153,53.246912,-16.975583,-16.838827,-54.996666,-34.286245,11.062444,-82.828495,-68.340393,20.339333,-3.725753,31.029686,-31.290200,-7.076195
444.000000,0.093226,18.398380,79.467416,-3.269665,0.955784,86.827410,-2.088413,5.270577,8.968394,6.752939,-8.489689,-3.582984,-1.876561,-9.336484,-14.302957,7.901097,-4.285738,6.160605,1.677212,2.180580,-4.555759,-60.890290,52.768378,-4.068650,-19.312906,-55.877429,-33.660904,9.908388,-64.543252,-68.835207,5.972889,-7.207027,32.072437,-31.573444,-7.222263
445.000000,0.105632,18.433303,79.378968,-3.307663,1.038467,86.794869,-2.133970,5.191967,8.973625,6.878489,-8.903166,-3.429637,-2.015550,-9.412357,-14.180941,8.172778,-4.544956,6.057226,1.361360,1.740399,-4.182157,-46.585927,50.021232,7.745600,-18.117106,-59.983473,-32.286253,8.035291,-45.271703,-65.607327,-9.178507,-8.386619,33.992195,-30.898113,-6.576767
446.000000,0.132586,18.467927,79.311705,-3.279799,1.147689,86.726152,-2.080228,5.124998,9.145097,6.968264,-9.404782,-3.385249,-2.152110,-9.534445,-14.141588,8.513805,-5.280708,6.095806,1.493269,0.926621,-3.444386,-35.192471,45.481116,16.850147,-13.021841,-63.805032,-29.843805,6.291680,-28.862037,-59.190235,-20.935225,-7.073251,36.442604,-29.423864,-5.366064
447.000000,0.155262,18.505043,79.250145,-3.256092,1.197588,86.673696,-2.092446,5.066656,9.043275,7.167139,-9.665268,-3.305123,-2.188502,-9.575215,-14.056118,8.751238,-5.546254,5.821681,1.662616,0.470816,-2.543921,-26.681634,41.236055,24.190399,-4.056910,-59.437672,-26.263686,6.878290,-18.084037,-51.946591,-27.117265,-2.922317,38.714243,-27.422151,-4.032475
448.000000,0.163149,18.550923,79.211140,-3.199086,1.235609,86.624300,-1.992883,5.032762,9.046317,7.264091,-9.636982,-3.177083,-2.146237,-9.618101,-14.006882,8.896316,-5.797201,5.556713,1.571063,0.285784,-1.697123,-19.487486,35.799637,27.953258,4.307022,-58.938440,-24.425218,7.263957,-11.071606,-45.487144,-29.132580,2.957502,37.135172,-24.367950,-2.396457
449.000000,0.159943,18.580325,79.178214,-3.054952,1.269332,86.383574,-1.751931,5.063340,9.272819,7.340519,-10.180575,-3.001043,-2.115714,-9.701365,-14.013302,9.106365,-6.334405,5.528784,1.679538,0.327688,-1.005577,-14.297915,31.121996,30.469149,13.881083,-55.520753,-21.093349,7.371041,-6.204625,-40.509463,-28.789483,9.661408,32.147395,-21.423988,-0.845847
450.000000,0.150231,18.635210,79.137045,-3.014402,1.257254,86.228006,-1.721440,5.105232,9.300730,7.572716,-10.610658,-2.974870,-2.110436,-9.676148,-13.836771,9.222571,-6.623699,5.448427,1.560583,0.606621,-0.610503,-9.875070,28.590079,31.548326,24.092517,-43.772234,-17.542632,8.037505,-3.041747,-36.784380,-26.798848,16.867763,26.370027,-19.062769,1.281818
451.000000,0.116890,18.658212,79.128158,-2.958845,1.301370,86.119626,-1.642909,5.025750,9.313875,7.607965,-10.662871,-2.636670,-2.090015,-9.753923,-13.764572,9.309880,-6.800692,5.168410,1.609871,0.742509,-0.108416,-7.506646,24.515098,30.663140,31.143532,-42.459400,-14.773812,7.729708,-1.080364,-34.541937,-24.017119,24.381451,17.479279,-16.789167,2.724002
452.000000,0.064844,18.712078,79.208028,-2.883554,1.355373,86.149233,-1.406026,4.849030,9.095035,7.274017,-9.901781,-1.012660,-2.067104,-9.797461,-13.397257,9.461471,-6.906348,3.554585,1.676075,1.320640,0.218665,-5.137725,22.008821,28.525172,38.153020,-40.828552,-11.739394,8.761355,-0.614619,-32.689179,-20.305794,32.085309,16.194030,-14.993343,3.067477
453.000000,0.033317,18.723786,79.211479,-2.878130,1.376946,86.453342,-1.429604,4.707412,8.760348,7.160111,-9.843479,-0.894085,-1.974627,-9.859628,-13.416149,9.462635,-6.837758,3.410874,1.551361,2.084797,0.280361,-3.228223,20.768194,24.821184,45.797289,-30.274230,-8.618703,8.986211,-0.860595,-30.955876,-17.288121,39.633095,14.705597,-14.045136,3.177919
454.000000,0.014424,18.760270,79.213923,-2.886204,1.390311,86.886854,-1.456494,4.557263,8.309402,7.009932,-9.721079,-0.752668,-1.772354,-9.953453,-13.682297,9.347464,-6.928923,3.250508,1.411117,2.866493,0.260370,-2.451532,19.226955,21.085726,53.485169,-24.424272,-5.839559,8.250987,-1.378282,-30.390312,-13.996368,46.780044,9.073000,-13.450372,3.364763
455.000000,0.026614,18.776560,79.199445,-2.959373,1.385801,87.296439,-1.607507,4.476675,7.937433,6.966812,-9.705565,-0.796193,-1.687539,-9.989753,-13.919716,9.286434,-6.968486,3.071572,1.070212,3.703263,0.054320,-1.325193,18.299192,16.550827,60.714535,-16.632262,-3.944374,8.256258,-2.614753,-29.204735,-11.365184,53.661002,8.806864,-13.039515,1.226766
456.000000,0.046057,18.850350,79.190195,-2.874118,1.437976,87.692455,-1.534417,4.314878,7.517260,6.969105,-9.678352,-0.588963,-1.449751,-10.043188,-13.874842,9.347886,-6.961394,2.892632,0.839733,4.513177,0.120575,-0.376480,17.006705,11.741241,66.495150,-10.857851,-1.956019,8.964143,-3.621249,-28.258448,-9.090799,58.666926,10.046593,-12.393339,0.763245
457.000000,0.099890,18.863641,79.177278,-2.800937,1.448545,88.131030,-1.635905,4.232760,7.109967,7.156965,-9.560846,-0.429037,-1.207230,-10.078983,-14.126519,9.357077,-7.213746,2.646747,0.434845,5.254041,0.268094,1.240720,15.297853,7.866493,69.528676,-9.301037,-0.920308,9.837188,-3.873358,-27.880303,-6.590763,60.996328,8.517162,-12.374333,0.587951
458.000000,0.170237,18.835856,79.177797,-2.805832,1.450301,88.479234,-1.824569,4.227107,6.898798,7.296686,-9.582439,-0.551524,-1.288729,-10.177410,-14.438193,9.702137,-7.524917,2.501862,-0.140277,5.844737,0.565287,3.852619,13.640701,4.519582,69.335921,-6.922999,-0.801625,9.627738,-4.489347,-26.988772,-5.500129,61.776008,8.395793,-12.443010,0.044695
459.000000,0.254097,18.809876,79.164982,-2.887562,1.525276,88.679990,-2.047872,4.225516,6.915094,7.458535,-9.741155,-0.631278,-1.416534,-10.258170,-14.557402,9.869362,-7.688292,2.509627,-0.354695,6.139784,0.859110,6.676529,12.215575,2.453727,67.060792,-6.545521,-1.304853,9.289110,-4.565416,-25.926346,-4.834385,60.417080,9.162233,-12.547054,-0.859467
460.000000,0.348946,18.815066,79.158479,-2.893900,1.632810,88.532726,-2.051454,4.239294,7.142819,7.549548,-9.849099,-0.650404,-1.564624,-10.282302,-14.296314,10.041358,-7.682059,2.477995,0.011042,6.278752,1.153363,9.512141,11.254605,0.029682,64.140216,-6.004364,-1.716582,9.713852,-3.965696,-25.201986,-3.177386,56.768895,9.003291,-12.826545,-1.323057
461.000000,0.474913,18.823281,79.156172,-2.898799,1.722413,88.384550,-2.050091,4.309355,7.391420,7.624813,-9.979908,-0.836925,-1.662678,-10.279648,-14.182082,10.181165,-7.790333,2.456885,0.352238,6.293915,1.356684,12.240659,10.827501,-2.311543,61.305995,-5.628319,-2.289847,8.917900,-3.240678,-25.037993,-0.733362,52.480551,7.075773,-13.485304,-1.408091
462.000000,0.605588,18.849553,79.159939,-2.894644,1.749358,88.401134,-2.078366,4.411910,7.444588,7.736073,-10.094279,-0.901518,-1.657842,-10.226593,-14.218599,10.222162,-7.850649,2.455008,0.338646,6.237187,1.434361,14.918694,10.747525,-4.781955,58.421647,-6.678997,-2.379854,8.256712,-3.026789,-24.811728,1.228881,48.344017,5.751315,-13.979619,-2.026630
463.000000,0.702306,18.911248,79.145330,-2.879155,1.761792,88.419624,-2.079818,4.518593,7.560152,7.907506,-10.267128,-0.982313,-1.590466,-10.161531,-14.196767,10.225918,-7.894266,2.519679,0.090642,6.021800,1.453866,18.008576,11.715703,-7.634321,54.481509,-4.867842,-2.997826,7.610605,-3.556085,-24.605497,2.897233,43.754704,5.234038,-14.629212,-3.607456
464.000000,0.837238,18.963261,79.133916,-2.997050,1.738644,88.410487,-2.286344,4.712564,7.585891,8.230566,-10.335445,-1.088887,-1.664393,-10.001165,-14.200746,10.191873,-7.914548,2.523530,-0.271474,5.699056,1.250188,21.213890,13.284748,-10.313202,50.179593,-3.649806,-3.952508,6.060893,-4.531334,-24.548472,4.113971,37.782708,4.585436,-15.084135,-4.011628
465.000000,0.912853,19.083233,79.122698,-3.034234,1.807477,87.972291,-2.014668,4.847766,8.257028,8.039794,-10.555930,-1.378587,-1.836507,-9.925832,-13.739687,10.360928,-7.879120,2.595908,-0.302815,5.139421,0.972968,24.532219,15.030598,-12.850604,45.453348,-4.759917,-3.802097,5.838330,-6.026908,-24.698065,5.049399,28.810281,4.041628,-15.554950,-5.896452
466.000000,0.986329,19.228038,79.099160,-3.077803,1.792430,87.541427,-1.794524,5.060012,8.856524,8.025318,-11.027772,-1.736891,-1.970923,-9.808961,-13.441503,10.495392,-8.060546,2.657152,-0.551794,4.460786,0.288499,28.014540,17.978308,-15.411425,39.956187,-3.810326,-4.981528,4.164626,-8.942423,-25.180778,5.960182,17.798450,5.650715,-17.014826,-6.924025
467.000000,1.038268,19.419576,79.081792,-3.083635,1.780497,86.967642,-1.536825,5.287753,9.491545,8.195357,-11.245350,-1.870112,-2.070273,-9.641411,-12.895155,10.616285,-8.226861,2.751569,-0.776169,3.604293,-0.627464,31.127853,20.724481,-16.703670,34.352850,-4.479414,-5.543894,2.704406,-14.053755,-25.680304,6.403915,6.260884,8.995908,-18.156989,-8.328509
468.000000,1.090270,19.565855,79.062855,-3.049561,1.763389,86.157477,-1.072569,5.552136,10.495921,8.129087,-11.702545,-2.070612,-2.354843,-9.426997,-12.110507,10.976997,-8.185428,2.724247,-0.864502,2.578292,-1.765581,33.152499,22.197031,-15.705629,30.339707,-6.390156,-5.998498,3.301393,-21.357320,-26.740681,6.138462,-4.122210,8.886205,-19.337442,-10.833866
469.000000,1.093935,19.764021,79.034519,-2.959709,1.781554,85.193455,-0.542209,5.701789,11.455329,8.220535,-12.064418,-1.965672,-2.603470,-9.312833,-11.377979,11.407498,-8.449110,2.678199,-0.839638,1.361706,-2.968556,32.395007,22.226259,-13.170339,29.190026,-5.903786,-6.635010,6.479902,-28.892523,-27.084994,5.886909,-11.424855,6.118533,-19.763711,-15.145895
470.000000,1.055669,20.017491,79.008180,-2.791752,1.729430,84.738929,0.008823,5.785656,11.964936,8.248615,-12.379748,-1.777389,-2.546215,-9.187702,-10.834798,11.818777,-8.588661,2.369408,-0.847409,0.294273,-4.686651,28.154060,20.079696,-10.021184,29.742165,-7.113898,-7.136437,12.851056,-32.285037,-27.127305,5.699877,-15.457618,4.356454,-20.923403,-18.281623
471.000000,1.014602,20.128590,78.944218,-2.687413,1.668526,85.097208,0.042140,5.731186,11.525049,8.439434,-12.554246,-1.290182,-2.508075,-9.400858,-11.379578,12.429373,-9.272222,2.175770,-1.713079,-0.731242,-5.756166,18.485279,16.304360,-5.691903,27.780150,-12.245173,-8.955490,18.915394,-30.116141,-26.274508,7.062029,-15.703696,3.205655,-21.242397,-17.797391
472.000000,0.952640,20.277414,78.837609,-2.397170,1.693450,85.607683,0.322317,5.469936,10.850264,8.521966,-12.872157,-0.634271,-2.049627,-9.697819,-11.934792,12.936161,-9.725013,2.058710,-2.277900,-1.983600,-6.872583,6.109568,14.749834,-2.715246,19.773539,-17.981030,-12.845801,19.142782,-22.326193,-24.934744,8.972910,-10.431896,2.124564,-21.114309,-14.153782
473.000000,0.863463,20.441085,78.764343,-2.112579,1.776663,85.779380,0.488231,5.182637,10.266024,8.951856,-13.041895,-0.018863,-1.576403,-10.153575,-12.792283,13.353267,-10.736155,2.088358,-2.627297,-3.179058,-7.982936,-8.573117,14.637283,-2.259585,8.179409,-24.351977,-17.319924,19.681935,-13.099312,-24.459681,11.585945,-1.287213,-2.276031,-20.863750,-9.539817
474.000000,0.749837,20.728962,78.703046,-2.386558,1.818460,85.746281,0.276170,5.040930,10.038457,9.210163,-13.161933,0.000278,-1.610072,-10.361662,-13.147441,13.433981,-11.213811,2.673753,-3.711171,-3.677506,-9.787212,-23.613432,18.079985,-4.406182,-3.068259,-23.448601,-20.982585,20.672706,-5.009056,-25.503358,15.199167,7.580161,-6.120093,-21.384361,-6.659674
475.000000,0.632673,20.942737,78.669208,-3.145844,1.734515,85.396288,-0.233655,5.190808,10.466808,9.041433,-13.722857,-1.460477,-2.159537,-10.361216,-13.616247,13.027866,-11.324597,4.671546,-5.666536,-2.939615,-12.070533,-36.356605,23.294094,-7.090679,-12.549222,-17.197332,-23.567061,22.654151,1.738755,-28.243858,17.501098,12.776332,-10.479394,-22.804383,-7.015574
476.000000,0.490962,21.323040,78.766000,-3.868775,1.670512,84.791394,-0.189586,5.177543,10.856668,8.127606,-13.058433,-1.683537,-2.416235,-10.176076,-13.506311,12.158262,-10.413094,5.173749,-8.057517,-1.737454,-14.283703,-44.681288,30.556996,-9.525384,-20.270419,-12.687467,-25.033910,25.237006,7.715498,-31.649457,18.107504,14.768910,-10.557110,-24.019205,-5.206141
477.000000,0.394783,21.660477,78.864056,-4.433294,1.661330,84.101596,0.033062,5.210431,11.496717,7.270792,-12.733016,-2.120499,-2.579648,-10.042632,-13.358598,11.292415,-9.892107,5.840298,-9.867488,-0.685545,-16.007462,-49.110935,37.189847,-11.487057,-25.760890,-8.218767,-25.943620,26.912130,13.133367,-34.390604,15.814422,15.322408,-10.569556,-24.803528,-4.142791
478.000000,0.358990,21.941915,78.907979,-4.655443,1.641571,83.640273,0.381769,5.297804,12.106025,6.755115,-12.861696,-2.469708,-2.465441,-9.894073,-13.271141,10.750928,-9.636937,6.307559,-11.026041,-0.347043,-17.186158,-50.298855,40.649270,-12.976996,-28.553579,-5.875062,-26.309667,26.849805,17.397813,-35.189729,12.592872,16.170707,-10.888828,-24.424826,-3.199600
479.000000,0.376993,22.083564,78.899950,-4.663024,1.584159,83.478526,0.602535,5.373677,12.144651,6.625894,-12.885800,-2.366929,-2.287327,-9.753518,-13.207641,10.545361,-9.616273,6.328886,-11.380553,-1.232237,-17.876938,-47.706747,39.335278,-14.338548,-28.933655,-5.861590,-26.228114,25.640721,20.131887,-33.263636,10.664873,17.130401,-10.435072,-23.936323,-2.222778
480.000000,0.462126,22.059640,78.842610,-4.348909,1.537505,83.714790,0.800131,5.451134,11.944462,6.812167,-13.350713,-2.131799,-1.895623,-9.755101,-13.440699,10.650414,-9.994379,6.008186,-11.292095,-3.079663,-17.971338,-40.463195,34.996212,-14.510976,-27.425323,-7.576984,-25.789326,22.364109,20.102872,-29.429561,10.487071,17.388594,-10.941263,-23.376128,-3.209543
481.000000,0.637025,21.942703,78.710955,-3.845281,1.401740,83.988978,0.955880,5.704105,11.697176,7.506678,-14.197211,-1.653304,-1.560086,-9.584236,-13.412361,11.227105,-10.592811,5.312968,-11.460672,-5.112302,-17.548930,-29.438423,29.932751,-13.502680,-23.410955,-10.796750,-24.997813,17.957636,16.732637,-24.266918,10.610947,15.707063,-10.506124,-22.483699,-6.214926
482.000000,0.845119,21.721819,78.593481,-3.284942,1.328527,83.893310,1.241195,6.045980,11.852717,8.095680,-15.246746,-1.454303,-1.550216,-9.389937,-12.961681,12.079931,-11.278453,4.739733,-11.515059,-7.292945,-17.171167,-16.364595,26.045501,-11.729264,-16.116998,-13.680671,-23.258223,12.496496,10.109582,-20.107531,9.118697,10.926295,-9.542908,-21.755066,-8.179489
483.000000,1.090257,21.517073,78.545529,-2.866765,1.314599,83.295093,1.588918,6.349516,12.205477,8.457437,-15.637957,-1.430763,-1.824358,-9.145278,-12.224218,12.886135,-11.610150,4.323152,-11.209297,-9.726994,-17.397272,-3.980069,24.579204,-10.030609,-7.840769,-15.443976,-21.148631,8.351038,0.715724,-19.222650,7.424920,4.277911,-7.822116,-21.670852,-9.340176
484.000000,1.311482,21.431938,78.562433,-2.749526,1.310324,82.696730,1.872955,6.616267,12.898472,8.465360,-15.723695,-1.488435,-2.019714,-8.747628,-11.283770,12.913159,-11.466757,4.234158,-10.741255,-12.129893,-17.706261,6.902512,26.555634,-8.936219,-2.635729,-12.230836,-20.881458,6.546069,-10.265916,-20.572550,6.622598,-2.330568,-6.667677,-21.029273,-13.208051
485.000000,1.554364,21.317761,78.610855,-2.903170,1.388546,81.909532,2.004149,6.883324,13.848375,8.196651,-15.612889,-1.519905,-2.551301,-8.369599,-10.328950,12.842091,-10.809154,4.010098,-9.179330,-14.647947,-18.087188,16.485604,30.571097,-8.863273,-1.774864,-12.042109,-21.249832,4.229647,-20.335573,-25.099576,6.613772,-7.267568,-6.106060,-20.944773,-16.981653
486.000000,1.733625,21.253911,78.674805,-3.093947,1.423586,81.513818,2.007778,7.078651,14.253902,7.921145,-15.259138,-1.399176,-2.742511,-8.062506,-9.912674,12.400453,-10.213106,4.057925,-7.512265,-16.899283,-18.278474,24.871348,34.520835,-8.716283,-3.434131,-15.200905,-21.985435,2.029699,-27.942936,-30.965434,6.331949,-10.040213,-7.072900,-20.489579,-20.817698
487.000000,1.873036,21.220964,78.770262,-3.328986,1.291359,81.616546,1.915990,7.370938,14.374669,7.522368,-14.989173,-1.560004,-2.619953,-7.660827,-9.918049,11.578684,-9.534646,4.216905,-6.304267,-18.470134,-18.337668,31.448011,38.678064,-8.278172,-5.586804,-15.591876,-22.631664,0.293120,-32.441824,-35.890438,5.969318,-11.169095,-8.280505,-20.178976,-24.187730
488.000000,1.924866,21.175425,78.847766,-3.532513,1.101518,82.115253,1.704290,7.557907,14.100873,7.224419,-14.653954,-1.705687,-2.366010,-7.345792,-10.243677,10.804488,-8.650371,4.318846,-6.016241,-19.251938,-18.354057,35.489233,40.024806,-8.302681,-6.960758,-16.564530,-23.256123,0.255665,-34.098080,-38.573172,5.502939,-11.661868,-9.505213,-19.759372,-26.052122
489.000000,1.863316,21.078797,78.892493,-3.615403,0.922128,82.491768,1.628434,7.615743,13.696926,6.815986,-14.201422,-1.540828,-2.235920,-7.198742,-10.450404,10.314960,-8.221579,4.343006,-6.488660,-19.439357,-18.449453,36.799874,39.549322,-8.186480,-7.909135,-17.098038,-23.397653,0.263976,-33.020351,-37.754260,4.799026,-11.655348,-10.149816,-19.622517,-26.346703
490.000000,1.675342,20.977002,78.880203,-3.508685,0.805571,82.550334,1.711707,7.541047,13.539040,6.648180,-14.078499,-1.498203,-2.138267,-7.244177,-10.576334,10.226198,-8.287297,4.449733,-7.453311,-19.123946,-18.464071,34.469595,36.395810,-8.307936,-7.974263,-16.813974,-22.915630,0.743718,-28.685712,-33.412804,3.861989,-11.097906,-9.955066,-19.931182,-24.772193
491.000000,1.372931,20.814835,78.832203,-3.218076,0.798235,82.312726,1.918199,7.273229,13.477575,6.647198,-14.272148,-1.363111,-2.160744,-7.480068,-10.414763,10.566572,-8.519600,4.302990,-8.469234,-18.600014,-18.319935,27.879294,30.785117,-9.112969,-6.664046,-16.773165,-22.276471,2.633218,-21.170366,-26.940665,3.897265,-9.555878,-9.547380,-20.132807,-21.239978
492.000000,1.014507,20.648371,78.763264,-2.861032,0.898478,81.993228,2.006411,6.792752,13.159414,7.018383,-14.019465,-0.886091,-2.294926,-7.991867,-10.398451,11.220264,-9.338577,4.249262,-9.533991,-17.634211,-18.312058,18.484797,25.301492,-10.287139,-6.106158,-16.255478,-21.862744,4.859731,-12.437392,-20.904696,5.931576,-4.553496,-9.871944,-20.187874,-17.134154
493.000000,0.628434,20.489892,78.694719,-2.493577,1.002629,81.965283,2.064989,6.313628,12.922441,7.309830,-14.475734,-0.763240,-2.368728,-8.649614,-10.734444,11.956992,-10.348530,4.496292,-10.750891,-16.124140,-18.112444,6.040714,21.736430,-11.417858,-7.301371,-16.100800,-21.796993,7.692681,-4.421479,-17.342982,9.178040,2.449835,-10.056882,-20.643405,-13.144861
494.000000,0.290422,20.374449,78.688753,-2.206594,0.950345,82.012191,2.146730,6.037007,12.702562,7.476278,-14.592964,-0.785467,-2.296819,-9.003387,-10.936727,12.306473,-10.340579,4.598323,-11.983104,-13.789514,-18.008909,-7.962929,20.515844,-11.498641,-9.822286,-16.730016,-22.541626,9.362528,2.145991,-17.868209,11.981403,7.802469,-11.818920,-21.478834,-9.586531
495.000000,-0.024579,20.377670,78.732109,-2.279662,0.923787,82.040149,2.010189,5.766413,12.544941,7.442540,-14.242510,-0.650269,-2.275658,-9.244593,-11.126554,12.087482,-10.070655,5.099033,-13.241339,-10.835521,-18.071533,-22.540046,21.663209,-11.389823,-12.985626,-15.944575,-23.206833,12.776863,7.634743,-20.260376,13.290618,9.775107,-11.336603,-22.329038,-8.656754
496.000000,-0.296281,20.414436,78.804523,-2.706456,0.929912,81.792755,1.707887,5.597021,12.813550,7.154271,-13.839963,-0.774437,-2.474100,-9.313110,-11.061085,11.376194,-9.619079,5.745821,-14.447643,-7.389859,-18.328502,-35.489260,24.987501,-11.366836,-15.775135,-14.298952,-23.690672,16.820072,12.074725,-23.796594,11.615863,8.989677,-9.822837,-22.951381,-7.701402
497.000000,-0.552903,20.442842,78.885347,-3.097861,0.942200,81.338497,1.513080,5.468684,13.284259,6.816764,-13.399517,-0.924532,-2.792940,-9.390362,-10.927285,10.813685,-9.125181,6.377012,-15.473816,-3.882735,-18.417742,-45.028391,30.333546,-12.278652,-18.498054,-10.687355,-23.446996,20.734294,15.092599,-27.434749,8.021228,7.665261,-9.093273,-23.510180,-7.068122
498.000000,-0.753900,20.504391,78.958529,-3.273680,0.976114,81.037068,1.489096,5.283228,13.579472,6.567285,-13.085823,-1.249952,-2.773217,-9.457291,-10.815865,10.215901,-8.425106,6.857375,-16.169945,-0.940000,-18.520208,-50.187697,35.162190,-13.774309,-20.924344,-9.305861,-24.472436,22.709346,16.897936,-29.802137,5.193947,7.226664,-8.361472,-23.457933,-7.312198
499.000000,-0.956735,20.485523,79.011309,-3.489372,1.032003,80.742210,1.387060,5.109930,13.856592,6.308849,-12.749747,-1.202411,-2.973032,-9.536781,-10.558099,9.767424,-7.901435,7.170526,-16.031531,1.310080,-18.259223,-52.328985,38.251597,-15.183558,-22.071382,-7.570485,-24.558403,23.514002,17.622655,-31.155570,3.461315,7.093803,-8.686477,-23.351609,-7.493936
500.000000,-1.139353,20.459479,79.005498,-3.501962,1.092877,80.674846,1.321505,4.912644,13.945476,6.332017,-12.815890,-1.059089,-2.947755,-9.700514,-10.468131,9.539652,-7.733224,7.172730,-14.961077,2.569162,-17.756916,-49.730747,37.205232,-15.874864,-22.169604,-7.646661,-24.420802,22.885006,17.538010,-30.307981,3.064375,7.648903,-9.031631,-22.968417,-7.460103
501.000000,-1.287243,20.376691,78.944010,-3.187032,1.095972,81.003222,1.246684,4.735663,13.645265,6.897309,-13.245812,-0.782178,-2.608196,-9.933152,-10.571287,9.635220,-8.034821,6.903538,-13.620268,3.147011,-16.746169,-42.865287,32.542901,-15.295778,-21.837365,-9.734479,-24.602572,20.899651,16.083458,-27.810136,3.730791,8.078416,-9.561652,-22.752096,-7.823586
502.000000,-1.408431,20.201606,78.868175,-2.569529,0.947087,81.862567,1.313295,4.693290,13.039481,7.511675,-14.036116,-0.742765,-1.977057,-10.174784,-11.066261,10.060628,-8.423945,6.370982,-12.857583,3.920024,-15.153574,-31.976108,25.809823,-13.189669,-20.978214,-11.732764,-24.608606,16.837721,12.249036,-24.500312,4.437718,7.932602,-10.782163,-22.161643,-9.194639
503.000000,-1.478742,20.046708,78.800100,-2.112666,0.844584,82.550708,1.259125,4.645051,12.364197,8.102023,-14.397014,-0.636702,-1.658140,-10.350011,-11.466892,10.659821,-8.987323,5.778399,-12.363955,4.445399,-13.902335,-19.429264,18.798725,-10.695325,-17.968032,-15.157479,-23.303093,12.235195,6.011799,-20.964050,4.133824,5.902796,-10.817542,-21.514397,-10.448232
504.000000,-1.513924,19.919130,78.773284,-1.928152,0.875244,82.691251,1.204819,4.552072,12.190334,8.359534,-14.647945,-0.549436,-1.756753,-10.411450,-11.100191,11.061220,-8.909429,4.947813,-11.233247,4.827255,-13.165786,-6.447111,13.957229,-8.888253,-14.011521,-17.431792,-22.120877,8.102233,-2.660635,-19.065935,3.130935,2.232926,-11.027462,-20.885656,-11.622985
505.000000,-1.539629,19.890529,78.792787,-1.961996,1.021363,82.440012,1.283138,4.407111,12.579447,8.174268,-14.599283,-0.559585,-1.971875,-10.417071,-10.296150,10.971709,-8.409337,4.840328,-8.979662,5.065446,-12.988909,5.922678,12.179549,-9.016853,-11.457723,-18.473111,-21.730028,5.556966,-12.577047,-19.266794,2.271990,-2.054165,-9.667101,-20.934028,-13.404824
506.000000,-1.524770,19.901143,78.839785,-2.042269,1.156486,82.214343,1.371751,4.289288,12.946420,7.900050,-14.417836,-0.606044,-2.043011,-10.484213,-9.956079,10.631665,-8.142137,5.032127,-6.036108,4.993048,-13.151641,16.890274,13.838120,-10.414036,-11.552036,-19.687853,-21.588269,3.679091,-22.293314,-21.261382,2.162211,-5.250707,-10.688530,-20.179963,-16.152745
507.000000,-1.463595,19.870012,78.889883,-2.348661,1.328002,82.717981,1.017131,4.104845,12.854413,7.634458,-13.874254,-0.574215,-2.044104,-10.566167,-10.006815,10.089470,-7.374044,5.144550,-3.402500,4.669420,-13.623798,25.720433,17.593563,-11.117376,-13.151951,-20.817098,-22.435032,2.586779,-30.564178,-23.958705,3.049092,-7.129342,-11.694692,-19.051201,-18.734299
508.000000,-1.400006,19.874406,78.937542,-2.549384,1.309102,83.846042,0.657811,4.052890,12.305185,7.420524,-13.630448,-0.748689,-1.727394,-10.675490,-10.902010,9.667510,-7.236682,5.320286,-1.178291,4.640122,-14.017406,31.628301,22.038095,-10.720426,-14.942152,-24.084999,-22.556990,1.080735,-36.359955,-26.945124,3.695686,-8.195101,-12.798764,-18.247781,-20.043745
509.000000,-1.302210,19.893040,78.974503,-2.612145,1.289598,85.178173,0.320328,3.964412,11.386356,7.392375,-13.491151,-1.041996,-1.219662,-10.766238,-11.940154,9.444798,-7.177258,5.198759,0.428902,4.685377,-14.434328,34.512505,26.164891,-10.264364,-15.927863,-25.340652,-23.115279,0.429326,-39.006217,-28.601282,4.180028,-8.822087,-12.850490,-18.261318,-21.208316
510.000000,-1.219006,19.897901,78.988981,-2.557236,1.357581,86.165467,0.118387,3.731311,10.451465,7.414228,-12.956002,-0.811899,-0.791355,-10.907717,-12.608422,9.374126,-6.922335,4.990821,1.831100,4.889922,-14.767347,34.631156,28.772688,-10.398419,-16.585024,-26.228690,-23.268440,-0.031370,-38.380462,-28.429086,4.391839,-9.400820,-13.355491,-18.427034,-21.463868
511.000000,-1.150592,19.800180,78.964174,-2.385918,1.439889,86.916296,-0.062084,3.502888,9.567064,7.621611,-12.730826,-0.472541,-0.460557,-11.128452,-13.237889,9.528446,-7.249802,4.645393,2.784266,5.309489,-14.772285,31.822196,28.283159,-10.994461,-16.673491,-26.425686,-23.166531,0.683148,-34.693331,-26.347438,3.978777,-9.821272,-13.675334,-18.694887,-21.045455
512.000000,-1.174633,19.745883,78.899866,-2.037885,1.541981,87.563965,-0.189778,3.239274,8.808952,8.202110,-13.244375,-0.523619,0.064057,-11.490811,-14.017953,9.796190,-8.041868,4.599081,3.540611,6.022528,-14.646028,26.040634,25.700836,-11.656047,-16.408169,-25.552989,-22.748927,1.858892,-28.245073,-23.462233,3.457353,-9.656830,-13.450253,-19.108153,-19.539148
513.000000,-1.218822,19.644633,78.850663,-1.624262,1.656441,88.583733,-0.372458,2.804741,7.479539,8.762731,-12.784045,0.022060,0.822280,-11.882781,-15.006110,9.944399,-8.532980,4.479218,4.409140,6.631410,-14.316189,16.146525,22.326017,-12.534537,-16.756194,-26.169455,-22.341055,3.815237,-19.232887,-20.740252,2.692487,-9.104877,-13.689875,-19.290712,-17.185038
514.000000,-1.267833,19.569714,78.814673,-1.412748,1.764344,90.002804,-0.703666,2.265351,5.835939,9.035498,-12.255660,0.465625,1.554169,-12.298930,-16.343275,10.047349,-9.052710,4.432137,5.451570,7.329660,-14.477387,3.384468,21.034884,-11.780289,-18.734859,-25.366674,-22.765010,6.189692,-9.335799,-18.795477,2.465915,-7.820812,-11.790311,-20.491370,-14.884070
515.000000,-1.361356,19.513676,78.838968,-1.489991,1.749916,91.964208,-1.273286,1.751748,3.953123,8.976824,-11.399493,0.460765,2.284450,-12.556655,-18.006978,9.781761,-8.649479,4.318681,5.799926,8.556118,-15.000501,-9.937567,21.585805,-10.507044,-20.964267,-24.288610,-23.577762,8.853676,-0.269750,-19.383652,2.813364,-6.697497,-12.757195,-21.787603,-13.011339
516.000000,-1.488783,19.420393,78.880960,-1.832402,1.678786,93.688747,-2.043623,1.269454,2.283842,8.784584,-10.276656,0.506500,2.628313,-12.722706,-19.492322,9.406101,-8.607258,4.321729,5.550374,10.211265,-15.510473,-21.822779,24.058660,-9.797272,-22.895559,-21.322870,-24.714578,13.466539,6.727264,-21.068697,4.019991,-6.087029,-11.202422,-22.620110,-10.166917
517.000000,-1.568998,19.242509,78.934282,-2.042729,1.648371,94.555669,-2.476598,0.973673,1.396053,8.483359,-9.623137,0.224898,2.766089,-12.885586,-20.482679,9.076672,-8.138582,4.702131,5.348080,11.949763,-15.558362,-31.196889,28.901887,-9.162087,-24.165049,-15.982211,-25.542886,17.185036,11.777971,-23.166683,4.608638,-6.018411,-9.350269,-23.524717,-8.577062
518.000000,-1.647303,19.133894,78.998536,-2.325349,1.629258,94.851450,-2.813927,0.762694,0.997708,8.166639,-8.714149,-0.001841,2.713584,-12.926224,-20.917625,8.605540,-7.929144,4.876339,5.580977,13.420669,-15.743198,-36.882000,33.039295,-9.384260,-25.562727,-14.158954,-25.628837,19.558709,15.019053,-25.186036,4.314352,-6.185375,-8.175533,-23.921612,-7.572895
519.000000,-1.695208,19.079876,79.049569,-2.560463,1.712381,94.872374,-2.933474,0.500055,0.740095,7.762599,-7.905520,-0.094043,2.605003,-13.051325,-21.020699,8.241550,-7.533290,5.055983,6.031724,14.509514,-15.791983,-39.705495,35.834089,-9.838218,-26.890579,-12.810296,-25.812463,20.869167,16.719186,-25.667504,2.885204,-6.647906,-7.107919,-24.134132,-7.297895
520.000000,-1.694487,19.002180,79.068899,-2.651394,1.838547,94.814713,-2.961585,0.339208,0.725828,7.499671,-7.541313,-0.044508,2.481961,-13.153411,-20.842799,8.093178,-7.195091,5.272113,6.961485,15.028651,-15.624666,-39.396695,36.011664,-10.536160,-28.122445,-12.314273,-26.060522,20.884558,16.658760,-25.359562,1.217558,-7.163768,-7.675633,-23.845227,-7.942198
521.000000,-1.632383,18.945459,79.042858,-2.579203,1.928230,94.908593,-3.025773,0.226011,0.501592,7.652610,-7.494516,-0.059436,2.528747,-13.202677,-20.797969,8.161642,-7.366147,5.120949,7.766152,15.208038,-15.272896,-35.302458,32.706508,-10.907093,-29.048002,-14.350577,-26.102008,18.901304,14.742337,-23.809527,-0.261238,-7.938610,-8.546347,-23.538068,-8.377682
522.000000,-1.537669,18.905026,78.980583,-2.323909,1.948727,95.238353,-3.027226,0.230272,0.204099,8.034118,-7.832910,-0.078545,2.790315,-13.155944,-20.892806,8.399286,-7.732391,4.702823,8.331922,15.112256,-14.880530,-27.954048,26.998824,-10.470263,-28.702931,-17.257890,-26.078881,15.387151,10.874681,-22.488285,-1.263720,-9.487324,-8.600905,-23.381177,-9.172231
523.000000,-1.452631,18.924570,78.927004,-1.949146,1.955698,95.522632,-2.875492,0.298039,0.020117,8.532693,-8.531999,-0.105799,3.149601,-13.127771,-20.847182,8.755919,-7.972291,4.195396,8.431792,15.340895,-14.316129,-17.532566,19.735984,-9.064987,-27.218825,-19.942356,-24.768928,11.954202,4.255464,-21.862051,-2.038738,-11.997115,-9.993937,-22.542575,-10.931765
524.000000,-1.343987,18.948036,78.889096,-1.638332,1.996476,95.148117,-2.595280,0.508060,0.471778,8.842278,-9.155249,-0.314719,3.177136,-13.118399,-20.508601,9.161787,-8.431361,3.816859,9.106106,15.180966,-13.843017,-6.089224,13.862210,-7.770192,-23.634495,-22.953037,-23.412403,8.886349,-4.483438,-21.538348,-2.744785,-14.800721,-9.545107,-21.881396,-12.800770
525.000000,-1.240287,19.081262,78.879207,-1.661485,2.073137,94.590560,-2.437732,0.650130,1.022929,8.905340,-9.363879,-0.492627,2.994990,-13.054305,-19.926730,9.228270,-8.635090,3.639163,10.632778,14.560256,-14.231590,5.272441,11.087748,-6.382423,-20.117957,-24.762033,-22.377737,5.098225,-13.750749,-21.659254,-3.329956,-17.235096,-9.462213,-21.448433,-14.228486
526.000000,-1.157468,19.370040,78.897536,-1.934940,2.146113,94.270005,-2.301601,0.743513,1.488085,8.667116,-9.449697,-0.555402,2.843570,-13.011024,-19.513526,9.086996,-8.585625,3.557869,12.780577,13.442103,-15.160001,15.065592,12.647287,-6.454802,-18.861617,-24.307199,-22.194218,3.604949,-22.047159,-23.017794,-3.114490,-18.857565,-9.804181,-21.257424,-15.218336
527.000000,-1.056455,19.549160,78.906548,-2.322103,2.225895,94.458341,-2.448250,0.775051,1.748968,8.314105,-9.628371,-0.599686,2.533696,-13.080439,-19.479105,9.177636,-8.673879,3.586397,15.092437,11.886501,-16.183896,22.644961,16.305157,-7.578525,-19.776302,-26.722159,-22.595826,2.111677,-28.300945,-24.482320,-1.840803,-19.446797,-10.231333,-20.796861,-16.940444
528.000000,-0.976829,19.744140,78.918439,-2.586266,2.186035,95.204012,-2.653977,0.757190,1.296670,8.174846,-9.479168,-0.572172,2.700515,-13.059267,-19.980656,9.018021,-8.710749,3.531607,16.704269,10.541675,-16.936426,27.781123,21.124404,-7.845225,-21.368739,-28.499115,-23.235252,1.455591,-32.552904,-26.531755,-0.779113,-18.920276,-12.833196,-19.565340,-18.665343
529.000000,-0.925840,19.907621,78.935635,-2.655867,2.114838,96.192625,-2.692383,0.643126,0.507417,8.038279,-9.126866,-0.596976,3.221026,-12.917359,-20.602038,8.712022,-8.437960,3.387439,17.650951,9.593534,-17.411062,30.641366,24.718844,-7.977406,-22.261487,-29.706753,-23.535316,1.173814,-34.281293,-27.651345,-0.122426,-18.265773,-13.910942,-19.026195,-19.353845
530.000000,-0.855268,20.019965,78.942734,-2.828927,2.131375,96.879263,-2.878037,0.485064,-0.088710,8.001982,-8.472547,-0.390559,3.416314,-12.883036,-21.030026,8.544192,-8.340457,3.339870,18.233800,8.628746,-17.838825,31.674982,26.610859,-8.427673,-22.866160,-30.793553,-23.485978,1.103969,-33.751134,-27.554667,0.147719,-17.539038,-14.352007,-18.591877,-19.949046
531.000000,-0.786688,20.105617,78.926641,-2.987713,2.223751,97.091393,-2.935364,0.352425,-0.287819,7.891295,-8.416291,-0.314012,3.308577,-12.986565,-21.104823,8.672627,-8.327321,3.495936,18.459761,7.787217,-17.998416,30.841040,26.525897,-9.039198,-22.770978,-30.747422,-23.426847,1.314158,-31.059431,-26.348819,0.067082,-17.189254,-14.617512,-18.654976,-20.225735
532.000000,-0.716222,20.166063,78.884882,-3.004591,2.296068,96.878761,-2.857651,0.382593,-0.141281,7.869328,-8.631996,-0.309784,3.091453,-13.072811,-20.932518,9.074915,-8.869539,3.631536,18.124662,7.250829,-17.908474,28.651988,23.650305,-9.846058,-21.960414,-30.675493,-23.281974,1.317023,-26.300665,-24.077301,0.397243,-17.160418,-12.663230,-20.027252,-17.887437
533.000000,-0.640308,20.223893,78.860027,-2.955452,2.311103,96.474214,-2.704067,0.527415,0.082648,7.893588,-8.835969,-0.170461,2.886521,-13.006704,-20.460424,9.428933,-9.197257,3.140412,17.197563,6.936941,-17.737822,24.297794,19.032476,-10.295461,-21.113418,-30.472841,-22.871889,2.015968,-19.750067,-22.143081,0.957496,-17.068083,-11.325669,-20.587317,-15.893288
534.000000,-0.535314,20.193829,78.832370,-2.921170,2.343323,96.266998,-2.751365,0.597169,0.134993,8.032355,-8.916899,-0.094856,2.699762,-12.967963,-20.274363,9.749876,-9.460854,2.990707,15.912655,6.595250,-17.586035,16.183406,14.593783,-11.020156,-21.049378,-30.042635,-22.241222,3.012884,-11.438300,-20.676415,1.636584,-16.877189,-10.175615,-21.052388,-13.464418
535.000000,-0.392999,20.147750,78.803843,-2.921774,2.349784,96.053295,-2.816433,0.735527,0.141129,8.130831,-9.228951,-0.162534,2.572986,-12.962079,-20.593222,9.925069,-9.777594,3.320975,14.514142,6.107825,-17.556930,5.669751,11.684656,-11.154017,-22.558359,-28.758713,-22.670110,4.829941,-3.026177,-19.401147,2.403422,-15.894043,-7.650443,-21.717886,-11.052521
536.000000,-0.238850,20.291470,78.813541,-2.962999,2.271541,95.848528,-2.774027,0.956030,-0.010270,8.122732,-9.106120,-0.091543,2.721148,-12.677588,-20.693177,9.647197,-10.263731,3.563683,12.640071,5.845608,-17.424914,-6.376924,10.683711,-10.205430,-24.083635,-26.225370,-23.213699,7.772054,3.970348,-19.322832,3.114647,-15.321200,-6.525854,-22.907293,-10.107076
537.000000,-0.045060,20.334771,78.844029,-3.053798,2.180597,95.275057,-2.705177,1.405941,0.569457,8.011708,-9.388471,-0.472163,2.540915,-12.321367,-20.528917,9.468897,-10.194301,3.825855,10.304031,5.799006,-17.502389,-16.024372,11.228020,-9.250253,-25.299642,-24.318002,-24.006568,10.006679,8.946451,-20.364597,3.863419,-15.002253,-5.766806,-23.427849,-8.396881
538.000000,0.133573,20.323241,78.901047,-3.242335,2.102062,94.319031,-2.580282,1.804657,1.105770,7.647373,-8.955871,-0.622926,2.005710,-11.959070,-19.884938,9.360153,-9.944275,3.972923,7.601437,6.157265,-17.197609,-22.956696,13.160520,-8.725726,-26.184398,-22.752805,-24.455610,12.612993,11.333059,-22.086141,5.052742,-15.899384,-3.477350,-24.159723,-7.255062
539.000000,0.301560,20.304368,78.945893,-3.423324,2.040091,93.106376,-2.357857,2.345661,2.335929,7.260210,-8.978680,-1.007279,1.375831,-11.627953,-19.163708,9.301392,-9.724450,4.078562,4.651842,6.510377,-16.754616,-26.044203,16.001769,-8.425210,-27.589842,-20.780982,-24.609470,14.302988,11.328045,-23.814085,5.918884,-16.929869,-2.261605,-24.131859,-6.245396
540.000000,0.480367,20.286170,78.957224,-3.620284,2.040947,91.620753,-2.127802,2.913770,3.916695,6.983139,-9.283130,-1.393282,0.501594,-11.241599,-17.881859,9.457390,-9.559293,4.256168,2.271450,6.562456,-16.380793,-25.520259,18.582747,-8.189581,-29.072400,-19.874741,-24.835697,14.412107,9.981087,-24.662742,5.713396,-17.652487,-1.169194,-24.192202,-5.836945
541.000000,0.625380,20.282975,78.950435,-3.610098,2.053464,90.083496,-1.645811,3.421393,5.446123,6.824157,-9.838953,-1.589270,-0.119565,-10.915975,-16.628119,9.627538,-9.542876,4.216001,0.544282,6.158829,-15.890944,-22.350906,19.354825,-7.775124,-29.803343,-20.717157,-24.899163,13.647244,8.263089,-24.279461,4.552413,-17.500432,-1.357442,-23.697802,-6.383548
542.000000,0.751278,20.321320,78.921646,-3.550600,2.038470,88.902577,-1.179499,3.850973,6.683843,6.731323,-10.372920,-1.766784,-0.564217,-10.551788,-15.372464,9.868469,-9.512536,4.067957,-1.300904,5.457521,-15.613184,-16.872944,18.674582,-7.223729,-29.398565,-21.868307,-24.524926,12.243238,6.531599,-23.401767,4.103468,-16.584954,-1.798496,-23.201130,-6.684271
543.000000,0.862506,20.370360,78.891784,-3.489311,1.972388,88.117255,-0.736550,4.221366,7.595857,6.526968,-10.847201,-1.720241,-1.026333,-10.301398,-14.554915,10.435517,-10.025779,3.972661,-3.304441,4.667725,-15.443036,-9.980092,16.522161,-6.516444,-28.229911,-22.995681,-23.796401,10.519292,5.399661,-22.083158,4.082452,-15.682422,-2.652619,-22.595140,-6.614753
544.000000,0.982434,20.410128,78.852880,-3.524183,1.928675,87.535056,-0.396351,4.530730,8.301180,6.251387,-11.432755,-1.630612,-1.490167,-10.139466,-14.052040,10.982358,-10.403959,3.611768,-5.643834,3.742854,-15.567642,-2.207490,13.845942,-5.305402,-26.998044,-23.550931,-23.135218,8.811695,4.886050,-20.894648,4.863067,-15.032814,-2.747063,-22.438382,-6.164581
545.000000,1.078503,20.500734,78.825396,-3.405453,1.895594,86.721337,0.071611,4.858158,9.216503,6.279387,-12.066063,-1.649464,-1.688510,-9.863408,-13.287716,11.242514,-10.414131,3.503550,-7.198272,2.633691,-15.443193,4.553732,10.973318,-4.748480,-25.564001,-24.409781,-22.466063,7.992336,4.368310,-19.782927,5.323595,-14.735158,-2.456641,-22.409519,-5.724986
546.000000,1.042119,20.583804,78.933561,-3.536613,1.949799,85.949160,0.518815,4.916889,9.949126,5.686427,-12.252995,-0.636419,-2.456898,-9.793640,-12.007467,11.944084,-10.035665,1.023774,-9.150144,1.382623,-15.482282,11.702324,7.168211,-5.302886,-24.625301,-16.990184,-25.469874,5.108681,2.931693,-19.967790,2.621589,-15.096888,5.047959,-24.471178,0.527625
547.000000,1.092505,20.614101,78.928506,-3.465879,1.950406,84.493732,0.967169,5.198131,11.171167,5.791206,-12.650293,-0.534788,-2.904704,-9.443334,-10.778593,12.006018,-9.946349,1.164815,-10.169667,0.230143,-15.807571,17.235026,6.996716,-4.994905,-23.721006,-16.048370,-25.568014,4.165664,-0.866174,-20.752531,3.226318,-15.501213,6.345950,-24.897698,0.316746
548.000000,1.124101,20.561722,78.934979,-3.431106,2.054944,82.816843,1.529617,5.384644,12.774894,5.547918,-12.887715,-0.406906,-3.557226,-9.157702,-9.371645,12.118888,-9.846656,1.502315,-10.857138,-0.894838,-16.301971,21.604725,7.524936,-5.025143,-23.213098,-17.032687,-25.323367,3.442314,-6.011158,-21.768996,3.912702,-15.831960,4.871169,-25.027068,-2.357321
549.000000,1.124145,20.418856,78.962594,-3.482226,2.096049,81.364873,1.894454,5.599245,14.282879,5.320684,-12.939346,-0.228044,-4.218453,-8.874758,-8.296860,12.124210,-9.702694,1.836616,-11.430560,-1.781716,-16.759601,24.243616,9.069377,-5.415728,-22.861253,-18.143320,-25.063709,2.905906,-11.173614,-22.282893,4.475126,-15.933930,5.226168,-24.894633,-4.159619
550.000000,1.115266,20.275897,78.987783,-3.597543,2.036045,80.268678,2.135349,5.679354,14.843022,4.922553,-12.929184,-0.125207,-4.710656,-8.488202,-7.483403,11.918573,-8.915669,2.086005,-12.230208,-2.480899,-17.227883,25.772051,11.032654,-5.715473,-22.655063,-18.358208,-24.872279,1.966262,-15.346293,-23.294169,5.455721,-15.527834,5.554347,-24.689775,-4.926283
551.000000,1.091508,20.120908,79.016602,-3.703277,1.974299,79.203176,2.235889,5.749628,15.121496,4.727232,-12.322321,0.121980,-5.199996,-8.082391,-6.673003,11.754748,-8.407476,2.179228,-12.961899,-3.041901,-17.534301,25.850084,12.564836,-6.116627,-22.363494,-19.660997,-24.967838,1.460260,-18.164784,-24.108430,6.246485,-15.123101,5.305875,-24.680965,-5.962465
552.000000,1.036950,20.019339,79.031831,-3.610565,1.859472,78.365837,2.578405,5.901917,15.635288,4.565743,-12.477247,0.150253,-5.328251,-7.858509,-6.355533,11.599032,-8.218358,2.098125,-13.601506,-3.598030,-17.480390,24.806800,13.648830,-6.676444,-21.996102,-20.337078,-25.055424,1.513382,-19.156801,-24.453132,6.580694,-14.924156,5.509779,-24.606313,-6.339857
553.000000,0.959596,19.844817,79.035807,-3.569841,1.741254,77.592545,2.708215,5.990297,15.763284,4.467299,-12.409390,0.182272,-5.623492,-7.491009,-5.658630,11.547812,-7.890330,2.122015,-14.083131,-4.094611,-17.461440,23.095325,14.738901,-7.364705,-21.423821,-19.167128,-25.025784,1.676225,-18.448650,-24.270239,6.725442,-14.728167,5.655920,-24.563543,-6.150637
554.000000,0.856335,19.745483,79.022050,-3.473314,1.638409,76.951340,2.893840,5.998952,15.758232,4.418038,-12.560299,0.260183,-5.748258,-7.262681,-5.064332,11.460651,-7.558905,2.192950,-14.636923,-4.491768,-17.365790,21.587230,14.809967,-8.125104,-20.918911,-19.086554,-24.811769,1.465339,-16.598739,-24.062359,6.614627,-14.624074,4.922721,-24.440246,-5.056001
555.000000,0.733766,19.661252,79.014879,-3.460140,1.553772,76.358369,2.971828,6.035711,15.952134,4.467773,-12.708751,0.377167,-5.989980,-7.079391,-4.545631,11.488674,-7.335914,2.114210,-15.467341,-4.592447,-17.316748,20.912967,14.398356,-8.666691,-20.631987,-18.761188,-24.628542,1.477563,-14.401905,-23.375803,7.047673,-14.564366,5.660772,-24.423223,-3.824670
556.000000,0.622217,19.628607,79.010588,-3.432820,1.459260,75.750807,3.282842,6.027454,16.247128,4.172006,-12.711357,0.390661,-6.160171,-6.858382,-3.976192,11.466893,-7.112421,2.190249,-16.412700,-4.477387,-17.297102,20.810941,14.071742,-8.973061,-20.484120,-18.650311,-24.622584,1.649055,-12.392874,-23.066659,7.242953,-14.596541,5.415554,-24.445725,-3.052764
557.000000,0.518074,19.607784,79.006922,-3.357866,1.389132,74.973120,3.713302,5.952545,16.507392,3.848107,-12.457667,0.635694,-6.341569,-6.606726,-3.221539,11.488849,-6.635824,2.240668,-17.210342,-4.328032,-17.213808,21.104813,13.764013,-9.378563,-20.593481,-19.239700,-24.449791,1.620557,-10.933749,-22.843228,7.309736,-14.738560,5.612016,-24.303649,-2.443504
558.000000,0.430854,19.590345,79.006064,-3.262452,1.342751,73.909834,4.176236,5.945021,17.185979,3.596454,-12.669116,0.755970,-6.584552,-6.295100,-2.191149,11.501106,-6.290249,2.373001,-17.642344,-4.147149,-17.199465,21.605796,13.755744,-9.668089,-20.742533,-19.651118,-24.607264,1.434260,-10.115128,-22.765775,7.151043,-14.871799,6.208992,-24.355719,-2.112391
559.000000,0.321059,19.574994,79.005653,-3.219836,1.314969,72.873060,4.478135,5.955770,17.912017,3.599102,-12.765443,0.839075,-6.849959,-6.043725,-1.277205,11.451415,-5.945648,2.413030,-18.001269,-3.909870,-17.136186,21.964792,13.794324,-9.931676,-20.844832,-19.821848,-24.568959,1.271727,-9.905197,-22.908917,6.839022,-15.019308,6.680638,-24.343207,-1.692697
560.000000,0.236444,19.541018,79.000545,-3.151249,1.315153,71.859681,4.773666,5.969958,18.677567,3.608045,-12.959401,0.890687,-7.118963,-5.817052,-0.409085,11.503348,-5.940831,2.621285,-18.410630,-3.840608,-17.025560,22.160001,13.723322,-9.954085,-20.955587,-20.228961,-24.562964,1.021597,-10.100739,-22.750447,6.781198,-14.934396,6.891392,-24.202932,-1.516763
561.000000,0.155305,19.515818,78.999412,-3.106477,1.306756,71.078832,5.034756,5.914188,19.068015,3.498112,-12.730405,1.159114,-7.334482,-5.596118,0.398357,11.510255,-5.485591,2.579417,-18.835474,-3.715110,-16.959956,21.993552,13.810757,-10.027751,-21.014289,-20.193487,-24.426773,1.120916,-10.120601,-22.674758,6.829093,-14.861114,7.212195,-24.079938,-1.157538
562.000000,0.085044,19.526967,78.997141,-3.105787,1.299433,70.658901,5.231894,5.911240,19.535137,3.359440,-12.659141,1.196955,-7.434937,-5.512504,0.754121,11.468028,-5.272450,2.642706,-19.246075,-3.587921,-17.021197,21.341051,14.134008,-10.075764,-21.081317,-20.011442,-23.780420,0.796890,-9.675889,-23.007354,6.899774,-14.879582,7.040031,-23.733383,-0.987140
563.000000,0.033114,19.533646,78.999037,-3.171430,1.267170,70.384278,5.304473,5.864534,19.526027,3.169020,-12.406827,1.202017,-7.555247,-5.419467,0.943885,11.389260,-5.273076,2.727808,-19.550950,-3.496873,-16.998346,20.367460,14.476490,-10.305023,-21.189491,-20.002185,-24.235876,1.253495,-8.981540,-22.935154,6.928311,-14.896940,7.173567,-23.865864,-1.082532
564.000000,-0.017093,19.512013,78.999627,-3.227910,1.274637,70.361455,5.239291,5.779086,19.309841,3.069070,-12.262974,1.268765,-7.614345,-5.420482,1.025849,11.325142,-5.008850,2.729569,-19.784053,-3.555117,-16.852805,19.317134,14.759151,-10.275214,-21.115598,-19.815675,-24.379906,1.990144,-8.110016,-22.879366,6.846625,-14.923921,7.243239,-23.720641,-0.775315
565.000000,-0.075356,19.489230,79.010719,-3.252559,1.297372,70.358006,5.170708,5.667220,19.103592,3.020716,-12.155260,1.374275,-7.654438,-5.488806,0.971014,11.231119,-4.926741,3.007074,-19.755591,-3.532261,-16.546698,18.122025,15.045910,-10.260459,-20.891486,-19.973526,-24.177469,2.264166,-7.198157,-22.727127,6.497033,-14.994483,6.818492,-23.565134,-0.243709
566.000000,-0.155411,19.485216,79.020679,-3.331710,1.369728,70.445487,5.010729,5.616340,19.259300,3.069387,-12.218686,1.488320,-7.718617,-5.644364,0.860152,11.130256,-4.796791,3.360666,-19.271273,-3.496724,-16.345925,16.990451,15.434517,-10.958711,-20.920595,-20.760145,-24.589328,2.162543,-5.837990,-22.551060,5.727836,-15.246261,6.348814,-23.593475,0.426560
567.000000,-0.226627,19.517872,79.023129,-3.456691,1.473236,70.482099,4.800509,5.421280,18.990740,3.050820,-12.102620,1.766988,-7.786285,-5.804015,0.779759,10.918558,-4.801281,3.749199,-18.083937,-3.601013,-16.356527,15.934592,16.338246,-12.433141,-21.325350,-20.791345,-25.450019,1.878725,-3.653442,-21.782981,4.741586,-15.652118,5.787857,-23.749565,1.219273
568.000000,-0.294704,19.576147,79.014593,-3.535754,1.568186,70.755487,4.613641,5.284654,18.840629,3.108279,-12.311581,1.790164,-7.772306,-6.032147,0.597791,10.858797,-4.692935,4.019567,-16.798837,-3.731453,-16.563940,14.842568,16.953040,-13.704565,-21.420607,-20.965571,-25.931179,1.793660,-1.887694,-21.485849,4.148529,-15.791425,5.087802,-23.906847,1.820809
569.000000,-0.373716,19.649112,79.011798,-3.622703,1.556859,71.436205,4.347733,5.180590,18.271372,3.186940,-12.214268,1.767237,-7.566654,-6.262012,0.093561,10.721695,-4.789983,4.172469,-15.744802,-3.751635,-16.741203,14.035618,17.128205,-14.743930,-21.250158,-21.430963,-25.932753,2.027110,-0.851356,-21.779819,3.777103,-15.812439,4.906016,-24.027292,2.349913
570.000000,-0.471673,19.705403,79.012340,-3.701618,1.496246,72.477019,4.020008,5.126523,17.613694,3.247571,-12.444694,1.605493,-7.229514,-6.596272,-0.819194,10.530357,-4.817520,4.309682,-15.014077,-3.624006,-16.706163,13.562221,17.313322,-15.253443,-21.100036,-21.643410,-25.962584,1.928119,-0.301804,-21.959371,3.462213,-15.762861,5.195899,-24.107132,2.548384
571.000000,-0.559565,19.772217,79.018921,-3.824662,1.459722,73.593970,3.639472,5.064546,17.020049,3.303248,-12.691587,1.345824,-6.927393,-6.949959,-1.820741,10.346451,-4.846468,4.473585,-14.506895,-3.577281,-16.605990,13.500017,17.584911,-15.570103,-21.197957,-21.905716,-26.116630,1.616926,-0.082593,-22.033903,3.167009,-15.718053,5.068461,-24.169167,2.713139
572.000000,-0.646872,19.795118,79.033649,-3.950037,1.438413,74.713810,3.224635,5.025786,16.569183,3.334535,-12.831480,1.268769,-6.650434,-7.309084,-2.786188,10.167058,-4.743431,4.489201,-13.898953,-3.538684,-16.427104,13.417128,17.759957,-16.071278,-21.301345,-22.055997,-26.092690,1.560072,-0.102573,-22.153336,2.981626,-15.724987,5.372237,-24.238009,2.820364
573.000000,-0.733304,19.813527,79.043579,-4.101337,1.437351,75.663118,2.750760,4.914016,16.012653,3.504986,-12.510723,1.345581,-6.438484,-7.580954,-3.505784,9.954552,-4.598863,4.514673,-13.182494,-3.554711,-16.332652,13.397025,18.003315,-16.449160,-21.428931,-22.175100,-26.175375,1.871965,-0.114540,-22.006998,2.770574,-15.727332,4.852076,-24.056777,2.144044
574.000000,-0.792611,19.826412,79.058868,-4.219886,1.442049,76.412447,2.450796,4.864001,15.752807,3.508499,-12.454871,1.327941,-6.239299,-7.853268,-4.237803,9.722685,-4.777541,4.583471,-12.442483,-3.621417,-16.142775,13.194782,18.061218,-16.364621,-21.536068,-22.311325,-26.234442,1.923377,-0.175631,-21.870177,2.854019,-15.795962,4.872634,-24.063214,2.107941
575.000000,-0.841222,19.821306,79.068911,-4.272004,1.462405,76.969178,2.170577,4.786850,15.379955,3.629727,-12.260639,1.385495,-6.099163,-8.081690,-4.710448,9.625267,-4.942650,4.684601,-11.672226,-3.748334,-16.012176,12.783282,17.985664,-16.255738,-21.331712,-22.083859,-25.957017,1.772866,-0.217812,-21.872836,2.804122,-15.798596,4.111663,-23.866788,2.191939
576.000000,-0.864116,19.783746,79.073673,-4.268802,1.476117,77.478993,1.985047,4.754652,15.147688,3.688555,-12.187541,1.390226,-5.951079,-8.310634,-5.255585,9.607479,-5.078092,4.646590,-11.127061,-3.874159,-15.818704,12.348265,18.006604,-16.221669,-21.195366,-22.211809,-26.022193,1.630019,-0.439301,-21.742014,2.942088,-15.742182,3.969919,-24.043996,2.419154
577.000000,-0.889236,19.766404,79.070270,-4.335740,1.487255,78.034111,1.765939,4.701114,14.841475,3.677615,-12.126395,1.424509,-5.858307,-8.440809,-5.574120,9.557306,-5.084005,4.655860,-10.863147,-3.907784,-15.749277,11.897255,18.096433,-16.356268,-21.018697,-22.339906,-26.178783,1.528796,-0.708225,-21.783422,3.197579,-15.723323,3.532575,-24.106538,2.335281
578.000000,-0.888659,19.738831,79.075760,-4.376566,1.494393,78.393249,1.581110,4.664979,14.492734,3.699875,-11.740334,1.532582,-5.772022,-8.561655,-5.981512,9.487959,-5.312806,4.581206,-10.502956,-3.904181,-15.714785,11.468095,18.364827,-16.448166,-20.937023,-21.790110,-26.218373,1.330777,-0.978320,-21.675318,3.412986,-15.648749,3.924529,-24.269228,2.170324
579.000000,-0.903082,19.698352,79.078621,-4.411412,1.520864,78.832690,1.358948,4.644163,14.336792,3.776373,-11.849696,1.459510,-5.696564,-8.766093,-6.483495,9.463649,-5.445221,4.553612,-10.382773,-3.979932,-15.636765,11.225422,18.454558,-16.734322,-21.002524,-22.123992,-26.144508,1.097785,-1.159982,-21.480410,3.851781,-15.645520,4.146911,-24.048683,2.671761
580.000000,-0.889760,19.688013,79.082423,-4.477251,1.523424,79.233755,1.176212,4.612477,14.017176,3.775355,-11.618965,1.536246,-5.622718,-8.841862,-6.776801,9.405360,-5.459444,4.532150,-10.291894,-4.033295,-15.638405,11.293401,18.472462,-16.793871,-21.049144,-21.960735,-26.288717,1.503627,-1.234196,-21.470093,3.842305,-15.618063,3.900650,-24.071337,2.747044
581.000000,-0.865621,19.677554,79.083842,-4.506362,1.540392,79.543976,1.100270,4.611445,13.930495,3.715166,-11.702664,1.513460,-5.547612,-8.890182,-6.953947,9.359179,-5.339206,4.467073,-10.134776,-4.142141,-15.529272,11.219282,18.548378,-16.730188,-21.066825,-21.602317,-25.965048,1.727315,-1.322892,-21.725034,3.871961,-15.549079,4.366550,-23.893224,2.972665
582.000000,-0.844973,19.661415,79.088277,-4.518619,1.540825,79.652918,1.065453,4.624723,13.880657,3.652017,-11.747163,1.409922,-5.499891,-8.937174,-7.175672,9.320244,-5.411003,4.512922,-9.851050,-4.195969,-15.438338,11.171133,18.429853,-16.672196,-21.057823,-21.584393,-25.931214,1.851032,-1.225254,-21.708609,3.887554,-15.546036,4.287141,-23.858356,2.923782
583.000000,-0.824585,19.639769,79.086280,-4.503256,1.534101,79.741637,1.008240,4.646538,13.740463,3.746805,-11.673168,1.439238,-5.475503,-8.913155,-7.172523,9.345222,-5.423214,4.501408,-9.485420,-4.218033,-15.343120,10.467613,19.061629,-16.274287,-21.008427,-20.882146,-25.768186,2.236856,-0.926328,-21.786511,3.766965,-15.530633,4.528044,-23.787314,3.014587
584.000000,-0.807382,19.621676,79.077637,-4.457512,1.544973,79.867871,0.957535,4.617558,13.593288,3.832230,-11.792878,1.329805,-5.384040,-8.945280,-7.241585,9.317180,-5.449947,4.447400,-8.629936,-4.415359,-15.357930,7.545889,20.926515,-15.331910,-21.616149,-19.778399,-25.647224,3.208448,-0.103968,-21.824544,3.434074,-15.432421,4.906884,-23.703536,3.201495
585.000000,-0.786510,19.575961,79.069555,-4.341987,1.580696,79.995863,0.963510,4.572781,13.510765,3.958269,-11.866603,1.397958,-5.255926,-9.050739,-7.413866,9.367145,-5.648415,4.445801,-7.018771,-4.854344,-15.567726,0.678408,23.713630,-13.309891,-23.362131,-20.127024,-25.425898,3.689423,1.378554,-21.887053,2.948014,-15.359921,4.869712,-23.217300,3.831797
586.000000,-0.746799,19.524606,79.072922,-4.247615,1.563333,80.447413,0.809563,4.592245,13.246608,4.181253,-11.902957,1.258160,-5.047214,-9.115754,-7.714824,9.450237,-5.619890,4.332990,-5.687913,-5.125604,-16.061680,-9.673473,28.523095,-10.272176,-25.209221,-17.291524,-25.505306,4.420948,2.909278,-22.427742,2.997882,-15.285929,5.007911,-23.021175,5.344842
587.000000,-0.710926,19.425079,79.090041,-4.227479,1.542038,81.134853,0.480157,4.557135,12.632022,4.371710,-11.601147,1.217263,-4.935254,-9.210816,-8.188024,9.542474,-5.521510,4.157492,-5.060930,-5.275081,-16.143483,-22.599812,34.823836,-8.619652,-25.762649,-14.067268,-25.195641,7.149278,3.161916,-23.207938,2.885524,-15.414916,5.033349,-22.862660,6.976117
588.000000,-0.681492,19.412398,79.118478,-4.241480,1.455331,81.692418,0.382103,4.585602,12.207958,4.230773,-11.347304,1.086317,-4.753169,-9.272824,-8.805213,9.552996,-5.804032,4.191344,-5.166889,-4.829053,-16.492007,-34.032193,41.462192,-8.937698,-26.449703,-12.836983,-25.697166,9.285441,3.200319,-24.407700,3.085010,-15.427900,4.992816,-22.658162,7.933246
589.000000,-0.672241,19.420749,79.158622,-4.328378,1.347072,82.060584,0.247644,4.679718,11.957457,4.177263,-11.309934,1.024268,-4.617483,-9.191973,-9.109353,9.374847,-5.477948,4.173239,-5.668742,-4.006612,-16.919504,-44.252960,48.130253,-10.767456,-26.744565,-10.611923,-25.246370,10.343416,3.068389,-25.621288,3.137121,-15.350592,5.167068,-22.353783,8.955630
590.000000,-0.683094,19.448107,79.197103,-4.443422,1.272041,82.074546,0.285295,4.748570,11.988984,3.871881,-10.967765,1.014322,-4.621003,-9.101984,-9.180564,9.171806,-5.275335,4.285008,-6.191709,-3.064215,-17.077534,-53.299344,54.004120,-14.093662,-27.146964,-9.163485,-24.879736,12.125139,2.720308,-26.888971,3.104168,-15.398416,5.326354,-22.030569,9.494047
591.000000,-0.726140,19.464883,79.238856,-4.546119,1.211752,81.887753,0.167476,4.835454,12.054015,4.019873,-10.973395,1.098719,-4.690008,-9.018715,-9.159142,9.008619,-5.104469,4.515558,-6.600799,-2.119076,-17.180231,-60.800329,59.042635,-18.045623,-27.093948,-8.227176,-24.608962,12.537307,2.514509,-28.037693,2.915563,-15.398588,5.028258,-21.908003,9.986886
592.000000,-0.795717,19.526523,79.262471,-4.553502,1.189792,81.715390,0.194307,4.821284,12.206120,4.162432,-11.028440,1.129238,-4.564759,-8.995983,-9.136922,8.738621,-4.942275,4.699651,-6.884887,-1.181023,-17.251695,-65.748753,63.023931,-21.288347,-27.297613,-8.141766,-24.882191,12.276288,2.774708,-28.915275,2.898068,-15.244000,5.161892,-21.568991,9.789638
593.000000,-0.858809,19.547664,79.312086,-4.504241,1.129619,81.643774,0.167470,4.796765,12.011312,4.262702,-10.217185,0.884071,-4.318138,-8.849004,-8.804980,8.228606,-4.372794,4.944029,-7.152320,-0.726167,-16.826289,-71.432406,65.940333,-26.134547,-27.181597,-10.845499,-25.740439,10.076660,2.754774,-29.189817,3.643026,-15.233781,2.492408,-22.298787,5.310161
594.000000,-0.942388,19.613348,79.308128,-4.386613,1.114002,81.535280,0.302032,4.720357,12.032097,4.406354,-10.336114,0.835967,-4.056674,-8.916871,-8.899907,8.059433,-4.390712,5.287377,-7.252842,-0.466424,-16.668945,-74.824155,67.664867,-29.045301,-26.805183,-12.249289,-26.329090,8.110346,3.342918,-28.965955,4.039377,-14.968652,0.967148,-22.207549,3.537219
595.000000,-1.030915,19.640027,79.310560,-4.368102,1.148566,81.502891,0.328357,4.596661,12.028221,4.426015,-10.340985,0.873685,-4.031421,-8.961798,-8.674110,8.020946,-4.116608,5.294665,-7.473104,-0.429025,-16.489666,-77.353436,68.566548,-31.142616,-26.240388,-12.763688,-26.538920,7.309201,3.823723,-28.646418,4.095394,-14.917287,0.151520,-22.199850,3.331210
596.000000,-1.098812,19.660062,79.303205,-4.357185,1.159017,81.469787,0.311603,4.488277,11.876979,4.505061,-10.333049,0.910491,-4.037984,-9.022668,-8.606227,8.022209,-4.021010,5.270094,-7.586925,-0.492549,-16.294746,-79.159317,68.814156,-32.641938,-25.862954,-13.036569,-26.698489,7.496706,4.265711,-28.411441,4.034715,-14.939768,-0.198201,-22.263907,3.184486
597.000000,-1.146875,19.669689,79.298145,-4.346224,1.169410,81.461316,0.310907,4.436983,11.858953,4.509548,-10.275892,0.907611,-4.047757,-9.077950,-8.588979,8.042416,-3.995658,5.242323,-7.627082,-0.602229,-16.136455,-80.280322,68.760074,-33.709760,-25.632389,-13.419286,-26.729279,7.416795,4.615052,-28.086943,3.925460,-14.861745,-0.261190,-22.200446,3.459173
598.000000,-1.172012,19.676881,79.291815,-4.340203,1.187995,81.424664,0.341363,4.393943,11.881315,4.485417,-10.318941,0.891426,-4.055720,-9.132115,-8.639401,8.063679,-4.137176,5.320130,-7.663459,-0.703457,-16.091480,-81.317767,68.927127,-34.425219,-25.288128,-12.045166,-26.569333,7.747482,4.792335,-28.132921,3.868893,-14.805468,-0.477371,-22.305590,3.643188
599.000000,-1.171097,19.678617,79.294628,-4.314137,1.196490,81.381758,0.370193,4.388385,11.905950,4.512092,-10.325287,0.909030,-4.044642,-9.139118,-8.592077,8.092495,-4.122531,5.280222,-7.639789,-0.806946,-16.019563,-81.905443,68.797115,-35.194763,-25.236091,-12.196501,-26.653898,7.842327,4.863454,-28.148676,3.752310,-14.736053,-0.435612,-22.263497,3.639761
600.000000,-1.141494,19.678299,79.295170,-4.293195,1.203677,81.280344,0.400139,4.401811,11.920712,4.532627,-10.397687,0.868497,-4.057333,-9.089896,-8.458321,8.089440,-3.995783,5.255026,-7.577899,-0.878442,-15.999371,-82.487839,68.835924,-35.807219,-25.152762,-12.313434,-26.720556,7.705887,4.754887,-28.144891,3.604717,-14.634105,-0.487405,-22.220180,3.703275
601.000000,-1.105625,19.681688,79.295874,-4.323239,1.216145,81.183483,0.412439,4.452435,12.034441,4.493505,-10.614430,0.698606,-4.097914,-9.055908,-8.418638,8.064217,-4.107067,5.333226,-7.563835,-0.933663,-16.072936,-83.307039,69.234254,-36.011858,-24.652275,-10.306338,-26.390680,8.180987,4.636443,-28.182634,3.472598,-14.560210,-0.651154,-22.405211,3.680878
602.000000,-1.059520,19.670004,79.295743,-4.326129,1.218017,81.133112,0.381441,4.495893,11.994548,4.556921,-10.531419,0.708154,-4.124712,-9.015291,-8.420647,8.075497,-4.146779,5.311360,-7.591836,-1.093277,-16.000722,-83.383742,69.234697,-35.889523,-24.273230,-9.854212,-26.314554,9.009052,4.374274,-27.775914,3.341991,-14.433679,-0.467229,-22.407728,3.482706
603.000000,-1.019837,19.652808,79.299694,-4.327094,1.231604,81.192326,0.314664,4.508045,11.932786,4.632883,-10.558702,0.655872,-4.120141,-9.006841,-8.463905,8.065075,-4.172574,5.298045,-7.647486,-1.531284,-15.862699,-82.054710,69.549658,-34.716964,-23.236594,-8.910485,-26.033970,10.686895,4.099638,-27.228751,2.978844,-14.219350,-0.277902,-22.380119,3.308848
604.000000,-0.994953,19.634627,79.287577,-4.285551,1.260819,81.170012,0.276613,4.507866,11.970456,4.748546,-10.610824,0.486998,-4.118745,-9.062111,-8.552765,8.148065,-4.468672,5.149068,-7.611932,-2.304905,-15.453317,-78.206854,70.539380,-31.612810,-21.274972,-6.079471,-25.278084,13.147756,3.697781,-26.091447,2.223137,-13.959499,0.171283,-22.561524,3.136385
605.000000,-0.993482,19.567795,79.271716,-4.154005,1.390862,81.127460,0.314999,4.380780,11.995950,4.811961,-10.525448,0.482109,-4.168638,-9.200000,-8.301140,8.319518,-4.581161,4.847488,-7.050810,-3.265973,-14.611752,-68.048362,70.688162,-24.788870,-19.710104,-4.553180,-25.336373,13.843911,3.441616,-24.436129,0.645146,-13.481903,0.250153,-22.650012,3.229393
606.000000,-1.023469,19.564527,79.246992,-4.056564,1.412693,81.072666,0.470264,4.319500,12.042959,4.690911,-10.575266,0.412114,-4.157377,-9.266743,-8.165459,8.425890,-4.686938,4.729525,-6.110618,-2.047989,-14.125916,-45.634331,67.515327,-8.973034,-20.224069,-4.465434,-24.934249,12.003503,4.199255,-25.292126,-0.657674,-13.112590,0.658623,-22.650753,3.517636
607.000000,-1.039824,19.565880,79.224336,-3.959790,1.474467,81.103567,0.617455,4.187620,11.991376,4.571998,-10.570802,0.627450,-4.117500,-9.367128,-8.081407,8.547840,-4.812611,4.756523,-5.214436,-1.540468,-13.458641,-28.837462,60.715840,-0.709805,-17.995115,-8.180763,-24.960945,9.769947,5.137913,-25.400150,-2.069895,-12.716440,-0.100713,-22.862045,3.015706
608.000000,-1.055033,19.589168,79.195988,-3.952622,1.491167,81.368905,0.615094,4.106397,11.850192,4.540941,-10.615293,0.717999,-4.032371,-9.472754,-8.278395,8.593361,-5.019641,4.775560,-5.272369,-1.066574,-12.897141,-16.083781,53.704237,4.429645,-15.135624,-8.107236,-23.692145,6.929200,5.840417,-25.185040,-2.799053,-12.385781,-0.351795,-22.894265,3.406533
609.000000,-1.054643,19.590133,79.163855,-3.932185,1.511035,81.765203,0.594478,4.038883,11.724930,4.477254,-10.526902,0.749393,-3.945468,-9.519668,-8.289258,8.700076,-4.930415,4.623243,-5.614919,-1.117274,-12.281693,-7.137505,47.338583,6.508871,-12.971741,-8.675820,-23.817604,2.779166,6.436993,-24.516802,-3.373299,-12.101931,-0.621731,-23.018221,3.928743
610.000000,-1.010749,19.601446,79.149675,-3.885998,1.539738,82.039923,0.542644,3.992734,11.492527,4.577425,-10.505964,0.846966,-3.845383,-9.597550,-8.516938,8.805797,-5.174741,4.516902,-5.624766,-1.619199,-11.873924,-2.041077,40.451990,7.038825,-12.161050,-12.171360,-23.310322,1.849805,7.160745,-23.691051,-4.136999,-11.896849,-1.115179,-22.699714,3.506836
611.000000,-0.955889,19.616069,79.133922,-3.931616,1.548513,82.147995,0.507644,4.028954,11.490593,4.559480,-10.594635,0.802830,-3.855606,-9.589830,-8.655025,8.841179,-5.323534,4.502061,-5.376681,-1.870083,-11.706192,1.978734,35.563091,8.771359,-12.187682,-10.936713,-23.105598,0.238084,7.651819,-23.463426,-4.968602,-11.930930,-1.276509,-22.789006,3.561600
612.000000,-0.890428,19.643803,79.127985,-4.006398,1.580053,82.199916,0.493803,4.040095,11.464404,4.454006,-10.669306,0.758892,-3.895209,-9.565437,-8.655274,8.827531,-5.345219,4.580499,-4.979719,-2.184897,-11.743155,4.296285,30.516476,9.411681,-12.621333,-11.083707,-22.819305,-0.003265,7.848859,-23.233472,-5.770372,-11.937754,-1.323421,-22.816336,3.158925
613.000000,-0.824929,19.611384,79.122818,-4.014536,1.580052,82.323611,0.451568,4.133053,11.566082,4.415941,-10.762829,0.698516,-3.902050,-9.576583,-8.884498,8.872753,-5.486712,4.577805,-4.565621,-2.328387,-11.752015,5.910894,27.157519,9.697901,-12.951759,-12.236951,-22.479577,-0.117798,7.735275,-23.182389,-6.628152,-11.878536,-1.208927,-22.728481,2.540474
614.000000,-0.745973,19.656065,79.119539,-3.982071,1.611069,82.467029,0.545927,4.116197,11.470687,4.329260,-10.818165,0.612030,-3.789465,-9.550960,-8.850878,8.908537,-5.537106,4.522024,-4.165117,-2.467883,-11.812909,6.770544,25.018177,9.919669,-13.115427,-11.993294,-22.381784,-0.039138,7.415538,-23.225992,-7.391641,-11.840918,-1.703818,-22.690865,2.310775
615.000000,-0.675603,19.648306,79.116780,-3.943365,1.602042,82.771164,0.472162,4.160939,11.317387,4.384866,-10.908060,0.491736,-3.676908,-9.591791,-9.152575,8.975536,-5.764108,4.505013,-3.973375,-2.467669,-11.871060,6.980059,23.304303,9.759144,-13.115887,-14.014419,-22.230987,-0.104434,6.941934,-23.440511,-7.797681,-11.856584,-1.642641,-22.587454,2.090557
616.000000,-0.606009,19.630103,79.114962,-3.944575,1.619654,83.155279,0.361397,4.177337,11.210481,4.411424,-11.084675,0.365944,-3.593061,-9.653253,-9.461180,9.048826,-5.796373,4.434160,-4.008881,-2.422031,-11.950283,7.075203,22.842215,9.730338,-13.098702,-14.126376,-22.306356,0.277956,6.388984,-23.636553,-7.856589,-11.888244,-1.364313,-22.609997,1.668421
617.000000,-0.559885,19.613075,79.119939,-3.949219,1.616922,83.475032,0.268396,4.157651,10.915933,4.432271,-10.963085,0.399377,-3.491639,-9.644655,-9.600756,9.034885,-5.785714,4.252266,-4.075413,-2.325957,-12.031305,6.788657,22.450123,9.524418,-13.003207,-13.987956,-22.203958,0.363501,5.912276,-23.805975,-7.801970,-11.814337,-1.645112,-22.532827,1.351715
618.000000,-0.513082,19.612572,79.119170,-3.950870,1.618084,83.658663,0.234360,4.176341,10.805555,4.387875,-10.906654,0.249825,-3.428743,-9.671552,-9.845540,9.052206,-5.954071,4.233034,-4.044592,-2.196341,-12.091328,6.443894,22.204767,9.161760,-12.871730,-14.228166,-22.283823,0.718437,5.593379,-23.887019,-7.752653,-11.778453,-1.589824,-22.517510,1.123253
619.000000,-0.459697,19.606522,79.121858,-3.924224,1.621366,83.757671,0.215803,4.197636,10.681005,4.432986,-10.830214,0.191763,-3.366684,-9.684862,-10.005143,9.054924,-6.174775,4.231479,-4.039125,-2.037793,-12.104172,6.198113,21.899436,9.089569,-12.920477,-14.239813,-22.428804,1.235639,5.338014,-23.791598,-7.740921,-11.697603,-1.577155,-22.549268,0.755939
620.000000,-0.423338,19.598641,79.119384,-3.912695,1.643989,83.805236,0.218935,4.207585,10.741564,4.422138,-10.873986,0.166841,-3.352121,-9.683336,-10.013926,9.100795,-6.163094,4.199435,-4.054558,-1.864721,-12.105438,6.057120,21.489534,8.939505,-13.045648,-15.072349,-22.518565,1.303427,5.193425,-23.649856,-7.836854,-11.668318,-1.409869,-22.605758,0.558403
621.000000,-0.390995,19.611518,79.123050,-3.882925,1.655558,83.827008,0.288952,4.215709,10.744775,4.367106,-10.927060,0.118232,-3.297251,-9.651222,-9.957005,9.088960,-6.080165,4.084436,-4.116190,-1.692103,-12.101420,5.933060,20.815386,8.820240,-13.140820,-16.106124,-22.445117,1.315619,5.168997,-23.415538,-8.053698,-11.557050,-1.376174,-22.400823,0.300458
622.000000,-0.373082,19.612326,79.123300,-3.836967,1.660738,83.788931,0.339571,4.228563,10.778323,4.360923,-10.890161,0.045121,-3.285045,-9.659347,-9.961924,9.152023,-6.224623,4.082072,-4.234227,-1.522171,-12.096170,5.777129,20.231280,8.848759,-12.985170,-16.062665,-22.358886,1.790558,5.173068,-23.077413,-8.255417,-11.501190,-1.418696,-22.298701,-0.077157
623.000000,-0.346424,19.622660,79.122609,-3.774011,1.672346,83.765036,0.409321,4.237348,10.794077,4.413728,-10.903258,0.058808,-3.230837,-9.702121,-10.076246,9.225019,-6.413750,4.106550,-4.293198,-1.371698,-12.107225,5.417676,19.675415,8.827609,-12.568530,-16.673113,-22.081322,0.705054,5.204364,-22.845303,-8.648907,-11.414932,-1.750864,-22.114281,-0.155090
624.000000,-0.323434,19.643949,79.117984,-3.741466,1.690703,83.744188,0.483669,4.219531,10.748594,4.380714,-10.800127,0.050833,-3.199742,-9.678662,-9.969990,9.257976,-6.322942,3.994663,-4.401795,-1.242621,-12.181892,5.051070,19.002681,8.831535,-12.355910,-17.362143,-22.086096,0.656239,5.223474,-22.632991,-8.916527,-11.406431,-1.911713,-22.011313,-0.433816
625.000000,-0.315338,19.634818,79.113626,-3.704076,1.682276,83.785235,0.496518,4.226772,10.720878,4.383787,-10.820857,0.015661,-3.199467,-9.674724,-9.954320,9.363220,-6.414895,4.016666,-4.532354,-1.089029,-12.232834,4.520618,18.670882,8.953585,-12.236586,-16.922415,-21.901727,0.736168,5.304856,-22.656313,-9.004283,-11.556203,-1.612502,-21.988257,-0.343080
626.000000,-0.310494,19.641328,79.108721,-3.622943,1.665746,83.912276,0.489112,4.244172,10.667254,4.563246,-10.936687,-0.032153,-3.048187,-9.717304,-10.158793,9.377320,-6.493099,3.980445,-4.661371,-1.022643,-12.222472,3.824041,18.378075,8.628123,-12.328555,-16.580125,-21.857836,1.028631,5.387756,-22.764355,-9.036551,-11.616139,-1.699736,-21.935521,-0.313519
627.000000,-0.294566,19.652487,79.111415,-3.612148,1.658799,84.027526,0.457722,4.289568,10.700455,4.676692,-10.945824,-0.142284,-2.998823,-9.728498,-10.267521,9.398737,-6.586751,3.947778,-4.757702,-0.980506,-12.323896,3.187860,18.075001,7.994742,-12.525552,-16.829045,-21.851136,1.262743,5.459389,-22.836953,-8.915914,-11.634009,-1.745605,-21.892153,-0.565815
628.000000,-0.277937,19.666786,79.108453,-3.599954,1.666310,84.102370,0.460189,4.276308,10.663503,4.687471,-10.944944,-0.071291,-2.984407,-9.754099,-10.308568,9.487470,-6.668713,3.872194,-4.854263,-1.019043,-12.371010,2.802797,18.257379,7.033737,-12.869424,-16.313716,-21.734893,1.336503,5.323650,-22.790007,-8.641382,-11.544756,-1.741096,-21.824901,-0.582778
629.000000,-0.273812,19.677289,79.103369,-3.565715,1.669022,84.106303,0.489879,4.263661,10.663618,4.732608,-10.948088,-0.023558,-3.019257,-9.756628,-10.252605,9.628914,-6.687375,3.831379,-4.883877,-1.078114,-12.419356,2.608924,18.638953,6.129187,-13.017462,-14.313945,-21.132250,1.512139,5.125243,-22.910041,-8.301168,-11.462243,-1.955957,-21.631139,-0.323489
630.000000,-0.280541,19.680291,79.098916,-3.480327,1.684372,84.041517,0.476688,4.264864,10.721743,5.016296,-11.160853,0.108278,-3.014998,-9.784241,-10.160349,9.785242,-6.691439,3.780593,-4.822112,-1.169970,-12.315779,2.453099,18.187520,4.912569,-13.390456,-14.665640,-20.843777,2.380288,4.881664,-22.947007,-7.785897,-11.532173,-1.877828,-21.610935,-0.734452
631.000000,-0.282878,19.685768,79.092312,-3.384380,1.684736,83.869513,0.499675,4.314946,10.890700,5.281039,-11.360359,0.128861,-3.027445,-9.789582,-10.056082,9.933393,-6.842483,3.746122,-4.751693,-1.301032,-12.177152,2.538683,17.403573,3.982804,-13.621865,-15.407932,-20.991840,2.493506,4.626148,-22.835559,-7.191329,-11.561790,-1.924703,-21.701803,-1.130695
632.000000,-0.289090,19.665299,79.088342,-3.246532,1.683290,83.771770,0.537385,4.341667,11.022207,5.557187,-11.472538,0.229179,-3.013289,-9.799483,-9.936556,10.119981,-6.904033,3.699442,-4.785958,-1.500642,-11.985175,2.536762,16.964158,3.463380,-13.617764,-14.573194,-20.420498,2.898221,4.470709,-22.833515,-6.785711,-11.586874,-2.085734,-21.469120,-1.352191
633.000000,-0.281318,19.655156,79.074782,-3.174233,1.676643,83.747860,0.424540,4.409466,11.134800,5.990918,-11.739498,0.238443,-3.102869,-9.838392,-9.962307,10.460269,-7.150887,3.622490,-4.898715,-1.813787,-11.901489,2.535957,16.990893,2.731805,-13.695730,-12.767528,-20.248835,2.759455,4.489955,-22.392685,-6.431211,-11.600889,-1.873382,-21.425024,-1.320618
634.000000,-0.263295,19.661093,79.059690,-3.045909,1.648288,83.677285,0.427255,4.491991,11.200420,6.369684,-12.081472,0.345852,-3.104983,-9.842050,-9.989460,10.758314,-7.381649,3.460062,-5.043340,-2.219261,-11.768166,2.478948,16.067446,1.353576,-13.911442,-13.907264,-20.271952,3.072253,4.563044,-21.860316,-6.071248,-11.656029,-1.769935,-21.325915,-1.653481
635.000000,-0.247333,19.659835,79.046369,-2.905887,1.625476,83.487016,0.468162,4.559271,11.227986,6.730791,-12.170823,0.449159,-3.065175,-9.783863,-9.799385,10.899341,-7.477421,3.401214,-5.097059,-2.576710,-11.620066,2.545809,15.704707,0.594216,-13.939008,-13.951253,-20.075394,3.047207,4.666329,-21.506229,-5.764835,-11.868161,-1.852330,-21.186968,-1.973198
636.000000,-0.237382,19.678229,79.038304,-2.820979,1.604929,83.277875,0.517400,4.684922,11.516939,6.980675,-12.516679,0.361058,-3.070886,-9.729569,-9.702171,11.030960,-7.449627,3.409727,-5.239196,-2.911720,-11.596656,2.755753,15.823267,-0.013850,-13.935074,-13.483793,-19.908019,3.138254,4.742909,-21.173730,-5.402151,-11.903680,-1.644819,-21.140936,-2.396218
637.000000,-0.223549,19.687231,79.029101,-2.762250,1.562612,83.041031,0.526997,4.794687,11.674408,7.271743,-12.647119,0.482263,-3.105857,-9.633730,-9.545011,11.117276,-7.368770,3.369579,-5.414539,-3.312339,-11.635840,2.900248,15.615108,-0.850724,-13.962525,-14.233536,-19.817703,3.246069,4.859667,-20.917459,-5.093522,-12.011180,-1.564175,-21.106673,-2.444300
638.000000,-0.232606,19.709776,79.019773,-2.705445,1.499427,82.789317,0.648913,4.881431,11.832595,7.371641,-12.816176,0.711834,-3.096671,-9.558189,-9.463752,11.135273,-7.505299,3.427679,-5.493829,-3.676634,-11.689216,2.777281,15.512345,-1.503219,-14.022537,-14.776220,-19.660727,3.179116,4.990766,-20.837083,-4.918380,-12.201220,-1.705216,-21.023199,-2.692552
639.000000,-0.240652,19.768347,79.008812,-2.685634,1.443764,82.477295,0.775380,5.004232,12.085034,7.441278,-13.121568,0.650125,-3.080655,-9.454374,-9.276957,11.067734,-7.511752,3.455071,-5.505227,-4.085560,-11.850095,2.279066,15.690714,-1.859859,-13.973080,-14.543845,-19.557369,3.503513,5.159131,-20.710532,-4.751950,-12.373934,-1.344223,-20.976780,-2.973342
640.000000,-0.234641,19.840406,79.012263,-2.713645,1.417911,82.160201,0.892767,5.090390,12.325612,7.431807,-13.152290,0.528634,-3.122731,-9.397237,-9.160973,11.019055,-7.684489,3.609078,-5.677708,-4.614975,-12.129681,1.464076,16.165956,-1.549782,-14.109139,-13.019392,-19.362207,4.508272,5.118861,-20.767586,-4.770565,-12.460354,-1.455014,-20.843825,-3.756403
641.000000,-0.246352,19.873050,79.009140,-2.756706,1.362045,82.143936,0.888533,5.154151,12.360360,7.415651,-13.193140,0.347067,-3.098761,-9.261106,-8.945349,10.929598,-7.458270,3.549466,-6.158988,-5.215153,-12.431934,-0.482654,17.661568,-0.251556,-14.377591,-7.418257,-18.814002,7.996581,5.089943,-20.920984,-5.141057,-12.753167,-2.324981,-20.715924,-4.783560
642.000000,-0.316440,19.779678,79.010975,-2.710397,1.272217,82.383307,0.743361,5.188227,12.150988,7.540827,-13.136803,0.248684,-3.027540,-9.258459,-9.100960,10.883381,-7.499275,3.620515,-6.899642,-6.008162,-12.382610,-4.301281,21.058797,3.029390,-14.524910,8.938745,-16.271664,15.731753,4.410259,-21.802312,-6.214202,-13.418579,-5.878588,-20.685134,-6.573710
643.000000,-0.356211,19.738238,78.989655,-2.943156,1.118494,82.474679,0.607069,5.418299,12.277668,7.319052,-14.035417,0.056438,-3.348635,-9.220994,-9.472004,11.142502,-7.838201,2.837041,-7.749883,-6.265727,-12.630831,-8.211798,24.156195,7.942246,-16.156036,27.353644,-10.536069,19.027201,2.884894,-23.586148,-9.840381,-14.431532,-9.101462,-21.162870,-3.319168
644.000000,-0.408509,19.730349,79.011965,-2.998951,1.052487,82.332944,0.654743,5.446883,12.341169,7.149243,-13.959650,0.118151,-3.396075,-9.157822,-9.453557,11.031842,-7.748311,2.662810,-7.966921,-6.682287,-13.358696,-12.618467,26.384037,10.332937,-17.531856,29.521403,-6.436464,21.374382,0.619257,-25.353085,-12.991337,-15.162687,-8.874756,-19.559691,-2.967234
645.000000,-0.478370,19.723512,79.035598,-3.136628,0.979725,82.209501,0.646544,5.454613,12.326646,6.910209,-13.648069,0.039042,-3.448692,-9.047234,-9.370664,10.722257,-7.490943,2.586314,-8.262008,-6.936833,-14.108608,-17.168626,29.167251,12.664786,-18.792584,31.881629,-4.544461,22.881260,-2.332493,-27.820969,-16.861376,-15.728737,-9.117597,-18.524588,-1.579292
646.000000,-0.569637,19.738352,79.048765,-3.287967,0.940272,82.020670,0.685734,5.441691,12.489003,6.582836,-13.491285,0.023487,-3.500842,-8.973745,-9.227428,10.382274,-7.214322,2.800800,-8.441250,-7.033068,-14.597299,-20.920115,32.070942,13.814276,-19.621417,33.498680,-3.294770,25.300156,-5.703219,-30.982151,-20.128547,-16.317935,-10.600935,-18.029673,-2.614847
647.000000,-0.674831,19.745879,79.068673,-3.394519,0.891324,81.813368,0.739270,5.356957,12.347099,6.297795,-13.107610,0.174823,-3.512793,-8.902913,-9.086534,10.024743,-6.963023,2.902322,-8.500901,-7.099294,-14.810577,-23.963848,33.641735,13.923044,-20.238189,31.994389,-4.077420,26.437822,-8.713986,-34.535202,-22.718504,-16.486460,-13.337852,-17.395054,-2.715057
648.000000,-0.778281,19.757698,79.080427,-3.436037,0.853024,81.623642,0.780295,5.315900,12.424127,6.194862,-13.055487,0.174570,-3.495633,-8.896550,-9.013471,9.787974,-6.863314,3.157766,-8.380132,-7.099567,-14.783046,-25.760212,34.307610,13.763182,-20.296493,29.665028,-5.574862,27.889787,-11.453290,-37.077982,-24.868712,-16.467591,-16.602163,-16.907008,-5.225747
649.000000,-0.887084,19.761325,79.083484,-3.440520,0.841104,81.409940,0.762996,5.301277,12.659662,6.322050,-13.118801,0.156022,-3.542712,-8.955169,-8.967636,9.721500,-6.798910,3.392905,-8.150628,-7.025624,-14.488351,-26.100953,34.874478,14.153018,-19.883249,29.909316,-6.343749,29.234415,-13.369267,-38.901383,-26.646291,-16.631248,-19.818631,-16.579393,-8.262898
650.000000,-1.005347,19.782421,79.068857,-3.303769,0.805159,81.276714,0.902793,5.262354,12.869800,6.449222,-13.437443,0.156355,-3.478146,-9.005423,-8.850491,9.812660,-6.872881,3.434618,-8.091670,-7.010327,-13.980087,-25.379412,34.138190,14.522456,-19.694212,29.315387,-7.340269,28.943815,-14.830639,-38.871150,-27.602290,-16.781082,-21.380237,-16.044830,-10.890126
651.000000,-1.123130,19.814087,79.040277,-3.062610,0.764322,81.186437,1.182782,5.178902,12.924103,6.570011,-13.571772,0.417828,-3.303515,-9.108649,-8.770228,10.025534,-6.999866,3.249293,-8.013181,-7.071972,-13.196437,-24.144468,31.161683,14.018398,-20.305147,23.940455,-9.227513,29.653840,-15.975589,-36.912941,-27.885417,-17.177996,-19.636364,-15.110368,-14.798074
652.000000,-1.216241,19.780348,79.021686,-2.714449,0.782436,81.121200,1.545112,5.012340,12.835231,6.595839,-13.473260,0.818850,-3.201419,-9.279977,-8.634075,10.451717,-7.079676,2.967205,-7.831364,-7.244465,-12.124177,-22.852170,27.760660,13.653791,-21.734463,15.443490,-10.528038,30.795301,-16.464965,-34.435440,-28.065114,-18.329738,-16.010061,-13.868043,-18.065396
653.000000,-1.283781,19.815427,79.009390,-2.494996,0.772427,81.000531,1.804525,4.857648,12.597907,6.611291,-13.277099,1.122895,-3.064592,-9.408144,-8.626105,10.656929,-6.981241,2.562904,-7.463854,-7.307804,-11.490177,-22.082855,24.675821,13.220738,-23.334819,6.569451,-12.079619,29.546821,-16.459856,-32.627643,-27.825472,-19.579579,-11.687215,-13.279143,-18.636393
654.000000,-1.375574,19.838145,79.035771,-2.452715,0.781224,80.979718,1.831866,4.801502,12.735219,6.685349,-13.445288,1.218311,-2.956181,-9.490232,-8.662060,10.508372,-6.853182,2.642874,-7.087156,-7.113550,-11.231609,-21.713405,22.330901,12.545269,-25.507970,-2.612234,-13.092008,29.785939,-17.036274,-31.449125,-27.120827,-20.789851,-4.617289,-12.719425,-19.099398
655.000000,-1.427611,19.864115,79.064322,-2.534542,0.800099,80.917523,1.676136,4.785466,12.855272,6.875083,-13.534699,1.201052,-2.990938,-9.523761,-8.592401,10.374814,-6.526978,2.672702,-6.772735,-6.638916,-11.118921,-21.625747,23.865478,13.359101,-26.487465,2.251374,-10.419195,31.878750,-18.935687,-29.425384,-26.027985,-22.775197,7.533231,-13.740455,-17.682489
656.000000,-1.478584,19.818340,79.073530,-2.531652,0.773822,80.994784,1.360929,4.893650,13.035195,7.442471,-13.893475,1.203292,-3.111744,-9.560230,-8.623091,10.627658,-6.784737,2.668682,-6.601964,-6.238279,-10.595555,-21.683979,28.466036,14.711702,-26.637531,15.447701,-6.031833,34.105201,-20.192315,-29.661203,-25.894847,-23.901928,9.294935,-14.353492,-18.066552
657.000000,-1.536122,19.757223,79.016602,-2.189773,0.753277,81.185261,1.366877,4.868172,12.923538,8.067626,-14.430810,1.221121,-3.026871,-9.728043,-8.704245,11.257576,-7.164337,2.718862,-6.381243,-6.061190,-9.494488,-22.565861,33.521544,16.460418,-26.761195,29.597979,-3.024856,36.533049,-19.885616,-33.816683,-28.014120,-24.258371,-4.905863,-13.064916,-17.972799
658.000000,-1.626270,19.665501,78.945768,-1.689710,0.756701,81.381715,1.537380,4.680778,12.497360,8.662249,-14.711842,1.574460,-2.758316,-9.978515,-8.747679,11.835420,-7.734354,2.867352,-5.788215,-5.779098,-8.417272,-24.798843,38.004402,17.996415,-25.915514,36.797644,-0.678399,38.190391,-18.578197,-40.463034,-30.896808,-24.036841,-22.765120,-10.862355,-17.457569
659.000000,-1.721185,19.638044,78.938872,-1.509547,0.800207,81.588388,1.602063,4.504235,12.330996,8.728720,-14.698343,1.540802,-2.597856,-10.243445,-9.026039,11.956820,-7.742671,3.106543,-4.840047,-5.244016,-8.032945,-28.244857,41.003992,17.444749,-25.866937,32.890646,-1.101631,39.334035,-17.740679,-48.738772,-33.582459,-23.030392,-38.278897,-7.583912,-17.428039
660.000000,-1.814127,19.675796,79.007459,-1.911438,0.846401,81.683132,1.323924,4.401687,12.356782,8.295229,-14.185389,1.222369,-2.811375,-10.307171,-9.232944,11.562502,-7.394620,3.439794,-3.747773,-4.064305,-8.564589,-30.727303,45.744953,16.977243,-25.502958,30.218847,-0.366546,42.178962,-19.511617,-55.341051,-33.980748,-22.020463,-39.956395,-5.988861,-20.266773
661.000000,-1.891348,19.735102,79.101866,-2.483234,0.895978,81.769289,0.920179,4.278073,12.200866,7.736082,-13.385346,1.022717,-3.141903,-10.297775,-9.326774,10.976811,-6.737695,3.738389,-2.757298,-2.754211,-9.386134,-31.816968,51.961446,17.241196,-23.728989,34.985206,1.974547,44.241761,-23.564095,-58.776155,-32.422607,-21.362223,-32.853825,-5.924025,-25.030154
662.000000,-1.935844,19.731790,79.179972,-2.772951,0.938032,81.954380,0.674333,4.193741,12.124898,7.401045,-12.953480,0.915765,-3.204677,-10.336893,-9.462850,10.519471,-6.172283,3.586351,-2.180366,-1.664876,-9.694290,-32.920778,54.818566,15.761213,-23.288507,33.421045,2.506718,46.592655,-28.853209,-58.650165,-29.831357,-21.236421,-21.148233,-6.981474,-29.348671
663.000000,-1.951083,19.615550,79.202813,-2.604647,0.968785,82.266151,0.818686,4.052574,11.913081,7.060369,-12.645477,1.209168,-2.922268,-10.493757,-9.790661,10.316230,-6.085527,3.228804,-1.713133,-0.557503,-8.912931,-34.908492,52.196022,12.100757,-26.346210,15.923824,-0.085253,48.419932,-35.369216,-53.589493,-25.822729,-23.481028,4.940427,-10.597220,-31.483084
664.000000,-1.951713,19.466911,79.177892,-2.119502,0.995458,82.716624,1.088480,3.911753,11.613583,7.172330,-12.837104,1.601736,-2.432207,-10.782562,-10.316262,10.535131,-6.611096,2.799331,-1.133042,0.344696,-7.771359,-35.922335,45.756373,8.412146,-31.787776,-5.848681,-8.684089,48.823910,-38.625758,-47.634231,-23.365828,-26.914203,25.002316,-14.140461,-30.618447
665.000000,-1.926111,19.441870,79.134494,-1.889387,0.999697,83.372493,1.072851,3.855375,11.230072,7.412803,-13.136352,1.597247,-2.096536,-10.969231,-10.838755,10.841368,-6.952144,2.834219,-1.109625,1.118205,-7.482581,-35.567841,48.150443,10.130696,-29.939537,1.203353,-6.141548,46.975142,-36.629191,-50.674553,-25.619254,-26.136778,15.362251,-10.878113,-25.918924
666.000000,-1.882112,19.472910,79.127705,-2.014704,1.031853,84.052142,0.868249,3.767328,10.748088,7.281304,-12.973320,1.337461,-1.995211,-11.030618,-11.198420,10.859378,-6.986991,3.172934,-1.158555,1.960952,-7.446453,-34.757637,54.106689,13.637153,-25.668669,21.257400,0.165666,45.394527,-33.291438,-56.772648,-28.032978,-25.723251,-7.682835,-7.984945,-22.288874
667.000000,-1.821600,19.496074,79.152012,-2.329603,1.119161,84.606158,0.531768,3.630018,10.332790,6.978125,-12.614221,0.975928,-2.042559,-11.122667,-11.602987,10.630088,-6.848834,3.555340,-1.058186,2.653545,-7.927838,-34.057161,56.832197,14.733051,-23.900838,29.576232,1.455045,46.694479,-31.016927,-61.200059,-28.359734,-25.899092,-24.532774,-7.208709,-24.863471
668.000000,-1.739485,19.431269,79.196382,-2.497687,1.273290,84.842262,0.426508,3.444661,10.142367,6.534959,-11.997574,1.210480,-2.099789,-11.277301,-11.891172,10.397039,-6.536250,3.711710,-0.238617,3.134025,-8.327423,-34.911713,52.062372,11.309968,-26.463829,17.461601,-3.268164,48.156696,-31.668589,-60.843564,-25.835594,-26.642833,-25.765632,-6.330036,-28.967693
669.000000,-1.618022,19.301870,79.216844,-2.445001,1.351235,84.794757,0.440733,3.489443,10.376902,6.397264,-11.938744,1.259803,-2.181733,-11.200602,-11.638133,10.397544,-6.450584,3.389136,1.246538,3.912141,-8.094724,-35.272436,48.012934,9.336249,-28.086071,9.187388,-5.206479,48.918354,-34.517870,-54.637084,-22.203348,-29.589773,-3.280431,-9.481420,-30.298658
670.000000,-1.458279,19.228327,79.162854,-2.224266,1.348174,84.933691,0.393795,3.631351,10.269188,6.894207,-12.316120,1.280360,-2.042132,-11.114021,-11.579685,10.720155,-6.880685,2.830013,1.723894,4.626713,-7.531352,-33.714008,51.073767,11.893954,-25.925023,20.407280,-0.823113,47.227753,-35.956609,-50.030395,-21.542888,-31.124089,7.387276,-12.554260,-28.293560
671.000000,-1.325039,19.144592,79.110825,-1.926002,1.412744,85.570141,0.323701,3.594687,9.759703,7.317766,-12.510003,1.084423,-1.781794,-11.237468,-11.897769,11.221267,-7.127142,2.724217,1.184991,4.830857,-6.834553,-33.218072,53.402725,14.423591,-25.650181,27.324423,0.588247,45.098431,-34.059203,-54.545850,-24.996576,-29.376995,-6.887547,-8.835741,-23.035149
672.000000,-1.178759,19.087757,79.130965,-1.851850,1.497655,86.268570,0.265508,3.502969,9.281204,7.172319,-12.235752,0.922843,-1.557282,-11.408299,-12.659040,11.327213,-7.345080,2.707980,1.315336,4.916633,-6.851922,-35.628555,51.150570,12.878907,-29.221107,15.902547,-4.014473,47.027580,-32.621445,-59.257260,-25.850941,-28.507324,-18.037602,-6.765810,-23.748315
673.000000,-0.987196,19.126187,79.197603,-2.163705,1.563950,86.605598,0.083141,3.514855,9.051770,6.698404,-11.571387,0.727935,-1.609206,-11.307411,-12.960146,10.981477,-7.228197,2.749428,2.449078,4.937461,-7.855407,-38.627414,50.920030,11.870877,-30.503082,8.585333,-6.316343,50.171674,-33.155183,-60.365622,-23.755529,-28.938231,-11.422411,-8.014387,-26.042787
674.000000,-0.766741,19.250621,79.260588,-2.708983,1.568757,86.759787,-0.310081,3.675916,8.947615,6.301711,-10.966656,0.373999,-1.854560,-11.041907,-12.962137,10.509701,-7.167240,2.757891,3.384510,5.076252,-8.990560,-39.217618,57.363829,14.983367,-25.196259,22.296748,2.185302,51.698272,-35.616807,-59.041446,-21.426606,-29.596217,4.364817,-12.094244,-26.873763
675.000000,-0.546232,19.393821,79.249406,-2.997233,1.650293,87.069067,-0.527520,3.669911,8.606919,6.218941,-10.544817,0.261015,-1.824617,-10.913764,-13.077873,10.261828,-7.122772,2.910428,3.636835,4.481363,-9.664708,-37.530107,61.236307,17.130622,-22.744134,32.704332,5.419397,49.988041,-36.382905,-61.890762,-23.633382,-27.601904,-4.587767,-10.653738,-25.487570
676.000000,-0.356375,19.425975,79.197508,-2.879919,1.794356,87.523001,-0.368972,3.551935,8.183811,6.036222,-10.546852,0.274372,-1.582454,-11.075968,-13.456320,10.454346,-7.340972,3.085513,4.168188,3.565125,-9.826617,-36.732235,56.864972,14.809061,-26.201702,25.180107,-0.475781,48.277232,-35.067516,-65.206272,-26.362857,-25.779355,-22.076915,-6.488683,-27.022450
677.000000,-0.118942,19.409052,79.146111,-2.485752,1.880091,87.788410,-0.041874,3.606085,7.973612,6.164645,-10.816495,0.384261,-1.227182,-11.134832,-13.755327,10.873396,-7.936112,2.660186,5.356158,2.284617,-9.384165,-37.132726,48.817056,10.807502,-31.928334,6.973498,-8.540607,48.470215,-34.456990,-63.366424,-26.711270,-27.306680,-19.158962,-5.853616,-29.478687
678.000000,0.136353,19.405912,79.139239,-2.197836,1.923048,87.975140,0.149046,3.754735,7.825575,6.323369,-11.001458,0.446821,-0.990421,-11.062361,-13.924112,11.261471,-8.331717,1.968505,6.448978,0.935265,-9.069511,-38.365077,45.655843,9.725356,-34.038053,1.308018,-10.299101,48.659712,-35.083987,-58.595448,-24.876244,-31.209033,0.476728,-9.602332,-29.259834
679.000000,0.388562,19.516078,79.141945,-2.335068,1.908593,88.180887,-0.036412,3.927346,7.512959,6.441074,-10.816200,0.126521,-0.985842,-10.865636,-14.153703,11.314984,-8.934260,1.746320,6.664093,-0.149083,-9.457088,-38.927164,51.633447,13.570882,-29.991166,19.144686,-1.534866,48.916421,-35.902585,-58.042722,-24.071945,-32.949891,7.394762,-12.506110,-25.950132
680.000000,0.569601,19.657214,79.143870,-2.734721,1.912349,88.518294,-0.345044,4.055274,7.440244,6.279977,-10.815406,-0.262177,-1.102795,-10.698635,-14.335175,11.104859,-8.901698,2.074832,6.346497,-1.218659,-10.451237,-38.328238,58.076477,16.576451,-26.854029,34.789890,4.174617,48.324948,-35.116984,-64.394894,-26.200145,-31.413956,-6.269479,-10.969041,-23.028488
681.000000,0.713530,19.703564,79.173750,-3.107568,1.949734,88.703227,-0.607596,4.071652,7.217628,5.903718,-10.321905,-0.418949,-1.295919,-10.576537,-14.422294,10.817515,-8.324428,2.212496,6.374171,-2.510062,-11.278089,-39.952242,57.553360,13.647182,-28.355810,31.495143,2.739915,47.705733,-35.346502,-67.915638,-24.997681,-30.346073,-14.612187,-9.725926,-24.071726
682.000000,0.850430,19.642612,79.234338,-3.158627,2.004047,88.751660,-0.523319,4.086643,7.144666,5.416270,-9.787373,-0.437051,-1.257543,-10.502837,-14.564847,10.438479,-8.129611,2.122316,7.272819,-3.980501,-11.380001,-42.192578,50.417202,7.202406,-33.323192,11.167037,-5.192569,49.659338,-37.044999,-65.286268,-21.011583,-30.766700,-1.455380,-11.023475,-28.420549
683.000000,0.970460,19.576745,79.221684,-3.013382,1.992185,88.681847,-0.404348,4.229297,7.272885,5.453415,-9.973818,-0.537972,-1.205727,-10.334028,-14.366692,10.443830,-8.336283,2.007237,7.596251,-4.992861,-11.172433,-42.113048,47.296266,5.909350,-34.225975,7.499837,-7.417263,49.964422,-37.951185,-60.822616,-19.430222,-30.881631,10.726564,-13.806591,-28.872999
684.000000,1.046264,19.495371,79.137754,-2.910381,1.994410,88.554502,-0.364995,4.307660,7.228932,5.565764,-10.357873,-0.663554,-1.369307,-10.324623,-14.231122,10.888957,-8.748306,1.985290,7.019621,-5.829314,-10.792180,-39.814696,50.465771,9.975925,-30.864788,24.203235,-2.113069,48.090833,-35.423120,-62.978360,-23.897990,-27.456249,-3.881896,-11.118517,-26.421006
685.000000,1.110894,19.388001,79.076332,-2.664988,1.973852,88.309663,-0.251043,4.456406,7.245711,5.882669,-10.832431,-0.735230,-1.465487,-10.306853,-14.177997,11.461927,-9.364943,1.847992,6.587044,-6.615471,-10.020921,-38.740741,53.008299,12.517917,-29.287073,34.179868,0.207332,45.932882,-31.617581,-65.925963,-26.715312,-25.327277,-16.975424,-9.472409,-23.809993
686.000000,1.179553,19.170403,79.116899,-2.361540,2.060796,87.909283,0.008921,4.495937,7.540891,5.832150,-10.574725,-0.632946,-1.650049,-10.336225,-13.851726,11.899401,-9.308571,1.485600,7.095098,-7.728525,-9.043339,-41.513360,50.107043,8.816437,-32.734942,18.847765,-2.463840,46.251965,-31.354171,-64.303772,-24.234647,-26.708121,-4.299482,-10.308862,-23.245705
687.000000,1.197453,19.013132,79.203880,-2.417152,2.063190,87.609397,-0.057932,4.588560,7.862731,5.669011,-10.272756,-0.681607,-1.860284,-10.263938,-13.767349,11.685198,-9.033593,1.132449,7.418155,-8.512579,-8.822800,-45.214363,46.632959,4.754541,-37.531247,-2.563030,-10.290380,51.067620,-32.728914,-62.888379,-21.129018,-28.332871,16.644078,-12.803802,-23.920615
688.000000,1.210409,19.040953,79.238296,-2.762935,1.948446,87.529653,-0.361208,4.748166,7.992414,5.597410,-10.075024,-1.139976,-1.999742,-10.007458,-13.753518,11.200417,-8.662998,1.582241,6.914299,-8.704924,-9.910405,-46.771920,52.576064,8.224569,-32.717112,9.613709,-5.356741,51.618212,-31.973021,-67.621031,-23.450795,-26.540580,8.015754,-12.439662,-23.458447
689.000000,1.180363,19.019520,79.245806,-3.226770,1.858776,87.707760,-0.848612,4.799538,7.842007,5.386806,-9.826578,-1.312606,-2.328048,-9.851391,-13.767652,10.793262,-8.075044,2.062445,5.821206,-8.828884,-10.457259,-47.438710,58.825161,11.099237,-26.738416,31.093702,3.326907,51.391764,-30.414576,-72.688260,-27.107539,-23.711282,-12.805307,-10.529350,-25.832190
690.000000,1.151418,18.999036,79.201865,-3.109426,1.705125,87.683453,-0.772502,4.937105,7.784013,5.535688,-10.133766,-1.354686,-2.167759,-9.637603,-13.735083,10.738477,-8.163513,2.071617,5.279062,-9.082282,-10.471612,-46.921152,58.435533,9.744661,-26.510363,35.284651,3.041269,49.925879,-30.246140,-70.921460,-27.185492,-23.557947,-14.135785,-11.560981,-28.020479
691.000000,1.111520,18.802078,79.197347,-2.632550,1.712620,87.402888,-0.303830,4.951585,7.936925,5.455491,-10.369241,-1.004168,-2.032807,-9.754174,-13.595258,11.014481,-8.367319,1.701404,5.069821,-9.768372,-9.561712,-46.103230,52.015101,5.517885,-30.715764,20.142950,-1.865969,48.727413,-31.153756,-62.884534,-25.040713,-26.363560,3.873274,-13.702456,-28.769573
692.000000,1.007721,18.649030,79.176319,-2.141650,1.796061,86.947416,0.233561,4.847506,8.343293,5.496450,-10.813994,-0.632929,-1.933807,-9.949790,-13.295167,11.397893,-8.446885,1.682882,4.845956,-10.036364,-8.519329,-44.360429,45.664019,2.986128,-34.970592,2.441906,-9.716135,48.402149,-30.070229,-58.731793,-25.657150,-27.583577,8.563309,-13.003416,-27.568062
693.000000,0.880582,18.612580,79.150784,-1.911791,1.746143,86.402076,0.491632,4.866192,8.629545,5.761543,-11.077939,-0.458056,-1.924528,-9.903941,-12.854040,11.507292,-8.403341,1.857797,4.113798,-9.469666,-8.340225,-43.366264,49.057345,5.750676,-32.453111,9.881360,-7.971485,46.634028,-25.699622,-61.840540,-29.354787,-26.849926,-4.670839,-10.529096,-23.278089
694.000000,0.704570,18.602881,79.168421,-1.941442,1.620767,85.722512,0.484503,5.019763,9.235876,6.037184,-11.352662,-0.739582,-2.118164,-9.769624,-12.344518,11.365500,-8.195765,2.320490,3.311456,-8.362701,-8.347488,-43.666205,57.492844,9.188035,-27.404980,30.526704,0.696870,46.495205,-23.139463,-64.068807,-30.836822,-27.797728,-12.897809,-11.418109,-21.101967
695.000000,0.493367,18.613632,79.242146,-2.023854,1.431296,85.149038,0.451297,5.165346,9.646649,6.203044,-11.219444,-0.770924,-2.126835,-9.638970,-12.211706,10.878483,-8.224180,2.562315,2.703104,-6.939507,-8.623343,-44.907831,61.815773,8.513991,-25.881470,33.902293,5.182173,46.463673,-25.240652,-62.079200,-27.666579,-29.541770,1.031911,-13.943277,-22.932263
696.000000,0.201698,18.551083,79.325944,-2.086063,1.330015,84.945563,0.556505,5.037677,9.807131,5.783208,-10.870968,-0.553712,-2.062060,-9.675768,-12.201501,10.251343,-7.289677,2.562363,1.643894,-5.497985,-8.835248,-46.092077,58.166314,3.638988,-30.522975,11.605840,-0.988166,49.589277,-29.548812,-59.606371,-25.419768,-29.550496,14.663943,-14.259015,-26.332510
697.000000,-0.147013,18.524489,79.351151,-2.117853,1.356082,84.767016,0.758921,4.683539,9.947663,5.255035,-10.705828,-0.216413,-2.076943,-9.923927,-12.110871,9.913411,-6.501252,3.040572,0.650961,-3.949317,-8.961843,-45.373053,55.866282,2.253210,-32.612480,0.482883,-9.236181,51.312206,-29.253055,-62.805522,-29.294183,-26.420121,0.551248,-10.437712,-30.352937
698.000000,-0.467999,18.549863,79.317415,-2.133478,1.282064,84.307918,0.893979,4.583571,10.476991,5.218410,-10.797466,-0.280414,-2.200200,-9.960639,-11.552642,9.829291,-6.421213,3.515806,-0.134995,-2.028555,-8.755267,-43.902725,61.199957,6.643588,-26.564452,22.201240,-0.669193,49.750176,-26.453639,-62.694477,-32.599246,-26.037427,-11.859935,-9.885601,-31.629182
699.000000,-0.754875,18.509281,79.272497,-1.786875,1.207425,83.845395,1.227090,4.487578,10.879514,5.503167,-11.168620,-0.181645,-2.158108,-10.093054,-11.075560,10.144932,-6.875470,3.286910,-0.776985,-0.548195,-7.584382,-41.213696,61.551424,9.170226,-25.781746,33.352138,2.875459,49.104255,-26.242038,-55.585350,-31.532743,-29.712921,-0.865846,-14.477911,-31.311605
700.000000,-1.044683,18.432562,79.245317,-1.303213,1.232900,83.616579,1.570531,4.175442,10.922999,5.819703,-11.222022,0.472877,-2.047800,-10.357254,-10.523166,10.619555,-6.853554,2.770113,-1.654111,0.830233,-6.220704,-37.208180,57.300253,10.157069,-29.017031,25.923698,1.447189,47.640802,-25.593535,-49.406078,-29.916799,-32.760442,12.262121,-15.805775,-28.449642
701.000000,-1.345965,18.347630,79.223436,-0.939861,1.279267,83.594173,1.900821,3.834202,11.011117,5.850604,-11.265837,0.823808,-1.963233,-10.713287,-10.318911,10.962952,-6.446728,2.614478,-2.320442,2.116203,-5.458464,-34.263770,49.530944,8.539003,-35.507995,3.084294,-7.482085,46.974032,-21.646196,-51.048882,-32.612033,-32.592532,6.957498,-11.599181,-26.126029
702.000000,-1.569630,18.356261,79.235643,-0.890867,1.305108,83.468682,2.072712,3.567344,11.031993,5.621608,-11.276268,0.983677,-1.942391,-10.870424,-10.088780,10.863648,-6.144533,2.896732,-2.840789,3.286954,-5.446376,-33.389704,48.171968,7.355188,-37.899593,-6.300888,-13.052823,46.416118,-18.623800,-55.042685,-34.614480,-32.042624,-1.284978,-9.590280,-24.893787
703.000000,-1.692647,18.412413,79.268968,-1.266187,1.259424,83.111080,1.815264,3.622163,11.474781,5.500633,-11.236909,0.716235,-2.251934,-10.733748,-9.697930,10.423811,-5.798083,3.241195,-2.590293,4.843615,-6.382547,-34.032780,55.625696,11.326907,-31.843336,11.220804,-5.005024,48.232648,-19.404219,-56.369643,-33.434978,-32.755951,3.360858,-12.286686,-26.946058
704.000000,-1.813787,18.485998,79.324931,-1.731915,1.189360,82.812814,1.446694,3.726971,11.871697,5.409105,-11.086052,0.423159,-2.689796,-10.609125,-9.424258,10.086801,-5.650786,3.445361,-3.181926,6.120920,-6.968077,-34.460370,63.868887,14.537334,-25.622666,31.243184,6.124374,50.951900,-23.986627,-56.411492,-30.438379,-32.732193,13.284177,-16.483377,-29.545971
705.000000,-1.934946,18.486902,79.326397,-1.764918,1.272845,82.706412,1.470221,3.524149,11.935247,5.322864,-11.058930,0.544630,-2.725765,-10.767946,-9.305289,9.945455,-5.352205,3.729779,-3.844438,6.518757,-7.335330,-34.511409,63.940304,13.626580,-26.044968,27.238064,4.193744,50.023899,-26.208703,-60.060292,-32.071430,-29.634545,3.820363,-13.669570,-30.421980
706.000000,-2.050144,18.388426,79.296321,-1.514181,1.445085,82.399005,1.893312,3.189367,12.076907,4.933281,-10.781819,0.978131,-2.788891,-11.023159,-8.892573,10.134917,-5.159674,3.841706,-3.274730,6.696249,-7.133799,-34.348448,56.684498,10.286273,-30.206833,6.034015,-7.122327,51.135748,-26.311893,-64.321585,-34.719938,-26.271442,-12.185813,-8.004417,-34.319778
707.000000,-2.036599,18.395396,79.254115,-1.378453,1.412031,82.065681,2.016900,3.228274,12.237064,5.212066,-10.963028,0.865074,-2.721049,-10.886800,-8.601839,10.172849,-5.423801,3.849705,-2.701035,6.685964,-7.130551,-32.553542,56.447712,11.844768,-27.761627,13.246238,-6.375651,50.243059,-26.052027,-62.949257,-35.122404,-26.065470,-13.214695,-8.894174,-34.365414
708.000000,-1.979392,18.251736,79.255188,-1.467303,1.420993,82.008463,1.699872,3.359248,12.349370,5.396617,-11.014208,0.774910,-3.132133,-10.788793,-8.267488,10.457493,-5.605762,3.574747,-2.943259,6.603313,-6.487111,-29.277555,57.952004,15.410259,-24.125785,31.292259,1.039631,49.013236,-27.076040,-56.676674,-32.393709,-28.494448,0.061616,-14.174196,-31.932108
709.000000,-1.900068,18.168099,79.238605,-1.481086,1.404631,82.363590,1.586100,3.386967,12.048617,5.282044,-11.038960,0.692508,-3.127359,-10.833444,-8.699299,10.599413,-5.967792,3.564007,-3.714851,6.151597,-6.141868,-25.559292,54.158336,16.885665,-24.828723,31.979810,-0.024145,47.372126,-23.962218,-54.194235,-33.469915,-28.263340,-4.072341,-13.134053,-30.835493
710.000000,-1.829493,18.066725,79.241991,-1.500749,1.514815,82.804684,1.652266,3.268430,11.879517,4.756477,-10.784121,0.889782,-3.123170,-10.994011,-9.037708,10.638875,-5.910211,3.660641,-3.648933,5.691696,-5.920510,-22.436215,44.028960,15.577894,-27.891544,17.375397,-5.530200,46.641654,-17.368334,-53.077974,-36.723205,-28.380713,-14.809395,-9.976725,-30.945436
711.000000,-1.697626,18.004502,79.239571,-1.573206,1.501803,83.121447,1.449737,3.383575,11.657306,4.782756,-10.767596,0.857817,-3.103267,-10.867703,-9.180379,10.559465,-5.780583,3.713648,-3.463642,5.077847,-5.674163,-18.513089,38.091275,16.128981,-26.414134,15.211632,-7.751753,46.532026,-12.124439,-49.127775,-37.694991,-28.811756,-16.163156,-11.051519,-29.631864
712.000000,-1.504041,17.982073,79.249156,-1.744711,1.468245,83.162318,1.193773,3.627006,11.646042,4.882177,-10.764586,0.598207,-3.214563,-10.668101,-9.309141,10.450528,-6.001472,3.506808,-3.298510,4.341673,-5.571239,-12.072931,36.895330,18.067930,-22.758779,25.148586,-5.289706,43.983140,-8.864784,-41.573821,-35.867857,-29.879007,-5.353634,-14.291081,-26.422416
713.000000,-1.346312,17.939940,79.235035,-1.803317,1.532559,83.239082,0.928152,3.693363,11.461215,5.235982,-10.854552,0.859999,-3.329690,-10.546861,-9.174402,10.567803,-5.878727,3.306092,-3.059245,3.262858,-5.000087,-7.561644,33.391979,17.450660,-20.409012,25.256342,-5.512086,40.959620,-5.668134,-35.825503,-34.866552,-28.793270,-4.206554,-14.361518,-26.012316
714.000000,-1.246043,17.929949,79.254633,-1.757071,1.635960,83.222929,1.122668,3.620709,11.478655,4.869921,-10.686867,1.149957,-3.326404,-10.666077,-9.356138,10.614689,-5.912665,3.439788,-2.362605,2.184616,-4.685248,-4.548803,25.930209,14.369171,-19.511108,10.461236,-9.485616,38.187130,-0.956362,-33.007866,-35.073114,-26.888532,-9.504954,-12.416767,-25.208734
715.000000,-1.141797,17.923005,79.260033,-1.839345,1.626948,83.289423,1.035027,3.755670,11.571111,4.847842,-10.847545,1.025446,-3.342869,-10.536372,-9.429232,10.474702,-5.714403,3.554425,-2.130363,1.542170,-4.507693,-0.756877,21.541281,12.871881,-17.344154,7.477652,-10.880136,37.601301,2.133944,-30.656543,-33.920659,-25.531307,-10.831179,-12.872256,-22.639990
716.000000,-1.042248,18.015347,79.260385,-1.994069,1.539370,83.252874,0.980305,3.935354,11.536092,4.824666,-10.858485,0.837917,-3.317304,-10.328369,-9.455623,10.285200,-5.838808,3.602287,-2.498079,1.039751,-4.440601,3.537839,20.902530,13.347215,-15.393074,17.403592,-8.578958,36.231640,2.898760,-27.661721,-30.467790,-24.548311,-5.791325,-14.184959,-20.911188
717.000000,-0.995999,18.146308,79.243422,-2.132150,1.570305,83.105251,1.049716,3.955565,11.716892,4.666100,-11.011718,0.829882,-3.430115,-10.236196,-9.242359,10.286236,-5.758870,3.614824,-2.359705,0.280005,-4.583574,5.928726,18.582648,12.208975,-15.425315,16.229750,-8.982417,35.180587,3.712583,-26.482027,-28.776502,-23.884617,-5.414099,-13.991828,-20.407958
718.000000,-0.999105,18.145013,79.257846,-2.131525,1.626980,82.905434,1.117416,3.875612,11.687622,4.593101,-10.743193,1.066818,-3.511764,-10.305586,-9.211064,10.304252,-5.762973,3.667583,-2.084989,-0.425697,-4.589082,6.774687,15.853106,11.141306,-15.843573,12.647384,-10.284591,35.134848,4.219817,-27.041824,-29.110143,-23.660597,-9.329051,-13.586333,-20.498532
719.000000,-1.008003,18.152572,79.263568,-2.181260,1.628345,82.912076,1.010526,3.933304,11.863103,4.728042,-10.873129,1.002848,-3.514185,-10.297823,-9.215652,10.233133,-5.714635,3.543166,-1.962248,-0.696113,-4.766818,7.352638,15.414984,11.071956,-16.096828,13.345908,-10.609008,34.344971,3.441700,-27.433446,-30.079170,-23.384213,-10.557617,-13.268357,-20.531318
720.000000,-1.022840,18.232302,79.256558,-2.219014,1.618663,82.799042,1.052396,3.917680,11.858776,4.738392,-10.911301,1.070448,-3.510202,-10.242451,-9.103701,10.185678,-5.569243,3.506186,-1.806874,-0.943687,-5.117769,7.139659,15.612404,10.680351,-16.531863,12.395591,-10.978255,34.728319,2.211342,-27.418217,-30.175069,-23.257400,-7.243593,-13.512075,-20.777087
721.000000,-1.044834,18.278721,79.247332,-2.290615,1.581248,82.797188,1.032334,3.946863,11.868356,4.693636,-10.993488,1.033991,-3.535161,-10.233605,-9.214611,10.155667,-5.746097,3.566578,-1.695913,-1.129887,-5.411167,6.440310,15.721246,10.546317,-16.520083,11.482335,-10.805757,35.097716,1.612557,-28.483315,-30.071537,-23.069283,-7.036038,-13.451042,-21.504813
722.000000,-1.062821,18.394987,79.240012,-2.337674,1.561390,82.798052,1.119933,3.961985,11.950744,4.602161,-10.999662,1.028716,-3.455700,-10.243640,-9.303165,10.100413,-6.008823,3.772462,-1.712856,-1.118849,-5.547238,6.010713,16.805380,10.168875,-16.512418,12.611453,-10.157430,34.997691,1.480244,-30.015540,-29.710210,-23.022090,-8.991554,-13.251554,-21.825432
723.000000,-1.087614,18.390101,79.247355,-2.382376,1.582746,82.964016,1.011769,3.891315,11.761038,4.638119,-11.005968,1.190806,-3.471618,-10.260250,-9.192475,10.092731,-5.707890,3.802461,-1.829045,-0.950829,-5.575256,5.643857,17.849398,9.170274,-16.291178,13.633485,-9.829748,35.086292,1.383835,-30.444028,-29.163689,-23.124458,-9.328272,-13.394282,-21.760327
724.000000,-1.115919,18.408959,79.249811,-2.463282,1.613069,83.007345,0.916152,3.827386,11.699727,4.636560,-10.922399,1.245881,-3.547809,-10.354989,-9.373356,10.109468,-5.792998,3.889987,-1.675809,-0.871407,-5.817591,4.209499,17.524809,6.959669,-16.097041,10.866203,-11.350158,35.373987,1.710114,-29.519077,-28.040783,-22.908448,-7.997854,-13.860993,-23.190408
725.000000,-1.134844,18.416229,79.240364,-2.552704,1.656607,83.290371,0.708016,3.730652,11.469959,4.710396,-10.904645,1.222854,-3.506374,-10.470724,-9.620758,10.066752,-5.790356,3.903680,-1.253384,-1.289459,-6.123279,1.146193,17.291870,4.048587,-15.479657,9.031210,-13.424214,36.192387,2.952145,-28.513940,-26.801830,-21.712751,-10.473901,-13.952362,-26.799878
726.000000,-1.104916,18.441541,79.225653,-2.669451,1.635241,83.579790,0.475986,3.756032,11.218299,4.815774,-10.993917,1.073057,-3.513615,-10.477292,-9.852251,10.073730,-5.951361,3.841140,-0.854997,-1.998693,-6.461086,-2.107700,18.341102,0.898450,-15.145279,13.324284,-14.016525,37.080800,4.333009,-27.680318,-25.391672,-19.306706,-13.623327,-14.217776,-28.196754
727.000000,-1.041988,18.489449,79.220957,-2.765761,1.599717,83.765319,0.390324,3.800365,11.005236,4.776921,-10.823232,0.847907,-3.491705,-10.390533,-9.935870,10.039278,-5.826351,3.639460,-0.602162,-2.654692,-6.718344,-5.187317,16.906866,-2.353122,-15.969051,10.150943,-16.155172,36.101095,4.747593,-25.941876,-22.663452,-16.527251,-11.272955,-15.148630,-28.471490
728.000000,-1.042640,18.459588,79.213470,-2.879489,1.500753,84.217035,0.042367,3.892726,10.678955,4.958056,-10.993616,0.748831,-3.367600,-10.368885,-10.437766,9.851635,-5.812116,3.586037,-0.749777,-2.922718,-6.754755,-7.307279,16.033420,-5.021294,-16.302470,9.258390,-17.729706,34.365824,4.844126,-24.850924,-20.220114,-14.140859,-10.993222,-15.972163,-29.216312
729.000000,-1.016309,18.492705,79.211992,-2.931565,1.443293,84.454543,-0.037147,3.915013,10.405745,4.956878,-10.993640,0.636993,-3.252680,-10.276161,-10.549670,9.715685,-5.721608,3.573784,-0.842652,-3.126756,-6.853247,-8.860051,15.890010,-7.112777,-16.079665,9.696669,-18.486138,31.754680,5.236998,-24.822514,-18.049617,-12.412034,-12.982312,-16.324070,-27.067744
730.000000,-1.000408,18.535781,79.207796,-2.983685,1.414162,84.610607,-0.096183,3.939570,10.284164,4.955133,-11.012878,0.571835,-3.165991,-10.266613,-10.755122,9.624243,-5.824163,3.630836,-0.907250,-3.309240,-6.972972,-9.888361,15.626752,-9.017653,-15.976661,9.296738,-19.081587,29.453705,5.341800,-24.497105,-15.869622,-11.308466,-12.858336,-16.907046,-24.351564
731.000000,-0.992276,18.567011,79.201406,-3.012230,1.417812,84.677247,-0.135645,3.935174,10.233132,4.999121,-11.048878,0.670335,-3.146338,-10.265554,-10.780952,9.611887,-5.800906,3.519975,-0.994283,-3.461243,-6.917624,-10.500961,15.188070,-10.446523,-16.239654,8.636278,-18.745541,29.386950,5.058365,-23.599594,-13.416158,-10.528726,-11.124658,-17.003189,-23.764462
732.000000,-0.988216,18.598008,79.191381,-2.996036,1.416097,84.696298,-0.148968,3.950480,10.245066,5.110730,-11.186837,0.613354,-3.142801,-10.293495,-10.826512,9.729166,-5.995845,3.509753,-1.079849,-3.687277,-6.739195,-10.654947,14.623944,-11.124236,-16.526864,8.159678,-18.639216,28.409084,5.059492,-23.542974,-11.481118,-10.119059,-12.130395,-17.096768,-22.321048
733.000000,-0.993492,18.632106,79.180622,-2.937852,1.413350,84.691062,-0.082302,3.939530,10.209363,5.165173,-11.293288,0.613344,-3.109252,-10.319961,-10.840526,9.857645,-6.068308,3.499004,-1.096039,-3.832778,-6.472469,-10.417647,14.087614,-11.226210,-16.513195,8.583224,-18.796372,27.114885,5.234928,-23.705124,-9.941702,-10.161424,-13.176593,-17.604275,-20.371394
734.000000,-0.998046,18.672353,79.173553,-2.910069,1.400876,84.711918,-0.042819,3.960784,10.279182,5.226902,-11.471259,0.573037,-3.034834,-10.302779,-10.818407,9.847598,-6.048193,3.486900,-1.132329,-3.908664,-6.170785,-9.860344,13.491187,-10.922711,-16.527555,8.270650,-18.788845,26.694348,5.331699,-23.310756,-8.675381,-10.109307,-12.225425,-17.788456,-19.533357
735.000000,-1.007052,18.731879,79.175264,-2.889328,1.418195,84.632279,0.022917,3.930961,10.325146,5.293207,-11.423558,0.618266,-2.981191,-10.332762,-10.802753,9.826879,-6.114912,3.575261,-1.066462,-4.021192,-5.932920,-8.930830,12.886999,-10.725880,-16.732077,7.562215,-19.162818,26.138417,5.648807,-23.198664,-7.772404,-10.105849,-12.224229,-17.981183,-18.685849
736.000000,-1.018823,18.760949,79.173928,-2.872790,1.413478,84.619953,0.068982,3.938624,10.384118,5.302205,-11.610220,0.615789,-2.972363,-10.358970,-10.817136,9.894266,-6.227036,3.646136,-1.003682,-4.120808,-5.699169,-8.140982,12.567009,-10.541023,-16.894813,7.426455,-19.149666,26.063474,6.102211,-23.437639,-7.233090,-10.105266,-13.158901,-18.096899,-18.263704
737.000000,-1.023679,18.804371,79.164243,-2.847362,1.411482,84.637788,0.097417,3.934295,10.380411,5.374917,-11.725574,0.617052,-2.925188,-10.359895,-10.762286,9.945282,-6.197057,3.656774,-1.023317,-4.176285,-5.467230,-7.394286,12.467417,-10.380385,-16.977911,7.694196,-19.057095,26.195509,6.355478,-23.295426,-6.589485,-9.806635,-12.553230,-18.353294,-17.559576
738.000000,-1.038781,18.838793,79.163629,-2.836046,1.397210,84.711160,0.089203,3.915210,10.309958,5.437841,-11.635839,0.606642,-2.858536,-10.405067,-10.943126,9.958642,-6.344535,3.602100,-1.086608,-4.228603,-5.236671,-6.779316,12.150135,-10.444184,-17.149698,6.517294,-19.111942,26.317699,6.511223,-23.161790,-6.008097,-9.329906,-11.363628,-18.384766,-17.077307
739.000000,-1.042994,18.874529,79.158306,-2.810509,1.389833,84.837361,0.099337,3.914026,10.255415,5.481191,-11.732497,0.603870,-2.753313,-10.445588,-11.070574,9.970914,-6.468491,3.600151,-1.154440,-4.291668,-5.004618,-6.390110,12.206193,-10.280758,-17.316459,6.600679,-18.882961,26.244418,6.831650,-23.652435,-5.685855,-9.124985,-11.817380,-18.410708,-16.483839
740.000000,-1.055163,18.897475,79.151136,-2.822838,1.396194,84.897506,0.058852,3.881126,10.169512,5.536145,-11.758996,0.670894,-2.764978,-10.430167,-10.924586,10.005116,-6.295124,3.536148,-1.159271,-4.375758,-4.821311,-6.266526,12.477104,-10.185778,-17.460817,7.346927,-18.774991,26.303620,7.080187,-24.056217,-5.174845,-8.957822,-12.248229,-18.584815,-16.320848
741.000000,-1.066960,18.928492,79.146898,-2.829080,1.377254,84.897770,0.035219,3.901253,10.173932,5.622730,-11.789432,0.642830,-2.752710,-10.431492,-10.977636,10.022993,-6.353797,3.517371,-1.144455,-4.402602,-4.669977,-6.189780,12.452588,-10.317879,-17.545383,6.934554,-18.578570,26.420536,7.202198,-24.274018,-4.749274,-8.727630,-12.144840,-18.412645,-15.913851
742.000000,-1.073895,18.953058,79.145110,-2.850555,1.372779,84.910335,0.005709,3.897470,10.155477,5.680354,-11.848144,0.631250,-2.723682,-10.433831,-11.010862,9.986957,-6.374118,3.559121,-1.135850,-4.457834,-4.504791,-6.254607,12.477495,-10.252654,-17.607900,6.854634,-18.665369,26.567848,7.356493,-24.524330,-4.422827,-8.610343,-12.793288,-18.548115,-15.918355
743.000000,-1.079990,18.968157,79.144269,-2.863706,1.362630,84.916807,-0.011825,3.914881,10.174948,5.717468,-11.947814,0.592968,-2.715833,-10.422822,-11.009362,9.966316,-6.378853,3.601569,-1.235297,-4.455518,-4.336222,-6.314863,12.592275,-10.079850,-17.792409,7.277157,-18.782093,26.480618,7.351772,-24.702311,-4.170741,-8.508088,-13.208499,-18.837168,-15.419292
744.000000,-1.087732,18.977495,79.142445,-2.856677,1.347319,84.874431,0.005476,3.934492,10.196880,5.744731,-12.054927,0.589625,-2.733292,-10.426868,-11.022238,9.995682,-6.406961,3.568808,-1.276812,-4.437505,-4.174846,-6.348950,12.454700,-10.025995,-17.915069,6.711969,-18.728368,26.226063,7.295871,-24.687816,-3.844579,-8.251541,-12.805582,-18.854054,-14.802816
745.000000,-1.091284,19.015519,79.130954,-2.865702,1.340462,84.834217,0.040957,3.955147,10.274456,5.769980,-12.140061,0.645896,-2.723421,-10.428650,-11.041196,10.011460,-6.494569,3.625899,-1.298272,-4.430664,-4.081853,-6.462103,12.515003,-9.993615,-17.939121,6.385981,-18.698577,26.109230,7.249407,-24.735902,-3.603969,-7.968868,-12.746265,-18.830750,-14.389790
746.000000,-1.095738,19.058299,79.129344,-2.846650,1.342083,84.771296,0.102518,3.958183,10.323190,5.822532,-12.121127,0.653201,-2.694197,-10.402384,-10.898247,10.028122,-6.460557,3.591535,-1.320249,-4.406074,-3.925041,-6.605046,12.658280,-9.945009,-17.936107,6.886408,-18.601634,25.896560,7.267620,-24.895703,-3.387979,-7.806300,-13.754724,-18.712224,-14.459546
747.000000,-1.115568,19.114076,79.120439,-2.799958,1.333835,84.695714,0.251397,3.959340,10.437811,5.770150,-12.263635,0.660930,-2.624565,-10.390576,-10.803236,10.017874,-6.474458,3.664972,-1.330018,-4.332011,-3.830036,-6.682487,12.633579,-9.984296,-17.858409,6.493662,-18.696859,25.621896,7.337422,-24.881380,-3.121372,-7.479943,-13.729607,-18.790499,-14.042105
748.000000,-1.131576,19.151875,79.111999,-2.752344,1.333547,84.636446,0.353943,3.954263,10.537156,5.772162,-12.374445,0.688800,-2.572986,-10.474157,-10.951902,10.077741,-6.690478,3.694426,-1.345344,-4.267451,-3.790394,-7.144744,13.288569,-10.440653,-17.816342,4.341047,-18.391775,23.869652,7.530847,-24.889652,-2.782744,-6.916013,-13.169231,-18.289124,-12.820406
749.000000,-1.123519,19.156785,79.102653,-2.727413,1.368981,84.736512,0.322731,3.906250,10.438465,5.857386,-12.329150,0.786358,-2.528189,-10.543233,-11.063415,10.156859,-6.844340,3.576738,-1.150934,-4.426522,-3.909690,-9.963447,14.935267,-11.530991,-19.035281,-3.460597,-18.903974,19.711347,8.228028,-25.077024,-1.881964,-5.934805,-12.119807,-17.396453,-11.366800
750.000000,-1.099062,19.040239,79.109544,-2.477813,1.440078,85.151083,0.290760,3.766551,10.061045,6.075927,-12.168095,0.853646,-2.282391,-10.771669,-11.499341,10.362735,-6.800269,3.307559,-0.158261,-5.070869,-3.398035,-18.464040,17.338422,-12.613239,-22.028251,-19.769677,-19.742553,13.260867,9.363362,-25.595939,-0.690667,-4.074927,-10.531147,-15.701505,-9.169634
751.000000,-0.972679,18.879423,79.151654,-2.122587,1.300479,85.945533,-0.256743,3.854308,9.000373,7.277252,-11.465644,0.279134,-1.696067,-10.639088,-12.208328,10.342043,-6.371668,3.057241,1.385776,-5.513390,-2.848457,-32.931911,21.481836,-13.773238,-24.692486,-32.111608,-19.240797,9.196366,11.558287,-26.364421,0.510162,-1.856621,-13.748761,-14.052159,-11.287842
752.000000,-0.860426,18.579951,79.164255,-1.895316,1.083333,86.859249,-0.689520,4.076367,8.230558,7.770926,-11.308859,-0.310385,-1.427419,-10.531854,-13.143377,10.577321,-6.503756,2.808555,1.470214,-5.689722,-1.691222,-49.146336,28.157042,-13.844806,-24.479810,-27.531314,-19.311542,11.513414,12.868904,-29.128346,2.627533,0.318785,-15.679821,-14.512417,-9.202054
753.000000,-0.758437,18.231052,79.209298,-1.793091,0.831742,87.808193,-1.219437,4.303340,7.451254,8.014324,-10.953236,-0.758135,-1.301890,-10.393065,-14.241303,10.740948,-6.383432,2.605412,0.593135,-5.618431,0.078961,-63.085902,34.268282,-16.607175,-23.835788,-24.633549,-19.438141,13.808853,13.450637,-32.746755,4.782574,2.383181,-18.021061,-15.325099,-6.097315
754.000000,-0.677781,17.892247,79.289871,-1.876690,0.549189,88.797741,-2.002369,4.552016,6.634458,8.278825,-10.373761,-1.041712,-1.268959,-10.147440,-15.122725,10.607834,-5.900082,2.386590,-0.975934,-5.337121,1.729871,-74.075396,41.565792,-20.981250,-22.707662,-18.971948,-18.579031,15.357356,14.116597,-35.557278,6.815552,4.690599,-18.894919,-15.547543,-3.948705
755.000000,-0.650456,17.582855,79.376245,-2.129650,0.365994,89.288623,-2.708463,4.647682,5.990724,8.229560,-9.664589,-1.175158,-1.536034,-9.988135,-15.638625,10.326537,-5.229170,2.398704,-2.196531,-5.153332,3.145395,-81.349807,47.741759,-26.480439,-22.589536,-16.940712,-19.173929,15.620919,14.791360,-37.602415,8.296165,6.802766,-19.786628,-16.312013,-3.351223
756.000000,-0.668110,17.421921,79.443055,-2.516607,0.283521,89.558237,-3.212163,4.635170,5.741894,8.026302,-9.159588,-1.160291,-1.756337,-9.879078,-16.041708,9.838194,-4.663447,2.490078,-2.872335,-5.096808,3.665243,-85.245952,51.786313,-30.364911,-23.135386,-16.511813,-19.679641,14.849091,16.306778,-38.702048,8.695851,8.635030,-20.961664,-16.333187,-1.575546
757.000000,-0.710835,17.263190,79.505694,-2.972039,0.232862,89.631213,-3.741400,4.604876,5.597430,7.649908,-8.601760,-1.255549,-2.194143,-9.773963,-16.084534,9.378505,-4.086847,2.666764,-3.278968,-5.268183,4.173920,-88.060980,54.427923,-33.195191,-23.312066,-16.133615,-20.308174,15.345311,17.486918,-38.861430,8.622302,10.511423,-21.366509,-16.467777,-1.263554
758.000000,-0.746201,17.159611,79.542398,-3.262910,0.216642,89.606375,-4.103025,4.567233,5.471092,7.486494,-8.195540,-1.374181,-2.467226,-9.768145,-16.186300,9.062003,-3.734317,2.795802,-3.357805,-5.617636,4.702531,-89.637347,55.670516,-34.936916,-22.924674,-15.975589,-20.720784,14.984008,18.340796,-38.459009,8.494663,12.445218,-21.633501,-16.568446,-0.113439
759.000000,-0.773526,17.090762,79.548752,-3.362577,0.214722,89.611069,-4.265027,4.522355,5.317175,7.406565,-7.970086,-1.377995,-2.579195,-9.753973,-16.179583,8.932526,-3.554857,2.691048,-3.297313,-6.033974,5.255705,-90.376134,55.808851,-36.068197,-22.642490,-16.612222,-20.937255,15.255381,18.652466,-38.506394,8.589549,13.700371,-22.643694,-16.781017,1.123570
760.000000,-0.805175,17.026317,79.549658,-3.392145,0.211151,89.658237,-4.398104,4.507758,5.315083,7.487554,-8.004584,-1.393584,-2.656344,-9.807576,-16.228567,8.928842,-3.425383,2.670138,-3.395766,-6.400558,5.729625,-90.876937,55.928587,-36.487075,-22.368900,-15.591621,-21.300503,15.295789,18.615834,-38.296645,8.862671,14.572622,-23.127036,-17.261963,1.559945
761.000000,-0.819552,17.013338,79.544383,-3.415793,0.205440,89.680934,-4.472243,4.529585,5.392309,7.540774,-8.152893,-1.500424,-2.724718,-9.779835,-16.103609,8.965428,-3.405648,2.742318,-3.629886,-6.825044,5.903178,-91.417888,56.923138,-35.698175,-20.381805,-9.756270,-19.150360,16.366574,18.376921,-37.831561,9.191643,15.464696,-22.743680,-17.384640,2.392030
762.000000,-0.861971,16.948161,79.548216,-3.773766,0.186832,89.412920,-4.868545,4.612286,5.601862,7.463777,-7.868017,-1.744782,-3.424381,-9.789484,-15.732253,9.147882,-3.306682,2.994656,-4.104967,-6.934590,5.923296,-91.556193,60.720341,-33.630806,-15.759024,12.908038,-11.788425,23.360736,16.819354,-37.703341,9.623157,16.551331,-22.255383,-18.138061,1.620059
763.000000,-0.908003,17.054148,79.554409,-4.141027,0.239506,89.079294,-4.993070,4.628453,6.019590,7.205858,-7.904508,-1.989553,-3.778225,-9.760913,-15.377445,8.903166,-3.233132,3.359791,-4.600564,-7.335568,5.416619,-85.409077,65.362581,-29.543877,-11.907323,33.332894,-4.833009,32.760231,15.564557,-36.521448,9.994666,17.617686,-22.074430,-19.685215,-0.767440
764.000000,-1.022112,17.180620,79.571581,-4.592137,0.290970,88.680912,-5.088854,4.584452,6.484964,6.785066,-7.810950,-1.978439,-4.148536,-9.760745,-15.035926,8.540153,-3.057623,3.381864,-4.801706,-6.946099,4.395536,-68.330476,63.609176,-18.350268,-13.360506,34.003270,-5.202842,40.432531,14.602360,-35.421084,9.466372,18.979504,-23.308468,-20.842111,-3.348943
765.000000,-1.141528,17.401133,79.550493,-4.981395,0.347165,88.097434,-4.934161,4.526324,6.887156,6.234305,-7.823481,-1.777041,-4.477452,-9.746887,-14.552843,8.259782,-3.064411,3.417511,-4.820524,-6.139296,3.041968,-51.277478,59.118135,-7.656020,-15.447748,31.087261,-8.705529,38.285597,14.239578,-34.407218,8.442320,20.115213,-23.604113,-20.743501,-3.914241
766.000000,-1.246848,17.623258,79.512405,-5.121943,0.480219,87.655652,-4.673005,4.374740,7.203383,5.996655,-8.077605,-1.452776,-4.591339,-9.832938,-13.980235,8.175002,-2.967495,3.420506,-4.505889,-5.390769,2.125321,-38.207457,51.832099,-2.509284,-16.165804,22.958530,-14.693658,32.989172,13.926617,-32.962281,6.730905,20.708584,-23.609717,-19.793069,-3.662610
767.000000,-1.333097,17.842878,79.473186,-5.039242,0.570159,87.484101,-4.388444,4.238125,7.439092,6.086661,-8.422447,-1.218178,-4.467222,-9.936722,-13.592017,8.320571,-3.075118,3.324383,-4.313575,-5.071016,1.832899,-29.853787,45.832328,-1.501723,-14.902600,20.314548,-16.435083,29.500168,13.272714,-31.302231,5.841047,20.911218,-24.030031,-19.443527,-4.247946
768.000000,-1.393041,18.016700,79.442048,-4.898346,0.585995,87.495138,-4.200945,4.145885,7.377132,6.322732,-8.784854,-0.963033,-4.318864,-10.052619,-13.526938,8.623054,-3.471098,3.072817,-4.591677,-4.800953,1.734042,-23.294522,40.405483,-0.661059,-15.019557,16.857156,-18.194917,26.125824,12.289483,-30.439202,6.194308,20.628017,-24.544497,-19.343929,-4.644018
769.000000,-1.399009,18.142328,79.405749,-4.628600,0.577280,87.628886,-3.959647,4.090449,7.215816,6.621724,-9.117012,-0.797117,-4.049243,-10.135532,-13.572322,9.029624,-4.013335,2.868124,-4.623677,-4.849515,1.748941,-19.378106,36.407879,-0.374777,-14.821002,14.838111,-18.864009,24.029287,11.888182,-29.617124,6.580228,19.571839,-24.585261,-19.467718,-4.530580
770.000000,-1.367339,18.332489,79.381633,-4.506222,0.665320,87.426304,-3.614943,4.076217,7.473134,6.650354,-9.503020,-0.743634,-3.987380,-10.239294,-13.454907,9.388092,-4.474255,2.837647,-4.268367,-4.946705,1.507732,-16.415550,33.210910,0.157874,-14.630275,13.568848,-18.872614,22.700595,11.833240,-29.020275,6.964522,18.039568,-24.095548,-19.511071,-4.894835
771.000000,-1.313479,18.412092,79.364687,-4.451304,0.729520,87.379641,-3.534837,4.108556,7.713290,6.857877,-9.726254,-0.736668,-3.952492,-10.257527,-13.302256,9.524272,-4.555361,2.858381,-4.014814,-4.982869,1.305745,-14.352362,30.641140,0.533652,-14.442426,11.858615,-18.766443,22.168467,11.784049,-28.793383,7.179891,16.398002,-23.606939,-19.492349,-4.963463
772.000000,-1.219681,18.478203,79.353118,-4.447815,0.759307,87.262318,-3.463954,4.200534,7.912380,6.917614,-9.956701,-0.803300,-4.032319,-10.197329,-13.141655,9.715557,-4.735575,2.881357,-3.847892,-5.017142,1.094346,-12.533424,29.536094,0.720738,-14.440657,12.111040,-19.121490,21.234537,11.575102,-28.860510,7.448812,14.727963,-23.556703,-19.936357,-4.316934
773.000000,-1.115978,18.536367,79.344374,-4.382340,0.799857,87.109075,-3.293586,4.257014,8.013408,6.898404,-10.039162,-0.689551,-4.064784,-10.174175,-13.082117,9.949058,-4.980461,2.839762,-3.609413,-5.092532,0.988019,-11.092576,28.612806,0.506098,-14.663733,10.913698,-19.375782,20.653321,11.462213,-28.878938,7.528195,13.087811,-22.909441,-19.898725,-4.519815
774.000000,-1.010040,18.526600,79.330581,-4.294270,0.849738,86.959838,-3.257770,4.351138,8.214163,7.130224,-10.260291,-0.594166,-4.111222,-10.133284,-12.944944,10.140382,-5.176603,2.872965,-3.337650,-5.151798,1.005664,-10.191572,27.878708,0.358152,-15.014419,9.382822,-19.446828,20.403474,11.245517,-29.315752,7.266515,10.789010,-22.739597,-20.076467,-4.312587
775.000000,-0.933672,18.499774,79.310143,-4.156161,0.931714,86.853743,-3.271133,4.385029,8.418039,7.522373,-10.605195,-0.544836,-4.142789,-10.093296,-12.614737,10.407623,-5.035545,2.854873,-3.210557,-5.212351,1.167318,-9.810730,27.152900,0.457141,-16.126823,9.251800,-18.369970,21.037268,10.995470,-30.583719,6.710895,6.766061,-22.695805,-20.149468,-2.804636
776.000000,-0.887468,18.428572,79.293096,-3.930964,0.958761,86.656397,-3.277116,4.484866,8.682053,8.084665,-10.919918,-0.490686,-4.224393,-10.147651,-12.534583,10.832991,-5.455804,2.969841,-3.217739,-5.291047,1.547996,-10.012483,25.196107,0.626721,-19.045048,7.594137,-17.363461,23.335823,10.725986,-31.389173,5.493005,1.162862,-19.113663,-20.065836,-2.935908
777.000000,-0.863834,18.389535,79.273933,-3.644409,0.958485,86.351570,-3.097577,4.579515,8.901807,8.475414,-11.156707,-0.429212,-4.184653,-10.145651,-12.432522,11.148841,-5.823883,2.956597,-3.255475,-5.518993,1.984122,-9.975841,23.458213,0.450636,-22.517278,5.400476,-17.567535,24.057531,10.360055,-32.325431,4.377870,-4.826694,-14.716759,-19.734153,-3.820312
778.000000,-0.905951,18.319368,79.264688,-3.458016,0.981879,86.085536,-3.024673,4.614212,9.105055,8.802160,-11.278271,-0.206300,-4.130437,-10.134130,-12.193002,11.188787,-5.884474,3.044707,-3.301559,-5.667769,2.197884,-9.918187,22.541113,-0.198923,-25.038990,4.533125,-17.332823,23.595040,10.045194,-33.072531,2.960937,-10.025970,-11.848647,-18.713607,-4.426228
779.000000,-0.878625,18.240301,79.262936,-3.345213,1.049660,85.457176,-2.735761,4.675115,9.575968,8.658613,-11.317002,-0.246170,-4.322906,-10.115680,-11.845186,11.303531,-5.868972,3.105923,-2.984016,-5.896515,2.303787,-9.438838,22.318697,-0.910287,-26.143796,3.922599,-16.841809,22.626982,9.711598,-33.603742,1.638814,-13.945067,-9.730374,-17.626065,-4.739220
780.000000,-0.875379,18.162912,79.269159,-3.284742,1.086881,85.120225,-2.571090,4.703817,9.845090,8.492493,-11.327152,-0.189904,-4.459360,-10.083780,-11.591200,11.346120,-5.873732,3.219708,-2.914280,-6.085906,2.407635,-8.770202,22.385677,-1.562538,-26.577916,2.402574,-16.550911,22.105909,9.425080,-34.365619,0.371479,-16.752171,-8.706795,-16.853254,-4.450084
781.000000,-0.883198,18.078768,79.268050,-3.207328,1.107042,85.014278,-2.501327,4.691512,9.891221,8.409812,-11.237188,-0.030847,-4.475925,-10.066105,-11.415632,11.348359,-5.787110,3.360554,-2.943809,-6.206452,2.534036,-8.333254,23.659883,-1.978823,-26.959168,2.228925,-15.412988,22.076736,9.401344,-35.807492,-1.396134,-19.124531,-8.265163,-15.824836,-2.596030
782.000000,-0.893381,17.918983,79.252529,-3.046220,1.076674,85.221441,-2.313904,4.705752,9.859160,8.155063,-11.776240,0.383568,-4.475403,-10.249629,-11.806363,11.716176,-6.037042,2.524826,-3.625867,-6.352531,3.432748,-9.320509,26.369680,0.207244,-28.494327,9.398056,-11.023351,17.951071,9.039829,-38.090749,-5.972765,-22.610575,-5.652598,-14.592177,9.462280
783.000000,-0.898606,17.766167,79.241264,-2.569379,0.984148,85.608057,-2.096844,4.702020,9.480958,8.406774,-11.983445,0.429527,-4.087410,-10.380853,-12.327825,12.102052,-6.566204,2.240064,-3.799601,-6.485202,4.456003,-13.939890,32.661428,2.752435,-30.081926,18.268265,-2.610656,8.076542,8.636180,-42.866400,-13.012282,-28.036420,-4.114597,-10.268456,29.041148
784.000000,-0.952122,17.561051,79.229879,-1.891386,0.899323,85.739512,-1.744868,4.682814,9.204729,8.864676,-12.099777,0.567006,-3.617121,-10.447000,-12.475088,12.445820,-6.724210,2.192368,-4.102236,-6.427398,5.558116,-20.086850,39.033824,5.673436,-31.349568,24.138626,1.169106,6.366217,6.408830,-50.635792,-20.762211,-33.029917,-7.693658,-10.659804,34.816814
785.000000,-1.055911,17.236258,79.234314,-1.294162,0.844706,85.293711,-1.399754,4.777341,9.588953,9.204888,-12.239461,0.360079,-3.543275,-10.518058,-12.284084,12.830598,-6.956534,2.424121,-3.985234,-5.949035,6.821763,-27.784708,47.382136,8.754957,-31.388008,30.053314,4.775519,11.420081,1.311151,-59.501992,-29.477273,-34.376537,-11.053046,-9.833557,27.651060
786.000000,-1.249130,16.780491,79.289758,-1.022196,0.786359,84.739913,-1.362643,4.804529,10.041422,9.239624,-11.814575,0.242629,-3.913290,-10.565979,-12.027883,13.052334,-6.604639,2.699767,-3.727674,-5.005230,8.002212,-36.954841,53.947576,8.679313,-31.167243,34.369857,7.902782,12.287025,-6.206375,-69.205854,-35.908541,-32.960632,-15.925211,-8.391728,26.096276
787.000000,-1.525871,16.248278,79.399133,-1.012672,0.729644,84.713336,-1.630172,4.655149,10.159065,8.862025,-10.952172,0.060156,-4.285664,-10.518113,-11.731763,12.743673,-4.856782,3.031299,-3.665811,-3.549146,9.615469,-46.461218,58.391601,4.594801,-30.776727,35.501008,8.776067,11.216882,-14.128887,-78.512301,-38.479404,-30.420450,-19.905277,-7.163878,24.694496
788.000000,-1.823821,15.651013,79.533112,-1.228800,0.661537,85.158049,-2.419221,4.371091,9.660460,8.529102,-9.482101,-0.261205,-4.734992,-10.607163,-11.908971,12.253942,-3.574109,3.176530,-3.719759,-1.788336,11.577847,-55.727223,60.328411,-1.711664,-29.784778,34.873576,9.639413,9.815653,-20.996852,-86.751018,-37.449500,-28.079483,-21.327938,-6.614771,25.156360
789.000000,-2.116294,15.105356,79.641950,-1.597231,0.656460,85.870708,-3.370989,3.977647,8.982675,8.188050,-7.917706,-0.537637,-5.134478,-10.786787,-12.246503,11.628480,-2.264165,3.268640,-3.980999,-0.248932,13.327917,-63.897075,60.899920,-8.557335,-28.323434,34.100256,9.587728,8.562893,-25.986242,-92.947352,-34.441960,-26.465658,-21.969211,-7.031933,25.387419
790.000000,-2.348215,14.614072,79.696113,-2.051067,0.733651,86.308406,-4.236805,3.599073,8.602066,7.731965,-6.656594,-0.769099,-5.753028,-10.951775,-12.195049,11.125704,-1.063384,3.227129,-3.927987,0.923653,14.637826,-70.688517,59.567145,-14.478594,-26.947125,31.759898,9.701398,7.814897,-30.428605,-96.230829,-31.982118,-25.163259,-23.206918,-6.963212,25.741325
791.000000,-2.456304,14.310384,79.711312,-2.387647,0.875531,85.908238,-4.632139,3.428914,8.812981,7.361087,-6.023449,-0.935959,-6.280275,-11.083592,-12.197494,10.701192,-1.117793,3.484920,-3.339714,1.708040,15.338332,-74.485986,58.721807,-17.625305,-25.888628,30.906722,9.420153,7.743701,-33.605439,-96.939256,-30.696458,-24.621657,-23.756200,-6.830292,25.233357
792.000000,-2.472085,14.056915,79.710758,-2.617349,1.099033,85.194508,-4.872527,3.331673,9.265075,7.114377,-5.667713,-1.029737,-6.958945,-11.097979,-11.604843,10.585990,-0.886293,3.544784,-2.723444,1.939253,16.177988,-77.698545,57.322547,-19.303103,-24.793592,29.792110,9.046772,7.513170,-36.185092,-96.594263,-28.779962,-24.632787,-23.913124,-6.971431,25.753776
793.000000,-2.399503,13.923039,79.715639,-2.767039,1.252418,84.620169,-5.008999,3.364769,9.686598,7.009751,-5.457724,-0.986871,-7.462545,-11.024828,-11.071490,10.558783,-0.617908,3.555046,-2.616954,2.020644,16.851180,-79.689040,56.606928,-20.162602,-23.920885,29.832139,9.106325,7.625910,-38.219526,-95.885542,-26.309974,-24.771909,-23.672384,-7.201344,26.397798
794.000000,-2.276399,13.847448,79.717183,-2.839290,1.310996,84.342385,-5.082907,3.525053,10.078425,6.983559,-5.649129,-1.148822,-7.717092,-10.921171,-10.906274,10.590406,-0.513759,3.600928,-3.099295,2.065583,17.496662,-80.220128,56.480941,-20.808455,-23.607458,29.648950,9.024988,7.342774,-39.966131,-95.500374,-23.757442,-24.710356,-23.567959,-7.456086,27.344123
795.000000,-2.125141,13.800743,79.722875,-2.847654,1.323671,84.280655,-5.234709,3.651203,10.045817,7.241995,-5.704910,-1.164491,-7.797247,-10.831470,-10.951570,10.627656,-0.677530,3.573196,-3.715257,2.165048,17.967226,-80.029928,56.937061,-21.041542,-23.467275,29.322163,9.038693,6.733533,-41.689368,-95.290633,-21.482842,-24.606947,-23.222612,-7.563959,28.257816
796.000000,-1.971457,13.800484,79.724550,-2.851606,1.345011,84.492912,-5.397099,3.767907,9.973273,7.436251,-5.843515,-1.232695,-7.818863,-10.784820,-11.042296,10.834596,-0.672114,3.432316,-4.386611,2.317522,18.364729,-79.401181,57.762275,-20.856903,-23.280254,28.431900,8.465038,7.135554,-43.495977,-95.416465,-19.798022,-24.397690,-23.171488,-7.556804,28.097120
797.000000,-1.823230,13.794315,79.720908,-2.840589,1.352125,84.699883,-5.544390,3.803292,9.585273,7.662549,-5.773273,-1.265885,-7.818651,-10.774596,-11.402898,11.076991,-0.876542,3.118581,-4.853844,2.367135,18.634496,-78.966973,58.243803,-20.140351,-22.957956,27.545651,8.166522,7.748628,-45.221914,-95.407313,-18.337846,-24.107011,-23.659137,-7.434658,27.623404
798.000000,-1.669764,13.813105,79.713976,-2.843260,1.356789,85.022764,-5.599253,3.814952,9.209300,7.651185,-5.690350,-1.266364,-7.808147,-10.807723,-11.828057,11.346630,-1.068804,2.699611,-5.127575,2.381580,18.758095,-78.760551,57.984536,-18.980350,-22.590154,28.081423,8.695609,8.632656,-46.827558,-94.411096,-16.846856,-24.105532,-23.833105,-7.251103,26.503231
799.000000,-1.512186,13.885500,79.695141,-2.924953,1.398900,85.293755,-5.659374,3.832622,9.004575,7.581355,-5.635139,-1.192143,-7.787414,-10.837175,-12.164804,11.513500,-1.509430,2.495655,-4.918590,2.378599,18.464303,-77.536273,56.322764,-16.391648,-22.304227,28.879023,9.416108,9.874758,-48.139757,-92.095655,-15.605034,-24.608808,-24.825376,-6.677630,24.595679
800.000000,-1.309066,14.006883,79.665065,-3.003386,1.516405,85.428137,-5.636590,3.857584,9.015903,7.508429,-5.699002,-1.047421,-7.693959,-10.849162,-12.338154,11.525830,-1.949497,2.250172,-4.100190,2.358479,17.849173,-74.773489,53.318659,-11.710011,-22.927813,29.557934,9.575976,10.225959,-48.508277,-87.747037,-15.005929,-25.620685,-24.527559,-6.131426,24.495142
801.000000,-1.099443,14.123334,79.605311,-3.142901,1.661290,85.556017,-5.686719,3.842296,8.930385,7.438575,-5.882847,-0.597415,-8.003353,-10.935982,-12.170655,12.089160,-2.353516,2.006402,-3.063024,2.748033,17.413830,-68.843252,50.480992,-4.692863,-25.320363,30.839540,8.880632,10.202535,-46.873963,-83.461770,-16.584172,-27.379348,-25.741303,-5.819689,25.175220
802.000000,-0.861080,14.256524,79.535902,-3.023846,1.728223,85.941043,-5.707351,3.859189,8.573915,7.831576,-6.352924,-0.146509,-8.011224,-11.061924,-12.395893,12.912487,-3.207471,1.599404,-1.594582,2.760357,17.161052,-62.053116,47.160858,0.807024,-27.637317,31.245858,8.530813,9.399807,-42.164107,-79.202320,-20.128822,-29.349548,-26.378011,-5.167550,26.328159
803.000000,-0.593258,14.390911,79.485846,-2.749804,1.685678,86.692614,-5.719533,3.963223,8.009443,8.393807,-6.966889,-0.049687,-7.501773,-11.106077,-13.053496,13.390036,-4.162618,1.061124,0.186305,2.184297,16.952511,-58.648546,45.101488,2.115100,-27.286954,30.427895,8.516754,8.979908,-39.425959,-75.761558,-21.180584,-30.134836,-25.481597,-5.013155,26.695374
804.000000,-0.357548,14.488210,79.460710,-2.624358,1.677647,87.718404,-5.855628,3.871913,7.128598,8.651425,-7.016838,-0.041724,-6.997509,-11.213621,-13.861544,13.605575,-4.667129,0.671025,2.016540,1.460880,16.693855,-56.826272,42.939985,2.399698,-27.067485,29.310828,8.415905,7.708260,-37.635374,-72.755933,-20.574715,-31.622099,-24.144498,-5.176456,28.225909
805.000000,-0.125401,14.541261,79.461366,-2.606789,1.655362,88.947839,-6.111020,3.723221,6.013482,8.713823,-6.733762,-0.072122,-6.522435,-11.320314,-14.779312,13.673614,-4.975710,0.324411,3.632950,0.548039,16.440385,-55.536357,40.631983,2.433194,-27.193135,28.589430,8.045142,7.189828,-36.929098,-69.149259,-18.475571,-33.313240,-21.857314,-5.513624,29.769560
806.000000,0.129194,14.553224,79.453057,-2.619688,1.628752,90.072712,-6.504235,3.626956,4.912845,8.928218,-6.326950,-0.122601,-6.157109,-11.371769,-15.757076,13.780912,-5.398178,-0.083378,5.205315,-0.483599,16.456108,-53.576759,37.873057,2.391226,-27.944985,25.923256,6.400373,5.937515,-37.068680,-64.454508,-15.903482,-35.193458,-18.743970,-5.543904,31.613360
807.000000,0.415078,14.495230,79.426467,-2.443077,1.677329,90.980069,-6.704475,3.502461,3.958142,9.201542,-6.112064,-0.028579,-5.812606,-11.511322,-16.613998,14.156748,-6.011032,-0.424165,6.937354,-1.711859,17.475290,-51.361496,34.565702,2.293571,-28.950788,23.302444,4.551755,4.554155,-38.231700,-59.296909,-13.660492,-37.099624,-17.793705,-5.265284,32.815436
808.000000,0.754774,14.329144,79.376107,-1.986540,1.730133,91.866543,-6.844092,3.490804,3.236649,9.826282,-6.112569,0.063082,-5.407301,-11.488478,-17.027143,14.723770,-6.272679,-0.970999,8.669962,-3.119640,19.401810,-49.122458,31.710912,2.076722,-29.967523,24.335249,2.657131,4.321733,-40.467098,-53.707499,-11.338259,-38.708598,-17.440528,-6.194180,32.198809
809.000000,1.128090,14.058533,79.271603,-1.370958,1.775612,92.754547,-7.101894,3.537376,2.552088,10.835856,-6.472108,0.056760,-5.003540,-11.590992,-17.755336,15.605864,-7.341781,-1.549435,10.408082,-4.659500,22.211003,-47.797821,29.173353,1.075175,-30.954397,25.659404,1.605820,7.141012,-43.757576,-48.241264,-8.961161,-40.000429,-17.926082,-5.843805,28.454935
810.000000,1.514131,13.715753,79.142118,-0.706631,1.811659,93.837941,-7.501113,3.600070,1.811699,12.088975,-6.946051,0.066426,-4.680816,-11.701465,-18.512116,16.744909,-8.586870,-2.380132,12.014431,-6.292106,25.517624,-47.707331,27.457953,-0.019116,-31.392898,27.330223,1.094730,11.720424,-47.759562,-43.315735,-6.556702,-40.786147,-18.689435,-5.869350,23.008097
811.000000,1.910344,13.365936,79.015124,-0.875241,1.653854,94.673856,-8.647978,3.837109,0.938685,12.963830,-6.937171,0.064280,-5.377920,-11.630593,-19.250419,17.828730,-9.380041,-3.184627,13.225739,-7.984677,27.343300,-48.096386,27.230002,-1.160364,-31.185165,30.643541,2.264724,15.900675,-51.680913,-39.782860,-3.666952,-40.703935,-20.874846,-5.842982,17.935556
812.000000,2.320222,12.928399,78.881401,-1.676024,1.326982,95.433329,-10.661210,4.139406,-0.023032,13.836832,-6.762474,-0.272893,-6.890065,-11.379290,-19.873912,18.804998,-9.812399,-3.856050,14.118089,-9.601229,28.105130,-49.824591,28.566571,-1.743109,-30.288884,35.181403,3.932179,19.799899,-55.747212,-38.004723,-0.724195,-40.068290,-25.197507,-5.966589,13.011360
813.000000,2.685495,12.475981,78.747290,-2.443900,1.002587,96.168895,-12.594337,4.368588,-0.911375,14.660115,-6.374580,-0.434971,-8.329886,-11.160284,-20.459804,19.640989,-10.134005,-4.563133,14.876772,-10.910431,28.722537,-53.414764,30.821283,-2.135992,-28.966651,39.053960,6.844332,21.829537,-60.273762,-37.225596,1.819762,-38.678166,-28.239765,-4.731965,9.098636
814.000000,2.979045,12.040857,78.640610,-3.321066,0.626220,96.873031,-14.512883,4.528346,-1.766721,15.209756,-5.772905,-0.542827,-9.877172,-10.940544,-20.897560,20.340066,-9.955394,-5.160603,15.102508,-12.068141,29.185415,-57.424870,32.936214,-2.584871,-27.623384,40.603480,9.245516,22.269115,-64.948378,-36.925451,4.294611,-36.359088,-28.732751,-3.025480,8.772555
815.000000,3.155040,11.711641,78.593445,-4.183316,0.240251,97.523216,-16.129837,4.590755,-2.594338,15.405005,-5.062423,-0.712816,-11.100333,-10.754526,-21.392646,20.563871,-9.677977,-5.349703,14.959217,-12.903612,29.429123,-60.816981,35.052992,-3.333290,-26.693081,41.250709,10.777276,21.890196,-68.492741,-36.857863,6.289931,-34.493429,-27.360479,-2.283579,9.184633
816.000000,3.217581,11.465992,78.596556,-4.972451,-0.128692,98.030498,-17.458655,4.595370,-3.256443,15.391288,-4.352308,-0.920723,-11.977259,-10.637768,-22.018010,20.387476,-9.821029,-5.295126,14.834363,-13.313416,29.601900,-62.989364,36.491471,-4.358321,-26.147649,40.928778,11.542069,21.174840,-70.787206,-36.998015,7.519816,-33.385995,-25.569049,-1.819311,9.357299
817.000000,3.163215,11.298632,78.598297,-5.622592,-0.396826,98.488212,-18.499480,4.466776,-3.714820,15.369801,-3.844488,-0.929147,-12.866539,-10.562827,-21.950999,20.379768,-8.974343,-5.516729,14.666448,-13.474063,29.793804,-63.922764,37.196688,-5.509065,-25.739742,40.302675,12.274693,20.513609,-72.275115,-37.784395,8.065687,-32.446243,-28.007100,-0.441005,8.710096
818.000000,2.999017,11.161765,78.580368,-6.117813,-0.632245,98.636985,-19.323771,4.375575,-3.922876,15.522891,-3.609630,-0.967622,-13.738068,-10.590219,-21.775101,20.679868,-8.617263,-6.061794,14.476634,-13.300771,29.793804,-64.279395,37.397400,-6.058382,-25.564208,39.538189,12.613741,19.945109,-72.752614,-37.199003,8.476191,-32.106957,-27.015095,0.145550,9.233845
819.000000,2.816263,11.028700,78.520441,-6.523776,-0.731314,98.528900,-19.989431,4.314789,-3.712014,15.754040,-3.515805,-1.040116,-14.476128,-10.785367,-21.812047,21.002120,-8.892917,-5.695142,14.101198,-13.159972,29.793804,-64.201620,37.297990,-5.941588,-25.515977,39.334076,12.362622,20.070414,-72.679613,-37.014646,8.200309,-31.965183,-28.119742,-0.226245,8.301185
820.000000,2.592122,10.917503,78.483737,-6.785530,-0.765113,98.387116,-20.336456,4.143709,-3.596753,15.815110,-3.328463,-1.096844,-14.884770,-11.043183,-21.952517,21.086650,-8.979632,-5.266388,13.470321,-12.878486,29.793804,-63.339609,36.024914,-5.391735,-25.558124,39.632019,11.064451,21.256104,-71.457644,-36.464850,6.913021,-31.932941,-28.976121,-1.136314,7.724639
821.000000,2.304773,10.770449,78.506291,-7.003662,-0.889878,98.395735,-20.683421,3.951075,-3.577143,15.776743,-3.065193,-0.997004,-15.169905,-11.224747,-21.997632,20.904772,-8.850035,-5.093148,11.979626,-12.353511,29.793804,-61.589769,33.703394,-4.580521,-26.081986,39.889401,9.558042,23.448379,-68.745506,-35.230433,5.729025,-32.365804,-28.379658,-2.094172,6.333317
822.000000,1.949489,10.623710,78.531826,-7.124339,-0.898815,98.287769,-20.914319,3.693682,-3.378140,15.827058,-3.021938,-0.777226,-15.485977,-11.557812,-21.866813,20.947152,-8.493799,-4.945519,10.264845,-11.530399,29.793804,-58.347205,30.109649,-4.180982,-26.831869,39.058478,7.860002,24.912075,-64.450075,-34.238704,3.702453,-33.652499,-26.968575,-2.793698,6.437458
823.000000,1.580086,10.463102,78.526199,-7.242631,-0.757198,97.877879,-21.086708,3.415878,-2.980171,15.990173,-3.247410,-0.339505,-15.808956,-11.857097,-21.434824,20.855918,-8.125367,-4.850062,8.199379,-10.876705,29.793804,-55.226898,25.723606,-4.592258,-27.560384,37.767152,6.281217,23.189810,-59.532974,-33.140839,1.633332,-34.989198,-26.050215,-3.050472,9.048212
824.000000,1.197341,10.270669,78.475010,-7.384563,-0.578006,97.077968,-21.390124,3.304679,-2.239534,16.474577,-3.539769,0.092362,-16.432445,-12.094368,-20.638591,21.107190,-7.983689,-5.190731,6.054389,-9.936211,29.793804,-52.216318,21.827218,-5.709939,-27.854778,35.378526,5.074230,21.249898,-54.513833,-32.221981,-0.368166,-36.373121,-23.555605,-3.104669,12.122142
825.000000,0.821881,10.024688,78.410131,-7.724435,-0.335493,96.121989,-21.868041,3.240288,-1.235750,16.833319,-4.193121,0.390075,-17.397405,-12.483571,-20.096676,21.274224,-7.848607,-5.037887,3.828083,-8.931249,29.793804,-50.064887,18.533717,-7.670531,-27.709970,34.294318,4.522065,19.887576,-49.950311,-31.936226,-2.663851,-37.797949,-22.069991,-2.520955,14.386964
826.000000,0.468183,9.784636,78.362834,-8.040479,-0.087046,95.165194,-22.239016,3.153737,-0.365109,17.047836,-4.321459,0.757462,-18.294942,-12.697842,-19.307073,21.324083,-7.434753,-4.845559,1.294439,-7.985692,29.793804,-48.110596,16.244608,-9.525903,-27.667221,33.167703,3.641556,18.343726,-46.353752,-32.355357,-4.886182,-38.583715,-22.647739,-2.673829,16.184591
827.000000,0.143819,9.532893,78.328741,-8.366662,0.198541,94.171488,-22.564307,3.069111,0.470698,17.122693,-4.440603,1.081554,-19.211386,-12.836360,-18.350376,21.282332,-6.884490,-4.660267,-1.059381,-6.962387,29.793804,-47.217630,14.221181,-11.396299,-27.468933,30.683993,2.251015,16.974391,-43.026650,-33.505916,-6.915487,-39.232149,-22.452389,-2.918650,18.004508
828.000000,-0.166865,9.278061,78.317821,-8.734798,0.486127,93.343104,-22.897898,2.986968,1.364940,17.001625,-4.598152,1.367264,-20.113534,-12.959392,-17.396823,21.114184,-6.090358,-4.315409,-3.242142,-5.803729,29.793804,-47.005649,12.831304,-13.451055,-26.932179,27.647175,1.666053,13.866987,-40.460097,-35.166704,-8.867220,-39.417326,-22.736055,-1.953194,21.481553
829.000000,-0.441480,9.028195,78.350508,-9.108990,0.837826,92.424374,-23.097593,2.840128,2.214885,16.613947,-4.269949,1.701194,-20.983504,-13.120584,-16.550860,20.818965,-5.214264,-4.167166,-4.871606,-4.771848,29.793804,-47.919952,12.651340,-15.015983,-26.061674,27.266412,2.575508,11.285099,-38.558996,-37.247142,-10.723703,-39.229400,-25.010648,-0.404881,23.106296
830.000000,-0.689220,8.806464,78.346473,-9.383811,1.031536,91.735154,-23.351128,2.774103,2.772517,16.378751,-4.017263,1.649394,-21.644661,-13.201964,-15.973545,20.565865,-4.835510,-3.762635,-6.683072,-3.351667,29.793804,-49.475233,14.450307,-15.229363,-25.875369,29.374902,2.992785,14.928553,-37.385781,-39.272457,-13.250830,-38.759831,-27.505930,-0.249608,17.867619
831.000000,-0.877922,8.596863,78.328663,-9.583609,1.249992,91.339580,-23.589018,2.700050,3.390954,16.260674,-4.189232,1.644956,-22.197746,-13.337537,-15.404267,20.444044,-4.285777,-3.590299,-8.208032,-1.927964,29.793804,-52.230832,16.932476,-13.793793,-25.678622,34.370133,4.924285,21.102313,-37.142114,-41.335168,-16.236178,-37.473526,-32.181136,0.886554,8.757870
832.000000,-1.043204,8.367701,78.306562,-9.890303,1.449056,90.945933,-24.004613,2.633605,3.839882,16.208321,-4.116556,1.810494,-22.962713,-13.407049,-14.772495,20.444259,-3.734504,-3.643635,-9.010510,-0.686247,29.793804,-54.985068,17.309214,-13.018160,-26.075338,33.865966,6.171980,21.646031,-37.596681,-43.099105,-17.415777,-36.098308,-32.391281,2.098375,7.556341
833.000000,-1.165735,8.247802,78.264159,-10.013858,1.695917,90.213297,-24.093767,2.744291,4.619883,16.230148,-4.302425,1.707959,-23.597557,-13.365260,-14.032188,20.555046,-3.330814,-3.404727,-9.328784,0.318485,29.793804,-56.533950,19.222821,-11.976816,-26.429673,34.540110,6.645818,21.901346,-37.541643,-44.663153,-17.892790,-35.323058,-31.718712,1.886995,8.527693
834.000000,-1.245691,8.179770,78.268260,-10.156461,1.985297,89.387282,-24.144080,2.866166,5.363264,16.293585,-4.382384,1.956495,-24.183169,-13.262294,-13.254692,20.543481,-3.099939,-3.209971,-9.213594,1.038869,29.793804,-56.580454,19.990155,-12.011180,-26.660783,33.496528,6.542701,21.134111,-37.676935,-45.144562,-17.178814,-34.960139,-30.438776,1.958891,9.446204
835.000000,-1.289248,8.139051,78.266406,-10.273385,2.186656,88.713900,-24.214846,3.049708,6.032534,16.420666,-4.682236,2.087904,-24.627820,-13.159675,-12.727492,20.534571,-3.065331,-2.991981,-9.144580,1.518277,29.793804,-55.680846,20.480201,-12.291230,-26.752610,33.153137,6.498080,20.315737,-37.949795,-45.165985,-16.325173,-34.789128,-29.858421,1.988622,10.156630
836.000000,-1.275569,8.165132,78.260022,-10.254639,2.337979,88.303163,-24.112823,3.120286,6.345393,16.507515,-4.857462,2.327290,-24.830623,-13.013413,-12.183907,20.639018,-2.907723,-3.062200,-9.103303,1.636852,29.793804,-54.653927,20.399661,-12.094353,-26.681178,32.672705,6.522997,19.873352,-38.256450,-44.511875,-15.639953,-34.556188,-29.538120,1.886503,9.951149
837.000000,-1.222344,8.189403,78.252494,-10.130807,2.375194,88.199780,-23.878054,3.244019,6.666107,16.451412,-5.067351,2.236442,-24.747415,-12.984704,-12.110629,20.719292,-3.097650,-2.961687,-9.096011,1.608076,29.793804,-53.627391,19.947311,-11.385135,-26.577960,32.505946,6.079486,19.938659,-37.712872,-43.633140,-15.349091,-34.531982,-29.235890,1.267587,9.555552
838.000000,-1.147330,8.333035,78.248471,-9.812383,2.327326,88.380956,-23.350506,3.320163,6.832898,16.361443,-5.468856,2.033324,-24.243683,-12.993170,-12.225426,20.867568,-3.324509,-2.937472,-8.964898,1.662401,29.793804,-51.948814,18.672849,-10.375927,-26.058601,31.782007,4.852030,20.878872,-35.184302,-42.365983,-15.361621,-34.754000,-28.065664,-0.131093,8.987668
839.000000,-1.018418,8.635134,78.306693,-9.306104,2.290301,88.453477,-22.371429,3.366163,6.801908,16.095797,-5.620083,1.889320,-23.332669,-12.909192,-12.309505,20.862166,-3.680544,-2.747736,-8.245379,1.698141,29.793804,-49.109781,16.923278,-9.869949,-25.049714,31.088893,3.550394,21.027502,-30.159933,-40.407034,-15.605278,-35.232964,-26.996806,-1.697049,8.809935
840.000000,-0.854740,9.065058,78.417796,-8.446089,2.239347,88.440656,-20.878621,3.460092,6.672012,15.854867,-5.874369,1.915695,-21.883996,-12.748365,-12.299811,20.713869,-4.187253,-2.626623,-6.945105,1.595052,29.793804,-44.992628,14.936811,-10.399289,-24.343800,29.893617,1.984279,19.326249,-23.768611,-37.393742,-16.089460,-35.829072,-25.617478,-3.310000,9.242572
841.000000,-0.678784,9.555513,78.486294,-7.361702,2.071429,88.358312,-19.237598,3.824595,6.850068,15.979945,-6.684582,1.825399,-20.148944,-12.437684,-12.404298,20.657911,-4.587187,-2.652874,-5.493698,1.327061,29.793804,-40.517833,12.938783,-11.684590,-23.969780,26.943723,0.067698,16.947895,-18.374495,-34.715082,-16.137152,-36.345120,-24.555724,-4.529632,11.113976
842.000000,-0.533701,10.110875,78.550035,-5.901998,1.949471,88.450824,-17.181826,4.032573,6.901304,16.144848,-7.619257,1.700907,-17.782560,-12.343872,-12.736621,20.503422,-5.333286,-2.305825,-4.434289,0.597890,29.793804,-36.265726,12.407424,-12.386529,-23.771241,24.410189,-2.209638,14.450163,-14.868022,-32.277367,-15.147903,-36.622160,-22.168258,-6.101771,13.018956
843.000000,-0.386773,10.691765,78.595501,-4.639202,1.765491,88.654646,-15.314467,4.179880,6.581506,16.264222,-8.229232,1.669638,-15.552037,-12.201718,-13.178789,20.280855,-6.150120,-2.172717,-3.497289,-0.243132,29.322402,-32.848436,12.394301,-13.146656,-24.048015,23.289127,-2.976431,13.845975,-13.240341,-30.695205,-13.777732,-37.112362,-20.644245,-6.821706,13.007591
844.000000,-0.257438,11.223602,78.666079,-3.238010,1.580699,88.842147,-13.269118,4.382024,6.404510,16.224773,-8.899713,1.463165,-13.185465,-12.102250,-13.712877,19.978442,-7.062061,-2.087606,-2.533440,-1.212947,28.692324,-29.648844,12.506629,-14.146380,-24.123502,21.110626,-3.897729,15.176545,-12.723466,-30.214452,-12.169168,-37.094225,-18.605543,-7.638086,10.793820
845.000000,-0.186430,11.821721,78.755152,-1.863522,1.444015,89.250415,-11.059703,4.346882,6.003833,15.796660,-9.231287,1.378110,-10.645021,-11.893344,-13.869268,19.412446,-7.160829,-2.140051,-1.822078,-2.099399,28.021348,-26.470540,12.547767,-15.356929,-23.692611,18.408444,-5.033802,15.382112,-12.978852,-30.334636,-9.891635,-36.460451,-16.288178,-8.636815,9.190842
846.000000,-0.133206,12.462763,78.845614,-0.834577,1.305176,89.704040,-9.212323,4.318102,5.550946,15.370354,-9.547961,1.361538,-8.272194,-11.780710,-14.497398,18.556499,-7.638203,-1.833469,-1.162409,-2.786292,26.790611,-23.537826,13.156799,-16.085970,-22.998565,17.846948,-5.305560,14.245310,-13.183367,-30.744119,-7.597373,-35.850280,-14.062452,-9.178580,9.655353
847.000000,-0.105815,13.073097,78.920680,-0.940523,1.274179,90.196868,-8.569501,4.161523,5.105037,14.633231,-9.458210,1.359349,-7.309755,-11.768693,-14.921783,17.824477,-7.837301,-1.417598,-0.725510,-3.411900,24.002050,-20.067647,13.492188,-16.725277,-22.208350,17.782440,-5.021224,12.638930,-12.966356,-31.172444,-5.432340,-34.783158,-13.893810,-9.183165,11.121133
848.000000,-0.072961,13.659453,78.984791,-1.226799,1.229842,90.473774,-8.142415,4.146346,4.954941,13.975928,-9.552067,1.245125,-6.600707,-11.714200,-15.492148,16.921686,-7.928158,-0.963699,0.025242,-3.913249,21.153178,-16.844795,13.781911,-17.275794,-21.250807,16.135098,-5.490997,11.557249,-12.019680,-31.619507,-3.673049,-33.471615,-13.221359,-10.296488,11.600801
849.000000,-0.072852,14.229293,79.037273,-1.395845,1.178235,90.549730,-7.554183,4.120072,4.825441,13.360516,-9.661496,1.170294,-5.845245,-11.567690,-15.755559,16.063936,-7.829808,-0.689055,0.794378,-4.383516,18.642329,-13.974788,14.198662,-17.643506,-20.366017,15.124259,-5.968272,10.444193,-10.822611,-31.809677,-2.296899,-32.297502,-13.313320,-10.716694,12.109606
850.000000,-0.082627,14.743350,79.097897,-1.643961,1.143652,90.571198,-7.029401,4.121556,4.820660,12.586034,-9.667073,1.094359,-5.306936,-11.416922,-15.874456,15.267877,-7.707778,-0.392495,1.312659,-4.886229,16.239507,-11.394679,14.739591,-17.658932,-19.461687,14.637136,-6.161862,9.475508,-9.937756,-31.755110,-0.846613,-30.762912,-12.449627,-11.093847,13.130045
851.000000,-0.056772,15.255690,79.138017,-1.994526,1.146357,90.478883,-6.520281,4.149941,4.976512,11.684020,-9.691892,1.054318,-4.961427,-11.284479,-15.981895,14.570030,-7.554319,-0.166437,1.690371,-5.517001,14.010288,-9.133022,15.091564,-17.547251,-18.260067,13.694288,-6.208192,8.998919,-9.638548,-31.464506,0.504319,-28.995359,-11.378971,-10.924836,14.410804
852.000000,-0.052732,15.750095,79.174250,-2.376968,1.157550,90.500818,-6.129296,4.068570,4.900751,10.839409,-9.546205,1.101870,-4.600002,-11.186155,-16.076076,13.803719,-7.325667,0.128636,1.804390,-6.137468,11.882349,-7.015176,15.534724,-17.149650,-16.472917,13.595223,-6.468860,8.722050,-9.566371,-31.374662,1.703595,-27.499600,-10.876287,-11.350956,15.314080
853.000000,-0.070278,16.057317,79.222906,-2.606022,1.150955,90.797042,-5.877134,3.890209,4.465609,10.158411,-9.079144,1.142504,-4.128971,-11.199657,-16.523471,13.074888,-7.324379,0.365868,1.584458,-6.623147,10.183676,-5.376926,16.546371,-17.039695,-14.294803,14.388352,-6.881086,8.415830,-9.999715,-31.698980,2.609803,-26.396425,-10.836282,-11.935644,16.369404
854.000000,-0.104085,16.411282,79.247105,-2.834638,1.172466,91.129978,-5.576359,3.689875,4.163080,9.449988,-8.835546,1.151248,-3.668343,-11.200837,-16.809411,12.412603,-7.053516,0.691156,1.302639,-7.067484,8.567637,-3.808132,17.656713,-16.887743,-11.534255,15.158748,-7.183947,7.449978,-10.575178,-32.238448,3.262914,-25.652894,-11.218006,-12.414772,16.932445
855.000000,-0.119403,16.723278,79.274267,-3.133322,1.156899,91.427388,-5.428681,3.568832,3.856280,8.836850,-8.556200,1.232779,-3.353163,-11.185353,-17.176146,11.792811,-6.873289,0.867085,1.227488,-7.382041,7.134772,-2.614908,18.810790,-16.871310,-8.101778,16.252317,-6.932945,6.569429,-11.078283,-32.741615,3.617100,-25.111025,-11.136758,-12.693729,17.147166
856.000000,-0.141400,16.999650,79.299438,-3.437456,1.105294,91.816916,-5.361510,3.478852,3.576587,8.257425,-8.363265,1.127704,-3.002284,-11.142265,-17.587826,11.111039,-6.610202,1.038045,1.092588,-7.578017,5.785354,-1.522888,19.877297,-17.279873,-4.587906,16.957591,-7.350165,4.958908,-11.461034,-33.280766,4.005672,-24.584772,-11.046981,-12.870946,17.278700
857.000000,-0.157307,17.264272,79.310912,-3.769683,1.071117,92.206675,-5.443636,3.371882,3.277539,7.921520,-8.049452,1.187663,-2.784828,-11.137683,-17.986075,10.599109,-6.548576,1.343656,1.104606,-7.788758,4.495927,-0.556789,20.888143,-17.565541,-0.623837,17.668656,-7.529803,3.688306,-11.567968,-33.904755,4.231720,-23.986429,-11.510461,-13.102477,17.362112
858.000000,-0.154282,17.575644,79.314500,-4.130751,1.038809,92.489607,-5.388422,3.359948,3.293762,7.337252,-8.072408,0.994368,-2.662677,-11.074370,-18.173757,10.169949,-6.341536,1.524624,1.164657,-8.018163,3.157540,0.288862,21.853438,-17.497063,3.527401,19.177228,-7.381879,2.047502,-11.279970,-34.442882,4.672803,-23.450442,-11.727040,-13.442880,18.123314
859.000000,-0.179420,17.819895,79.326171,-4.475648,0.977249,92.687637,-5.368407,3.301690,3.057059,6.819454,-7.783925,0.999347,-2.531026,-11.042236,-18.577071,9.665929,-6.332586,1.742146,1.310186,-8.092093,2.005407,0.948490,22.866835,-17.400744,7.772986,20.236959,-8.459851,1.121301,-10.793184,-34.703324,5.069775,-22.699277,-11.269518,-14.103748,18.800721
860.000000,-0.200650,18.035120,79.334277,-4.780395,0.987692,92.845397,-5.333839,3.200216,2.951997,6.323230,-7.508971,0.999579,-2.443644,-11.050408,-18.787467,9.241658,-6.143895,1.921918,1.440739,-8.263961,1.038102,1.611876,23.383202,-17.393249,12.142781,20.290400,-8.622573,-0.086556,-10.198373,-34.753980,5.561159,-21.865888,-11.114070,-14.313154,19.735060
861.000000,-0.223143,18.249191,79.339242,-5.004342,0.994995,92.876485,-5.183789,3.131805,2.896347,5.837478,-7.293548,1.020364,-2.332527,-11.024425,-18.852507,8.837992,-6.060247,2.124547,1.548178,-8.397264,0.180063,2.037957,23.607733,-17.068913,16.588540,20.914782,-8.902778,-0.937867,-9.546743,-34.734961,6.279173,-20.812353,-11.807158,-14.842561,20.033307
862.000000,-0.250707,18.415691,79.339832,-5.204538,0.953129,92.918424,-5.119521,3.133848,2.874608,5.481982,-7.216641,0.948496,-2.201451,-10.963972,-19.015204,8.419433,-5.874233,2.260619,1.577611,-8.383270,-0.644405,2.322207,23.964636,-16.878072,21.214315,22.227326,-8.495131,-0.496889,-8.793612,-34.450996,7.091066,-19.316005,-11.856637,-15.098179,20.191390
863.000000,-0.281686,18.569180,79.347515,-5.446009,0.960211,92.915992,-5.149921,3.060009,2.805617,5.198001,-7.135179,0.988770,-2.110875,-10.905422,-19.058067,7.916917,-5.726045,2.440373,1.535440,-8.405244,-1.459459,2.507367,23.790660,-16.545986,25.703672,22.767054,-8.770587,-0.420296,-8.121354,-33.956104,8.058985,-17.442903,-11.787293,-15.507333,20.908490
864.000000,-0.346047,18.729541,79.342306,-5.607595,0.966228,92.815831,-4.863173,2.998343,2.861136,4.564717,-6.880643,1.111285,-2.006095,-10.868896,-18.988652,7.494008,-5.477844,2.610608,1.608497,-8.379641,-2.110202,2.540455,23.197105,-15.891907,30.281685,22.314911,-8.502483,-0.544507,-7.523523,-33.566958,9.158313,-15.159335,-12.230330,-15.567167,21.777939
865.000000,-0.395445,18.835740,79.338974,-5.764702,0.943256,92.798380,-4.764842,2.973090,2.886903,4.199103,-6.810713,1.037658,-1.910447,-10.797161,-18.958213,7.058662,-5.155682,2.693524,1.574877,-8.274519,-2.726802,2.299421,22.700079,-15.285823,34.871264,22.763950,-8.271211,-0.196574,-6.933236,-33.061954,10.232175,-12.626791,-13.189235,-16.066637,22.459325
866.000000,-0.451450,18.974730,79.328054,-5.835902,1.006424,92.663540,-4.648635,2.863628,2.904154,4.056456,-6.453608,0.676981,-1.690211,-10.662908,-18.466055,6.455909,-4.997575,4.044928,1.519198,-8.355937,-3.669252,1.988989,23.116748,-16.805573,39.623686,19.095302,-7.313279,3.272719,-6.582302,-33.227484,12.791018,-9.941584,-12.886664,-14.662309,21.415686
867.000000,-0.502262,19.021152,79.318899,-6.004102,1.011987,92.478734,-4.636995,2.821898,3.000254,3.802666,-6.229123,0.453069,-1.785618,-10.594690,-18.239636,6.180829,-4.619543,4.420077,1.496124,-8.277929,-4.353896,1.672000,22.462131,-16.512252,44.360252,17.460294,-6.795935,4.535710,-6.303176,-32.410532,15.050172,-6.301539,-12.788640,-14.091140,20.555258
868.000000,-0.647131,19.244252,79.305023,-6.117223,0.989863,92.304711,-4.247906,2.818946,3.312185,3.270847,-6.302424,0.671215,-1.524677,-10.460058,-17.861575,5.546632,-4.459721,4.764714,1.451747,-8.055977,-4.990796,1.263234,21.169861,-15.197084,49.299090,15.172152,-6.083145,5.393571,-6.107203,-31.722428,17.248232,-2.234128,-13.626436,-14.289504,20.592850
869.000000,-0.690929,19.245835,79.305285,-6.241057,0.965088,91.921716,-4.139117,2.882555,3.587418,2.911393,-6.150442,0.599930,-1.699428,-10.431516,-17.740779,5.373790,-4.282351,4.741070,1.399572,-7.802122,-5.476060,0.854504,20.023763,-13.545844,53.982950,12.732460,-4.158864,6.668247,-6.345605,-30.950599,19.590190,2.418291,-14.977481,-13.839244,20.844860
870.000000,-0.751764,19.285333,79.297227,-6.330817,0.952839,91.422175,-3.869088,2.924354,3.817339,2.507926,-6.106307,0.596300,-1.829741,-10.381430,-17.462743,5.177473,-4.174103,4.706631,1.323568,-7.483866,-5.960821,0.643082,19.053240,-11.795912,57.759693,10.510594,-2.819655,7.178126,-6.676259,-29.818704,22.000007,7.917436,-15.759786,-13.652924,21.558276
871.000000,-0.774502,19.289567,79.296857,-6.346267,0.932009,90.895555,-3.571386,3.055860,4.249786,2.108923,-5.947093,0.508489,-1.957497,-10.251474,-17.094094,5.022107,-4.054629,4.651332,1.178277,-7.101951,-6.132026,0.445518,18.208632,-10.173785,60.745059,8.705315,-2.398981,7.769178,-7.333754,-28.181294,24.288914,14.703005,-16.565534,-13.227192,21.861887
872.000000,-0.818438,19.298178,79.296368,-6.341007,0.953342,90.071665,-3.142647,3.154907,4.871937,1.686009,-5.981499,0.560947,-2.150344,-10.290285,-16.904892,4.947794,-3.906149,4.583876,1.306935,-6.772762,-6.143797,0.536192,17.654591,-8.860436,62.395410,7.990090,-2.462425,7.912436,-8.307684,-26.299059,26.264480,22.635325,-18.650118,-12.907606,21.503005
873.000000,-0.884852,19.276102,79.307008,-6.380587,0.938702,89.362980,-2.823137,3.286032,5.545770,1.214390,-5.962484,0.618978,-2.390747,-10.225778,-16.470533,4.786180,-3.457880,4.510854,1.184407,-6.422480,-5.956946,0.476878,17.260272,-7.900231,63.300950,8.293336,-2.853103,8.344449,-10.260962,-23.472855,28.678660,33.171620,-20.129804,-12.417494,19.013949
874.000000,-0.913921,19.257158,79.315317,-6.317350,0.922991,88.793555,-2.508978,3.432303,6.128868,0.959306,-6.142282,0.635656,-2.464646,-10.089613,-15.990052,4.639720,-3.226616,4.347537,1.000572,-6.052702,-5.657260,0.635068,16.875564,-7.281264,63.355093,8.921382,-3.228665,8.444333,-11.657355,-20.585082,30.245013,43.644366,-19.522195,-11.025718,16.211667
875.000000,-0.955314,19.274494,79.308230,-6.224427,0.913449,88.346491,-2.289117,3.507042,6.515153,0.985905,-6.438552,0.663679,-2.455526,-10.055031,-15.780782,4.604563,-3.254265,4.234926,0.872759,-5.661470,-5.417619,0.732691,16.364290,-6.931813,63.214500,9.212066,-3.387854,8.789741,-11.833800,-18.371452,30.075833,52.004811,-17.288151,-8.997581,13.216157
876.000000,-1.000363,19.270955,79.315704,-6.200367,0.887270,88.079116,-2.214545,3.575165,6.792732,1.029003,-6.557858,0.736534,-2.564516,-10.048101,-15.665881,4.720255,-3.297219,4.189789,0.776793,-5.422316,-5.240134,0.475862,15.961109,-6.532160,63.414850,9.420812,-3.673011,8.660702,-11.642483,-16.368531,27.567487,58.766551,-13.882565,-7.471402,11.361065
