Frame,root_translateX,root_translateY,root_translateZ,root_rotateX,root_rotateY,root_rotateZ,left_hip_pitch_joint_dof,left_hip_roll_joint_dof,left_hip_yaw_joint_dof,left_knee_joint_dof,left_ankle_pitch_joint_dof,left_ankle_roll_joint_dof,right_hip_pitch_joint_dof,right_hip_roll_joint_dof,right_hip_yaw_joint_dof,right_knee_joint_dof,right_ankle_pitch_joint_dof,right_ankle_roll_joint_dof,waist_yaw_joint_dof,waist_roll_joint_dof,waist_pitch_joint_dof,left_shoulder_pitch_joint_dof,left_shoulder_roll_joint_dof,left_shoulder_yaw_joint_dof,left_elbow_joint_dof,left_wrist_roll_joint_dof,left_wrist_pitch_joint_dof,left_wrist_yaw_joint_dof,right_shoulder_pitch_joint_dof,right_shoulder_roll_joint_dof,right_shoulder_yaw_joint_dof,right_elbow_joint_dof,right_wrist_roll_joint_dof,right_wrist_pitch_joint_dof,right_wrist_yaw_joint_dof
0.000000,-4.383515,-78.179836,78.848535,0.410943,0.162958,88.854973,6.335440,-3.712797,3.495144,0.185801,-11.851015,1.231396,-8.655078,-10.103796,-13.226604,7.505668,-1.674415,9.230444,1.070849,0.684042,5.561741,-9.332460,22.504797,-31.077135,-17.302056,-6.594609,-7.430296,30.974437,-8.080565,-19.577564,37.441676,-16.838052,35.659509,-7.231762,-4.629547
1.000000,-4.770175,-78.665066,78.872418,0.549702,-0.126778,88.911502,6.073344,-3.706272,3.427988,0.190879,-11.791461,1.453963,-9.315032,-10.156627,-13.108969,8.984044,-3.138380,8.653189,1.070080,0.639006,6.135418,-8.868521,24.269537,-29.336841,-18.633804,-7.905377,-7.447502,27.435716,-7.467352,-19.434977,36.956811,-16.858008,35.243295,-6.508305,-3.643441
2.000000,-5.135133,-79.087448,78.952110,0.623740,-0.472990,89.058037,5.689124,-3.627659,3.299208,0.369113,-11.730594,1.440598,-9.842998,-10.326938,-13.706649,10.813630,-4.611602,7.933472,0.734427,0.655844,6.619125,-8.733900,24.704209,-28.974175,-18.903187,-8.058804,-7.425630,26.628339,-7.449735,-19.409429,36.813951,-16.536636,35.126895,-5.646593,-2.410090
3.000000,-5.347409,-79.389459,79.067266,0.642680,-0.915494,89.404215,5.358002,-3.353196,2.829546,0.420261,-11.672999,1.072481,-9.801464,-10.373020,-15.091967,12.688687,-6.615260,7.232111,0.425967,0.712043,7.047010,-9.106771,24.959904,-29.056496,-18.903182,-7.836884,-7.476556,26.294495,-7.657924,-19.562162,36.405462,-16.245830,35.072338,-4.771641,-0.813008
4.000000,-5.706681,-79.745865,79.195637,0.513759,-1.415707,89.600083,4.890293,-3.073294,2.657402,0.396561,-11.349585,0.966174,-10.005790,-10.270590,-15.641246,15.086532,-7.330901,6.547062,0.353164,1.000115,7.120284,-9.450326,24.932429,-29.217411,-18.985709,-7.478137,-7.558714,26.369267,-7.431113,-19.791791,36.166227,-16.311257,34.962745,-4.863549,-0.853873
5.000000,-5.859518,-79.988664,79.289770,0.400352,-1.831346,89.931007,4.481963,-2.734840,2.329271,0.460368,-11.161959,0.745121,-9.903522,-9.996822,-15.966373,17.509258,-8.490149,5.605192,0.251367,1.150601,7.074677,-9.854337,25.050050,-29.328535,-19.188132,-7.689248,-7.615605,26.301377,-7.290736,-19.960985,35.928984,-16.538699,34.813249,-4.801964,-0.496888
6.000000,-6.036042,-80.201977,79.363018,0.297936,-2.224695,90.312036,4.190753,-2.440775,2.025155,0.366428,-11.014585,0.469013,-9.607139,-9.564297,-15.592431,19.489433,-9.632743,5.035643,0.115007,1.361022,6.785231,-10.067118,25.015037,-29.411180,-19.323339,-8.349628,-7.925362,26.378165,-7.375984,-20.382517,35.846895,-16.695093,35.570392,-4.960342,-0.370399
7.000000,-6.153243,-80.346763,79.401773,0.012504,-2.463696,90.704250,3.755403,-2.300590,1.640814,0.243153,-10.886867,0.275644,-9.413952,-9.109280,-14.848307,21.004165,-10.682016,4.505355,-0.026022,1.434259,6.284529,-10.298660,24.925423,-29.382302,-19.402648,-8.781070,-7.757433,26.489024,-7.525508,-20.530150,35.931303,-16.726426,36.217645,-4.799885,-0.054659
8.000000,-6.244527,-80.480510,79.394096,-0.217379,-2.512900,91.015066,3.419697,-2.372334,1.334031,0.087145,-10.694821,0.185607,-8.853724,-8.607998,-13.956091,21.181042,-11.489529,4.610875,0.015460,1.415052,5.763326,-10.596055,24.859491,-29.413626,-19.336107,-8.529940,-7.660130,26.669561,-7.971131,-20.938167,35.910990,-16.812862,37.300254,-4.693073,0.460612
9.000000,-6.273505,-80.534840,79.351330,-0.525381,-2.343403,91.252749,3.089364,-2.641971,1.119768,-0.127668,-10.510679,0.085765,-7.925699,-8.280289,-13.496427,19.855146,-11.825069,5.044249,0.080554,1.144605,5.028988,-10.686673,24.932421,-29.387476,-19.210235,-8.259314,-7.803492,26.873815,-8.267656,-20.988686,35.948034,-16.882817,37.472221,-4.532641,0.643723
10.000000,-6.261956,-80.551827,79.271001,-0.706313,-1.981588,91.395849,2.950582,-3.096341,0.960047,-0.333304,-10.373370,0.067176,-6.554625,-7.947636,-12.950141,17.327613,-11.182972,5.824651,0.317565,0.700554,4.395094,-10.782724,24.876626,-29.478103,-19.057078,-8.302570,-7.954952,27.290808,-8.609675,-20.939127,36.125485,-16.986800,36.546700,-4.486822,-0.136410
11.000000,-6.211448,-80.556387,79.153764,-0.877446,-1.422321,91.318314,2.860173,-3.714105,1.052807,-0.510407,-10.278880,0.218245,-5.176912,-7.703517,-12.251981,14.184670,-9.763413,6.794764,0.728125,0.026064,3.644017,-10.688258,24.846456,-29.555557,-19.170330,-8.749233,-8.005824,27.642230,-9.060230,-20.834577,36.808245,-17.002658,33.680428,-4.841623,-2.389961
12.000000,-6.103604,-80.513161,79.068649,-1.003082,-0.985497,91.010708,2.850443,-4.113216,1.262714,-0.611179,-10.187366,0.337959,-3.808515,-7.955140,-13.117673,11.071596,-9.299313,6.786669,1.379846,-0.566240,2.976906,-10.684441,24.929690,-29.550028,-19.307789,-8.691694,-7.998812,28.114623,-9.272877,-20.330555,37.371793,-16.969077,32.557326,-5.023737,-3.782945
13.000000,-5.948651,-80.480796,79.008597,-1.179338,-0.671245,90.649349,2.732673,-4.316619,1.515859,-0.691924,-10.113049,0.381374,-2.774368,-7.937581,-13.780559,8.324752,-8.719386,6.795492,2.173476,-1.009295,2.364094,-10.728523,24.964545,-29.401570,-19.331647,-8.727308,-8.057986,27.998870,-9.286194,-19.935847,37.423631,-17.051289,32.853763,-5.069538,-3.882788
14.000000,-5.788739,-80.485618,78.988022,-1.437382,-0.446422,90.252124,2.453840,-4.394120,1.890141,-0.677232,-10.080312,0.540811,-2.357655,-7.722225,-13.633280,6.569372,-8.287972,6.797676,2.957944,-1.313159,1.610257,-10.567771,24.836808,-29.241904,-19.139126,-9.649820,-8.288040,27.605733,-9.295823,-19.889419,37.242754,-17.269983,32.060802,-5.349610,-3.775930
15.000000,-5.614556,-80.485237,79.019612,-1.719974,-0.356275,89.990532,2.066503,-4.297470,2.221244,-0.505008,-10.122383,0.663017,-2.250645,-7.548935,-13.470973,5.441017,-7.668122,7.061359,3.517967,-1.518319,0.858350,-10.396333,24.732405,-29.075695,-18.915137,-9.848598,-8.252619,27.369265,-9.343256,-20.021072,36.962354,-17.432629,30.568706,-5.564420,-3.895542
16.000000,-5.438356,-80.485445,79.049671,-1.819611,-0.287360,90.007454,1.789252,-4.211803,2.263054,-0.188146,-10.302009,0.789199,-2.076634,-7.508183,-13.456139,4.843545,-7.438174,7.557578,3.597517,-1.670887,0.513473,-10.217268,24.506738,-28.824522,-18.776608,-9.595308,-8.277861,27.585473,-9.489288,-20.137117,37.027282,-17.624048,30.026560,-5.502736,-3.895052
17.000000,-5.254856,-80.495739,79.062808,-1.855534,-0.208794,90.126037,1.589195,-4.159101,2.178935,0.086493,-10.395147,0.861424,-1.958525,-7.454607,-13.392454,4.537928,-7.357611,7.745100,3.467258,-1.763813,0.363010,-9.938204,24.230233,-28.613800,-18.941211,-9.429462,-8.338098,27.861788,-9.647296,-20.313020,37.137388,-17.782367,29.420534,-5.683953,-3.840781
18.000000,-5.076250,-80.485290,79.061139,-1.748246,-0.121421,90.350808,1.561134,-4.133583,2.086122,0.354997,-10.524787,0.938065,-1.662940,-7.424845,-13.583593,4.329767,-7.550504,7.691937,3.240342,-1.842221,0.440729,-9.745392,24.018119,-28.549544,-19.130035,-9.372058,-8.502117,27.829928,-9.719090,-20.585780,37.133567,-17.990788,28.756114,-6.061075,-3.233699
19.000000,-4.876380,-80.463141,79.059082,-1.530502,-0.014592,90.603909,1.659189,-4.137262,1.885798,0.626577,-10.623870,1.030270,-1.213074,-7.376024,-13.762569,4.111369,-7.754584,7.589218,3.008827,-2.012275,0.653349,-9.720769,24.032198,-28.585872,-19.153109,-9.136105,-8.598249,27.658206,-9.695669,-20.756434,36.988790,-18.082233,28.245303,-6.135174,-2.847130
20.000000,-4.669198,-80.423141,79.060620,-1.309645,0.111537,90.889804,1.784656,-4.148471,1.628893,0.896890,-10.695274,1.180472,-0.750031,-7.348289,-13.884567,3.916530,-7.926977,7.502746,2.756939,-2.212182,0.792590,-9.722067,24.242131,-28.596744,-19.023544,-8.814836,-8.557109,27.734497,-9.564176,-20.791632,36.801527,-17.807394,27.956372,-5.727357,-3.185326
21.000000,-4.457735,-80.351293,79.060423,-1.105914,0.226069,91.069187,1.968473,-4.148372,1.478818,1.068695,-10.693955,1.227311,-0.314081,-7.299863,-14.041441,3.718603,-8.100181,7.456406,2.594545,-2.384806,1.020258,-9.693322,24.514731,-28.567049,-18.953480,-8.550922,-8.623962,27.369381,-9.402199,-20.799369,36.702920,-17.592844,28.463261,-5.254963,-2.700357
22.000000,-4.269129,-80.341107,79.069287,-0.980623,0.320661,91.136202,1.988390,-4.139168,1.412971,1.278375,-10.573921,1.398894,-0.113023,-7.258195,-14.107296,3.680367,-8.175324,7.361762,2.569008,-2.465546,1.178555,-9.590005,24.570299,-28.606398,-18.942669,-8.612627,-8.559882,27.414033,-9.292106,-21.024702,36.596891,-17.454849,27.970610,-4.905310,-2.484301
23.000000,-4.067755,-80.283171,79.087102,-0.933091,0.390334,91.227552,1.968767,-4.085030,1.236137,1.487795,-10.515065,1.439913,0.086176,-7.171401,-14.208385,3.549501,-8.275987,7.293680,2.608178,-2.459955,1.174375,-9.354007,24.506953,-28.722004,-19.081651,-8.739604,-8.653317,27.329433,-8.901015,-21.201575,36.511350,-17.644585,28.204549,-4.804584,-1.925572
24.000000,-3.868888,-80.248284,79.094535,-0.940742,0.452091,91.230895,1.933987,-3.990071,1.229022,1.590089,-10.484229,1.479721,0.151558,-7.041382,-14.178902,3.441327,-8.307889,7.174714,2.623494,-2.475625,1.159247,-9.046212,24.547504,-28.631294,-19.332987,-8.810500,-8.689666,27.417880,-8.623002,-21.288250,36.544924,-17.873599,29.437005,-4.773509,-1.374563
25.000000,-3.678830,-80.189884,79.099607,-1.025652,0.546300,91.272369,1.848801,-3.967580,1.185933,1.636466,-10.420620,1.661303,0.199693,-6.965021,-14.250268,3.258630,-8.341302,7.079211,2.520788,-2.514275,1.013740,-8.686631,24.679215,-28.443054,-19.550144,-8.906661,-8.599010,27.667501,-8.446833,-21.232140,36.694327,-18.018210,30.573030,-4.430148,-0.794032
26.000000,-3.505883,-80.153960,79.104894,-1.196681,0.622567,91.331692,1.665911,-3.915839,1.210485,1.658563,-10.385935,1.667036,0.169215,-6.896039,-14.369629,3.013954,-8.399244,7.083210,2.426283,-2.529848,0.682746,-8.356438,24.906838,-28.341472,-19.614616,-9.171913,-8.664428,27.482904,-8.418956,-21.247060,36.719585,-18.158577,30.708165,-4.199947,-0.259105
27.000000,-3.331946,-80.129856,79.115158,-1.391977,0.684820,91.340703,1.502565,-3.833195,1.268427,1.566772,-10.261220,1.617104,0.133987,-6.807696,-14.421345,2.672464,-8.325161,7.225625,2.407526,-2.521449,0.367831,-8.178523,25.063091,-28.438568,-19.642849,-9.753128,-8.725673,27.630412,-8.574291,-21.128724,37.003305,-18.176684,30.026335,-4.138231,-1.644165
28.000000,-3.180036,-80.120140,79.124540,-1.756033,0.745466,91.416679,1.095766,-3.787929,1.269134,1.513042,-10.117755,1.565647,-0.159202,-6.728186,-14.496653,2.456422,-8.183922,7.222378,2.323411,-2.533158,-0.147593,-8.232694,25.087696,-28.751565,-19.602173,-10.287888,-8.645343,27.957433,-8.826968,-21.030535,37.387417,-18.167552,29.090698,-3.988509,-2.788924
29.000000,-3.028854,-80.082190,79.123807,-2.002513,0.801948,91.555354,0.866846,-3.751315,1.245900,1.416441,-10.021619,1.570118,-0.225206,-6.641287,-14.586921,2.141574,-8.084960,7.117832,2.166506,-2.493773,-0.572070,-8.391163,25.269509,-29.025975,-19.675996,-10.651015,-8.543309,28.063970,-9.245149,-20.959395,37.748434,-17.954011,28.404545,-4.057314,-4.120162
30.000000,-2.880029,-80.047971,79.124069,-2.210469,0.883664,91.670882,0.695913,-3.731724,1.217999,1.308686,-9.913257,1.554053,-0.273251,-6.602709,-14.688346,1.847388,-8.091624,7.109697,2.037879,-2.515579,-0.910118,-8.575091,25.391252,-29.183038,-19.770640,-10.693122,-8.586550,28.113964,-9.339578,-20.696983,37.993296,-17.855195,28.491285,-4.314873,-4.564821
31.000000,-2.732843,-79.989588,79.124719,-2.455606,0.947796,91.865700,0.499672,-3.707744,1.098627,1.201956,-9.740130,1.561159,-0.349096,-6.566631,-14.856240,1.622673,-8.038524,7.090192,1.915680,-2.532567,-1.321199,-8.821750,25.492744,-29.375117,-19.846979,-11.195753,-8.513905,27.723330,-9.250824,-20.680507,37.858738,-17.986548,29.434584,-4.326153,-4.052912
32.000000,-2.614665,-79.925561,79.128414,-2.646997,0.995135,92.020210,0.358140,-3.694778,0.991814,1.101270,-9.644083,1.576676,-0.411681,-6.538574,-15.039836,1.485100,-8.026709,7.061001,1.741999,-2.525819,-1.552750,-9.146160,25.574897,-29.464138,-19.844746,-11.867521,-8.517210,27.357662,-9.454797,-20.773392,37.727994,-18.175687,29.702905,-4.406568,-3.612260
33.000000,-2.485676,-79.858190,79.123378,-2.819205,1.056275,92.176558,0.227702,-3.701417,0.839735,1.050529,-9.541235,1.593266,-0.458714,-6.501710,-15.143834,1.394019,-8.128738,6.955358,1.533329,-2.531720,-1.830992,-9.296331,25.673054,-29.558672,-19.978196,-12.195266,-8.507573,27.322838,-9.633455,-20.871164,37.728377,-18.250435,29.831821,-4.561959,-3.582818
34.000000,-2.376755,-79.782951,79.116887,-2.966882,1.105539,92.318647,0.096509,-3.683478,0.781045,1.062164,-9.547906,1.604235,-0.481123,-6.492967,-15.285786,1.311446,-8.239800,6.871361,1.317198,-2.558483,-2.130800,-9.355279,25.808281,-29.641225,-20.116002,-12.191264,-8.603370,27.628288,-9.901122,-21.071169,37.637938,-18.311071,30.047409,-5.058152,-3.554348
35.000000,-2.268749,-79.662168,79.112726,-3.056289,1.167951,92.426364,0.107051,-3.686003,0.692301,1.023961,-9.543727,1.624829,-0.421237,-6.474117,-15.292119,1.225641,-8.342682,6.853361,1.151509,-2.579635,-2.324130,-9.333592,25.854858,-29.664113,-20.216621,-11.868613,-8.615852,27.571080,-9.832342,-21.027980,37.625036,-18.294747,30.057381,-5.225712,-3.637069
36.000000,-2.191594,-79.559851,79.111880,-3.068585,1.199480,92.438274,0.179415,-3.658215,0.698091,1.024153,-9.588081,1.701311,-0.389726,-6.449616,-15.276553,1.311471,-8.391441,6.730396,1.039271,-2.538324,-2.410435,-9.261240,25.812806,-29.615133,-20.165312,-11.618737,-8.693420,27.605154,-9.852751,-21.151052,37.688840,-18.270222,30.053160,-5.376955,-3.393737
37.000000,-2.100457,-79.433811,79.109246,-2.995015,1.238737,92.365931,0.352022,-3.613407,0.768620,1.074744,-9.698215,1.764879,-0.272271,-6.401847,-15.265061,1.434989,-8.539704,6.580588,1.031436,-2.499505,-2.370623,-9.099640,25.768012,-29.474008,-20.119166,-11.484558,-8.633928,27.414667,-9.795712,-21.161038,37.575664,-18.169775,29.674399,-5.620231,-3.375269
38.000000,-2.006990,-79.279619,79.098302,-2.924804,1.303202,92.316329,0.496450,-3.590513,0.841525,1.244802,-9.836373,1.796508,-0.129957,-6.389012,-15.280566,1.559638,-8.818825,6.439215,0.966112,-2.527766,-2.273976,-8.942298,25.697984,-29.357201,-20.044560,-11.425873,-8.585348,27.284845,-9.766867,-21.202722,37.507424,-18.246432,29.699237,-5.545162,-2.603247
39.000000,-1.927341,-79.139704,79.092449,-2.807011,1.341103,92.251616,0.707748,-3.515184,1.054168,1.382290,-9.971524,1.686702,0.066000,-6.339732,-15.223202,1.652466,-9.031505,6.370902,0.882446,-2.539592,-2.096064,-8.754986,25.619999,-29.221366,-19.973034,-11.344253,-8.644785,27.175861,-9.748736,-21.122138,37.479007,-17.999065,29.432368,-5.361831,-2.673120
40.000000,-1.854945,-78.989846,79.085648,-2.606704,1.389426,92.099827,1.029687,-3.467898,1.207925,1.489965,-10.108099,1.690161,0.290516,-6.299858,-15.053027,1.831563,-9.287098,6.221227,0.917674,-2.510503,-1.845602,-8.597711,25.488731,-29.097866,-19.900823,-11.086305,-8.675668,27.230033,-9.621209,-21.076543,37.288448,-17.875993,29.019322,-5.520973,-2.572422
41.000000,-1.785952,-78.816521,79.080987,-2.372058,1.406388,91.977883,1.400777,-3.400269,1.307019,1.615292,-10.302580,1.636324,0.628493,-6.231489,-14.957911,1.933428,-9.459313,6.121197,0.902323,-2.470451,-1.574107,-8.389572,25.439183,-29.037200,-19.912088,-10.862930,-8.676595,27.196118,-9.443306,-21.007101,37.135872,-17.835471,28.809342,-5.364047,-2.510849
42.000000,-1.724243,-78.659374,79.072106,-2.058589,1.406433,91.909987,1.812807,-3.325714,1.327905,1.785777,-10.572088,1.691899,1.102752,-6.146480,-14.894525,1.942599,-9.630370,6.012170,0.823735,-2.381135,-1.142342,-8.263081,25.383623,-28.896696,-19.926607,-10.529468,-8.711876,27.181779,-9.378827,-20.973015,37.030144,-17.691891,28.519453,-5.013227,-2.045196
43.000000,-1.634115,-78.520727,79.069501,-1.777455,1.427043,91.775942,2.169911,-3.241459,1.412873,2.014751,-10.788374,1.715695,1.483966,-6.044800,-14.750379,1.995964,-9.739905,5.909608,0.750784,-2.341625,-0.656436,-8.163831,25.405227,-28.613641,-20.033256,-10.388667,-8.655045,27.148414,-9.210003,-20.764096,36.958273,-17.545062,28.490338,-4.802795,-1.966599
44.000000,-1.560127,-78.402561,79.068059,-1.555298,1.440591,91.689213,2.441567,-3.178429,1.467109,2.216153,-11.024391,1.682011,1.775075,-5.968517,-14.721341,2.081187,-9.865033,5.857643,0.644970,-2.286287,-0.197550,-8.160239,25.418049,-28.397186,-20.055575,-10.500615,-8.815513,27.030550,-9.211398,-20.655206,36.901518,-17.451314,28.733038,-4.664948,-2.008901
45.000000,-1.498087,-78.344715,79.081553,-1.544315,1.440064,91.604451,2.439217,-3.129248,1.491756,2.356571,-11.099568,1.582662,1.754232,-5.913982,-14.726711,2.201370,-9.914134,5.842813,0.506594,-2.156737,0.202617,-8.301730,25.339104,-28.206390,-20.030954,-10.549219,-8.815867,27.059685,-9.432766,-20.599745,37.067474,-17.424405,28.545254,-4.628562,-2.490817
46.000000,-1.430777,-78.288311,79.080981,-1.639207,1.479219,91.521740,2.339448,-3.100774,1.591145,2.443733,-11.127386,1.624048,1.664305,-5.901622,-14.715303,2.223980,-9.960115,5.838362,0.401208,-2.106409,0.211989,-8.295249,25.369460,-28.120367,-20.040014,-10.538190,-8.691065,27.125480,-9.330667,-20.425406,36.934139,-17.266609,28.216287,-4.370808,-2.247842
47.000000,-1.361648,-78.209674,79.071796,-1.806268,1.506174,91.451231,2.283757,-3.041392,1.768994,2.318508,-11.115775,1.591452,1.594788,-5.861560,-14.799550,2.072414,-10.002617,5.860976,0.289603,-2.011083,0.060974,-8.253613,25.485884,-28.062339,-20.053333,-10.575860,-8.896448,27.038639,-9.078869,-20.280503,36.709767,-17.188330,28.197463,-4.126837,-1.904877
48.000000,-1.287791,-78.128046,79.062444,-2.139031,1.526996,91.499968,2.092437,-3.002775,1.780494,2.066830,-10.981051,1.496586,1.477346,-5.803142,-14.898712,1.689386,-9.924098,5.955859,0.043939,-1.963439,-0.362176,-8.150636,25.569103,-28.096641,-20.066797,-10.599296,-8.839915,26.822998,-8.999569,-20.212688,36.649825,-17.200390,28.243911,-3.950044,-1.659891
49.000000,-1.219286,-78.057975,79.049474,-2.479294,1.563652,91.561893,1.916194,-2.997077,1.775742,1.734655,-10.785880,1.462614,1.404284,-5.737409,-14.874496,1.161889,-9.752127,6.097069,-0.228314,-1.959594,-0.811562,-8.160997,25.626617,-28.199151,-20.041015,-10.571411,-8.773579,26.710326,-9.093832,-20.164342,36.704952,-17.131469,27.951598,-3.865369,-1.651865
50.000000,-1.163677,-77.956349,79.027933,-2.835200,1.628792,91.662346,1.763525,-3.055680,1.695590,1.373032,-10.622347,1.502297,1.380536,-5.720552,-14.911713,0.572140,-9.640974,6.219237,-0.527531,-2.030679,-1.409824,-8.095600,25.673863,-28.432228,-20.012791,-10.594956,-8.694274,26.820905,-9.055366,-20.065419,36.871919,-17.085556,27.791954,-3.778624,-2.013193
51.000000,-1.125170,-77.892894,79.008293,-3.193905,1.695586,91.752955,1.505057,-3.131723,1.629116,1.154903,-10.516969,1.573281,1.256867,-5.736607,-14.865113,0.110993,-9.528654,6.362769,-0.841033,-2.096465,-1.904471,-8.169641,25.644690,-28.639651,-19.926008,-10.632343,-8.622579,26.825139,-9.213853,-19.960905,37.114790,-17.084858,28.398292,-3.698447,-2.290820
52.000000,-1.074535,-77.818853,78.990549,-3.509131,1.744407,91.832992,1.223698,-3.169145,1.552160,1.086424,-10.480124,1.603883,1.132907,-5.726901,-14.855801,-0.218332,-9.501822,6.407851,-1.110443,-2.117020,-2.259825,-8.262475,25.669651,-28.681600,-19.915817,-10.888051,-8.540413,26.645242,-9.313883,-19.987601,37.220716,-17.166185,29.200947,-3.791769,-2.649799
53.000000,-1.012120,-77.720797,78.987312,-3.736532,1.771347,91.785070,1.069239,-3.145285,1.575778,1.068503,-10.454801,1.578341,1.004134,-5.689360,-14.869026,-0.337786,-9.484437,6.431980,-1.231599,-2.090217,-2.548733,-8.235229,25.613286,-28.665252,-19.882737,-11.508411,-8.692930,26.322202,-9.392520,-20.094203,37.182747,-17.270941,30.121107,-4.104921,-2.522611
54.000000,-0.946368,-77.612513,78.982317,-3.833903,1.787041,91.676535,1.021527,-3.087524,1.679198,1.155075,-10.561962,1.570709,0.941455,-5.630100,-14.822381,-0.309281,-9.581294,6.385239,-1.288026,-2.025785,-2.600817,-8.259202,25.546665,-28.647017,-19.880439,-11.781573,-8.706997,25.752011,-9.554072,-20.359563,37.095580,-17.473656,30.579928,-4.327082,-1.993023
55.000000,-0.892802,-77.492124,78.979337,-3.806421,1.792936,91.587782,1.092213,-3.035301,1.747259,1.316427,-10.740975,1.557728,1.033024,-5.586275,-14.793742,-0.273987,-9.676735,6.353583,-1.392627,-1.977746,-2.463768,-8.288225,25.522504,-28.625772,-19.919029,-11.646957,-8.853961,25.768133,-9.821657,-20.604919,37.153535,-17.551148,30.609643,-4.540396,-1.684936
56.000000,-0.853300,-77.364278,78.977418,-3.772992,1.807533,91.530699,1.239848,-3.011025,1.811636,1.328091,-10.820451,1.556842,1.135377,-5.553660,-14.708987,-0.208971,-9.787801,6.319505,-1.459226,-1.943407,-2.353392,-8.238236,25.428965,-28.738021,-19.948462,-11.395348,-8.791340,26.146929,-9.866718,-20.627335,37.249270,-17.515781,30.922257,-4.726572,-1.561741
57.000000,-0.792896,-77.209079,78.966123,-3.693576,1.847126,91.502882,1.442126,-3.005651,1.824025,1.376927,-10.927900,1.563303,1.348132,-5.531395,-14.717193,-0.188834,-9.980645,6.223940,-1.506727,-2.007037,-2.228127,-8.141622,25.529318,-28.731006,-19.932169,-11.349171,-8.740745,25.717897,-9.904054,-20.735845,37.186439,-17.452242,31.272045,-4.771350,-1.156227
58.000000,-0.738353,-77.035278,78.959876,-3.604599,1.881668,91.448098,1.652829,-2.978003,1.909021,1.476650,-11.065591,1.565139,1.581061,-5.517047,-14.728707,-0.173347,-10.154554,6.160298,-1.449542,-2.058994,-2.065207,-7.989007,25.559384,-28.713200,-19.864538,-11.148743,-8.778782,25.509826,-9.701945,-20.745021,37.057471,-17.390025,30.975833,-4.714978,-0.546728
59.000000,-0.702392,-76.879030,78.950608,-3.538615,1.901278,91.401999,1.826227,-2.962701,1.930478,1.567094,-11.203322,1.579251,1.751673,-5.486942,-14.617938,-0.123521,-10.281107,6.128909,-1.430264,-2.016766,-1.851117,-7.884620,25.483564,-28.644871,-19.803010,-10.984980,-8.668594,25.284877,-9.541408,-20.682486,36.975878,-17.291003,30.981216,-4.730066,-0.263552
60.000000,-0.652080,-76.734602,78.932959,-3.393849,1.937346,91.400692,2.029161,-2.969360,1.891955,1.744724,-11.401581,1.661691,2.010128,-5.481740,-14.621982,0.001340,-10.575996,6.118466,-1.398950,-2.005491,-1.518248,-7.867718,25.444801,-28.628282,-19.751705,-10.893468,-8.675104,25.047576,-9.350453,-20.580478,36.724807,-17.167498,31.097957,-4.781695,0.081653
61.000000,-0.596893,-76.602083,78.920871,-3.324681,1.960964,91.334139,2.168641,-2.937444,1.951644,1.858264,-11.544320,1.692500,2.104084,-5.470801,-14.645486,0.176661,-10.821140,6.050752,-1.277334,-1.932415,-1.324759,-7.736769,25.444722,-28.555085,-19.765654,-10.581876,-8.684866,24.924320,-9.015232,-20.469081,36.489729,-17.143782,31.106819,-4.883452,-0.096521
62.000000,-0.550082,-76.481020,78.920668,-3.380751,1.956682,91.344347,2.202766,-2.887940,1.966316,1.871322,-11.586261,1.619731,2.084418,-5.444165,-14.753750,0.301479,-10.876908,6.060361,-1.278522,-1.782660,-1.338635,-7.542264,25.336093,-28.460577,-19.853820,-10.343379,-8.703714,25.279968,-8.772593,-20.428075,36.348054,-17.060161,30.705194,-5.000685,-0.415679
63.000000,-0.509122,-76.367831,78.924292,-3.610905,1.938292,91.333282,2.058286,-2.824541,2.013687,1.838279,-11.589317,1.602940,1.836284,-5.403942,-14.755806,0.440136,-10.919271,5.990119,-1.291993,-1.577822,-1.638116,-7.438034,25.235937,-28.411251,-19.900945,-10.338960,-8.657123,25.479389,-8.484079,-20.374214,36.331573,-16.939081,30.080877,-5.008452,-0.579894
64.000000,-0.457851,-76.214975,78.911763,-3.869352,1.930047,91.449018,1.916350,-2.789974,1.928956,1.764364,-11.618070,1.599841,1.747531,-5.355604,-14.895328,0.357740,-10.996482,6.025716,-1.344594,-1.410033,-2.043964,-7.515052,25.259780,-28.434098,-19.932621,-10.327291,-8.667414,25.512082,-8.130670,-20.353241,36.155985,-16.860629,29.938956,-4.808619,-0.610056
65.000000,-0.411012,-76.081234,78.894925,-4.096808,1.941568,91.595726,1.793707,-2.788454,1.816093,1.681026,-11.617194,1.591774,1.703387,-5.338174,-14.979097,0.187026,-11.059679,5.979757,-1.403080,-1.320651,-2.525637,-7.674661,25.422808,-28.555952,-19.965676,-10.559295,-8.589666,25.557362,-7.839596,-20.365549,35.870566,-16.756529,30.420536,-4.470987,-0.349125
66.000000,-0.386182,-75.955635,78.887802,-4.364086,1.930169,91.758058,1.618557,-2.782831,1.693452,1.586823,-11.559978,1.560056,1.608397,-5.307347,-14.964603,-0.003561,-10.966638,5.998808,-1.515079,-1.204053,-2.995304,-7.967652,25.569109,-28.700216,-19.986047,-10.751757,-8.731957,25.481178,-7.739567,-20.439636,35.667121,-16.709552,30.193285,-4.256643,-0.530511
67.000000,-0.340475,-75.811982,78.877556,-4.528152,1.949743,91.868400,1.565961,-2.771312,1.640417,1.529633,-11.563639,1.463272,1.623881,-5.288183,-15.072908,-0.099871,-10.967388,6.049119,-1.578950,-1.084813,-3.323009,-8.361463,25.672716,-28.773948,-19.929114,-10.782933,-8.822651,25.329260,-7.779681,-20.423580,35.591822,-16.598961,29.764322,-4.048780,-0.792604
68.000000,-0.316475,-75.686812,78.867394,-4.675200,1.986600,91.960560,1.482090,-2.820338,1.546424,1.560215,-11.600442,1.491735,1.582194,-5.329177,-15.055600,-0.087621,-11.115033,5.978112,-1.603828,-1.065490,-3.632578,-8.808745,25.739706,-28.897595,-19.797747,-10.662931,-8.815262,25.431981,-7.931403,-20.370351,35.626198,-16.489632,29.846711,-3.777300,-0.673198
69.000000,-0.287879,-75.500447,78.865337,-4.811565,1.982405,92.082857,1.444230,-2.811725,1.467476,1.602140,-11.653355,1.484433,1.647423,-5.335851,-15.261720,-0.108500,-11.247319,5.902616,-1.636469,-1.055803,-3.973142,-9.176856,25.801217,-28.927559,-19.626957,-10.686124,-8.751060,25.375626,-8.112625,-20.468023,35.544998,-16.474860,29.623763,-3.706603,-0.528177
70.000000,-0.249634,-75.359946,78.850991,-4.767995,2.028626,92.132048,1.555534,-2.830506,1.461182,1.701816,-11.778689,1.486495,1.776958,-5.377767,-15.303911,-0.005508,-11.400050,5.919672,-1.617112,-1.131587,-4.086976,-9.447920,25.751905,-28.943251,-19.554801,-10.667123,-8.688202,25.485695,-8.277641,-20.464973,35.505861,-16.539520,29.377685,-3.745057,-0.742150
71.000000,-0.215529,-75.173712,78.842753,-4.693190,2.073083,92.207044,1.726876,-2.865176,1.399044,1.845883,-11.888887,1.521939,2.010974,-5.424835,-15.463962,0.103693,-11.634105,5.854443,-1.558064,-1.298502,-4.129931,-9.646724,25.779272,-29.002015,-19.555252,-10.764075,-8.630698,25.706614,-8.382019,-20.427146,35.326025,-16.717592,29.446052,-3.839002,-0.737844
72.000000,-0.180954,-74.995804,78.839672,-4.591780,2.127676,92.197508,1.920228,-2.892370,1.399818,2.004719,-12.009902,1.513590,2.200764,-5.469936,-15.428530,0.269766,-11.766293,5.850849,-1.310572,-1.564136,-4.127548,-9.778177,25.978479,-28.921627,-19.553537,-10.945639,-8.663607,25.385887,-8.227928,-20.247054,34.912228,-16.798697,29.533823,-4.001386,-0.808754
73.000000,-0.173070,-74.836677,78.846186,-4.587733,2.185518,92.088833,1.978445,-2.923123,1.518882,2.195475,-12.129932,1.508941,2.173053,-5.567747,-15.326863,0.602375,-11.899200,5.818603,-0.872213,-1.817604,-4.183944,-9.784646,26.071370,-28.764123,-19.535354,-11.132504,-8.722056,25.017057,-7.773122,-20.025053,34.277052,-16.906653,29.527963,-4.093612,-0.545758
74.000000,-0.176194,-74.707198,78.861529,-4.499234,2.205540,91.920701,2.037591,-2.911766,1.685270,2.549462,-12.328770,1.548340,2.130203,-5.635983,-15.225859,1.118021,-12.234060,5.579747,-0.348276,-2.021888,-4.063413,-9.754234,25.973024,-28.678503,-19.488813,-11.402679,-8.739595,24.672455,-7.337428,-19.825015,33.534948,-16.896512,29.010761,-4.267941,-0.411674
75.000000,-0.168566,-74.639457,78.848040,-4.390989,2.323756,91.676855,2.046926,-2.993814,1.950147,2.969784,-12.607156,1.660364,1.936000,-5.811225,-15.015940,1.799792,-12.625015,5.411981,0.182129,-2.275488,-3.840280,-9.632829,25.855463,-28.475979,-19.395681,-11.821384,-8.862918,24.289343,-6.997148,-19.696425,33.049533,-16.972691,28.619729,-4.393712,-0.273364
76.000000,-0.157336,-74.557972,78.840894,-4.186054,2.391449,91.570020,2.147333,-3.045284,2.030446,3.423520,-12.898402,1.801826,1.920088,-5.924857,-14.790983,2.424350,-13.023272,5.207841,0.400697,-2.404065,-3.468683,-9.312341,25.581953,-28.307067,-19.312483,-12.083699,-8.839322,24.309639,-6.768338,-19.570090,32.865293,-16.963475,28.353565,-4.312046,-0.228773
77.000000,-0.119830,-74.367583,78.834450,-3.868875,2.380860,91.706657,2.466047,-3.010521,1.901342,3.811836,-13.206168,1.835711,2.358551,-5.935744,-15.050516,2.733107,-13.322276,5.028104,0.239810,-2.432161,-3.053099,-8.888894,25.348878,-28.190105,-19.261343,-12.102021,-8.823238,24.381106,-6.651144,-19.461161,32.762218,-16.804308,28.296166,-4.260312,0.057613
78.000000,-0.071174,-74.160951,78.828245,-3.515589,2.332431,91.855904,2.800600,-2.916868,1.760014,4.274023,-13.510020,1.836569,2.902552,-5.886250,-15.385961,2.939517,-13.503734,4.919954,-0.064984,-2.358382,-2.649456,-8.392253,25.237206,-28.104152,-19.194099,-12.061437,-8.719234,24.448438,-6.733630,-19.536062,32.767535,-16.651342,27.797830,-4.152846,0.677082
79.000000,-0.042384,-74.043679,78.810966,-3.157095,2.316779,91.838330,3.083179,-2.846893,1.814336,4.749664,-13.847777,1.877499,3.218124,-5.898086,-15.461419,3.401988,-13.808097,4.763711,-0.269725,-2.255905,-2.235337,-7.969840,25.243076,-28.022528,-19.205273,-12.057440,-8.594208,24.603677,-6.908912,-19.680046,32.889376,-16.472804,27.322538,-3.940276,1.352149
80.000000,-0.004948,-73.947185,78.800780,-2.841492,2.299752,91.847273,3.289594,-2.787472,1.762614,5.229076,-14.090569,1.968380,3.505398,-5.873331,-15.411347,3.763039,-14.039563,4.629802,-0.507231,-2.138840,-1.874166,-7.637950,25.325971,-28.042344,-19.259043,-12.092117,-8.505945,24.362009,-7.160464,-19.874841,33.100958,-16.371740,27.179206,-3.724249,2.131091
81.000000,0.032453,-73.814982,78.791219,-2.422719,2.269919,91.926470,3.644202,-2.716832,1.630323,5.694367,-14.365592,2.058343,4.046805,-5.818399,-15.440764,3.975877,-14.262493,4.476380,-0.788582,-2.028354,-1.396800,-7.404396,25.720230,-28.049546,-19.458333,-12.310004,-8.431787,24.269153,-7.451006,-20.068643,33.173901,-16.301076,26.985104,-3.561627,2.799406
82.000000,0.053823,-73.757726,78.763258,-2.070596,2.267219,91.799983,3.903837,-2.679095,1.671928,6.129647,-14.676557,2.193172,4.430380,-5.803025,-15.628820,4.125149,-14.498453,4.498933,-0.937936,-1.890578,-0.823075,-7.253453,26.082454,-27.930395,-19.717971,-12.219406,-8.503220,24.343590,-7.880753,-20.353144,33.297995,-16.209543,26.288847,-3.654268,2.745733
83.000000,0.069488,-73.726344,78.749961,-1.782974,2.254782,91.729176,4.104546,-2.623896,1.739008,6.454716,-14.837258,2.287230,4.742611,-5.750271,-15.431887,4.125054,-14.522049,4.567058,-0.978856,-1.764753,-0.314130,-7.222566,26.366499,-27.954465,-19.810851,-12.131995,-8.486056,24.411298,-8.049710,-20.578440,33.436102,-15.962480,25.248175,-3.800097,2.120895
84.000000,0.100966,-73.706639,78.749615,-1.585769,2.226502,91.615562,4.261507,-2.540469,1.757583,6.645500,-14.963134,2.372336,5.051613,-5.643776,-15.305334,3.895508,-14.382013,4.681684,-0.997132,-1.585383,0.112839,-7.100252,26.607994,-27.925932,-19.832153,-12.270059,-8.471474,24.681490,-8.033493,-20.712902,33.542366,-15.631055,24.552735,-3.862499,1.526445
85.000000,0.130220,-73.722130,78.753215,-1.608115,2.182916,91.573286,4.155151,-2.456392,1.744476,6.778589,-15.015935,2.371012,5.170198,-5.524663,-15.317857,3.536635,-14.217001,4.843974,-1.030740,-1.383734,0.244062,-6.991161,26.884985,-27.834727,-19.854778,-12.476839,-8.483924,24.555524,-7.828177,-20.915135,33.489111,-15.235008,23.636300,-3.939869,1.190262
86.000000,0.149041,-73.767871,78.754091,-1.891742,2.160406,91.555706,3.789884,-2.417432,1.709109,6.795222,-14.978735,2.366878,5.018000,-5.429577,-15.298645,3.047366,-13.984708,5.048592,-0.960770,-1.258315,0.034378,-7.013926,27.124723,-27.902815,-19.900315,-12.668552,-8.410397,24.564586,-7.520767,-21.302648,33.275497,-14.745313,21.911754,-4.156733,0.813821
87.000000,0.189916,-73.784071,78.754818,-2.379043,2.152814,91.575455,3.337750,-2.383163,1.692540,6.552539,-14.848611,2.303879,4.772825,-5.320545,-15.460499,2.348456,-13.688775,5.284289,-0.811564,-1.198804,-0.520446,-7.208245,27.285919,-28.067353,-19.903721,-12.726510,-8.328043,24.744853,-7.031410,-21.659346,33.000947,-14.328011,20.364889,-4.188113,0.348254
88.000000,0.229864,-73.780286,78.757179,-2.967868,2.190464,91.767028,2.904749,-2.418026,1.553894,6.024601,-14.578458,2.147614,4.542007,-5.261578,-15.622135,1.485534,-13.319236,5.599497,-0.813995,-1.259146,-1.246305,-7.511214,27.399005,-28.177196,-19.864138,-12.688097,-8.366825,24.814878,-6.340899,-21.894402,32.769185,-13.934100,19.553689,-4.105014,-0.159539
89.000000,0.253341,-73.778695,78.750741,-3.682231,2.246954,92.070146,2.407752,-2.515371,1.431378,5.297931,-14.124859,1.858404,4.132193,-5.277216,-15.789319,0.758818,-13.016323,5.869014,-0.889934,-1.387508,-2.160092,-7.975364,27.513508,-28.276090,-19.735468,-12.683105,-8.369704,24.875993,-5.608010,-22.136616,32.597050,-13.450055,19.057336,-4.347388,-0.742325
90.000000,0.277775,-73.765695,78.740633,-4.400877,2.363730,92.362756,1.918360,-2.693980,1.241041,4.614951,-13.763212,1.809668,3.619073,-5.411163,-15.949089,0.293137,-12.862804,6.029985,-0.938613,-1.646083,-3.069853,-8.469235,27.608127,-28.309847,-19.581585,-12.708007,-8.434140,24.877755,-4.716983,-22.352726,32.234852,-13.044525,18.645551,-4.449277,-0.993266
91.000000,0.299237,-73.714370,78.738117,-5.035422,2.458608,92.689432,1.556307,-2.843014,1.104530,3.898347,-13.353781,1.728059,3.083410,-5.559505,-16.247451,0.138588,-12.822134,6.159638,-1.017617,-1.913814,-3.800470,-9.093098,27.531087,-28.294129,-19.243498,-12.726592,-8.477072,24.729854,-3.980886,-22.543439,31.689253,-12.554783,17.683602,-4.396407,-0.619086
92.000000,0.333119,-73.676640,78.742307,-5.385614,2.463592,92.889958,1.436315,-2.884807,0.938310,3.298450,-12.962401,1.456794,2.658537,-5.583033,-16.302531,0.316390,-12.904539,6.038200,-1.054023,-2.122455,-4.128279,-9.737181,27.367769,-28.309908,-18.717377,-12.631084,-8.538273,24.879239,-3.458987,-22.574115,31.451853,-11.969499,18.235908,-4.486408,-1.045066
93.000000,0.380917,-73.595881,78.743654,-5.541130,2.487841,93.051295,1.413489,-2.909100,0.865101,3.071313,-12.857880,1.486616,2.411420,-5.648883,-16.477746,0.714409,-13.117644,5.818995,-1.240422,-2.317393,-4.144879,-10.067718,27.272744,-28.083363,-18.289216,-12.406745,-8.380019,24.916020,-3.220686,-22.672145,31.443718,-11.347903,18.379491,-4.231708,-1.030547
94.000000,0.454044,-73.469567,78.738678,-5.573415,2.529419,93.185812,1.362346,-2.938135,0.706026,3.271939,-12.987560,1.647301,2.260466,-5.732011,-16.655597,1.270068,-13.535041,5.532421,-1.486646,-2.512292,-3.994462,-10.042849,27.381846,-27.640587,-17.913295,-12.515400,-8.488468,25.034971,-3.306719,-22.755897,31.540994,-10.748417,18.288043,-4.205787,-1.019636
95.000000,0.525558,-73.373413,78.739548,-5.386677,2.589687,93.046264,1.411809,-2.924821,0.808199,3.783062,-13.342880,1.952440,2.169436,-5.812800,-16.481419,2.039566,-13.979413,5.186703,-1.483472,-2.645995,-3.564594,-9.738684,27.444030,-27.267387,-17.545171,-12.460733,-8.391838,25.374390,-3.553410,-22.634152,31.861422,-9.887794,18.518352,-4.456482,-1.202786
96.000000,0.607475,-73.234659,78.732657,-5.094151,2.640082,92.728669,1.543019,-2.857965,1.047982,4.512632,-13.826449,2.123576,2.226775,-5.835577,-16.293292,2.774475,-14.383653,4.945468,-1.408580,-2.669991,-2.935090,-9.069060,27.525691,-26.675406,-17.319668,-12.342446,-8.356265,25.510106,-3.975118,-22.278803,32.231946,-8.531972,18.359840,-4.430191,-0.744886
97.000000,0.723975,-73.105305,78.711081,-4.844467,2.640274,92.190403,1.552521,-2.670687,1.500935,5.456528,-14.372402,2.110693,2.181305,-5.733220,-15.877676,3.459486,-14.728135,4.641374,-1.196313,-2.658812,-2.369629,-8.161930,27.821783,-26.133467,-17.185084,-12.311688,-8.350291,25.876925,-5.031093,-22.307439,33.105862,-6.785439,18.354953,-4.520816,-0.934708
98.000000,0.831963,-72.966737,78.677946,-4.568410,2.625480,91.525553,1.599970,-2.434623,2.066659,6.459081,-14.970373,2.254918,2.087899,-5.612036,-15.230890,4.247731,-15.174114,4.317299,-0.808281,-2.521575,-1.829120,-7.103006,28.219917,-25.578548,-17.173949,-12.331920,-8.351113,26.025679,-5.559846,-21.977402,33.900517,-4.732226,17.275626,-4.992635,-1.356079
99.000000,0.913141,-72.874582,78.647298,-4.162428,2.612194,90.801976,1.731154,-2.218219,2.646516,7.518160,-15.622200,2.610025,2.024864,-5.512746,-14.426439,5.171647,-15.586008,4.066700,-0.242504,-2.316521,-0.978597,-6.347953,28.456926,-25.243220,-17.159587,-12.658690,-8.296469,26.067909,-5.936224,-21.340694,34.467901,-2.522290,16.473096,-4.889065,-1.460902
100.000000,1.030928,-72.701973,78.593773,-3.737319,2.583476,90.243024,1.937564,-1.974950,3.070170,8.565412,-16.285982,2.956728,2.175417,-5.387909,-13.970629,5.957768,-16.025753,3.834871,0.244322,-2.102962,-0.155175,-5.791366,28.682751,-25.103090,-17.233435,-13.137125,-8.193697,26.057180,-6.247189,-20.904882,34.990909,-0.234848,14.573008,-4.734977,-1.703089
101.000000,1.148124,-72.519875,78.538191,-3.260367,2.514399,89.863635,2.255615,-1.728652,3.334585,9.459051,-16.818518,3.211131,2.466969,-5.252846,-13.758842,6.711054,-16.488768,3.551422,0.714832,-1.812991,0.898225,-5.748609,28.742303,-25.172092,-17.309721,-13.581788,-8.122755,26.403073,-6.565172,-20.700915,35.512647,2.172126,10.800821,-4.924110,-3.115639
102.000000,1.239182,-72.339857,78.459883,-2.952602,2.424646,89.897815,2.321930,-1.510262,3.336804,10.404420,-17.813113,3.057346,2.629935,-5.152948,-13.777201,7.497912,-17.456109,3.624076,0.889012,-1.577343,1.882192,-6.267600,28.986121,-25.304978,-17.460165,-13.888536,-8.229995,25.831545,-6.677531,-20.388005,35.498122,4.478940,8.977768,-5.298505,-4.668409
103.000000,1.276460,-72.193718,78.355253,-2.936826,2.367082,90.421766,1.992633,-1.435893,2.942937,11.305291,-19.236934,2.314002,2.451539,-5.244167,-14.255147,8.466889,-18.966191,4.261791,0.835785,-1.527601,2.755764,-7.593593,29.422351,-25.599616,-17.481927,-14.045522,-8.831542,23.418395,-6.713887,-20.437222,34.994764,6.563464,7.940336,-5.785152,-5.946011
104.000000,1.283543,-72.040111,78.319383,-3.056844,2.365876,91.123466,1.683901,-1.522381,2.272954,11.704356,-19.336209,2.131057,2.416729,-5.413332,-14.938865,8.937257,-19.309892,4.279828,0.610676,-1.493919,3.178476,-8.909526,29.240047,-26.261490,-17.724063,-14.367364,-8.955080,22.854754,-5.970525,-20.552089,34.277137,8.124390,6.965290,-5.794860,-5.421991
105.000000,1.268337,-71.892768,78.321880,-3.487509,2.416262,92.088985,1.137229,-1.734749,1.468151,11.798150,-19.198600,1.962308,2.278000,-5.665891,-15.853759,9.001524,-19.420948,4.342205,0.367977,-1.610570,3.019413,-10.496710,28.808406,-27.304813,-18.184045,-15.154921,-9.040350,22.448957,-4.535500,-21.161178,33.108980,8.601570,6.137863,-5.854613,-5.175398
106.000000,1.232747,-71.702486,78.330350,-4.191136,2.470174,93.344804,0.505273,-2.058036,0.386804,11.423001,-18.802327,1.613116,2.156824,-5.927116,-16.988958,8.590254,-19.451962,4.472585,-0.148755,-1.828320,2.406339,-12.204643,28.155688,-28.356118,-18.785865,-15.961018,-9.011235,22.094532,-2.541692,-22.276874,31.705564,7.972022,5.783343,-6.166628,-5.249623
107.000000,1.202043,-71.445483,78.327513,-4.989347,2.534137,94.913703,0.001414,-2.416574,-0.792767,10.598604,-18.195441,1.125311,2.314383,-6.151841,-18.313431,7.618219,-19.450072,4.685314,-1.109690,-2.220536,1.460020,-13.816896,27.362139,-29.229211,-19.441094,-16.797583,-8.963561,21.624234,-0.094151,-23.626840,30.144142,6.751042,6.327767,-6.391881,-4.971155
108.000000,1.164443,-71.232325,78.347993,-5.735587,2.630454,96.263741,-0.234860,-2.774090,-1.639826,9.332484,-17.376993,0.605633,2.455092,-6.375337,-19.281107,6.620102,-19.301307,4.937010,-2.003518,-2.679634,0.649027,-15.471495,26.145445,-30.032174,-19.963828,-17.530324,-9.042644,21.262092,2.404327,-25.458716,28.527863,5.035498,7.142218,-6.453539,-4.215193
109.000000,1.167511,-71.062630,78.363532,-6.425119,2.811636,97.248670,-0.309790,-3.145624,-2.224791,7.951661,-16.409307,0.158057,2.409436,-6.626071,-19.664181,5.835307,-19.270568,5.256749,-2.686696,-3.291706,-0.118399,-17.112052,24.906387,-30.849485,-20.260078,-18.236407,-9.209655,20.951038,4.811022,-27.911775,27.227369,2.981437,6.990577,-6.690038,-4.089954
110.000000,1.161733,-70.466453,78.347057,-7.217664,2.788302,99.030385,-0.500689,-3.472601,-3.720857,7.049550,-15.802746,-0.364686,3.129354,-6.726357,-21.779581,4.481215,-18.976188,5.990046,-4.230619,-3.755094,-1.128037,-18.565120,23.502761,-31.776209,-20.301894,-19.006967,-8.814993,21.511344,7.475249,-30.503522,25.468088,0.645560,6.605136,-6.554445,-4.432526
111.000000,1.196337,-69.699621,78.278351,-8.105040,2.723762,101.036524,-0.920165,-3.839917,-5.589160,6.638882,-15.654158,-0.774831,3.846943,-6.810238,-24.463875,3.388153,-19.067018,6.765442,-6.130893,-4.141388,-2.143255,-19.915191,22.112871,-32.950571,-20.032106,-19.294496,-8.079790,22.131763,10.172560,-33.172893,23.197260,-2.088062,6.293273,-5.964220,-4.450962
112.000000,1.251214,-69.381839,78.237194,-8.377018,2.825364,101.561500,-0.772114,-4.006777,-6.008538,6.193227,-15.501526,-0.612916,4.085775,-6.873953,-24.801634,3.095396,-19.228466,6.928114,-6.805639,-4.554923,-2.592139,-21.206699,21.039554,-34.005002,-18.940386,-19.586862,-7.953998,21.526314,12.099598,-36.144005,21.850807,-4.237704,6.385009,-6.264243,-4.684742
113.000000,1.363735,-69.030362,78.195071,-8.583772,2.925303,101.806611,-0.710100,-4.060905,-6.163981,6.167960,-15.534292,-0.374602,4.123003,-6.960676,-25.023088,3.327836,-19.535285,6.919008,-7.431298,-4.932383,-2.891217,-22.389526,20.338878,-34.910545,-17.076048,-19.748037,-7.705077,20.971992,13.217207,-38.940141,20.536243,-5.633835,6.409778,-6.675779,-4.782061
114.000000,1.516344,-68.644232,78.165460,-8.509451,3.039988,101.859128,-0.627712,-4.044279,-6.185539,6.824489,-15.719366,-0.029076,4.328113,-6.999653,-25.134674,3.869439,-19.715751,6.853930,-7.985221,-5.219883,-2.857784,-23.354285,19.890592,-35.827272,-14.662261,-19.981809,-7.191838,20.373046,13.730986,-41.426200,19.338677,-6.576174,6.094170,-6.950907,-4.749174
115.000000,1.730387,-68.189758,78.130943,-8.117073,3.165148,101.513447,-0.322172,-3.854686,-5.852294,7.972094,-16.395883,0.125375,4.762496,-6.905146,-24.876302,4.576561,-19.857165,6.774912,-8.234252,-5.422246,-2.465216,-23.648893,19.178418,-36.921134,-11.402759,-20.116924,-6.804055,19.489591,13.630597,-43.379959,18.351192,-7.075136,5.530937,-7.183834,-5.267533
116.000000,1.991432,-67.685968,78.077161,-7.428399,3.223738,101.000854,-0.059109,-3.420988,-4.921399,9.941696,-17.506741,0.090516,5.476600,-6.629325,-24.562040,5.365029,-20.009473,6.539644,-8.413582,-5.439942,-1.886122,-23.682511,18.759473,-37.696818,-7.262795,-20.340729,-6.177392,18.357047,12.948440,-44.909665,17.543966,-7.168906,5.153955,-7.491025,-6.070943
117.000000,2.299358,-67.153120,78.025222,-6.521192,3.245340,100.157786,0.227534,-2.815537,-3.627330,12.531143,-18.499383,0.073457,6.370237,-6.236009,-24.148909,6.232916,-20.068154,6.219531,-8.520831,-5.325438,-1.121977,-23.328304,18.347775,-38.146647,-2.321850,-20.022355,-5.442079,17.499505,11.331085,-45.668694,17.422091,-6.665890,4.905679,-7.783368,-6.977443
118.000000,2.662810,-66.598099,78.003019,-5.671503,3.335920,98.954129,0.165769,-2.419181,-2.847097,15.956058,-18.784342,0.780974,7.082324,-5.860436,-23.344328,7.170067,-19.998273,5.726469,-8.532253,-5.236585,-0.251328,-22.676035,17.725765,-38.349774,3.469498,-19.305605,-4.735453,16.635827,8.444548,-45.701202,18.091761,-5.605029,4.485391,-7.934685,-7.954762
119.000000,3.108915,-66.044468,77.939224,-4.688595,3.271916,97.351345,-0.276008,-1.690130,-1.867618,20.476024,-19.317863,1.081313,7.783949,-5.287711,-22.354832,8.204824,-20.146536,5.100349,-8.661595,-5.093153,0.965055,-22.081267,17.187374,-37.755633,10.611699,-17.758879,-4.475274,15.933424,3.483412,-44.769004,19.670649,-3.672489,3.088846,-8.127397,-8.802641
120.000000,3.567034,-65.458250,77.883512,-3.658431,3.237700,95.531883,-0.836446,-1.136791,-1.304403,25.401981,-18.915808,1.242142,8.610506,-4.744094,-21.299527,9.117920,-20.108943,4.362269,-8.839651,-4.953739,2.168313,-20.197709,16.688218,-36.856841,16.592370,-16.885522,-4.095987,17.442006,-1.554717,-42.700236,21.540103,-2.235347,1.728867,-8.040673,-10.237581
121.000000,3.976752,-64.885211,77.823341,-2.858296,3.304173,93.891238,-2.392136,-1.159552,-1.576588,31.500614,-17.604058,1.635437,9.307620,-4.450458,-20.519879,9.994086,-20.022006,3.401319,-9.361239,-5.065019,3.204476,-17.285657,17.198684,-35.447555,20.295398,-16.591347,-3.953045,18.479316,-6.631090,-39.209684,23.230887,-1.417348,1.700927,-7.706823,-10.877090
122.000000,4.400548,-64.385587,77.730912,-1.987514,3.394324,92.114682,-4.401799,-1.379952,-1.919594,38.268532,-15.606738,1.821480,9.898477,-4.249748,-19.428941,11.135248,-20.303186,1.983066,-9.803371,-5.374720,4.314577,-13.006255,18.731227,-33.185584,20.839556,-17.683346,-4.143900,19.896447,-11.292669,-34.548401,24.583289,-1.581227,2.205643,-7.385383,-11.292962
123.000000,4.832709,-63.695174,77.591324,-1.756565,3.443942,90.293491,-7.058938,-1.254820,-1.576195,44.544947,-14.430284,2.253977,9.877103,-4.031198,-18.143052,12.258787,-20.633877,0.705830,-9.847466,-5.648525,4.846844,-7.829744,21.219159,-30.326378,18.672286,-19.220670,-4.836909,20.158289,-15.277079,-29.396977,25.586297,-2.408586,2.483900,-7.394627,-11.507014
124.000000,5.297381,-63.148779,77.461648,-0.959271,3.618745,88.152359,-8.954661,-0.169314,0.275083,48.858177,-15.968796,2.729597,10.047566,-3.999296,-16.404036,13.887842,-20.981619,0.002523,-8.766306,-6.187632,6.124953,-2.856150,24.596573,-27.574249,15.045266,-20.228734,-5.712841,20.283217,-18.467921,-24.282065,26.315583,-3.672045,2.670178,-7.585442,-11.893181
125.000000,5.593930,-62.542772,77.383620,-0.564706,3.595986,86.337853,-11.239663,1.039003,1.658247,50.912568,-17.737069,3.540239,10.136793,-3.936387,-15.285332,15.049494,-20.853846,-0.275985,-6.940401,-6.288130,7.057503,1.664634,27.907612,-25.306216,11.039741,-19.739100,-6.261694,20.546428,-20.554799,-20.071127,26.815340,-5.058885,1.924567,-7.265943,-11.317328
126.000000,5.611081,-61.967832,77.322739,-0.745652,3.441880,85.178806,-14.224758,1.813866,2.253455,50.724656,-19.376975,3.697391,9.881382,-3.932880,-14.792610,15.879575,-20.839184,-0.349049,-4.850502,-5.993063,7.313797,5.407767,31.227078,-23.656557,7.127199,-18.925344,-6.863865,20.557698,-21.749991,-16.823311,27.399777,-6.381804,2.134039,-7.750307,-10.973003
127.000000,5.520539,-61.250043,77.359772,-0.924268,3.316478,84.134461,-16.454566,2.675403,3.219449,47.808090,-20.940202,3.596901,9.891098,-3.901396,-13.807326,16.200234,-20.098494,-0.071615,-2.057373,-5.606849,7.510171,8.309051,34.045935,-22.410780,3.326074,-18.067652,-7.008938,20.866236,-22.007889,-14.787624,28.243097,-7.371984,1.749821,-7.963561,-9.850249
128.000000,5.208879,-60.474986,77.447200,-1.108172,3.215025,83.937856,-18.246051,2.645343,3.473201,43.164682,-21.798322,3.073832,10.205080,-4.020462,-13.174472,16.150256,-18.921779,0.438547,0.363936,-5.036587,7.372319,10.329962,35.956947,-21.982076,-0.023323,-18.102778,-7.417954,21.192661,-21.202816,-14.075197,29.740713,-8.046407,1.609407,-8.202051,-8.844638
129.000000,4.669866,-59.504986,77.549493,-1.565828,2.949189,84.216079,-19.389727,1.330568,2.096565,37.557076,-21.018201,0.984301,10.369392,-4.006040,-12.482108,16.233915,-17.306704,1.021729,2.499383,-4.354894,7.012256,11.340892,37.460179,-21.992118,-3.818068,-19.423340,-7.597623,22.916514,-20.144407,-14.141413,31.353761,-8.024986,1.651830,-8.286373,-7.778950
130.000000,3.950516,-58.382237,77.697027,-1.481401,2.566988,84.444965,-18.799247,-0.622826,0.166760,32.348319,-18.010208,-1.204036,10.795158,-4.128763,-11.623383,17.215862,-15.137099,1.438636,4.684543,-3.511290,7.124790,11.255459,38.487375,-22.183869,-7.720486,-20.334616,-7.897334,23.688862,-18.487715,-14.935786,32.887651,-7.571792,1.541655,-8.232634,-6.579453
131.000000,3.011013,-57.134008,77.826875,-1.840430,2.278216,86.394309,-18.190751,-1.295008,1.417515,30.010547,-14.879190,-0.224846,10.391484,-4.870830,-13.044986,19.978175,-12.868843,1.365005,5.201233,-2.831223,6.618945,9.843933,38.927068,-22.744204,-11.301770,-21.074598,-7.723534,24.228692,-16.370213,-16.399921,33.670609,-6.844807,1.424828,-8.218104,-4.905780
132.000000,2.307460,-55.683720,77.997583,-2.138699,1.833636,87.845110,-16.254421,-1.617038,2.073349,27.861902,-15.024874,1.366301,8.969675,-5.549792,-14.101956,25.020303,-9.543406,0.630904,5.719956,-2.091722,5.917396,7.707295,38.324769,-23.166369,-14.575883,-22.263065,-7.424796,24.257010,-13.602052,-17.990249,33.928015,-6.072627,1.083627,-8.482344,-3.564243
133.000000,1.372910,-54.406112,78.107440,-2.178300,1.399824,89.355752,-13.634934,-2.425830,1.429649,24.380230,-15.876722,2.707605,6.258994,-7.016733,-15.630393,32.582608,-5.560947,-0.020897,5.704745,-1.420283,5.328079,5.047686,36.648825,-23.821053,-17.036758,-22.735760,-7.163829,23.625220,-10.163187,-19.748003,33.611617,-5.361987,0.647402,-8.461600,-2.461019
134.000000,0.318148,-53.425515,78.234184,-3.083507,2.011086,91.651913,-12.633844,-4.902586,-0.145082,21.250382,-14.596927,4.151158,0.767346,-11.141045,-17.972418,43.403957,-1.004583,-0.660691,4.707526,-2.267582,4.264792,1.486408,34.382896,-25.084732,-18.447438,-22.088765,-7.621169,22.827491,-6.683528,-21.230161,32.456192,-4.424329,-0.126434,-8.359499,-1.397348
135.000000,-0.565587,-52.579725,78.210443,-5.209468,3.195039,94.270076,-13.751180,-8.056999,-1.844463,19.641295,-13.189641,4.406439,-7.429444,-16.110133,-18.104325,55.594574,1.001043,-1.809211,2.946769,-4.162500,2.131844,-2.562009,31.934454,-26.443120,-18.731700,-20.990194,-8.072127,22.682064,-2.894308,-22.600801,30.641158,-3.817222,-0.385879,-8.218240,-0.955282
136.000000,-1.266031,-51.684070,78.078413,-6.659222,3.442841,96.924134,-14.451055,-10.071332,-3.548161,19.148288,-13.334201,5.236547,-13.772479,-19.423337,-18.337892,64.063773,-2.918015,-2.749637,0.626772,-5.114938,0.622820,-6.378308,29.399890,-27.591714,-18.530296,-20.334810,-8.066742,23.553600,0.934709,-24.322522,28.650547,-3.993923,0.473899,-8.116713,-1.225215
137.000000,-1.742462,-50.707012,78.031689,-7.267471,3.234319,99.055039,-14.146300,-11.170073,-5.216317,18.824440,-13.803006,6.337159,-17.921860,-21.735212,-19.604892,67.135603,-10.503280,-3.864305,-1.753945,-5.481428,-0.326574,-9.517692,26.735240,-28.730784,-17.598324,-19.537778,-8.013703,24.189410,4.288444,-26.142091,27.145475,-4.201135,0.963932,-8.501653,-2.392642
138.000000,-2.014982,-49.696535,77.952737,-7.715268,3.254493,100.810399,-13.665942,-12.167225,-6.808426,18.750293,-14.484444,6.954721,-21.390903,-23.019674,-20.409375,66.432339,-15.042952,-3.556151,-4.200153,-5.819560,-1.057702,-12.424833,24.126528,-29.989923,-15.590965,-18.941602,-7.632315,23.454381,6.633036,-28.319542,26.080454,-4.710779,1.415603,-8.817984,-2.660838
139.000000,-2.088416,-48.624411,77.810174,-7.739582,3.143042,102.344908,-13.162869,-12.612741,-7.900762,19.578244,-15.643619,6.302131,-23.331308,-22.929893,-21.364780,62.396298,-18.724067,-2.397737,-6.916194,-5.688995,-1.564529,-14.148684,21.639016,-30.875245,-12.805853,-18.492626,-7.434206,22.917137,7.891463,-30.973631,25.177769,-5.576997,1.646522,-9.015814,-2.755201
140.000000,-2.046110,-47.421300,77.617520,-7.401429,3.141301,103.851868,-12.310501,-13.065010,-9.237696,20.832695,-17.022071,5.660477,-23.616421,-21.486341,-21.500908,56.347589,-19.739575,-0.241377,-9.918958,-5.412459,-1.833843,-14.754500,19.764918,-31.377151,-9.786138,-18.289730,-7.168742,22.355134,8.363861,-33.619301,24.541466,-6.758331,2.308944,-8.990590,-2.854441
141.000000,-1.858986,-46.166080,77.426374,-6.817417,3.422947,104.418299,-11.042824,-13.231574,-9.822953,22.022372,-18.314985,5.851129,-22.896109,-19.004576,-19.814667,50.685379,-17.772909,2.184888,-12.168067,-5.484352,-1.926180,-13.926807,18.672851,-31.874232,-7.707774,-18.012735,-6.768119,22.028670,7.954211,-35.264267,24.420534,-7.885354,3.061443,-8.995758,-3.460400
142.000000,-1.627519,-44.927317,77.256125,-6.065293,3.704423,103.657766,-9.957430,-12.720509,-8.624830,23.763579,-19.521079,6.296731,-20.859579,-17.249487,-18.682295,47.939998,-16.517096,2.646455,-13.362929,-5.616056,-1.372030,-12.916731,18.575575,-31.902359,-6.058383,-17.908667,-6.753976,21.556485,5.714774,-36.056664,24.639643,-8.946951,3.254124,-9.045231,-4.280103
143.000000,-1.305443,-43.515527,77.186912,-5.038432,3.704214,102.667599,-8.708647,-11.631720,-6.912623,26.001441,-20.422406,5.834141,-16.643474,-15.682717,-19.534623,44.420309,-18.468137,2.815642,-14.044395,-5.464895,-0.691650,-10.903857,19.532949,-31.422125,-5.525746,-17.934518,-6.757567,21.513119,3.052123,-35.783767,24.629024,-9.990778,2.927495,-9.216245,-5.591807
144.000000,-0.888794,-42.089000,77.351111,-3.762076,3.632726,101.316349,-8.006892,-10.363987,-4.779669,29.957585,-19.232401,5.342620,-11.293648,-13.676463,-21.123337,38.829076,-20.151674,1.749346,-13.985917,-5.206516,0.497171,-8.251541,21.183125,-30.166142,-5.773447,-17.342673,-6.709296,21.445455,0.031548,-34.531329,24.275404,-11.008792,2.498756,-9.180191,-6.357641
145.000000,-0.288622,-40.976623,77.704865,-2.138161,3.182762,99.197825,-9.030212,-8.685463,-2.758827,36.991867,-15.995430,3.620522,-5.902997,-10.754058,-22.337452,32.267661,-20.337488,0.561293,-12.914309,-4.722330,2.557642,-5.089076,23.373022,-28.346279,-6.517319,-16.838165,-6.655564,21.629922,-3.801904,-32.212214,24.110694,-11.587040,1.953865,-9.236151,-7.458059
146.000000,0.409711,-40.227562,78.061134,-0.224519,2.961080,96.382572,-10.413269,-7.173072,-1.119560,43.777978,-12.461264,1.470001,-1.413299,-8.068177,-21.840553,26.878196,-19.523413,-0.569220,-10.773496,-4.250345,5.176839,-1.481869,24.944645,-26.252653,-7.325460,-17.102780,-6.368112,22.941130,-7.283953,-29.490424,24.121653,-12.240192,1.068224,-9.278603,-9.010589
147.000000,1.028169,-39.308289,78.352475,0.086919,2.611870,93.817223,-12.636004,-4.216674,1.732818,46.975610,-13.373560,0.602196,1.116710,-5.818758,-20.681893,22.147264,-18.437220,-1.018724,-8.430675,-3.616139,6.253176,2.286227,26.532181,-24.349505,-8.506157,-17.826102,-6.321579,23.595845,-10.568985,-26.323361,24.384009,-12.982114,0.533264,-9.062409,-10.320920
148.000000,1.469812,-38.512525,78.662807,-0.473976,2.863739,91.950217,-14.523786,-2.232252,4.005619,44.678655,-15.433040,1.539310,2.379726,-4.897999,-19.697760,18.485062,-16.977718,-0.180237,-6.460103,-3.521524,5.958695,6.215148,28.199544,-22.972277,-9.129461,-17.798242,-6.831803,23.606935,-13.063512,-23.356300,24.985129,-13.941609,0.233871,-9.180581,-11.411735
149.000000,1.758804,-37.716338,78.974396,-1.335503,2.852804,89.709497,-15.450938,-1.438313,4.295424,38.232363,-16.766672,1.706686,3.247355,-3.759794,-18.313161,14.705049,-14.867367,0.723321,-4.104810,-3.221804,5.267176,10.014472,30.167631,-21.233836,-9.776961,-17.134651,-7.294981,24.682024,-15.583724,-20.420982,26.216329,-14.527409,0.211485,-9.245359,-12.101769
150.000000,1.905627,-36.826289,79.245722,-1.886205,2.650937,87.871588,-14.858458,-1.030699,3.813136,29.511273,-16.679908,0.463718,4.812097,-2.599877,-17.276397,10.639764,-12.406292,1.904904,-1.904121,-2.734403,4.909178,13.449273,32.428109,-19.415479,-10.397296,-16.263461,-7.527985,25.452975,-17.816021,-17.913194,27.626064,-14.876289,0.200295,-9.367472,-12.329113
151.000000,1.913486,-35.829398,79.447049,-2.223702,2.263228,86.552749,-13.254457,-0.214050,4.123065,21.214248,-13.660126,-1.032971,6.759717,-1.502765,-16.724715,6.847172,-9.856936,2.874849,0.036048,-2.123793,4.768176,16.213576,34.704256,-17.703717,-11.358261,-16.154261,-7.866055,25.044857,-19.775303,-16.041852,29.196135,-15.167637,0.533717,-9.496842,-11.928778
152.000000,1.689290,-34.921038,79.573345,-2.592721,1.722394,86.300563,-11.627195,0.634380,5.573428,15.584617,-9.065202,-1.761070,8.527047,-0.639604,-17.147410,3.810633,-7.348370,3.579867,1.135623,-1.179106,4.520101,18.180432,36.730988,-16.351205,-12.708650,-16.837140,-8.246394,25.493189,-21.224656,-14.994099,30.906562,-15.546166,0.730183,-9.319129,-11.547103
153.000000,1.366283,-33.935818,79.595935,-3.181734,1.640932,86.549911,-9.885198,0.421856,6.877510,12.583907,-8.824019,-1.963754,9.475664,-0.568855,-17.449982,2.095330,-6.053998,4.554257,1.904579,-0.601699,3.310925,19.863134,38.626315,-15.618525,-14.280618,-16.718754,-8.672474,25.262314,-21.288346,-14.541541,32.752533,-16.160666,1.255803,-9.503279,-10.506311
154.000000,0.954006,-33.059657,79.553163,-4.014902,0.941471,87.307816,-8.903164,0.736484,7.262707,10.217742,-9.736243,-2.685260,9.961059,0.134260,-17.510512,0.690034,-5.085830,4.814293,2.108311,0.532710,2.513527,19.848062,40.656834,-14.380982,-16.007718,-16.735540,-8.790342,24.326414,-22.423810,-14.759079,34.167055,-16.066080,2.896352,-9.794700,-8.574154
155.000000,0.411915,-32.291767,79.528326,-4.965922,0.859271,88.661397,-8.676945,-0.005446,6.132163,8.373699,-9.081950,-3.089427,9.258082,-0.424943,-17.996650,1.649305,-5.637823,4.645116,1.929764,0.919662,1.245680,19.112681,42.356086,-13.945394,-17.701627,-17.176522,-8.597264,24.432881,-22.570379,-15.275363,35.533260,-15.310050,4.341846,-9.867252,-6.833754
156.000000,-0.201012,-31.467667,79.487127,-5.708191,0.979245,90.156187,-8.326934,-1.123716,5.038340,6.910799,-8.685699,-3.383243,8.102472,-1.550704,-18.760231,4.380861,-7.070984,3.747185,1.701057,0.869418,0.093501,17.620647,43.534786,-14.334704,-19.196216,-17.159894,-8.580616,24.764422,-21.849005,-15.687947,36.840186,-13.342421,4.777274,-9.757227,-5.353932
157.000000,-0.841529,-30.673012,79.478967,-6.081309,0.789914,91.958885,-8.123579,-2.044010,3.641265,6.618154,-9.023471,-2.968469,7.001197,-2.515259,-20.041281,8.046372,-8.319368,2.244729,1.213964,0.949451,-0.670327,14.968317,43.804479,-15.766930,-20.367325,-17.424583,-8.754358,24.862163,-20.356858,-15.679141,38.128220,-9.783814,4.623227,-9.493130,-4.395475
158.000000,-1.509903,-30.179903,79.517817,-5.370870,0.323016,93.159433,-7.263526,-2.315502,3.069552,7.142364,-9.987885,-2.244480,6.115149,-3.519505,-21.455847,13.352383,-9.613312,0.371647,1.281364,1.520205,0.277149,10.218918,42.637910,-18.303396,-20.669257,-18.314230,-9.111352,24.738622,-19.070436,-15.637216,39.335104,-4.626906,3.352936,-9.574595,-4.746774
159.000000,-2.080875,-30.370426,79.528379,-2.963375,0.046869,92.257928,-4.764293,-1.881902,4.584606,7.674793,-11.167441,-2.367491,4.623466,-5.017234,-21.021604,21.980792,-10.798061,-1.531330,3.420311,2.075033,3.109421,4.300021,40.537173,-21.167461,-20.471834,-19.369177,-9.552524,24.159653,-17.827424,-16.168106,39.912972,0.974495,2.585255,-9.602218,-5.360937
160.000000,-2.595167,-30.792400,79.369164,-1.252442,0.145213,90.896033,-3.667983,-1.864831,5.925815,9.255186,-12.028407,-1.866941,0.755249,-7.336917,-19.994016,32.980026,-11.722818,-3.602160,5.985323,2.004059,5.631874,-2.540384,38.101585,-23.815934,-20.034628,-20.845256,-9.976482,23.937609,-16.650381,-17.037552,39.732221,6.223193,2.988587,-9.234621,-6.197379
161.000000,-2.966787,-30.513525,78.957003,-0.975248,0.840185,91.020827,-4.275306,-2.887485,5.929131,11.606211,-13.467180,-1.123036,-3.564697,-10.175300,-19.727927,43.008028,-14.039238,-5.168663,7.388005,0.930325,6.574286,-9.499167,34.612766,-26.869046,-19.210747,-22.075586,-9.613848,23.389672,-13.886965,-17.543286,37.797782,10.317891,1.022462,-8.288990,-5.987396
162.000000,-3.187189,-29.889187,78.475130,-0.411388,1.425600,92.063291,-4.951533,-3.833645,5.359915,15.154216,-15.502641,-0.560442,-6.011461,-12.057504,-19.798830,49.963681,-16.640820,-5.871544,7.537108,-0.219406,7.437804,-14.784400,30.549657,-29.260547,-18.855374,-23.201120,-9.224807,23.245343,-9.976286,-18.230332,35.835612,12.122821,0.946470,-8.381673,-7.417053
163.000000,-3.327608,-29.277885,77.922082,0.095863,1.938628,93.213249,-5.911089,-4.668274,4.845331,19.227148,-17.875886,0.210528,-8.097811,-14.360005,-20.467852,55.649571,-18.655246,-6.217424,7.028925,-1.359334,8.452036,-19.682262,26.217379,-30.940378,-17.833363,-23.425756,-8.966731,22.555668,-6.088717,-20.468468,33.767291,11.916532,0.407225,-8.535310,-7.663533
164.000000,-3.356177,-28.650868,77.393585,0.387638,2.297559,94.017772,-6.773632,-5.185156,4.557785,22.774185,-19.983902,1.557919,-10.247695,-16.979142,-20.849832,60.154309,-20.481613,-6.801819,5.810123,-2.528507,9.300688,-23.022889,21.454813,-31.860941,-16.211194,-22.642374,-8.786270,22.483564,-2.464076,-23.292847,31.937681,10.195795,1.998162,-9.190160,-6.518717
165.000000,-3.230473,-27.972803,76.989037,0.702542,2.533279,94.378359,-7.073197,-5.383043,4.340410,25.345842,-21.677482,2.678209,-12.056898,-19.218633,-20.176148,62.696075,-21.819143,-6.873553,4.034302,-3.729675,9.842411,-24.755894,17.572823,-32.206384,-14.566055,-22.433999,-8.598813,22.529294,0.626882,-26.614541,30.941980,7.807932,3.527347,-9.453874,-5.697777
166.000000,-3.055357,-27.343732,76.688135,0.882166,2.654769,94.163739,-7.185023,-5.324379,4.350423,27.248842,-23.032407,3.328248,-13.886700,-21.802862,-18.678582,63.823473,-22.422860,-7.116737,1.986195,-4.575878,9.942843,-25.552001,13.898117,-32.670437,-12.314085,-21.790323,-7.503028,22.193576,3.440801,-30.285055,29.779509,4.212041,3.234461,-9.193418,-7.364471
167.000000,-2.610945,-26.593229,76.463300,1.150765,2.211765,93.437330,-7.187368,-4.209723,4.627156,29.404241,-24.533479,3.850426,-14.855168,-23.394854,-16.735118,63.133781,-22.925938,-7.421551,-0.027600,-5.010113,10.079164,-25.303310,12.797189,-32.506817,-10.514847,-21.170166,-7.317340,22.999197,4.429661,-34.104453,28.838189,0.979215,4.011983,-9.648809,-6.710696
168.000000,-1.992272,-25.817168,76.276678,1.362748,1.512169,92.575021,-7.296060,-2.664450,4.804501,31.760537,-25.893444,4.204030,-15.262896,-24.223165,-14.166196,61.160690,-22.450663,-7.176753,-2.021586,-4.814069,9.981427,-24.413053,13.082179,-32.180812,-8.992950,-20.582000,-6.889993,23.695255,4.758011,-37.855586,27.532785,-2.595323,5.410652,-9.966711,-6.487898
169.000000,-1.173403,-24.969994,76.112562,1.594372,0.781861,91.766406,-7.177353,-0.927494,4.835245,33.892181,-27.180577,4.359549,-14.575781,-24.127589,-11.286233,57.400643,-21.838133,-5.902833,-3.858771,-4.449042,9.879769,-22.809442,14.473017,-31.860903,-7.725122,-20.415065,-6.807508,23.513169,4.250497,-41.014319,26.036756,-6.237043,6.523563,-10.149829,-7.046458
170.000000,-0.135854,-23.958577,75.975269,1.807394,0.114328,90.980204,-6.748437,0.902767,4.815022,35.690860,-28.242402,4.386715,-12.337344,-23.323245,-8.664808,51.075328,-19.367456,-4.257382,-5.533545,-4.046224,9.788357,-20.336900,16.563164,-31.431984,-6.678883,-19.265517,-6.621074,23.563919,2.738578,-43.035362,25.147042,-9.581723,6.850705,-10.462070,-7.870868
171.000000,1.105708,-23.114274,75.745118,1.826507,-0.061037,90.081296,-6.762257,2.253666,4.726859,37.759854,-28.838589,4.385180,-9.438533,-20.796521,-3.648610,43.342335,-15.836941,-0.325640,-6.683548,-4.125859,9.379065,-16.752400,18.972609,-30.655299,-5.800169,-17.420932,-6.545140,23.398029,0.315099,-43.551100,24.733469,-12.650577,7.040436,-10.625328,-8.897307
172.000000,2.459606,-22.259377,75.510150,1.347769,-0.020838,89.487456,-8.345894,3.264355,3.986108,41.635775,-28.050149,4.402022,-6.136676,-18.470273,0.042148,37.771240,-17.091874,4.125534,-7.971038,-4.557275,8.299926,-12.008132,21.828357,-29.331967,-5.268774,-16.365499,-6.549744,23.873396,-2.982325,-42.487533,24.600499,-15.256144,7.245895,-10.812797,-9.877405
173.000000,3.779117,-21.146134,75.372642,0.244943,-0.097961,89.148994,-12.185028,4.041026,2.304936,48.490986,-24.361326,3.552497,-3.188300,-17.914034,-2.684596,32.129172,-19.384149,4.797903,-9.292087,-4.676730,6.521436,-6.396298,24.766481,-27.009742,-4.856883,-15.861050,-6.115122,23.881958,-6.668662,-40.190459,24.703993,-17.196354,6.859776,-10.975548,-10.827316
174.000000,5.008828,-20.001937,75.379825,-0.450793,-0.446661,88.097351,-16.479752,4.462984,-0.018915,56.383239,-18.956384,2.072115,-0.408734,-17.548820,-8.279200,27.931510,-21.597178,2.920738,-9.046244,-4.396485,5.494143,-0.721548,27.543959,-24.464051,-4.238069,-15.781801,-5.831783,24.164446,-10.017722,-36.982787,24.425451,-18.644557,6.436655,-10.985799,-11.697333
175.000000,5.911440,-19.116783,75.328737,-1.096073,-0.345796,87.003176,-20.743582,4.419660,-1.398575,63.269265,-16.454392,0.620648,0.921228,-17.148387,-10.457157,25.302311,-23.201966,1.658346,-7.906968,-4.367704,5.087800,4.273090,29.776152,-21.860435,-4.095332,-15.994076,-5.467477,24.752935,-13.058219,-33.070058,24.184061,-19.701684,5.500332,-10.594493,-12.449577
176.000000,6.683260,-17.851615,75.283641,-2.094463,-0.055614,86.107718,-23.921402,5.912365,-0.934845,66.115521,-18.228293,1.233543,1.444351,-16.473522,-9.465679,23.326162,-24.110780,1.396310,-5.859764,-4.487381,4.069282,8.939491,31.616112,-19.968248,-4.211719,-17.181578,-5.392535,25.612612,-15.133177,-28.953903,24.261216,-20.294541,4.196618,-10.593930,-13.177724
177.000000,6.950640,-16.839971,75.197864,-3.187859,0.168798,86.114539,-27.150372,6.537361,-1.232246,65.083855,-20.913045,3.379759,1.635836,-16.412869,-9.621018,22.237554,-24.400438,1.622648,-4.390652,-4.052390,2.772695,12.918937,32.515969,-18.789509,-4.223255,-17.975612,-5.283933,26.714118,-16.713934,-25.561718,25.000683,-20.093196,3.614070,-10.302591,-14.000015
178.000000,6.486319,-16.325483,75.006813,-4.763433,1.080171,85.728017,-30.701526,5.485623,-0.989368,61.608880,-22.120582,4.689575,-0.511515,-18.076336,-9.796293,23.436988,-24.939532,2.148800,-2.798709,-4.117138,1.333121,15.721615,33.277867,-17.289944,-4.445738,-18.401196,-5.453566,26.560019,-19.281960,-22.325295,26.536248,-18.050648,3.326341,-9.836665,-14.157069
179.000000,6.023243,-15.317485,74.980897,-5.856208,1.951007,85.460362,-31.812702,4.154966,-0.887286,56.131850,-21.393558,4.036634,-1.255100,-19.429180,-9.568619,23.562976,-24.493695,2.180163,-0.933397,-4.382549,0.106091,17.618980,34.139044,-16.403804,-4.949592,-19.091957,-5.925535,26.290580,-20.467388,-19.827177,27.944870,-15.602493,2.469508,-9.567790,-13.779926
180.000000,5.250324,-14.479324,75.014609,-5.079666,2.007253,84.254221,-29.568476,3.955904,-0.169542,50.751488,-19.555704,2.962311,-0.875131,-19.965517,-7.855132,24.479302,-23.149787,1.952469,1.909351,-3.705661,1.096251,18.210517,34.423727,-15.950151,-5.806016,-19.741535,-6.392863,25.572367,-20.792271,-17.786680,29.923175,-12.788017,1.691457,-9.460891,-13.410203
181.000000,4.212734,-13.436733,75.125700,-3.584187,1.471922,83.665158,-25.285442,4.400819,1.634823,47.962862,-21.289445,3.803129,0.609132,-20.234205,-6.901731,25.835293,-21.350488,1.464349,4.210779,-2.237794,2.862355,17.376669,34.247665,-16.114378,-6.902721,-20.080587,-6.334343,25.725991,-20.291505,-16.407774,31.613934,-9.866660,1.791760,-9.220372,-12.892799
182.000000,2.826758,-12.620491,75.326198,-3.969219,0.707816,85.210126,-23.166962,4.006641,2.655934,44.224614,-23.890987,5.614398,-0.476656,-20.832890,-8.223396,29.696512,-19.002879,-0.511987,4.407815,-0.446081,2.396704,15.132250,33.412572,-17.457846,-7.724273,-19.733885,-6.227333,25.222191,-18.966228,-16.013568,32.801560,-7.263636,1.679615,-9.432379,-12.265281
183.000000,-0.042624,-11.671798,75.229955,-11.753143,1.095889,93.663720,-31.357832,-3.606999,-1.238063,41.074261,-21.868160,10.524983,-8.071777,-27.217266,-17.055790,37.028501,-15.480183,-1.559907,-1.786381,-0.600032,-5.133698,9.915884,33.337508,-20.220512,-8.085462,-20.858426,-5.659834,26.508186,-17.940544,-17.291088,32.712525,-4.904320,3.088749,-9.748847,-11.507020
184.000000,-1.476013,-11.023010,75.794357,-14.835056,1.961744,95.661801,-32.320513,-6.619187,-0.984429,36.359453,-18.423781,10.109894,-14.883045,-32.383969,-19.988291,45.437833,-13.055346,-3.638426,-2.927945,-1.541201,-8.025916,5.562805,32.523872,-22.009590,-8.692682,-20.934943,-5.341862,26.280119,-15.250409,-17.470437,33.795247,-3.282128,3.564622,-9.427430,-9.473388
185.000000,-2.361891,-10.216184,76.540023,-15.034071,2.171675,96.742539,-29.637372,-7.795554,-1.138554,31.752071,-16.352236,7.468732,-18.101041,-32.296799,-20.408629,49.538952,-13.948232,-3.644230,-3.082196,-1.977063,-8.261231,1.922181,31.365543,-24.133215,-10.399258,-20.291271,-5.520264,26.568744,-11.080782,-17.834350,34.063437,-3.099199,3.560760,-9.207837,-7.403110
186.000000,-3.023819,-9.629667,77.329600,-13.738878,2.263720,97.646971,-24.565634,-8.571587,-1.966710,25.640296,-14.899231,6.085479,-19.909184,-28.443785,-19.061765,49.848694,-17.089506,-1.997014,-3.100088,-2.060546,-6.791440,-2.327387,29.948535,-26.593412,-12.513805,-19.604595,-5.840543,25.770434,-6.547124,-19.002121,33.874139,-4.270023,4.184533,-9.239153,-6.202846
187.000000,-3.555928,-9.459466,78.216392,-10.267184,2.390964,95.858269,-17.246854,-7.555293,-0.650829,19.526787,-13.479580,4.951252,-19.215038,-24.574561,-19.992893,46.655820,-18.693512,-1.445802,-1.360201,-1.588530,-2.815918,-6.708809,27.828863,-28.634694,-14.251217,-18.535820,-6.430053,24.762330,-3.081303,-20.956839,34.032954,-5.751675,4.865615,-9.245148,-6.031971
188.000000,-3.994014,-9.336632,79.014933,-6.476248,1.606968,94.976063,-10.295994,-5.980080,0.533397,14.494435,-11.917061,3.152483,-15.445943,-19.837557,-23.456174,38.463872,-18.382530,0.148289,-0.745421,-0.045499,1.257537,-10.769660,25.427309,-30.424890,-15.848624,-18.069822,-7.117123,24.527745,-0.109679,-24.056949,33.380121,-7.610759,5.503740,-9.640933,-6.108100
189.000000,-4.270107,-9.075790,79.516703,-3.377802,0.879184,95.507371,-4.562057,-4.905773,0.943936,10.303305,-10.467740,0.304430,-10.931918,-14.257990,-25.521246,26.524534,-15.415486,3.747877,-1.846958,1.211611,4.364434,-14.107352,23.348746,-31.524144,-17.587358,-17.306185,-7.798396,23.452225,2.542105,-27.674041,32.111014,-9.891614,6.142293,-10.028562,-6.414118
190.000000,-4.399347,-8.336645,79.583442,-2.261014,1.282405,97.771357,-1.093992,-5.639865,-0.257243,6.846176,-9.269138,-2.006668,-8.451564,-10.142717,-24.010830,15.478761,-11.484978,8.445280,-4.423534,0.599355,5.200341,-16.937635,21.801240,-32.806587,-19.440942,-17.222662,-8.223444,22.632291,4.946863,-31.190281,30.264203,-12.487748,7.364744,-9.950681,-6.115698
191.000000,-4.469432,-7.526562,79.509318,-1.715831,1.828871,99.872083,1.524068,-6.348457,-1.305916,4.053186,-8.395692,-3.525828,-6.789862,-7.692518,-21.420913,7.898214,-6.329370,11.270239,-7.037652,-0.413611,4.909255,-18.632674,20.467471,-34.088586,-21.339205,-17.113300,-8.561592,22.105596,7.484450,-33.972746,28.795685,-14.953294,8.309378,-10.016670,-5.907939
192.000000,-4.488761,-6.829156,79.481429,-1.282767,1.775544,100.131916,3.850517,-5.937826,-0.934192,1.553078,-8.049186,-4.858084,-4.329700,-7.245528,-25.311616,4.276873,-3.327553,9.535002,-8.035894,-0.808759,4.717572,-20.387795,19.242745,-34.876643,-22.738417,-17.353144,-8.983596,21.865305,9.032010,-37.293782,27.178340,-17.697799,9.239471,-10.038105,-5.313664
193.000000,-4.524448,-6.100386,79.344481,-1.185062,1.749655,100.781020,5.611117,-5.692266,-1.549404,-0.535287,-8.246241,-6.046836,-2.185414,-6.542727,-26.084211,2.298296,-4.882341,9.648929,-9.127756,-1.280336,4.093200,-21.987569,18.207133,-35.404067,-23.535182,-17.511341,-9.199918,20.972108,10.380598,-40.713139,25.119740,-20.261570,9.920868,-10.170884,-4.882413
194.000000,-4.501945,-5.488575,79.145050,-1.478037,1.798940,101.101045,6.428329,-5.558524,-2.206432,-1.698340,-9.111333,-6.865646,-1.065759,-6.403178,-26.913823,0.578029,-5.721558,10.450082,-9.782857,-1.875460,3.282091,-23.496848,17.501036,-35.625826,-23.469179,-17.638670,-9.413641,20.073914,11.418438,-43.627830,23.294044,-22.447328,10.632774,-10.569147,-4.927813
195.000000,-4.383823,-4.923144,78.983206,-1.905306,1.644287,100.751917,6.451401,-5.267252,-2.264648,-1.674361,-10.061412,-6.972162,-1.059791,-6.166929,-27.228080,0.345076,-6.697133,10.675527,-9.714847,-2.061608,2.520499,-24.529135,16.669813,-35.779741,-22.251013,-17.989583,-9.416569,19.354668,12.145125,-46.368525,21.809882,-24.174978,11.599298,-10.844069,-4.167796
196.000000,-4.174530,-4.311637,78.917521,-2.023946,1.584044,100.001561,6.209935,-5.015650,-1.383935,-0.374701,-11.316380,-6.093811,-1.159646,-5.932904,-26.991886,1.151368,-8.604849,10.386541,-9.211601,-2.181583,2.232935,-25.063374,15.762178,-36.060462,-19.519718,-18.258793,-9.316014,18.326234,12.334359,-48.381331,20.614370,-25.056949,12.145401,-11.218768,-3.725961
197.000000,-3.863676,-3.634954,78.883785,-1.738832,1.656432,98.693314,6.324275,-4.728476,0.182033,1.434908,-12.959948,-4.857145,-1.112782,-5.435142,-25.561681,2.206957,-10.354539,9.681231,-8.296492,-2.448776,2.403510,-25.037180,15.123128,-36.314757,-14.939589,-17.644228,-8.959542,17.589865,11.728953,-49.356354,20.107085,-24.913165,11.912141,-11.537332,-4.345264
198.000000,-3.559392,-3.086701,78.848588,-1.567111,1.829198,97.012623,6.061749,-4.649558,1.522879,3.670080,-14.330826,-2.840585,-1.333393,-5.009671,-23.646542,3.143314,-11.493017,9.083314,-7.380353,-2.749416,2.502792,-24.585211,14.580425,-36.596188,-8.535480,-15.719474,-8.173862,17.405048,9.438560,-49.645206,20.756320,-23.611291,11.628631,-11.685278,-4.914316
199.000000,-3.221367,-2.526146,78.740788,-1.204063,1.937547,95.100921,5.612482,-4.435776,2.472601,6.727659,-15.881136,-1.240769,-1.377717,-4.571030,-21.872825,4.174340,-12.398037,8.524208,-6.784196,-3.053225,2.927471,-24.123526,14.243462,-36.184594,-0.301013,-13.726167,-7.153360,16.672002,4.915453,-48.859830,22.733492,-21.009348,10.978376,-11.982706,-6.175683
200.000000,-2.849961,-1.868875,78.618467,-0.271567,2.035603,93.354165,5.252345,-4.012505,3.337237,11.188716,-17.417478,-0.144849,-0.538560,-4.111458,-20.377980,5.108292,-13.184852,7.902981,-6.604188,-3.275495,3.937135,-22.408842,13.697632,-35.556722,8.005088,-11.811444,-6.174514,16.956561,0.068503,-47.081078,24.889329,-18.707439,9.203566,-12.003416,-7.593829
201.000000,-2.461070,-1.437316,78.481841,0.828383,2.080557,91.177996,3.890764,-3.364473,4.804798,17.867085,-18.376347,-0.008718,-0.120124,-3.619127,-18.408743,6.723093,-13.939809,6.529013,-6.675243,-3.320956,5.308997,-19.256016,13.157265,-33.995627,14.750147,-10.153251,-5.404445,18.167057,-5.433717,-44.166612,27.376933,-17.081770,7.827688,-11.840980,-9.040153
202.000000,-2.062161,-0.868069,78.385895,2.176755,2.028263,89.751151,1.882879,-2.537855,5.725141,26.278328,-17.423090,-0.289119,0.870187,-3.119030,-17.171644,8.253404,-14.261666,4.460983,-7.924018,-3.429218,7.396728,-14.452885,14.037574,-31.493893,16.817568,-11.695222,-4.953754,20.061232,-11.167317,-39.742224,29.995073,-15.961373,6.973274,-11.603882,-10.328867
203.000000,-1.639075,-0.564878,78.259021,3.666275,1.905551,87.793716,-0.838463,-1.686264,6.445138,35.569631,-15.257481,-1.030219,1.359500,-2.585749,-15.461086,10.549925,-15.100717,2.697440,-8.788752,-3.719844,10.111982,-8.597308,16.168871,-27.971998,15.583423,-15.330003,-5.222442,21.224681,-17.101479,-34.394627,32.089424,-14.960809,5.713978,-11.344591,-11.050181
204.000000,-1.025438,-0.020498,78.097081,4.557020,1.701925,85.254232,-3.722120,-0.292668,7.715411,43.731338,-13.914449,-1.550362,1.414042,-1.698447,-13.322662,12.604896,-16.090964,1.189345,-8.461491,-3.978949,11.758057,-1.637003,18.928131,-24.367776,12.606035,-18.170041,-5.884292,22.341858,-21.488216,-29.020985,32.956465,-14.482291,3.992020,-11.061840,-11.332849
205.000000,-0.734716,0.016875,77.878487,4.284950,1.904173,83.155109,-8.098834,1.635995,10.190341,50.421686,-14.713419,0.238200,-0.800558,-1.656461,-11.957167,15.871872,-16.671476,0.817343,-7.123244,-4.476555,13.051615,3.784765,22.420992,-22.032778,8.913261,-19.379630,-6.675573,22.896206,-25.440723,-24.674280,32.966543,-14.148381,3.912786,-11.294610,-11.319678
206.000000,-0.448579,0.244070,77.773672,3.598286,2.125227,81.104997,-11.696343,2.603136,11.258508,53.589610,-15.631612,1.232041,-2.893396,-1.372177,-10.689210,18.177761,-16.466345,0.898090,-4.796587,-4.474024,13.300737,9.164052,25.661994,-20.416793,4.837958,-19.177225,-6.791778,23.635994,-26.450196,-21.228108,32.817642,-14.511224,4.010915,-11.212434,-11.348469
207.000000,-0.419922,0.364681,77.832919,2.711774,2.237169,79.503380,-14.575057,1.736378,10.339750,53.347766,-14.086031,0.353915,-4.338295,-1.058064,-9.882604,18.620011,-15.382918,1.473581,-1.966146,-4.016822,13.410242,13.431682,28.535849,-19.550672,0.922755,-18.929666,-6.941067,24.045005,-25.279346,-19.154801,32.796099,-14.979506,4.109621,-11.301967,-11.227638
208.000000,-0.567368,0.544575,78.166729,2.013893,2.075322,78.801112,-15.330187,0.170857,8.713451,49.419352,-8.121562,-1.992498,-4.240112,-0.573764,-9.576002,16.722670,-12.897765,2.081186,0.682275,-3.090211,13.915585,16.095452,31.073911,-19.236096,-2.716629,-18.786669,-7.212214,24.133563,-22.575659,-18.804855,33.189037,-15.161427,4.067674,-11.330112,-11.225753
209.000000,-0.920645,0.521817,78.690016,0.819125,2.232395,79.389416,-15.321234,-0.591025,8.760936,45.322366,-4.196235,-2.068372,-4.576607,-0.761516,-9.663773,14.340001,-9.719539,3.281003,2.343381,-2.333341,13.967675,17.280916,33.241919,-18.694755,-6.231659,-18.589500,-7.536418,22.955168,-18.860548,-20.036814,33.653957,-14.906705,4.213419,-11.187157,-10.681279
210.000000,-1.382714,0.485619,79.396296,-1.090811,2.432274,80.843005,-14.498478,-1.312419,9.185430,39.267878,-3.746044,-0.960435,-5.217558,-1.282277,-10.375170,11.131897,-5.861964,5.586744,3.288789,-1.598430,13.345371,17.468088,34.546349,-18.040256,-9.717749,-17.726790,-7.882201,22.083993,-14.238839,-22.363050,33.065926,-14.337892,4.271868,-11.063931,-8.961693
211.000000,-1.945850,0.340704,80.085510,-3.651514,2.645644,82.596496,-12.941206,-2.302852,9.671065,30.208301,-3.526889,-0.345348,-6.502637,-2.314688,-12.459979,8.117810,-2.948638,8.302469,3.690399,-1.071567,12.155292,17.072802,34.747501,-16.906284,-12.986713,-17.587324,-8.455938,21.412162,-9.187146,-24.977124,31.792502,-13.621009,4.297766,-10.946890,-7.267942
212.000000,-2.547317,0.188062,80.562121,-6.053697,2.580506,84.119411,-10.445789,-3.295451,9.388865,19.617526,-2.929500,-1.019252,-7.955590,-2.729384,-13.368893,6.473948,-2.339286,9.868942,3.978650,-0.547007,10.979510,16.600650,34.323463,-15.447707,-16.202701,-18.127901,-8.806492,21.030900,-3.731460,-27.638096,29.777979,-13.318636,4.770746,-10.621917,-6.274765
213.000000,-3.113527,0.117638,80.723000,-7.848949,1.880042,86.011468,-8.509840,-3.768560,8.092733,11.464462,-2.163310,-2.780630,-8.601593,-2.315644,-13.233625,6.689400,-4.301038,9.737533,3.743762,0.454703,10.326602,16.040153,33.561460,-14.078571,-19.177964,-19.243153,-9.377314,20.729040,1.985518,-30.184600,26.971876,-13.684377,6.196590,-10.389610,-5.909155
214.000000,-3.650959,0.068203,80.616659,-8.720053,1.154410,88.504773,-6.992617,-4.234627,7.533345,6.156066,-2.735435,-3.321423,-7.784731,-1.627586,-12.027109,7.627072,-4.668033,9.242441,2.783116,1.741729,10.692563,14.480375,32.658744,-13.257278,-22.019174,-22.290065,-7.937478,24.882254,7.374284,-32.885978,23.823854,-14.792259,8.701126,-9.732955,-5.580559
215.000000,-4.102302,0.063736,80.266738,-9.444166,0.714191,91.070564,-6.278919,-5.051480,7.288815,2.883959,-3.518149,-2.382925,-6.596849,-1.455015,-12.619056,5.663949,-4.543352,8.595101,1.492994,2.465154,10.689429,13.671925,31.151058,-12.715574,-23.731460,-22.759292,-7.862037,25.689865,12.138780,-35.005689,21.136381,-15.541797,10.449208,-9.773103,-6.345304
216.000000,-4.465412,0.153304,79.856843,-9.772806,0.340990,92.821751,-4.897075,-5.694257,6.715410,-0.500673,-4.117795,-1.790735,-4.585780,-1.440684,-15.777606,1.330428,-3.734226,8.958945,0.559306,3.136586,10.847572,13.526316,29.319034,-12.384679,-24.589494,-21.927259,-7.730607,25.349238,15.915314,-37.326413,18.863229,-16.135939,10.774151,-9.879542,-5.691831
217.000000,-4.642769,-0.007068,79.409140,-10.604317,0.240701,93.282389,-4.670187,-6.053183,5.976361,-3.017536,-4.684108,-2.008954,-4.259039,-1.375550,-16.923138,-1.070000,-4.376101,9.185686,0.474988,3.135977,10.613278,13.826823,27.686325,-12.332195,-24.552826,-21.553367,-7.799201,24.964299,17.871255,-38.920651,17.756784,-16.209454,10.281993,-10.322780,-5.596830
218.000000,-4.719010,-0.195423,78.992593,-11.433472,0.388114,92.960940,-5.152386,-6.348700,5.602485,-4.084148,-5.589213,-1.942063,-4.938780,-1.502002,-16.004262,-2.004341,-5.392247,9.454639,0.833553,2.605197,10.493959,14.444018,26.692509,-12.513354,-23.346647,-21.331932,-7.992305,24.666117,17.876237,-39.724261,17.963471,-15.541476,10.142379,-10.334132,-5.628855
219.000000,-4.725603,-0.326914,78.740901,-11.923072,0.757987,92.150591,-5.810853,-6.650937,6.034190,-3.773659,-6.769087,-1.190286,-5.641596,-1.667069,-14.760163,-2.222517,-6.444337,9.260826,1.397585,1.799210,10.798996,15.079813,26.348770,-12.907137,-20.731077,-20.774475,-7.828924,23.691457,16.061239,-40.015585,18.776603,-14.712781,8.239506,-10.181702,-4.898073
220.000000,-4.800851,-0.342659,78.659308,-12.191486,0.882926,91.561698,-6.264723,-6.749680,6.515126,-3.261416,-7.430787,-0.525214,-5.912085,-1.663455,-14.532049,-2.392161,-6.797279,9.047373,1.496888,1.465309,11.277676,15.414029,26.143797,-13.593110,-16.842441,-19.764983,-7.310475,22.959838,12.880245,-39.775241,20.182316,-14.074662,6.038755,-10.457806,-5.114776
221.000000,-4.867096,-0.297770,78.648943,-12.332723,0.911474,90.894228,-6.511570,-6.611838,7.032952,-2.898885,-7.702838,-0.564367,-6.214231,-1.566476,-14.053077,-2.268385,-6.780824,8.915786,1.458712,1.287619,11.640504,15.658366,26.574695,-14.230307,-12.773330,-18.761114,-7.356233,21.836178,8.549735,-39.003826,21.668791,-13.486723,4.266543,-10.668484,-5.686004
222.000000,-4.981597,-0.096212,78.654009,-12.246153,0.893367,90.429712,-6.306911,-6.493160,7.316766,-2.746666,-7.776938,-0.902249,-6.173682,-1.527327,-13.570031,-2.016060,-6.631606,8.890974,1.087306,1.115727,11.860269,16.285768,27.337079,-14.856288,-10.295784,-18.435169,-6.975674,22.490305,3.758750,-37.227731,23.093570,-12.983384,3.246966,-10.534933,-6.205589
223.000000,-5.066207,0.311482,78.647870,-11.908571,0.812090,89.987629,-5.607495,-6.376707,7.661062,-2.659662,-8.165309,-0.732722,-5.656592,-1.370911,-13.240784,-1.766829,-6.572324,8.681106,0.616610,0.984445,11.668025,17.547567,28.698443,-15.385102,-10.183920,-19.485311,-6.465480,22.165060,-0.969982,-34.585991,24.411829,-12.342549,2.184408,-10.406401,-7.046796
224.000000,-5.106066,0.790469,78.667367,-11.385154,0.696060,89.393043,-4.772036,-6.153534,8.296103,-2.229705,-8.850723,-0.175317,-5.200203,-1.183499,-12.840721,-0.792889,-6.933885,8.261051,0.508727,0.933033,11.162493,18.485542,30.911319,-15.706843,-11.965683,-20.715267,-6.471269,21.449125,-5.115022,-31.313545,25.369256,-11.036055,1.029423,-10.256296,-8.505515
225.000000,-5.140750,1.457387,78.724295,-10.967519,0.561569,88.942676,-4.188672,-5.864036,8.726776,-1.161812,-9.717343,0.394437,-5.135168,-1.119613,-12.264593,1.078990,-7.496174,7.489927,0.604919,1.066665,9.981626,18.657618,33.463231,-16.337387,-15.038531,-21.144930,-6.342247,21.945425,-8.199233,-27.793378,26.172458,-9.053932,0.518348,-9.809152,-9.370605
226.000000,-5.312862,2.283242,78.873956,-10.083782,0.132664,88.870019,-3.168917,-5.403418,8.589207,0.338056,-10.532590,0.488963,-4.767069,-1.023214,-11.820503,3.774093,-7.873332,7.049533,0.507256,1.769039,8.868829,17.629113,35.727377,-17.538935,-19.051418,-22.311294,-6.627645,22.374361,-10.527963,-24.999652,27.060627,-6.809513,-0.216911,-9.566900,-9.954243
227.000000,-5.478584,3.167523,79.062486,-9.035757,-0.198188,88.713598,-1.973045,-5.047673,8.293938,1.916673,-10.902770,0.643378,-4.609913,-1.000259,-10.691567,7.274573,-8.081502,6.487101,0.703124,2.400792,7.687021,14.802531,37.616454,-19.452683,-23.193089,-23.743216,-7.014646,21.854990,-11.917932,-22.580838,28.569179,-4.167414,-1.093968,-9.326050,-10.908118
228.000000,-5.649778,4.041442,79.238874,-7.852507,-0.449378,88.698897,-0.879014,-4.765355,8.165856,3.929253,-11.341480,0.647526,-4.943827,-1.106617,-9.181550,11.979165,-8.479719,5.806116,1.327222,2.731617,6.887211,9.278659,38.865224,-22.485715,-27.064452,-25.802932,-7.192518,22.362422,-13.135195,-20.331301,30.298794,-0.457643,-1.014695,-9.161866,-12.439929
229.000000,-5.844344,4.963244,79.325652,-6.669518,-0.689156,89.106184,-0.108870,-4.552993,7.833569,6.641953,-12.060244,0.889014,-5.792816,-1.292291,-8.088596,17.874748,-9.011104,5.052081,1.663396,2.806349,5.799932,2.310743,39.502184,-26.178191,-30.376959,-26.668747,-7.307811,24.448969,-13.276278,-18.804655,32.218057,3.526221,0.115502,-9.157669,-13.494124
230.000000,-6.036601,5.829783,79.286408,-5.441022,-0.944349,89.706693,0.513291,-4.367984,7.228571,9.646880,-13.094469,1.321128,-7.548321,-1.484593,-7.259377,25.624932,-10.068621,3.927399,1.719000,2.493208,4.871906,-5.549191,39.519061,-29.770769,-33.193575,-27.529467,-7.308236,25.501082,-13.153591,-17.897131,33.919741,7.589988,0.970169,-9.068405,-13.140601
231.000000,-6.295808,6.580864,79.111081,-4.077925,-1.133580,90.150201,1.333524,-4.323148,6.890743,12.407197,-14.218342,2.058024,-10.159444,-1.880856,-6.534658,34.970688,-12.096029,2.374285,1.846815,2.038273,4.450630,-13.485154,38.195719,-32.618682,-35.291659,-27.822231,-7.514401,25.445887,-12.347648,-17.737755,35.102883,10.443159,0.404229,-8.635330,-10.778856
232.000000,-6.617052,7.319412,78.748316,-3.063633,-0.738932,90.271260,2.445651,-5.037602,7.171305,13.883639,-15.122438,2.768786,-13.582839,-3.218722,-6.244530,44.338815,-14.486476,2.512012,2.516874,1.201617,3.588490,-20.325296,34.473662,-35.901168,-35.921082,-25.112418,-8.630408,20.171890,-9.134462,-17.493796,34.996216,11.424861,-3.963061,-8.270723,-11.865200
233.000000,-6.906334,8.226835,78.453475,-1.568422,-0.485487,90.861199,4.475239,-5.639006,6.807012,14.826095,-15.655381,3.301239,-15.400335,-4.291107,-6.520937,50.095473,-16.440796,1.051237,2.511991,0.436729,3.712278,-26.540723,30.367223,-37.548118,-35.634835,-24.768143,-8.833052,19.389580,-6.423622,-19.055871,35.292376,11.810370,-11.250805,-6.652822,-15.799614
234.000000,-7.152971,9.188763,78.180772,-0.502195,-0.168672,91.711018,6.295952,-6.281893,6.130797,15.298000,-16.115391,3.392320,-16.945974,-5.348886,-7.487728,52.110720,-18.431535,0.061791,1.306022,-0.277476,3.852569,-29.944936,25.349735,-38.488061,-34.022074,-23.799490,-9.313545,17.856170,-2.706141,-20.413086,34.175852,10.067705,-5.069542,-8.655124,-11.361126
235.000000,-7.285165,10.256325,77.965885,0.498368,0.151182,92.949958,8.339360,-6.807825,5.017024,15.237105,-16.457973,2.907221,-17.182242,-6.114341,-9.145056,49.835734,-19.899877,-0.083464,-1.250608,-0.796508,4.235764,-31.092640,20.480490,-38.775786,-31.149064,-23.199777,-9.274427,16.943217,0.154202,-22.929864,33.231251,8.743413,-2.686147,-9.315826,-9.239884
236.000000,-7.398439,11.291484,77.837127,1.750051,0.675867,93.882302,10.899412,-7.442269,4.000035,14.683800,-16.061922,2.412538,-16.107644,-6.666424,-10.985241,44.112333,-20.422622,0.892100,-4.204546,-1.366570,5.235981,-30.890449,16.605103,-39.033722,-27.205058,-22.813472,-8.952010,15.784074,2.658949,-25.783261,32.203341,7.208277,-1.501349,-9.349288,-8.542866
237.000000,-7.405839,12.390180,77.795249,2.769981,1.170892,94.639187,13.096016,-7.918586,2.760483,14.365534,-14.825207,1.756585,-14.451813,-6.184604,-11.767615,36.522234,-20.184076,2.275628,-6.902124,-1.872136,6.054335,-30.113683,14.134300,-39.548489,-22.212468,-21.342434,-8.597657,15.150720,5.014453,-28.563709,30.570332,5.710673,0.832889,-9.470454,-9.021519
238.000000,-7.335445,13.519295,77.789468,3.621808,1.778387,94.340802,14.829336,-8.452968,2.167152,14.614972,-13.354199,0.983126,-12.637630,-5.426129,-11.472334,29.615297,-18.869325,3.593865,-8.160403,-2.638597,6.518671,-28.204433,13.262668,-40.890632,-16.947337,-20.896957,-6.191205,13.950993,7.136018,-30.564243,28.721840,4.723100,2.651828,-8.408537,-10.767924
239.000000,-7.197934,14.777340,77.845073,4.585995,2.181734,93.247819,16.205877,-8.819693,2.080628,15.866647,-11.120049,0.101579,-10.153778,-4.746374,-11.394176,24.882543,-16.345677,3.630063,-8.758704,-3.270498,7.392720,-25.288195,13.555639,-41.292182,-11.625078,-22.874315,-5.256965,11.042838,7.946532,-32.130566,27.209112,3.983718,4.334281,-8.243930,-13.274001
240.000000,-7.022449,16.211566,77.972806,6.157450,2.525779,91.691650,17.358653,-9.025459,3.019107,18.913443,-7.407429,-0.924019,-6.162511,-4.605512,-11.912275,21.772714,-15.666395,2.071408,-9.087452,-3.986389,9.137321,-21.489604,14.967193,-41.511414,-7.254947,-26.190357,-4.102035,9.139296,7.095083,-33.009167,26.354319,3.900795,6.424712,-8.044828,-15.833645
241.000000,-6.718821,17.496902,78.114307,7.230132,2.958781,90.268500,14.673427,-9.050109,5.017970,27.433841,-1.289816,-3.419622,-2.764392,-4.521150,-11.447152,19.466732,-16.432797,-0.130265,-9.285363,-4.940888,10.259079,-17.064360,17.471559,-42.107180,-5.148403,-26.226340,-3.491021,8.180430,5.259860,-32.553819,25.712346,4.468872,8.517949,-7.994190,-18.129766
242.000000,-6.380986,18.536091,78.184402,8.206450,3.199360,88.865352,8.139438,-8.415315,7.159527,40.714826,8.281662,-8.213223,-0.673895,-4.220435,-10.472492,18.614441,-16.860411,-2.507947,-9.067617,-5.571609,11.644459,-12.745871,19.888058,-41.365760,-3.329694,-26.109624,-2.664014,8.871038,2.004253,-31.246384,25.007402,5.788867,10.225603,-7.258271,-21.693263
243.000000,-6.300039,19.337852,77.929443,8.673575,2.907691,87.368868,-0.579352,-7.419533,7.747075,55.190743,11.799066,-11.991552,-0.524786,-3.730509,-9.354504,20.363868,-18.602642,-4.408941,-8.240396,-5.212689,13.500197,-10.234141,21.925228,-38.937836,-0.736939,-25.175346,-1.643484,10.901029,-2.832304,-30.034848,23.823046,7.635612,11.510385,-7.757000,-24.997999
244.000000,-6.195835,20.185305,77.495301,7.575806,2.077528,89.348500,-10.546888,1.050181,10.973148,67.365131,5.102238,-6.768470,-1.013113,-3.274509,-11.722190,21.418473,-20.660634,-5.502927,-9.759528,-3.386228,13.774833,-8.304145,21.909927,-36.059171,2.431302,-25.350469,-0.819373,12.970067,-7.426588,-29.138871,22.510726,9.466248,12.172665,-8.559971,-29.089342
245.000000,-6.703164,21.234587,77.095604,5.840711,1.133743,93.172951,-20.666320,7.115668,11.045697,72.131859,-0.456795,0.043313,-1.543625,-3.660559,-15.794707,22.161162,-22.542452,-5.118583,-12.118426,-0.952220,13.040510,-7.524548,20.614167,-33.451237,5.868691,-25.211808,-0.510821,14.261126,-11.384348,-27.839352,20.392392,11.911333,12.556362,-8.716288,-32.534561
246.000000,-6.925067,22.451736,76.875681,5.582040,1.306870,93.666684,-26.079148,8.103968,11.098734,68.536693,-2.392065,1.557350,-1.142376,-4.238027,-16.210240,23.310536,-24.126043,-4.629493,-10.428277,-0.134373,12.696102,-7.413943,20.435489,-31.395740,8.450649,-23.705106,-0.179135,15.149532,-13.885612,-25.940428,17.959800,14.379894,12.795558,-8.706013,-35.456776
247.000000,-6.910795,23.759100,76.811010,6.567346,1.672063,93.248069,-27.389433,8.265248,11.941608,60.059984,-2.010551,0.456238,0.900089,-4.402824,-15.735187,23.567073,-25.013369,-3.992669,-7.202094,0.133795,13.555298,-8.475264,20.677815,-29.821436,10.622633,-20.667372,-0.152465,17.942379,-15.715391,-23.784944,15.530894,16.466900,13.031633,-8.926378,-39.599989
248.000000,-6.969285,25.369808,76.780885,7.559781,1.972284,94.058503,-26.878249,8.307019,13.989500,50.368564,-0.325531,-0.490700,3.875205,-4.692048,-16.662870,23.090566,-25.567258,-3.134089,-4.599244,0.349888,14.398585,-10.752442,21.799478,-29.493245,12.352519,-14.706659,-0.494764,20.811062,-16.887870,-22.197058,13.311457,18.140803,14.192138,-9.507883,-42.552871
249.000000,-7.204785,27.090394,76.703584,7.659702,2.086953,96.208600,-25.989082,8.592070,18.117241,42.633710,4.569286,-0.843510,6.193020,-5.157635,-19.064699,22.960470,-26.141757,-2.615007,-2.999455,0.724918,14.305004,-13.172098,22.272694,-29.384703,13.742765,-10.774638,-0.730032,23.800385,-17.412193,-20.956822,11.174002,19.035742,15.597872,-10.494018,-44.954399
250.000000,-7.570118,28.875127,76.537651,6.755267,1.721491,99.631782,-25.639236,7.286448,20.305473,38.370541,9.612399,-0.806244,7.584542,-5.372775,-22.831149,23.098153,-26.429299,-2.582415,-2.958167,1.484589,12.655591,-15.106481,23.087887,-29.424820,14.161223,-6.636019,-1.344489,26.770467,-17.713945,-20.808042,9.351025,19.748869,16.701450,-11.656732,-47.403360
251.000000,-7.839826,30.610242,76.412451,5.627126,1.579111,103.063983,-24.375262,6.758523,23.275548,37.679965,5.371012,1.914705,8.290952,-5.903051,-26.565729,24.193469,-26.131419,-1.969459,-3.160158,1.890771,10.267845,-16.360286,23.978994,-29.419158,14.538590,-3.133266,-1.385251,27.880093,-17.212225,-21.647530,7.923798,19.879180,17.086738,-12.513660,-47.293978
252.000000,-8.269002,32.055986,76.323354,4.795490,1.653487,105.959275,-23.111962,3.784117,20.796312,35.013168,1.591012,4.552150,7.589589,-7.059652,-27.458960,28.161544,-24.510820,-0.768677,-2.878730,2.080369,8.399170,-17.752944,24.267541,-29.729413,14.918692,-0.301230,-1.484024,29.162357,-16.373683,-22.361174,6.067155,19.586228,16.939118,-13.169444,-48.580345
253.000000,-8.470526,33.043766,76.326776,4.160368,2.237841,108.820899,-22.154943,0.567258,17.288307,32.429147,0.645743,6.280107,4.375601,-8.931226,-24.620231,36.032543,-20.676605,0.781216,-2.699748,1.659745,7.425793,-19.368432,24.408504,-30.371044,15.373308,1.216056,-1.619869,29.741779,-15.780310,-23.314186,4.386641,18.886537,17.498475,-14.524288,-45.627580
254.000000,-8.324135,33.809710,76.458281,3.326297,3.432748,111.143633,-20.923579,-2.423686,15.439284,29.418520,0.925726,6.159762,-0.753025,-10.055919,-17.904549,44.743562,-15.763880,2.920120,-2.161586,0.291690,6.936230,-20.894191,24.186187,-31.080520,16.251154,1.980942,-2.090954,30.480436,-15.413770,-23.693911,3.020094,18.483511,18.402345,-15.797522,-44.521178
255.000000,-7.954268,34.406984,76.589030,3.006652,4.010932,113.951601,-19.534312,-4.481034,13.408587,26.605501,1.118447,6.258714,-4.553804,-8.476378,-10.352319,50.532980,-12.443689,4.756751,-2.619037,-0.457020,6.562479,-21.325208,23.882784,-31.468345,16.943456,1.252234,-2.696628,31.438736,-14.892015,-23.743122,2.466806,18.080697,19.195125,-16.671626,-43.805357
256.000000,-7.210197,34.656069,76.624107,2.681084,4.330157,116.251894,-18.773465,-5.538874,11.706678,24.296672,1.390360,6.455373,-7.592479,-6.722233,-3.604731,54.671870,-12.050163,5.405022,-2.785002,-1.088061,6.676489,-22.262578,23.886428,-31.717998,17.561407,0.712057,-3.500376,32.975095,-15.147601,-23.824799,2.259340,17.596997,19.653261,-17.566140,-43.259826
257.000000,-6.502022,34.787732,76.609546,2.642866,4.293556,118.620618,-18.324213,-6.085855,10.094883,22.652481,2.104946,5.661813,-8.904605,-7.116718,-0.250720,56.019005,-13.878389,2.806144,-3.014587,-1.357993,7.211098,-23.362290,24.065349,-32.230389,18.096320,0.483066,-4.400070,33.868740,-15.722814,-23.979192,2.097337,17.296201,19.494997,-18.266234,-42.551795
258.000000,-5.695033,34.826845,76.570582,2.641182,4.120262,122.117186,-18.287545,-6.984031,7.446246,21.344365,2.907753,4.251609,-8.252475,-3.651230,6.571751,53.250354,-13.231310,3.809607,-4.084939,-1.211148,6.955779,-22.763352,23.328641,-32.251808,18.374725,-0.405614,-5.607155,33.367390,-15.058870,-24.323977,1.920035,16.668906,19.787633,-19.110376,-41.908285
259.000000,-4.623489,35.074806,76.528692,2.853795,3.816234,126.689413,-18.510359,-8.057973,3.017428,20.663436,3.551102,2.707500,-4.768862,1.814128,14.794685,47.232404,-12.057327,6.895745,-5.774656,-0.851727,6.958402,-21.447549,22.238751,-31.912211,18.124991,-1.741909,-7.381158,33.555746,-14.006578,-24.741056,1.827578,15.663546,20.164573,-19.731885,-41.545199
260.000000,-3.414593,34.832507,76.305413,2.463770,3.637200,130.433514,-19.489602,-9.213835,-0.108303,19.659533,4.709889,1.035707,-1.774674,4.541580,21.464464,41.274300,-14.648247,8.852564,-6.565093,-0.962554,7.156268,-20.394535,21.063405,-30.133531,17.437295,-3.991178,-9.286093,33.120130,-13.659040,-25.194331,1.433277,14.580574,21.076412,-20.528538,-41.370186
261.000000,-2.158345,34.385619,76.172441,2.008972,3.136098,133.281704,-20.447421,-9.821066,-2.604113,17.731292,6.523313,-1.128630,-0.342187,3.405990,19.158264,35.600978,-18.310926,7.100435,-6.339290,-0.661805,7.256096,-19.309544,19.683116,-27.664600,16.141439,-9.703624,-10.792034,29.448852,-12.806135,-25.376618,-0.027303,13.396917,23.263493,-21.887181,-41.322382
262.000000,-0.761186,33.743706,76.249743,1.622648,2.029886,135.082647,-21.599254,-9.495904,-5.139790,14.915065,9.516119,-4.091940,-0.438230,1.347545,10.825700,30.927530,-21.153460,4.519547,-4.761372,0.351225,7.202323,-18.302988,17.522359,-25.463027,14.793070,-19.228822,-11.532955,24.926922,-11.202480,-25.992399,-2.588401,12.262532,23.668270,-22.034718,-41.415487
263.000000,0.848201,32.983160,76.382762,1.250208,0.790147,136.303279,-22.487800,-8.440635,-6.963415,11.134308,12.478624,-9.061869,-0.649239,0.667946,4.776912,26.097181,-22.768693,3.080889,-2.725684,1.390636,7.726383,-17.803677,15.396686,-23.532495,13.465271,-29.190890,-12.111103,22.663386,-10.087531,-26.983974,-4.694885,10.872825,23.115028,-21.442730,-42.683580
264.000000,2.419134,32.233006,76.615083,1.122399,0.035287,137.702781,-22.239989,-7.004321,-7.237940,7.597086,12.387804,-13.174364,-0.474761,1.083402,2.982636,21.578162,-22.504543,2.744962,-1.355030,2.194178,8.766353,-16.731641,13.524575,-22.179533,11.993803,-36.033633,-12.950536,22.773162,-9.466484,-27.825909,-5.818625,9.545670,23.966335,-20.885252,-42.220288
265.000000,3.901311,31.429484,77.070320,0.161970,-0.126715,140.474755,-22.016080,-6.511087,-5.021319,8.064658,7.542294,-10.427347,-1.323187,-0.154345,-0.258568,19.457525,-21.150239,3.241588,-1.780763,1.940650,9.716823,-15.482017,12.883885,-21.088810,10.165561,-41.783508,-13.459287,20.734299,-9.587314,-28.967949,-6.269745,8.631165,25.651008,-20.825798,-40.390607
266.000000,5.293146,30.683547,77.653652,-1.218895,-0.248123,143.765124,-22.069391,-6.172147,-0.469218,13.311711,1.079540,-5.831537,-2.279323,-2.096060,-3.991568,17.584691,-19.001287,3.839173,-3.192835,1.057650,10.135190,-12.895086,12.542978,-20.202455,7.962295,-47.560547,-13.751250,18.650294,-9.980790,-29.732428,-6.312349,8.675193,26.884041,-20.840563,-38.969194
267.000000,6.705111,29.951784,78.183812,-3.043290,-0.637110,146.224330,-22.408433,-5.384525,4.306714,20.902911,-4.056083,-1.504591,-3.970545,-4.147448,-6.519468,16.054510,-17.059094,4.238183,-4.130286,-0.274350,10.057588,-10.108621,13.285487,-19.712168,5.661761,-53.262829,-13.909630,16.728486,-10.928742,-30.023015,-5.850184,9.554425,28.312659,-20.578009,-36.996594
268.000000,7.933284,29.319492,78.635305,-4.300059,-1.050996,148.355239,-21.753942,-3.770857,8.174540,28.823197,-7.972250,0.793690,-4.770595,-5.597344,-8.802823,13.806641,-15.122852,4.535993,-4.450305,-1.081115,9.889263,-7.322257,14.400785,-19.527268,3.533764,-58.507728,-12.967614,14.268757,-11.045031,-30.260719,-5.603104,10.088568,31.037233,-20.942547,-34.167096
269.000000,8.855828,28.757775,78.980833,-4.778119,-1.287650,150.500314,-19.096613,-1.264762,11.729620,34.917170,-11.248437,1.313884,-4.394192,-6.381692,-11.028891,11.130411,-13.250660,4.787454,-4.647235,-1.295115,9.970381,-4.390706,16.331367,-19.481192,1.367597,-63.430164,-11.838554,11.115935,-10.642107,-30.455424,-5.520240,10.395702,32.881876,-21.273087,-32.089202
270.000000,9.448520,28.204823,79.226875,-5.157976,-1.398194,153.217018,-14.732848,1.477967,15.515309,38.151039,-13.975461,2.030919,-3.286773,-7.328576,-13.567588,8.223548,-11.526407,5.344105,-5.336545,-1.441420,9.754593,-1.197592,16.442280,-20.255640,-0.461017,-65.211204,-10.281692,11.140595,-9.754874,-29.837456,-6.120166,9.929565,33.788382,-20.929491,-30.770002
271.000000,9.968628,27.653155,79.299712,-4.896453,-1.615560,156.504347,-9.863125,5.032744,19.122124,39.783728,-16.199023,1.943142,-1.406020,-7.579338,-17.110686,4.758323,-9.953447,6.381442,-6.979114,-1.012915,9.512038,1.700297,18.274227,-20.695859,-2.331342,-70.893259,-8.582408,8.220942,-8.944218,-29.774389,-6.433403,9.548919,34.857143,-20.714424,-30.201672
272.000000,10.457972,26.883814,79.285926,-4.923430,-2.388684,160.443236,-5.942730,7.445326,21.874669,39.103868,-17.108379,1.915679,-0.345308,-8.164662,-21.128473,1.882273,-8.595102,7.256526,-9.477125,-0.654879,8.524090,3.830771,18.298111,-20.784761,-3.099675,-74.925912,-7.921560,9.009999,-8.243117,-29.323798,-6.499692,9.156409,34.650543,-20.661631,-31.671942
273.000000,11.095558,25.874063,79.191059,-4.575154,-3.415226,164.905095,-3.349197,8.816149,23.097849,36.712878,-16.346886,0.800417,0.272426,-8.497031,-25.297515,-0.450466,-7.215630,7.782918,-12.339374,0.033239,7.482029,4.367744,18.067899,-20.535783,-3.294128,-76.862161,-7.655656,9.517837,-7.361375,-28.727619,-6.837599,8.530854,33.530252,-20.715841,-34.385945
274.000000,11.923996,24.731016,79.047501,-3.725107,-4.706826,169.470356,-1.845960,9.819036,24.110783,32.402592,-12.290200,-1.657825,-0.213992,-8.719855,-29.295443,-1.109103,-6.450478,7.260772,-15.067379,1.387764,6.407301,3.504449,16.449694,-20.305994,-2.393146,-76.585907,-6.810445,10.794448,-6.288669,-27.674994,-7.312909,7.309183,31.752576,-20.726897,-37.909370
275.000000,12.541112,23.521806,78.882420,-2.395701,-5.454569,173.685427,-0.435073,8.779204,22.376448,25.353053,-12.555481,-5.453804,-0.643050,-9.051175,-32.955796,-0.163924,-6.909915,6.652869,-16.796974,2.991031,5.820513,0.675805,15.213415,-20.684159,1.860140,-73.010447,-5.157007,19.921481,-4.957432,-26.591591,-8.432978,5.899283,31.210252,-20.211681,-42.396579
276.000000,13.168122,22.260323,78.781736,-1.339482,-5.956288,177.843517,0.966416,7.988696,22.397778,18.990101,-13.863506,-6.193818,-1.153925,-10.086821,-36.267659,1.441521,-7.330315,6.222944,-18.091593,4.134806,5.428395,-2.926615,13.522361,-21.855755,6.062399,-70.714895,-3.456288,18.385804,-4.068128,-25.567459,-9.486403,5.125748,30.097116,-20.748062,-45.636131
277.000000,14.217423,20.911959,78.828520,-0.753957,-5.420031,-179.043675,2.300892,6.387258,20.915940,14.306392,-15.267418,-4.486640,-1.394620,-11.880958,-38.288688,3.657406,-6.838679,6.370895,-18.585013,4.484818,6.001280,-6.943800,10.395696,-23.480788,11.957595,-69.768040,-2.765893,15.323015,-3.485778,-24.353253,-9.759697,4.383532,28.839658,-21.650603,-48.704897
278.000000,15.168574,19.758312,78.816968,-0.156431,-4.727821,-176.142719,2.270597,5.484866,17.778890,12.897649,-16.143961,-4.320995,-1.147370,-13.264277,-39.774722,5.322506,-6.242406,6.376044,-18.724998,4.731556,6.673643,-11.390299,7.136904,-25.299965,20.244740,-68.931055,-1.508935,11.573699,-2.644286,-23.753074,-10.026341,3.665235,28.369015,-22.331389,-50.843894
279.000000,16.145003,18.687052,78.782886,0.380335,-4.106682,-173.528715,1.523974,4.736284,14.312612,12.852536,-16.607144,-4.181553,-1.136711,-14.705020,-40.464687,7.288540,-5.722554,6.276287,-18.634687,4.932065,7.349287,-17.353289,2.902186,-25.845166,32.324820,-67.320865,-0.273140,9.414713,-2.041590,-23.898253,-9.992346,3.355843,28.215529,-22.897473,-52.847704
280.000000,17.273733,17.854033,78.726566,0.893307,-3.601250,-171.335264,-0.056431,4.269597,11.738635,14.251923,-17.385094,-4.100894,-2.133013,-16.073358,-38.305190,10.157705,-5.415045,5.743875,-18.588256,4.916854,7.911504,-23.005180,-1.447341,-24.434990,44.559229,-64.421798,-0.292759,9.231393,-1.584135,-24.143578,-9.238318,3.427793,28.069006,-23.371063,-54.357210
281.000000,18.653317,17.263579,78.627789,1.199873,-3.066282,-169.914962,-1.814719,3.761246,10.030777,16.087505,-18.188512,-2.572506,-5.113925,-17.456246,-31.749687,15.027670,-5.654649,4.496215,-18.381171,4.549489,8.735509,-28.292747,-4.766540,-22.149260,54.282645,-62.189993,-0.698506,9.920378,-1.586894,-24.339292,-7.793284,3.339449,27.401891,-23.511202,-55.855706
282.000000,20.257244,17.106114,78.478748,1.378664,-2.378420,-169.542715,-3.628688,3.623896,8.974528,18.458180,-18.897441,-0.696255,-10.031702,-17.372900,-21.400108,22.171429,-7.200432,1.706764,-17.496720,3.717492,10.195883,-32.508815,-6.265131,-20.528253,59.210083,-60.842868,-0.891341,11.311942,-1.988364,-24.160971,-5.578445,2.496960,26.535495,-23.569118,-57.136496
283.000000,21.609774,17.169157,78.280979,1.540014,-1.435595,-169.607243,-5.348935,3.775227,7.611086,21.728199,-19.722159,0.760730,-13.994651,-16.717906,-13.493443,31.322138,-9.553228,-1.762070,-16.509925,2.631134,11.777401,-35.530637,-5.300992,-20.008262,61.555926,-59.946904,-1.358591,11.765686,-2.277001,-24.616716,-2.179296,1.388067,24.854742,-23.464676,-59.339516
284.000000,22.567338,17.518097,78.018022,1.624267,-1.119368,-168.857180,-7.758183,3.777133,5.706593,25.011113,-20.040374,1.244648,-16.248231,-16.986259,-9.613359,41.003757,-13.479353,-4.907689,-15.241214,1.316591,12.140181,-37.180958,-3.313951,-19.554611,62.771119,-58.611950,-1.522904,12.320599,-1.438141,-24.365450,0.478101,-0.262953,23.178997,-23.244959,-60.889101
285.000000,23.316434,17.947252,77.691925,1.451237,-1.380069,-167.771322,-10.167947,3.270776,4.139250,27.364378,-20.075487,1.849611,-17.553477,-17.647462,-6.341866,49.295388,-16.807405,-7.745049,-13.443090,0.255012,11.537046,-37.721093,-1.355427,-18.853081,62.849092,-58.239841,-1.789477,13.262288,0.483162,-24.213803,2.944056,-2.495181,20.773658,-22.802363,-63.415178
286.000000,23.821086,18.635109,77.456689,1.068464,-1.613041,-166.946954,-11.622303,2.865798,3.152263,28.399542,-19.822754,2.886518,-17.052523,-17.424762,-2.537557,54.214090,-17.577497,-9.163666,-11.006307,-0.706262,11.045744,-37.575965,0.699137,-17.618485,62.052842,-57.940071,-2.227136,15.063381,3.064982,-24.367407,5.293401,-5.221031,18.386178,-21.920435,-65.504355
287.000000,24.231648,19.581898,77.278239,0.451162,-2.129926,-165.757163,-13.101943,2.168813,1.874922,28.877261,-19.226322,3.915147,-15.092479,-16.884426,1.008709,55.804025,-15.663319,-9.198870,-8.354996,-1.731392,10.185543,-36.661307,2.954536,-16.492800,60.660467,-57.738014,-2.924574,16.042979,6.168944,-23.954413,7.561038,-8.093247,16.976527,-21.371221,-67.081733
288.000000,24.530649,20.765522,77.132696,-0.367998,-3.339377,-164.138842,-14.922865,1.101922,0.491703,28.556787,-18.031998,4.380910,-12.014735,-16.333028,3.759973,53.987301,-11.607070,-7.397693,-5.744063,-3.086985,8.601263,-35.144230,5.406955,-15.178065,59.295379,-57.020376,-3.525959,16.201721,9.727750,-23.102893,9.597673,-10.890305,15.359943,-20.880372,-68.352155
289.000000,24.800503,22.189549,76.964259,-1.281340,-5.234212,-162.027999,-17.191858,-0.370325,-1.087115,27.504105,-16.211022,4.260344,-7.870294,-15.804513,5.223057,48.828548,-5.392300,-4.296001,-3.418863,-4.834030,6.592844,-33.760351,8.211156,-14.058227,58.490468,-56.346404,-3.841079,14.053840,13.135783,-22.276729,11.445582,-13.286425,13.088324,-20.500722,-68.522466
290.000000,25.035545,23.904550,76.740164,-1.479382,-7.171296,-159.994639,-19.907317,-0.915145,-2.760151,26.734720,-14.654975,3.140586,-3.484659,-16.694176,1.480238,40.507793,-8.534955,-1.608752,-0.732697,-6.273793,4.871590,-32.530774,11.538382,-12.549553,57.039309,-55.758789,-3.849943,13.792331,15.482306,-20.416989,13.181838,-14.987040,11.432477,-19.251981,-69.528805
291.000000,25.345647,25.827077,76.479238,-0.996892,-9.115245,-157.367711,-23.354104,-1.031867,-4.863831,26.330087,-12.673648,1.596263,0.261781,-16.967558,-4.786664,31.503462,-12.957683,0.665509,1.632017,-7.367144,3.450954,-32.321227,15.161256,-10.959071,56.626056,-53.928356,-5.253200,16.044772,17.533941,-20.687359,15.012889,-17.509178,11.577268,-19.924946,-66.441922
292.000000,25.610909,27.701402,76.379204,-0.466181,-10.156687,-154.494749,-25.502543,-1.044172,-7.079649,25.040983,-10.029556,-0.416773,3.739596,-16.430541,-11.420290,24.374831,-15.643918,2.786450,4.551263,-8.090608,2.945971,-32.063196,18.217868,-9.884323,56.184258,-53.039721,-5.426749,14.794833,18.429467,-20.851172,16.400433,-18.848481,10.015407,-18.989348,-65.095309
293.000000,25.851142,29.463583,76.337987,0.365967,-10.829644,-150.803803,-27.339386,-1.220779,-9.444654,23.183851,-6.940694,-2.633392,6.044734,-14.836528,-16.640397,19.493196,-16.892327,3.998952,7.166893,-8.242555,3.161956,-32.348404,20.802137,-9.676896,55.816343,-51.610849,-5.194873,14.306942,17.936266,-21.144696,17.941963,-19.924362,8.688790,-18.304453,-64.991729
294.000000,26.009268,31.069937,76.324248,1.217902,-11.234851,-146.326796,-28.977453,-1.291046,-9.343764,21.203158,-4.950744,-4.716708,7.434339,-13.021541,-20.761222,16.677751,-17.525560,4.471667,9.672702,-8.055237,3.595244,-32.816259,22.889115,-10.298552,55.463151,-49.465838,-5.014916,14.104535,16.346050,-22.050443,18.050066,-20.186831,5.833754,-16.543430,-64.893368
295.000000,25.996894,32.442892,76.306272,1.876871,-11.039935,-141.585442,-29.670407,-0.912604,-5.444133,19.559317,-5.310717,-6.172263,9.028912,-11.096179,-24.769223,14.774246,-17.977205,4.219170,12.182459,-7.465834,4.571611,-33.186810,24.607734,-11.962623,54.993224,-46.894706,-4.517308,14.201831,13.899055,-22.823927,18.174520,-19.492848,2.713980,-14.107389,-66.132815
296.000000,25.869843,33.484122,76.250416,2.291875,-10.647270,-136.498593,-30.069713,-1.706754,0.476441,20.436252,-8.729492,-5.635944,10.768866,-9.292968,-28.799749,13.303291,-18.328316,3.400035,14.527297,-6.726157,5.328690,-33.139238,26.089356,-14.455397,54.132664,-44.793941,-4.055093,12.479970,10.869706,-23.639877,18.176365,-17.801959,0.264877,-11.979844,-67.589797
297.000000,25.685576,34.373289,76.179409,2.867360,-10.262359,-131.238639,-30.425105,-1.682340,10.228737,23.901993,-11.982606,-3.334127,11.726810,-7.618852,-32.536859,12.963918,-18.439822,2.203864,16.383291,-5.587798,5.283685,-32.058541,27.133285,-17.145783,52.106564,-43.604532,-3.768288,10.530549,7.912165,-24.116626,18.155944,-15.417748,-1.033615,-10.169247,-69.293731
298.000000,25.377679,34.982055,76.109707,3.586043,-9.888076,-127.261876,-30.045971,-2.145668,17.590637,28.224906,-14.408819,-1.695667,11.408147,-6.414594,-34.514510,14.325699,-18.251264,1.388460,18.476611,-4.347202,4.303319,-29.520289,28.490032,-19.743273,48.936058,-41.571601,-3.973206,6.852270,4.706239,-24.890823,18.001414,-12.319675,-2.409038,-8.634635,-69.949538
299.000000,24.927524,35.147333,75.994569,4.293899,-9.706162,-125.293117,-29.394979,-4.191089,20.150258,31.876015,-15.881583,-1.613994,10.112854,-6.005598,-34.485956,17.086493,-17.725635,1.070708,21.328690,-3.465887,2.772340,-25.533559,29.909979,-21.347012,44.812171,-40.995407,-4.258933,3.625185,1.252724,-25.562897,17.994157,-8.286477,-3.738227,-7.152798,-69.502243
300.000000,24.301629,35.228288,75.874847,4.614091,-8.753986,-124.139610,-27.649089,-6.702554,18.725368,33.370368,-15.722817,-2.816808,9.065500,-5.384618,-34.040232,20.999958,-16.369196,0.217996,23.464548,-2.060059,1.821026,-20.886495,31.052560,-22.301295,40.090045,-41.896917,-3.958112,1.359049,-3.298179,-25.854692,17.807574,-4.352482,-3.725617,-6.418372,-68.904383
301.000000,23.544206,35.014403,75.744539,4.344446,-7.599555,-123.883317,-23.092006,-7.928391,16.218967,27.834081,-18.417733,0.046000,7.839127,-5.616514,-33.021478,26.829239,-14.091583,0.102403,24.962875,-0.846498,1.478439,-15.493526,32.324014,-22.859902,34.340272,-42.886570,-4.188833,-0.767660,-8.716028,-24.608162,17.468542,0.385964,-2.222464,-6.858300,-65.314114
302.000000,22.866157,34.631777,75.677323,3.710057,-7.561040,-123.147828,-18.563915,-9.278017,15.856897,21.209612,-18.927557,4.727988,5.417826,-7.875373,-31.601889,34.674295,-10.026946,1.723431,25.142217,-1.211617,1.424650,-10.309630,32.980832,-23.885334,28.286909,-46.120825,-4.293783,-2.064284,-14.718267,-22.743075,17.204616,6.360851,-2.015731,-7.075627,-60.534846
303.000000,22.322163,34.556690,75.842351,3.465306,-7.740911,-120.961588,-18.670568,-9.646797,15.731818,21.943299,-17.187720,5.421471,1.100576,-10.509997,-29.548262,44.594869,-4.270831,6.081694,23.189988,-1.931008,0.885381,-6.040653,32.803677,-25.428219,22.803785,-49.445628,-4.906469,-3.662979,-20.053616,-21.519483,18.211463,13.582964,-2.466337,-5.901920,-57.639140
304.000000,21.682900,34.460884,76.072502,3.352346,-7.065216,-118.669098,-17.794195,-9.808487,13.629718,21.831798,-16.622345,6.358121,-3.997958,-12.445702,-26.250710,55.435417,-2.805146,7.825900,21.194552,-1.576952,1.034376,-4.188592,32.318505,-27.680615,16.681065,-50.934094,-5.831578,-1.799599,-22.325008,-19.475188,18.419133,17.204166,0.246529,-6.571665,-52.128383
305.000000,21.060987,34.303799,76.343566,2.966678,-6.283489,-117.193559,-15.404752,-9.963003,11.577840,19.385163,-16.107210,8.799959,-8.210562,-15.406141,-23.467143,63.579082,-4.102784,6.362069,20.558408,-1.330175,1.928226,-5.004721,30.937799,-30.452825,10.200889,-51.191537,-7.199815,4.288839,-22.282169,-18.896919,20.147559,18.092500,0.197468,-5.424291,-54.585595
306.000000,20.332195,34.221953,76.779824,2.569126,-5.014753,-116.336647,-13.733291,-8.939618,9.945325,18.972626,-16.016531,8.585987,-11.049330,-19.290210,-22.425523,66.919591,-9.524036,1.615145,19.772365,-0.439333,2.686327,-6.844743,28.454846,-31.773009,3.606534,-49.416938,-8.472278,9.643863,-20.649366,-18.458579,21.389881,16.846081,1.134739,-5.456326,-51.695308
307.000000,19.493750,34.265718,77.257174,2.358956,-3.722865,-114.842267,-12.472283,-7.799413,7.646603,18.667337,-15.461211,7.913917,-13.751107,-20.437454,-20.225761,65.470888,-13.115785,-0.781360,17.937777,0.618171,3.301452,-9.596715,24.537514,-32.200729,-1.965769,-46.565344,-9.622388,16.081153,-18.112726,-18.481112,22.508209,15.272986,1.133061,-5.804357,-46.239199
308.000000,18.479158,34.346247,77.748549,1.960215,-2.556573,-112.893370,-10.356317,-6.784894,5.394302,16.857467,-14.637101,6.932048,-15.407064,-19.257580,-17.217734,59.336210,-15.290475,-0.487175,15.330839,1.303335,3.874464,-12.762155,20.532836,-31.879993,-6.556942,-43.823781,-11.579009,22.290234,-15.126183,-18.454056,23.692091,14.702781,0.570626,-5.964558,-41.503764
309.000000,17.491274,34.380680,78.190655,1.535962,-1.644507,-110.915408,-8.084998,-6.083433,2.965792,14.340202,-13.520875,6.111055,-15.541822,-18.544881,-15.831228,49.858885,-16.483337,0.148900,12.219842,1.747747,4.535778,-16.727278,16.623287,-30.358436,-10.452595,-39.438417,-15.408292,33.702045,-11.899810,-18.906332,24.518912,14.454060,-0.172205,-5.837444,-39.174021
310.000000,16.440722,34.380057,78.496528,0.936665,-1.028581,-108.737879,-5.793193,-5.543490,0.545340,11.799803,-12.589937,4.974860,-14.044217,-17.938628,-15.791327,37.912341,-16.240079,1.593710,8.270010,1.832111,5.296035,-20.621176,14.828561,-30.073050,-14.692468,-37.538908,-12.905611,32.767303,-8.642434,-19.452184,24.998733,13.746256,2.171175,-5.446246,-35.764155
311.000000,15.317099,34.268704,78.583997,0.054725,-1.125096,-106.196209,-3.312058,-5.773502,-2.137532,9.055833,-11.597676,4.102698,-11.930764,-16.185848,-12.942443,25.949284,-14.057370,5.571874,4.160644,0.917051,5.934144,-24.392752,12.903536,-29.737684,-17.836508,-33.567279,-13.286308,38.139534,-4.907036,-20.025888,24.990911,12.939816,4.802046,-5.558329,-33.010366
312.000000,14.137629,34.071094,78.524220,-1.097768,-1.671005,-104.001191,-0.826421,-6.314831,-4.459474,6.839500,-10.909859,3.590937,-9.408126,-14.367952,-8.601700,17.245519,-9.019274,10.983812,0.699755,-0.572425,6.817632,-28.793632,11.768290,-29.655875,-20.165681,-30.394796,-12.887579,40.293437,-1.508330,-21.517413,24.731529,12.014251,5.688251,-5.704985,-31.175920
313.000000,12.911876,33.844644,78.556824,-1.706107,-1.761980,-103.225525,0.705722,-5.717054,-5.409273,5.887099,-10.827137,3.244376,-7.442426,-13.587933,-8.818648,15.119279,-8.672884,10.593751,-1.500544,-1.668427,6.716256,-32.739286,11.583847,-28.941612,-21.588447,-28.252178,-11.911082,41.996074,1.855421,-23.341357,24.512125,11.299903,5.565142,-5.668552,-29.362959
314.000000,11.672963,33.626342,78.581965,-2.123908,-1.967730,-103.119093,1.740608,-5.018285,-5.599352,5.551182,-11.057561,2.369407,-5.567506,-12.926562,-9.625438,13.577161,-9.671472,10.490680,-2.794746,-2.949476,5.996638,-36.048017,11.154431,-27.970192,-21.668912,-26.284634,-10.482200,43.369925,5.190242,-25.370820,23.666722,10.791917,4.316765,-5.852842,-26.334062
315.000000,10.529397,33.420575,78.624541,-2.335024,-2.260061,-103.904845,2.313816,-4.331659,-4.940453,5.738877,-11.372522,1.554123,-4.415998,-12.477023,-9.845114,11.912173,-9.797536,11.388129,-2.979287,-4.174933,5.019094,-38.085709,10.545993,-26.862972,-20.241534,-26.518319,-9.260912,43.990516,8.328142,-27.641282,22.267424,10.294301,1.407397,-4.982848,-23.507233
316.000000,9.370048,33.217180,78.696102,-2.548997,-2.240545,-104.932071,2.522600,-3.296387,-4.036898,6.930167,-12.025374,0.611491,-3.561023,-11.599673,-9.880623,11.054337,-10.734442,12.002854,-3.094451,-4.860440,4.315684,-38.186430,9.743720,-25.984555,-17.894199,-28.090323,-8.593913,44.853982,10.983516,-30.237063,21.028669,9.676620,0.314335,-5.741361,-21.732632
317.000000,8.207740,32.954514,78.731793,-2.964556,-2.155503,-105.921276,2.223367,-2.309674,-2.856987,9.731779,-12.942975,-0.098137,-2.039713,-10.565785,-9.917038,9.592572,-11.733530,12.201499,-3.538540,-5.227588,3.939601,-36.193931,8.603651,-25.573205,-14.865775,-31.012897,-8.758422,44.238995,12.970995,-32.772118,20.022018,9.241139,0.909495,-6.043609,-21.052984
318.000000,7.121953,32.760584,78.702807,-3.677942,-1.840515,-106.750410,1.316191,-1.170564,-1.010888,14.390660,-14.191382,-0.475544,-0.296241,-9.486567,-9.882001,8.437071,-12.608961,11.304517,-4.317712,-5.211648,4.336624,-33.174905,7.364400,-25.258871,-11.360117,-34.331010,-8.525389,43.404216,13.675906,-35.208054,19.093464,8.922775,1.486309,-5.704826,-20.399364
319.000000,6.111303,32.581633,78.642535,-4.593782,-1.473583,-107.346057,0.043759,-0.144069,0.908124,20.182198,-14.676299,-0.638222,0.962393,-8.509239,-9.381498,8.763273,-13.806009,10.169779,-5.530524,-5.228445,4.839332,-29.168422,6.970051,-24.568153,-7.030916,-36.441805,-8.271635,41.637960,13.376189,-37.200164,18.626633,9.267763,-0.044635,-5.608055,-21.515465
320.000000,5.115892,32.423672,78.573954,-5.574458,-1.218062,-107.911206,-1.890211,0.888014,2.516909,27.526651,-14.097088,-0.003373,1.607872,-7.815849,-8.765507,10.378609,-15.415611,8.542515,-6.738419,-5.462883,5.470663,-25.579654,7.703573,-23.413764,-1.292468,-39.793044,-8.275691,37.716014,11.935890,-38.062749,18.527841,10.219571,0.496443,-5.733069,-21.706409
321.000000,4.212871,32.344228,78.421879,-6.813488,-0.828608,-108.909904,-4.364861,1.574036,3.034469,35.930442,-12.361176,0.967182,2.096758,-7.146764,-7.906573,12.619107,-17.053931,6.611443,-7.319875,-5.634403,6.680553,-23.287807,8.904591,-21.076275,5.833428,-41.798849,-7.380532,36.817896,9.763595,-38.025292,18.339565,11.433962,0.773279,-5.597173,-22.367695
322.000000,3.360961,32.273158,78.159314,-8.411442,-0.159390,-109.889410,-6.516723,2.084437,2.856608,43.765414,-11.348758,0.783166,3.215094,-6.298285,-6.940300,14.585975,-18.635235,5.004823,-7.520156,-5.816833,8.589789,-23.188697,12.173601,-17.913201,14.077592,-38.925883,-6.258902,34.178919,7.249251,-37.159996,17.982502,12.409295,0.902942,-5.666586,-24.394625
323.000000,2.629990,32.246321,77.829885,-9.920620,0.512434,-110.933757,-8.502594,2.145691,2.318494,49.660509,-12.159963,-0.263863,4.094223,-5.503112,-5.933351,16.687959,-20.384394,3.966394,-7.139931,-6.098267,10.636368,-24.425142,15.650873,-15.334803,22.295477,-39.595973,-5.871941,30.010103,4.673727,-35.317146,17.523564,13.008263,0.739982,-5.757103,-25.957456
324.000000,1.964194,32.196337,77.454317,-10.724051,1.168804,-111.754493,-11.060165,3.514472,2.898695,53.391257,-12.911022,-0.490459,4.298499,-4.541292,-5.247894,18.765646,-22.207609,3.007094,-7.129236,-6.059280,12.121182,-25.856660,20.602034,-13.126859,28.173255,-37.253576,-4.823371,30.599599,1.844783,-33.116845,17.261802,13.234712,0.348013,-5.734651,-27.243610
325.000000,1.372940,32.136056,77.113289,-10.849863,1.757133,-112.466240,-13.818216,5.758152,3.951570,53.915434,-13.397432,-0.622076,3.993631,-3.586889,-5.038335,20.517943,-23.662087,2.347115,-7.379814,-5.648158,13.070924,-26.564938,25.662831,-10.775296,31.945191,-36.215982,-4.607068,28.435426,-1.106043,-30.746858,17.337872,13.084458,0.084062,-5.878087,-27.533584
326.000000,0.874337,31.989619,76.833642,-10.552262,2.242674,-113.128748,-16.238988,7.463908,4.085233,50.866659,-12.984902,-1.769560,3.536255,-2.787607,-5.136078,21.756755,-24.462276,1.921062,-7.378516,-5.054953,13.696622,-26.782765,29.431104,-6.937748,34.015951,-39.257588,-5.904311,28.838216,-3.420630,-28.144887,17.993587,12.337377,0.205011,-5.940075,-27.873968
327.000000,0.457863,31.665236,76.600587,-9.959377,2.533087,-113.536358,-18.147078,8.633114,3.667882,44.872133,-10.409324,-3.809567,2.968394,-2.073686,-5.225118,22.671628,-25.189649,1.415329,-6.863989,-4.377212,13.779514,-27.588729,33.487752,-3.233629,36.073511,-42.002071,-7.625012,28.431364,-4.860962,-26.076547,19.062322,11.492341,0.038594,-6.227435,-28.133348
328.000000,0.127473,31.177312,76.412356,-9.429086,2.662526,-113.729518,-19.219724,9.938616,3.982831,37.219282,-5.227318,-5.313280,2.527490,-1.503812,-5.103619,23.527341,-25.683521,1.027475,-5.550527,-3.700080,13.462310,-29.878823,36.211208,0.741108,39.139795,-44.927055,-8.984562,25.964467,-5.053202,-24.714800,20.292128,10.450089,0.329415,-7.155417,-27.408634
329.000000,-0.154946,30.444059,76.218331,-8.719033,2.691210,-113.130925,-19.902775,11.763270,5.709168,29.522383,1.818109,-6.126044,2.118187,-1.043438,-5.435263,24.455451,-26.110463,0.464031,-4.366133,-2.908940,12.672632,-33.858296,38.921799,3.275517,43.239510,-46.439494,-9.213996,25.555797,-4.585528,-23.847225,21.905885,9.349154,1.105660,-7.574150,-26.719557
330.000000,-0.320635,29.482931,76.015055,-8.226875,3.197986,-112.179271,-19.790642,13.331457,7.240553,23.294777,8.116110,-7.969311,2.465707,-0.455931,-6.111351,25.139392,-26.864705,-0.696823,-3.387912,-1.711048,12.013896,-38.519969,41.664594,3.617309,48.270094,-44.291724,-7.375193,23.649318,-4.001608,-24.023146,23.997933,8.144000,2.462940,-8.064235,-25.199445
331.000000,-0.308301,28.278169,75.816458,-7.848546,3.309539,-110.815529,-19.651211,13.371846,7.782790,20.873505,10.994879,-9.055881,2.940496,-0.888536,-7.730702,26.070175,-27.655549,-1.030498,-3.171398,-0.843160,11.142948,-42.811752,43.110761,1.163077,53.120304,-44.623098,-6.562029,22.128845,-3.962330,-24.874700,26.689688,7.031460,3.692691,-8.575746,-23.708244
332.000000,-0.116209,26.986811,75.606745,-7.417367,2.939564,-109.247977,-19.595181,12.485952,8.306374,21.504028,7.891788,-8.312847,2.501104,-2.445377,-9.915404,28.881964,-28.207189,-0.435878,-3.768696,-0.447014,9.931158,-45.969454,43.330402,-2.537060,57.179543,-45.951225,-6.280726,20.451246,-4.481216,-25.641925,29.408028,6.085801,4.023342,-8.719693,-21.744409
333.000000,0.195426,25.718907,75.347966,-6.712342,2.280403,-107.689446,-20.118817,10.847766,7.776548,21.685072,5.075540,-6.650389,1.085493,-4.414801,-12.068180,32.934093,-28.138129,0.460243,-4.979880,-0.493718,8.235619,-48.008372,42.659319,-5.511687,60.068761,-47.229279,-6.236276,19.330036,-5.204746,-26.243421,31.629981,5.055535,3.801548,-8.726375,-19.194075
334.000000,0.554939,24.578723,75.244761,-6.175651,1.560934,-105.776620,-20.638455,8.897540,7.166499,21.864708,3.509492,-4.947180,-0.618599,-6.602068,-13.807686,38.012663,-26.080555,1.630866,-6.756653,-0.902638,6.925559,-49.026162,41.148089,-6.518426,61.450727,-47.494171,-6.106772,19.885746,-5.853957,-26.445442,32.631393,4.277067,2.862626,-9.013623,-17.708789
335.000000,1.020689,23.873466,75.190818,-6.120619,0.719328,-104.924856,-20.508796,7.088444,6.867082,21.614757,2.968112,-4.096843,-4.431932,-8.433459,-12.098517,45.995945,-21.075148,3.469182,-7.627904,-1.780916,6.552982,-49.587873,39.394772,-5.709013,62.160179,-48.017780,-6.159726,20.373708,-6.532867,-26.149618,32.794211,3.891759,1.484833,-9.152074,-17.880570
336.000000,1.374267,23.356476,75.148535,-6.070585,-0.176835,-104.271350,-20.570645,5.350561,6.216992,21.629249,2.712709,-3.620319,-9.358115,-9.161968,-8.254881,54.138412,-14.885895,4.944674,-8.345845,-2.725623,6.380340,-49.947818,37.383787,-3.698217,62.219718,-47.825558,-6.285108,21.936655,-7.154227,-25.420596,32.395389,3.484944,0.273509,-8.864150,-19.298921
337.000000,1.562340,22.918105,75.151438,-6.367188,-0.109184,-103.782626,-20.185926,4.806698,5.659587,21.994080,2.098929,-3.212567,-12.517716,-9.116260,-5.832565,59.660411,-11.919923,4.158757,-8.855108,-2.785511,6.833260,-49.512226,35.677585,-2.169240,61.108999,-47.487840,-6.618619,23.313657,-7.671199,-24.975061,31.964247,2.683358,-1.355948,-8.894855,-21.640297
338.000000,1.738805,22.718965,75.098765,-6.333479,-0.098778,-103.859442,-20.292931,4.676549,5.692461,22.450576,1.405156,-2.316659,-15.140144,-11.232231,-6.032984,63.021500,-13.431673,1.291372,-8.671608,-2.699251,7.177877,-48.806428,34.056129,-1.474498,58.748936,-47.850922,-8.020010,23.608568,-9.239158,-24.937815,31.814789,2.141460,-3.111418,-8.959558,-24.570837
339.000000,1.726423,22.738707,75.053108,-6.283842,-0.343122,-103.501079,-20.410460,4.163618,5.314193,22.209033,1.501198,-1.429485,-16.348444,-10.332550,-3.791800,62.518818,-13.627486,0.760757,-8.386661,-2.743575,7.152490,-47.434390,32.438959,-1.403840,55.353216,-46.724829,-8.643554,24.729398,-11.136575,-25.118869,31.672677,1.670041,-5.861873,-8.885754,-27.401496
340.000000,1.511116,22.832385,75.060505,-6.337980,-0.530404,-102.918851,-20.146989,3.702231,4.615917,21.363097,1.940229,-1.226170,-15.605128,-7.625860,-0.468241,59.784940,-13.246724,1.312734,-7.519665,-2.732025,7.027965,-45.430320,30.658752,-1.883744,50.325718,-45.130775,-9.210382,28.148292,-13.229401,-25.469620,31.583030,1.115646,-9.481621,-8.672246,-30.270821
341.000000,1.154844,22.978930,75.125551,-6.262147,-0.499851,-102.408459,-19.782069,3.729039,3.968801,20.147470,2.450781,-2.025445,-13.336913,-6.866812,-0.063217,56.257997,-15.932938,0.372250,-6.114533,-2.525510,6.835098,-43.023908,28.925694,-2.517592,44.468510,-43.891240,-9.924119,29.982662,-16.383457,-26.119579,31.785098,0.421062,-13.349659,-8.784936,-32.629651
342.000000,0.709206,23.240948,75.301701,-6.046592,-0.298983,-102.015026,-19.260377,4.174109,3.401771,18.217392,3.741284,-3.650247,-9.911363,-7.211727,-2.639731,50.216097,-20.011034,-0.602974,-4.341821,-2.054888,6.558086,-40.092609,27.548381,-2.771370,37.622516,-42.618345,-10.175657,30.322276,-20.350810,-26.930760,32.411744,-0.672961,-17.318843,-9.134280,-34.113766
343.000000,0.195191,23.771800,75.526583,-5.669947,-0.065615,-102.037962,-18.783503,5.032158,3.085205,15.731193,5.854698,-5.820945,-6.463242,-7.590207,-7.113531,43.231447,-23.760495,-1.845440,-2.219717,-1.645046,6.395651,-36.923729,27.411277,-3.133805,30.313974,-42.093360,-10.090556,28.425422,-25.919764,-28.003813,33.641328,-2.040836,-20.968059,-9.550152,-34.743396
344.000000,-0.414934,24.578415,75.884080,-5.082202,0.272824,-102.726297,-18.273019,6.488244,3.108846,12.568871,9.199785,-8.755650,-3.882965,-6.930063,-11.040612,36.234963,-25.801222,-2.514956,0.433797,-1.180533,6.275237,-33.980768,28.377954,-3.453215,23.255705,-42.188504,-10.449319,27.387442,-32.855324,-28.960282,35.663399,-3.667123,-25.201542,-10.088817,-35.499925
345.000000,-1.046249,25.416079,76.291484,-4.612357,0.500656,-103.553792,-17.750069,8.002961,3.709874,9.855410,12.073909,-12.409071,-1.839163,-5.489380,-12.480452,29.616018,-26.202453,-2.376199,3.312819,-0.952903,5.822387,-31.756162,30.391610,-4.435585,17.472191,-41.684146,-10.721473,25.883736,-39.822947,-29.809722,38.058548,-5.604653,-27.829964,-11.637964,-34.304441
346.000000,-1.544837,26.348230,76.721728,-4.334518,0.552088,-103.747317,-17.632128,8.676431,4.116199,8.942156,12.361588,-14.972468,-0.454576,-4.277560,-12.910742,24.406011,-24.729485,-1.888679,5.379492,-0.815776,6.365051,-31.012310,32.667654,-4.821267,11.565056,-40.739268,-10.686562,25.991438,-48.953902,-30.409433,41.136109,-6.732625,-30.350431,-12.974899,-33.140624
347.000000,-2.003542,27.264768,77.239716,-4.269505,0.029376,-103.050797,-18.103671,7.546486,3.322241,12.167967,8.398676,-14.991729,0.021483,-4.183058,-13.802831,21.652779,-22.551319,-1.223943,6.752231,-1.218421,6.854494,-31.242337,35.082509,-5.755161,6.836871,-39.902525,-11.291284,25.908972,-58.040803,-31.206414,44.623682,-7.334347,-32.879165,-13.644906,-32.711682
348.000000,-2.420611,28.084674,77.719277,-3.994508,-1.176993,-101.959049,-19.207923,5.712001,4.460572,19.655570,2.108835,-12.171227,0.096528,-5.027120,-14.964398,19.392148,-20.820737,-0.285554,8.058220,-2.229761,6.786586,-32.152979,37.085492,-6.497015,2.620515,-39.793522,-11.476728,25.255634,-66.529977,-31.898305,47.927830,-7.314564,-34.613025,-14.526264,-30.027216
349.000000,-2.723452,28.630757,78.129315,-3.496415,-2.362378,-100.907008,-20.100769,4.716956,7.767649,29.061639,-3.134863,-7.474416,0.418214,-5.863799,-16.004580,16.561339,-19.202279,0.263153,9.542367,-3.143719,6.137522,-33.203728,38.968275,-7.063681,-1.196966,-39.933282,-11.352509,24.295546,-74.039162,-32.555175,50.966465,-6.901080,-36.219841,-14.862177,-28.273326
350.000000,-2.926490,29.022732,78.421164,-2.795986,-3.098119,-99.918846,-20.147415,4.156398,10.346444,37.395067,-6.671310,-3.410913,0.319838,-6.270386,-16.815443,14.520962,-17.651053,0.344986,11.145027,-3.591053,5.342250,-34.461976,40.578478,-7.681013,-4.751259,-40.159190,-11.188365,23.323214,-80.793140,-33.313585,53.834209,-6.134922,-37.403096,-15.573038,-25.997326
351.000000,-3.044910,29.273593,78.625029,-2.146456,-3.555169,-99.151626,-18.774558,2.855119,11.182809,42.695997,-9.482171,-1.261770,0.109590,-6.476159,-17.383598,13.102936,-16.481644,0.527509,12.829866,-3.925661,4.400239,-35.536692,42.157075,-8.426644,-8.178997,-41.965539,-11.571299,21.604746,-86.379791,-33.749406,56.613362,-4.918073,-37.853550,-15.603405,-24.186852
352.000000,-3.099841,29.451230,78.745556,-1.474735,-3.772984,-97.980979,-16.514397,1.432803,11.532039,45.364764,-11.323525,-0.031343,-0.092881,-6.617131,-18.375205,12.101665,-15.644511,0.744634,13.979193,-4.274292,3.396221,-36.870444,43.921829,-9.195792,-11.221016,-42.870919,-11.655280,20.366470,-90.716161,-34.022040,58.870596,-3.583654,-39.027086,-15.166806,-24.697703
353.000000,-3.063937,29.583654,78.785652,-0.838436,-3.711358,-96.304905,-13.364613,1.108861,12.936368,45.493377,-12.595025,1.660492,-0.215819,-6.717025,-19.932046,11.508224,-15.263997,0.823734,14.559329,-4.341253,2.196603,-37.960740,45.439613,-9.844135,-13.742668,-44.879035,-11.739475,19.170241,-94.037566,-34.629565,60.816913,-3.015218,-41.018916,-14.344425,-26.258036
354.000000,-2.978387,29.633918,78.721029,-0.339021,-3.133378,-94.264526,-9.192231,1.693824,14.569883,42.288983,-12.029483,3.012441,-0.194962,-6.429249,-21.832049,11.433695,-15.294691,0.559887,14.643231,-3.902578,0.992918,-39.182272,47.506746,-9.874226,-15.752966,-47.339321,-11.364499,16.668634,-96.700234,-35.517294,61.448371,-3.651485,-41.822601,-13.478310,-28.005710
355.000000,-2.746293,29.732132,78.508294,0.232667,-2.200599,-92.000220,-4.850044,2.027809,15.610160,35.047214,-14.202525,2.270769,-0.670310,-6.098592,-23.914823,12.350972,-15.746514,0.779410,14.310889,-3.146805,-0.232123,-40.550638,49.150871,-9.782359,-17.557252,-47.813411,-11.307266,14.663217,-99.166451,-36.345701,61.519883,-4.398989,-42.622501,-12.982134,-29.150800
356.000000,-2.426677,29.976469,78.276873,0.207645,-1.617931,-89.649088,-0.485106,1.513998,16.045103,25.937666,-17.843813,2.238517,-1.506107,-6.719465,-25.480989,15.070046,-16.808967,1.116636,13.460120,-2.694213,-0.177506,-42.517050,51.236025,-9.497918,-18.838872,-47.939353,-12.033330,12.969782,-102.233766,-36.766471,61.933847,-4.299774,-43.377131,-12.287098,-29.850143
357.000000,-2.085291,30.360615,78.134555,0.104455,-1.392358,-87.334472,2.052153,0.685158,15.433835,19.897953,-19.166814,1.960838,-3.114714,-8.208001,-26.461063,19.355692,-17.164349,1.531341,12.602251,-2.567122,-0.099591,-44.820815,53.087929,-9.312148,-19.166488,-46.419806,-12.622424,12.874496,-104.586780,-36.810772,62.417875,-2.563396,-42.213339,-12.002440,-29.447787
358.000000,-1.738307,30.820754,78.029931,0.101379,-1.237092,-84.811920,3.031228,-0.022303,13.836213,16.506885,-20.100989,1.675442,-5.884629,-10.175826,-25.550092,25.691599,-15.724858,2.633619,11.661757,-2.399496,0.085532,-47.429387,54.586254,-8.877398,-18.621396,-42.010649,-12.758317,15.015029,-106.709452,-36.845005,62.201262,0.242714,-40.458940,-11.781841,-27.586618
359.000000,-1.421328,31.335363,77.976006,0.144311,-1.147511,-82.771002,3.175812,-0.719563,12.204606,14.735571,-20.457250,2.079464,-9.598853,-12.064333,-23.437408,32.747851,-12.469469,4.879256,11.267510,-2.092185,0.383332,-49.618592,55.839412,-7.791014,-17.818905,-35.137895,-11.934287,19.633666,-108.352024,-36.785415,61.278408,3.843607,-38.954246,-11.022732,-24.613297
360.000000,-1.198020,31.855094,78.046036,-0.018221,-1.355337,-80.954700,2.891522,-1.444005,10.718390,14.324461,-19.869743,2.734995,-13.515691,-13.799007,-20.649089,39.681480,-8.413778,7.614878,11.356767,-1.864224,1.145122,-51.020898,56.115475,-6.829592,-17.456611,-28.593788,-10.701680,24.586128,-109.389311,-36.650256,60.272062,7.920508,-35.364869,-10.444936,-21.427577
361.000000,-1.035492,32.335225,78.094858,-0.285632,-1.349138,-79.386580,2.258071,-1.659115,9.467259,15.035068,-19.947494,2.891185,-16.454320,-15.747686,-19.062679,45.042697,-6.697918,9.257101,11.781016,-1.292211,2.114155,-51.825727,55.733527,-6.533222,-17.611878,-24.459362,-9.882557,29.000276,-111.052654,-36.804652,60.127316,12.083634,-32.639961,-9.966337,-17.118891
362.000000,-0.878961,32.734919,78.084749,-0.709688,-1.084151,-78.540665,1.873775,-1.478287,8.881688,15.828379,-20.349685,2.417616,-17.588015,-20.192220,-21.335428,48.528740,-7.951445,7.524993,12.881244,-0.473180,2.980707,-52.286898,55.116618,-6.927591,-17.917256,-23.410316,-9.562595,31.763931,-112.961931,-37.154621,60.912658,16.479199,-31.228383,-8.621696,-11.454871
363.000000,-0.818570,33.071828,78.094208,-1.023345,-0.869736,-78.260511,1.794410,-1.288844,8.741248,15.938969,-20.395174,2.368573,-18.039583,-25.072854,-23.845521,49.735006,-9.283821,4.488874,14.294946,0.110050,3.555332,-52.127143,54.767609,-7.543540,-18.177382,-24.399304,-9.782857,31.763928,-114.711033,-37.421398,62.437539,21.324950,-30.452381,-7.560933,-6.396132
364.000000,-0.868811,33.307388,78.162450,-1.033661,-0.892292,-77.810043,1.640445,-1.354037,8.475057,15.720503,-20.165686,3.128596,-18.548680,-28.207636,-24.136183,48.181121,-7.613970,3.429336,15.273070,0.299395,3.974447,-51.103677,54.955190,-7.611593,-18.397991,-25.931906,-10.242789,29.974302,-116.682936,-37.452652,64.465887,26.408262,-30.052791,-7.095316,-1.472859
365.000000,-1.084404,33.345050,78.265631,-0.924478,-0.768332,-76.998464,1.657414,-1.235147,7.797172,15.016712,-19.738022,3.229430,-18.323666,-29.192584,-23.460682,43.710376,-4.054925,4.082141,16.058089,0.341923,3.753867,-49.300299,55.027597,-7.982936,-18.886194,-26.719321,-9.958620,28.361867,-117.945223,-38.092054,66.621795,31.011289,-30.768783,-6.110716,3.238711
366.000000,-1.396230,33.231089,78.373444,-0.717643,-0.699861,-75.933439,1.932145,-1.209555,6.766604,13.731483,-18.974020,3.084071,-17.437053,-28.318227,-20.929569,37.084932,0.748115,6.778551,16.575735,0.168868,3.372531,-47.049464,55.150482,-8.712874,-19.621750,-27.218620,-10.136430,27.042145,-118.976950,-38.977683,68.879978,35.643735,-31.105805,-5.544443,6.572081
367.000000,-1.774875,32.994252,78.431761,-0.491660,-0.803990,-74.909028,2.405454,-1.243878,5.905183,12.321230,-18.403166,3.218323,-15.928928,-26.501098,-16.884205,29.452766,7.222272,9.951679,16.967906,-0.253832,2.929290,-44.633405,55.449801,-9.620858,-20.342761,-27.847885,-10.378815,24.701038,-119.712644,-40.091517,70.627243,40.213046,-30.767130,-5.191739,9.927806
368.000000,-2.169964,32.747838,78.440577,-0.265380,-0.843010,-74.528899,2.651761,-1.083315,5.498308,11.562935,-18.358524,3.183627,-14.470084,-25.032910,-13.460864,24.499098,8.784519,12.097447,17.481811,-0.671180,2.569328,-42.373875,55.898576,-10.625710,-20.887668,-29.638861,-10.708017,22.607769,-120.471737,-41.272449,71.723017,44.544506,-29.675089,-4.913928,11.921656
369.000000,-2.510737,32.534781,78.431201,-0.115142,-0.902695,-74.590657,2.573098,-0.885879,5.412324,11.693735,-18.610445,2.978884,-13.191394,-24.373467,-12.431060,22.183112,8.731519,12.978632,18.101675,-1.066929,2.318982,-40.503182,56.499605,-11.933359,-21.198392,-31.007911,-10.671226,19.961098,-121.042563,-42.669018,72.448090,48.651717,-28.285642,-4.980727,13.461523
370.000000,-2.746837,32.363001,78.415638,0.114695,-0.988723,-75.058050,2.132063,-0.758796,5.718426,12.433763,-18.920705,2.675600,-12.077563,-24.269008,-14.549908,20.016612,8.303986,13.258129,18.621444,-1.507736,2.022002,-38.718853,56.941125,-13.546925,-21.535248,-32.611688,-10.980415,17.021243,-121.442211,-44.189572,73.059446,52.203505,-27.463211,-5.439670,14.217271
371.000000,-2.880366,32.284170,78.346789,0.572443,-1.120424,-76.080934,1.332541,-0.752738,6.580363,13.497009,-19.438449,2.415343,-11.788600,-24.696781,-17.884394,18.611284,7.440233,13.110790,19.186510,-1.983870,1.642173,-36.794041,56.874292,-15.324463,-22.302620,-35.433058,-11.178224,13.795891,-121.680312,-45.719913,73.309684,55.093030,-27.635268,-5.639824,14.653739
372.000000,-2.880251,32.201919,78.238899,0.760114,-1.300224,-77.057966,1.153237,-0.876640,7.291136,14.055708,-20.056415,2.144372,-11.748108,-24.546566,-18.526666,17.682556,7.088795,12.824083,19.251066,-2.262977,1.467984,-34.968718,56.149230,-17.760683,-23.313025,-38.471447,-10.869571,10.517416,-121.476117,-47.090934,72.682454,57.710208,-27.554756,-5.735791,15.417784
373.000000,-2.745539,32.172376,78.131604,0.644984,-1.578439,-77.940530,1.470644,-1.193829,7.779189,14.297374,-20.938194,2.731371,-11.860213,-24.522811,-17.659867,17.344504,6.811673,12.836532,18.771919,-2.316932,1.624016,-33.398054,54.847662,-21.014991,-24.322959,-40.655939,-10.579725,7.783271,-121.107259,-48.407422,71.778813,59.975515,-27.123472,-5.826841,15.510072
374.000000,-2.462942,32.217094,78.033566,0.269197,-1.723269,-78.792763,2.064446,-1.497521,8.135151,14.309959,-21.460712,3.334645,-12.397917,-24.563281,-16.356053,18.236072,6.507354,12.619905,17.864701,-1.964411,1.941704,-32.201798,52.949139,-25.303517,-25.164034,-41.689695,-10.049358,5.600733,-120.539889,-49.864260,71.160661,61.147528,-26.455809,-6.060178,15.822326
375.000000,-2.061861,32.340226,77.962345,-0.261435,-1.715768,-79.671060,2.700621,-1.763574,8.420009,14.349778,-21.913697,3.844729,-13.555227,-24.664426,-15.243560,20.469029,6.085112,11.606629,16.546813,-1.230695,2.708731,-31.405022,50.402582,-30.249545,-25.396573,-42.264213,-9.123943,2.860024,-120.386114,-51.541936,71.287518,61.224641,-26.523706,-6.591436,15.976275
376.000000,-1.638449,32.422671,77.938360,-0.782606,-1.537604,-80.597741,3.338793,-1.925038,8.558612,14.339624,-22.148890,4.235040,-15.235097,-24.893246,-15.351856,23.864590,5.072613,9.255169,14.543090,-0.626986,3.465183,-30.395971,47.688524,-34.747204,-24.381854,-42.420556,-7.793577,-0.457645,-120.018896,-53.175304,71.722239,60.353198,-26.502517,-7.595790,16.136850
377.000000,-1.207649,32.488579,77.935308,-1.416600,-1.366027,-81.466440,4.222180,-1.979621,8.912285,14.139966,-22.189835,4.581775,-16.619826,-25.620289,-17.240403,27.656737,4.059649,6.261900,12.012946,-0.068531,4.734813,-29.456297,44.462793,-38.542201,-22.199133,-40.858981,-6.061138,-2.442163,-119.951509,-54.999292,72.701551,58.349070,-26.209350,-8.815677,16.535575
378.000000,-0.943219,32.388735,77.948397,-1.819194,-1.181986,-81.456202,4.916978,-1.908108,8.679396,13.770795,-21.883518,4.159483,-17.398181,-25.606434,-18.773306,30.817814,0.764448,3.980538,8.584752,-0.048623,5.834839,-28.876431,41.522690,-42.099213,-19.409130,-38.274341,-4.653105,-2.507110,-119.718422,-57.254023,74.584368,55.181392,-25.208475,-9.630108,15.514029
379.000000,-0.861332,32.109004,77.943355,-1.692844,-1.236163,-80.136022,5.052614,-1.974064,7.913125,13.423010,-21.848605,3.358463,-17.682368,-23.875925,-18.891159,31.183147,-2.386935,4.433476,4.194092,-0.453254,6.335670,-28.371750,38.152825,-44.994568,-15.684372,-35.110171,-3.512277,-2.312553,-119.346873,-59.520857,75.538074,51.285701,-21.932067,-11.249453,16.547636
380.000000,-0.875549,31.646892,77.977878,-1.198256,-1.317053,-78.882809,5.213512,-2.109139,7.120738,12.463898,-21.586768,2.517069,-17.842500,-21.975739,-19.227491,29.675792,-4.606892,5.338459,0.327410,-1.308099,6.145744,-28.078660,35.029882,-47.056199,-11.425051,-30.956623,-3.316869,-5.237265,-118.262308,-62.905824,78.013068,45.063706,-16.907288,-12.816654,16.509209
381.000000,-0.916429,30.980855,78.049302,-0.366179,-1.363721,-77.600075,5.483365,-2.281721,6.201723,10.821104,-20.861945,1.549728,-17.925893,-20.216402,-19.843749,26.611807,-6.781582,6.188665,-3.297887,-2.307505,5.438804,-27.429526,31.906689,-48.887670,-7.506221,-26.767639,-2.940521,-4.128768,-116.968410,-67.053053,80.214069,36.610162,-11.838995,-13.359015,17.499389
382.000000,-1.088104,30.080670,78.106970,0.485805,-1.270476,-76.098281,5.960754,-2.174573,5.024915,8.844656,-19.792107,-0.200435,-17.487917,-18.064735,-19.951000,22.238831,-8.444389,6.935276,-6.715819,-3.632897,4.519406,-26.708230,29.670400,-50.282651,-3.731430,-23.757853,-3.355898,-5.540156,-113.721584,-72.230801,80.214090,26.499971,-5.784430,-13.545521,18.977366
383.000000,-1.333936,28.963542,78.122568,1.314090,-1.213336,-74.279485,6.384833,-2.001115,3.570892,7.336112,-18.927660,-1.261365,-16.835178,-15.409593,-17.746428,18.091178,-8.589765,7.802338,-9.840968,-4.467915,3.432091,-25.747187,27.188606,-51.197042,-0.663596,-21.072841,-2.870730,-1.189732,-110.207001,-77.165203,80.214090,16.734761,-0.574000,-13.053929,18.612674
384.000000,-1.649692,27.727193,78.042090,2.113682,-1.021449,-72.435799,6.422263,-1.620212,1.965857,6.754164,-18.424553,-1.971764,-15.987236,-12.520281,-13.339171,15.455077,-7.068605,8.228345,-12.417791,-4.530768,2.326333,-24.937278,24.578209,-51.605009,1.758659,-19.234255,-2.686833,0.596262,-107.376769,-81.150044,80.214090,8.376503,4.149769,-12.723780,19.743118
385.000000,-1.950484,26.448104,78.043991,2.432248,-0.666414,-71.424824,6.453054,-0.819187,1.111393,7.344706,-18.322619,-2.313714,-15.185076,-11.368160,-12.616049,15.248167,-7.429604,6.529120,-13.817645,-3.858518,1.617282,-24.294631,22.032461,-51.339090,3.933941,-17.521191,-2.648082,0.637501,-104.928938,-84.609590,80.214090,0.721975,9.114982,-12.353911,22.900975
386.000000,-2.276156,25.046694,78.038418,2.409545,-0.307263,-70.965469,6.064435,0.284366,1.122527,9.825952,-18.823936,-2.152003,-14.136513,-10.908146,-13.865629,15.262696,-7.801801,5.487024,-14.327193,-2.503226,1.314627,-23.644670,19.148234,-50.403453,5.542081,-18.109647,-2.086051,1.075887,-102.452639,-87.396976,80.213291,-5.752338,13.284441,-11.595498,24.387230
387.000000,-2.651168,23.589467,78.014153,1.991999,-0.340722,-70.777784,5.425969,1.199417,1.799650,14.076760,-19.203429,-1.479519,-12.440403,-10.833454,-15.490393,15.507915,-9.179153,5.308679,-14.194140,-1.421360,1.668790,-23.500678,16.495525,-49.328582,6.669100,-18.848643,-1.624169,1.338575,-97.316904,-89.630100,77.400646,-10.834774,16.756636,-11.044014,23.949710
388.000000,-3.182490,22.129302,78.031570,1.577561,-0.561503,-70.987004,3.713396,2.060598,2.814150,20.703154,-18.594702,-0.377322,-11.080887,-10.205376,-15.848308,16.048351,-10.783650,4.827889,-13.850352,-0.983944,1.961692,-23.487940,14.723707,-48.059468,7.741103,-18.649017,-1.114785,1.663771,-83.784626,-90.098501,66.252951,-14.695873,19.814993,-10.094874,21.685810
389.000000,-3.772092,20.695671,78.145349,0.894284,-1.169334,-71.601230,1.474110,2.781696,3.962710,29.075214,-15.681464,0.447547,-9.549997,-9.551041,-15.376829,16.725238,-12.371690,3.385384,-13.540496,-2.797719,2.087176,-22.773978,15.869434,-47.110226,8.509699,-18.551434,-0.713068,2.965124,-58.648464,-86.025433,43.838306,-17.652841,20.021979,-9.490291,18.368226
390.000000,-4.316089,19.294199,78.267652,-0.171136,-1.893130,-72.192493,-1.456786,3.329059,4.263325,38.734566,-10.728234,1.250711,-7.208318,-8.922733,-14.908437,16.708874,-13.793025,1.661742,-12.557200,-4.748938,2.854701,-22.100660,17.000395,-46.654690,9.067311,-18.761859,-0.073696,4.312063,-39.813883,-79.645456,27.915880,-21.153579,19.376072,-8.823839,14.396079
391.000000,-4.804906,17.982376,78.277314,-1.281024,-2.460526,-72.803407,-5.017655,3.986058,4.308207,48.213937,-5.627457,2.055146,-5.155712,-8.318944,-14.558060,17.206937,-15.389210,0.025078,-11.454285,-5.910896,4.076906,-21.801429,17.655706,-46.033819,9.560899,-19.465663,0.538221,5.312493,-30.347316,-72.536404,21.141971,-24.350698,18.357916,-7.898064,10.583416
392.000000,-5.224559,16.798538,78.161067,-2.216936,-2.856498,-73.455035,-8.670998,4.909380,4.664301,56.306645,-3.151887,2.472155,-3.702156,-7.795899,-14.341973,18.290922,-17.271172,-1.334417,-10.318883,-6.494818,5.106950,-21.633709,17.907972,-45.482687,10.269325,-20.622990,0.831123,6.553297,-25.418926,-65.127623,18.907241,-27.070113,17.648809,-6.838890,7.799221
393.000000,-5.481265,15.750811,77.955776,-2.992055,-3.151402,-74.115082,-12.231762,5.003436,4.587336,61.834215,-5.687385,2.885524,-2.684637,-7.421916,-13.929910,19.710922,-19.174901,-2.286250,-9.283420,-6.682033,5.779149,-21.215175,17.456797,-44.773348,11.258550,-21.844033,1.229179,7.226900,-23.152246,-57.384319,19.496157,-28.211932,15.751719,-5.824927,3.726771
394.000000,-5.714318,14.710918,77.692330,-3.584649,-3.156507,-74.674047,-15.739713,5.576339,4.932166,64.572226,-7.978777,2.794767,-1.975667,-6.802707,-13.464924,21.185488,-21.031428,-3.106721,-8.278173,-6.509545,6.090912,-20.743327,16.597647,-44.061567,12.552166,-22.630399,1.424807,8.143964,-22.316796,-49.602299,21.263615,-27.623300,11.443471,-4.683882,-0.772986
395.000000,-5.710514,13.838136,77.453953,-4.734572,-3.542434,-74.873917,-18.207170,5.908451,5.773389,64.311531,-9.518160,2.293793,-0.393817,-6.779434,-13.322583,22.390272,-22.782352,-3.188995,-7.356681,-6.427389,7.336584,-20.828886,15.452359,-43.524110,13.762639,-23.953590,1.545995,9.298411,-22.629154,-42.135420,23.480906,-25.026515,5.121205,-3.578798,-5.029377
396.000000,-5.916405,12.813775,77.150941,-5.205964,-3.126127,-75.873641,-21.009507,7.680298,7.092676,61.551042,-10.814993,1.026866,0.122106,-5.633192,-12.569422,23.485650,-24.582230,-4.250181,-5.527205,-5.868925,7.875387,-21.013721,13.768217,-42.922066,15.224230,-24.883462,1.372483,10.876862,-24.190508,-34.164466,25.639924,-19.630522,-0.528335,-2.559731,-9.618022
397.000000,-5.902490,11.909530,76.892883,-5.804107,-2.726338,-76.075361,-23.118997,9.296322,8.582483,56.113713,-10.121618,-0.621760,1.237855,-4.774683,-12.530615,23.932781,-25.800932,-4.830587,-3.831159,-4.990771,8.280032,-22.011388,12.757801,-42.849998,15.986679,-25.058255,1.386402,10.748690,-25.323831,-27.994999,26.385162,-14.137815,-4.124855,-1.061847,-14.786210
398.000000,-5.816313,11.002281,76.674855,-6.206157,-2.081983,-76.033497,-24.759374,11.059746,10.333999,49.034153,-6.709817,-2.513709,2.300669,-3.742757,-12.697287,23.988548,-26.554503,-5.368987,-2.206115,-3.974879,8.462178,-23.487813,12.029870,-42.539309,16.784556,-25.081783,1.785107,10.032030,-27.914440,-24.186229,26.512631,-8.641201,-8.851343,0.027167,-16.280475
399.000000,-5.545393,10.100399,76.515740,-6.357081,-1.520486,-75.375754,-25.846669,12.075301,12.402241,41.658936,-1.527089,-3.524157,3.424187,-3.116930,-13.432683,23.747629,-27.210246,-5.903040,-0.979777,-3.038506,8.441607,-25.259064,11.296898,-42.886215,17.625286,-24.156933,1.940863,17.662900,-30.904987,-22.193539,26.568481,-3.834673,-11.902810,0.738701,-17.308666
400.000000,-5.123006,9.180698,76.422518,-6.272204,-1.085670,-74.161008,-26.048943,12.490583,15.386077,35.656948,4.419939,-4.639692,4.414549,-2.917628,-14.740139,23.627646,-27.368877,-6.289941,-0.204981,-2.349123,8.069728,-26.584937,10.943956,-43.053247,18.138623,-24.328644,0.888493,9.586407,-34.047352,-22.311559,26.648842,-0.185797,-13.943779,0.679273,-15.586931
401.000000,-4.569818,8.148234,76.354611,-6.023208,-0.796086,-72.684230,-25.563079,12.235972,18.617779,32.700009,8.503606,-4.801972,5.256615,-3.172271,-16.403442,23.966726,-27.534731,-6.383263,0.173982,-1.930833,7.355915,-27.322797,10.341301,-43.401703,18.704806,-24.516781,0.616229,8.608276,-37.006132,-23.094555,27.228759,2.711987,-15.287066,1.242143,-15.250018
402.000000,-3.855573,7.114487,76.271379,-5.348342,-0.819126,-70.714900,-24.333584,11.718693,22.134763,31.806135,4.654832,-2.001015,5.528190,-4.373316,-18.763132,25.292582,-27.447812,-5.623882,-0.020413,-2.038605,6.067812,-27.811330,10.395759,-44.383000,18.400453,-24.360488,0.679700,8.093620,-39.466302,-24.217827,27.757858,4.970665,-14.713539,1.327250,-14.260128
403.000000,-3.099344,6.160692,76.146120,-4.863749,-1.136234,-69.320415,-22.313875,9.284790,21.005434,28.646771,0.705312,-0.316050,4.886261,-6.141459,-20.204743,29.183923,-26.720417,-4.418299,0.277725,-2.509220,5.529357,-28.680767,11.040796,-44.843750,17.971064,-23.202363,0.688064,7.556304,-42.993148,-25.910191,27.969495,8.080294,-14.701169,0.822048,-11.557629
404.000000,-2.383287,5.354502,76.056975,-4.581212,-1.495432,-67.710172,-20.622137,6.906269,18.762806,25.969817,-1.769397,0.650537,3.176952,-7.760103,-20.094946,34.852905,-24.192160,-3.200639,0.378331,-2.772345,4.897633,-29.206111,11.708738,-44.672623,18.288043,-21.593226,0.343321,5.454283,-45.102406,-27.118380,28.315804,10.634534,-14.339554,0.615655,-9.485001
405.000000,-1.790815,4.711248,76.050621,-4.085043,-1.955225,-65.880515,-19.519427,4.846513,18.276176,23.946107,-3.045898,0.711627,0.310105,-9.518718,-18.471965,41.666637,-20.386399,-1.374309,0.257267,-3.180990,4.387840,-29.106417,11.180003,-44.150479,19.657908,-20.558127,-0.400697,4.421412,-46.173178,-27.773337,28.727595,12.625690,-14.372863,0.542541,-8.214083
406.000000,-1.452016,4.196365,76.144731,-3.724764,-2.257325,-63.467354,-18.728281,2.806892,16.864478,21.995338,-3.024678,1.700143,-3.226659,-9.875505,-15.104437,48.299819,-15.223756,-0.295429,-0.411012,-3.341835,3.687168,-28.963223,11.025818,-44.094223,20.937369,-19.931554,-0.984192,2.450116,-46.229169,-28.165340,29.246009,14.364952,-16.217821,0.549671,-6.870846
407.000000,-1.346370,3.792899,76.205617,-3.668581,-2.318748,-60.950279,-18.474828,1.452682,14.928371,21.162774,-2.869155,2.834937,-6.683630,-9.376119,-11.614744,54.167618,-11.386704,-0.114729,-1.358266,-3.151824,3.692057,-28.668162,10.168500,-43.916368,22.062703,-17.986566,-1.178226,3.952167,-46.069971,-28.365723,29.532703,15.392777,-18.036127,0.868843,-6.524052
408.000000,-1.463866,3.541432,76.164514,-3.729783,-2.105109,-58.574433,-18.950490,0.661952,12.696803,21.294288,-2.832516,2.713261,-9.282138,-9.997011,-10.111419,58.455300,-11.936987,-1.204456,-2.319095,-2.791771,4.121833,-28.955071,9.943771,-43.978850,23.099672,-16.700356,-1.346230,3.967085,-45.962860,-28.991824,29.457011,15.487007,-19.106947,1.138431,-5.793983
409.000000,-1.835119,3.270957,76.090652,-3.889604,-2.030693,-55.896481,-19.245013,-0.214041,10.210259,21.132016,-2.579415,2.284103,-10.759676,-8.753562,-6.641552,59.608413,-13.882775,-1.365755,-3.755323,-2.608910,4.579300,-28.868314,9.732814,-43.901680,24.489903,-15.687992,-1.764993,3.274698,-45.512549,-30.233508,29.347117,14.711797,-20.586924,0.872057,-4.146907
410.000000,-2.426141,3.006036,76.002157,-4.033631,-2.161721,-52.916686,-19.511108,-1.277745,7.571415,20.864713,-1.885401,2.013543,-11.156923,-5.028343,-0.376362,57.962467,-14.415529,0.254410,-5.495190,-2.772682,4.994403,-28.192852,8.851429,-43.437537,26.602448,-14.763614,-2.330988,5.874587,-44.558027,-31.641886,29.525477,12.836715,-21.673614,0.372665,-4.120030
411.000000,-3.204717,2.776798,75.884819,-3.971964,-2.286574,-50.136718,-20.070854,-2.307058,5.037514,20.653584,-1.020742,1.810027,-10.457182,-1.648923,5.988806,54.233912,-14.072517,1.327087,-7.092087,-3.154664,5.101616,-27.410246,8.176072,-43.167335,28.252287,-14.372851,-2.641230,6.061877,-43.575319,-33.377642,30.011055,10.225914,-21.935677,-0.175333,-2.434882
412.000000,-4.171226,2.603560,75.720572,-3.516120,-2.432648,-46.968817,-20.887845,-3.774830,2.362640,19.929488,0.242389,1.383882,-8.149727,2.373926,13.843918,49.389497,-14.695196,4.418855,-8.982284,-3.986951,5.149517,-27.395686,7.955570,-42.893373,29.370179,-13.679499,-3.167861,5.206341,-43.198956,-36.065847,30.494517,6.228798,-21.637322,-1.066076,0.625557
413.000000,-5.272211,2.539809,75.626129,-3.157086,-2.532193,-44.519650,-21.332414,-4.729739,0.214451,18.508496,1.951368,0.330399,-5.529829,3.390654,17.090692,44.140070,-17.942851,5.251395,-10.030467,-4.780491,5.512637,-27.630390,7.798679,-42.597680,30.170773,-13.200089,-3.797061,4.310169,-43.621949,-39.680585,31.157120,0.890525,-19.765249,-2.179101,4.046058
414.000000,-6.575559,2.578572,75.687528,-3.125629,-2.646843,-43.103763,-21.168974,-4.788597,-1.424657,16.294702,4.313407,-1.860209,-3.808417,1.473596,12.222524,39.382413,-21.311806,3.419786,-10.002914,-5.265266,6.606232,-28.254379,8.298571,-42.304774,30.493096,-13.533251,-5.303358,1.605349,-45.254347,-44.002981,31.309621,-5.576715,-15.733156,-3.551806,8.012101
415.000000,-7.985537,2.731322,75.906503,-2.815628,-2.146075,-43.047038,-21.411031,-3.759567,-2.259918,13.466048,6.598601,-5.172107,-3.028639,-0.583064,5.016649,34.522317,-24.008158,1.864827,-8.572453,-5.350821,6.713562,-28.214383,8.560805,-41.906622,30.636264,-13.920865,-5.765815,-1.803977,-47.595794,-48.563796,31.051006,-11.981730,-8.634429,-4.345071,11.502939
416.000000,-9.436118,2.767945,76.170284,-2.299001,-1.496030,-42.834769,-21.807419,-2.763197,-3.731582,10.912090,8.161309,-9.937426,-2.100708,-0.846092,1.570512,28.903370,-25.598680,1.510418,-7.495251,-5.155978,5.502041,-26.448927,7.720924,-41.677104,30.621777,-13.497815,-5.492962,-0.920312,-49.524383,-51.990918,29.751867,-18.342710,0.762137,-3.421116,17.011506
417.000000,-10.769083,2.913748,76.529461,-1.870092,-1.366705,-42.347981,-21.514187,-2.191389,-4.744478,10.191157,6.229754,-12.617620,-1.721619,-0.662734,0.883459,25.253690,-25.096461,1.765198,-6.240297,-5.416921,5.552534,-25.734613,7.689951,-41.458108,29.925671,-13.365497,-5.084864,-2.008208,-53.609212,-56.150750,27.595574,-22.737930,8.861537,-3.657284,17.732985
418.000000,-12.095078,3.063669,77.056718,-0.859034,-1.686349,-40.300617,-21.367960,-2.033123,-1.914203,13.784104,0.798830,-10.027161,-1.722138,-1.781944,-1.657585,22.972479,-23.742006,2.374934,-6.357037,-6.691462,5.449990,-25.037375,8.167573,-41.786578,28.985236,-14.853175,-5.059714,-1.582485,-58.363857,-60.015281,25.645482,-24.196715,15.170267,-4.308398,14.404027
419.000000,-13.333048,3.207846,77.612883,0.468969,-1.949203,-37.472638,-21.392506,-1.528361,3.347356,20.785971,-4.341399,-5.271496,-1.750642,-3.267465,-4.410833,20.802610,-22.385240,2.345171,-7.156703,-8.333785,4.930250,-24.265919,9.193536,-41.806919,27.881075,-16.370703,-5.185828,-0.986176,-62.707236,-63.693146,23.576724,-22.255577,19.523624,-5.561441,9.836250
420.000000,-14.491548,3.316599,78.098249,1.824937,-1.899167,-34.524832,-21.162885,-0.653806,7.785985,28.848294,-8.000327,-1.181011,-1.790687,-4.564670,-7.046508,18.418474,-21.167835,1.825566,-7.670112,-9.876647,4.028286,-23.618512,10.828926,-41.778478,26.271168,-17.844880,-5.128994,-0.708571,-66.243778,-67.753858,22.783805,-17.363755,23.033457,-6.898068,3.821576
421.000000,-15.508269,3.404430,78.473026,2.660939,-1.530196,-31.394112,-20.236592,0.578045,10.623783,36.520427,-11.021930,0.933762,-1.507056,-5.210646,-9.830563,15.833072,-19.544969,1.664968,-8.177126,-10.902622,3.183734,-23.021504,13.359532,-41.805088,23.904849,-19.468431,-5.142017,-1.378406,-69.852331,-71.940846,23.757742,-9.618062,27.660837,-8.746125,-0.563038
422.000000,-16.386832,3.476340,78.752041,3.293484,-1.184408,-28.354362,-17.853268,2.160297,13.453984,42.025338,-13.363663,2.351581,-1.102504,-5.770529,-12.647600,13.598192,-17.970422,1.741178,-8.582590,-11.725191,2.505481,-22.785159,15.607341,-41.773024,22.100583,-20.642167,-5.197072,-0.971847,-73.181188,-75.612947,25.752588,-0.778317,31.444272,-9.530177,-2.949407
423.000000,-17.197701,3.542333,78.920341,3.601076,-0.899023,-25.163088,-14.292606,4.463185,16.706492,45.533490,-15.130696,3.090767,-0.381250,-6.023566,-15.526661,11.400708,-16.950532,1.674477,-9.356697,-12.411778,2.064794,-22.579842,18.165202,-41.193195,20.476391,-21.835210,-5.152293,-0.915077,-76.303759,-78.225241,28.146470,8.763904,34.487152,-9.304557,-3.121175
424.000000,-17.914124,3.638294,79.024440,3.816378,-0.578749,-21.734914,-10.012853,6.813249,20.105215,46.602845,-16.272381,3.727393,0.287359,-6.278845,-18.442501,9.580045,-16.055734,1.515432,-10.517293,-12.945049,1.582724,-22.425229,20.282126,-40.168899,19.778068,-22.610103,-5.609803,-1.411965,-78.240978,-79.913760,29.959628,17.758944,35.941917,-8.022308,-2.212474
425.000000,-18.574129,3.809837,79.034758,3.635478,-0.272903,-18.227863,-5.686448,8.420486,22.415376,45.122432,-16.606113,3.613559,1.024567,-6.307169,-21.703242,8.180720,-15.383662,1.599563,-11.806203,-13.193751,1.346134,-22.661910,22.367544,-38.735577,19.809302,-23.227581,-5.049586,-1.679992,-79.747369,-81.063540,32.229105,26.750468,35.900113,-6.784674,-1.635524
426.000000,-19.285622,4.175424,78.946108,3.027074,0.162072,-14.810046,-1.997134,9.082020,23.577468,40.893917,-14.742456,1.580258,1.164074,-6.070104,-24.787661,7.735526,-15.020554,1.035226,-13.357345,-12.816929,1.320132,-23.504481,23.883493,-37.098459,20.687209,-24.165496,-5.438043,-0.565735,-80.654781,-81.506485,34.996837,34.317753,35.043856,-5.871314,-1.511713
427.000000,-20.117041,4.619957,78.804213,2.188456,0.628822,-11.515807,1.126561,8.891101,23.962539,33.720419,-13.872729,-1.700223,0.730117,-5.772024,-27.463113,8.094327,-14.851852,0.776907,-15.016181,-11.897097,1.513957,-24.917181,24.849867,-35.684422,22.604777,-24.102155,-5.887795,-0.713093,-80.502078,-81.382920,37.325307,39.865598,34.761780,-5.503662,-1.967911
428.000000,-21.102284,5.168188,78.658926,1.453855,0.901708,-8.378257,3.631876,7.996466,23.813014,25.460261,-16.162215,-3.466181,-0.197047,-5.984256,-29.687554,9.366527,-14.801817,0.837500,-16.737351,-10.750572,2.373419,-26.886234,24.673203,-33.977534,25.566571,-22.722750,-5.990768,0.349122,-78.664422,-81.227007,38.165741,41.687366,35.581471,-5.703852,-4.226251
429.000000,-22.169246,5.694225,78.600651,0.867038,0.835675,-5.669267,5.181301,7.153356,22.735526,19.698513,-17.545031,-3.315136,-1.341338,-6.677475,-31.066347,11.485570,-14.353376,0.951437,-18.450134,-9.608367,3.548318,-28.998337,24.656129,-32.353452,29.105967,-21.169227,-6.413228,0.077473,-75.133351,-81.464527,37.789637,39.515404,35.005768,-6.562909,-6.197240
430.000000,-23.299982,6.087594,78.554088,0.294594,0.714683,-3.579061,5.077157,6.961156,20.801664,17.302864,-18.344430,-2.987415,-3.160557,-7.252518,-29.996992,14.385690,-13.930355,0.845576,-20.045215,-8.501848,4.802799,-31.211564,24.946113,-30.757954,33.282962,-19.511462,-6.705493,-0.181935,-70.333286,-80.915960,35.242629,35.311777,35.926194,-7.731838,-7.129698
431.000000,-24.563800,6.389871,78.486204,-0.146856,0.933805,-1.724670,3.299796,6.938498,18.079955,17.166767,-18.888253,-2.459632,-6.519370,-7.716180,-25.390361,18.560773,-13.704210,0.549798,-21.872511,-7.852873,5.732582,-33.595033,26.118551,-29.409012,38.006653,-18.194062,-6.617031,-0.362308,-62.529221,-78.490874,28.990475,29.526942,40.358519,-9.654894,-7.179237
432.000000,-25.843897,6.479421,78.355938,-0.238818,1.484435,-0.068096,0.602293,6.867420,16.006179,18.193512,-19.522188,-1.649728,-11.286538,-7.619380,-18.403731,24.309864,-14.176512,0.798051,-23.222578,-8.280734,5.906626,-35.540534,28.380095,-29.089151,42.327328,-17.455655,-6.448306,-0.145506,-52.193847,-74.515615,20.727848,22.614787,43.230023,-11.829228,-7.352684
433.000000,-27.061734,6.338760,78.160340,-0.447591,2.070434,1.440321,-2.532215,7.054123,14.030583,20.233503,-20.147941,-0.517185,-15.662018,-6.348157,-10.543607,31.335815,-15.575565,1.072537,-23.827424,-8.708049,5.928416,-37.327295,30.615865,-29.223774,46.423348,-17.423194,-5.940478,0.755641,-43.419454,-70.101954,14.602851,15.619842,42.030969,-13.804180,-8.887942
434.000000,-28.154519,6.117554,77.967364,-1.067648,1.981938,2.415783,-5.265180,7.849752,12.000701,23.356920,-20.795469,0.726165,-17.963785,-6.882310,-7.085805,40.254078,-18.439241,-1.662873,-23.493558,-8.411866,6.625951,-38.716248,32.606411,-28.719586,50.227015,-18.165774,-5.364419,2.061319,-37.588624,-65.746349,11.491487,9.387473,38.427918,-16.295788,-12.253755
435.000000,-29.132020,5.729530,77.722770,-1.579467,1.952219,3.436334,-8.238758,8.574563,9.977096,26.836831,-21.229676,1.711797,-19.521896,-8.323325,-4.232853,49.351129,-20.739398,-5.057765,-22.478588,-8.037248,7.223245,-40.306398,34.502960,-27.898324,54.240817,-18.515820,-4.732474,3.536015,-31.070821,-61.087026,7.727678,2.818588,33.338823,-18.328439,-16.574781
436.000000,-29.959396,5.157195,77.460694,-1.860825,1.735389,5.106698,-10.582255,8.784757,7.608627,29.296385,-21.302513,2.446754,-19.333294,-9.126800,-0.560438,55.728272,-19.361578,-6.695640,-21.518697,-7.607027,7.674459,-41.327876,36.351855,-26.144564,57.720112,-18.426466,-4.043666,5.106580,-24.811388,-56.740017,4.612365,-3.031478,22.491630,-18.197577,-25.177990
437.000000,-30.677000,4.406000,77.207148,-1.721730,1.468144,7.096519,-12.203182,8.413283,5.268211,30.482069,-21.170538,3.505971,-17.533973,-10.336084,2.611073,58.924493,-15.537220,-7.361352,-20.459794,-7.473327,7.626529,-41.788825,38.313007,-24.040581,60.525387,-18.801861,-3.186809,7.329882,-18.551798,-52.583362,3.882276,-8.815293,10.050072,-14.321339,-37.099972
438.000000,-31.306216,3.425676,76.991510,-1.167840,1.277159,9.193052,-13.292126,7.594156,3.034240,30.617122,-20.678550,4.355685,-14.230283,-12.160484,4.654936,58.885704,-11.729355,-7.027247,-19.380221,-7.737342,7.347129,-42.024037,40.721359,-22.361571,62.637042,-19.942295,-2.530116,9.472969,-13.538865,-47.398665,6.040786,-14.183025,3.490387,-10.347276,-43.824789
439.000000,-31.865749,2.134139,76.748347,-0.255695,1.619710,11.285362,-14.780150,6.417495,0.831784,30.576646,-19.875591,4.826691,-9.876827,-13.087378,6.663158,55.594694,-6.663744,-4.774726,-17.856201,-8.290993,6.591917,-42.576940,43.203641,-21.096808,64.217568,-20.275526,-1.982760,11.083094,-9.934152,-41.740362,10.133616,-18.081095,1.252665,-8.834238,-45.951392
440.000000,-32.370502,0.526366,76.408982,0.666571,2.643138,13.148851,-16.948933,5.406007,-1.020943,30.532824,-19.072902,4.292582,-5.021679,-13.168357,7.728931,48.791596,-4.699175,-1.155502,-15.706312,-9.145072,5.430956,-43.875322,45.828957,-20.250534,65.716296,-20.392942,-1.313679,12.827493,-7.775443,-35.897340,14.846021,-20.972432,-0.648229,-7.051394,-49.768781
441.000000,-32.873744,-1.216195,75.972724,1.064010,3.954792,14.840123,-19.786196,4.959461,-2.897241,30.936468,-18.434694,3.283746,-0.513268,-13.859769,5.096884,39.513553,-9.063585,1.353217,-12.849899,-9.342423,4.043134,-45.331023,47.941637,-20.343152,66.688936,-20.126882,-0.804979,15.255386,-7.163785,-31.407150,19.382127,-22.985409,0.230867,-6.827166,-51.520202
442.000000,-33.404651,-2.915746,75.619584,1.022459,4.710054,16.367710,-22.284165,5.025194,-4.845704,31.613128,-17.590647,2.180409,2.893014,-14.586559,-0.477214,32.971481,-15.138293,2.713671,-9.307256,-9.070336,3.210968,-46.541602,49.498415,-20.619668,66.882271,-18.624773,-0.589930,17.731089,-8.200278,-27.582928,22.332159,-23.580538,-4.632791,-5.795877,-56.223180
443.000000,-33.944947,-4.478961,75.387770,0.945376,4.834999,18.056620,-24.116146,5.194937,-6.424332,32.139459,-16.247762,0.790037,5.063044,-14.214860,-4.750296,29.279279,-18.918480,3.242481,-5.604812,-8.623408,3.520541,-47.572240,50.765849,-21.135921,66.297211,-16.233305,-0.566707,19.118379,-10.885494,-24.382701,24.634296,-23.664862,-8.363334,-4.599004,-60.191677
444.000000,-34.394014,-5.845650,75.225860,0.886235,4.551034,20.393098,-25.666282,5.227687,-7.206465,32.842548,-14.718769,-0.428515,6.626991,-13.143056,-6.749069,27.384103,-21.199548,2.972592,-2.291404,-8.009873,4.239309,-47.903887,51.606150,-21.656529,65.270913,-13.542366,-0.547652,19.764199,-14.173831,-22.553483,26.546536,-23.432376,-9.320789,-4.035576,-62.048717
445.000000,-34.801540,-6.759691,74.989754,0.966005,5.119154,23.448650,-28.209591,4.802682,-5.341314,33.899653,-13.621685,-0.886492,6.795793,-12.956755,-8.441117,27.116980,-23.314164,2.850786,0.322331,-7.841192,4.173078,-47.511892,51.823268,-22.737660,63.472395,-11.354471,-0.619279,19.618660,-17.424581,-22.266212,28.719805,-22.926532,-9.815736,-1.972850,-58.927382
446.000000,-34.986299,-7.517265,74.814957,0.488795,5.427353,26.499097,-30.418565,5.495648,-1.580450,35.309988,-13.641300,-1.727238,7.005598,-12.299175,-11.327496,27.222901,-24.671446,2.132797,2.833309,-6.978434,3.823576,-45.480812,51.287730,-22.815502,60.318589,-9.162152,-0.988075,20.135838,-19.917180,-22.232262,30.100504,-22.087392,-9.578025,-1.632549,-58.100253
447.000000,-35.129929,-8.053146,74.663794,0.383234,4.802312,29.114099,-31.009055,6.450444,3.340069,37.435615,-14.796319,-2.299763,8.289099,-11.552577,-13.687900,27.111058,-25.354982,1.734528,5.337686,-6.309792,4.863189,-42.597974,50.908545,-22.159874,56.249275,-9.100902,-1.714437,20.783475,-22.654305,-21.315426,30.362496,-19.897610,-10.110376,-2.768269,-61.325181
448.000000,-35.218617,-8.211103,74.498755,0.104122,4.634696,32.333795,-31.692805,8.880062,10.903685,40.895146,-16.546591,0.280540,9.446506,-10.986125,-15.925757,26.594240,-25.690326,1.839037,7.496402,-5.493916,4.986010,-38.947668,49.358444,-21.877695,51.492953,-8.838739,-2.103700,21.378193,-24.032668,-20.971548,28.618127,-17.524466,-9.503619,-3.332666,-62.122053
449.000000,-35.027242,-8.117764,74.372870,-0.325830,4.741635,35.261851,-31.601738,11.933418,17.759766,44.431863,-19.280656,4.165171,10.761719,-10.273889,-17.863106,25.224829,-25.785610,1.510024,9.542557,-4.802594,4.659581,-34.599857,47.379929,-22.194266,46.012201,-8.506550,-2.237602,21.367919,-25.073558,-20.750957,25.464354,-15.670493,-7.301640,-3.142774,-61.199847
450.000000,-34.767646,-7.714510,74.283016,-0.607632,5.063689,37.575014,-30.927250,12.988996,21.389251,46.218039,-20.669331,6.058640,12.096260,-10.038590,-19.670735,23.611979,-25.497127,1.425807,11.119766,-4.721761,4.135972,-29.812492,45.010161,-23.326105,40.796314,-9.405071,-2.436618,21.107236,-26.463532,-20.775694,21.838623,-13.958951,-1.834618,-4.775412,-58.893477
451.000000,-34.438503,-7.030515,74.261934,-1.086341,5.427720,39.450191,-29.728211,13.156132,23.737595,45.868467,-20.587549,6.434664,13.067509,-9.777756,-20.913109,22.240541,-24.366394,1.830986,12.353671,-4.820227,3.270767,-24.919032,42.086461,-25.504621,35.821733,-9.869200,-1.831165,20.652035,-27.940163,-21.418944,18.401860,-11.238992,6.000023,-7.979412,-53.885613
452.000000,-34.144801,-6.019337,74.313700,-1.563156,6.063583,41.640308,-28.059507,11.888527,25.590400,43.131757,-21.404640,6.918445,13.591381,-9.915321,-21.681561,21.605138,-22.637426,2.399347,12.432813,-5.565527,2.323977,-20.822904,38.478448,-28.243143,32.220301,-10.332366,-1.848442,18.791242,-29.372873,-22.963023,15.462833,-6.909135,12.979761,-10.767121,-45.309829
453.000000,-33.928892,-4.805701,74.459904,-1.879643,6.508030,44.162338,-26.924222,9.426657,25.192489,40.392892,-22.164684,7.568912,13.964297,-10.330045,-22.141110,22.082707,-20.153207,2.787434,11.433888,-6.527103,1.614377,-17.584476,34.352658,-31.660724,29.714134,-9.557867,-2.331607,16.374178,-30.253158,-24.441624,12.891352,-1.237982,23.756950,-14.816084,-34.270488
454.000000,-33.723387,-3.496329,74.712664,-2.092669,6.695269,46.897680,-26.220731,7.036232,23.532724,38.674204,-21.845411,6.350252,13.658677,-11.096143,-22.549140,24.640606,-16.438630,3.203786,9.887481,-7.447106,1.351366,-15.547440,29.776148,-35.041189,27.989116,-7.742825,-2.626031,14.707284,-31.264911,-26.569870,11.030006,5.557847,31.319197,-17.377314,-27.503483
455.000000,-33.494642,-2.033244,75.118107,-2.050101,6.571228,49.574229,-24.323207,4.235916,21.535127,35.922915,-21.445862,6.696093,12.151189,-12.697837,-22.919600,30.660026,-10.748654,3.354633,8.072042,-8.140325,1.462900,-14.944517,25.333846,-38.276998,27.374809,-6.303789,-2.538098,11.807010,-31.919363,-29.493010,10.352443,11.541481,31.275692,-17.015716,-26.419313
456.000000,-33.173597,-0.363879,75.632352,-1.673716,5.780706,51.809785,-20.990682,1.722845,19.314054,32.463705,-21.560064,8.988818,9.128963,-14.943467,-22.270211,40.674063,-4.856067,2.613356,6.442399,-8.267982,2.067336,-15.598542,21.645462,-41.285881,27.370149,-4.871016,-2.818012,7.427534,-31.437967,-31.366353,9.260422,15.714141,31.958923,-17.388762,-26.212340
457.000000,-32.813030,1.110063,76.061982,-1.314768,4.834446,54.480569,-18.310465,-0.332727,16.462583,30.154076,-21.573876,10.850369,4.238449,-17.029280,-20.455937,52.766777,-3.242051,1.409213,4.061146,-8.134286,2.964878,-17.086384,19.260491,-43.004176,26.864876,-4.029174,-3.092635,2.708017,-30.318028,-32.418653,7.331824,18.214018,35.732579,-17.334506,-25.803862
458.000000,-32.162210,2.370931,76.429605,-0.873737,3.972977,56.010991,-15.686935,-1.274226,14.449101,28.635816,-21.659669,11.683642,-1.608131,-17.873171,-17.155125,62.049120,-4.594395,0.442156,2.264864,-7.952885,3.868941,-18.638142,18.540111,-42.949992,25.575408,-3.214708,-2.927974,2.719242,-28.828425,-33.207188,5.637817,19.890464,37.599676,-16.710440,-26.748226
459.000000,-31.384391,3.655738,76.826358,-0.639910,2.867354,56.934936,-12.848738,-1.161418,13.128048,27.114132,-22.116339,11.446771,-7.006497,-18.669113,-15.603567,67.166345,-7.295641,-0.982051,1.032955,-7.240335,4.592279,-19.981655,19.560181,-41.894680,24.056059,-1.005234,-2.785764,4.842370,-26.284195,-33.915274,3.749036,20.999610,36.711809,-16.061977,-27.602517
460.000000,-30.578998,4.971355,77.195084,-0.364444,1.866631,57.824301,-9.887390,-1.003865,11.850673,25.316940,-22.401764,10.905353,-11.541163,-20.817602,-16.531957,68.748593,-10.254478,-2.896264,-0.141079,-6.559887,5.479506,-21.472535,21.992516,-40.992456,23.231222,1.088286,-2.787739,8.393392,-23.148010,-34.162410,1.972206,21.734779,35.911434,-15.913858,-28.888589
461.000000,-29.494086,6.381284,77.536345,0.052374,1.193244,58.869777,-6.515800,-0.977328,10.683985,22.912245,-22.525320,9.619808,-14.835883,-22.778274,-18.586531,66.531049,-13.015141,-3.137805,-1.460353,-6.005866,5.913213,-22.656277,25.657655,-40.900143,22.213985,5.403672,-3.049653,12.181379,-19.185544,-33.739673,-0.096315,21.951579,36.157669,-15.617525,-29.564812
462.000000,-28.258869,7.854473,77.798575,0.780342,0.681524,59.992391,-2.713207,-0.959635,9.893343,20.327167,-22.421455,7.965517,-16.803652,-24.622767,-21.568960,61.526925,-14.488221,-2.575452,-3.055853,-6.003244,6.284909,-23.443137,30.724465,-41.670537,20.497568,11.130465,-3.616719,16.887854,-14.609650,-32.670919,-1.855161,21.746718,38.015931,-15.238757,-29.983912
463.000000,-26.987451,9.238984,77.854508,1.482664,0.420690,60.983334,0.581078,-0.826000,9.702151,18.251210,-22.778700,6.037176,-18.138981,-26.307964,-25.462868,54.986540,-15.217549,-1.197420,-4.737456,-5.846682,6.617664,-24.700566,35.418602,-42.453396,18.817806,15.462114,-3.927412,20.528987,-10.592442,-32.065679,-2.818838,22.153042,38.953604,-14.459039,-30.018838
464.000000,-25.526008,10.721504,77.795649,2.392902,0.383913,61.853402,4.190480,-0.915180,9.533792,15.933423,-22.917284,4.649016,-19.087544,-27.099469,-28.497112,47.350136,-14.736722,1.029131,-6.237371,-6.059091,6.884600,-26.474961,40.192050,-43.724098,16.700572,19.594192,-4.347167,23.967945,-6.726001,-31.549450,-3.819067,22.789356,38.738203,-13.631966,-29.832477
465.000000,-23.999345,12.158328,77.590454,3.278069,0.688941,62.742423,7.367777,-1.274077,8.975711,14.181731,-23.024313,4.084699,-20.189383,-27.518474,-30.484552,39.277525,-12.707009,3.965411,-7.641733,-6.582775,6.848529,-29.335632,44.695682,-45.966657,14.336572,23.938223,-4.668203,27.485859,-3.176897,-30.686609,-4.873880,23.610282,38.375442,-13.298959,-30.777529
466.000000,-22.442517,13.452920,77.289575,3.998320,1.215310,63.762019,9.624427,-1.646422,7.580902,13.691881,-23.130437,3.915717,-21.183181,-27.877076,-32.002114,30.794236,-10.007675,7.076090,-9.213648,-7.435608,6.377833,-33.078982,48.817220,-48.811681,12.078200,27.460081,-5.743970,29.367228,-0.188800,-29.514091,-6.009222,24.839035,38.162859,-12.908322,-31.753164
467.000000,-20.769523,14.877489,76.926225,4.565005,1.777933,64.583321,11.823548,-1.663348,7.343808,13.112107,-23.410494,3.086892,-21.748782,-28.542715,-33.678983,22.869842,-8.621498,9.527879,-10.814117,-8.302342,5.760609,-37.354602,52.375216,-51.960446,10.144737,30.242824,-6.017990,29.573865,2.371194,-28.453030,-6.966547,25.667334,37.936319,-11.997273,-32.203133
468.000000,-18.980406,16.368377,76.533604,5.122660,2.182918,65.414899,13.988525,-1.279975,7.542504,12.948449,-23.686825,1.892695,-21.659326,-29.457383,-35.874920,16.246233,-7.559420,11.338491,-12.483386,-9.091860,5.468132,-41.832108,55.055846,-54.654873,8.954828,32.138632,-5.429243,29.233865,4.276311,-27.457774,-7.672510,25.850728,38.105369,-11.454278,-32.655906
469.000000,-17.094448,17.922565,76.125133,5.572942,2.432786,65.996564,16.226894,-0.686856,7.272117,12.836356,-23.710980,0.946700,-21.282707,-30.347569,-38.053866,11.537439,-6.850549,12.535007,-13.943775,-9.571699,5.203188,-46.240063,56.816522,-57.058762,9.033861,33.993534,-3.979214,28.549448,5.805303,-26.780986,-8.050952,25.296353,38.310087,-11.094550,-32.589216
470.000000,-15.103543,19.468498,75.719225,5.863637,2.659973,66.054341,18.194275,-0.023893,6.639053,13.057427,-23.192568,0.109325,-20.722989,-31.257770,-40.377435,9.111139,-6.839769,12.839188,-14.858255,-9.747142,4.597828,-50.501756,57.582736,-59.683525,10.333599,35.667125,-2.885518,26.242903,7.019174,-26.536490,-8.168290,24.334352,38.505448,-10.937667,-32.224440
471.000000,-13.007252,20.999658,75.322610,5.805629,3.051819,65.407578,19.337089,0.555994,5.877696,14.152945,-21.921280,-0.389614,-20.187512,-31.997722,-43.180996,8.856522,-7.367674,11.857186,-15.193874,-9.643598,3.384497,-54.381816,57.720166,-63.191257,12.377127,37.577648,-2.189126,22.724854,7.719789,-27.119044,-7.347498,23.445895,38.397001,-10.725085,-32.383392
472.000000,-10.473900,22.609667,75.015670,5.319020,3.543182,64.283231,20.028124,1.439067,5.434808,15.557322,-19.861874,-1.502007,-19.090398,-31.680224,-46.429574,9.798018,-8.725709,9.811636,-15.288661,-9.347127,1.628498,-57.717148,57.500822,-67.757471,14.250344,39.507160,-1.120336,21.220983,7.524361,-28.042009,-6.066638,22.727986,38.379700,-10.388859,-32.414719
473.000000,-7.810958,24.138434,74.752057,5.126191,3.934972,62.163721,20.765109,2.279638,6.288424,17.866890,-16.630182,-2.123309,-17.984981,-30.428360,-48.117559,11.244330,-8.880044,7.211835,-14.677407,-9.229136,0.174642,-59.425255,57.107195,-71.695799,16.611881,40.377128,0.178373,20.692207,6.672184,-28.665812,-4.174913,21.361934,38.346342,-9.825223,-31.144758
474.000000,-4.923252,25.595072,74.736154,4.723834,3.920436,59.739385,20.404873,3.765751,7.507903,22.230504,-11.001842,-2.068611,-18.177124,-28.384810,-46.224261,12.275986,-6.495454,4.640548,-13.679587,-8.907897,-1.485795,-59.460697,56.591693,-73.475876,20.019049,42.308835,1.684213,22.103933,5.310454,-28.625687,-2.250781,20.120402,37.704202,-9.818807,-30.137957
475.000000,-2.046558,27.005455,75.076681,4.239895,3.307344,56.328527,18.888658,5.906293,9.685796,29.070460,-3.560544,-2.106172,-18.827374,-26.559532,-44.353732,16.694920,-7.038407,1.925983,-11.667080,-7.806940,-2.695539,-57.331795,55.783641,-72.085803,24.058867,45.887881,4.605101,18.258894,3.596787,-29.150168,-0.074160,19.270790,35.849177,-9.146571,-28.711895
476.000000,0.708807,28.083965,75.401944,4.780916,2.402703,52.613961,15.825161,8.379584,11.555487,39.577377,3.650202,-1.854996,-18.322315,-24.592654,-42.331614,20.311782,-7.663840,-0.438266,-9.451905,-6.828616,-2.092146,-54.371523,54.553206,-68.763729,28.120519,50.328724,7.874688,11.764536,0.858280,-30.191854,2.653756,18.470039,33.781702,-8.152580,-28.046169
477.000000,3.155110,29.034156,75.626159,5.526259,1.525514,48.917209,11.012673,9.682519,11.392571,50.875320,7.144283,-0.551388,-16.842382,-22.017386,-40.174493,21.254555,-8.669782,-3.103419,-6.772858,-6.077821,-0.846302,-52.755340,52.921248,-66.100214,33.115766,55.107886,9.861934,6.672184,-1.769767,-31.437537,5.219693,17.096387,32.582349,-7.968855,-26.901982
478.000000,5.105290,29.918510,75.789368,6.509258,0.239324,45.192759,5.695000,8.947428,10.048374,60.125377,3.457243,0.815361,-15.317857,-20.047056,-37.799831,22.902736,-10.523760,-4.774383,-4.051682,-5.363970,0.939865,-51.611863,50.978951,-64.116147,39.127569,57.984577,11.627471,3.140916,-4.423156,-32.688281,7.912231,15.679693,32.073967,-7.798637,-25.466587
479.000000,6.857789,30.683938,75.891137,7.598193,-1.056242,41.456542,0.684911,8.671308,10.568149,65.843925,-0.089727,2.269922,-14.037044,-18.663987,-35.387736,25.046985,-12.612661,-5.306817,-1.563143,-4.875158,2.828062,-51.227423,49.762176,-63.478897,44.366477,60.726310,12.270644,0.626933,-7.167542,-33.878589,10.525847,14.448374,30.925444,-7.304147,-23.255864
480.000000,8.443522,31.404236,75.943089,8.475554,-2.186545,37.472982,-4.597629,8.213457,11.553841,68.557040,-3.360246,3.681727,-13.186519,-17.194709,-32.404419,26.778537,-14.590215,-5.307349,0.690981,-4.475321,4.877047,-50.877321,48.735476,-63.285104,49.041281,61.387486,13.027784,0.351627,-10.487781,-34.987439,13.129660,13.606321,28.724917,-7.142996,-21.582872
481.000000,9.879516,32.183582,75.967330,8.912412,-3.137908,33.604973,-10.228422,7.473592,12.048284,68.658113,-5.653806,4.278282,-12.626838,-15.676392,-29.339644,28.131104,-16.178961,-5.255241,2.273799,-4.106673,6.568347,-49.749667,47.840028,-62.436023,54.126353,59.764060,13.424009,-1.835974,-13.568453,-35.927263,15.601142,12.959953,26.133499,-6.813064,-19.385038
482.000000,11.178426,32.854369,75.930226,9.168612,-3.998876,29.636514,-15.724298,6.712774,11.976669,66.828832,-6.259339,3.314233,-12.224591,-14.153576,-26.384428,29.075316,-17.252419,-5.108971,3.333122,-3.909673,8.283176,-48.294020,47.644753,-61.228664,58.775943,58.038078,14.325355,-2.170747,-16.180324,-36.512214,17.705838,12.168107,24.537941,-6.770576,-18.326543
483.000000,12.353968,33.356217,75.839627,9.438393,-4.850796,25.511365,-20.502121,6.580314,11.755863,63.820338,-5.271959,1.626693,-12.120381,-12.660508,-23.124915,30.282627,-18.106505,-4.584118,3.987322,-4.027951,9.984664,-46.248840,48.139604,-59.814685,63.579806,56.908241,14.940871,-2.013486,-18.119713,-37.072081,19.363095,11.339092,23.369574,-6.276919,-17.409794
484.000000,13.454072,33.904558,75.715190,9.501887,-5.467163,21.657033,-24.979137,6.581303,10.840231,60.809338,-3.054684,0.109157,-12.383877,-11.356812,-19.973211,31.895945,-19.281356,-4.463202,4.139527,-4.216439,11.455958,-43.915801,49.248912,-57.981571,67.843251,54.911456,15.797642,-0.434692,-19.180209,-37.870558,20.476748,10.521992,23.092287,-6.796359,-16.750602
485.000000,14.612186,34.527764,75.610477,9.421708,-5.909437,18.213274,-28.846778,6.353357,9.008183,57.998490,-0.168135,-1.520259,-12.492846,-10.073986,-17.014553,33.132500,-20.236274,-4.509386,3.719635,-4.290985,12.316642,-41.794774,51.144112,-56.170820,71.707199,55.146620,13.378981,-5.439729,-19.163146,-39.109557,21.089215,10.070969,23.262012,-7.283466,-16.129671
486.000000,15.745021,35.201252,75.580090,9.472505,-6.156781,14.755729,-32.263778,5.632930,6.529202,56.350314,2.867763,-2.743820,-12.783155,-9.126520,-13.918402,34.527634,-21.740086,-4.856525,3.513642,-4.297906,13.596033,-37.967529,51.173256,-51.621320,75.168411,48.190154,17.458501,4.954920,-18.413372,-39.932008,21.032756,10.116791,22.565666,-7.709480,-18.674251
487.000000,16.941863,35.980856,75.680298,9.561812,-6.705317,11.619184,-34.203692,4.905881,4.021670,55.207972,4.984178,-4.191746,-12.211127,-8.465765,-11.269724,35.268658,-22.949367,-4.893046,2.996221,-3.732210,14.763088,-33.279270,50.746492,-47.424800,78.051461,41.262611,19.504544,12.722820,-16.303884,-41.395147,20.494020,10.554637,21.946935,-7.463201,-20.043822
488.000000,18.106614,36.846453,75.877434,9.579588,-7.106297,8.234963,-35.018680,4.171523,1.485777,54.040464,6.886945,-6.264672,-11.626846,-8.161839,-8.886688,35.523653,-24.070900,-4.123827,2.537288,-2.498600,15.759166,-27.835994,49.233687,-43.409708,80.434206,34.397850,20.525437,18.695546,-13.491388,-43.438842,19.393552,11.486229,21.210073,-6.849986,-21.593846
489.000000,19.271745,37.739229,76.192379,9.633864,-7.051573,4.685695,-34.981613,3.332955,-1.192968,52.459917,8.508800,-8.058380,-11.356509,-7.835797,-6.069290,35.024722,-24.059321,-2.964236,2.293846,-1.136795,16.456811,-22.387910,46.831042,-39.217314,82.205896,28.255552,21.242795,24.109876,-9.771251,-45.109663,17.899692,12.821799,20.531882,-6.322908,-22.766682
490.000000,20.534076,38.624647,76.696217,9.625272,-7.013256,1.001414,-33.321956,2.227004,-4.600868,50.070170,9.810455,-10.161088,-10.615556,-7.280390,-2.890667,33.560104,-23.383014,-2.161906,2.181048,0.136278,17.143824,-16.935500,44.218836,-35.276274,82.995787,23.547190,21.475231,27.707646,-5.354668,-46.122867,16.170225,14.577046,19.670438,-5.450081,-23.809211
491.000000,21.780291,39.511368,77.283716,9.798024,-6.824918,-2.347803,-30.563908,0.525744,-8.582638,46.923714,10.912504,-12.121811,-9.802267,-7.137853,0.161218,31.594184,-22.336862,-1.044158,1.718031,0.738164,17.642063,-11.506731,41.715527,-32.760203,82.722750,20.052696,21.357867,28.663483,-0.852327,-46.194164,14.818906,17.051764,19.097272,-4.291529,-23.108900
492.000000,23.053633,40.439999,77.912301,9.950889,-6.531761,-5.233247,-27.132853,-0.668977,-11.954234,43.307982,11.710308,-13.058990,-8.756362,-7.344275,2.743859,29.030865,-21.017571,0.372579,0.607050,0.958567,17.920743,-6.046325,38.866826,-31.016176,82.204236,16.988982,21.063258,28.741241,3.319324,-45.467190,14.404382,20.179732,19.036290,-2.916537,-21.103662
493.000000,24.338651,41.303942,78.498721,9.861167,-6.061365,-7.916654,-23.511074,-1.021052,-14.605087,39.749539,11.784790,-13.757521,-7.678068,-7.401283,5.009405,26.100818,-19.600773,1.400185,-0.839184,1.178590,17.681903,-0.492627,36.180236,-30.280373,80.806213,14.909873,20.287139,26.748805,7.285697,-44.287770,14.842956,23.772038,19.494108,-1.440650,-18.247380
494.000000,25.615662,42.136967,79.007292,9.687605,-5.594330,-10.319310,-19.590707,-1.146612,-16.911709,36.210938,11.008537,-14.046521,-6.453350,-7.598803,6.637770,22.998584,-17.968105,2.459889,-2.265282,1.312241,17.299042,4.557100,33.985058,-30.375982,78.098603,13.512990,19.488516,22.869367,11.064090,-42.649231,15.703472,27.840377,19.082720,0.043999,-15.509790
495.000000,26.860160,42.945847,79.414898,9.441781,-4.967759,-12.334661,-15.835449,-1.045831,-18.825965,32.846349,9.738893,-13.417342,-5.342788,-7.891342,7.704132,19.899420,-16.374141,3.623906,-3.465647,1.478345,16.582864,9.582831,32.476122,-31.114568,73.114600,12.179659,18.553702,19.077839,15.058472,-40.449972,16.593793,31.976272,17.348074,1.803054,-12.340620
496.000000,27.993596,43.776843,79.720521,9.190732,-4.263892,-13.920213,-12.470246,-0.875624,-20.330772,29.871238,8.661664,-12.298451,-4.466680,-8.331273,8.169665,17.111902,-14.785194,4.729757,-4.684995,1.506083,15.928042,14.383610,32.120327,-32.670868,66.105644,9.206538,18.328534,14.247452,18.528809,-37.947288,18.175994,35.717976,16.777251,3.713614,-8.939767
497.000000,29.010388,44.675699,79.905450,8.917642,-3.469250,-15.340677,-9.734829,-0.653531,-21.341947,27.601331,7.943795,-10.812750,-4.000694,-8.796742,8.302653,14.855294,-13.503989,5.592979,-6.023086,1.506113,15.067174,19.854055,32.333685,-32.925839,58.096653,5.174795,18.448850,8.959992,21.578680,-35.666777,20.320311,38.927038,16.632870,5.222235,-4.155622
498.000000,29.949972,45.627150,79.967046,8.591519,-2.692530,-16.768206,-7.450794,-0.103209,-21.422356,25.555011,7.936226,-9.021532,-3.931623,-9.092593,8.515649,13.319406,-12.005115,6.507787,-6.342838,1.216331,14.532950,25.789937,34.087248,-33.024935,47.484944,-1.942279,19.524669,5.055218,23.967936,-32.784932,22.547293,42.007712,15.788389,6.557514,0.921381
499.000000,30.799317,46.682265,79.888284,7.991211,-2.111621,-18.293231,-5.104567,0.809830,-21.044272,22.421773,7.184804,-7.668033,-4.225125,-9.126472,8.643849,12.898829,-11.338934,7.476976,-5.210812,0.855672,14.635552,30.863849,36.817042,-34.296736,36.011602,-10.274400,20.692377,2.841869,26.081805,-29.454569,24.825803,44.262477,14.639568,7.783229,5.693891
500.000000,31.611526,47.878891,79.718029,7.145444,-1.522794,-19.840538,-2.926284,1.587360,-21.211588,18.964341,5.206548,-6.432848,-4.849798,-8.969244,8.798987,13.292058,-11.547808,8.165340,-4.019627,0.792743,14.964774,35.314346,37.978256,-35.076447,26.720494,-18.557508,21.181904,2.664788,27.669938,-26.986554,27.529986,45.496085,13.133913,8.909442,9.804175
501.000000,32.270831,49.193919,79.537100,6.475537,-1.116336,-20.833166,-1.506094,2.087633,-20.599808,17.174741,2.215463,-5.237040,-5.580043,-9.085935,9.269820,14.075654,-11.325720,9.089123,-2.969082,0.443103,15.483045,38.376514,38.949126,-36.731022,18.334741,-24.665895,21.285308,2.008883,28.519062,-25.184642,29.879745,45.804160,12.418213,10.168206,14.289437
502.000000,32.872888,50.675702,79.349887,5.886571,-0.614170,-21.196180,-0.745950,2.431331,-19.115164,15.825758,-1.093420,-4.664174,-6.557718,-9.531443,9.182469,15.164895,-10.719546,10.098668,-2.335899,0.085543,15.609552,40.209068,38.226448,-38.922161,12.597432,-28.556913,20.790888,1.008441,29.520918,-24.229529,31.471401,45.191137,13.179016,10.519933,18.016164
503.000000,33.423588,52.250469,79.171389,5.158422,-0.130173,-21.019035,-0.036140,2.840927,-17.712183,14.250224,-3.524307,-4.274264,-7.646991,-9.934634,8.693023,16.827414,-9.798191,10.793759,-1.980283,-0.156452,15.743349,40.809697,36.313794,-41.723235,9.135766,-32.214492,20.678558,0.960698,30.003208,-23.858344,32.323201,44.829533,14.353028,10.680047,20.208033
504.000000,33.916378,53.873426,79.019821,4.525115,0.286157,-20.741450,0.700261,2.954057,-17.044939,12.373473,-5.516955,-3.806331,-8.854674,-10.256319,9.063185,18.753056,-8.698907,11.669289,-1.461509,-0.663695,15.864117,40.279234,33.055011,-45.601399,7.289012,-35.183189,20.188115,1.769534,29.997112,-23.739654,32.664365,45.037847,15.721127,11.174597,22.092206
505.000000,34.233624,55.541277,78.870785,3.737265,0.524466,-20.676037,1.254881,2.985140,-16.245748,11.054601,-7.804207,-4.181103,-10.122718,-10.218241,9.925726,20.859374,-6.846827,13.255536,-0.885540,-0.854176,16.145584,35.406277,32.960078,-47.351294,6.065621,-27.883542,17.748733,-28.746378,28.568801,-25.673324,32.725496,45.449110,16.169428,12.398447,29.589681
506.000000,34.511977,57.168353,78.752035,3.097167,0.622673,-20.964742,1.398969,2.810407,-13.833145,10.843338,-10.413065,-3.895974,-11.175456,-10.416208,10.462355,22.375568,-4.884428,14.761791,-0.096628,-1.489301,16.280680,32.421702,29.598475,-49.633871,7.842043,-23.981016,15.013280,-43.880240,27.385867,-27.950025,32.955144,45.666197,13.405543,11.999928,32.428741
507.000000,34.675306,58.577573,78.667700,2.360374,0.794257,-21.505631,1.280649,2.865362,-11.259110,11.247629,-12.863633,-3.019553,-11.996811,-10.189474,10.517042,23.227867,-3.097364,15.000033,1.128892,-2.067655,16.532183,29.712221,24.747491,-53.011171,10.782866,-20.709945,13.864524,-43.925974,25.746405,-29.565198,32.106004,47.644545,9.107809,10.976337,33.181872
508.000000,34.753314,60.029703,78.606093,1.808671,0.917208,-22.031207,1.005281,2.575612,-9.253720,11.617377,-14.600549,-1.830930,-12.740395,-10.292949,11.066081,23.574101,-1.530648,14.998660,1.376059,-2.634268,16.622898,28.160474,20.574854,-55.152797,12.434741,-18.570676,12.592494,-42.665149,23.946923,-31.713951,31.891386,50.418250,7.308239,11.530688,33.161238
509.000000,34.865206,61.408877,78.512567,1.443993,0.925162,-22.838575,0.664615,1.971602,-7.748097,12.405749,-16.208848,-0.357159,-13.499518,-10.671226,11.424326,23.987570,-0.132024,14.996751,1.861703,-3.001360,16.807436,26.327823,17.407589,-56.253342,12.837017,-16.520442,11.109193,-40.293321,22.059745,-33.940272,30.761434,52.931770,5.174134,11.694160,32.642847
510.000000,34.885910,62.597978,78.407192,0.931477,0.826463,-24.029888,0.362627,1.610680,-6.874506,13.615554,-17.778976,0.639768,-14.093949,-10.611710,11.666194,24.194955,1.317847,15.000035,2.354945,-3.198099,17.319435,25.214528,15.590149,-55.378761,13.202727,-17.158791,9.937574,-38.737148,19.766205,-36.507832,29.579408,54.833718,4.477300,10.467850,32.776275
511.000000,34.948471,63.822794,78.327948,0.508237,0.488419,-25.654464,0.257509,1.036551,-5.955909,14.956630,-18.944535,1.309560,-14.592624,-10.843933,12.072413,24.241011,2.610770,14.994077,2.655044,-3.412445,17.913506,24.645641,14.694850,-53.853422,13.523171,-18.845711,8.990384,-37.078590,16.647418,-39.432492,29.299650,56.248332,1.730907,9.256970,31.872258
512.000000,34.966835,64.892024,78.280234,0.161999,0.220238,-27.397696,0.212304,0.624245,-4.661791,15.885147,-19.770280,1.341788,-15.116829,-10.806362,12.569480,24.141304,3.843570,14.982925,2.447233,-3.829525,18.447690,23.897570,15.116303,-52.727322,13.721993,-19.795500,7.952231,-37.108571,12.384015,-41.970976,29.296263,57.772943,0.196512,8.418288,33.668079
513.000000,34.942105,65.871054,78.245509,-0.014703,-0.062525,-29.069824,0.423124,0.191072,-3.087015,16.064386,-20.129445,1.751494,-15.699091,-11.169197,12.330858,24.002820,4.769019,14.964451,1.958152,-4.394473,18.718922,23.251031,16.861555,-52.431978,13.993735,-19.216387,7.300557,-37.672530,7.408661,-44.399358,31.600864,58.877549,-4.083403,7.951362,35.370428
514.000000,34.873813,66.621530,78.257883,-0.214630,-0.253981,-30.821645,0.922690,0.052171,-1.441707,15.564628,-20.197240,2.110255,-16.141245,-11.321547,11.309395,23.522912,5.348095,14.182809,1.339350,-5.119812,18.546562,23.046493,19.588296,-52.528611,14.496827,-17.062093,6.472798,-38.575918,2.318908,-45.583166,33.863528,60.163844,-8.082030,6.813934,35.835431
515.000000,34.776285,67.257595,78.278261,-0.395686,-0.475683,-32.689864,1.412716,-0.018446,0.268844,15.177719,-20.193195,2.221149,-16.418933,-11.459909,9.922226,22.914533,5.867545,13.232494,0.868428,-6.006056,18.476457,22.894664,22.917918,-52.828877,15.259186,-14.709460,5.402913,-39.496279,-2.840539,-46.245619,37.891523,61.210359,-14.050713,5.511061,35.322617
516.000000,34.603480,67.794043,78.275311,-0.570452,-0.711818,-34.740336,1.742252,-0.016130,2.106800,15.159948,-20.387777,2.300044,-16.742954,-11.538030,8.570283,22.326919,6.659205,12.483608,-0.174647,-7.246399,18.964599,22.759058,26.283447,-51.674230,16.032903,-12.941522,3.997695,-40.291522,-10.299595,-45.825641,42.819617,62.606074,-21.144895,4.120437,34.511184
517.000000,34.440896,68.210268,78.280205,-0.894082,-0.918940,-36.764820,2.310604,0.127370,3.757885,14.915970,-20.641694,2.527351,-16.701368,-11.285745,7.829917,21.241948,7.620618,11.889951,-1.553468,-7.905042,18.608968,23.609287,28.848766,-50.778505,16.892760,-11.602496,2.991805,-41.067677,-16.275463,-45.819310,45.532414,62.762922,-26.242586,3.381582,33.169762
518.000000,34.164372,68.602449,78.249556,-1.223649,-1.085198,-38.877733,2.607039,0.282723,5.334254,15.054177,-21.094991,3.266789,-16.840240,-10.511477,8.616883,20.107945,8.968135,11.969019,-3.449278,-8.608375,18.742002,23.874243,31.083242,-48.919000,17.981998,-9.961783,1.353193,-42.041061,-24.525608,-44.578930,48.991782,63.542083,-32.295986,2.147526,33.442693
519.000000,33.866885,68.990391,78.194535,-1.350509,-1.181389,-41.041616,2.593621,0.203380,6.732993,15.370432,-21.472563,4.316849,-17.326064,-9.748050,9.854617,19.122926,10.579026,12.577158,-4.778677,-8.611006,18.135549,23.743285,32.710780,-48.747740,19.541188,-7.767997,0.038264,-42.370703,-30.470632,-43.908725,51.978484,62.974515,-36.045951,1.521109,33.627525
520.000000,33.582449,69.349134,78.129363,-1.587502,-1.370965,-42.947437,2.624431,0.115336,7.697756,16.017695,-21.843503,5.423409,-17.574497,-9.028795,11.063400,18.207331,11.980908,13.035856,-5.935011,-8.472848,18.221307,22.410682,34.807802,-48.717994,20.890128,-4.608808,-1.653632,-42.367640,-35.925135,-43.111061,55.302713,61.194923,-40.051358,0.706053,32.841940
521.000000,33.258229,69.679457,78.057438,-1.694667,-1.431252,-44.497966,2.374045,0.347624,9.213565,16.532259,-22.443394,5.842925,-17.873738,-8.365948,12.081228,17.210688,13.150558,13.405461,-6.880902,-8.163014,18.361801,20.994907,36.908194,-47.588930,22.355855,-1.125115,-3.442246,-41.522127,-40.267268,-42.604603,57.969059,58.743411,-44.196870,0.049272,31.204406
522.000000,33.013695,69.971949,78.019917,-1.811634,-1.461168,-45.510511,2.293801,0.697528,10.619460,16.722398,-22.609579,5.645986,-17.874171,-7.951005,12.485685,16.209294,13.934525,13.385824,-7.819788,-7.641328,18.704538,19.579530,38.841787,-45.406452,24.092775,2.159508,-5.025998,-39.740455,-43.163203,-42.876533,58.722592,55.172492,-46.473591,-0.097051,28.888893
523.000000,32.792339,70.282197,78.011507,-1.683628,-1.400221,-46.178872,1.930553,0.956632,11.922833,16.867729,-22.319911,5.291138,-17.961099,-7.900885,12.296712,15.104180,14.648218,13.555632,-8.607958,-7.155924,18.736500,17.904675,40.317374,-42.105224,25.832960,4.603962,-6.278315,-37.317350,-44.854296,-43.978116,58.479130,50.263871,-47.631690,-0.462900,26.564231
524.000000,32.652837,70.465589,78.026026,-1.463615,-1.281143,-46.729981,1.728479,1.098389,12.960468,16.594903,-21.954938,4.816667,-17.914951,-7.988977,11.826742,13.744718,15.100469,13.761633,-9.438924,-6.754492,18.596546,16.168043,41.762584,-38.999499,26.998339,7.814840,-7.393965,-34.904992,-45.700960,-45.498103,58.132505,44.755525,-47.871543,-0.939675,24.995542
525.000000,32.584757,70.558304,78.067136,-1.246558,-1.123322,-47.317511,1.651992,1.187332,13.745307,16.143432,-21.490823,4.579291,-17.739898,-8.113182,11.102869,12.248546,15.251075,13.886377,-9.904864,-6.337019,18.514951,14.557790,42.843748,-35.870470,27.548912,9.840865,-8.037440,-32.070498,-45.972309,-47.897333,58.237977,38.901882,-47.972722,-1.694906,24.271315
526.000000,32.574391,70.530510,78.084022,-1.031168,-0.994040,-48.032058,1.740100,1.282180,14.509318,15.666424,-21.199154,4.349764,-17.519565,-8.389998,9.505479,11.058760,14.347275,14.280104,-10.221092,-5.869754,18.481686,13.044465,43.513250,-33.121575,27.175438,11.066124,-8.397810,-29.159512,-45.483934,-51.150365,58.010251,32.710527,-48.115490,-2.483112,23.069497
527.000000,32.667845,70.319700,78.080481,-0.814728,-0.836161,-48.558685,2.063909,1.400943,15.130293,14.947749,-21.015628,3.737026,-17.092844,-8.977500,6.561919,10.356734,11.254341,14.660446,-10.652809,-5.264969,18.115487,12.125666,43.705172,-30.867189,26.104623,11.139753,-8.416884,-26.406925,-43.983481,-54.931878,57.234834,26.903212,-48.020922,-3.568619,21.700175
528.000000,32.827741,69.995713,78.076458,-0.557357,-0.641015,-49.008013,2.461922,1.497636,15.626757,14.150339,-20.950410,3.372261,-16.798787,-10.184138,2.112102,10.747339,7.169422,13.595425,-11.192140,-4.618039,17.741066,11.681531,43.559074,-28.703177,24.735206,10.336585,-8.311145,-24.024029,-41.682934,-58.608979,55.704011,22.378640,-47.730168,-4.489828,20.300509
529.000000,33.040562,69.518656,78.133982,-0.373833,-0.361573,-49.491957,2.948220,1.784391,16.057141,13.438551,-20.741616,3.048657,-16.375790,-12.457988,-4.886537,11.947895,3.626918,10.727750,-11.720260,-3.811227,17.337865,11.683103,43.166379,-26.640977,23.409229,9.388677,-8.052648,-22.189481,-38.803234,-61.434615,52.874649,19.288645,-46.807355,-4.719069,18.643232
530.000000,33.291134,68.845975,78.234041,-0.243089,0.057896,-49.673486,3.476021,2.262180,16.050299,12.639000,-20.307133,2.700517,-15.770996,-14.888953,-11.710793,13.672429,0.052775,7.209100,-12.280143,-2.882170,17.111943,11.875648,42.517907,-24.013869,22.141580,7.991271,-7.707656,-21.046687,-34.444552,-63.269436,46.792584,17.229704,-44.845185,-4.055809,17.005397
531.000000,33.439878,67.971188,78.297979,0.104709,0.456654,-49.596163,3.845908,2.667146,15.700564,11.822884,-19.700977,2.299160,-15.154306,-15.995944,-14.581831,14.216001,-1.871025,5.406056,-12.789448,-2.194625,15.974323,12.857733,41.745034,-21.653650,21.397501,5.961665,-7.542630,-21.069291,-29.828382,-63.200574,40.130449,16.852570,-42.210224,-3.027180,17.014676
532.000000,33.558136,66.886109,78.340518,0.459522,0.688283,-49.466521,4.456266,3.031406,15.224080,11.008791,-19.085437,1.815993,-14.220129,-16.182328,-15.376556,13.656651,-3.079748,4.451107,-13.323547,-1.833176,14.467061,14.509793,41.088536,-19.662979,20.937967,4.626821,-7.610301,-21.720524,-24.952781,-61.417341,32.882460,16.863862,-38.354798,-1.518692,17.775193
533.000000,33.557826,65.628338,78.332955,1.121788,0.954556,-49.769129,4.725022,3.487342,15.271987,10.616201,-18.630553,1.425623,-13.365104,-16.220340,-16.940775,12.786129,-4.272676,3.678766,-13.070940,-1.611108,12.484842,16.204458,40.517478,-18.088351,20.603252,4.043633,-7.737395,-22.107256,-19.261473,-58.893361,24.706821,15.308578,-32.995394,-0.077435,16.848820
534.000000,33.366925,64.183390,78.263736,2.092166,1.319047,-50.613772,4.484204,4.142359,15.800338,10.842723,-18.216523,1.213473,-12.833312,-15.770917,-18.599264,11.936386,-5.853434,3.245807,-11.368112,-1.672030,10.180467,17.079170,40.636484,-17.490670,20.446192,3.813313,-7.426665,-20.668993,-12.667233,-56.518746,17.005219,11.026651,-28.700141,0.383702,10.094636
535.000000,33.094588,62.591076,78.248197,2.641504,1.520637,-51.559644,4.324399,5.138625,15.618160,12.087461,-17.677624,1.293952,-12.280945,-14.868827,-19.404328,11.175281,-7.028559,2.828355,-9.410052,-1.685725,8.182315,17.907750,40.418765,-16.878005,20.785087,3.346031,-7.074491,-18.951733,-7.134715,-53.837088,11.661046,6.961620,-22.951710,0.047755,3.778015
536.000000,32.774019,60.905266,78.291374,2.603162,1.375814,-52.444820,4.509784,6.378586,14.964408,14.177752,-16.836210,1.202345,-11.560441,-14.309079,-20.324111,11.856444,-8.364419,2.461703,-7.841429,-1.837410,7.056281,19.058395,39.831498,-15.762958,20.943918,4.067559,-6.612404,-16.462356,-4.001633,-49.937839,8.871929,4.016145,-17.532278,-0.992600,-2.541621
537.000000,32.352200,59.109288,78.349692,2.315580,0.862745,-53.569893,4.519960,7.668520,14.363020,17.604580,-15.312137,0.946962,-10.401054,-14.050375,-21.481070,12.893715,-9.523823,2.141954,-5.970598,-2.502993,6.509152,20.132708,39.503430,-14.621996,21.262321,5.351036,-5.946463,-13.610376,-2.140209,-45.369364,7.318116,2.604270,-13.614387,-1.504279,-7.644925
538.000000,31.873405,57.189119,78.375345,1.906034,0.029529,-55.001214,4.158944,9.039025,14.045008,22.650871,-13.163256,0.636222,-8.986418,-13.467786,-21.753968,13.655329,-10.561463,1.965412,-3.811314,-3.380923,6.275049,21.235663,38.771214,-13.351768,21.706379,5.543580,-5.393964,-11.296536,-1.921780,-41.129446,6.601965,2.030794,-10.319332,-2.178061,-13.283090
539.000000,31.296024,55.298972,78.397679,1.348987,-0.875340,-56.446380,2.663353,10.496574,13.054158,29.665229,-9.745375,0.704686,-7.562262,-12.472813,-20.956345,14.466197,-12.487205,0.613839,-1.548410,-4.143710,6.400846,21.959577,38.226643,-12.671281,22.100797,5.602070,-4.705631,-9.015617,-2.972647,-37.262141,6.079080,2.635472,-6.662611,-3.473984,-20.329040
540.000000,30.611449,53.497958,78.391099,0.338093,-1.692134,-58.208951,0.253865,12.355212,11.635556,38.292752,-4.046784,1.007004,-6.050503,-10.971333,-19.627599,15.484522,-14.613328,-1.682053,1.208289,-4.569423,7.202005,21.927211,37.847342,-12.584002,22.808430,6.072809,-3.948461,-6.956948,-5.519028,-34.029194,5.343181,4.774092,-3.611461,-4.172288,-27.123754
541.000000,30.022901,51.687449,78.364110,-0.992633,-2.535625,-59.605505,-2.674818,14.318569,9.781031,47.379024,2.609098,1.324571,-3.688738,-9.562209,-18.876502,16.011509,-16.316060,-3.914185,3.460400,-4.643846,8.093259,22.216483,37.123451,-12.384146,23.770856,6.369968,-3.318560,-5.129642,-8.479780,-30.977958,4.325241,7.599527,-0.376540,-5.156152,-34.789937
542.000000,29.493406,50.013489,78.208828,-2.558385,-3.266315,-60.665518,-6.439852,16.010967,7.073789,56.447019,8.906736,0.837453,-1.205521,-8.309851,-18.623814,16.837055,-18.151031,-5.832127,5.675165,-4.314175,9.628380,21.981046,36.316249,-12.189825,24.757569,6.791632,-2.632434,-3.227110,-11.755269,-28.769194,2.918674,10.017319,3.573613,-5.954191,-41.315428
543.000000,29.147759,48.524478,77.927703,-3.456540,-3.788722,-61.465972,-11.339911,15.912813,4.221539,64.128988,10.325218,0.070208,-0.033268,-7.762727,-18.601979,18.865353,-20.335387,-6.670723,8.222089,-3.911813,10.365387,21.822401,35.391254,-12.231972,25.703158,7.293319,-2.124560,-1.495577,-14.104801,-28.347828,1.169263,11.804055,8.065659,-7.066974,-44.819606
544.000000,29.029915,47.208172,77.615875,-3.647410,-4.385616,-61.909840,-16.325323,14.067972,3.195831,68.799635,4.810869,0.117262,0.416051,-8.092655,-18.877972,21.192407,-22.565138,-6.896818,10.782912,-3.955016,10.645906,22.108687,34.346289,-11.830710,26.401412,7.292229,-1.865003,0.160976,-15.399269,-29.070211,-0.947458,13.594403,11.271550,-8.042295,-48.206679
545.000000,28.792411,45.851347,77.251369,-3.279763,-4.527283,-61.510037,-21.634098,15.113557,6.113362,70.429393,-0.828382,1.173705,0.273870,-8.150195,-19.636879,23.459434,-24.767932,-7.023831,13.046011,-4.159933,10.619523,22.103682,33.569147,-11.237986,27.106191,7.808214,-1.734317,1.396840,-16.329942,-29.580453,-3.795505,15.560872,15.282386,-9.254697,-51.610221
546.000000,28.621736,44.503906,76.911098,-2.741406,-4.154351,-60.648718,-26.375016,16.451714,10.609182,68.934634,-2.885903,1.766762,0.212611,-7.778049,-20.976023,24.925898,-26.710165,-7.456739,15.294904,-4.176949,10.247545,22.078539,32.871996,-10.414135,27.826659,8.104533,-1.565137,2.778052,-16.114735,-30.435200,-7.161360,17.038978,19.117116,-10.618227,-54.059796
547.000000,28.634205,43.162838,76.662886,-2.133910,-3.504757,-59.249464,-29.990336,16.131522,15.119997,64.815169,-4.380466,0.962240,0.609830,-7.240707,-22.923889,25.274820,-27.876775,-7.569866,17.371895,-4.134352,9.658799,22.021539,32.335505,-9.728156,28.703781,8.544140,-1.470436,4.165388,-14.582686,-31.705742,-10.910134,18.513875,22.224643,-11.854707,-56.654555
548.000000,28.723565,41.758209,76.486725,-1.632227,-2.602505,-56.937600,-32.118722,15.629409,20.434398,59.909379,-4.198085,0.046388,1.565386,-6.405184,-25.826771,24.796384,-28.197102,-7.368963,18.394673,-4.110722,8.978389,21.727472,31.913895,-9.173507,29.843436,8.881736,-1.352634,5.198906,-12.464475,-32.592877,-14.549577,20.342194,26.062909,-13.296970,-57.973054
549.000000,28.783441,40.233919,76.352674,-1.360279,-1.272596,-53.521084,-32.416993,16.351150,27.518527,55.882115,0.965872,0.445300,2.945479,-4.951448,-29.897842,23.826480,-28.318743,-7.795323,18.477412,-4.122980,8.175375,20.876565,32.181922,-8.986626,31.308713,9.087702,-1.199270,5.915868,-9.581914,-33.323827,-18.616922,22.605515,31.705530,-16.396240,-55.994092
550.000000,28.847560,38.577166,76.213342,-1.505699,0.273999,-49.227355,-29.649616,18.677383,36.611238,52.618271,2.996278,2.783061,4.560434,-3.111418,-35.008312,23.076644,-27.721950,-7.718852,17.483935,-3.887584,7.219525,20.390427,32.498511,-8.664682,32.504932,9.058491,-1.387833,5.572024,-6.159930,-33.544029,-22.701838,24.441477,37.963424,-20.207156,-51.888500
551.000000,29.030868,37.219691,76.048619,-1.584374,0.921302,-46.170944,-27.077766,16.517411,37.928918,47.404392,-0.291271,5.607774,4.595682,-3.045948,-37.468973,26.003859,-26.007658,-6.646636,17.081965,-4.199186,6.545781,20.289859,32.673214,-8.719702,33.548014,9.275855,-1.645021,5.209287,-2.548335,-33.977681,-26.107126,26.552056,43.216895,-22.921601,-46.734108
552.000000,29.111201,36.077201,75.902426,-1.144336,0.303100,-43.836529,-25.930748,11.113814,31.126972,43.124605,-4.699405,7.594337,1.818016,-5.814178,-35.343029,34.943248,-22.541313,-3.998639,16.813161,-5.618749,6.771811,19.877246,32.925149,-9.447003,34.827797,9.924734,-1.846202,4.736839,0.508401,-35.149267,-28.777988,29.741420,48.574051,-23.639169,-39.573740
553.000000,28.979796,35.022268,75.717437,-0.004722,-1.026027,-41.287863,-24.733196,5.526012,24.347519,39.268786,-7.112938,7.100122,-4.274413,-8.828768,-27.423630,46.999870,-15.119186,1.776158,16.071114,-7.910595,7.533727,18.960663,32.620563,-10.431000,36.627361,10.364236,-2.071917,4.324275,2.592994,-36.439421,-30.418357,32.989739,52.952759,-24.705943,-33.418893
554.000000,28.440762,33.940566,75.577396,0.489282,-1.536909,-38.023227,-24.228747,3.144436,21.229490,37.294701,-7.926961,7.586908,-10.549910,-8.195672,-18.005905,56.941450,-11.090105,6.709022,14.111279,-8.994585,7.923709,17.877668,32.420852,-11.915196,38.340485,11.807702,-1.773435,4.747338,3.699995,-37.907454,-31.374675,35.879738,55.689561,-24.860353,-29.619853
555.000000,27.653852,33.022782,75.475818,0.017861,-1.023353,-35.485195,-25.114182,3.029769,18.133635,37.335825,-8.384090,8.478944,-13.678834,-10.140468,-13.982953,63.514926,-11.588674,6.115217,12.252541,-8.638863,8.002918,16.523669,33.098028,-13.699486,39.019669,13.068424,-1.461560,5.523892,3.327391,-39.158062,-32.529049,38.541279,57.593869,-24.739386,-26.937178
556.000000,26.701254,32.207915,75.348806,-0.873002,-0.405228,-33.578860,-26.542791,3.658692,14.515410,38.341523,-8.490108,8.843127,-15.006125,-14.276770,-11.237680,67.753974,-13.140394,0.936058,11.025509,-7.547058,8.100343,15.145425,33.885764,-14.805864,38.624542,12.625378,-1.598632,6.190761,2.653282,-41.015487,-33.458843,41.644046,58.991784,-24.261252,-24.835741
557.000000,25.457424,31.272101,75.145096,-1.063160,-0.097501,-30.584766,-27.787414,3.076120,11.039016,37.955354,-8.225866,7.634361,-15.318082,-13.103250,-3.406736,68.075375,-11.392621,1.700138,9.309276,-6.870268,7.806239,14.516749,34.067338,-15.281315,37.337137,11.315701,-2.185485,6.626418,2.618746,-43.130537,-34.952492,44.808657,60.870284,-23.511229,-22.407745
558.000000,23.990901,30.241540,74.951160,-1.131217,0.322029,-27.304536,-28.571221,2.238786,7.646851,36.033862,-8.111152,6.285651,-13.250799,-9.254111,5.374146,64.710879,-10.349868,4.337924,7.537444,-6.231393,7.063007,14.827851,33.988859,-15.259498,35.501664,9.664469,-2.974811,7.159781,3.625535,-44.897883,-35.977410,47.308165,62.105954,-22.797735,-20.142156
559.000000,22.192878,29.293421,74.741060,-0.851632,0.776495,-24.177896,-29.915324,1.203438,4.579396,33.979696,-6.489122,6.540572,-10.042980,-7.345298,12.147602,58.904426,-9.573378,4.842167,6.145886,-6.072553,6.605003,14.848771,34.121129,-15.035193,33.661167,7.447255,-3.451482,8.076159,4.324326,-46.241067,-36.345595,49.496595,63.246411,-22.219625,-17.746587
560.000000,20.040895,28.271657,74.432975,0.166171,1.114685,-19.991311,-31.824208,-1.138820,1.315478,31.660099,-3.218007,4.710913,-4.503027,-2.465009,22.127808,49.432336,-13.173867,9.484694,4.298825,-6.793599,6.427616,14.636807,34.267974,-14.955775,32.253714,6.113569,-3.812640,8.359424,5.232505,-46.965737,-37.194546,50.880927,64.735508,-21.985336,-16.316190
561.000000,17.542541,27.359051,74.211323,0.860445,1.246988,-16.713361,-32.623815,-2.600429,-1.235970,27.665183,0.968897,2.239858,-0.519817,-1.511269,26.919136,40.290340,-18.338453,9.839991,3.678273,-7.180203,6.838052,14.522703,34.051676,-14.678252,31.125309,4.655877,-4.000744,9.273681,6.443856,-47.074026,-38.104959,51.343679,66.427421,-22.514733,-15.732053
562.000000,14.830022,26.431790,74.327075,0.445511,1.196134,-14.551169,-31.583966,-2.131395,-3.720412,21.183154,6.465325,-1.173952,0.233198,-2.159038,22.177807,35.457892,-23.054515,7.049780,4.446874,-6.419677,7.945166,14.642097,33.151051,-14.016541,30.426341,3.058546,-4.140752,9.957599,8.013721,-46.707316,-39.320067,51.270398,66.722909,-23.108524,-14.883361
563.000000,11.964695,25.511035,74.602634,-0.451423,1.322382,-13.176485,-30.226504,-0.287300,-5.149654,13.872277,11.721137,-7.056236,0.187066,-2.757966,13.601388,31.340787,-26.625420,4.953809,6.007154,-5.055700,9.253777,14.698239,32.133165,-13.491394,30.066749,2.619007,-4.053883,10.475077,9.149727,-46.017566,-40.556311,50.699138,67.100441,-23.751122,-14.831838
564.000000,9.204317,24.595374,74.910665,-0.778832,1.687677,-12.411094,-29.327924,1.681945,-4.330912,9.405022,12.789654,-13.231533,0.383286,-3.203593,6.957926,26.072313,-29.147556,4.799584,8.021793,-4.277158,9.786915,15.661544,30.879955,-12.983080,29.589011,2.322613,-4.041314,11.136942,10.271794,-45.291555,-41.747800,49.913400,67.205790,-23.895318,-14.747418
565.000000,6.393627,23.732656,75.458455,-0.125197,2.250054,-10.166385,-28.657855,2.475109,-0.412902,10.383201,7.667187,-10.409359,-0.626414,-3.478761,3.530525,22.769207,-28.956939,3.883459,8.536532,-4.511585,10.132118,16.669649,30.090661,-12.232279,28.792785,1.171663,-3.884765,12.809397,11.212647,-44.949909,-42.705474,49.387769,67.406461,-23.879899,-14.214730
566.000000,3.660164,22.922635,76.144457,0.893176,2.751547,-6.912541,-28.984693,2.631408,5.188462,18.580169,-0.318070,-3.128865,-3.054698,-4.475404,-0.299671,23.082667,-28.231771,2.699570,7.459113,-5.535927,10.798716,17.028188,29.681318,-11.424910,28.621274,0.072424,-3.413360,13.767652,10.648901,-44.196119,-42.829118,48.746128,67.188707,-23.931275,-13.412070
567.000000,1.137213,22.183497,76.763606,1.880342,3.403307,-3.896784,-29.320448,2.287919,8.489985,29.441950,-5.455033,1.716809,-5.294405,-5.701979,-3.568938,23.058174,-26.998998,2.180013,6.261894,-6.618913,10.895953,17.334935,29.409746,-11.290812,29.457154,0.450185,-2.645002,14.530495,9.893765,-43.422753,-41.771917,47.651597,67.734153,-24.244395,-13.326363
568.000000,-1.150161,21.532893,77.300513,2.515825,4.167668,-1.346926,-28.747788,1.662732,9.915268,39.873999,-8.741418,3.003590,-6.743124,-6.483908,-6.135860,21.430415,-25.004276,1.943983,5.454855,-7.351651,10.467947,17.528868,29.142863,-11.637863,30.603325,1.198506,-2.269873,14.193563,9.477255,-42.725285,-40.655898,46.549672,68.225715,-24.552252,-12.599789
569.000000,-3.277737,20.905681,77.773356,2.511342,4.963900,1.119724,-26.638972,2.119441,11.790429,48.198504,-11.084770,3.087427,-7.767982,-6.541427,-8.427672,19.118980,-22.963975,0.650865,4.687286,-7.330749,9.530190,17.583825,29.338924,-12.349569,31.656598,2.260807,-1.985992,13.599644,9.320684,-42.128972,-39.470099,45.560859,68.482796,-24.696332,-11.983358
570.000000,-5.291475,20.371653,78.167152,2.198779,5.572259,3.674001,-22.759206,3.502286,14.391885,53.757021,-12.538862,4.083565,-8.564419,-6.580294,-11.119031,17.006688,-20.513780,0.442237,3.947292,-7.053900,8.695145,17.415526,29.662702,-12.743883,32.154434,2.215166,-1.892188,13.157460,8.806043,-41.485790,-38.524678,44.779789,68.302732,-24.707605,-11.977278
571.000000,-7.207305,19.915302,78.447205,1.795614,6.027837,6.424784,-17.656456,5.469300,17.297987,56.752243,-12.557083,5.826350,-8.984229,-6.772597,-14.090157,14.740872,-18.191044,0.427345,2.982450,-6.600968,7.892426,17.194124,30.230472,-13.067673,31.861169,1.524082,-1.902851,12.983650,8.054465,-40.874878,-37.770526,43.519172,67.788152,-24.840274,-12.499846
572.000000,-9.109161,19.570334,78.612262,1.204718,6.406515,9.692415,-12.061079,8.324846,20.782879,57.244167,-11.326431,7.844762,-9.344629,-7.026946,-17.215424,12.679293,-16.022248,0.096393,1.463235,-5.932361,6.994207,16.911437,30.957047,-13.338178,31.053042,0.636989,-2.051505,12.636716,6.936457,-40.582809,-37.379088,42.600201,66.740709,-24.972225,-13.152721
573.000000,-11.064497,19.433630,78.650713,0.347655,6.689595,13.115968,-6.898174,9.932783,22.646317,54.247944,-8.818870,7.550815,-9.649456,-7.290850,-20.534889,10.644147,-13.909545,0.144153,-0.182631,-4.975714,5.980177,16.397742,31.603074,-13.843141,30.234181,0.241513,-2.178826,12.234434,5.681208,-40.894477,-37.057297,42.408928,65.556927,-25.061841,-14.038392
574.000000,-13.139951,19.549190,78.581882,-0.888213,6.916234,16.411331,-2.899422,9.299619,21.635500,46.992678,-4.806878,4.806992,-10.115927,-7.462050,-23.938345,8.723081,-11.776733,0.488695,-1.576322,-3.585317,4.745020,15.692810,31.852126,-14.431665,29.598936,-0.264514,-2.421782,11.626721,4.651656,-41.734273,-36.999869,42.798795,64.009302,-24.628740,-14.279514
575.000000,-15.436354,19.752117,78.437543,-2.207695,7.284338,19.989453,-0.122528,6.748655,17.517593,36.074593,-6.230613,1.694236,-11.162619,-7.883083,-26.980941,7.110551,-9.353089,1.460463,-2.921159,-2.042883,3.430106,14.471021,31.965719,-15.310214,28.936506,-0.737308,-2.726360,11.232559,3.826662,-43.092616,-37.035779,43.460914,62.831204,-23.991603,-14.556123
576.000000,-17.849684,19.929452,78.301501,-3.212994,7.445770,23.330149,2.397118,4.419673,12.816829,25.747638,-9.921956,0.466469,-12.244587,-8.782275,-29.606978,5.924833,-6.962391,2.784612,-3.852676,-0.613565,2.521279,12.937007,32.026634,-16.319994,28.023375,-1.457437,-3.060037,11.402491,2.845778,-44.811806,-36.571831,44.362652,62.081427,-23.452943,-14.751581
577.000000,-20.051888,20.151231,78.215134,-3.812304,6.679277,26.105986,4.844402,3.360383,9.308216,18.498823,-13.043153,-0.964404,-12.203202,-9.682354,-31.827090,5.236142,-5.494530,4.241003,-4.227835,0.763661,2.549681,11.883708,31.723852,-16.817070,26.903936,-1.948454,-3.726038,10.822868,1.841258,-46.648358,-36.786641,45.778117,60.182743,-23.373963,-16.418330
578.000000,-22.255892,20.182255,78.180468,-3.909495,5.601660,27.793664,6.340591,2.898217,7.787582,14.290071,-15.260907,-1.600858,-12.432551,-10.844928,-33.264705,6.171754,-5.525838,4.870011,-3.561474,1.630277,3.389783,11.096231,31.599382,-16.739421,25.485340,-2.453835,-4.229540,10.562694,0.475094,-47.694166,-38.216544,46.534752,57.826157,-22.389140,-17.087223
579.000000,-24.313310,20.076554,78.180951,-3.823451,4.711812,29.083947,6.972920,2.394289,6.280945,11.465207,-16.197416,-1.904167,-13.194384,-12.077742,-33.808999,7.964854,-6.362321,5.346866,-2.288757,2.080308,4.382678,10.134796,31.974912,-17.074508,24.007249,-4.122491,-4.374266,11.306346,-0.898912,-48.227259,-38.507370,46.848561,56.957887,-22.273008,-18.854391
580.000000,-26.270676,19.823401,78.212720,-3.587735,3.861313,30.162033,7.045308,1.898147,4.824866,9.880066,-16.861613,-2.216548,-14.533662,-13.207232,-32.450577,10.961539,-6.673572,5.360515,-1.184015,2.276970,5.403054,9.632035,32.646009,-17.460474,22.796742,-5.275493,-4.366229,12.293342,-2.361145,-48.572586,-38.539472,47.072270,55.851475,-22.587302,-20.599188
581.000000,-28.104517,19.418424,78.215039,-3.341600,3.157780,31.277449,5.879896,1.504885,3.462210,10.580813,-17.802355,-1.979794,-16.122848,-14.239436,-29.319915,15.806644,-6.844486,4.906063,-0.223633,2.347454,6.282381,9.315403,33.496914,-17.999751,22.029858,-5.690885,-4.175867,13.381734,-3.589505,-48.756380,-37.788220,46.861340,55.326014,-22.858111,-21.990163
582.000000,-29.796728,18.875605,78.172171,-3.170853,2.593726,32.593246,3.040607,1.226823,1.991271,14.320608,-19.259895,-1.333842,-17.688351,-15.941204,-26.593362,22.743902,-8.098553,3.651169,0.540713,2.288758,7.277263,8.503897,34.708979,-18.751045,21.783145,-5.320213,-3.711226,14.380069,-5.028398,-48.888698,-36.636469,46.686945,56.241915,-22.961059,-22.789958
583.000000,-31.214073,18.214560,78.088850,-3.225447,1.841108,34.081730,0.186091,1.296241,0.133271,18.375731,-20.630923,-1.268268,-18.199377,-17.640196,-24.478560,29.369523,-9.383457,1.979875,1.251533,2.481670,8.299853,7.618699,35.576512,-19.257461,22.036509,-4.968129,-3.334399,15.494072,-6.151487,-49.479666,-35.465207,47.471102,55.897011,-23.324994,-24.011754
584.000000,-32.369044,17.413130,77.956486,-3.418133,1.106281,35.436956,-1.929025,1.561388,-1.806426,20.993321,-21.873633,-1.372428,-18.234623,-19.462018,-22.372525,35.274645,-10.240415,0.275876,2.090682,2.757935,8.852415,7.135238,36.031686,-19.180986,22.386372,-4.800070,-2.894939,16.821112,-6.739405,-49.469991,-34.511802,47.357998,56.417646,-23.727580,-25.297848
585.000000,-33.187532,16.475584,77.844703,-3.541109,0.462180,36.474906,-2.957357,1.951660,-3.454039,21.762567,-22.753110,-0.658174,-17.638110,-20.755188,-19.380308,39.129590,-10.221214,-1.190103,3.266895,2.706847,8.905972,7.307181,36.237166,-18.859856,22.558436,-5.060359,-2.725544,17.553470,-7.300786,-48.935614,-34.282847,47.412858,56.087987,-23.854915,-26.045427
586.000000,-33.764827,15.361056,77.743316,-3.192039,-0.058441,37.137583,-3.856581,2.062198,-4.836867,22.871489,-22.994426,0.421109,-16.508116,-22.362137,-16.028022,41.316391,-9.477243,-2.168443,4.612475,2.072191,9.183093,7.416408,36.628033,-18.507000,22.653748,-4.950001,-2.466926,18.337255,-7.460733,-47.867629,-33.412575,46.633557,56.383481,-24.001114,-26.726078
587.000000,-34.104794,14.044161,77.602190,-2.784693,-0.306493,37.419387,-5.212392,2.261025,-5.768549,24.694889,-23.112281,0.704908,-14.830383,-23.968100,-13.244427,41.236502,-8.222719,-2.527870,6.127616,1.114196,9.328828,7.630213,36.941027,-18.227910,22.873030,-4.881245,-2.207841,18.794130,-7.841297,-46.405859,-32.577581,45.706171,56.221329,-24.194721,-27.484750
588.000000,-34.229803,12.547605,77.406383,-2.636020,-0.182130,37.384962,-6.930613,2.844446,-6.186101,26.402667,-23.142421,0.140934,-12.893226,-25.161797,-11.139451,38.971598,-6.857770,-2.396697,7.399532,-0.015227,9.059864,8.031978,37.277065,-17.401128,22.736078,-4.403849,-1.954144,19.680866,-8.111576,-44.641235,-31.457772,44.125874,55.551093,-24.106157,-28.047315
589.000000,-34.083569,10.898467,77.189451,-2.514764,0.252042,36.691002,-8.167842,3.805510,-5.955640,27.070715,-23.352080,0.058327,-10.526347,-25.973324,-9.770773,34.768894,-4.839123,-1.524771,9.155245,-1.398533,8.518567,8.657406,37.257852,-16.611459,22.389123,-4.078942,-1.762415,20.121227,-7.513849,-42.510148,-29.242424,41.463507,55.299343,-24.515163,-28.678817
590.000000,-33.684406,8.998963,76.968068,-2.422036,0.850838,36.003490,-9.222448,5.113910,-5.530914,27.096870,-23.361231,-0.351384,-7.505935,-25.961172,-9.258182,29.273439,-4.730674,1.486885,10.455427,-3.146083,7.483067,9.391535,37.247887,-15.919726,22.179205,-4.507535,-1.555603,20.621193,-7.638051,-40.152920,-26.639483,38.994937,54.553086,-24.692765,-29.674658
591.000000,-33.044776,6.874633,76.772869,-2.257747,1.505029,35.405242,-9.934993,6.636786,-5.145784,26.439391,-22.747967,-1.427907,-4.201466,-25.091764,-9.911000,23.108985,-6.062017,6.031570,11.419795,-5.262107,6.459100,9.918405,37.455036,-15.480151,22.092652,-4.730031,-1.597819,20.611549,-8.439534,-37.214815,-24.041315,36.778666,53.024510,-24.722554,-30.625831
592.000000,-32.227814,4.615802,76.696962,-2.006994,1.861115,34.800073,-9.765393,8.561005,-4.690095,24.751333,-21.272443,-2.950696,-1.307764,-23.446597,-12.254726,16.831695,-8.391121,8.863998,12.417049,-7.053797,5.521376,10.103428,37.418262,-15.111403,21.889272,-4.546578,-1.570165,20.940095,-8.001429,-33.996621,-21.134313,33.142834,51.370160,-24.687961,-31.463106
593.000000,-31.361797,2.293761,76.779741,-1.872611,1.956502,33.923697,-8.844269,10.983363,-3.855890,21.995077,-18.759676,-5.015656,0.995323,-21.478025,-16.775146,11.909005,-10.398645,10.183091,13.586413,-8.492074,4.727708,9.794226,37.284807,-14.624173,21.495529,-4.489015,-1.537742,21.239441,-7.326595,-30.707434,-17.795780,29.174224,49.325997,-24.192959,-32.280570
594.000000,-30.500326,-0.056640,76.916999,-1.810475,1.901362,33.255760,-7.572048,13.506916,-2.930176,18.586623,-15.757660,-7.107712,2.475205,-18.904085,-18.638813,8.197575,-11.976181,10.045494,14.633644,-9.420353,4.025862,9.222991,36.880330,-14.391429,20.607331,-4.455477,-1.709605,21.317358,-6.296881,-28.386432,-13.905217,25.627129,47.537317,-23.662898,-31.850398
595.000000,-29.725251,-2.403057,77.130151,-1.772013,1.208570,33.056767,-6.030666,16.346591,-1.406118,15.299967,-11.754602,-8.701617,3.676111,-16.037865,-17.805060,5.797613,-11.991492,10.016383,15.062428,-9.729724,4.067626,7.745142,36.557051,-13.988572,19.389529,-5.205457,-1.740536,21.341723,-5.923572,-26.125771,-9.515526,22.188715,44.344112,-23.125434,-32.227459
596.000000,-28.948820,-4.583170,77.311713,-1.278469,0.185485,33.948177,-4.934304,18.435184,0.363751,13.320795,-8.049966,-9.940089,5.623731,-13.856967,-18.621729,4.375940,-12.243432,10.598947,14.648970,-9.651970,4.969763,5.497683,35.667262,-14.330961,18.381945,-5.770031,-1.816784,20.382997,-5.557533,-25.135825,-5.334602,19.346241,40.010531,-21.529535,-30.598851
597.000000,-28.319430,-6.634980,77.516377,-0.523612,-0.197936,35.182798,-5.161912,19.339959,2.666889,12.917818,-4.861975,-10.308775,6.793257,-12.500708,-19.729893,3.663164,-12.932789,10.397751,14.081193,-9.921746,5.457517,3.225538,34.715939,-15.536930,17.354805,-5.918107,-1.898771,19.899662,-5.104280,-25.446295,-1.339319,16.819023,35.669970,-19.593477,-27.398908
