Frame,root_translateX,root_translateY,root_translateZ,root_rotateX,root_rotateY,root_rotateZ,left_hip_pitch_joint_dof,left_hip_roll_joint_dof,left_hip_yaw_joint_dof,left_knee_joint_dof,left_ankle_pitch_joint_dof,left_ankle_roll_joint_dof,right_hip_pitch_joint_dof,right_hip_roll_joint_dof,right_hip_yaw_joint_dof,right_knee_joint_dof,right_ankle_pitch_joint_dof,right_ankle_roll_joint_dof,waist_yaw_joint_dof,waist_roll_joint_dof,waist_pitch_joint_dof,left_shoulder_pitch_joint_dof,left_shoulder_roll_joint_dof,left_shoulder_yaw_joint_dof,left_elbow_joint_dof,left_wrist_roll_joint_dof,left_wrist_pitch_joint_dof,left_wrist_yaw_joint_dof,right_shoulder_pitch_joint_dof,right_shoulder_roll_joint_dof,right_shoulder_yaw_joint_dof,right_elbow_joint_dof,right_wrist_roll_joint_dof,right_wrist_pitch_joint_dof,right_wrist_yaw_joint_dof
0.000000,168.836558,34.121981,71.325999,-5.087319,-8.383066,135.553504,5.472971,1.739262,40.978721,-5.000031,-22.569771,-2.246708,-13.095996,8.965948,19.012255,7.603706,-17.806510,-2.738028,39.894575,-7.884967,7.795686,21.752855,5.295593,3.539032,27.413277,4.516218,11.724009,-2.719969,13.334783,-19.699586,10.461645,22.777848,-7.746853,10.778595,2.719864
1.000000,167.669165,34.792715,70.261681,-2.409923,1.089816,175.875638,6.250629,-3.158321,-0.588152,8.729646,-29.089158,1.556987,-4.384108,-6.509311,-17.871205,34.439234,-45.001712,-1.964110,4.548050,-3.215062,3.033423,12.498327,19.846542,-19.312218,65.435548,9.507943,1.206511,-19.440786,7.904884,-25.852456,22.934027,60.665003,-4.691692,2.693597,18.529680
2.000000,168.050563,34.539834,69.998866,-3.681773,3.487124,176.741063,6.081235,-5.101371,-1.106656,13.105900,-30.454564,2.085667,-4.171405,-8.900945,-16.086614,39.529918,-45.115271,-1.798302,3.469208,-4.279106,5.310881,12.435504,18.542041,-17.019774,67.869158,9.454653,0.620966,-18.372654,8.274195,-24.528763,22.193829,63.245591,-4.494026,1.907479,17.327355
3.000000,168.454289,34.365821,69.725746,-4.651605,5.129472,176.815023,5.530898,-6.615678,-1.033510,17.041428,-32.271513,2.681452,-4.248356,-10.912243,-15.656537,42.501426,-46.345777,-1.260413,2.963013,-5.314128,6.661536,11.532556,17.451376,-14.464713,70.039943,9.313217,0.523495,-17.595035,8.092116,-22.421163,20.261970,66.279555,-3.401549,2.158464,16.322298
4.000000,168.845892,34.237534,69.492716,-5.191311,6.107898,176.942626,4.430756,-7.489571,-0.830366,20.688576,-33.843420,3.012764,-4.459081,-12.162537,-15.392514,44.458115,-47.093143,-0.820873,2.656900,-6.010032,7.394025,9.377458,17.376577,-13.370285,71.816072,9.620613,0.544861,-16.649071,6.763230,-20.595032,19.310135,69.286627,-2.232179,3.001571,15.878264
5.000000,169.225729,34.127539,69.314247,-5.376920,6.545405,177.188840,2.904087,-7.909686,-0.887314,24.007345,-35.202334,3.127587,-4.912024,-12.787986,-15.357100,45.841563,-47.462185,-0.767238,2.521626,-6.410126,7.585039,6.363960,18.083168,-14.309817,73.866017,10.512803,1.016715,-19.027210,4.250739,-19.685840,21.026925,71.281924,-2.878253,3.645814,17.824946
6.000000,169.280362,34.183165,69.401443,-3.958728,3.672995,177.015859,-0.876469,-6.069143,-0.956927,25.710000,-36.578108,2.712397,-7.327771,-10.028055,-15.392222,43.813153,-46.596292,-1.702632,1.670134,-5.511864,5.956305,-0.451765,20.930085,-14.695688,76.151671,11.492581,1.104240,-21.361845,-2.736708,-19.996436,23.217343,73.827535,-4.014141,3.802610,20.760696
7.000000,169.761860,34.016451,69.186234,-4.172573,4.783398,177.172898,-1.789867,-6.506590,-0.854755,28.835399,-37.699861,2.634671,-7.414921,-10.743728,-14.883109,45.690206,-47.184917,-1.255943,1.430349,-5.608367,5.441825,-3.422296,23.315903,-16.225519,76.150995,12.687702,0.557894,-20.731239,-5.605999,-21.673493,24.658255,73.870859,-4.972417,3.498224,20.176048
8.000000,170.075631,34.078813,69.296402,-3.280088,2.682192,176.582194,-4.039478,-5.134842,-0.525591,28.602071,-37.860299,1.880280,-9.561536,-8.866213,-14.713877,44.122759,-46.785324,-1.903120,1.243232,-4.999614,4.602918,-11.282819,27.830477,-18.001414,77.200078,14.962069,-1.215072,-18.869154,-13.542746,-24.188307,25.387721,74.470386,-5.987141,2.822642,18.880171
9.000000,170.357001,33.987215,69.159180,-3.309287,3.118029,176.640723,-4.757383,-5.238962,-0.424691,30.356817,-38.585924,1.328431,-9.706256,-9.136829,-14.459872,44.996306,-47.181106,-1.575010,1.170942,-4.877189,3.542861,-16.618192,31.934836,-21.393636,76.795321,16.638716,-2.156670,-16.448014,-18.708750,-27.717341,27.830804,73.757089,-7.848674,1.722875,17.436631
10.000000,170.561385,34.015003,69.305509,-2.979801,1.333763,176.629727,-6.171996,-4.611109,-0.476006,28.931407,-38.025596,1.201568,-11.251050,-8.197434,-14.556953,43.659290,-46.379201,-1.812322,0.694949,-4.303388,2.848228,-26.274797,36.937192,-25.439972,77.224919,16.087513,-3.720642,-15.527074,-28.501813,-31.861262,31.877907,73.829011,-9.348772,1.256205,17.655383
11.000000,170.905530,33.931071,69.196928,-3.058699,2.138087,176.671398,-6.583354,-4.708892,-0.174789,30.809436,-38.545172,0.791983,-11.076257,-8.754777,-14.605909,44.618580,-46.921467,-1.192629,0.644097,-4.169533,1.688434,-32.404340,40.984034,-30.527640,75.976934,17.452689,-5.274151,-12.610512,-34.700172,-35.384068,36.629932,72.822138,-10.300517,0.382721,16.151495
12.000000,171.014607,33.960307,69.330955,-2.595251,0.806555,176.531033,-7.384903,-3.969902,-0.047896,29.535637,-38.766603,0.112114,-11.887742,-7.832305,-14.899866,42.943592,-46.287007,-0.616731,0.610224,-3.575212,1.027160,-43.664672,44.663987,-36.584535,77.247971,17.260807,-6.528498,-12.897004,-45.354512,-38.729218,42.458259,72.571812,-11.381972,-0.385526,17.400926
13.000000,171.167767,33.883381,69.226718,-2.685017,1.516726,176.601864,-7.543917,-3.987445,0.525600,31.113824,-39.431181,-0.299042,-11.520992,-8.403991,-15.100531,43.670850,-46.534868,-0.146545,0.502662,-3.539411,-0.225970,-50.166729,47.116916,-42.705160,75.812812,18.552913,-7.335590,-12.068984,-51.908611,-40.963537,49.247942,70.582396,-13.103410,-1.309649,16.852945
14.000000,171.028745,33.888531,69.403243,-2.088782,0.498494,176.607119,-7.577382,-2.940010,1.229520,29.679911,-39.769808,-0.436628,-11.360330,-7.315200,-15.704118,41.352042,-45.824883,0.074615,0.247580,-2.675625,-0.576371,-61.068489,48.659548,-49.666762,76.068985,19.074271,-8.293183,-13.912336,-62.750293,-42.369808,56.874869,70.075753,-16.364042,-2.004514,18.849896
15.000000,170.986402,33.764550,69.298846,-2.274830,1.305073,176.889715,-7.220797,-2.374978,3.398153,31.107127,-40.779979,-0.539470,-10.731065,-8.280937,-16.140205,42.355461,-46.090400,1.096868,0.206085,-2.873210,-1.817549,-66.668630,48.437680,-54.175442,74.806042,19.821257,-8.377759,-13.031012,-68.148773,-42.265190,63.000695,69.176491,-18.228426,-2.095400,19.950728
16.000000,170.738435,33.702973,69.509035,-2.090859,0.439548,176.774006,-6.217271,-1.849748,4.528251,27.947283,-39.673789,-0.401783,-10.637357,-7.750269,-16.300345,40.633793,-45.551792,0.846533,0.223819,-2.257526,-1.749051,-75.637030,47.334693,-57.596970,75.943876,18.647719,-8.408336,-14.182752,-77.669312,-42.390282,69.001153,68.646666,-18.002751,-1.732099,23.168082
17.000000,170.750475,33.597887,69.301635,-2.431905,1.905429,176.724337,-6.038224,-2.042709,4.966066,30.581369,-39.526209,-0.681974,-10.014126,-8.966112,-16.111665,42.680093,-46.201070,1.629934,0.200369,-2.710251,-2.561933,-77.993630,46.042951,-59.097078,74.843328,18.454835,-8.605967,-13.563436,-80.834182,-41.283412,71.519491,67.562189,-18.489469,-2.003179,22.732729
18.000000,170.246649,33.558777,69.525099,-2.150724,1.559335,176.414833,-4.009139,-1.995635,4.960711,26.931615,-37.957625,-0.842324,-8.744463,-8.237875,-16.457249,40.200704,-45.677242,1.590376,0.034088,-1.723785,-1.612545,-83.973583,45.283915,-60.425639,74.734892,17.143995,-8.367519,-13.787667,-89.190946,-41.081706,74.174973,66.701920,-16.158609,-1.778013,23.871499
19.000000,170.224559,33.414245,69.325781,-2.514838,3.137685,176.256054,-3.464358,-2.220009,5.530717,29.078882,-38.598888,-1.383795,-8.037440,-9.684356,-16.417663,42.533381,-46.504801,2.230710,0.100046,-1.893163,-1.568341,-85.075177,43.856604,-60.114394,74.646782,16.687120,-8.298517,-13.096641,-91.860532,-40.371455,73.267945,66.399124,-14.095786,-1.498670,22.549176
20.000000,169.670045,33.396930,69.580692,-2.477074,3.144048,176.416828,-0.388546,-2.449959,5.406500,24.098456,-37.014059,-2.378258,-6.294068,-9.323325,-16.854878,40.050197,-45.855814,3.435733,-0.279400,-1.405477,-0.682018,-89.450821,42.529836,-61.424888,76.139117,13.105361,-6.366617,-15.366558,-98.097035,-40.552107,75.627324,66.706503,-7.538849,-1.218540,18.548354
21.000000,169.579840,33.307883,69.439864,-3.058429,4.461263,176.491133,0.100748,-2.971093,5.720543,25.913989,-37.017631,-3.125937,-5.649546,-10.883899,-16.882334,42.160155,-46.177191,4.570069,-0.297784,-1.913979,-0.685567,-89.524703,41.557589,-61.030336,76.323922,12.592106,-6.417011,-14.794733,-99.513951,-40.378265,75.240292,67.078017,-6.250362,-1.378989,17.855701
22.000000,168.936002,33.318481,69.794488,-4.297232,4.375017,177.052567,4.190545,-4.816178,5.354260,18.336037,-32.238162,-3.262919,-4.614910,-12.120593,-16.594177,41.403487,-44.989466,5.284366,-0.641729,-2.599137,-0.475740,-90.977437,40.757296,-60.247528,77.185850,11.629015,-6.541198,-13.902764,-102.687154,-40.805025,75.801904,68.243924,-4.512186,-1.220966,17.828863
23.000000,168.808615,33.255693,69.837469,-5.212676,6.133929,177.516334,5.123533,-5.651815,5.504928,20.117349,-30.849226,-4.606223,-3.529745,-14.146483,-16.143278,44.210643,-44.165297,7.057970,-0.644981,-3.339306,0.326865,-90.357939,39.873736,-59.154923,77.308425,11.633475,-6.579476,-12.238351,-102.635880,-40.695114,75.450060,68.378000,-5.136802,-1.565917,17.218149
24.000000,168.778837,33.183888,70.028722,-6.029198,7.291008,177.783165,5.530593,-6.639790,5.070986,21.667838,-29.184381,-5.257242,-2.978369,-15.531331,-15.452007,45.603435,-42.488281,8.575613,-0.486628,-3.714012,1.091612,-89.478497,38.831739,-58.207193,77.166132,11.905897,-6.687391,-9.769152,-102.150124,-40.476753,75.268521,68.208837,-5.210710,-2.035765,16.241548
25.000000,168.527591,33.177984,70.587683,-6.903679,6.011268,177.923840,6.783534,-7.943662,3.854830,16.302024,-24.703720,-5.546074,-3.818784,-16.254057,-14.773544,44.649838,-40.268497,9.732803,-0.202139,-3.726257,-0.056045,-88.239808,37.485748,-57.381266,77.231900,12.546069,-6.304496,-5.888522,-101.279916,-40.566693,74.973013,67.911246,-3.832448,-1.313843,13.814468
26.000000,168.991852,33.066651,70.567268,-7.774386,7.386644,178.080972,6.304671,-8.993378,3.512005,18.872952,-24.047320,-5.836200,-4.213768,-17.856391,-13.705773,47.249790,-39.663643,10.690507,-0.020087,-3.945490,1.266086,-87.635507,36.932639,-56.451688,77.390094,12.919284,-6.353579,-4.385020,-100.074409,-39.715159,73.964747,67.780072,-3.377034,-1.252464,13.465802
27.000000,169.303083,33.041579,70.285094,-8.520109,7.960877,178.283974,5.400234,-9.903770,3.348598,21.230340,-25.244659,-5.344112,-4.856437,-18.884517,-12.967786,49.165874,-40.837868,10.444143,-0.158229,-4.103240,1.803511,-87.194243,36.673342,-55.667889,77.526219,12.997030,-6.551240,-3.102779,-99.080343,-38.591272,72.555522,67.803903,-3.191935,-2.242401,12.739741
28.000000,169.551528,33.058181,69.701344,-9.020915,8.061519,178.303648,4.495011,-10.443724,3.842308,22.880919,-28.481151,-4.398015,-5.568325,-19.644244,-13.010966,50.422304,-43.980196,9.388399,-0.313846,-4.450128,1.818125,-86.919826,36.529563,-54.674824,77.774599,12.307705,-6.244945,-2.219239,-98.418511,-37.683574,71.407811,67.407034,-3.866290,-2.195868,10.549313
29.000000,169.351554,33.172914,69.505000,-6.671624,5.960100,177.270240,4.204779,-7.729843,4.231238,20.237603,-31.338424,-3.260710,-5.796721,-15.850460,-14.451891,46.414168,-45.721932,6.026344,-0.538671,-1.933064,0.116824,-86.973737,37.473232,-53.451370,77.526704,10.549273,-6.197113,-1.978085,-97.873018,-35.905266,69.135701,67.481661,-4.788927,-1.977237,7.518097
30.000000,169.798470,33.123577,68.969011,-6.932205,7.797364,177.204900,4.854734,-8.136895,4.075787,21.927750,-34.199771,-1.967779,-4.974163,-16.617227,-14.076286,47.536904,-47.776347,4.662668,-0.471371,-1.878063,1.726605,-85.784355,37.339063,-53.564608,77.060291,10.549085,-6.391246,-2.486916,-97.108843,-34.849801,68.353535,67.189582,-4.731915,-2.283318,6.662568
31.000000,169.698441,33.203211,69.191539,-4.873349,8.891494,177.275426,7.156574,-6.016522,3.109508,20.938630,-35.350187,-2.428874,-1.899928,-13.211127,-14.604664,44.525658,-46.596712,4.022144,-1.542470,0.397036,3.780653,-85.051858,38.980149,-54.326338,75.865425,10.295066,-6.828851,-4.100963,-97.659704,-34.736997,68.278867,66.336655,-4.955834,-2.503705,7.336544
32.000000,170.250404,33.178931,69.157666,-5.321667,9.978619,177.924940,6.255657,-6.368935,3.009366,23.945265,-35.952125,-3.684423,-1.661763,-14.354133,-15.162970,46.122393,-46.708433,5.363651,-2.038119,0.254444,4.776759,-84.004469,39.305922,-56.573535,75.831151,11.592517,-7.428333,-5.176986,-97.548427,-35.422748,70.428396,66.216888,-5.320579,-2.853978,7.227790
33.000000,170.445704,33.254841,69.419932,-4.077890,6.124643,178.652750,1.314210,-4.814967,2.089898,24.934229,-37.400610,-4.633065,-4.410983,-12.324283,-16.807065,43.169039,-45.763166,5.452196,-2.313014,2.029566,2.189242,-86.268684,40.631884,-58.880834,76.087590,12.347236,-8.146290,-5.458940,-100.110014,-38.232148,73.594749,66.408085,-5.888951,-3.882409,7.413494
34.000000,170.963621,33.198088,69.233459,-4.468677,6.466077,178.947970,0.017229,-5.086333,2.634087,27.207234,-39.407589,-3.926088,-5.128702,-13.378859,-16.868701,44.584432,-46.496100,5.981042,-1.874532,1.904060,1.995575,-86.615145,41.321739,-59.962238,76.367041,12.945315,-7.914518,-5.560078,-100.605661,-39.797972,74.982445,67.336492,-6.747147,-3.688596,8.215014
35.000000,170.794249,33.198366,69.510138,-3.378398,2.779432,179.064786,-2.766009,-3.376302,3.683760,25.532255,-40.640667,-2.375166,-7.452895,-11.146021,-17.603455,40.912809,-45.397600,5.087526,-1.214949,3.379102,-0.604187,-89.065223,41.996627,-61.001007,76.257744,13.216023,-7.717232,-6.696983,-103.241834,-42.165842,76.140586,68.341111,-7.320852,-4.168356,8.672567
36.000000,171.083760,33.168194,69.401538,-3.856929,3.378567,179.607794,-3.271361,-3.097813,5.308757,27.408987,-41.877935,-1.721319,-7.665789,-12.311091,-17.700420,42.626541,-45.863627,5.493299,-1.502053,3.163114,-0.196840,-88.381473,41.484742,-60.895733,76.104071,13.285795,-7.611949,-6.645181,-102.989882,-42.352446,76.323635,68.194398,-7.184545,-4.073489,8.577763
37.000000,170.976961,33.156580,69.578469,-3.161536,0.701305,-179.986381,-5.405027,-1.783201,7.105268,26.236932,-41.976744,-1.158918,-9.646385,-11.026389,-18.427984,40.863219,-45.224919,4.718004,-2.110772,4.145349,-2.246916,-87.844436,40.746784,-60.613066,75.742543,13.359666,-7.404416,-6.614909,-102.879718,-42.068156,76.919862,66.971419,-6.940410,-4.191086,9.373562
38.000000,171.271443,33.103785,69.356608,-3.632996,1.539067,-179.449410,-6.154064,-1.257721,8.910358,29.253529,-42.185919,-0.762765,-9.930467,-12.413264,-18.573620,43.232044,-45.728673,4.447476,-2.766605,3.597764,-1.191201,-86.828151,39.244194,-60.371578,75.369840,13.063200,-7.372068,-6.663088,-101.470458,-40.959248,77.530864,66.408884,-6.819957,-3.915219,10.439970
39.000000,171.165800,33.104217,69.350231,-3.102994,0.691454,-179.491549,-6.531513,-0.050823,10.563762,28.868966,-40.499876,-0.909792,-10.589863,-11.616512,-18.889682,42.829005,-45.861882,3.466412,-3.190703,4.245938,-1.627158,-85.919395,37.836946,-59.816864,74.987704,13.727310,-7.338649,-6.190266,-100.473094,-39.407849,77.131038,65.702076,-6.726022,-3.957656,10.748895
40.000000,171.063614,33.186996,69.353384,-2.977266,0.915566,-179.574139,-6.020646,0.400322,10.896769,28.480338,-38.168955,-1.037022,-10.233559,-11.370056,-18.867670,42.892417,-45.925266,2.962932,-3.634236,4.458538,-1.344303,-84.851365,36.895538,-59.192926,74.326665,13.945213,-6.923062,-5.786961,-99.301252,-38.263317,76.567035,65.156323,-6.293273,-4.212001,9.866098
41.000000,171.166468,33.208472,69.145137,-3.590336,1.770756,-179.673594,-6.375115,0.328174,11.664072,30.956565,-38.604813,-1.041061,-10.414936,-12.669149,-18.563245,44.979757,-46.306620,3.262289,-3.863706,3.829825,-0.580151,-84.080776,36.341517,-59.541928,74.050083,13.892560,-7.047355,-6.642618,-98.764583,-37.757344,76.582116,65.031167,-6.257600,-4.178221,10.558817
42.000000,170.722818,33.261785,69.355077,-3.740708,0.059102,179.911068,-5.972917,-0.216775,11.976727,27.313081,-37.008560,-1.110144,-11.589098,-12.053719,-18.008308,43.783090,-45.527992,2.834700,-3.968401,3.589114,-1.921868,-84.941421,37.070353,-60.140478,74.211460,14.487731,-7.025104,-6.924985,-99.371726,-37.907034,76.293193,65.156344,-6.152858,-4.164095,10.398435
43.000000,170.706582,33.297381,69.215190,-4.474354,0.970004,179.829258,-6.248452,-0.382474,12.354104,29.739163,-36.332167,-1.869524,-11.543397,-13.341265,-17.339870,45.847317,-45.750882,3.494000,-4.079669,2.601820,-1.598911,-84.900433,37.485752,-59.951801,74.507644,14.687386,-7.086530,-7.078213,-99.180152,-38.190699,76.546094,65.497109,-6.412564,-4.056219,10.440409
44.000000,170.541143,33.339930,69.151723,-5.070612,1.405113,179.579735,-6.625260,-0.780032,12.169272,31.826185,-36.019969,-1.728295,-11.658662,-14.179214,-16.720510,47.261736,-45.561842,3.914312,-4.125448,1.633112,-1.586226,-85.464388,38.371542,-59.816843,74.809218,14.863912,-7.028039,-6.640469,-99.437480,-38.622401,76.737182,65.716501,-6.735130,-4.242806,10.415483
45.000000,170.014894,33.415693,69.504380,-5.484167,0.112960,178.957077,-6.508527,-1.875750,10.809837,29.613047,-33.631312,-1.278788,-12.191266,-13.797979,-15.989813,45.824682,-44.454484,4.157128,-3.813364,0.948470,-2.046684,-87.389313,39.886666,-60.527893,74.984078,14.606868,-6.948240,-6.699564,-100.944650,-39.498000,76.622476,65.999182,-6.854952,-3.943631,10.486579
46.000000,170.106125,33.338067,69.509757,-5.965288,1.347832,178.398152,-7.061857,-2.247720,9.611127,32.912516,-32.470986,-1.704617,-12.121823,-14.729650,-14.812080,47.783290,-43.514210,5.147839,-3.349681,0.219876,-1.425409,-86.781419,40.049152,-60.062498,75.057311,14.241689,-7.093741,-6.934864,-100.254951,-39.335237,76.293466,65.864464,-6.712049,-4.247356,10.269662
47.000000,169.904721,33.348957,69.588816,-6.216175,1.495739,177.527228,-7.716465,-2.637747,7.892862,34.843469,-31.955600,-2.105790,-12.330710,-14.836218,-13.928543,48.255754,-42.481017,5.851941,-2.865330,-0.423115,-1.269871,-86.499339,40.680023,-58.933468,75.062700,13.831101,-7.286538,-6.721318,-99.390167,-38.975713,74.488643,65.709336,-6.534649,-5.256420,8.774989
48.000000,169.622219,33.362731,69.879436,-5.995424,0.531585,176.165489,-8.309578,-2.644599,5.620826,34.298799,-31.407109,-1.600626,-12.918127,-13.720100,-12.943480,46.649205,-40.856860,5.918161,-1.988378,-0.774799,-2.420033,-85.422608,40.821964,-56.475071,75.638184,12.861200,-7.546476,-4.043588,-97.331241,-38.261904,72.384139,65.443833,-6.266479,-6.056857,6.266357
49.000000,169.940555,33.232307,69.597274,-6.081855,1.867305,174.854954,-9.188594,-3.245646,2.749593,37.678694,-32.819390,-1.301615,-13.381189,-14.154135,-11.780983,48.805540,-41.489742,5.943213,-0.867024,-2.063321,-1.246324,-84.914776,40.643225,-51.972422,76.279266,11.208852,-7.591228,-1.085215,-95.483012,-37.539167,69.902328,65.690335,-6.838370,-6.484609,3.825676
50.000000,169.905853,33.206668,69.143862,-5.884400,1.914588,173.496495,-10.096897,-3.816340,-0.759908,39.730582,-34.729610,-1.737092,-14.063023,-13.481350,-10.843572,49.803267,-43.888525,5.042841,0.128401,-2.710945,-1.070856,-83.816591,40.696221,-46.181433,76.932389,8.333271,-7.987444,2.743806,-93.459787,-36.869713,66.722233,66.691326,-7.250118,-6.846238,1.167723
51.000000,169.832194,33.278385,68.854195,-4.300462,1.194795,171.646086,-10.087850,-1.987960,-3.593301,39.517238,-37.024041,-3.508518,-14.127529,-10.671548,-10.698445,47.609519,-45.160381,3.358067,1.860452,-1.689883,-2.364349,-81.850924,40.494682,-42.569700,77.785609,8.896904,-7.987108,1.962376,-90.841878,-35.781339,63.586869,68.809033,-7.068561,-7.612543,-0.238519
52.000000,169.804227,33.163926,68.585175,-1.853563,2.706812,170.687053,-7.781470,0.069026,-6.408774,40.014352,-39.443280,-5.489064,-11.240065,-7.642194,-10.696292,45.511599,-45.708333,1.959519,2.145898,-0.068911,-0.471362,-80.367216,41.831162,-42.731958,77.537086,9.119997,-8.592478,0.789088,-89.896122,-35.318925,61.601114,69.197084,-8.261443,-7.983471,1.250407
53.000000,169.659102,32.953972,68.597722,-0.098048,3.956778,170.720599,-5.715273,1.598302,-7.274030,39.805960,-40.682939,-6.066481,-8.346996,-5.617216,-10.711299,43.460989,-45.249269,1.521547,1.778178,0.822287,0.763882,-79.124839,42.051473,-43.269692,77.399738,9.251466,-8.958345,1.116542,-88.680417,-35.871559,62.311208,68.579607,-6.489296,-7.790566,2.327387
54.000000,169.892311,32.489398,68.442512,0.507488,5.088726,171.103809,-6.038058,1.784192,-6.615988,42.280835,-41.772177,-5.578352,-7.831159,-5.824791,-10.968692,44.857646,-45.555637,2.198504,1.444762,0.690344,1.513668,-78.186910,41.501244,-44.213788,77.138306,10.141064,-9.327924,0.629228,-87.515992,-35.928229,62.937721,69.061866,-7.072129,-7.898892,2.630585
55.000000,169.634354,32.357386,68.872297,0.662631,3.487320,171.566406,-5.605910,2.265947,-6.707330,38.322023,-40.623595,-5.513523,-7.431521,-5.140585,-11.739678,41.326148,-44.429691,2.161228,1.071746,0.146009,0.051732,-79.230509,41.370394,-45.686736,76.852872,11.397461,-9.308647,0.528168,-87.586282,-36.901244,64.121775,68.501326,-7.407658,-7.725736,3.914425
56.000000,170.177031,31.906301,68.568581,1.274014,4.640843,171.224661,-6.194837,2.142835,-7.204367,41.206306,-41.863121,-5.154112,-7.758013,-5.317547,-11.592976,43.416862,-45.012016,2.143940,1.343612,-0.029023,0.887846,-79.552149,41.370415,-47.072339,76.272005,11.944267,-9.519470,1.143961,-87.466084,-36.687098,64.936036,68.447983,-7.062384,-7.618100,3.814065
57.000000,170.161009,31.726465,68.687230,1.508977,2.710939,170.486772,-6.989763,2.687041,-7.378690,39.164506,-42.045326,-5.235197,-9.422450,-4.472358,-11.462716,42.005950,-44.732248,1.734448,2.129837,-0.411010,-0.405683,-81.739374,41.751109,-48.973153,76.062592,12.335800,-9.472661,1.419484,-88.902425,-37.074448,64.992071,68.285171,-6.531522,-7.321690,4.020970
58.000000,170.593691,31.249392,68.426079,1.864569,3.856018,169.999153,-7.337724,2.392106,-7.092753,41.763779,-43.053828,-4.578406,-9.892430,-4.958054,-10.984843,44.567958,-45.223512,1.986450,2.745898,-0.832852,0.056362,-81.479061,41.650521,-49.420104,75.953691,12.608756,-9.488392,1.064768,-88.439782,-36.257209,64.940366,68.412459,-6.265353,-7.408271,3.891486
59.000000,170.413673,31.068790,68.756145,0.488345,2.026280,169.588736,-7.042809,1.304930,-6.314559,37.082081,-41.563094,-4.003953,-11.996806,-5.921647,-10.098435,44.020566,-44.827413,2.066537,3.115806,-2.647435,-1.830301,-82.145811,42.073310,-49.907000,75.833931,12.905739,-9.434324,0.201117,-88.800799,-35.996149,64.925101,68.357517,-5.658592,-7.256387,4.496132
60.000000,170.797062,30.613112,68.521160,0.688878,3.151451,169.330357,-7.458442,0.663110,-6.469480,39.600464,-42.790674,-3.807808,-12.276959,-6.518231,-9.697634,46.122929,-45.332450,2.397007,3.653406,-3.062403,-0.969503,-81.680743,42.047106,-50.300368,75.792396,13.155014,-9.362180,0.503652,-88.372717,-35.519046,65.025785,68.508047,-5.752326,-7.335511,4.438203
61.000000,170.629668,30.457315,68.790454,0.213149,1.975020,169.576820,-6.954202,0.148737,-6.849966,36.034015,-41.825012,-3.826939,-12.579451,-6.754486,-9.860573,44.230854,-44.716016,2.460528,3.605124,-3.924362,-1.822163,-82.316094,42.424279,-50.978889,75.805114,12.840130,-9.393460,0.207619,-88.726992,-35.568220,64.644995,69.085171,-5.833883,-7.728995,4.440204
62.000000,170.990813,30.042639,68.518865,0.463271,3.245543,169.863031,-7.471481,-0.349822,-6.886958,38.949523,-42.974864,-3.278702,-12.437335,-7.527837,-10.045183,46.231174,-45.168130,2.730345,4.049384,-4.013060,-0.968360,-81.682342,41.950575,-50.901391,75.786249,12.938659,-9.410173,0.215066,-87.879536,-35.682110,64.513876,69.252278,-5.913155,-7.485430,4.248275
63.000000,171.170080,29.757282,68.362284,0.575487,3.748244,170.358074,-8.029597,-0.785020,-7.113056,40.692334,-43.829351,-2.940129,-12.443782,-7.994160,-10.306596,47.263475,-45.519130,2.998566,4.443958,-4.001137,-0.512552,-81.400781,41.357277,-50.961455,75.501259,13.159971,-9.336464,0.282793,-87.206448,-36.042297,64.289231,69.388226,-6.042627,-7.351338,4.241376
64.000000,170.887089,29.789457,68.812948,-0.027302,2.153526,171.335978,-7.277121,-1.313814,-8.152146,35.636659,-42.161849,-2.760879,-12.388249,-8.295831,-11.129402,44.488861,-44.615277,2.885960,4.369233,-4.537361,-1.602965,-82.206962,40.616331,-51.290670,75.484150,13.238682,-9.103497,0.433234,-86.893892,-37.453154,64.021774,68.699853,-5.652362,-7.259199,4.553611
65.000000,171.215487,29.488662,68.587244,0.132273,3.415193,171.858300,-7.722412,-1.982120,-8.592451,38.423120,-43.244243,-2.626359,-12.056286,-9.073471,-11.305821,46.300725,-45.171169,3.324146,4.619228,-4.381783,-0.597067,-81.636962,40.165252,-51.265460,75.477122,13.579243,-9.228225,0.314141,-86.020475,-36.950941,63.059756,69.356275,-6.550663,-6.967188,4.382149
66.000000,171.120667,29.543924,68.812138,-0.030392,2.184532,172.587807,-7.980945,-2.057371,-9.370859,36.266085,-42.649603,-2.652352,-12.137186,-8.842232,-11.940363,44.291373,-44.625557,3.120236,4.179447,-4.604018,-1.051623,-82.561325,40.537784,-51.838185,75.539133,13.612810,-9.105508,0.386009,-86.437314,-37.191432,63.270481,69.178205,-5.837869,-7.035843,4.750855
67.000000,171.471584,29.334179,68.547130,-0.014812,3.149211,172.573164,-8.705388,-2.513862,-9.036295,39.015188,-43.453981,-2.434800,-12.503350,-9.526742,-11.738537,46.347581,-45.305751,3.320158,4.845656,-4.521709,-0.272933,-82.003668,40.614654,-51.533159,75.650820,13.656013,-9.125345,0.490890,-85.813329,-36.810922,62.528715,69.523840,-6.304042,-7.043530,4.223337
68.000000,171.299779,29.456851,68.792510,-0.304168,1.414119,172.373964,-9.206777,-2.205017,-8.871775,36.528955,-42.659681,-2.500531,-13.425530,-9.113778,-11.796773,44.310432,-44.793279,3.350531,5.192090,-4.709988,-1.570575,-82.330834,41.435664,-51.672662,75.598234,13.886100,-9.149010,-0.269662,-85.934387,-36.996563,62.173586,69.703440,-6.633288,-7.055512,4.629066
69.000000,171.600413,29.293260,68.511486,-0.360855,2.448292,172.253141,-9.881030,-2.777572,-8.651979,39.560784,-43.422091,-2.191805,-13.813584,-9.721847,-11.082919,46.716329,-45.358238,3.908554,5.717974,-4.731694,-0.746115,-81.620658,41.746284,-51.741927,75.730863,13.733837,-9.176734,-0.012936,-85.258273,-36.889596,62.019081,69.803393,-6.539113,-7.000910,4.164214
70.000000,171.449578,29.362169,68.658763,-1.082322,0.872998,171.778161,-10.507916,-3.137002,-8.295560,37.580309,-42.701895,-1.979105,-15.557194,-9.672613,-10.073741,46.142292,-45.042311,3.916861,5.839621,-5.381788,-1.909888,-81.988034,42.660870,-51.664377,75.825864,14.022240,-9.239120,0.043376,-85.358568,-37.135438,61.440229,70.097091,-6.548153,-7.065829,3.767332
71.000000,171.707678,29.186875,68.339616,-1.112047,1.883878,171.543682,-11.317751,-3.634223,-7.736404,40.933225,-43.773347,-1.661291,-15.996315,-10.306703,-9.617886,48.520875,-45.709009,4.333631,5.717032,-5.578654,-1.314833,-81.451713,43.047882,-52.060931,75.895013,13.766292,-9.256942,0.168285,-84.335126,-37.534540,62.170001,69.812067,-4.864881,-6.997844,3.177507
72.000000,171.526206,29.164806,68.373126,-1.391604,0.793564,170.829199,-12.122025,-3.626081,-7.084970,40.715195,-43.623872,-1.181109,-17.283155,-9.781629,-8.482746,48.214370,-45.398980,4.258633,5.290425,-5.698858,-2.129412,-81.946964,43.816039,-52.367678,75.907157,13.441653,-9.442586,-0.146637,-84.309902,-38.880685,62.517282,69.690729,-3.550837,-7.058615,3.008071
73.000000,171.666408,28.897694,68.045831,-1.286620,1.659894,170.011268,-12.765660,-3.888432,-6.252226,43.880704,-44.489991,-0.674824,-17.864577,-10.071046,-7.647105,50.433946,-46.066617,4.573490,4.646339,-5.547493,-1.641917,-81.664446,43.628581,-52.188772,76.092248,13.894120,-9.424899,-0.301817,-83.515721,-39.403197,61.726045,70.648526,-4.011823,-6.958014,3.090158
74.000000,171.321404,28.750515,68.254972,-1.412354,0.959165,168.153552,-12.027089,-3.450083,-4.813360,42.089634,-43.849292,0.163884,-18.231976,-9.332963,-6.317830,48.972248,-45.460315,4.292167,3.965054,-5.760824,-1.883210,-82.863425,43.741949,-52.197364,76.442459,15.203047,-10.471737,1.603629,-83.462186,-40.958172,59.600039,70.905854,-5.888370,-6.250000,6.493057
75.000000,171.111822,28.382999,68.271476,-1.482892,1.439059,166.143446,-10.934488,-3.569233,-3.253433,41.682507,-44.094301,0.871519,-18.123282,-9.211150,-4.749452,48.596980,-45.503717,5.340925,2.510718,-5.984567,-1.704355,-83.230752,43.323374,-52.245432,76.596835,15.741865,-10.729179,2.078142,-82.995186,-41.812622,59.061978,71.033141,-5.964265,-5.967097,6.379365
76.000000,170.860660,27.880394,68.254948,-1.576259,1.860999,163.704447,-9.855943,-3.619349,-1.074892,41.205537,-44.370391,1.477717,-18.428863,-8.927599,-2.643637,48.519048,-45.498786,6.499540,0.663040,-5.885121,-1.636898,-83.379405,42.688932,-52.531921,76.547842,16.139315,-10.790283,2.048360,-83.053529,-42.669261,58.991832,71.100063,-6.246071,-6.123379,6.289134
77.000000,170.613098,27.290621,68.172836,-1.777492,2.447250,160.577008,-8.658366,-3.823468,1.648651,40.846679,-44.502507,2.326264,-19.182451,-8.886515,0.034366,49.455648,-45.817097,7.281835,-1.443953,-6.214269,-1.275291,-83.767311,42.159042,-53.000226,76.311655,15.578698,-10.843129,2.346977,-83.516384,-43.111929,58.710687,71.096054,-6.166509,-6.029277,6.120611
78.000000,170.272982,26.697958,68.122482,-1.480798,2.818356,156.544231,-7.455266,-3.589530,4.264579,40.574602,-44.526901,3.096373,-19.977342,-8.620196,1.630931,49.600263,-46.020377,7.837809,-3.667535,-5.829294,-1.252497,-83.919017,41.808032,-53.216569,76.314810,16.290498,-10.971278,3.374861,-84.069213,-43.150540,58.943023,70.902247,-5.983384,-5.924714,5.194666
79.000000,169.913042,26.033217,68.064022,-0.894109,3.139153,151.875774,-6.471683,-3.225282,6.630176,41.019521,-44.853227,3.942590,-20.810879,-8.977136,2.313351,49.981907,-46.439283,7.496902,-5.479490,-5.257702,-1.032294,-84.128130,41.250900,-53.156074,76.311450,16.396523,-10.930791,2.036844,-84.724371,-43.366906,58.901898,70.972236,-6.000026,-5.869666,5.874798
80.000000,169.402397,25.443283,68.072540,-0.042266,2.933136,146.485230,-5.576396,-2.641025,8.352636,41.290218,-44.867065,3.962105,-21.417086,-8.210453,3.307984,48.851726,-46.521511,7.539745,-6.728362,-4.345632,-1.073359,-84.089526,41.049915,-53.421819,75.521545,15.467088,-11.040853,2.435602,-85.298080,-43.595817,58.966690,70.892425,-5.947031,-5.804741,5.514113
81.000000,168.959343,24.940732,68.020129,0.907435,2.914501,140.412475,-4.781820,-2.246798,8.933902,42.248343,-45.073504,4.189761,-22.174274,-7.332898,4.314908,48.274411,-46.657616,7.438237,-7.248733,-3.752522,-0.515707,-84.516167,41.074709,-53.676513,75.345060,15.585498,-11.052661,2.709184,-85.993168,-43.830669,58.912608,70.974811,-6.330996,-5.818142,5.396669
82.000000,168.501914,24.587715,67.980891,1.851120,2.979598,133.743461,-3.778543,-3.095883,6.972550,42.847484,-45.102683,4.393976,-22.800198,-6.355737,5.388597,47.535398,-46.359923,7.690102,-6.730401,-3.280297,-0.108070,-84.666479,41.069613,-53.950681,75.083641,15.794317,-11.017899,2.976000,-86.323961,-44.413524,59.724847,70.817211,-6.827600,-5.708435,5.542041
83.000000,168.162978,24.266629,67.905563,3.229662,2.898847,126.817346,-2.587563,-3.765001,4.688566,43.688964,-45.136072,4.045654,-23.290187,-5.329388,5.659508,47.146945,-46.471350,7.494043,-5.462171,-2.567606,0.447549,-84.400142,40.830461,-53.647717,75.484239,16.251001,-11.166190,3.130368,-86.117163,-45.056231,59.807513,70.489752,-5.547571,-5.746108,5.761177
84.000000,167.845285,23.961730,67.850798,4.327662,2.587582,119.922284,-1.141358,-4.466214,3.306740,43.565221,-45.165063,3.945163,-23.970539,-4.975620,4.822260,46.423232,-46.684551,7.096424,-4.359541,-1.922769,1.028326,-83.810567,41.677937,-53.577588,75.344616,16.002792,-11.132836,3.223142,-86.281689,-44.864207,59.479391,70.475845,-5.735300,-5.401361,5.573113
85.000000,167.574382,23.713429,67.834818,5.138817,2.354132,113.402205,0.903434,-4.933387,3.660318,41.902784,-44.882379,3.178800,-24.617259,-5.421807,3.144181,45.660347,-46.892616,6.844224,-3.175179,-1.816520,1.333235,-83.310870,42.398420,-53.323984,75.631081,16.662096,-11.276128,3.345562,-85.875470,-44.683682,59.048748,70.273959,-6.026757,-5.737334,5.272699
86.000000,167.338121,23.375998,67.802101,5.315331,1.825257,108.016562,2.109492,-5.058667,5.260787,39.828155,-44.584149,2.900646,-25.498959,-6.056398,1.313189,44.294767,-47.228893,6.621409,-2.890626,-1.541645,1.234537,-82.943714,43.466801,-53.100650,75.718692,16.881325,-11.382162,3.078211,-85.735806,-44.155442,58.918523,70.398418,-6.511228,-5.424596,5.686444
87.000000,167.105818,23.068023,67.799515,4.823675,1.832602,103.980313,3.174751,-5.764603,7.622902,36.540371,-44.387613,3.335343,-26.720325,-7.160886,-0.157972,43.235784,-47.264199,6.629604,-3.107470,-1.854282,0.572614,-82.704070,43.877815,-52.861061,75.523423,16.949070,-11.364827,2.708453,-85.458623,-44.344778,58.462711,70.615898,-5.951579,-5.787365,5.967072
88.000000,166.938031,22.643974,67.739099,4.478080,1.846390,101.191678,3.530880,-6.056792,10.240466,34.614900,-44.786069,4.644936,-27.757062,-8.031760,-1.451722,42.430300,-47.617589,6.457704,-4.065286,-2.047930,0.438316,-82.797793,44.192656,-53.072868,75.300766,16.936263,-11.323393,2.657012,-85.559136,-44.552429,57.835802,70.971382,-5.576728,-5.552418,5.644830
89.000000,166.820347,22.392169,67.701757,4.358522,1.744164,99.160470,3.888390,-6.203623,11.718373,33.283426,-44.916519,5.073640,-28.386792,-8.534504,-2.689509,42.230527,-47.591761,6.162240,-4.996586,-2.094027,0.327511,-82.796564,43.814987,-52.681966,75.287420,17.068795,-11.487557,2.657670,-85.328297,-44.961134,57.698091,71.051050,-5.966365,-5.780395,5.674947
90.000000,166.776061,22.261435,67.698830,4.619600,1.602309,97.402324,4.531311,-5.962078,13.173067,32.609898,-44.815689,4.560883,-28.810018,-8.614668,-3.503129,42.655266,-47.711491,5.799935,-5.793097,-2.251721,0.414629,-82.466201,43.366346,-52.174599,75.447622,17.127849,-11.271223,2.962148,-84.700780,-44.888693,57.421592,71.076677,-5.944562,-5.757680,5.380094
91.000000,166.704142,22.209699,67.841661,3.939022,1.612759,95.590704,5.158096,-6.455018,14.612090,29.727852,-44.402237,4.116952,-30.204917,-8.796795,-4.105310,42.412664,-47.902091,5.938161,-6.330928,-2.474434,-0.694185,-82.000382,42.990081,-52.957691,75.526695,15.782668,-9.889550,0.282693,-84.281427,-44.250829,59.492047,70.974053,-3.785486,-6.791253,2.038422
92.000000,166.742110,22.123426,67.962027,3.266147,1.394964,94.150248,4.908785,-6.387027,15.758175,28.593062,-44.297957,4.999136,-31.866808,-8.814634,-5.302060,42.064546,-47.843378,5.518222,-6.718849,-2.252798,-1.318735,-81.641278,42.967255,-52.747871,75.474089,15.730520,-9.779111,-0.217491,-84.339545,-43.833637,59.539415,71.042792,-3.593593,-7.010206,1.405642
93.000000,166.782689,22.084364,67.996174,2.646711,1.451497,93.136415,4.651439,-6.684763,16.372500,27.590834,-44.207662,5.376629,-34.095792,-8.847522,-5.542547,42.167003,-47.528483,5.557252,-6.846852,-2.388062,-1.873047,-81.910381,42.760553,-53.162221,75.518567,15.998000,-10.190028,0.022887,-84.485171,-43.673176,59.647660,71.236107,-3.413461,-7.109824,0.433031
94.000000,166.865504,22.061725,68.010712,1.923661,1.509955,92.688608,4.057078,-7.046574,16.219915,26.908845,-44.262259,6.374493,-36.469785,-8.986991,-5.865331,41.787654,-47.353667,5.424579,-7.141040,-2.538185,-2.313453,-82.452220,42.648920,-53.276695,75.769563,15.591420,-10.149192,0.043086,-84.642395,-43.709276,59.768936,71.093902,-3.120597,-7.119228,0.106094
95.000000,166.981328,22.155866,68.012464,1.083613,1.713590,92.179663,3.503967,-7.636931,16.101175,26.025130,-44.485299,7.377351,-38.643557,-9.835557,-8.074094,40.786567,-47.032498,5.746540,-7.292878,-2.616658,-2.844861,-82.685765,42.866868,-53.207092,75.628950,15.516366,-10.017115,0.237301,-85.035876,-43.582901,59.678088,70.989209,-3.116662,-7.182735,-0.391057
96.000000,167.022169,22.422096,67.970192,0.856987,1.731688,92.148342,3.790998,-7.843267,15.977414,25.376931,-44.620653,7.837273,-40.261284,-9.858301,-8.133071,40.234974,-46.660734,5.891702,-7.623533,-2.597745,-2.678701,-82.861410,42.904195,-53.078674,75.734831,15.174722,-9.830856,0.275007,-85.436384,-43.387209,59.737627,71.010465,-2.953335,-7.278046,-0.723073
97.000000,167.126858,22.830942,67.890668,0.812912,1.828513,92.169587,4.234098,-7.651361,16.380669,25.346429,-44.690392,7.417414,-41.683111,-9.835728,-8.048841,40.120275,-46.388206,6.021596,-7.768928,-2.777824,-2.490590,-82.763424,43.019001,-52.957739,75.612776,15.305050,-9.911314,-0.307159,-85.382112,-43.175159,59.690826,70.971437,-2.911959,-7.296012,-0.656402
98.000000,167.225075,23.470636,67.824137,0.741720,1.929308,92.422617,5.110362,-7.429966,16.853038,24.832543,-44.458569,5.901056,-42.946829,-10.230868,-8.288352,40.698300,-46.209563,6.083501,-8.056578,-3.017841,-2.485008,-82.311504,43.049928,-52.989782,75.593836,15.080030,-9.972963,-0.830159,-85.022803,-42.919587,59.302366,70.824745,-2.824453,-7.179703,-0.561716
99.000000,167.319357,24.255948,67.810988,0.195267,1.923311,93.080802,5.635488,-7.358028,16.608694,24.091006,-44.221783,5.827752,-43.782090,-10.971247,-9.531500,40.529062,-45.955371,5.825387,-8.591342,-2.961392,-2.884693,-81.841758,43.071204,-52.709140,75.415452,15.065734,-10.069171,-0.806559,-84.787646,-42.861814,59.238716,70.648492,-2.791945,-7.298688,-0.513100
100.000000,167.443335,25.226781,67.735630,0.231008,1.808764,94.037492,6.617751,-7.121892,15.706066,23.981921,-44.217125,5.360820,-43.815964,-11.479688,-10.186013,41.021887,-45.578276,5.903627,-9.113441,-2.850256,-2.712459,-81.721021,42.818299,-52.726625,75.418409,15.140544,-9.963155,-0.857277,-84.786485,-43.118380,59.526854,70.655274,-2.775547,-7.363735,-0.690578
101.000000,167.628145,26.217356,67.630047,0.394968,1.609490,95.162596,7.139890,-6.283139,15.229922,25.217429,-44.465488,4.907379,-43.576617,-11.657807,-10.401681,41.686639,-45.467333,6.018520,-9.452518,-2.714982,-2.393377,-81.940864,42.308640,-52.356156,75.481404,15.678667,-10.214304,-1.007517,-84.823525,-43.573465,59.441094,70.804494,-2.547607,-7.328779,-0.865450
102.000000,167.798889,27.318352,67.472297,0.398740,1.627508,96.209809,7.592112,-5.730985,14.782123,26.479863,-44.795512,4.710533,-43.151383,-12.043178,-10.674663,42.104073,-45.428650,6.130717,-9.739250,-2.736633,-2.065410,-82.185829,42.099578,-52.741874,75.247012,15.208567,-10.153252,-1.012812,-85.222784,-43.823064,59.425596,70.826261,-2.485036,-7.039812,-1.073700
103.000000,168.028915,28.606567,67.331278,0.370982,1.410605,96.863312,7.996611,-4.777255,14.346587,28.178741,-44.841479,3.491902,-42.206512,-12.284222,-11.789916,42.360208,-45.387587,5.781243,-9.633793,-2.520851,-2.048413,-82.204059,41.799962,-52.763707,75.201107,15.137270,-10.306257,-1.146564,-85.354811,-43.986107,59.458518,70.741082,-2.390391,-7.170918,-0.954341
104.000000,168.276131,30.022094,67.178762,0.267841,1.307019,97.296219,8.306581,-3.886308,14.254537,30.172470,-44.835093,2.732122,-41.035466,-12.325131,-12.818088,42.483032,-45.367414,5.581244,-9.405486,-2.417622,-2.032902,-82.096053,41.785690,-52.756719,74.872609,14.996042,-10.179758,-0.976952,-85.587857,-43.809766,59.474610,70.673313,-2.350924,-7.271764,-0.923579
105.000000,168.588257,31.519967,66.999716,0.011926,1.084666,97.626502,7.830927,-2.546870,14.225594,33.725142,-44.928267,2.026303,-39.877400,-12.266048,-14.237794,42.843519,-45.503834,5.368597,-8.836114,-2.232016,-2.343631,-81.780853,41.378270,-52.476774,74.848594,14.478288,-10.046498,-1.367418,-85.550257,-43.720290,59.266952,70.809568,-2.363345,-7.186676,-0.996843
106.000000,168.893671,33.195058,66.794050,-0.454250,0.580245,97.709264,6.959385,-0.802143,14.326621,37.962393,-44.747991,0.621197,-38.671042,-11.686057,-15.668032,43.344507,-45.707681,4.770625,-8.315673,-1.484116,-2.669857,-81.382674,41.618023,-52.740788,74.316399,14.349915,-9.970784,-1.340512,-85.995237,-43.491807,59.309627,70.776606,-2.628425,-7.011841,-0.753180
107.000000,169.274187,35.096118,66.580361,-0.616747,-0.335611,98.084092,6.468940,1.412742,13.642875,42.245567,-44.575495,-0.450735,-36.515520,-10.350215,-17.016636,43.774440,-45.738536,4.130053,-7.686627,-0.254730,-2.892551,-81.403000,41.033280,-52.653057,74.599538,14.372354,-10.077464,-1.309111,-86.253336,-43.727496,59.398119,70.747181,-2.634222,-7.139700,-0.945233
108.000000,169.625592,37.198761,66.391313,-0.742369,-1.242268,98.884365,6.271163,3.784639,12.952574,46.219337,-43.404671,-2.203089,-33.611026,-9.181799,-18.694069,43.014243,-45.442358,3.890905,-7.525877,1.139147,-3.118375,-81.500331,40.776141,-52.819325,74.471567,14.449600,-10.143382,-1.867789,-86.530055,-44.050004,59.220704,70.773136,-2.745142,-6.934308,-0.782422
109.000000,170.051455,39.290652,66.348356,-0.978340,-1.780165,99.646218,5.469726,5.667253,11.646629,50.403473,-40.711175,-3.021928,-32.361651,-7.964471,-18.522382,43.341710,-43.880660,2.327156,-7.372953,2.383806,-3.424444,-81.492640,40.417118,-52.488122,74.309856,13.823174,-10.169219,-2.090097,-86.904506,-44.228863,59.378769,70.903948,-2.542609,-6.882243,-0.470151
110.000000,170.291066,41.294163,66.306275,-0.866521,-1.973683,99.981089,4.741610,7.083426,10.866191,54.848113,-36.198189,-4.623133,-32.044208,-7.500673,-17.752413,46.387967,-42.636302,2.223531,-7.150191,3.400271,-3.365345,-80.877021,40.459459,-52.414527,73.983004,13.327874,-9.822342,-2.236926,-86.770020,-44.046042,59.050995,70.822976,-2.363804,-6.740107,-0.483654
111.000000,170.694101,43.263206,66.564351,-0.596084,-2.763603,99.837154,3.580588,8.859375,9.377667,59.295358,-30.808289,-6.885857,-30.087823,-5.625189,-17.691273,46.232809,-40.676604,2.352305,-7.085588,5.054144,-2.847561,-80.155501,40.967044,-52.520781,73.418325,13.025364,-9.582558,-1.825141,-86.894951,-43.330266,59.084995,70.793634,-2.097632,-6.656562,-0.650613
112.000000,171.035635,45.080939,66.756374,-0.086414,-3.504121,99.772477,2.256601,11.843865,9.321715,64.704199,-25.904476,-8.194684,-28.155419,-4.300375,-18.056134,46.610403,-38.790222,2.007897,-6.937441,6.574140,-2.349726,-79.446261,41.021382,-52.773522,73.705855,13.292550,-9.954567,-1.113866,-86.849591,-42.729257,59.477642,70.917198,-3.246880,-6.863813,-0.782830
113.000000,171.259713,46.815872,66.828328,-0.297810,-3.831969,99.465301,-0.175265,13.542164,9.155217,70.156746,-22.524845,-7.833855,-27.745024,-2.641542,-16.731710,47.699080,-38.465908,-0.351585,-6.196710,7.562828,-2.568597,-79.067438,41.204714,-53.030559,73.289637,12.578404,-9.235266,-1.153185,-87.192344,-42.534535,60.019830,71.362008,-3.568086,-6.495098,-0.473560
114.000000,171.521521,48.552111,66.726005,-0.337389,-3.719321,99.122294,-1.949822,16.193195,10.777864,75.058158,-22.724724,-6.052453,-27.894267,-2.116353,-16.043691,50.714124,-39.402829,-2.496069,-5.434932,7.932801,-3.087624,-78.383510,41.385745,-52.696272,73.207163,12.650659,-9.137950,-0.949813,-86.837236,-42.301281,60.136845,71.570971,-4.364269,-6.383264,-0.681806
115.000000,171.808553,50.457847,67.115295,-1.510593,-3.681360,99.132557,-5.095300,19.484921,12.997002,78.194205,-26.525950,-3.343871,-26.295240,-1.214174,-15.915341,48.494637,-38.827064,-3.563491,-4.878402,8.559336,-4.260191,-78.034433,42.314115,-52.364513,72.538385,12.653019,-9.101169,-1.282949,-87.727120,-42.690304,60.812432,71.384950,-4.986783,-6.150777,0.406583
116.000000,171.907413,52.082765,67.060554,-0.896528,-3.477313,99.172907,-6.827377,22.260444,15.008470,80.518703,-32.133284,-1.555982,-25.641464,-1.365133,-15.689843,51.422927,-40.412590,-3.892900,-4.141720,9.022742,-3.906546,-77.693040,42.547188,-52.487060,72.448834,12.620922,-9.507668,-0.189060,-87.508213,-42.653647,60.026687,71.903232,-5.999994,-5.361459,2.655869
117.000000,172.046900,53.881371,67.464912,-0.786736,-2.390729,99.664055,-9.007192,22.928122,16.853265,79.763933,-36.378462,-0.486461,-22.495505,-1.730529,-15.486484,49.542671,-41.224392,-3.722141,-3.580580,8.020727,-3.436261,-78.808471,43.198693,-53.112073,72.663972,12.619539,-10.103779,0.288546,-88.608830,-43.637747,59.474262,71.695307,-6.862932,-4.992476,4.287069
118.000000,172.073674,55.416358,67.640549,-0.830776,-1.661579,99.986397,-12.394236,23.548204,18.101970,78.443070,-40.137511,-0.157248,-20.898355,-2.412340,-15.564965,49.683411,-42.442130,-3.634257,-3.067311,7.560879,-3.751136,-79.095660,43.752013,-53.318495,72.711025,12.592933,-10.308810,0.126590,-88.708933,-43.583488,59.444782,71.525195,-6.673970,-4.972036,4.559102
119.000000,172.061098,56.873381,67.803711,-1.069325,-0.851911,99.962987,-16.232628,23.380417,18.509826,76.287845,-42.404482,-0.338960,-19.654281,-3.203806,-15.458238,49.893067,-43.456010,-3.312007,-1.967050,7.009903,-4.282871,-79.482433,43.831814,-53.551070,72.784340,12.455747,-10.191982,-0.061679,-88.908074,-43.567584,59.614089,71.463791,-6.602320,-5.014611,4.834477
120.000000,172.021210,58.279127,67.945135,-0.984290,-0.000819,99.908047,-19.596624,23.069090,18.245023,74.122558,-43.714584,-0.466853,-18.190532,-3.886327,-15.048828,50.258188,-43.919182,-3.031688,-0.932406,6.449706,-4.492325,-79.737527,43.797601,-53.654008,72.729616,12.390995,-10.320015,0.085689,-89.077954,-43.268897,59.570014,71.508481,-6.572151,-5.021649,4.734038
121.000000,171.947849,59.653175,68.087739,-0.609269,0.855747,99.748042,-22.227628,22.698015,17.706352,72.203535,-44.391776,-0.334621,-16.455020,-4.431927,-14.377716,50.698455,-44.427136,-3.126013,-0.031089,5.980503,-4.322420,-79.778939,43.846526,-53.849024,72.593429,11.976193,-10.246267,-0.085497,-89.208513,-42.940573,59.607040,71.238299,-6.220610,-5.076495,4.665146
122.000000,171.812046,61.014837,68.302923,-0.030853,1.984431,99.269467,-23.765449,21.287618,16.968229,69.445989,-44.624174,-0.208022,-14.424779,-5.561564,-14.117260,51.031055,-44.810559,-2.832223,0.857204,5.097756,-3.978737,-79.816088,43.743427,-53.738351,72.913629,11.961473,-10.275642,-0.371753,-89.069444,-42.446672,59.285987,71.233955,-5.954963,-5.182223,4.586692
123.000000,171.592319,62.269938,68.549824,0.177598,3.086151,98.842264,-25.126514,19.485280,16.684774,65.895309,-45.267540,0.211069,-13.102492,-6.774412,-13.553910,51.535348,-44.441538,-2.108638,1.420351,4.291923,-3.809752,-79.624699,43.940919,-53.606101,72.871036,12.019152,-10.239963,-0.259048,-89.016735,-42.045115,59.271671,71.024098,-5.999187,-5.224028,4.489883
124.000000,171.298122,63.495672,68.828928,0.292185,4.058441,98.635711,-26.244773,17.542149,16.525615,62.158970,-45.612048,0.323312,-11.895289,-8.173652,-13.060982,52.114190,-44.055933,-1.050227,1.645557,3.555296,-3.892611,-79.375206,43.833839,-53.340349,73.235843,12.291254,-10.437374,-0.550540,-88.910949,-41.758851,59.360122,71.188015,-6.392666,-5.434427,4.739366
125.000000,170.973432,64.631617,69.129521,0.313936,5.043496,98.838790,-26.971092,15.332002,16.814621,58.114173,-44.975546,0.491939,-10.946203,-9.572934,-12.342626,52.932187,-42.817216,-0.176615,1.283381,2.815053,-3.750793,-79.220714,44.010307,-53.342517,73.179186,12.401909,-10.584336,-0.286224,-89.043277,-41.781172,59.384151,71.227965,-6.426970,-5.599357,4.617738
126.000000,170.610797,65.706968,69.384933,0.072546,5.696717,99.196837,-27.895247,13.253209,17.153901,54.218448,-44.707092,0.750891,-10.242708,-10.800827,-12.158214,53.448655,-41.836176,0.911760,0.746745,2.253190,-3.901315,-79.123104,44.110495,-53.140965,73.096555,12.749324,-10.593489,-0.322281,-89.101778,-41.976587,59.364186,71.212379,-6.673608,-5.684906,4.683876
127.000000,170.230961,66.736543,69.586122,-0.364359,6.154206,99.485577,-28.869973,10.845888,16.733485,50.371481,-44.240559,1.295447,-9.800387,-11.813727,-11.969897,53.844437,-40.893992,2.012280,0.197716,1.541284,-4.072597,-79.392582,44.166486,-53.065355,73.203072,12.772865,-10.717614,-0.178893,-89.195563,-42.226927,59.330985,71.209613,-6.617833,-5.775549,4.517330
128.000000,169.796646,67.817378,69.753927,-0.689544,6.410960,99.466004,-29.159464,9.007394,17.013900,46.698529,-43.074813,1.205639,-9.063413,-12.487245,-11.758117,53.839048,-40.074065,2.728578,-0.145756,0.852547,-4.149547,-79.589134,44.416672,-53.102808,73.221896,12.955287,-10.684143,-0.173399,-89.186568,-42.347337,59.417626,71.152273,-6.812750,-5.810938,4.512839
129.000000,169.304538,68.885434,69.835758,-1.307941,6.724419,99.236632,-29.459156,7.128115,17.427417,43.062611,-42.363709,1.826432,-8.774629,-13.533155,-11.800823,53.962671,-39.742859,3.722181,0.029035,-0.166690,-4.635347,-79.816532,44.059747,-52.970771,73.594004,13.520614,-10.879283,0.138480,-88.895882,-42.708562,59.315733,70.949676,-6.850390,-5.995565,4.420330
130.000000,168.781316,69.964993,69.853395,-2.166863,7.074214,98.815482,-29.548430,5.110901,17.829543,39.167867,-41.351495,2.190674,-9.113614,-14.437758,-11.161161,54.568143,-39.435695,4.200888,-0.204600,-1.313853,-5.137935,-79.728716,44.652345,-52.898244,73.463315,13.239382,-10.759142,-0.333933,-88.956281,-42.462484,59.223266,70.890718,-6.806595,-5.998847,4.617680
131.000000,168.355060,70.871145,69.402653,-1.963582,7.415951,98.157169,-30.989275,4.504733,17.775217,40.590004,-41.609249,2.034353,-9.271053,-15.538723,-10.670682,56.796158,-39.627624,4.711159,-0.204723,-2.400653,-4.940257,-79.205613,44.704770,-52.762901,73.648564,13.381824,-10.764351,-0.065769,-88.594076,-42.133432,59.320876,70.812601,-6.788209,-6.067887,4.378420
132.000000,167.595661,72.300243,69.552892,-2.950580,6.861744,97.035474,-29.050605,2.918629,17.857775,34.743222,-39.818931,2.271477,-8.786902,-15.261475,-10.175974,55.615908,-39.159056,5.228145,-0.014531,-3.004564,-5.289003,-79.443167,45.869997,-52.776797,73.219621,13.398543,-10.843718,-0.021166,-89.240943,-41.951234,59.198452,70.715496,-6.859169,-6.088223,4.540072
133.000000,167.019749,73.373622,69.011950,-2.944194,7.025951,96.782955,-29.860709,2.882929,18.930243,36.931878,-40.251500,2.327445,-8.852790,-16.294268,-9.701759,57.704293,-39.043147,5.846287,-0.468640,-4.112370,-5.262519,-78.784873,45.962552,-52.669351,73.162821,13.375965,-10.826860,0.260625,-89.100999,-41.777289,59.233347,70.564501,-7.116249,-6.403533,3.649703
134.000000,166.024280,74.983138,68.950295,-3.511735,5.834563,95.614648,-27.552064,2.603961,19.480980,33.823097,-39.495156,3.196238,-8.006290,-15.187486,-8.763490,56.824565,-38.002032,6.259102,-0.234375,-4.420165,-5.553692,-79.137912,46.645746,-52.834621,72.985660,13.455980,-10.729006,-0.288475,-89.206546,-41.749255,59.349679,70.623487,-7.293340,-6.312086,4.680836
135.000000,165.319943,76.316327,68.298280,-3.581917,5.949354,95.352938,-27.826997,2.582613,19.888922,36.858846,-39.640420,3.674156,-8.036150,-16.220767,-8.030171,59.109017,-37.589615,7.179225,-0.721651,-5.840439,-5.835212,-78.832889,46.356484,-52.690166,73.400901,13.696610,-10.825363,-0.102425,-88.897829,-41.872857,59.437256,70.516376,-6.881177,-6.486339,4.039781
136.000000,164.278352,78.143263,68.239957,-4.236046,5.060436,94.454715,-24.862737,2.231632,20.483252,32.660978,-36.977114,4.163824,-7.323325,-15.698760,-6.979876,58.771838,-36.169981,8.459668,-0.668694,-6.747959,-6.409947,-79.668535,46.396109,-53.100121,74.093414,14.421994,-11.060821,-0.288009,-89.070550,-42.385316,59.324434,70.668689,-6.705745,-6.442154,4.584157
137.000000,163.613462,79.574120,67.909706,-3.815475,5.635602,93.998777,-25.636193,1.460777,18.630108,37.017265,-34.093255,3.635395,-7.376372,-16.603662,-5.037551,61.605704,-33.615456,10.764692,-1.106892,-8.867298,-6.138652,-78.968660,46.198747,-52.294985,74.024149,14.106852,-11.118578,-0.398993,-88.325192,-42.315119,58.850529,70.878874,-6.168092,-6.293038,4.730386
138.000000,162.869549,80.875868,67.800242,-3.475905,5.876938,93.556486,-26.220844,1.057664,17.744331,40.916197,-34.106714,3.916033,-8.445206,-17.027790,-2.753610,65.565554,-30.844205,12.769892,-1.382559,-11.129721,-5.702975,-78.263087,46.409745,-52.290733,74.128965,14.261535,-11.066588,-0.554605,-87.317097,-42.062624,58.812293,70.868233,-5.757947,-6.078177,5.013654
139.000000,162.133920,82.035947,67.900670,-3.186847,5.572362,92.529132,-26.119277,1.272315,17.407722,43.664983,-35.159314,4.291518,-10.442269,-17.625933,-1.667298,69.539235,-30.505421,13.531546,-1.361423,-12.488846,-5.263812,-77.554496,46.840706,-52.493265,74.399386,14.672158,-10.653036,-0.778948,-86.624851,-41.588520,58.719894,70.767303,-5.463152,-5.897284,5.334487
140.000000,161.302125,83.553535,68.601036,-3.059401,3.778216,90.892384,-22.099434,2.177875,17.579503,39.660320,-35.375554,4.323439,-11.908889,-16.329217,-1.325421,69.538976,-32.280639,13.408983,-1.062828,-11.948941,-4.921483,-77.455691,48.567672,-52.658737,73.797906,14.904893,-10.573233,-0.832785,-86.919102,-41.048368,58.337124,70.599076,-5.613073,-5.866846,5.688202
141.000000,160.645020,84.554774,68.600839,-2.436628,3.560456,90.468211,-21.982904,2.798010,17.987071,42.663308,-36.531202,4.013890,-13.885997,-18.749223,-2.233318,69.887746,-36.246475,12.718104,-1.378144,-12.756802,-4.726655,-77.153325,48.626074,-52.631590,73.806976,15.044014,-10.435272,-0.803255,-86.539357,-40.895252,58.331892,70.682459,-5.784393,-5.736988,5.550464
142.000000,159.789073,85.969836,69.117570,-3.279672,1.195535,89.913270,-19.908864,4.155052,17.475075,39.829193,-36.927127,3.656691,-16.024228,-19.762857,-5.527705,67.013527,-39.099917,10.217519,-1.498631,-11.166973,-4.913827,-78.691572,49.292222,-53.341585,73.607528,14.655796,-10.420439,-1.114619,-87.530773,-41.587588,58.118913,70.522195,-5.404371,-5.703654,5.643892
143.000000,159.157610,86.758339,69.069576,-2.387721,0.874272,90.041186,-19.973481,4.763823,17.524727,43.239841,-38.488413,3.362805,-18.327342,-22.860180,-6.863979,66.144809,-42.201109,9.070353,-1.861524,-11.514883,-4.301088,-78.448179,48.965271,-53.299043,73.546172,14.600328,-10.464191,-0.847677,-87.083293,-41.585453,58.286136,70.416689,-5.368544,-5.668768,5.419869
144.000000,158.402538,88.178688,69.632667,-2.482084,-1.631328,90.428989,-17.329686,5.846410,16.290597,40.498852,-39.098820,3.163932,-18.950123,-20.600969,-7.943755,61.362884,-43.918393,8.124193,-2.003218,-9.375890,-3.673811,-79.488048,48.895992,-53.327689,73.538570,14.675210,-10.696116,-1.080398,-87.825639,-42.348594,58.487914,70.157893,-5.396368,-5.665473,5.420344
145.000000,157.854366,89.086473,69.641453,-1.638796,-2.201268,91.350993,-16.617710,6.117242,15.617422,42.325128,-40.299287,2.635540,-20.868963,-20.542945,-7.077983,60.131920,-45.472124,8.122165,-2.322380,-9.090978,-3.037457,-79.019510,48.380948,-53.476754,73.486907,14.868617,-10.752192,-0.858534,-87.392038,-42.429316,58.507742,70.161793,-5.391891,-5.669681,5.525997
146.000000,157.235801,90.213585,70.008427,-1.625050,-4.158806,91.892051,-14.781469,7.355697,14.921841,40.660202,-40.958493,2.163042,-22.078482,-18.249256,-7.093589,56.569590,-45.770959,7.187911,-2.105391,-7.198668,-2.856405,-79.280164,47.875272,-53.740359,74.169482,14.942543,-11.143383,-0.566070,-87.450231,-42.898338,58.567547,69.953773,-5.382739,-5.626376,5.463789
147.000000,156.748092,91.073734,70.139706,-1.387213,-5.477576,92.730404,-14.180465,8.250600,13.834692,41.021013,-41.648311,1.403363,-23.504474,-17.331511,-7.737318,53.913685,-45.979734,7.045310,-1.952710,-5.997247,-2.515422,-79.248219,48.069516,-53.423745,73.708485,15.125189,-10.705342,-0.386126,-87.454698,-43.095994,58.273678,70.124480,-5.459290,-5.425394,5.256195
148.000000,156.338489,91.923946,70.212168,-1.014297,-6.661509,93.775255,-13.861865,9.040795,12.545909,42.110691,-42.384790,0.970943,-24.640667,-16.203085,-8.126523,51.839428,-46.012427,6.732754,-1.633976,-4.763038,-2.295373,-79.016601,48.145297,-53.532229,73.640286,15.053587,-10.823302,-0.395634,-87.303697,-43.311981,58.396567,70.046964,-5.785184,-5.516590,5.425463
149.000000,156.047678,92.735875,70.232040,-0.877338,-7.447226,95.167613,-13.839188,9.416870,11.308459,42.901771,-43.035810,0.738672,-26.026871,-15.029398,-8.051273,50.493560,-45.844674,6.456390,-1.175685,-3.898393,-2.320250,-79.022748,47.906366,-53.691540,73.607521,15.141507,-10.720595,-0.213107,-87.245087,-43.633868,58.560621,70.141712,-5.997102,-5.344930,5.390560
150.000000,155.798280,93.583441,70.296216,-0.875732,-8.156628,96.804568,-13.792742,9.381853,9.556245,43.117956,-43.196913,0.838514,-27.052045,-13.457726,-7.425238,48.468658,-45.790879,6.258810,-0.821871,-3.031108,-2.576132,-78.913035,47.865061,-53.447876,73.591620,15.288344,-10.977476,-0.130018,-87.308286,-43.848793,58.679863,70.429905,-6.035340,-5.556017,5.762197
151.000000,155.596554,94.430947,70.294213,-0.596805,-8.489229,98.942832,-13.566596,8.873901,7.501329,43.396054,-43.430898,0.878288,-27.620993,-12.284876,-6.696922,47.112258,-45.745800,6.119030,-0.569924,-2.453707,-2.561885,-79.030220,47.750184,-53.567207,73.897053,15.694486,-11.040041,-0.081342,-87.447465,-44.147283,59.124406,70.499744,-6.513290,-5.567958,5.880344
152.000000,155.482543,95.262319,70.284319,-0.430635,-8.670804,101.236760,-13.381568,8.277084,5.473638,43.423553,-43.662578,1.068991,-28.029288,-11.103555,-6.034878,45.614513,-45.694539,5.748033,-0.255057,-2.031552,-2.593407,-79.211036,47.909167,-53.909751,73.729413,15.819480,-11.072929,0.204807,-87.819096,-44.506168,59.344666,70.412509,-6.192154,-5.626983,5.124092
153.000000,155.425644,96.064883,70.288348,-0.397036,-8.977168,103.546792,-13.418988,7.804881,3.323461,43.376749,-43.918492,1.169190,-28.289177,-9.881516,-5.907963,43.846768,-45.784752,4.738999,0.129752,-1.404200,-2.813511,-79.319554,48.171989,-53.971455,73.635163,15.259080,-11.420704,-0.336701,-88.229194,-44.646744,59.457534,70.462615,-5.491411,-5.537397,5.639799
154.000000,155.479908,96.871334,70.142347,-0.367689,-8.617012,106.224241,-13.718679,6.617234,1.087168,44.120717,-44.218102,1.341312,-28.790856,-8.855166,-5.038058,43.554761,-45.651352,5.262987,0.385895,-1.397914,-2.858022,-79.240556,48.554135,-54.339103,72.983406,14.713283,-10.922548,-0.742314,-88.636608,-44.675260,59.649558,70.425213,-5.450008,-5.333601,5.956620
155.000000,155.577886,97.735059,70.084286,-0.509101,-8.489794,108.899657,-13.766892,5.803905,-1.039337,43.973499,-44.247386,1.099099,-29.058029,-7.197668,-3.836869,42.562273,-45.853946,4.877976,0.837577,-1.069803,-3.145060,-79.039277,48.669401,-54.568622,72.826755,14.064283,-10.768144,-0.811938,-88.936781,-44.650958,60.061692,70.351884,-5.312522,-5.246974,5.877418
156.000000,155.711770,98.552918,69.940305,-0.506278,-8.439025,111.767490,-14.265858,5.156699,-3.243396,44.828379,-44.440865,0.878492,-29.200066,-5.602570,-2.972651,41.914484,-46.113209,4.660764,1.360822,-0.591402,-3.428895,-78.771725,48.586424,-54.340965,72.560139,14.199991,-10.776716,-0.755891,-88.991054,-44.762181,59.986287,70.299312,-4.874647,-5.479139,6.203617
157.000000,155.866373,99.456245,69.802618,-0.527565,-8.131010,114.846759,-14.340631,4.199277,-5.476076,45.065301,-44.606494,0.807826,-29.049054,-4.363762,-2.125174,41.593468,-46.501236,4.205146,1.726345,-0.396056,-3.670544,-78.493490,48.623895,-54.515210,72.186999,13.967317,-10.325870,-0.540870,-88.816788,-44.658840,60.020738,70.425049,-5.216631,-4.923019,5.936281
158.000000,156.124210,100.472176,69.680923,-0.330578,-7.702856,118.263654,-13.877181,3.300544,-8.194083,44.828656,-44.535842,0.436836,-28.291484,-2.747227,-0.809322,41.454344,-46.993344,3.365364,1.799110,-0.188788,-3.609802,-78.340514,48.924942,-54.714050,71.795964,13.571448,-10.200327,-0.481865,-88.566052,-44.682275,60.288707,70.205855,-5.311696,-5.193124,6.005861
159.000000,156.400931,101.522815,69.440758,-0.058964,-6.434805,122.197310,-13.077613,1.681170,-10.762795,44.862216,-44.539633,0.051129,-27.192124,-1.697203,0.860521,42.948236,-47.456028,3.524991,1.502615,-0.530595,-3.055276,-78.236880,49.152930,-54.775771,71.758951,13.889757,-10.208637,-0.180532,-88.260695,-44.485767,59.961452,70.256241,-5.099598,-5.087876,5.723113
160.000000,156.748343,102.657592,69.139695,0.049427,-4.792735,126.414968,-12.136019,-0.216312,-13.522216,44.971287,-44.648209,-0.368318,-25.573031,-0.490695,3.147180,44.683494,-47.809408,3.468001,1.276137,-1.231967,-2.474889,-78.341546,48.948906,-55.153815,71.912972,13.416684,-10.800333,-0.091524,-87.915231,-44.515560,59.988698,70.403753,-5.104444,-5.201626,5.781952
161.000000,157.132101,103.728688,68.765318,-0.084763,-3.933890,130.620504,-12.840240,-1.643850,-16.284645,46.884263,-45.284899,-0.614696,-24.202630,1.024466,5.548988,45.637842,-47.881603,2.006280,1.470163,-1.347298,-2.405643,-78.782762,48.753194,-55.605178,71.864990,13.096917,-10.772811,-0.543017,-87.844907,-44.887252,60.402539,70.532939,-5.174206,-5.151668,6.173612
162.000000,157.488477,104.665911,68.286151,0.360976,-3.187832,134.328789,-14.238321,-2.329540,-17.828737,51.025232,-46.243379,-1.363602,-23.039403,0.789272,4.894864,47.679006,-48.437349,2.070620,2.176623,-0.576593,-2.012718,-78.272172,48.953882,-54.900818,70.720571,12.600478,-10.020573,-0.948909,-87.730303,-45.184270,59.885869,70.621690,-5.332490,-4.905982,6.537624
163.000000,157.713854,105.605376,68.036598,1.748399,-2.809820,138.061619,-15.529625,-1.333586,-18.124303,55.706579,-46.751586,-3.378615,-20.663605,0.981863,2.405401,48.199009,-48.107194,2.497856,2.823067,1.654308,-1.176045,-77.064690,49.032405,-54.302295,69.256732,12.241758,-9.420830,-1.155197,-87.761558,-45.896668,60.005398,70.381049,-5.289234,-4.793274,6.840237
164.000000,157.923114,106.526971,67.807412,3.441158,-2.714382,141.659492,-17.531827,0.829750,-17.608699,61.224108,-46.302979,-5.187733,-18.076654,2.076642,-0.334276,47.867957,-47.335137,1.429770,3.503458,3.864520,-0.577504,-77.744123,47.579750,-55.520893,71.954322,11.836414,-11.145472,-0.798168,-87.583625,-45.978976,60.145492,70.991791,-5.381975,-5.273195,6.357562
165.000000,158.162725,107.302475,67.723370,4.225942,-2.837152,144.561439,-20.406254,3.139357,-15.905854,65.250245,-45.545406,-6.332817,-16.575867,2.784577,-2.643512,47.032768,-47.584620,-0.095092,4.806471,5.384580,-0.683592,-78.408147,47.429083,-56.069832,72.506980,11.159563,-11.632439,-0.679088,-87.566666,-46.221383,60.372165,71.187046,-5.552317,-5.319133,6.573275
166.000000,158.247864,108.090961,67.777860,4.185178,-2.462166,147.384642,-22.925574,4.235704,-14.001846,66.732198,-45.837191,-6.162008,-14.911249,2.179741,-4.801984,45.836915,-47.490626,-0.425828,6.100865,5.864382,-0.940989,-79.147009,47.456380,-56.325971,72.825403,11.091873,-11.660796,-1.229299,-87.782472,-46.358895,60.504514,71.625817,-6.034257,-5.442821,7.093074
167.000000,158.206713,108.853459,67.870152,3.461849,-1.482722,150.464388,-25.164194,5.021736,-10.716374,66.559469,-45.976906,-5.146028,-13.366903,-0.021073,-7.383473,45.972005,-47.079589,-0.730241,7.121895,5.554872,-0.947233,-79.625601,47.089237,-55.873662,73.136327,10.852061,-11.408219,-1.876039,-88.028960,-46.834580,60.752825,71.406575,-6.237653,-5.425808,8.274731
168.000000,158.123624,109.568131,68.044633,2.717482,-1.115719,153.649691,-27.797529,6.722590,-6.836759,65.276979,-46.349541,-3.553494,-12.034406,-1.556637,-9.880808,45.334786,-47.081402,-0.354678,7.346884,5.451236,-1.469364,-79.421781,47.306488,-55.204396,73.083509,11.279901,-11.169003,-1.897479,-88.175311,-46.182082,60.236388,71.685772,-6.729958,-4.928949,7.463048
169.000000,158.013618,110.164511,68.343234,1.357482,-1.190160,156.614905,-30.456302,7.992774,-2.368595,62.261266,-46.458848,-1.852739,-11.394117,-3.466974,-12.017609,44.470392,-47.153140,-0.172353,7.915368,4.870878,-2.345640,-79.148594,47.033393,-54.540669,72.626084,11.479304,-10.499587,-2.437411,-88.210998,-46.161676,59.841575,71.679844,-6.084249,-5.040439,7.577753
170.000000,157.876945,110.713637,68.595493,0.444658,-1.834416,159.092635,-33.274096,8.661136,0.571169,59.435609,-45.744813,-1.074972,-10.910799,-4.460610,-14.114271,43.057011,-47.074535,-0.230225,8.118588,4.599658,-3.228439,-79.502842,46.883535,-54.336122,73.396967,11.649486,-11.458029,-2.319342,-88.821897,-45.534532,59.868705,72.061043,-6.588276,-5.417881,7.386001
171.000000,157.676554,111.227453,68.823290,-0.183541,-2.554270,161.259094,-35.839591,8.464546,1.936197,56.330633,-44.900178,-0.656939,-10.240515,-4.954552,-16.073921,41.336312,-46.835833,-0.610872,8.638300,4.443895,-3.993276,-79.998987,46.539874,-54.153332,73.624364,12.060220,-11.322166,-1.825349,-89.142998,-45.489709,60.245697,71.953932,-5.926515,-5.528340,7.343807
172.000000,157.441461,111.675370,68.934929,-0.625251,-3.104232,163.186402,-38.208700,8.266592,3.131858,53.771740,-43.749202,-0.366894,-9.807243,-5.471991,-17.823973,40.630166,-46.808577,-0.978533,8.968066,4.361923,-4.524264,-80.240468,46.235804,-53.638497,73.704797,12.686187,-11.331827,-1.813362,-89.590799,-45.158571,59.604780,72.283619,-7.589181,-5.882628,7.079757
173.000000,157.112110,112.099302,69.042158,-1.007136,-3.566260,164.628234,-39.904223,8.571473,4.962706,50.971171,-43.020602,-0.346926,-9.431223,-5.878827,-19.208353,40.157080,-46.833306,-1.161106,9.368156,4.267206,-4.809844,-80.354191,46.058694,-53.381845,73.641344,12.726913,-11.189253,-2.088736,-89.819631,-44.887242,59.566414,72.516118,-6.710078,-5.738904,7.148905
174.000000,156.694424,112.448466,69.111454,-1.348219,-4.094367,165.863163,-41.291328,9.030532,7.053749,48.255966,-42.405533,-0.307146,-9.216526,-6.256480,-20.333297,39.939897,-46.863874,-1.273520,9.661595,4.156971,-5.168128,-80.312875,45.866028,-53.345154,73.571670,12.627725,-10.952672,-2.244508,-90.134933,-44.822184,60.058448,72.354291,-6.325811,-5.617568,7.215189
175.000000,156.175160,112.740099,69.140482,-1.731273,-4.808813,166.734889,-42.708753,8.846466,7.795884,45.836109,-41.416734,0.124235,-9.367972,-6.884794,-21.436346,40.151209,-47.095056,-1.255330,9.982202,3.808787,-6.103604,-80.076632,45.688966,-53.230953,73.715035,12.691513,-11.354079,-1.306474,-89.988753,-44.485872,60.494958,72.463041,-6.048462,-5.727579,6.827461
176.000000,155.536056,112.972665,69.094980,-2.330983,-5.271287,167.565101,-43.511194,8.185822,8.418634,43.340849,-40.623363,0.278413,-9.925768,-7.995817,-21.808924,41.985432,-47.232346,-1.174708,10.189280,3.146393,-6.489006,-80.241923,45.652120,-53.291711,73.511919,12.187260,-11.159570,-1.751479,-90.167021,-44.328881,60.417046,72.768043,-6.153268,-5.778124,7.317025
177.000000,154.763687,113.079965,69.001502,-3.144669,-5.520273,168.369995,-43.828518,6.966188,8.929778,41.187789,-39.606228,0.754981,-10.557663,-9.648918,-21.698529,44.546999,-47.353128,-0.633536,10.212570,2.468186,-6.904569,-80.219117,45.546618,-53.405748,73.444314,12.335633,-10.953630,-1.776475,-90.309875,-44.369390,60.281467,72.884423,-6.321296,-5.843261,7.231796
178.000000,154.001391,113.118935,68.589908,-3.302781,-5.337013,169.364487,-45.527490,6.912159,9.421480,43.090810,-40.087347,0.565325,-10.753285,-11.174458,-22.004971,47.911052,-47.894997,0.388889,9.958808,2.372764,-7.155030,-80.020912,45.277857,-53.342961,73.568910,12.516208,-10.986927,-1.620015,-89.942615,-44.240194,60.176412,72.988289,-6.183421,-5.826617,7.005065
179.000000,152.969468,113.077927,68.781084,-4.268871,-6.016906,170.175865,-43.380980,5.572251,11.753032,37.410056,-38.086600,1.065835,-11.128971,-12.408505,-21.474666,48.985301,-47.353497,0.687899,9.282082,1.316113,-7.272365,-81.166498,45.740653,-53.573764,73.459866,12.573958,-10.786651,-2.031567,-90.778391,-44.417864,60.304410,72.998227,-6.579697,-5.648903,7.325450
180.000000,151.923859,113.048196,68.362409,-4.680523,-5.987226,171.026960,-44.667890,5.348369,12.220256,39.821014,-38.685611,1.057006,-11.118061,-14.032484,-21.490907,51.907949,-47.683613,1.667792,8.696544,0.724586,-7.623643,-81.038385,45.583217,-53.458429,73.615622,12.582473,-10.899374,-1.535713,-90.387882,-44.245334,60.391822,72.919455,-6.815154,-5.800730,6.853133
181.000000,150.549018,112.896228,68.511009,-5.502389,-5.749403,171.192514,-41.590630,3.506961,12.764011,35.812915,-37.481626,2.002754,-10.047114,-14.993887,-20.235714,52.399709,-46.779607,2.090823,8.231879,-0.501117,-6.938996,-81.903039,46.061146,-53.695850,73.625519,12.455939,-10.861082,-1.611887,-90.879881,-44.310750,60.583013,72.673506,-6.771411,-5.725872,7.229310
182.000000,149.378026,112.715304,68.079644,-5.871511,-5.877036,171.758296,-42.811486,3.346322,13.094530,38.210640,-37.929997,1.626107,-9.875069,-16.682802,-20.442968,54.571128,-47.166561,2.976751,7.570913,-1.339230,-7.267295,-81.668695,46.063332,-53.539169,73.719611,12.600969,-10.931352,-1.415462,-90.576867,-44.165058,60.694475,72.598210,-6.905578,-5.719590,7.016822
183.000000,147.753334,112.492239,68.206930,-6.183746,-5.987948,171.523754,-39.567914,2.417854,13.831818,33.920434,-37.058025,1.789514,-8.635291,-16.771658,-19.154357,54.506887,-46.013376,3.266371,7.090824,-2.391089,-6.958883,-81.939136,46.871695,-53.719277,73.531214,12.578923,-10.690149,-1.491909,-90.952923,-43.971942,60.347993,72.683513,-6.233630,-5.862621,7.303059
184.000000,146.335530,112.245953,67.738926,-6.713727,-6.201248,171.905189,-40.546260,2.300170,14.528043,36.621586,-37.406047,1.796050,-8.517367,-18.509391,-18.932823,56.864614,-45.893906,4.273882,6.382288,-3.706043,-6.989095,-81.654509,46.745740,-53.499868,73.529247,12.585115,-10.860056,-1.331555,-90.986842,-43.947561,60.597520,72.589263,-6.335339,-5.842893,6.978427
185.000000,144.618797,111.853921,67.324144,-6.924007,-6.726217,172.247061,-40.781058,2.313719,15.523869,38.232595,-38.311890,2.022154,-8.319100,-19.415552,-18.158442,58.812566,-44.285690,5.086524,5.603042,-4.850642,-7.266165,-81.365851,46.695681,-53.467066,73.462209,12.838276,-10.801914,-1.199800,-91.104424,-44.046869,60.825785,72.456826,-6.453717,-5.758006,6.802456
186.000000,142.526340,111.275744,67.465770,-6.570790,-6.753897,171.746424,-36.479805,1.864277,16.815284,33.856298,-37.482985,2.659747,-6.536191,-19.230603,-16.977422,58.106380,-41.418322,5.991179,5.517420,-5.647181,-6.607780,-81.771899,46.716421,-53.340137,73.804920,12.691230,-11.052869,-1.884878,-91.634467,-44.271811,60.672837,72.276160,-6.030090,-5.810245,7.238489
187.000000,140.657711,110.786307,67.025959,-6.853571,-7.178571,172.396626,-37.021726,1.665876,17.705310,36.744847,-36.072200,2.934164,-6.543091,-20.606887,-16.106134,60.507157,-38.256924,7.036753,4.542923,-6.914564,-6.924731,-81.222458,46.166731,-53.321228,73.600998,12.685822,-11.227387,-2.130030,-91.483841,-44.315948,60.939733,72.286050,-6.017390,-5.772509,7.281484
188.000000,138.477290,110.033369,67.212451,-7.683908,-7.897395,172.784996,-34.240551,-1.076770,17.959894,32.718959,-32.423362,4.278229,-7.359263,-22.457324,-14.197272,62.819217,-32.857602,8.789287,3.460923,-9.078069,-7.454405,-81.078847,45.771997,-53.009689,73.815439,13.041278,-11.312254,-1.418802,-91.026163,-44.284324,60.265518,72.472398,-5.569827,-5.981965,7.421087
189.000000,136.540759,109.543705,67.296100,-8.395018,-7.719452,173.449254,-33.956490,-2.322757,17.950712,35.470422,-29.458357,3.584504,-8.488364,-24.341380,-12.335208,67.197286,-28.056662,9.977329,2.545098,-11.014418,-7.233338,-80.033104,44.993168,-52.883027,73.598041,12.690963,-11.524362,-1.713362,-90.041127,-44.181587,60.183426,72.421356,-4.885590,-5.689714,7.638115
190.000000,134.696651,109.147942,67.426842,-8.884793,-7.404845,173.958119,-33.744013,-3.288531,17.561393,38.315285,-28.674855,4.120429,-10.167277,-25.943540,-10.507658,72.227495,-24.821741,9.825941,1.661086,-12.770707,-7.060671,-79.228651,44.479346,-52.859818,73.739132,12.830010,-11.319509,-1.815188,-89.073877,-43.995711,60.085359,72.304430,-4.524709,-5.649992,7.640822
191.000000,132.892108,108.774471,67.634290,-8.859073,-7.148187,174.142150,-32.639135,-3.681829,17.762694,39.937134,-29.804582,5.167797,-12.416411,-26.988975,-9.243548,76.004474,-27.059055,8.912090,0.666444,-14.176712,-7.144579,-79.064842,44.486204,-52.803219,73.749248,12.931455,-11.095028,-1.713396,-88.419852,-43.551332,59.838802,72.381017,-5.025115,-5.709180,7.748251
192.000000,130.710161,108.394039,68.543333,-7.538625,-6.165394,172.868603,-25.374600,-3.659212,18.094201,32.928991,-29.427938,5.339561,-12.934767,-27.282905,-10.020492,75.598480,-31.594795,7.882498,0.647945,-14.415954,-6.310508,-80.022517,45.948837,-53.701304,73.294289,12.747858,-10.639242,-2.077880,-88.507552,-43.323367,59.664366,71.577493,-5.036004,-5.620641,7.801754
193.000000,129.060209,108.263183,68.700588,-7.747080,-5.241954,172.945575,-24.345803,-3.561155,18.732875,35.616093,-31.337167,4.512267,-14.539109,-30.510725,-11.861594,75.923194,-34.852314,8.245277,0.019449,-15.684896,-6.270114,-79.774171,45.638259,-53.553362,73.112326,12.765783,-10.560068,-1.827344,-88.028885,-43.041666,58.788627,71.928886,-5.480633,-5.626181,7.457144
194.000000,127.070022,107.991135,69.366580,-5.226732,-4.406398,172.602365,-18.583591,-2.087820,18.536205,31.258706,-32.281820,3.261919,-14.856693,-29.043030,-14.265267,73.045554,-37.050709,7.849348,-0.427988,-14.706777,-5.357491,-80.939599,46.379655,-54.494654,72.606871,12.161954,-10.138030,-2.059013,-88.058549,-43.159607,57.934675,71.805847,-5.670548,-5.713652,7.222414
195.000000,125.671601,107.954252,69.422352,-5.466659,-3.064876,173.203431,-17.674590,-2.367705,17.918030,34.613978,-33.675718,2.965402,-17.064454,-30.688716,-14.432166,71.988261,-40.045631,8.413345,-1.331530,-15.910019,-5.064820,-80.644972,45.844448,-53.934155,72.807549,13.007431,-10.439499,-1.714711,-87.494191,-43.177054,57.962877,71.745325,-5.707350,-5.932654,7.324479
196.000000,123.767602,107.729614,69.887131,-2.788984,-1.921738,173.021345,-12.361067,-0.981370,16.537102,31.579977,-34.904971,3.048370,-17.382869,-27.395964,-15.232705,68.060916,-41.570464,8.010894,-1.306986,-13.987860,-3.288447,-81.440164,45.951436,-54.495009,72.625579,13.266850,-10.370030,-1.376473,-88.479438,-44.109362,58.062885,71.575110,-5.778695,-5.857483,7.079091
197.000000,122.554278,107.647610,69.770938,-2.857204,-0.381642,173.837069,-11.228764,-1.015047,16.269565,34.623554,-36.903365,2.909844,-19.660484,-28.815291,-15.190204,67.154167,-42.814836,8.210375,-2.142406,-14.837913,-2.592124,-81.013147,45.383055,-54.057522,72.810657,13.849545,-10.690551,-1.226876,-87.964743,-44.243916,58.105294,71.706051,-5.751786,-5.860243,7.040896
198.000000,120.820475,107.503176,70.071626,-0.191563,0.501575,173.660406,-6.944638,0.729676,15.021736,32.658573,-38.586631,3.142732,-20.183028,-25.283965,-16.428092,63.207499,-43.519592,7.091163,-2.174190,-12.638900,-1.195834,-81.413553,45.552864,-53.846537,72.845839,14.150308,-10.781716,-1.453957,-88.603454,-45.010783,58.206633,71.515605,-5.637586,-5.764348,7.021995
199.000000,119.621229,107.452393,69.939494,0.119455,1.839503,174.307024,-5.578201,0.926342,14.255664,35.109594,-40.329477,3.037878,-22.511887,-25.135224,-16.000960,61.836756,-44.787729,7.285165,-2.597143,-12.716947,-0.202242,-80.975868,45.266426,-53.767362,72.994027,14.326767,-10.883737,-1.777833,-88.325582,-45.215606,58.246508,71.559380,-5.745844,-5.831401,7.331143
200.000000,118.317127,107.386756,69.872165,0.832243,2.680187,174.972966,-4.074675,1.407417,13.486951,36.566217,-42.124891,3.217554,-24.778063,-23.880320,-15.567669,59.728508,-45.610204,7.193833,-3.030885,-12.179888,0.289299,-80.663298,45.026851,-53.799679,72.821435,14.977353,-10.648219,-1.354291,-87.976771,-45.455933,58.090253,71.543001,-5.911571,-5.721371,7.154060
201.000000,116.967797,107.362008,70.153326,2.783255,2.437771,174.812054,-1.931360,3.122428,12.992079,34.965501,-42.662745,3.543349,-26.393465,-20.059104,-16.261157,54.919881,-45.481871,6.078750,-2.703267,-9.890678,0.574238,-80.914423,44.812055,-53.579730,72.542456,15.364896,-10.590022,-1.377954,-88.320951,-46.139010,58.173554,71.312673,-5.863162,-5.780996,7.162089
202.000000,115.781999,107.360268,70.226282,3.482296,2.610109,175.196646,-0.624019,3.724658,12.430602,34.932231,-42.889920,3.600743,-28.375102,-18.288540,-16.243539,51.833244,-45.295755,5.526557,-2.767877,-8.800199,0.677223,-80.794151,44.620045,-53.326538,72.242877,15.628759,-10.709363,-1.329532,-88.229413,-46.451686,58.200643,71.285387,-5.676849,-5.775417,6.951532
203.000000,114.584446,107.405806,70.259982,3.601657,2.506571,175.849449,0.591001,3.686694,11.933988,34.195393,-43.088788,3.610000,-30.330363,-17.307214,-16.258743,48.980943,-44.998359,5.782363,-2.869935,-8.060113,0.394940,-80.557020,44.333942,-53.801984,71.640290,14.958444,-10.223488,-1.482495,-88.120826,-46.655779,58.050201,71.438881,-6.257869,-5.603752,7.122129
204.000000,113.379931,107.490444,70.251566,3.653688,2.551949,176.571737,1.707436,3.608508,11.432163,33.898762,-43.402693,3.593058,-31.382732,-16.477555,-16.697571,45.889637,-44.611333,6.229648,-3.045733,-7.386041,0.456494,-81.144929,43.629998,-53.592065,72.572707,15.943292,-10.634085,-1.149808,-88.151767,-46.947411,57.964387,71.384766,-6.006454,-5.651034,6.978010
205.000000,112.107241,107.593787,70.144409,3.573684,2.978018,177.474683,3.043721,3.586461,11.027444,34.285945,-43.659003,3.562216,-32.101626,-15.948174,-16.519755,44.746458,-44.466143,6.021245,-3.387470,-6.631817,0.677526,-80.981632,43.689455,-53.601081,72.462563,16.097221,-10.918011,-0.958420,-88.113661,-47.035404,57.774330,71.262137,-5.835555,-5.576134,7.054408
206.000000,110.730648,107.733810,69.993865,3.421204,3.730404,178.305837,4.745625,3.537984,10.600953,35.114245,-43.750562,3.276163,-32.015976,-15.373491,-16.138309,44.171086,-44.308325,6.039114,-3.397823,-5.819953,1.282515,-80.903919,43.306022,-53.654083,72.800159,16.309413,-11.186281,-0.992304,-88.116277,-47.151856,57.487407,71.244242,-5.744127,-5.581660,6.531724
207.000000,109.280908,107.940543,69.808918,3.250257,4.389168,179.156501,6.062370,3.645043,9.925124,36.694351,-43.768218,2.849994,-31.601175,-14.719631,-15.746684,44.113593,-44.297100,5.782404,-3.368859,-4.956661,1.756111,-80.738929,43.244144,-54.051945,72.500293,15.626662,-11.178260,-1.400689,-88.006837,-47.363479,57.709621,70.970290,-5.296953,-5.303326,6.367793
208.000000,107.880104,108.130717,69.378084,3.046096,5.164027,179.756550,6.456280,4.175762,9.585755,40.332588,-44.155257,1.702111,-31.918956,-14.672225,-15.160331,46.517792,-44.796124,6.025883,-2.988266,-4.207435,2.156951,-80.355448,42.944838,-54.179878,72.631562,15.637050,-11.051326,-1.558136,-87.499846,-47.213430,57.415711,71.092400,-5.065895,-5.260886,6.470484
209.000000,106.222963,108.604491,69.412619,3.410250,5.055320,-179.541912,7.319227,5.116398,8.541851,41.543150,-43.487719,0.304527,-29.822471,-12.799361,-16.344436,43.982446,-44.459781,5.181309,-2.961150,-2.666153,2.411336,-80.987650,43.085038,-54.243023,72.635032,15.837467,-11.298574,-0.779001,-87.942934,-47.525180,57.405732,71.012466,-5.322176,-5.243090,6.252616
210.000000,104.574573,109.027755,69.232363,3.492114,5.382933,-179.049589,8.076608,5.946254,7.909943,43.830936,-42.738430,-0.841924,-28.172097,-11.742653,-17.160131,43.508845,-44.599991,4.749731,-2.485374,-1.397366,2.552002,-81.003277,43.186897,-54.256243,72.436902,15.432765,-11.097934,-1.833588,-87.818310,-47.697670,57.302576,71.039971,-5.460042,-5.085895,6.799440
211.000000,102.889037,109.570587,69.038594,3.250522,5.362000,-178.488254,8.473658,6.390083,7.029905,45.764487,-41.425500,-1.932944,-26.692707,-10.924741,-17.977321,43.150024,-44.822925,4.448046,-2.002773,-0.352946,2.323730,-81.131330,43.106355,-54.567648,72.520449,15.581675,-10.998383,-1.477804,-87.789876,-48.001309,57.307807,70.877474,-5.318683,-4.988124,6.625345
212.000000,101.081383,110.164249,68.747795,2.895396,5.300857,-177.703334,8.737714,6.869674,6.151100,47.990425,-40.013984,-3.000398,-25.035075,-10.081658,-18.371909,43.089147,-45.006446,4.100877,-1.766766,0.563986,2.021224,-81.238140,43.316469,-55.203877,72.466613,15.521342,-10.713597,-1.802291,-87.848452,-48.220623,57.464301,70.835707,-5.064826,-4.859341,6.502919
213.000000,99.245751,110.780907,68.306571,2.744802,5.226560,-176.858120,8.483486,7.688118,5.107029,51.124949,-38.578288,-4.338813,-23.614599,-8.711974,-17.762641,43.488030,-45.491474,2.915890,-1.548621,1.775644,1.772813,-81.458960,43.549471,-55.849644,72.284479,15.242370,-10.480058,-1.804524,-88.260538,-48.375395,57.876141,70.867201,-5.272164,-4.600902,6.208542
214.000000,97.237921,111.420465,67.808598,2.130012,5.571982,-175.579641,8.539411,7.726102,3.032868,54.584976,-36.402118,-5.833576,-22.628295,-8.170798,-16.011212,45.374180,-44.233856,1.517281,-1.682354,2.662583,1.479245,-81.262599,43.419769,-55.766179,72.734999,15.028382,-11.035093,-1.964722,-88.227630,-48.364983,57.862084,70.924445,-5.139765,-4.870336,6.158944
215.000000,95.405930,111.962438,67.387724,1.891815,5.868741,-175.016557,7.559068,7.948575,1.332863,59.497901,-32.201945,-6.706221,-23.049952,-8.188936,-14.883232,50.199254,-42.265760,0.812989,-1.260435,3.985335,1.531154,-80.553509,42.904154,-55.387821,73.019490,13.716388,-10.685071,-1.955262,-87.939000,-48.306397,57.841491,70.885650,-4.180775,-4.679334,6.332816
216.000000,93.701065,112.568998,67.407948,1.783141,5.347502,-174.419331,4.832402,8.650301,0.588530,64.832948,-26.755963,-8.291693,-23.230117,-7.606849,-14.053574,52.391004,-40.210973,0.523799,-1.424852,5.649925,1.241341,-79.259195,42.904199,-54.914134,72.191322,13.336573,-10.094915,-2.989022,-87.866415,-47.989992,57.797286,70.866723,-3.850820,-4.331745,6.748783
217.000000,92.096078,113.189220,67.512482,1.764765,5.026323,-174.141191,2.248033,9.796282,0.685196,70.186559,-24.563679,-7.517565,-22.900660,-6.964567,-13.902287,53.951688,-39.146570,-0.593748,-1.645473,6.945259,1.150130,-78.280286,43.030817,-55.172141,71.902378,12.708350,-10.245123,-2.862981,-87.355032,-47.829209,58.254096,70.876306,-4.707486,-4.559556,6.865163
218.000000,90.573335,113.796902,67.699188,1.750496,3.895411,-173.960757,-1.346477,11.082936,1.238371,74.933186,-23.791639,-6.419457,-22.667554,-6.214099,-14.096777,53.764650,-39.375204,-2.401002,-1.384149,7.806292,0.347439,-78.226266,43.036824,-56.052648,71.689543,12.246121,-10.118212,-2.536090,-87.041609,-48.151082,59.573900,70.603338,-3.711144,-4.219892,6.903982
219.000000,89.083481,114.318883,67.766142,1.523434,2.894965,-174.155706,-4.609924,10.666104,1.050306,78.074321,-26.574251,-6.062352,-22.532550,-5.517829,-13.680764,53.894789,-40.833446,-3.292597,-0.556467,8.360911,-0.486995,-78.420680,42.641458,-56.008501,71.587069,12.401382,-10.182433,-2.352084,-87.019670,-48.448482,59.074094,71.144261,-5.130773,-4.342177,6.960549
220.000000,87.566501,114.808071,67.938548,1.401461,1.721612,-174.275175,-8.210249,11.030718,1.690037,79.446643,-30.042150,-6.445602,-22.200753,-4.891774,-13.557938,53.319032,-41.808295,-3.452593,0.176830,8.770227,-1.564669,-78.550351,42.207489,-55.565051,71.580396,12.070122,-10.302431,-2.385920,-86.969741,-48.895917,59.367512,71.253046,-4.876513,-4.259450,7.428428
221.000000,86.081696,115.295577,68.156213,1.286837,1.164489,-174.382829,-11.197863,12.661792,3.446560,79.202491,-34.681734,-5.402584,-21.059828,-4.282159,-13.674435,52.498333,-42.323295,-3.386777,0.500944,9.136117,-2.038973,-78.265273,42.101515,-55.255271,71.520236,12.304159,-10.432848,-2.562231,-86.784773,-49.223558,59.574966,70.751519,-4.353666,-4.310948,7.238863
222.000000,84.658629,115.768969,68.320918,1.082661,1.135747,-174.458775,-13.909567,14.153927,5.321059,78.244339,-37.957294,-4.362780,-19.380242,-3.701482,-13.692753,51.743730,-43.221072,-3.407730,0.547398,9.292167,-1.823927,-78.159917,42.128890,-55.137911,71.544490,12.969798,-10.697074,-2.137235,-86.907730,-48.677563,58.614546,71.274247,-5.164361,-4.687509,6.981991
223.000000,83.385020,116.200209,68.395984,0.416767,0.722206,-174.802871,-17.074032,14.921957,7.653752,76.912035,-40.102742,-3.579791,-18.635097,-3.610172,-13.128654,51.670880,-44.409600,-3.536681,0.964979,8.628954,-1.749764,-78.579189,42.255355,-55.345819,71.597916,13.021276,-10.678225,-1.659983,-87.284169,-48.341664,58.651142,71.354713,-5.229025,-4.924257,7.148309
224.000000,82.260126,116.544843,68.419266,-0.084576,-0.092573,-175.493751,-21.119435,15.213796,9.478716,75.728199,-41.181949,-2.524754,-18.676147,-3.441767,-12.427120,51.667526,-45.336535,-3.889941,2.001291,8.044151,-2.389491,-78.851932,42.084702,-55.542111,71.596078,12.763094,-11.241040,-1.871274,-87.637242,-48.206498,59.092140,71.472821,-5.218658,-5.285001,7.065083
225.000000,81.058407,116.826153,68.538129,-0.205152,-0.590641,-176.253751,-24.948965,14.572122,9.645122,73.854398,-42.439538,-1.441720,-17.776932,-2.894828,-12.040389,50.645682,-45.724500,-3.889887,2.990266,7.922846,-2.781052,-78.771882,41.648045,-55.189793,71.688983,12.772563,-11.691444,-1.267298,-87.909391,-48.058830,58.962271,71.527257,-5.283028,-5.523089,6.474985
226.000000,79.874939,117.086959,68.624240,-0.308883,-0.758153,-177.007328,-28.411806,13.536191,9.176238,71.754300,-43.080124,-0.437546,-16.647287,-2.402833,-11.626211,49.964268,-45.918013,-3.763079,3.760749,7.984388,-2.860930,-78.675966,41.394252,-55.310380,71.577582,12.905256,-10.490195,-2.063258,-88.074060,-47.763106,58.781031,71.500456,-4.856988,-5.462516,6.518350
227.000000,78.640908,117.293835,68.779129,-0.397704,-0.502294,-177.624111,-30.993588,12.131975,8.441298,68.851012,-43.343161,-0.006624,-14.595419,-1.972105,-11.368655,48.614534,-45.979447,-3.578014,4.175137,7.897500,-2.487767,-78.559845,41.195603,-55.202671,71.673478,13.277891,-10.725623,-1.671524,-87.921330,-47.517100,58.874277,71.120554,-4.199286,-5.685470,6.424107
228.000000,77.495348,117.454076,68.884933,-0.725829,-0.575429,-178.408264,-33.505394,10.930527,8.667109,65.545063,-43.007420,0.221758,-13.417259,-1.854202,-10.686133,47.959710,-46.170716,-3.410264,4.582006,7.520472,-2.476017,-78.390614,41.288897,-54.883087,71.762414,13.387039,-10.470844,-1.836913,-87.670512,-46.758447,58.401116,71.060469,-4.379749,-5.567738,6.373951
229.000000,76.361549,117.582726,68.967170,-1.094167,-1.049045,-179.087141,-35.956230,9.915397,9.469151,61.711688,-42.565940,0.292587,-12.931023,-1.944034,-10.207281,47.826515,-46.432982,-3.649143,4.776737,6.927184,-3.030808,-78.171378,41.687189,-54.912675,71.719998,13.364059,-10.320703,-1.724150,-87.290548,-46.118424,58.435615,70.873062,-4.339252,-5.621117,6.309109
230.000000,75.236601,117.665458,69.034159,-1.366890,-1.512738,-179.631623,-37.953783,8.808084,10.155100,57.617632,-42.034186,0.578751,-12.314180,-1.975255,-9.792964,47.384690,-46.745709,-3.711697,4.822231,6.328761,-3.388710,-78.414144,41.892241,-54.775552,71.883254,13.793411,-10.125725,-1.193949,-87.173841,-45.421707,58.279532,71.140648,-4.493396,-5.420264,5.769284
231.000000,74.063766,117.719066,69.105607,-1.660110,-1.721714,-179.946326,-39.022285,7.505089,10.691114,52.915128,-40.890000,0.463384,-11.301032,-2.172477,-9.636936,47.064935,-46.787803,-3.739902,4.531426,5.717902,-3.658786,-78.502226,42.296677,-54.872282,71.729151,13.907104,-10.193976,-2.150639,-87.058090,-45.018859,58.145790,71.035518,-4.831698,-5.166144,6.007425
232.000000,72.814000,117.694318,69.163543,-1.531766,-1.858731,179.657120,-39.682252,6.383021,10.437128,48.778875,-40.216758,0.597844,-9.926758,-2.115737,-9.993487,46.360210,-46.818163,-3.697599,4.255068,5.640498,-3.842560,-78.463594,42.445654,-54.499538,71.676053,14.039963,-9.689970,-1.201485,-87.157421,-44.715104,58.026159,70.872809,-5.249839,-4.730093,5.379899
233.000000,71.462280,117.691088,69.237280,-1.492213,-1.583377,179.138380,-39.328813,4.951200,9.517499,44.631301,-39.092502,0.383172,-7.929688,-1.932808,-9.881707,45.531772,-46.663972,-3.698635,3.934247,5.334013,-3.707375,-78.332386,42.713134,-54.129690,71.755201,13.829265,-9.900057,-1.589983,-87.212554,-44.389089,58.031282,70.885677,-5.301899,-5.361363,5.470336
234.000000,70.069015,117.595422,69.228148,-1.759582,-1.509056,178.490669,-38.606111,3.854124,9.803018,40.970688,-38.450690,0.540028,-6.716954,-2.303461,-9.571016,45.810007,-46.673083,-3.562449,3.807448,4.521505,-3.690814,-78.471142,42.831375,-54.047857,71.943148,13.679819,-10.301083,-1.442027,-87.377169,-43.898732,57.734674,71.118983,-5.082048,-5.641792,5.524155
235.000000,68.637806,117.474961,69.111466,-2.165861,-1.609755,177.573275,-37.810875,3.117948,10.574988,38.144380,-37.603019,0.726274,-6.262549,-3.023254,-9.168599,47.290324,-46.941213,-3.321675,3.869475,3.292025,-4.187002,-78.955409,42.348245,-53.643459,74.063361,14.602617,-11.606558,-0.937066,-87.106229,-43.103592,57.386573,71.465683,-4.541181,-6.038397,4.872183
236.000000,67.178088,117.384338,68.561387,-2.587866,-1.486732,176.910070,-38.809586,3.386288,11.903790,40.480144,-38.449392,1.041964,-6.154948,-4.508577,-9.719085,50.515406,-47.517237,-2.535509,3.795046,2.163074,-4.487185,-78.302231,42.731391,-53.341882,73.340707,14.018824,-10.956009,-1.246651,-86.786057,-42.380818,57.239099,71.226982,-4.446326,-5.706965,5.198813
237.000000,65.277463,117.133796,68.592292,-3.215721,-1.347447,175.115214,-35.074469,3.079176,14.060025,36.672174,-37.701265,2.030370,-4.804246,-5.551407,-8.643975,51.277707,-46.776212,-1.764080,4.242312,0.462058,-4.568395,-78.585493,44.283050,-53.861530,72.744015,13.637037,-10.390203,-1.588148,-87.166041,-41.121482,57.114455,70.846048,-3.774686,-5.428654,5.400399
238.000000,63.477707,117.038155,68.024212,-4.106835,-1.287640,174.572952,-35.405942,3.000076,14.688914,40.623308,-38.123886,3.504163,-4.519809,-7.490356,-8.477703,54.517183,-46.676802,-0.698028,3.932524,-1.409180,-5.535957,-78.353055,44.373598,-53.583234,72.877046,13.719933,-10.441669,-1.260387,-86.829169,-40.258433,57.564056,70.624368,-3.732857,-5.469263,5.351879
239.000000,61.375588,116.737676,67.454928,-4.458429,-1.561398,174.088901,-34.447738,3.503924,16.931520,42.561555,-39.622542,3.673299,-4.039730,-8.690688,-7.861492,57.069161,-46.293735,0.793931,3.760443,-2.834512,-6.705703,-78.245909,44.747281,-53.459331,72.429921,13.834412,-9.889285,-1.416981,-86.954332,-39.459287,57.139638,70.694855,-4.342564,-5.257326,5.368238
240.000000,59.022015,116.262639,67.771137,-6.232968,-1.543607,173.498434,-28.818638,0.090400,18.887688,34.928618,-35.184903,5.173499,-2.737999,-11.173302,-5.899339,57.902198,-43.416490,2.685923,3.361763,-6.010808,-7.622271,-78.753276,45.613882,-54.124837,71.834131,13.631374,-9.626708,-1.758250,-87.203354,-38.472765,56.058918,71.261344,-4.455508,-5.500202,5.573543
241.000000,57.141578,116.001856,67.611647,-7.306729,-1.169705,173.442527,-29.330168,-1.692672,17.428522,38.686202,-33.300820,5.688749,-2.763473,-13.244744,-4.859806,61.560809,-38.300952,4.869935,3.049513,-8.259060,-7.998685,-78.568397,45.361185,-53.492150,71.912617,13.535636,-9.524669,-1.548320,-86.906173,-38.367901,56.302151,71.199142,-4.111973,-5.366192,5.825782
242.000000,55.121911,115.464222,67.937285,-8.614866,-0.440858,173.424668,-26.481507,-5.181216,15.979535,37.024898,-31.289401,5.496609,-2.966504,-15.477548,-2.815391,64.877296,-31.424454,9.556286,3.641209,-10.790318,-7.495604,-78.660700,44.492201,-53.572076,72.565876,14.167778,-10.534619,-2.214930,-86.676590,-39.143606,56.527247,71.142588,-4.302270,-5.211520,7.042288
243.000000,53.358233,115.026462,68.167806,-9.544479,-0.083717,173.752911,-24.594799,-7.568086,15.190387,36.588811,-30.950695,6.599350,-4.383036,-16.363434,-0.044579,69.248221,-24.490000,13.478371,3.479791,-12.272914,-7.431324,-78.313371,44.510779,-53.886750,72.689762,14.636728,-10.639556,-2.678505,-86.645765,-39.346111,56.971219,71.031317,-4.595045,-5.296925,7.274802
244.000000,51.734453,114.719450,68.072075,-10.176217,0.421641,174.444235,-24.474905,-9.259817,14.289439,39.383902,-32.545988,8.482998,-5.885077,-17.025158,2.100106,74.396053,-21.446997,14.825122,2.709640,-13.294691,-7.357717,-77.924365,44.775927,-54.157437,73.066864,15.093183,-10.555683,-1.942756,-86.712557,-39.151788,56.881918,71.088588,-4.711281,-5.557796,6.939818
245.000000,50.011659,114.112341,68.540353,-9.971273,0.501709,174.004431,-19.851265,-10.760366,13.959196,33.857210,-32.306576,10.158588,-8.855946,-20.079747,1.848190,78.141544,-20.698386,14.563237,2.480848,-13.397723,-6.441268,-79.288599,45.930430,-54.796501,73.376394,14.996001,-10.936350,-1.620610,-88.040667,-39.000510,56.047364,71.325753,-4.832894,-5.598829,6.425649
246.000000,48.469442,113.660538,68.480766,-10.079906,1.539686,174.124218,-19.007624,-11.281739,14.080636,36.696551,-34.025311,10.387739,-10.945178,-25.416944,0.440084,80.867077,-25.255014,12.434472,1.930887,-14.000753,-5.836464,-78.757894,46.179087,-54.752845,73.126888,14.637078,-10.446070,-1.816700,-87.373993,-38.486938,55.885516,71.169205,-4.348136,-5.485639,7.087617
247.000000,46.942389,113.259983,68.481052,-9.641445,2.402488,174.860583,-17.536543,-11.440860,13.907278,38.617241,-35.433754,9.955371,-12.980732,-29.230320,-1.330664,81.633642,-30.867548,10.599102,1.197397,-13.982586,-5.088797,-78.484208,46.209153,-54.873603,72.963018,14.566681,-10.464663,-2.118760,-86.677314,-38.249626,55.761651,70.916147,-4.323720,-5.676061,7.832126
248.000000,45.127815,112.859535,69.050151,-7.363825,3.699700,175.069410,-11.355226,-10.781932,11.887300,34.053865,-35.780680,9.813116,-13.154856,-29.888300,-4.526208,78.830785,-36.194497,8.214637,1.006028,-11.696222,-3.084200,-79.006963,46.762935,-54.848007,72.416821,13.895237,-10.637566,-2.317774,-87.140025,-38.612705,55.746355,70.500024,-4.679788,-5.442969,7.646282
249.000000,43.743223,112.587774,68.987322,-7.168327,4.825924,175.950559,-9.690544,-11.200114,11.183838,35.800402,-37.880390,9.881001,-15.305112,-31.950891,-5.890235,76.823297,-40.338510,7.364746,0.705960,-11.720278,-2.192812,-78.638707,46.250708,-55.041342,72.436786,14.309116,-10.345555,-2.167175,-86.503219,-38.804897,56.100261,70.282920,-4.904733,-5.287859,7.343093
250.000000,42.114457,112.366533,69.346660,-5.426497,5.699154,176.330122,-5.144149,-10.381305,9.528409,32.678296,-38.650685,9.738232,-16.438763,-29.893935,-7.328681,72.242679,-42.891225,6.832778,0.771147,-9.971662,-0.843349,-79.092156,46.095027,-55.011208,72.552496,13.851342,-10.589796,-2.293101,-86.833909,-39.339731,55.871156,70.123831,-4.967123,-5.158546,7.642684
251.000000,40.917420,112.190306,69.244325,-5.484163,6.816027,177.729646,-3.705627,-10.838369,8.559881,34.530984,-40.204816,9.424552,-18.941204,-29.393914,-6.563544,69.316912,-45.000001,7.485547,0.327957,-10.175363,0.357432,-79.058736,45.729800,-54.664077,72.737137,14.409256,-10.697499,-1.416062,-86.726464,-39.203592,55.433300,70.201401,-5.155147,-5.231582,6.904621
252.000000,39.438221,112.000608,69.550079,-3.792776,7.229669,178.128646,-0.574854,-9.539087,7.307110,32.770790,-40.854736,8.832481,-20.544777,-25.836318,-6.531469,64.381158,-46.496216,7.124380,0.553558,-8.459608,1.025781,-79.198407,45.784011,-54.376830,73.196098,15.041695,-10.760074,-1.394751,-86.906917,-39.305034,54.977712,70.287127,-5.654474,-5.309782,6.729513
253.000000,38.217309,111.759531,69.715917,-2.437021,7.739964,178.596878,1.074074,-8.425113,6.293781,33.253227,-41.922117,8.705500,-22.532881,-22.622422,-5.911572,60.006108,-47.032860,6.671663,1.120675,-6.957015,1.681154,-78.863058,45.922459,-54.532698,72.785091,15.138585,-10.918694,-1.531475,-87.160017,-39.273864,55.006515,70.738582,-5.988379,-5.501107,6.730377
254.000000,37.025008,111.552799,69.886655,-0.768995,7.652655,179.549456,1.558542,-6.939760,4.702049,34.459373,-43.235381,8.584376,-24.046427,-18.623721,-5.407918,55.045256,-47.104953,6.363645,1.487954,-5.101985,1.512046,-78.822972,45.200536,-54.331949,73.381544,15.523290,-10.734886,-1.172530,-87.070555,-39.594320,54.862323,71.045292,-6.073838,-5.289538,6.356408
255.000000,35.871848,111.390555,69.985735,0.146778,7.564950,-178.877047,1.906901,-6.253227,2.912506,35.382248,-43.820588,8.510272,-25.418317,-15.106459,-3.688318,50.882884,-46.930117,6.338287,1.623515,-3.866411,1.014344,-78.409950,44.731288,-54.226678,73.101773,15.384303,-11.341757,-1.550385,-86.738102,-39.895285,54.822377,71.523227,-5.851234,-5.141314,6.221744
256.000000,34.683502,111.286843,69.985288,0.519940,7.411849,-176.811052,2.195996,-6.214242,0.649898,36.386252,-44.281701,8.512583,-26.530775,-12.748686,-2.525715,47.849068,-46.210294,6.551012,1.695049,-3.149167,1.141549,-79.258021,43.800477,-54.292832,73.309937,15.725688,-11.178472,-1.316683,-87.194133,-40.482456,55.255558,71.923381,-5.888297,-5.153618,6.308288
257.000000,33.393538,111.237693,69.967234,0.808540,7.327133,-174.841371,2.865728,-6.037614,-1.262153,36.919403,-44.587062,8.133094,-27.112632,-10.518114,-1.244218,45.227207,-46.108736,6.486300,2.019415,-2.528569,1.167171,-79.894075,43.174538,-54.906170,72.995748,15.277296,-11.183160,-1.148883,-87.648327,-40.863844,56.208512,71.859614,-5.396682,-4.988057,6.843806
258.000000,32.101601,111.265004,69.936895,1.023393,7.627638,-172.741556,3.681438,-5.845563,-3.518465,38.024022,-44.982513,7.522342,-26.767177,-8.631777,-0.572215,43.261920,-45.857600,6.390780,2.404824,-1.864330,1.326916,-80.157304,42.591151,-55.166478,72.966740,15.336917,-11.191777,-0.915212,-87.943979,-41.109860,56.778348,71.826078,-5.076853,-4.848293,6.412647
259.000000,30.879807,111.321259,69.786185,1.034376,7.708633,-170.162656,3.742445,-5.856467,-5.956866,39.943540,-45.545556,7.097937,-26.724307,-6.841701,0.608572,42.504435,-45.668752,6.093800,2.720309,-1.288215,1.980302,-81.163637,41.935108,-55.592928,73.113815,15.098150,-11.026563,-1.236388,-89.450801,-41.273416,57.287170,72.466620,-5.178243,-4.938449,7.042524
260.000000,29.546699,111.469185,69.668674,0.909201,7.704497,-167.693824,4.255089,-5.801464,-8.186436,40.902130,-45.792225,6.228643,-26.322147,-4.655162,2.619896,41.616189,-46.075742,6.182484,3.159837,-0.965833,1.854719,-81.357368,41.779188,-55.911884,73.187990,14.878433,-11.270951,-1.360323,-89.775125,-41.435315,57.340217,71.964266,-4.673316,-4.465932,6.437275
261.000000,28.095421,111.610925,69.471759,0.381291,7.704630,-164.513967,4.850533,-6.130307,-10.686443,42.203725,-45.969089,5.897973,-25.779504,-3.084045,4.624551,42.635625,-46.194373,6.222199,3.682821,-0.777920,1.439915,-81.094542,40.944498,-55.990513,73.220058,14.913559,-11.073407,-1.267894,-89.594597,-42.115175,57.526537,71.440261,-4.413652,-4.540266,6.546229
262.000000,26.594460,111.796105,69.314516,-0.166474,7.456726,-161.134675,5.125853,-6.207807,-12.593019,43.591671,-46.030861,5.677740,-24.779696,-1.819562,6.281162,43.176843,-46.320540,5.905779,3.573574,-0.910226,1.367412,-81.228571,41.173091,-56.337480,73.073018,14.713167,-11.011867,-1.707612,-89.979785,-41.930122,57.864092,71.699617,-4.119233,-4.365391,6.620094
263.000000,25.014174,112.004590,69.103909,-0.710029,7.263604,-157.421129,5.285702,-5.982535,-14.304847,45.360232,-46.214313,5.001429,-23.176973,-0.679683,7.577269,44.036798,-46.552507,5.837237,3.369199,-0.936760,1.070057,-80.857494,41.560332,-56.836586,72.904264,14.522772,-11.318489,-1.594442,-89.706933,-41.982728,58.185746,71.467268,-3.744710,-4.449656,6.335602
264.000000,23.350152,112.209499,68.855810,-1.572808,7.390439,-153.252296,5.745031,-5.798618,-16.160776,47.537669,-46.243348,4.436432,-20.639479,0.173209,8.842850,45.027626,-46.235265,5.504537,3.062407,-0.874734,1.748186,-81.069810,41.481597,-56.920669,72.987026,14.258514,-10.810846,-1.412473,-90.158961,-42.276467,58.468325,71.891388,-4.224684,-4.144659,6.288286
265.000000,21.786624,112.426066,68.612951,-1.586692,7.477869,-149.676168,4.907759,-4.419491,-16.715725,51.268329,-46.373160,3.414910,-19.158728,-0.093476,6.953127,45.986649,-45.718872,5.336723,3.566326,0.177646,1.825088,-80.799929,41.100175,-56.527049,73.336390,13.830728,-10.959406,-1.773723,-90.222428,-42.860851,58.354233,72.395559,-4.523843,-4.367723,6.773455
266.000000,20.295629,112.637222,68.388236,-0.165372,7.680674,-146.662017,2.249620,-0.908624,-15.700295,57.031427,-46.114032,1.470020,-18.224830,0.314845,3.090547,46.287632,-45.439322,5.031995,4.081898,2.622296,1.390133,-80.331508,41.104963,-56.550548,73.363267,13.908903,-11.055547,-1.885743,-90.295866,-43.371363,58.085363,72.393407,-4.594042,-4.676150,6.629422
267.000000,18.883850,112.811279,68.101740,-0.700942,7.858646,-143.093085,0.377110,1.434245,-13.273026,62.338515,-44.865733,0.229325,-17.244901,0.388854,1.845966,48.833776,-44.994366,5.472959,4.591570,3.536704,1.567959,-79.707707,41.029172,-56.790680,73.197580,14.024571,-10.951605,-1.632664,-89.590649,-43.749984,58.575361,72.344804,-4.854507,-4.560263,6.274450
268.000000,17.636354,112.971890,68.131703,0.518938,6.496686,-139.524385,-4.862074,4.969336,-10.066613,67.509651,-42.454537,-0.525092,-17.210082,0.311340,-0.469132,47.599404,-42.007426,4.129776,4.903928,4.457884,-0.067231,-80.149053,41.489841,-56.583425,72.810500,13.744466,-10.670645,-1.615234,-89.836324,-44.287602,59.306451,72.032124,-5.521573,-4.236496,6.611413
269.000000,16.587675,113.251960,67.778122,-0.146376,6.515511,-135.788454,-7.724155,9.367953,-4.887458,72.527190,-42.440668,0.106979,-17.039888,-1.212285,-3.597441,50.688565,-43.328791,2.338880,5.153058,5.162560,0.111577,-79.839516,41.517885,-56.602905,72.631747,13.370690,-10.564301,-1.726307,-89.582043,-44.207515,59.295331,72.301883,-5.623575,-4.463190,6.799585
270.000000,15.287739,113.189149,68.019968,0.746196,5.395675,-131.069395,-12.247201,15.593600,1.377168,75.361036,-43.928447,2.487274,-15.296799,-2.905587,-8.564429,48.188050,-42.912907,1.876061,4.213943,5.753580,-1.056301,-80.003454,42.530109,-55.703850,71.708175,13.057692,-10.576974,-2.560353,-90.294677,-44.297667,58.750200,72.480410,-6.088456,-4.909025,6.814961
271.000000,14.246690,113.160312,68.221503,1.054390,5.354060,-127.169997,-15.264523,18.538849,4.771390,76.103498,-45.916565,2.859484,-13.493450,-3.604294,-12.541075,47.026286,-42.357210,1.343547,4.308418,6.721146,-1.608392,-79.436712,42.057740,-55.153095,71.415044,13.155310,-10.538520,-2.976538,-89.894456,-44.475088,58.330690,72.834672,-6.423477,-4.971575,6.833249
272.000000,13.380866,113.211143,68.302822,1.043175,4.950093,-123.549686,-18.730510,18.408736,6.599393,75.726014,-47.476409,2.599335,-12.615544,-4.747772,-16.037689,47.574433,-42.869467,0.867365,4.747741,7.012746,-1.515169,-79.625731,41.549888,-55.183919,71.584426,13.479627,-10.869726,-2.391621,-89.953557,-44.777853,58.166745,73.034892,-7.129685,-5.384429,6.545092
273.000000,12.501135,113.258481,68.447345,1.167655,4.080567,-119.776022,-22.449534,18.373726,9.347854,74.306516,-48.037007,2.804239,-11.572883,-5.790130,-19.109100,46.741546,-44.063675,0.167660,5.028239,6.716959,-1.561642,-79.923807,41.400915,-55.333593,71.312673,13.166356,-10.906591,-1.836269,-90.303543,-45.280503,58.922560,72.784961,-6.936060,-5.492326,6.485804
274.000000,11.835195,113.273323,68.641937,1.829168,3.257416,-115.822402,-26.174620,19.469997,13.544263,72.130028,-48.422585,3.774953,-10.674751,-6.710202,-22.500971,45.209958,-44.488082,-0.482775,5.542552,6.196654,-2.433218,-80.708507,40.232010,-54.547509,72.197326,13.611799,-11.048511,-2.005290,-90.071501,-45.804502,58.990978,72.933989,-7.267359,-5.633578,6.709378
275.000000,11.147258,113.265371,68.849915,2.930045,2.685932,-112.371662,-29.721718,20.294044,17.179046,69.109439,-48.604565,4.880218,-10.156128,-6.795923,-25.426996,43.354117,-44.597464,-1.198634,5.515603,6.403670,-3.052521,-80.036737,41.248612,-53.931884,71.311266,12.766534,-11.025611,-2.297566,-90.668644,-45.392498,59.021878,73.224122,-7.425260,-5.729890,6.639029
276.000000,10.566466,113.143873,69.058990,4.057979,2.127175,-109.494220,-32.900714,19.715266,19.760468,65.202673,-48.065079,5.091606,-9.879804,-6.929722,-28.014381,41.834834,-44.677295,-1.700413,5.847704,6.182350,-4.029027,-79.925405,41.229795,-53.321863,71.390674,13.291191,-10.889830,-2.331605,-90.785338,-45.007419,58.899836,73.048962,-7.046946,-6.205240,6.593427
277.000000,10.010891,112.928605,69.239265,4.852884,1.597267,-107.271324,-35.620823,17.577770,20.391424,60.690827,-47.196563,4.363298,-9.858272,-6.954990,-29.127902,40.982829,-44.826470,-2.039858,6.452469,5.633637,-4.644722,-80.079487,41.110280,-53.485350,71.846104,13.806192,-11.192655,-1.781448,-90.613579,-44.603652,58.795238,73.049262,-6.662631,-6.280116,6.024054
278.000000,9.501607,112.658072,69.402862,5.641571,1.134024,-105.739770,-38.263116,15.155647,19.110338,56.406199,-46.192791,3.572111,-9.584256,-6.999263,-30.614113,39.862408,-44.826053,-2.332634,7.475225,5.061375,-5.202976,-80.214254,41.002449,-53.193442,71.963488,14.095776,-11.291300,-1.761180,-90.540366,-44.321473,58.793155,72.892578,-6.138988,-6.238889,6.032029
279.000000,8.964708,112.278688,69.524896,6.510918,1.152719,-104.260510,-40.534434,14.137167,17.998966,52.740655,-45.617290,3.461930,-8.774101,-6.059171,-31.845074,37.449046,-44.799525,-2.792001,8.231331,4.471968,-6.043984,-80.582169,40.657053,-53.061305,72.790050,14.826584,-11.630942,-1.704237,-90.095741,-44.062117,58.605598,73.158737,-6.110317,-6.417400,6.027553
280.000000,8.504696,111.739063,69.596183,7.090961,1.115560,-103.500660,-41.821494,13.757109,17.427588,49.499863,-44.735782,3.040138,-7.967761,-5.363617,-32.663293,35.888263,-44.787593,-3.308790,9.280741,3.927407,-6.442151,-80.538934,40.817169,-52.755814,72.961522,14.387490,-11.591880,-1.584073,-90.010808,-43.902342,58.415159,73.260124,-5.950831,-6.544406,5.864844
281.000000,7.920914,111.056352,69.636196,7.361935,1.196036,-102.812761,-42.386283,13.876308,16.709025,46.647398,-44.158522,2.944141,-6.864973,-4.483172,-32.999349,34.569992,-44.856403,-3.849304,9.901947,3.204797,-6.775902,-80.439029,41.171069,-52.781950,72.971965,14.195799,-11.395780,-1.884058,-89.811783,-43.658340,58.395105,73.235235,-5.575351,-6.263185,6.029810
282.000000,7.537670,110.223377,69.610846,7.632937,1.223805,-102.245478,-42.807784,14.060744,16.044345,44.672125,-43.592313,2.674920,-5.895650,-4.022922,-33.089121,33.680400,-45.049855,-4.258272,10.167369,2.219283,-7.085032,-80.433838,41.761351,-52.665533,73.225919,14.480623,-11.287928,-1.759740,-89.719207,-43.379334,58.358735,73.112852,-5.858804,-6.504589,5.972950
283.000000,7.121913,109.261680,69.512862,7.733824,1.022875,-101.990269,-42.871646,14.236916,15.133570,43.393356,-43.310633,2.614164,-5.545100,-4.610397,-33.472705,35.243619,-45.299741,-4.183363,10.437732,0.882293,-7.512373,-79.934073,42.522770,-52.356719,72.949952,14.402922,-11.211312,-1.658291,-89.404294,-43.122515,58.325137,73.036101,-5.828412,-6.449628,6.015103
284.000000,6.884163,108.152485,69.352925,7.784449,0.821787,-101.378371,-42.449868,14.539419,15.858999,42.302435,-42.949199,2.416464,-5.387407,-5.357330,-32.874459,37.397376,-45.642650,-3.991988,10.183133,-0.541405,-7.846944,-79.675693,43.194963,-52.300630,72.759198,14.335437,-10.935860,-1.804124,-89.537052,-43.010992,58.721984,73.100298,-5.962657,-6.235666,6.092672
285.000000,6.734113,106.895018,69.186896,7.787564,0.436614,-100.609328,-41.639046,14.123508,16.208613,41.055953,-42.810519,2.702682,-5.139079,-6.621300,-32.432119,39.862579,-45.754679,-3.202006,9.990202,-2.038679,-8.075518,-79.531023,43.364451,-51.986636,72.714037,14.319089,-10.894152,-1.923081,-90.033962,-43.249653,58.859715,73.462421,-6.166649,-6.323826,6.270398
286.000000,6.630252,105.547667,68.785936,7.815275,0.457133,-99.562382,-42.429036,14.840082,16.722091,43.177437,-43.310492,2.391195,-4.792342,-8.036069,-32.613494,43.120272,-45.808778,-2.173734,9.619963,-3.105478,-8.631074,-79.234805,43.227536,-51.784073,72.794141,14.398580,-10.806407,-1.850376,-90.149597,-43.523611,59.117070,73.403244,-6.092492,-6.438798,6.334444
287.000000,6.818157,103.883839,68.821287,8.205859,-0.446326,-98.721711,-39.331098,12.423060,18.667834,38.454091,-42.371669,3.210622,-4.621224,-9.659955,-31.954572,45.163762,-45.134897,-1.307310,9.043025,-5.044442,-8.903640,-79.699497,43.373737,-51.769077,72.848141,14.283818,-10.772130,-2.146369,-91.398368,-44.102648,59.357773,73.411140,-6.204225,-6.711770,6.782699
288.000000,6.916414,102.294695,68.405867,8.334005,-0.559965,-97.769171,-39.853000,12.269348,18.759862,40.949668,-42.635461,2.883772,-4.277070,-11.512533,-32.229907,48.717776,-44.499970,-0.304125,8.702165,-6.322869,-9.688018,-79.946415,43.004742,-51.699597,73.344832,15.179064,-10.892335,-2.127944,-91.544800,-44.184934,59.571571,73.361914,-6.279866,-6.820224,6.693870
289.000000,7.216424,100.425375,68.047929,8.579752,-0.693000,-97.538875,-39.756605,11.423899,18.081299,43.045351,-42.966606,2.615193,-4.253668,-13.118827,-31.334271,52.050816,-42.971678,0.499184,8.538345,-7.365966,-10.364700,-80.022517,43.259515,-52.124934,73.422976,15.182687,-11.066999,-1.802154,-92.090587,-44.009511,59.827505,73.240720,-6.255959,-6.822138,6.683440
290.000000,7.796939,98.254180,68.225533,8.545707,-2.988530,-97.439611,-34.887773,6.221137,18.404696,36.539374,-40.349206,5.301562,-4.748418,-17.491985,-28.919311,56.085098,-40.611895,1.508458,8.136481,-11.225147,-10.336498,-81.434952,43.740026,-53.495599,73.556506,14.849366,-10.959518,-1.997877,-92.959906,-44.048348,59.795151,72.933252,-4.760876,-6.376202,7.420886
291.000000,8.088367,96.183413,68.140912,8.321785,-3.833518,-96.883073,-34.310021,4.785140,17.689649,38.888662,-39.655450,5.792584,-4.919821,-20.070834,-27.192254,59.957252,-35.438269,3.645833,7.807219,-13.448415,-10.611414,-81.447451,43.713702,-53.217859,73.605923,14.951366,-10.694442,-1.867015,-92.618164,-43.663811,59.539094,73.009402,-3.952049,-6.030174,7.725389
292.000000,8.636633,94.098723,68.392026,6.820653,-6.166857,-96.131933,-29.616103,-0.281054,16.925902,35.241768,-36.375504,5.697072,-5.419449,-24.956164,-23.509023,65.590423,-29.921167,6.424472,7.095515,-17.285238,-9.790280,-81.282277,43.736211,-53.590747,73.682797,15.097254,-10.604954,-2.641460,-91.623873,-42.944507,58.584315,73.166182,-3.448521,-5.471840,8.437684
293.000000,8.961796,92.087758,68.722594,5.532617,-7.646749,-95.270542,-24.883286,-3.747320,16.391354,31.286095,-32.685949,5.092774,-6.126815,-27.809054,-19.855314,70.418998,-25.732386,7.399996,6.344736,-20.255075,-9.175897,-81.090711,43.400449,-53.879947,73.973148,15.688960,-10.607117,-2.889794,-90.532484,-42.863996,58.524039,72.656014,-3.255472,-5.347102,9.182882
294.000000,9.038572,90.338588,68.702334,4.794783,-8.161169,-94.169336,-24.260233,-4.718778,15.802729,34.065155,-32.767201,5.613167,-7.026455,-29.644534,-18.544635,74.471649,-25.677966,7.070703,5.142209,-21.476925,-9.095295,-80.439848,43.272513,-53.988216,73.911369,15.163626,-10.313674,-2.672664,-90.350815,-42.491293,58.427890,72.823607,-3.353789,-5.183620,9.183085
295.000000,9.348577,88.612169,68.782234,4.110286,-7.825561,-93.615715,-22.899299,-4.941869,15.518625,35.974886,-34.274320,6.199688,-8.476938,-31.909732,-18.299313,77.032301,-29.401318,6.071286,4.181537,-22.173700,-8.907686,-80.290868,43.298417,-54.121330,73.817536,15.126774,-10.043492,-2.633925,-89.897085,-42.433892,58.004596,73.015883,-3.271099,-5.028053,9.218242
296.000000,9.775675,86.508864,69.414788,2.245222,-5.943898,-94.601481,-15.436207,-4.630663,14.565802,30.346910,-34.490126,6.784893,-8.205589,-32.492030,-19.042521,76.543539,-32.679102,4.326249,4.627815,-21.475395,-6.911427,-81.185425,44.244634,-54.713090,73.408114,14.990973,-10.011186,-3.611045,-89.756841,-43.401542,58.258044,72.008000,-2.294622,-4.857088,9.696347
297.000000,9.886365,85.045898,69.427961,0.941906,-6.251204,-93.946718,-14.361663,-4.930937,14.550743,33.228935,-35.757058,6.657256,-10.049756,-35.521082,-19.535410,76.501971,-36.366338,3.154798,4.084341,-22.200027,-6.207961,-80.540826,43.918345,-54.516955,73.463145,15.035044,-9.970782,-3.651191,-89.201437,-43.442151,58.229521,72.139761,-2.530584,-4.800759,9.631654
298.000000,10.151728,83.330578,69.441974,0.106240,-5.597009,-93.047066,-11.954784,-5.048583,13.755841,33.874327,-37.492565,6.930992,-12.438154,-35.410450,-19.344897,74.860786,-38.820039,4.211504,3.213522,-21.988466,-5.455632,-80.705741,43.712220,-54.654743,73.354688,15.483347,-10.053192,-3.500210,-89.050360,-44.080798,57.907922,72.066883,-2.635365,-4.943299,9.659380
299.000000,10.392719,81.500602,69.847929,-1.394968,-3.538911,-92.578206,-6.240483,-3.979414,12.473212,29.946684,-37.962680,6.754423,-13.369924,-31.611871,-18.965668,70.322781,-40.718145,4.542188,2.989038,-19.587818,-3.544323,-81.092425,43.891612,-54.503537,73.254271,15.608316,-9.994624,-3.290288,-89.654470,-44.860703,58.165925,71.829739,-2.619389,-4.895701,9.204915
300.000000,10.525536,80.080545,69.779652,-2.970262,-3.739346,-91.119063,-4.383836,-4.311102,11.906007,32.052988,-39.375702,6.283336,-15.651517,-31.482586,-17.829623,67.822283,-42.543517,6.074327,2.136361,-19.640916,-2.259339,-80.688590,43.465606,-54.252100,73.286147,15.930279,-10.100238,-3.246428,-89.071486,-45.001839,57.960808,71.887884,-2.711891,-4.810860,9.090612
301.000000,10.707934,78.327763,70.123750,-4.334450,-1.766936,-91.069134,0.252667,-2.601517,11.317964,29.816829,-40.064589,5.712944,-16.101232,-28.213140,-18.820578,62.639112,-44.269403,5.590392,2.126513,-17.472686,-0.902606,-80.767492,43.680842,-54.066224,73.252809,16.357466,-10.164653,-3.066146,-88.776818,-45.199829,57.527384,71.642872,-2.827664,-4.692603,8.766074
302.000000,10.811438,76.990163,70.052665,-5.639839,-1.825820,-90.633245,2.001243,-2.448460,11.194315,31.641790,-41.213553,4.708091,-18.344066,-28.417910,-18.926458,60.229633,-45.621586,6.725258,1.908359,-17.327312,0.099063,-80.416264,43.457529,-54.019888,73.300975,16.638283,-10.218337,-2.917358,-88.182776,-44.976936,56.900732,71.794284,-2.951193,-4.567056,8.846478
303.000000,10.912670,75.417149,70.399839,-6.155422,0.097024,-90.541699,5.227817,-0.481481,10.897124,29.768758,-41.393450,3.979719,-19.451112,-24.022600,-18.735916,54.663268,-45.620821,6.412188,2.011646,-15.025503,0.679848,-80.787409,43.304298,-53.887730,73.527519,17.059746,-10.355718,-2.956501,-87.969660,-45.228492,56.739259,71.999565,-3.203758,-4.533558,8.783052
304.000000,11.043119,74.060577,70.508283,-6.712031,1.083495,-90.046487,7.150711,0.577307,10.571042,29.751105,-41.774219,3.216572,-21.353116,-20.681596,-16.538540,50.556456,-45.399748,6.090549,1.555158,-13.567638,1.163120,-80.719708,43.484437,-53.829612,73.381988,17.135973,-10.423062,-2.748217,-87.862713,-45.215815,56.789314,71.976615,-3.013967,-4.411927,8.624044
305.000000,11.118682,72.727925,70.570302,-6.836354,1.772494,-89.490483,8.277013,1.476637,10.375082,30.200026,-42.430501,2.943292,-23.438796,-17.981766,-14.609729,47.032812,-45.130704,6.109046,1.103968,-12.348380,1.181210,-80.636599,43.432507,-53.601064,73.428686,17.418231,-10.461928,-2.773858,-87.598815,-45.263466,56.504222,72.172888,-3.238754,-4.437774,8.519497
306.000000,11.133296,71.436530,70.563227,-6.760499,2.024127,-88.802913,8.950202,1.954106,10.044073,30.859372,-42.705587,2.839340,-25.281833,-16.401615,-13.650504,44.356474,-44.824513,6.463596,0.811114,-11.508982,1.121134,-80.560531,43.026575,-53.558491,73.429950,17.917476,-10.596183,-2.765059,-87.010524,-46.092989,56.492495,71.834684,-3.494625,-4.360213,8.594445
307.000000,11.032978,70.123643,70.474398,-6.649795,2.060589,-87.999758,9.473680,2.259127,9.417725,31.701008,-43.088740,2.581693,-26.600433,-15.206649,-13.282636,42.668100,-44.354456,6.436064,0.258963,-10.575579,1.102007,-80.364293,42.650601,-53.863446,73.327176,17.018036,-10.783466,-2.900761,-86.701889,-46.740439,56.755652,71.740400,-3.202932,-4.480195,8.401296
308.000000,10.876245,68.904537,70.033342,-7.624631,1.824602,-87.417854,10.031823,2.733008,9.022282,34.961358,-44.007985,1.865407,-27.995883,-15.112420,-12.997555,44.701710,-44.766293,6.947714,-0.020282,-10.037886,1.857546,-79.875442,42.394045,-53.692592,73.479558,17.383238,-10.801101,-2.864239,-86.009758,-46.724795,56.322925,72.034891,-3.375599,-4.472314,8.348511
309.000000,10.507837,67.355937,70.058870,-6.778145,1.802714,-86.657935,10.689290,2.906020,7.903622,34.418730,-43.550399,1.257053,-28.016804,-13.838391,-14.188020,42.014047,-44.294443,6.484851,-0.767422,-9.441201,1.759114,-80.566794,42.356418,-53.629686,73.706238,18.299233,-11.146858,-2.266753,-85.952555,-47.299241,55.028676,72.379836,-3.810390,-4.580965,8.287487
310.000000,10.162576,65.857404,69.798070,-6.600351,1.657567,-86.570123,11.192169,3.225076,7.469787,35.992092,-43.673917,0.936185,-28.293982,-12.966807,-14.938162,41.520577,-44.280851,6.160511,-0.659764,-8.672826,1.579082,-80.401968,42.146488,-53.594780,73.974767,17.989716,-11.065215,-2.862487,-85.411543,-47.597809,55.027918,72.652954,-3.744593,-4.381438,8.980130
311.000000,9.803946,64.276123,69.462335,-6.204045,1.514838,-86.627667,11.352108,3.601850,7.344998,38.070808,-43.646012,0.526264,-28.455002,-12.288712,-16.005240,41.353626,-44.625936,6.013968,-0.281282,-7.729111,1.384668,-80.290943,42.007497,-53.543011,73.892285,17.804695,-10.943789,-2.948174,-85.023650,-48.221395,54.711516,72.490191,-3.648634,-4.207576,9.370514
312.000000,9.305662,62.570167,69.099087,-5.667121,1.537537,-86.298480,11.011114,4.346978,6.558783,40.773234,-43.659867,-0.334546,-28.109802,-11.393947,-17.056365,41.298797,-44.698254,5.307501,-0.502412,-6.548921,0.832907,-79.944694,42.093585,-53.631233,73.640142,17.412901,-10.750173,-2.998867,-84.710895,-48.460274,54.521527,72.488757,-3.550846,-4.032655,9.124364
313.000000,8.768359,60.678679,68.676347,-5.247370,1.815731,-85.984160,10.913156,5.500746,5.863640,43.761719,-43.386243,-1.365760,-27.151918,-10.287822,-18.141995,41.442740,-45.047177,4.563016,-0.702569,-5.114755,0.273659,-79.668686,42.258500,-53.843635,73.385403,16.830421,-10.711179,-2.959371,-84.496543,-48.388318,54.291572,72.748898,-3.459872,-4.015864,9.024132
314.000000,8.197068,58.674341,68.268162,-4.923527,2.044248,-85.421327,10.866918,6.570792,4.913889,46.586569,-42.283198,-2.509548,-25.287360,-9.167218,-19.001760,41.131789,-45.316277,3.578305,-1.019283,-3.615327,-0.217827,-79.558296,42.506426,-54.201960,73.116021,16.630252,-10.597565,-3.501143,-84.373737,-48.483572,53.908569,72.788370,-3.447393,-3.814411,9.343722
315.000000,7.549135,56.568313,67.860860,-4.984233,2.264195,-84.601392,10.797101,7.851306,3.701344,50.207150,-40.556997,-3.919481,-23.361369,-8.749472,-20.088744,41.606541,-44.498344,1.967552,-1.330945,-1.890626,-0.575087,-79.469750,42.179174,-54.184953,73.321562,16.278144,-10.785626,-3.628874,-84.425168,-48.510927,53.665722,73.038922,-2.822065,-3.487443,9.575323
316.000000,6.950390,54.497445,67.526495,-5.291027,2.361963,-83.885590,10.166287,9.392563,3.174865,55.111953,-36.744697,-5.434246,-22.646672,-9.002194,-20.558069,45.300571,-42.195614,1.026211,-1.643067,-0.270527,-0.546393,-78.756111,41.938325,-54.012675,72.867579,15.081544,-10.512885,-4.316204,-84.060190,-48.367397,52.963155,73.588451,-2.578090,-3.098526,9.921339
317.000000,6.379269,52.677435,67.564994,-5.249363,2.876386,-83.190556,7.741143,11.359939,2.610702,61.208433,-31.364580,-6.912209,-22.274958,-7.711393,-19.821962,47.227999,-39.021933,0.688585,-2.173610,1.774804,-0.350196,-78.468574,41.513569,-54.121046,72.694243,14.859531,-10.087320,-4.905389,-83.866568,-48.317800,52.894781,73.647430,-2.503160,-3.015011,10.428400
318.000000,5.782950,50.978124,67.554563,-5.222485,3.166972,-82.846486,5.169620,13.656220,3.319647,67.663576,-27.516553,-7.171759,-22.304937,-6.854170,-19.209805,49.917058,-38.406249,-0.159517,-2.410695,3.370656,0.084101,-78.531753,41.071980,-54.546260,72.692604,14.242696,-9.873401,-4.518882,-83.537844,-48.442939,53.121226,73.611305,-2.539132,-3.102267,10.151524
319.000000,5.119488,49.249211,67.772037,-4.099175,3.543490,-82.716572,1.461180,16.516919,4.830391,73.048682,-26.120918,-5.747026,-22.120886,-5.181573,-18.812393,49.749025,-38.298698,-2.576256,-2.579597,4.857297,-0.536252,-79.109225,41.056540,-55.067499,72.404247,13.263064,-9.771193,-4.402133,-84.008513,-48.660808,53.575673,73.674259,-2.651936,-3.155032,9.453303
320.000000,4.599335,47.581959,67.663425,-4.000789,3.482669,-82.724797,-0.602423,19.307229,7.186658,76.835223,-29.283046,-4.378936,-21.778576,-5.023920,-19.097895,51.717007,-39.944698,-3.114728,-2.364817,5.784675,-0.930277,-78.848161,40.535803,-54.921688,72.235336,13.128088,-9.747717,-4.313738,-83.576380,-48.846709,53.500957,73.817461,-2.630310,-3.187633,9.170834
321.000000,4.104117,45.720589,68.072194,-2.627840,3.545530,-83.249559,-3.781779,19.832812,8.265545,77.368606,-33.494227,-3.893556,-20.070325,-3.584675,-19.074041,48.596919,-39.921633,-3.697979,-2.029439,6.655531,-1.914797,-79.292827,40.732475,-54.489053,72.055381,13.003312,-9.621889,-4.435669,-84.384289,-49.486889,53.399331,73.662340,-2.968485,-3.217722,9.330062
322.000000,3.756600,44.028857,68.259233,-2.399367,3.459107,-83.634295,-6.175091,19.898071,9.065789,76.600531,-38.534664,-3.269834,-18.601206,-3.099083,-19.085978,48.306609,-40.930165,-3.333995,-1.557715,7.467847,-2.375861,-78.960088,39.800967,-53.959997,72.525291,13.534492,-9.972973,-4.132576,-84.223978,-49.846700,52.915190,73.740109,-3.080214,-3.524044,9.055080
323.000000,3.334437,42.434108,68.441206,-2.403626,3.219500,-83.929575,-8.837024,20.080626,9.984216,75.167420,-41.775916,-3.098323,-16.841288,-2.544264,-18.952354,47.782842,-41.916868,-3.378571,-1.494853,7.877233,-2.159392,-78.905269,39.702254,-54.029201,72.695561,13.577755,-10.205071,-3.829755,-84.376749,-49.981227,53.016014,73.632363,-2.822564,-3.669537,8.688087
324.000000,2.984503,40.920901,68.637967,-2.126489,2.675518,-84.457703,-11.976986,19.716313,10.910481,73.363738,-43.914268,-2.655184,-15.340692,-2.227794,-18.565187,46.811630,-42.626896,-3.338123,-1.704922,8.010202,-1.763336,-78.836092,40.859694,-54.506648,72.010507,12.751435,-10.408150,-3.053036,-85.324499,-49.486384,53.344549,73.820794,-3.009812,-3.984656,7.999574
325.000000,2.675303,39.496952,68.659329,-1.988787,1.814869,-84.984699,-15.092191,19.655604,12.188950,71.887324,-45.967323,-1.603540,-14.324563,-2.375066,-17.462470,47.272337,-44.376559,-3.733431,-0.883860,7.413282,-1.988267,-79.352359,40.417542,-54.128406,72.440406,13.236041,-10.487312,-3.462031,-85.357400,-49.595332,53.330312,74.132647,-3.174442,-4.216021,7.656813
326.000000,2.450989,38.122100,68.828672,-1.793537,0.902208,-85.755019,-17.975811,19.092404,13.225936,69.223400,-47.200989,-1.064090,-13.217435,-2.910426,-16.859533,47.043423,-44.961684,-3.252769,0.073848,6.828503,-2.256415,-79.728826,39.874644,-54.188183,73.160035,13.424824,-10.766364,-3.367591,-85.422020,-49.577949,53.101582,74.289365,-3.705468,-4.491354,7.101189
327.000000,2.198458,36.765555,69.045413,-1.693005,-0.203799,-86.539355,-20.649503,17.884657,13.587260,65.619506,-47.378539,-0.970722,-12.104728,-3.473438,-15.662203,46.940366,-45.271064,-3.419189,0.652841,6.112282,-2.442771,-79.413080,40.134950,-54.261215,72.841891,13.458375,-10.541818,-3.124845,-85.481894,-49.309868,53.498307,73.863851,-3.612154,-4.309787,6.446518
328.000000,1.992504,35.419512,69.316518,-1.671936,-1.325872,-87.192521,-22.998224,16.300187,13.179765,61.267248,-47.164294,-0.871613,-10.792720,-4.520212,-15.290528,46.659392,-45.474477,-3.016244,0.859100,5.224415,-2.544419,-79.421870,40.209389,-54.167235,73.323249,13.725824,-11.001209,-2.689649,-85.532260,-48.689400,53.424001,73.861789,-3.744217,-4.595264,5.798109
329.000000,1.838958,34.142965,69.589555,-1.413353,-2.774306,-87.668423,-25.456508,13.470818,11.630488,56.499461,-46.690418,-0.394513,-10.002411,-5.893662,-14.311921,46.862546,-45.570783,-2.453354,0.866404,4.010234,-2.848167,-79.322361,40.572355,-54.262223,72.897339,13.474432,-10.736124,-2.448839,-85.697257,-48.206837,53.632349,73.704619,-4.061428,-4.677881,5.467199
330.000000,1.776838,32.883847,69.909573,-0.989182,-4.191247,-88.129462,-27.430241,10.868533,10.641464,51.120483,-45.952727,-0.555385,-9.313724,-7.652935,-13.925445,46.778685,-45.556074,-1.395593,0.824882,2.882048,-3.316167,-79.451650,40.439866,-54.045935,73.549506,14.392491,-10.949152,-1.818501,-85.957541,-47.767485,53.562600,73.775653,-4.157143,-5.020805,5.105016
331.000000,1.795558,31.609416,70.162964,-0.651178,-5.428337,-88.605139,-29.032617,8.486724,9.431223,46.651128,-45.025854,-0.170158,-8.772718,-9.144276,-13.031844,47.305590,-45.450251,-0.871301,0.843890,1.977125,-3.837439,-79.408865,40.364717,-53.887645,73.274829,14.205371,-10.735073,-2.014440,-86.071831,-47.575799,53.659725,73.543625,-4.267626,-5.146003,4.779787
332.000000,1.957075,30.361810,70.274818,-0.487008,-6.573426,-89.033054,-30.378970,7.066141,9.817459,43.796283,-44.497211,0.344700,-8.432010,-10.681173,-12.177427,48.485133,-45.320156,0.048908,0.667380,1.069456,-4.061808,-79.419862,40.366049,-53.818780,73.115194,13.900459,-10.570260,-1.790049,-86.302678,-47.430224,53.769688,73.366900,-4.281701,-5.216312,4.716720
333.000000,2.153748,29.083058,70.357734,-0.513930,-7.427149,-89.901049,-31.145106,5.819721,9.865415,41.487778,-43.917847,0.441297,-8.024009,-12.113270,-11.653798,49.673726,-45.214623,1.043957,0.789521,0.408718,-4.127943,-79.517192,40.315082,-53.879940,73.117674,14.058980,-10.419946,-1.973878,-86.552417,-47.344300,53.803627,73.297957,-4.557887,-5.207999,4.723025
334.000000,2.429968,27.793387,70.354068,-0.765729,-8.209326,-90.749303,-31.528327,4.719610,10.092492,39.820884,-43.427818,0.469723,-7.566893,-13.379477,-10.610827,51.377899,-45.137544,1.892745,0.428327,-0.343942,-4.009089,-79.357987,40.946093,-53.861803,72.694817,14.348199,-10.616359,-1.310424,-86.753641,-46.881749,54.028992,73.259345,-4.795977,-5.451269,4.510602
335.000000,2.708037,26.591805,69.983035,-1.414353,-8.812309,-91.568621,-33.119563,4.139962,9.772899,41.564174,-43.973229,0.249536,-7.331688,-14.792924,-9.755710,54.332574,-45.447457,2.683266,0.182103,-1.097959,-3.936614,-78.992292,40.741877,-53.783928,72.931121,13.971581,-10.630282,-1.282764,-86.369463,-46.664419,54.391645,73.195736,-5.106687,-5.497536,4.523606
336.000000,3.081936,25.011277,70.120627,-0.922402,-9.372820,-92.654135,-31.908632,2.801033,9.907673,37.401392,-42.847986,0.789670,-6.873759,-15.270341,-8.163796,54.392280,-44.910871,2.891964,0.141782,-1.951349,-4.466335,-79.719133,41.103494,-53.896220,73.567961,14.353928,-11.096572,-1.258618,-86.883039,-46.795340,54.969639,73.047883,-4.970452,-5.703592,4.642666
337.000000,3.424948,23.716497,69.630462,-1.481171,-9.758331,-93.389504,-33.072076,2.358417,9.716345,39.593886,-43.262705,0.435384,-6.500543,-16.445470,-7.261271,56.838136,-45.142281,3.749296,-0.240607,-2.802241,-4.530299,-79.437456,41.156736,-53.698326,73.416221,14.227384,-10.861104,-1.163879,-86.584034,-46.735242,55.213053,73.028820,-5.252554,-5.605932,4.564971
338.000000,3.906149,22.014050,69.581032,-1.099461,-9.703977,-94.330108,-31.689872,1.684571,9.744683,36.454021,-42.685629,0.961728,-5.486591,-16.384912,-5.880807,56.556104,-44.774267,4.265457,-0.103043,-3.331754,-4.753408,-80.214377,41.447842,-54.169254,73.331110,14.278035,-10.694540,-1.423640,-87.151595,-47.855847,56.165547,72.338315,-4.839338,-5.515466,4.598711
339.000000,4.397402,20.643181,69.005823,-1.495136,-9.879526,-94.830184,-32.643052,1.343601,9.762935,38.532799,-43.169907,0.539655,-5.050811,-17.331021,-4.907759,58.632366,-44.615530,5.057788,-0.683366,-4.089677,-4.853201,-79.736646,41.200073,-53.884455,73.464784,13.943682,-10.623920,-1.411922,-86.985184,-47.817198,56.235680,72.520005,-5.259320,-5.567580,4.798198
340.000000,5.015779,18.760680,68.934327,-1.130374,-9.235595,-96.113445,-30.410601,1.049794,9.312024,34.788944,-42.379804,0.665341,-3.690262,-16.866601,-3.721044,57.792751,-43.779156,5.692258,-0.403915,-4.064268,-4.950085,-80.129327,41.641713,-53.970994,73.452619,13.651850,-10.706355,-2.030465,-87.852871,-48.145464,56.385264,72.810766,-5.462380,-5.614638,5.127485
341.000000,5.640110,17.188619,68.231076,-1.410434,-9.348526,-96.860469,-31.354950,0.361754,8.535295,37.379925,-42.981339,0.291157,-3.324014,-17.826724,-2.348272,59.781845,-43.359847,6.440640,-0.533173,-5.243925,-4.892089,-80.032243,41.257894,-53.960796,73.571745,13.869091,-10.613683,-1.953963,-87.527344,-48.453109,56.558543,72.654334,-5.526903,-5.699258,5.503039
342.000000,6.426847,15.033643,68.023008,-1.312590,-8.359285,-98.378314,-28.732468,0.081584,7.333835,34.889914,-42.398532,0.403215,-1.580083,-17.229775,-0.852389,59.005471,-41.796748,7.116433,-0.326313,-4.854140,-4.808720,-79.664335,42.167682,-53.920498,72.999839,13.576420,-10.352507,-1.941498,-88.180877,-48.562956,57.039658,72.578239,-4.969676,-5.693036,6.421188
343.000000,7.184672,13.125218,67.192060,-1.545294,-8.314636,-99.362263,-29.155240,-0.627245,6.551396,38.629446,-42.285831,0.405567,-1.292106,-18.375745,0.352215,61.386714,-40.468888,8.601063,-0.549233,-5.879454,-5.108218,-79.244579,42.002754,-53.712174,73.257426,13.677794,-10.515215,-2.319379,-87.684507,-48.448799,57.150761,72.672106,-4.646027,-5.754860,6.981038
344.000000,8.135585,10.861223,67.090279,-1.182179,-7.988945,-100.450499,-26.967339,-1.179559,6.810628,37.387568,-39.630168,1.550638,-0.850915,-18.618677,2.156899,62.179221,-36.705877,8.554752,-0.674106,-6.884128,-5.533655,-79.672845,41.808763,-53.584060,73.801744,13.339183,-10.719765,-2.487252,-87.229760,-48.977258,56.845503,72.976241,-3.518928,-5.708780,7.848678
345.000000,8.896369,9.139007,67.045963,-1.622764,-8.413332,-100.823423,-27.211819,-2.096275,7.496308,41.337538,-38.783163,0.982395,-2.174296,-20.746650,2.205151,66.805459,-31.527183,10.398223,-1.434632,-8.846265,-4.898289,-78.690425,41.470883,-52.215628,73.835513,12.807949,-10.821577,-2.993389,-85.334341,-48.916783,55.385591,73.503723,-1.871344,-5.430610,8.312068
346.000000,9.566943,7.490656,67.803466,-1.545241,-9.062254,-101.976279,-23.641716,-3.701985,8.147733,36.908758,-35.310599,-0.100445,-5.585613,-23.016086,2.713042,71.732921,-27.723571,9.848268,-1.577799,-11.576185,-4.885224,-77.906804,41.954034,-52.861675,73.619740,14.119330,-10.838837,-3.726718,-81.676092,-49.530616,53.938089,73.061550,-1.425124,-5.380116,9.127219
347.000000,10.323063,6.003296,67.976743,-2.026871,-8.522569,-102.984387,-23.146722,-3.333060,9.327764,39.522582,-34.633352,-0.863334,-7.947880,-26.775667,-0.408580,76.107247,-28.494740,7.988487,-2.238479,-12.536036,-4.287604,-77.234618,42.195201,-52.960187,74.087984,14.051359,-10.835479,-3.375242,-80.179652,-49.973636,54.857747,73.459067,-2.722692,-5.533753,9.035749
348.000000,10.857289,4.269101,68.702978,-0.872120,-7.005406,-103.792523,-18.769969,-1.971246,10.412599,32.949840,-32.800539,-0.878512,-10.502569,-28.008188,-4.678833,76.607634,-32.360886,6.339014,-3.290533,-11.739022,-4.154348,-78.549033,43.088043,-53.382354,73.971188,13.971215,-11.117252,-3.357459,-80.493759,-51.682689,54.745288,73.663105,-2.852614,-6.065495,9.415236
349.000000,11.254147,2.949698,68.690318,-1.774857,-7.134668,-103.834242,-18.458147,-2.272799,11.503749,36.035344,-33.425286,-0.637097,-12.124590,-29.697509,-6.167497,76.625147,-37.229773,6.407632,-4.865486,-13.185300,-3.757404,-78.455029,43.158183,-53.291328,73.870005,14.296549,-10.962850,-3.071346,-79.675933,-52.422419,54.682542,73.761064,-2.620170,-6.000803,9.461627
350.000000,11.398475,1.246405,69.342470,-1.620999,-5.104304,-105.036490,-14.089138,-0.652506,11.853563,32.155284,-32.991801,-1.198755,-13.475049,-27.692952,-8.620061,73.421904,-41.347247,5.269228,-5.669118,-12.946352,-3.045615,-79.770148,43.972720,-53.302540,73.924128,15.031332,-10.501866,-3.082694,-78.746467,-53.527964,52.635210,73.610390,-3.248991,-5.502521,9.056933
351.000000,11.681806,0.144843,69.403291,-2.779797,-4.992037,-106.266935,-13.513836,-0.283767,13.528201,35.519719,-34.279859,-1.019363,-16.034429,-29.748305,-10.138355,71.888690,-44.289993,5.361958,-6.372963,-14.390893,-2.631965,-79.087307,43.835830,-52.805152,73.908104,15.143311,-10.521146,-2.935872,-77.838448,-53.878390,52.590776,73.689381,-3.272934,-5.627770,8.791132
352.000000,11.757662,-1.496014,70.010322,-2.454214,-2.248358,-108.964888,-8.932037,2.512434,15.134813,32.239534,-35.052073,-0.876177,-17.211298,-26.617433,-12.811890,67.160991,-45.850059,4.363725,-5.763875,-12.819897,-1.907810,-79.245439,44.140548,-52.643581,73.748858,15.504594,-10.580180,-3.335350,-77.683730,-54.881011,52.548709,73.425524,-3.589622,-5.524114,8.932633
353.000000,11.957085,-2.465189,70.058954,-3.409836,-1.602362,-110.085419,-7.790584,3.338320,16.564686,34.606219,-36.360075,-1.415705,-19.293643,-27.252214,-14.092293,64.972898,-47.503679,4.399225,-6.545614,-13.454921,-1.318262,-78.598416,43.937979,-52.792400,73.576854,15.764143,-10.739469,-3.176539,-77.386050,-55.569203,52.900276,73.070258,-3.204375,-6.001887,8.731569
354.000000,12.000793,-3.560794,70.466977,-2.136882,0.640312,-112.024053,-5.645086,5.825138,17.433394,32.505202,-37.157042,-1.089520,-21.708421,-22.894753,-15.084350,60.340043,-47.313301,3.914876,-6.723419,-11.577048,-1.172619,-79.214799,43.983051,-52.595189,73.843470,16.596970,-10.830469,-3.259013,-77.951897,-56.382512,52.323023,73.279488,-2.933500,-5.905868,8.587020
355.000000,12.065292,-4.288041,70.412475,-2.629547,1.146028,-112.906774,-5.067736,6.631770,18.307782,34.579428,-38.535620,-1.523980,-24.196737,-23.017492,-15.964729,58.739080,-48.087325,4.692050,-7.609339,-11.992889,-0.611123,-79.000659,43.662189,-52.375267,73.686813,16.692520,-10.791383,-3.069584,-77.705109,-57.144877,51.927555,73.267665,-2.272468,-5.750928,8.153761
356.000000,11.964422,-5.180480,70.811415,-0.325900,2.853717,-114.796801,-4.617417,9.416698,19.415912,33.303261,-38.905376,-2.099748,-26.341246,-19.575710,-18.908460,53.569058,-47.612351,3.266501,-7.696879,-9.812777,-1.360978,-79.428058,43.254342,-52.054770,73.578349,16.504802,-10.764736,-3.732384,-77.270237,-58.426265,51.327898,73.039878,-1.659298,-5.695155,8.096280
357.000000,11.813305,-5.873593,70.951253,0.959983,3.779381,-116.271933,-4.770962,11.434716,20.319179,34.213486,-39.936219,-2.541300,-28.042718,-18.067691,-21.923432,49.793886,-47.188589,2.468192,-7.834903,-8.586736,-1.610222,-79.684757,42.392378,-52.512735,73.616885,16.297207,-10.856654,-3.579539,-77.225295,-59.515728,52.119244,73.454013,-1.175188,-5.510076,7.924822
358.000000,11.695677,-6.435524,70.813859,1.001508,4.047355,-117.252918,-4.844453,12.555856,21.249499,36.466626,-41.341274,-3.016920,-29.774533,-18.260878,-23.600131,48.348747,-47.478557,2.755859,-8.381493,-8.311555,-1.662993,-79.117886,41.967223,-52.203996,73.411775,16.765295,-10.855912,-3.680283,-76.798326,-60.154350,51.265935,74.072008,-1.955405,-4.989699,7.398740
359.000000,11.335044,-7.153424,70.970690,3.275194,4.382828,-118.365523,-5.595815,14.073699,21.691284,35.974798,-42.061504,-2.975804,-31.516450,-15.439282,-25.294074,43.675129,-46.377907,1.878258,-8.962761,-6.809363,-2.892138,-79.600322,41.564454,-52.274552,73.507732,17.381105,-10.976921,-4.099501,-76.428266,-60.948988,49.977215,74.614899,-2.490380,-5.358669,7.413982
360.000000,10.852846,-7.806814,70.983535,4.190629,4.576414,-118.674241,-5.795920,15.082878,21.746433,36.274059,-42.492748,-3.184114,-32.356652,-14.503468,-26.663354,41.038905,-45.837591,1.762597,-9.970624,-5.925374,-3.301669,-79.677087,41.062653,-52.232745,73.524241,17.425921,-11.088267,-4.346580,-75.875117,-62.163853,49.874820,74.143903,-1.825296,-5.495831,7.061388
361.000000,10.390583,-8.551394,70.925403,4.602367,4.088614,-119.396698,-5.414484,14.857236,22.083345,36.238310,-42.747873,-2.519759,-33.216747,-14.492828,-27.336873,39.312984,-45.394872,1.491626,-10.353329,-5.466535,-3.892947,-79.462954,40.699243,-52.312743,73.227380,17.401295,-11.349789,-4.861828,-75.621375,-63.245489,49.974657,73.798029,-1.288915,-5.827313,7.136187
362.000000,9.833390,-9.320296,70.820177,4.619566,3.516502,-120.103656,-4.673525,14.581149,23.009692,36.467183,-43.092698,-2.050916,-33.426973,-15.048375,-28.305848,38.310026,-45.024860,1.425470,-10.863333,-5.004925,-4.246424,-79.017051,40.646579,-52.784911,72.820649,16.715309,-11.302670,-4.668412,-75.630446,-64.111120,49.757983,73.361771,-0.955760,-5.973545,6.720354
363.000000,9.182686,-10.103534,70.606399,4.157756,2.858914,-121.169422,-3.602497,14.101141,24.041407,37.276621,-43.493634,-1.220348,-33.378359,-16.052025,-29.071017,38.276735,-44.968350,1.553807,-10.725911,-5.092938,-4.322606,-79.170703,40.443893,-52.435892,73.074152,17.580975,-11.329421,-5.467063,-75.831192,-64.602668,49.531794,73.765408,-1.379531,-6.062359,7.145608
364.000000,8.415667,-10.860661,70.329118,3.526152,2.001036,-122.664438,-2.493627,13.750565,25.675996,38.636311,-43.938426,-0.772514,-33.134221,-17.391420,-30.423288,38.741885,-45.015144,1.676574,-10.400548,-5.236005,-4.637605,-79.021949,40.641944,-52.485154,73.133028,17.804319,-11.573128,-5.547707,-75.963895,-64.919459,49.262804,73.793357,-1.279844,-6.283331,7.064727
365.000000,7.488815,-11.603107,70.022100,2.788137,1.140297,-124.539952,-1.388439,13.368931,26.995510,40.478549,-44.272265,-0.192548,-32.387425,-18.537260,-32.304039,39.139877,-44.967110,1.532805,-10.135995,-5.322481,-4.757329,-78.880017,41.260469,-52.485725,73.054590,17.563874,-11.399514,-5.401853,-76.336510,-64.836541,49.178359,73.495622,-1.516678,-6.169165,7.147038
366.000000,6.427291,-12.353422,69.764841,2.111786,0.172742,-126.957014,0.100065,12.894398,28.783049,41.795027,-44.259073,0.584461,-31.213145,-19.380402,-34.755360,38.808206,-45.079433,1.002703,-9.321397,-5.507954,-5.194863,-78.848155,41.634306,-52.069541,73.101978,17.947519,-11.352437,-5.954096,-76.294217,-64.557828,48.810717,73.249059,-1.790262,-5.882314,7.810770
367.000000,5.166553,-13.078363,69.476998,1.802445,-0.524252,-129.077129,0.921234,13.175575,29.741116,44.042088,-44.264663,0.912005,-29.948481,-19.519065,-37.000972,38.668955,-45.141403,0.375605,-8.594385,-5.205740,-5.566372,-78.968400,41.835011,-52.775974,72.497479,17.272408,-11.272110,-6.405763,-76.266056,-64.808612,49.422767,72.949699,-1.158214,-5.815816,7.780147
368.000000,3.787138,-13.925248,69.022125,1.764186,-0.991760,-130.791129,1.231043,14.273289,30.222392,47.517684,-44.079524,0.528515,-29.286987,-20.154445,-38.486077,40.738827,-45.705287,0.052364,-8.491384,-4.578227,-6.192572,-78.949269,41.758875,-53.013019,72.276515,17.315457,-11.477626,-6.655782,-76.294996,-64.519866,49.171881,73.259523,-1.292127,-5.945003,8.057421
369.000000,2.125858,-14.515719,68.791693,2.123897,-1.116388,-132.344931,1.587170,16.063476,30.452463,50.362748,-43.182860,-0.110126,-26.921121,-18.356915,-40.998654,38.848750,-45.766751,-1.345741,-8.605411,-3.181389,-6.514768,-79.362208,41.724673,-53.293576,72.201677,17.238368,-11.364984,-7.154551,-76.655295,-64.580989,49.118609,72.964042,-1.819197,-5.721271,8.252001
370.000000,0.215958,-15.179218,68.465567,2.460966,-0.978784,-133.728966,1.848393,18.515584,30.230725,53.975908,-41.514327,-1.484475,-24.370737,-16.687829,-43.101540,37.888968,-45.622853,-1.784989,-8.778423,-1.800192,-6.760744,-79.597932,41.748114,-53.458156,71.707205,17.432145,-10.998833,-7.176890,-77.058597,-64.665472,49.351409,72.810056,-1.730085,-5.739355,8.091361
371.000000,-1.887427,-15.845104,68.143648,2.422927,-0.477437,-134.955244,2.483007,21.435632,29.591689,58.354568,-38.165547,-3.574035,-22.533469,-14.924450,-43.057075,38.007377,-44.688131,-2.127900,-9.051276,-0.478694,-6.937213,-79.206985,41.507917,-53.253800,71.822909,17.629476,-10.846312,-7.199610,-77.155682,-64.347089,49.101827,72.652073,-2.331350,-5.613040,8.059882
372.000000,-4.026904,-16.650027,67.770404,2.060188,0.243668,-136.231358,2.501157,24.014926,27.564345,64.090745,-32.665731,-5.928113,-22.278315,-13.881086,-40.011511,42.237296,-43.704775,-1.794009,-9.038231,0.705028,-6.214433,-78.925213,40.730245,-53.267115,72.232119,16.994781,-10.509561,-7.373997,-77.239905,-63.967659,48.979437,72.657401,-1.635633,-5.623959,8.143115
373.000000,-5.966699,-17.270273,67.589509,1.640149,1.212874,-138.669217,1.845852,26.283943,24.736713,70.339337,-27.194490,-7.398656,-21.521279,-13.002137,-38.043068,45.931055,-41.715756,-1.693376,-8.485071,2.086307,-5.229365,-78.297395,40.565262,-53.601433,72.189670,16.560945,-10.670757,-7.382187,-77.365225,-63.100928,49.327158,72.642197,-1.389349,-5.593683,8.027606
374.000000,-7.712930,-17.740352,67.568308,1.538734,2.151334,-141.491778,0.443693,27.834385,21.655183,75.814984,-22.917042,-7.728888,-20.698280,-10.987709,-36.008146,47.688135,-41.453005,-2.727272,-7.822132,3.702007,-4.447518,-77.579665,40.914773,-54.328038,72.069479,15.364403,-10.669372,-7.901186,-77.794140,-61.880141,49.980176,72.513250,-1.757267,-5.467610,8.192024
375.000000,-9.308082,-18.326059,67.597151,1.651402,2.230925,-144.067107,-0.843012,29.162439,20.635938,79.351512,-23.275511,-7.311911,-20.587437,-9.373037,-33.704402,49.046694,-41.929681,-3.862380,-7.482150,5.056544,-4.263715,-77.346654,41.552306,-54.826499,71.655760,15.118707,-10.344326,-8.307236,-78.172116,-60.545030,50.414275,72.291159,-0.974028,-5.242311,8.716122
376.000000,-10.976467,-18.822579,67.876250,1.579010,1.692865,-146.620020,-2.258594,29.853094,20.540421,80.978238,-26.353972,-6.433309,-19.779695,-7.021199,-30.940815,47.617173,-41.868240,-4.479545,-7.299093,6.018513,-4.365437,-77.534122,42.145064,-54.750342,71.756868,14.873116,-10.252275,-8.276751,-79.708410,-59.021693,51.020168,72.649027,-1.619120,-4.864624,8.641987
377.000000,-12.579080,-19.423197,68.115360,1.422717,1.747599,-148.425676,-3.134278,31.741262,21.306273,81.498917,-30.548462,-5.161467,-18.156408,-5.323868,-29.033034,46.541578,-41.962182,-4.582499,-7.538038,7.081278,-4.414102,-77.439742,42.295670,-54.674254,71.647892,14.910199,-10.495959,-8.566974,-79.877594,-57.992568,51.246052,72.357515,-1.661752,-4.795120,8.368523
378.000000,-14.078222,-20.054370,68.305677,1.248501,2.313108,-150.532054,-3.895452,32.620802,21.312752,80.788966,-34.985346,-4.042188,-16.071075,-3.382764,-26.845469,45.336125,-42.279865,-4.802797,-7.599261,8.241118,-3.840016,-77.502136,42.229622,-54.632323,71.728365,14.913457,-10.471779,-8.228728,-80.142714,-57.018511,51.707780,72.223684,-2.119053,-4.513369,8.466102
379.000000,-15.455946,-20.622817,68.407166,1.106509,2.705669,-153.013038,-5.553847,32.276233,20.339665,79.416064,-38.350341,-3.391919,-14.440739,-1.733374,-24.657557,44.597474,-42.900285,-5.113700,-7.374238,9.117900,-3.102233,-78.101355,41.936395,-54.289882,72.386686,14.688752,-10.388087,-7.922149,-80.955801,-55.708095,51.638368,72.976610,-2.931412,-4.931232,9.093853
380.000000,-16.644934,-21.182734,68.331468,0.886394,2.960904,-155.946533,-8.013525,31.106587,18.730641,78.408024,-40.637703,-3.239920,-14.030583,-0.659229,-21.737782,45.854885,-44.009778,-5.276409,-6.771057,9.747876,-2.412508,-78.281392,42.034938,-54.231408,72.414629,14.165980,-10.162675,-6.866084,-81.372203,-54.864796,52.455539,72.751275,-2.593703,-4.766839,8.133506
381.000000,-17.874311,-21.656220,68.432587,0.189581,2.293193,-158.849497,-10.818143,28.964315,17.831081,76.269205,-42.269083,-3.028655,-13.716080,-0.225659,-18.721272,45.888643,-44.778836,-5.397189,-6.022587,9.525046,-2.499376,-78.476292,42.060455,-53.738368,72.586517,14.306362,-10.172996,-6.310206,-81.954654,-54.020171,53.252960,72.400511,-2.737399,-4.520175,8.480261
382.000000,-18.983962,-22.093430,68.482536,-0.192913,1.862641,-161.633654,-13.901853,28.124706,17.384464,74.445326,-44.007476,-1.924907,-13.778010,0.279582,-15.889064,46.626717,-45.386993,-5.453467,-5.093145,9.468957,-2.556046,-78.505293,41.919156,-53.852685,72.582877,14.519398,-10.368540,-6.763384,-82.135730,-53.515994,53.731500,72.267739,-2.847963,-4.732112,8.456420
383.000000,-20.147809,-22.520237,68.607610,-0.592112,1.381983,-164.176731,-16.958011,27.032521,17.022928,71.909372,-45.582890,-1.328471,-13.378973,0.677840,-13.450655,46.542343,-45.804953,-5.255641,-4.316475,9.205905,-2.707157,-78.520900,41.884721,-54.034856,72.345972,14.555017,-10.380810,-6.013798,-82.308731,-53.074135,54.243672,72.260198,-2.549176,-4.576510,8.145377
384.000000,-21.335889,-22.920169,68.751335,-1.058612,1.079140,-166.684934,-19.858256,25.500585,16.175771,69.214098,-45.661874,-0.637211,-12.704358,0.999380,-11.053510,46.306674,-46.089823,-5.172962,-3.694031,8.697428,-2.822150,-78.446218,41.766842,-54.057918,72.541588,14.179255,-10.399147,-5.503682,-82.459057,-52.799620,55.344767,72.125309,-2.406914,-4.702351,8.199866
385.000000,-22.423489,-23.310205,68.831897,-1.394429,0.818460,-168.826681,-23.333895,22.601144,13.595655,66.076691,-46.151093,-1.463319,-12.188502,1.189669,-8.999722,46.285183,-46.544560,-4.740963,-3.480308,8.144709,-3.110362,-78.331130,41.684504,-54.146902,72.797795,14.284970,-10.555206,-5.223801,-82.714233,-52.362334,55.841048,72.194007,-2.293782,-4.749920,8.288068
386.000000,-23.556839,-23.641187,68.944317,-2.044784,0.667506,-170.751915,-25.973712,19.782943,11.706826,62.702325,-45.777550,-1.586802,-11.423240,0.877525,-7.217501,46.353263,-46.846126,-4.332849,-3.151730,7.219042,-3.143770,-78.374092,41.441148,-53.508556,73.125679,15.177949,-10.448173,-4.324989,-83.390900,-51.175011,52.937149,74.137230,-6.129429,-5.593442,6.804933
387.000000,-24.696550,-23.917390,69.055128,-2.510404,0.137429,-172.296854,-28.513111,18.016130,11.230822,59.323492,-45.307725,-1.481218,-11.028321,0.633662,-5.803330,46.253601,-47.087205,-4.359863,-2.832158,6.024722,-3.921941,-78.523297,41.236707,-54.248084,73.089854,14.436592,-10.211995,-4.781525,-83.107618,-52.307450,56.073234,72.436943,-3.741306,-5.081614,8.502798
388.000000,-25.806126,-24.245976,69.083071,-2.713930,-0.047749,-173.849502,-30.620708,16.654301,10.709540,56.604202,-44.812414,-1.216272,-10.381098,0.422636,-4.807461,46.372050,-47.253827,-4.072015,-2.637246,5.439051,-3.879622,-78.856870,41.174440,-54.042475,73.151852,14.448282,-9.119062,-5.144405,-83.906634,-52.562359,56.660831,72.076159,-3.713484,-4.667953,8.600381
389.000000,-26.988694,-24.584503,69.093060,-2.932125,-0.030383,-175.473595,-31.993419,14.985070,9.852749,53.671637,-44.285649,-1.292570,-9.486930,0.087460,-3.986079,46.534065,-47.443764,-3.443898,-2.469548,4.722420,-3.883472,-78.662169,41.611657,-54.433452,72.705069,13.838536,-9.407147,-4.703415,-84.520750,-52.439214,57.086117,71.720668,-3.910431,-4.947396,8.513844
390.000000,-28.217000,-24.894676,69.124895,-2.973753,0.216818,-177.203778,-32.523657,13.672680,9.199724,50.571161,-43.770666,-1.391795,-8.028028,-0.106444,-3.734718,46.243809,-47.503979,-3.374167,-1.865584,3.834998,-3.941441,-78.574667,41.549827,-54.325535,72.590513,13.831875,-10.021552,-4.786158,-84.696313,-52.288298,57.360216,71.544592,-4.300078,-5.287629,8.668817
391.000000,-29.505983,-25.236532,69.049376,-2.508014,0.017632,-178.957760,-33.820173,12.820729,7.866805,48.778769,-43.391160,-1.058969,-7.105519,-0.051512,-4.244419,45.914389,-47.853651,-3.942491,-1.740680,3.480457,-5.119493,-77.573033,41.776685,-53.648909,72.919434,14.612896,-11.298679,-4.855564,-84.513223,-50.145272,55.160440,73.328645,-6.700242,-6.359336,7.204694
392.000000,-30.698898,-25.583336,68.956137,-2.392937,0.395385,178.851359,-33.726064,11.669143,6.603928,46.977136,-42.856387,-1.291386,-6.136459,-0.186511,-3.821403,46.483733,-48.163803,-4.146268,-0.961398,2.343852,-4.256380,-78.333029,42.712868,-54.694587,72.907686,13.390098,-11.342627,-4.231209,-85.047678,-50.855198,58.138154,71.276139,-4.064608,-5.886152,7.701692
393.000000,-32.058090,-26.080838,68.814188,-2.717667,0.656386,177.369881,-33.122251,10.291037,7.222490,45.184307,-42.285110,-1.105741,-5.377726,-1.153167,-3.077948,47.857015,-48.389592,-3.579878,-0.970071,1.087323,-4.381849,-77.792631,43.550181,-54.544955,72.642518,13.135802,-11.375227,-4.372406,-85.340652,-50.131577,58.599697,71.080112,-3.750371,-5.602533,7.928431
394.000000,-33.538756,-26.645249,68.654567,-2.971171,1.310641,176.059632,-31.555464,9.123672,8.411987,43.717480,-41.937211,-1.197527,-4.217160,-2.205472,-2.188994,49.495420,-48.294604,-2.514506,-0.753164,-0.325696,-3.834545,-77.827984,44.007547,-54.244823,72.600225,13.193672,-11.083531,-4.453151,-85.739863,-49.963923,58.664201,71.109120,-4.420416,-5.830781,8.519510
395.000000,-35.285631,-27.301523,68.372434,-3.353536,1.060215,175.140502,-30.807370,7.743467,9.587731,42.994924,-42.311389,-0.666555,-3.889029,-3.735454,-1.688332,51.555388,-47.918493,-0.743626,-1.235009,-1.629322,-5.445299,-76.469487,44.185986,-53.403173,72.678588,13.525575,-11.370489,-4.057984,-84.930247,-49.389484,58.711138,71.158803,-3.602663,-5.515536,7.377181
396.000000,-37.019813,-27.866757,67.804158,-3.453131,1.444007,174.727211,-30.910007,7.053324,10.347444,45.863723,-43.199782,-0.803749,-3.225729,-4.954089,-1.517258,54.861135,-47.334809,0.696303,-1.639462,-3.130176,-5.596136,-76.266767,44.014367,-53.138899,72.876151,13.077166,-11.382082,-4.505667,-84.551431,-49.560655,58.872740,71.457610,-4.293966,-5.620301,8.658134
397.000000,-39.213040,-28.667381,67.845595,-4.401270,2.665159,174.305926,-25.086337,3.628830,11.504601,41.088547,-42.013125,0.397522,-0.073597,-7.554289,-0.963055,55.411713,-45.959844,3.154806,-1.704065,-5.637930,-5.073574,-76.836582,44.016748,-53.247530,73.222039,13.984712,-11.315127,-3.896694,-84.267131,-50.561052,58.131433,71.518282,-4.637023,-5.727118,8.990218
398.000000,-41.270646,-29.319802,67.691398,-5.176988,2.976955,173.775328,-22.944190,0.857833,9.821605,40.377964,-39.382615,2.667441,0.852666,-9.525956,0.131193,57.549501,-43.021272,5.276875,-2.083964,-7.855681,-5.697030,-76.989291,44.180259,-53.043912,73.300388,14.233391,-10.084797,-4.756655,-83.866513,-51.046180,57.917299,71.598366,-4.682619,-5.542429,9.966946
399.000000,-43.183041,-30.053425,67.601252,-5.869113,3.020149,173.160360,-21.658808,-0.896200,9.399695,40.937709,-36.877991,3.176499,0.216007,-10.853796,2.293545,61.141190,-37.584711,8.096890,-2.292570,-9.980339,-6.401090,-76.906742,44.357683,-53.061810,73.657627,14.631933,-9.857050,-3.721479,-83.319278,-51.382174,57.575476,71.664073,-4.087053,-5.665779,10.107661
400.000000,-44.856089,-30.753705,67.668581,-6.705935,3.627459,172.467830,-19.866123,-3.143902,8.839630,41.021833,-35.409678,3.252376,-1.397628,-12.220793,4.567400,66.361558,-30.464054,11.885810,-2.166304,-12.294387,-6.468301,-76.618842,44.487433,-52.150588,73.915508,14.836197,-10.759977,-5.349517,-82.383317,-51.350052,56.832857,72.026708,-3.913582,-5.551293,10.874253
401.000000,-46.220806,-31.445086,67.526960,-6.835419,4.508663,172.587331,-19.777965,-4.365246,8.413680,44.659916,-36.510370,4.470274,-3.071393,-12.899609,5.743184,72.518953,-25.129581,13.857600,-2.846863,-13.775139,-6.026691,-76.044191,44.566609,-52.114265,74.127299,14.753697,-10.880875,-5.335369,-81.754509,-51.148138,57.085297,72.285934,-3.995110,-5.634547,11.156230
402.000000,-47.767064,-32.317936,67.996639,-6.210612,4.260754,171.490183,-16.482032,-4.940431,8.960891,40.887111,-36.600825,6.189704,-7.246121,-15.570714,4.857471,77.420734,-23.764837,12.782480,-2.942645,-14.088369,-5.511828,-77.126674,45.656768,-52.457967,74.243945,14.615485,-10.983757,-5.291877,-82.899850,-51.292392,57.458673,72.262309,-3.878090,-5.901152,11.100402
403.000000,-49.158168,-33.117741,67.924625,-5.619346,5.387424,170.953482,-15.467465,-4.627064,9.951404,43.787322,-38.335881,6.468866,-9.778441,-20.147371,2.543699,80.565025,-28.711110,10.549395,-3.316084,-14.635125,-4.743329,-76.401383,45.799540,-52.856819,74.072507,14.360505,-10.754576,-5.208957,-82.606125,-51.070387,57.408922,72.002338,-3.840134,-5.826048,10.952017
404.000000,-50.802034,-33.711562,68.560135,-4.100608,5.602295,170.923731,-10.477339,-4.032999,9.928744,38.443716,-37.472907,4.829700,-11.841288,-21.848954,-0.727791,79.655353,-33.286278,9.140477,-4.152355,-13.864581,-3.563789,-77.046050,46.421685,-52.770701,73.345460,13.763993,-10.400317,-5.062588,-83.315242,-51.473088,56.829903,71.621111,-3.899362,-5.702669,10.620919
405.000000,-52.225471,-34.185678,68.915343,-2.951363,6.578484,171.891400,-7.154197,-3.602483,9.422260,36.917545,-37.581121,2.886608,-12.790526,-21.607283,-2.632809,76.744859,-37.046311,9.983761,-5.457314,-13.597711,-2.128297,-76.935988,46.147507,-52.431151,73.250248,14.068272,-10.422626,-5.044150,-83.224646,-51.547202,56.401766,71.621125,-3.942712,-5.764388,10.502358
406.000000,-53.597647,-34.590796,69.238281,-1.695180,7.073066,172.737444,-4.370268,-2.927038,8.577988,35.406454,-37.996356,1.351391,-14.599992,-20.256801,-3.610992,72.623209,-39.869317,11.230599,-6.428232,-13.202336,-1.175538,-76.823816,45.598452,-52.190032,73.072273,14.496808,-10.573725,-4.727807,-82.849498,-52.134964,56.523265,71.185126,-3.978680,-5.859157,10.356472
407.000000,-54.887950,-34.992754,69.515771,-0.356583,7.319222,172.762485,-1.849971,-2.182957,7.922010,33.825706,-38.458924,0.859413,-17.294003,-19.352077,-4.396624,68.664513,-41.312461,11.547651,-6.486432,-12.790536,-0.070215,-77.283133,44.970464,-51.983159,73.384905,14.784399,-10.780851,-4.214040,-82.937013,-52.933963,56.543461,70.973254,-4.372727,-6.045598,10.427050
408.000000,-55.885351,-35.350201,69.444215,0.137130,7.969363,173.115829,-1.061181,-2.019821,7.709374,35.511499,-40.242641,0.655679,-20.560266,-19.625835,-4.413980,66.154753,-42.844998,11.713422,-6.886775,-13.367074,0.963716,-77.165708,44.776702,-51.841529,73.342230,15.152402,-10.749873,-3.907278,-82.824069,-53.113419,56.430039,71.181991,-4.334897,-5.930391,10.207529
409.000000,-57.184613,-35.673589,69.868696,2.119438,6.999966,172.898818,1.151351,-0.340577,7.308769,32.242202,-40.334705,0.170137,-23.383296,-17.528624,-5.891551,61.113008,-43.549505,10.656027,-7.041002,-11.851546,1.430481,-77.961214,44.914358,-51.751005,73.544963,15.488019,-11.203432,-3.874923,-83.701803,-53.611794,56.369049,71.230165,-4.532703,-5.971100,10.301429
410.000000,-58.048427,-35.962623,69.763654,2.533832,7.728124,173.186442,1.667687,-0.094856,7.272405,34.351402,-42.023856,0.127345,-25.953430,-17.735505,-6.710858,58.705421,-44.334099,10.187176,-7.153528,-12.218766,2.420959,-77.568997,44.810231,-51.598237,73.416631,15.729750,-11.334596,-3.915855,-83.573355,-53.571841,56.188507,71.237644,-4.590728,-5.937808,10.426101
411.000000,-59.223384,-36.188176,70.073688,4.164005,6.409161,172.980109,2.326292,1.401624,6.963099,32.940005,-42.405469,0.363838,-28.192985,-15.054905,-8.644366,53.412356,-44.084421,9.152489,-7.098653,-10.594232,2.320515,-78.080612,44.852879,-51.850978,73.522492,15.830565,-11.510986,-3.823481,-84.393783,-53.768448,56.401223,71.201355,-4.632555,-6.048518,10.286969
412.000000,-60.226470,-36.365977,70.150119,4.661872,5.960126,173.322005,2.749847,1.812679,6.769693,32.766542,-42.751011,0.350239,-30.314651,-13.436794,-9.241874,50.014074,-44.393378,8.640120,-7.082490,-10.048969,2.297630,-78.009865,44.462134,-51.422131,73.688944,16.186870,-11.473406,-4.291655,-84.584018,-53.835985,56.019917,71.161446,-4.868084,-6.121679,10.344719
413.000000,-61.385101,-36.475852,70.216709,4.963706,5.790910,173.713020,4.121674,1.906313,6.478715,31.744342,-42.810205,-0.000671,-31.635046,-11.865965,-9.507500,47.312348,-44.485268,7.755451,-7.117126,-9.706446,2.499478,-78.098569,44.329048,-51.825017,73.534295,16.201622,-11.566886,-4.278899,-84.701797,-53.812721,56.244538,71.180448,-4.117075,-6.044168,10.161392
414.000000,-62.597930,-36.508512,70.180959,4.995558,5.692881,174.044822,5.366328,1.891743,6.521030,31.244212,-42.964847,-0.446077,-32.562473,-11.147626,-10.869973,45.224069,-44.334522,7.372232,-6.974389,-9.502523,2.329291,-77.965776,43.999986,-51.466186,73.708909,16.630187,-11.636962,-4.277288,-84.346928,-53.799986,55.803615,70.983342,-4.017291,-6.543838,10.214274
415.000000,-63.775247,-36.516979,70.134854,5.190005,5.359216,174.619761,5.724154,2.178980,6.366502,31.838333,-43.181115,-0.715039,-33.003853,-10.524299,-12.959900,43.064838,-44.158484,6.832808,-7.013006,-8.896517,2.170345,-77.905800,43.915623,-51.586879,73.537915,16.571948,-11.609728,-4.438709,-84.278012,-53.790253,55.721192,71.000779,-3.954715,-5.827592,10.213272
416.000000,-65.016496,-36.462572,70.018780,5.104464,5.175469,175.265669,6.224158,2.207300,6.346687,32.481289,-43.439224,-0.946563,-33.164168,-9.922784,-14.754465,41.668508,-44.178927,5.943564,-6.861731,-8.277260,1.789711,-77.600074,43.574141,-51.703917,73.554601,16.428302,-11.653954,-4.586686,-84.016668,-53.946033,56.270998,70.877788,-3.922193,-5.768189,10.040383
417.000000,-66.266549,-36.359459,69.797337,4.809009,5.117711,175.772206,6.588444,1.957050,6.205952,33.781019,-43.850347,-1.062025,-33.393410,-9.362864,-15.894152,40.941096,-44.151139,5.684281,-6.609658,-8.029265,1.709072,-77.617225,43.514719,-51.650369,73.551363,16.429540,-11.609434,-4.682134,-83.874402,-54.117389,56.207925,70.837429,-3.762182,-5.610317,9.984736
418.000000,-67.637992,-36.248019,69.533122,4.357462,5.015059,176.168082,7.123041,1.356418,5.727692,34.829460,-44.279973,-0.886973,-33.740609,-8.645605,-16.269912,40.551106,-44.156521,5.228572,-5.764396,-7.526023,1.278646,-77.375757,42.771556,-51.485198,73.844850,16.242808,-11.426805,-4.813522,-83.706215,-54.468833,56.695723,70.984483,-3.633577,-5.645757,9.736541
419.000000,-69.098556,-36.026338,69.240189,4.073131,4.797074,176.300616,7.553399,1.100919,5.460128,36.317765,-44.513610,-0.781171,-33.778987,-7.494857,-17.028123,39.849318,-44.274574,4.647852,-5.407720,-7.175010,0.879239,-77.222085,43.006617,-51.416233,73.750484,16.369725,-11.497620,-4.914663,-83.510660,-54.445367,56.563272,70.804439,-3.429918,-5.364752,9.716339
420.000000,-70.645815,-35.776874,68.927872,3.900153,4.597195,176.384640,8.179451,1.093303,5.391524,37.614552,-44.735277,-1.094668,-33.484678,-6.111417,-17.462584,38.985299,-44.380616,3.698542,-4.876325,-6.651912,0.716812,-77.145436,43.212930,-51.818128,73.577783,16.053904,-11.375748,-4.910952,-83.502245,-54.507560,56.619857,70.760391,-3.189478,-5.261055,9.386647
421.000000,-72.287977,-35.466191,68.547744,3.872667,4.201133,176.725158,8.381042,1.240571,4.682195,39.565309,-44.989131,-1.538058,-32.963801,-4.867649,-18.575003,38.019545,-44.346564,3.515359,-4.747645,-5.863074,0.126642,-76.954382,43.212390,-51.854120,73.539438,16.201598,-11.626281,-5.424057,-83.389363,-54.392331,56.574074,70.859251,-3.000911,-5.495161,9.824713
422.000000,-74.126297,-35.143802,68.138444,3.713347,3.881416,177.332275,8.891249,1.285931,3.773441,41.392022,-45.011012,-2.011970,-32.357133,-3.913989,-19.001175,37.825181,-44.350061,3.301997,-4.708020,-5.085664,-0.146528,-76.983622,43.096957,-52.051547,73.324376,16.039596,-11.496498,-5.278342,-83.330377,-54.576227,56.166114,70.911482,-3.127456,-5.439876,9.636364
423.000000,-76.168901,-34.821317,67.775398,4.038209,3.708319,178.192379,9.592420,1.774397,2.218668,43.464271,-44.930193,-2.600059,-30.727658,-2.833304,-19.953622,37.048001,-44.574450,2.773353,-4.797965,-3.675686,-0.414028,-76.904856,42.683150,-52.445993,73.172991,15.607850,-11.549578,-5.346792,-82.791837,-54.984184,55.760616,70.888423,-2.923438,-5.389693,9.592088
424.000000,-78.453678,-34.467897,67.312837,5.102606,3.714897,179.053941,10.718693,3.369407,0.922294,45.938818,-44.245518,-5.444646,-28.191751,-1.385047,-21.669361,36.471885,-44.848545,1.795001,-4.825487,-1.272294,-0.488666,-76.759954,42.455472,-52.957814,72.741863,15.125360,-11.785632,-5.310903,-82.123182,-55.481579,55.142733,71.048345,-2.836195,-5.469247,9.668955
425.000000,-80.860966,-34.120709,66.899645,5.397521,4.024934,-179.717549,11.987227,4.122051,-0.688274,48.328732,-42.537264,-7.320700,-25.598328,-1.116361,-22.606482,37.209969,-44.549895,1.183234,-5.222113,0.443976,-0.842979,-76.562213,42.295417,-53.188794,72.864253,14.973375,-11.737579,-5.983261,-81.570477,-55.571683,54.946406,71.701495,-2.653691,-4.926796,10.582659
426.000000,-83.136630,-33.889687,66.551584,5.682010,4.351398,-178.666284,11.947659,4.772368,-2.197998,52.638441,-39.096126,-9.873626,-24.873064,-1.002603,-21.935373,40.106666,-43.286081,0.171798,-5.222685,2.334548,-0.739466,-76.561298,42.293593,-53.210732,72.842192,14.383296,-11.751107,-5.845982,-81.131603,-56.053214,54.156358,72.050798,-2.433243,-5.016613,9.735920
427.000000,-85.223782,-33.701217,66.570956,6.082118,4.914798,-178.011058,10.781191,4.945019,-4.296443,58.314557,-32.459631,-13.378476,-24.375649,-0.311394,-20.542839,43.604259,-41.070942,-0.326012,-5.188493,4.415635,-0.165774,-76.172954,42.323759,-52.870732,72.761466,13.635218,-11.517999,-6.447092,-80.199145,-56.124204,52.824096,72.286194,-1.967202,-4.696830,9.284538
428.000000,-87.142557,-33.813122,66.811424,6.049602,5.656011,-177.485028,8.789427,3.514380,-6.212078,64.862516,-25.258253,-15.000035,-23.007110,0.165488,-18.481959,45.755909,-38.565379,0.435817,-5.635768,5.961379,0.963033,-76.159171,43.007024,-53.915659,72.339852,13.387339,-11.429844,-6.486736,-79.519685,-55.561038,52.345733,72.254461,-2.321948,-4.784407,8.944845
429.000000,-88.982570,-34.021458,67.094266,5.687231,5.838183,-177.223623,6.033571,1.712431,-6.882363,70.771511,-19.381995,-15.000035,-21.986852,0.527747,-16.353951,47.210216,-36.791634,-0.987680,-5.754610,6.874169,1.413949,-76.785902,43.499299,-54.685688,72.163763,12.973348,-10.911531,-6.725977,-79.403681,-54.928822,52.367159,72.540174,-3.065164,-5.420692,8.366024
430.000000,-90.745592,-33.745906,67.157990,4.973993,5.681464,-177.308759,2.717225,2.192140,-6.136655,75.637843,-19.198455,-15.000035,-22.001206,0.996205,-14.210984,49.564709,-37.565009,-3.413879,-5.176977,7.216114,0.750283,-77.101334,43.315779,-54.886984,72.397505,13.148984,-10.328633,-8.144482,-78.885475,-54.647305,53.613939,72.229660,-1.479371,-5.826975,7.145813
431.000000,-92.543387,-32.808769,67.228425,4.043421,5.092366,-177.606567,-1.212095,6.550163,-4.058810,78.675849,-23.880032,-14.941484,-21.801745,1.192530,-13.401279,50.946719,-39.072128,-4.469951,-4.078066,7.303147,-0.287125,-77.300188,43.220358,-54.577808,72.253573,13.020390,-9.935343,-8.735219,-78.723060,-54.588091,54.039518,71.904960,-0.703261,-5.615393,7.087076
432.000000,-94.285291,-32.334167,67.353123,3.639587,4.547835,-177.234722,-5.760691,13.162174,-0.169692,80.356861,-30.112620,-11.496651,-21.077904,0.886171,-13.804648,51.660525,-40.015613,-4.677376,-3.798888,7.951695,-1.176087,-77.166268,42.978545,-53.668553,71.959909,13.047933,-9.862286,-9.310444,-78.696422,-54.335398,53.347261,71.942219,-0.592147,-5.578919,6.895987
433.000000,-96.057546,-31.970623,67.689037,3.652274,3.509026,-176.900882,-10.572013,20.576416,4.655389,79.477597,-35.808773,-7.584039,-19.543984,1.388680,-14.268367,49.675044,-40.356924,-4.261119,-3.538315,8.843054,-2.221206,-77.295147,42.957426,-53.377628,71.846152,13.187189,-9.931811,-9.295778,-78.912242,-54.243050,52.806037,72.240698,-0.799590,-5.350578,7.274184
434.000000,-97.776580,-31.706205,68.009907,2.665605,3.731634,-176.365715,-13.275441,24.186210,9.057095,75.951601,-40.474550,-4.280580,-16.906257,0.642587,-14.328810,48.640939,-41.718403,-4.149518,-3.633336,8.462839,-1.670291,-77.904755,43.018396,-54.230254,71.884264,12.666850,-10.431291,-7.610859,-79.055253,-54.232798,52.354384,72.188433,-1.698213,-4.445061,9.511175
435.000000,-99.334854,-31.482041,68.223411,1.631403,3.636625,-176.190015,-16.699659,24.605314,11.210810,71.845462,-42.233430,-3.285338,-15.230135,-0.070825,-14.000824,48.335282,-43.288089,-4.504048,-3.704445,7.867346,-1.774615,-78.169452,43.046629,-54.374351,71.918607,12.631392,-10.597076,-7.500999,-78.919475,-53.954775,52.173851,72.166474,-2.009252,-4.647950,9.469496
436.000000,-100.825584,-31.336614,68.377113,0.472981,3.732636,-176.675503,-19.998135,22.321048,10.781354,68.024074,-43.225320,-2.927691,-13.671577,-0.887579,-13.128343,48.468744,-44.822512,-4.513327,-3.186647,7.163935,-1.840049,-78.255588,42.815003,-54.238997,71.952867,12.601326,-10.512522,-7.105947,-78.661745,-54.063570,52.360558,71.884900,-1.891025,-4.693190,9.120952
437.000000,-102.286565,-31.253323,68.630201,-0.247877,4.180834,-177.446197,-22.360494,20.111123,9.839868,63.848376,-43.476849,-3.501664,-11.598664,-1.232319,-12.151380,47.811474,-45.504079,-4.453396,-2.590351,6.901828,-1.624970,-78.118014,42.504404,-54.018177,72.005104,12.669971,-10.571387,-7.037352,-78.670078,-53.845943,52.041503,72.290907,-2.490233,-5.103937,8.928354
438.000000,-103.710794,-31.149450,68.876004,-1.211321,5.089344,-178.465772,-23.478645,17.864479,8.934384,59.686708,-43.682977,-3.624270,-9.210445,-1.924717,-11.068217,47.598325,-45.764118,-3.883187,-1.950349,6.476163,-0.429587,-78.255895,42.512996,-53.979306,71.693757,12.375942,-10.141097,-6.924421,-79.245412,-53.841958,52.125463,72.343957,-2.733678,-5.000177,9.014987
439.000000,-105.093849,-31.025240,69.143057,-2.317020,5.437558,-179.299852,-24.723994,15.805471,8.274878,55.418813,-43.048469,-3.254083,-7.569010,-2.831333,-9.870598,47.395304,-46.093798,-3.409537,-1.706072,5.469939,-0.568467,-78.097763,42.483165,-54.027052,72.024229,12.642491,-10.421276,-6.883958,-78.817651,-53.441716,52.240818,72.168523,-2.470797,-5.232076,9.026460
440.000000,-106.423807,-30.926582,69.329804,-3.258805,5.148078,179.931700,-26.483280,14.065348,7.672301,51.496167,-42.124826,-3.131824,-6.932354,-3.616867,-8.780358,47.596382,-46.461327,-3.357271,-1.643769,4.442195,-1.480725,-77.909775,42.735145,-53.979931,72.191527,12.860282,-10.446819,-7.003968,-78.480048,-52.877907,52.086343,72.467433,-2.929269,-5.266020,9.037338
441.000000,-107.651591,-30.851293,69.386315,-3.970596,4.559452,178.968478,-28.758754,12.211756,6.128438,48.416639,-41.401028,-2.974167,-7.024138,-4.147550,-7.800735,48.171125,-46.930103,-3.434595,-1.642314,3.471901,-2.691557,-77.806537,43.109156,-54.057887,72.165258,12.937551,-10.534343,-6.475835,-77.967668,-52.718740,52.307242,71.844438,-3.187649,-5.439591,8.020372
442.000000,-108.797932,-30.908918,69.242275,-4.427828,4.367921,177.942751,-30.728328,10.450554,4.345196,46.508957,-40.977283,-2.910795,-7.091618,-4.487730,-6.738200,49.534567,-47.582841,-3.595506,-1.563255,2.882363,-2.584354,-78.595301,43.324354,-54.328240,72.450774,12.555316,-10.556731,-6.266746,-79.336329,-52.336191,52.695138,73.249940,-3.927386,-5.886146,7.872068
443.000000,-110.042834,-30.933404,69.126254,-4.981321,4.303957,177.208896,-31.963684,8.415277,2.651252,44.473373,-39.730070,-2.672671,-6.721839,-4.843875,-5.670584,50.670206,-48.145208,-4.057870,-1.565432,2.005747,-2.665793,-79.049980,43.325345,-54.685974,72.470035,12.585655,-10.395626,-5.750326,-79.741858,-52.865985,53.335346,72.989198,-3.572979,-6.080231,7.572188
444.000000,-111.266398,-31.021124,68.915015,-5.126778,4.588981,176.445692,-32.796308,6.820120,0.765186,43.447906,-39.604183,-2.454200,-5.893282,-5.055541,-4.917184,51.885003,-48.686528,-4.448107,-1.678189,1.268591,-2.724347,-78.854220,43.264614,-54.721314,72.488306,12.029895,-10.649727,-5.775187,-79.662047,-52.956871,53.665753,73.096241,-3.431244,-5.942994,7.958927
445.000000,-112.567127,-31.163377,68.757856,-5.181731,4.714623,175.927643,-33.173723,5.574405,0.025565,41.864617,-39.009796,-2.170660,-4.950878,-5.187878,-4.187919,52.624381,-48.923607,-4.262543,-1.933326,0.642509,-2.750699,-78.712678,43.101069,-54.303651,72.559026,11.848485,-10.430565,-6.273889,-79.809538,-53.288200,53.766412,72.888364,-3.827653,-5.845616,8.529708
446.000000,-113.922644,-31.373623,68.567157,-5.138987,4.733146,175.404434,-33.308128,4.470930,-0.088585,40.473881,-38.412369,-1.961952,-4.129554,-5.377464,-3.635125,53.510055,-49.114879,-4.015209,-2.168131,0.002639,-3.216347,-78.243089,42.776426,-54.086636,72.655161,11.805850,-10.277299,-6.049532,-79.507541,-53.391975,53.971608,72.770666,-3.730693,-5.954576,8.290019
447.000000,-115.244925,-31.656313,67.940915,-5.179726,5.023474,174.991847,-35.173630,3.457097,0.407796,43.197562,-39.078675,-2.608991,-3.704064,-6.156601,-3.491325,56.077083,-49.893391,-3.253790,-2.503069,-0.919957,-3.328904,-77.738891,42.614766,-53.819790,72.655222,11.807149,-10.265775,-5.914229,-79.164720,-53.364890,53.951213,72.725826,-3.854831,-5.898999,8.424799
448.000000,-116.877770,-31.920299,68.038911,-5.082205,4.634999,173.684930,-32.606688,2.544353,1.160061,38.439717,-37.661345,-2.563510,-2.710879,-6.239660,-2.429709,55.689128,-49.097688,-2.609950,-2.124645,-1.706624,-3.631557,-78.328268,43.178533,-53.514525,72.731590,11.720707,-10.227242,-6.097527,-79.570167,-53.595415,53.661979,72.457188,-3.668926,-5.890467,8.486143
449.000000,-118.402934,-32.209542,67.353684,-5.386674,4.855366,172.688137,-33.925164,0.368558,-0.379433,41.980696,-39.102717,-1.897298,-2.359289,-7.223300,-1.484221,58.328880,-49.346518,-1.601169,-2.069407,-2.931098,-4.027419,-78.017248,43.451990,-53.271251,72.868174,11.704023,-10.113271,-6.026157,-79.353309,-53.279608,53.703428,72.478252,-3.738922,-5.862004,8.675559
450.000000,-120.307112,-32.562461,67.303246,-5.096923,4.954489,170.671440,-30.822752,-1.012552,-1.161182,39.534962,-38.301611,-1.474794,-0.898768,-7.457354,-0.015651,58.163234,-48.420823,-0.638480,-1.254711,-3.829287,-3.981628,-79.031429,44.575297,-53.171725,72.750162,11.792272,-9.885565,-6.148608,-79.955233,-53.291796,53.674987,72.240595,-3.629358,-5.555310,9.319404
451.000000,-122.188723,-32.957259,66.556633,-5.370124,5.060412,169.255573,-31.106427,-2.919077,-1.713021,43.139509,-40.173171,-0.563656,-0.457735,-8.945914,0.836059,60.721065,-48.335548,0.556234,-1.040918,-5.183512,-4.899490,-79.036258,45.006787,-53.156436,72.910275,11.872787,-9.861265,-6.021190,-79.682838,-52.983765,53.797691,72.272048,-3.331162,-5.522037,9.385435
452.000000,-124.580765,-33.347046,66.427541,-5.893662,5.205003,167.206091,-26.884632,-4.795833,-1.977540,40.715277,-39.378848,2.114261,1.098577,-10.629917,2.325178,61.229231,-46.818836,2.212544,-0.604900,-6.950415,-6.229092,-79.662873,45.966504,-53.600637,72.882900,12.247037,-9.828026,-6.899303,-79.502808,-52.571430,53.468968,72.458041,-3.464244,-5.744965,9.844212
453.000000,-126.670206,-33.749905,66.298872,-7.729058,4.990073,166.505481,-24.833589,-6.586404,-0.125202,37.914226,-35.792418,3.126259,0.784682,-13.665716,3.597495,63.721171,-44.162763,3.706569,-1.196956,-10.267976,-7.336699,-81.115169,46.106642,-54.197934,72.926913,11.866188,-9.455586,-6.155195,-79.438358,-52.803182,53.528722,72.587856,-2.564658,-5.195867,10.297845
454.000000,-128.537238,-34.212783,66.419113,-8.734986,5.194913,166.002827,-23.460708,-7.139274,2.422310,38.128028,-33.546911,2.023352,-0.238001,-15.982462,4.311541,67.302977,-38.304770,5.773406,-2.117413,-13.183809,-7.758776,-81.904371,45.947820,-54.133238,73.161243,11.933947,-9.461000,-6.943861,-77.881847,-52.685200,51.457587,72.646452,-1.073273,-4.930871,10.900755
455.000000,-130.089748,-34.626639,66.737479,-9.021949,5.590968,164.980427,-21.973287,-8.159014,2.430741,38.248936,-31.487193,0.672179,-2.513626,-17.861025,4.539818,72.126750,-31.922921,7.119564,-2.807265,-15.303278,-7.439457,-81.965091,45.804287,-54.581124,73.113091,11.126423,-9.104909,-7.132605,-76.637919,-52.536787,50.851305,72.446949,-1.145128,-4.621118,11.637793
456.000000,-131.465113,-35.148272,66.757327,-8.360283,6.296409,163.830353,-21.940291,-7.482915,4.185133,41.998891,-32.696751,0.895667,-4.611784,-21.411851,1.936553,77.078678,-30.690540,6.600090,-3.717243,-16.296997,-6.846239,-81.534789,45.701574,-55.058172,73.436261,11.854576,-9.141168,-7.146634,-76.128571,-52.405876,51.317202,72.482876,-1.476313,-4.770560,11.568419
457.000000,-133.153617,-35.542774,67.550421,-5.628801,5.981313,160.114552,-16.350301,-3.780870,6.588102,36.865605,-33.683518,0.752947,-7.375004,-27.090431,-5.009922,78.698826,-34.852420,2.064149,-3.642597,-14.921245,-5.707634,-82.643752,46.463844,-55.600322,73.802926,12.462916,-9.865189,-7.534926,-77.524334,-52.383333,51.257674,72.769655,-0.964305,-5.247119,11.702514
458.000000,-134.407330,-35.836557,67.722785,-4.730769,6.974660,158.094835,-14.881712,-2.736918,8.601085,39.026407,-34.965685,0.474319,-9.451086,-31.722178,-9.397178,79.006731,-40.590499,0.263916,-4.292134,-15.707357,-5.062657,-81.898066,45.784872,-54.409372,73.642703,13.047815,-10.021207,-7.080454,-77.297995,-51.897359,49.322288,73.575385,-1.972357,-5.360855,11.504774
459.000000,-135.856366,-35.684571,68.480742,-2.410008,6.486897,155.976278,-9.628766,-0.274661,9.981227,33.687623,-34.535902,0.006927,-11.091179,-29.488078,-13.071035,75.405398,-43.754376,-0.262293,-5.480622,-15.061375,-4.431478,-82.090377,45.631486,-54.061012,73.443938,13.899276,-9.856225,-7.586123,-76.601193,-52.501922,48.523460,72.623824,-2.055878,-5.308962,11.723958
460.000000,-136.729062,-35.834077,68.503034,-1.576352,7.341707,155.041749,-9.032582,0.395447,11.137025,36.680899,-35.757983,0.753755,-14.198195,-29.593068,-14.770433,73.169986,-45.765105,0.515020,-7.092244,-16.146982,-3.297263,-81.675703,44.849795,-54.222772,73.273238,14.723875,-9.465991,-5.782951,-76.253946,-53.184876,48.937448,72.121190,-1.457592,-5.323680,10.821645
461.000000,-137.836480,-35.794517,68.887711,1.343495,5.955527,152.126944,-7.284619,4.300037,12.619419,36.872414,-37.784094,0.905230,-16.984128,-25.966612,-18.376673,68.348228,-46.670109,-0.737272,-7.505290,-14.201615,-2.466912,-81.822811,44.840912,-54.328267,72.722909,12.999698,-9.799062,-7.730481,-76.658382,-54.406586,49.657719,71.117938,-1.363126,-5.160739,10.993084
462.000000,-138.798344,-35.801026,69.149673,3.677405,6.026756,148.938355,-4.362849,7.095844,15.104589,37.246555,-39.590167,0.265092,-18.083870,-25.116320,-22.524996,64.092296,-46.500409,-0.983032,-7.336179,-13.425955,-1.110213,-81.111748,44.684054,-53.373205,72.698683,14.492674,-9.725531,-3.886767,-76.641922,-54.517843,49.386076,71.273475,-1.995021,-5.759122,9.130876
463.000000,-139.609134,-35.722604,69.479775,5.477381,5.552876,146.115492,-1.798520,9.351803,17.337896,36.609947,-40.268647,-0.388525,-19.143388,-23.155632,-25.595307,59.281814,-45.737993,-1.077756,-7.373054,-12.687836,-0.793135,-79.916253,44.782391,-53.397172,72.308337,14.675372,-10.312021,-7.194531,-76.146555,-55.739186,51.647783,69.289387,0.266969,-4.949013,10.763395
464.000000,-140.221608,-35.794395,69.650525,6.377528,4.211944,143.755146,-1.474408,11.253876,19.172290,37.129847,-41.420197,-0.232024,-22.079408,-20.926851,-26.801136,55.246753,-45.921445,-0.564359,-7.544050,-11.738983,-1.281519,-79.220373,44.487423,-52.354469,72.414752,15.226349,-10.433870,-8.065733,-76.272374,-55.706326,50.742257,69.885471,-0.561213,-5.159396,10.423558
465.000000,-140.819275,-35.822004,69.536299,6.812287,4.211700,142.171474,-1.280311,12.073440,20.308287,39.344799,-42.772099,0.374817,-24.672095,-20.778439,-26.355661,54.292750,-45.992305,-0.258778,-7.906565,-11.998226,-1.032813,-78.736003,44.086955,-51.809471,72.503988,15.427314,-10.384743,-7.895892,-76.256808,-55.738449,50.053487,70.372532,-1.336369,-5.331372,10.012270
466.000000,-141.456485,-35.714188,69.777989,6.403913,2.062812,140.357984,-1.848169,12.868336,21.794183,38.319499,-42.851589,1.014281,-27.620780,-18.829039,-26.849853,50.971018,-45.168826,-0.825497,-8.469927,-10.978400,-2.439848,-78.895768,44.106483,-51.582883,72.479912,15.926324,-10.361820,-8.109735,-76.688476,-55.818440,49.540735,70.912424,-2.132073,-5.436981,9.772133
467.000000,-142.019153,-35.566309,69.827634,5.978507,1.010530,138.972810,-2.131685,13.367602,23.071003,38.387965,-43.215246,1.247397,-29.616035,-18.928660,-27.800268,49.558555,-44.877273,-0.772429,-9.033133,-10.510958,-3.225381,-78.894941,43.954637,-51.363436,72.297771,16.404171,-10.665767,-7.771637,-76.754107,-56.324615,48.779381,70.980678,-2.773695,-5.711478,10.109300
468.000000,-142.719114,-35.364449,69.894218,5.467675,0.373026,137.556135,-1.562299,13.164140,24.384911,37.545915,-43.359533,1.394003,-31.145403,-19.291461,-27.864851,48.535072,-44.765821,-1.038152,-9.998464,-10.139873,-4.221245,-78.655830,44.938946,-52.093262,71.543356,15.806055,-10.937652,-9.824504,-76.991477,-55.304779,48.107088,71.550739,-2.877503,-5.537003,10.109146
469.000000,-143.317163,-35.093296,69.871509,4.942050,-0.093851,136.242177,-1.228478,12.920038,25.340914,37.331905,-43.555836,1.947237,-32.583578,-19.512254,-27.256196,47.988561,-44.618289,-0.931144,-10.854543,-9.978386,-4.778100,-78.923075,44.468435,-51.462945,72.276181,16.104585,-10.388092,-8.329817,-76.912103,-54.994521,48.107119,71.254767,-2.042883,-5.485712,9.462751
470.000000,-143.976414,-34.826282,69.826061,4.358122,-0.248892,134.861022,-0.446537,12.447653,26.868933,36.801093,-43.799865,2.429624,-33.681753,-20.246931,-26.772407,47.760501,-44.631089,-0.691570,-11.611305,-9.809977,-5.158935,-79.070525,44.431381,-50.909010,72.573028,16.590389,-10.254162,-7.928713,-77.146386,-54.378466,46.966857,71.336442,-2.331072,-5.446782,9.225355
471.000000,-144.652081,-34.434265,69.706124,3.772265,-0.224962,133.326524,0.222311,12.067626,28.355385,37.187139,-44.033123,2.696951,-34.394415,-21.263709,-26.724630,47.874575,-44.631127,-0.386047,-11.926624,-9.632392,-5.417424,-79.277514,44.386705,-50.962149,72.457351,16.300945,-10.370318,-8.495602,-77.158796,-54.300328,46.457536,71.071984,-1.896753,-5.331841,9.069895
472.000000,-145.215225,-34.007362,69.538933,3.087525,-0.200656,131.468702,0.562633,11.876672,29.945284,38.062411,-44.397155,2.794703,-35.167975,-21.922235,-26.535398,47.814780,-44.805150,-0.410853,-11.903224,-9.401958,-5.861971,-79.425681,44.208451,-51.107942,72.402341,16.016824,-10.374663,-8.744240,-77.232992,-54.249594,46.712746,70.710476,-1.442615,-5.191108,9.295446
473.000000,-145.772135,-33.451810,69.362015,2.491881,0.026337,129.601199,1.213905,11.428285,31.087862,38.827238,-44.621489,3.374917,-35.541999,-22.563661,-26.650013,47.744501,-44.721869,0.115947,-12.012288,-9.122525,-6.178170,-79.401489,44.165663,-50.568477,72.503216,16.248848,-10.146563,-8.575503,-77.537810,-53.861991,46.546619,70.478980,-1.624506,-5.051919,9.189493
474.000000,-146.285570,-32.748580,69.132197,2.025502,0.402404,127.954251,1.856242,11.190184,31.796887,40.087784,-44.960861,3.333927,-35.848757,-23.116910,-26.226415,48.190980,-44.575379,0.119857,-12.293739,-8.846746,-6.321380,-79.257153,44.213317,-50.569887,72.320037,15.989107,-10.190515,-8.845903,-77.981233,-53.467650,46.344309,70.379191,-1.857341,-4.978363,9.459986
475.000000,-146.744335,-31.930926,68.869227,1.806622,0.625994,126.198841,2.467212,11.254694,31.798513,41.647218,-45.235370,3.300401,-35.801936,-23.393967,-26.463624,48.669865,-44.617128,-0.080802,-12.368708,-8.306770,-6.203548,-79.382501,44.166588,-50.554311,72.190578,16.346483,-10.086064,-8.725642,-78.421254,-53.220253,46.345306,70.333286,-1.941187,-4.800292,9.444982
476.000000,-147.146618,-30.997732,68.651134,1.692094,1.097880,124.402343,3.639425,11.015413,31.963383,42.639457,-45.353764,3.393124,-35.116694,-23.479834,-26.628461,48.593050,-44.726230,-0.019884,-12.372461,-7.971187,-5.749400,-79.516489,44.329943,-50.663888,71.873008,15.885277,-9.948656,-8.635866,-78.977532,-53.183726,46.581450,69.829293,-1.896388,-4.582126,9.800934
477.000000,-147.534144,-29.952884,68.412226,1.322344,1.413511,122.717906,4.760558,11.054395,33.095784,43.488316,-45.255146,2.946206,-34.763119,-23.767370,-26.844389,48.966685,-44.810337,0.123988,-12.334438,-7.425025,-5.659460,-79.537888,44.101548,-50.513190,71.946180,15.852514,-9.929473,-8.468729,-79.498826,-52.870821,46.287803,69.948828,-1.965387,-4.682347,9.564540
478.000000,-147.852683,-28.778365,68.204761,0.767504,1.585148,121.304909,5.584729,11.070346,33.967391,44.293446,-45.022387,2.903257,-34.405637,-23.738502,-26.949097,49.206479,-44.886948,-0.023326,-12.459956,-6.749606,-5.772001,-79.417328,44.007732,-50.594869,71.785254,15.708445,-9.922714,-8.571692,-79.915898,-52.988341,47.071902,69.454459,-1.454646,-4.625782,9.543148
479.000000,-148.099208,-27.428293,68.021297,0.138132,1.362115,119.996024,5.931881,11.585411,34.246968,45.534194,-44.588633,2.596178,-33.938971,-23.094031,-27.196172,49.125770,-45.098137,-0.102864,-12.579714,-5.817565,-5.907580,-79.438536,43.687854,-50.630724,71.678553,15.712727,-9.823543,-8.605326,-80.404898,-53.085023,47.325841,69.303300,-1.761988,-4.577641,9.708573
480.000000,-148.246276,-25.867146,67.804176,-0.308888,1.097000,118.929419,6.130460,12.640213,33.971250,47.600138,-44.070471,1.976228,-33.162798,-22.068838,-27.192334,49.233373,-45.370969,-0.386289,-12.858447,-4.829138,-5.910690,-79.424800,43.400347,-50.618436,71.634689,15.812197,-9.862732,-8.405694,-80.789595,-53.084462,47.446022,69.134546,-1.959517,-4.568045,9.559511
481.000000,-148.271954,-24.104068,67.714465,-0.970132,0.747276,118.010642,6.345142,13.875084,33.815976,48.857784,-42.488756,0.614598,-31.722602,-20.838072,-27.882948,48.307411,-45.456770,-0.587100,-13.038320,-3.913479,-6.261933,-79.255924,42.951703,-50.926741,71.637189,15.342534,-9.939929,-8.752788,-81.363290,-52.838849,47.859706,70.244882,-2.258228,-4.770566,9.778017
482.000000,-148.226488,-22.122125,67.497075,-1.443298,0.660043,117.197262,6.772523,15.258866,33.254586,50.684942,-40.178810,-1.030019,-29.964108,-19.741840,-28.458157,47.775985,-45.390948,-0.127875,-13.251475,-3.022496,-6.252975,-79.220687,42.510732,-50.964389,71.714903,15.322862,-9.974201,-8.579904,-82.032245,-52.986026,48.527084,69.912109,-2.295574,-4.843081,9.756427
483.000000,-148.118114,-19.967595,67.096239,-1.577332,1.027303,116.764408,6.794638,16.806505,31.425007,54.322810,-37.110696,-2.707490,-29.693219,-19.062397,-26.793707,49.853332,-44.124378,0.397146,-13.381643,-2.629318,-6.172822,-78.853229,41.876651,-51.170394,71.487027,15.027212,-10.056325,-8.593357,-82.367813,-53.102853,49.303372,69.633676,-2.214151,-4.821952,9.785222
484.000000,-147.931600,-17.939831,66.841686,-1.252321,0.909189,116.039005,5.694771,19.080021,28.341170,59.485552,-32.286646,-4.077216,-30.157727,-16.031578,-23.240625,51.982162,-41.381517,0.177058,-13.288462,-1.532096,-5.213611,-78.467727,41.341206,-51.170278,71.435733,14.257032,-9.896241,-9.061712,-83.130963,-52.644619,49.498910,69.863089,-2.057799,-4.686586,9.820356
485.000000,-147.739768,-16.084087,66.713738,-0.650900,0.555019,114.397005,3.766146,21.480105,24.844752,65.805430,-28.055880,-4.360589,-30.060226,-13.963082,-21.972590,54.508608,-40.352385,-1.462027,-12.836570,-0.049307,-3.917073,-77.787590,41.377877,-51.947496,71.206177,13.917046,-9.641065,-9.057906,-83.352596,-51.825174,49.988881,69.476363,-1.260279,-4.686885,9.455536
486.000000,-147.372246,-14.308901,66.815746,0.126869,-1.911466,112.698624,-0.620047,25.665571,19.536346,72.987046,-24.355647,-4.526683,-28.430860,-8.782496,-22.511340,52.826404,-38.955885,-3.807535,-11.880735,3.665749,-2.459116,-77.777037,41.229170,-52.443412,70.778177,12.772654,-9.152645,-9.085489,-84.308044,-51.199248,50.707239,69.273971,-0.876637,-4.449948,9.402422
487.000000,-147.349668,-12.652835,66.999155,0.076686,-3.200423,110.334688,-3.929726,26.022589,15.688448,76.587683,-25.604882,-4.888066,-27.216050,-5.895771,-23.294580,51.313709,-38.439652,-4.994836,-10.340283,6.132545,-2.312217,-77.376167,40.988204,-52.415722,70.317166,12.296710,-9.192752,-8.707778,-84.291044,-50.535258,51.332338,68.716887,-0.524777,-4.370839,9.331834
488.000000,-147.377563,-11.047444,67.197251,-0.558210,-3.237125,108.587617,-6.755564,26.592850,15.122461,78.352597,-28.993193,-4.168981,-26.742694,-4.515989,-22.182025,51.056767,-39.159114,-5.455207,-9.043393,7.257704,-2.658478,-77.354679,40.588488,-52.173250,70.060597,11.985344,-9.242118,-8.286717,-84.318678,-49.723203,51.154832,68.807414,-0.946703,-4.296991,9.294815
489.000000,-147.450840,-9.340259,67.537516,-1.293395,-2.842982,107.549900,-9.281218,27.954052,16.385149,78.341744,-32.831603,-3.125284,-25.537200,-4.017058,-21.445547,50.138373,-39.778287,-5.141511,-8.162043,8.025921,-3.090372,-77.636042,40.200902,-51.937619,69.905094,11.868021,-9.202737,-8.273498,-84.395866,-49.534799,51.263476,68.614742,-1.066810,-4.103127,9.551548
490.000000,-147.591496,-7.666577,67.888117,-1.338543,-2.329070,106.574420,-11.361215,28.698624,17.305230,77.013600,-36.432588,-2.144151,-23.340662,-3.606971,-20.867558,48.975059,-40.492281,-4.712969,-7.623725,8.749105,-3.103708,-77.787044,40.192853,-51.842980,70.022300,12.247502,-9.352097,-7.935675,-84.306753,-49.316613,51.411076,68.263656,-1.172326,-4.115095,9.234611
491.000000,-147.727525,-6.159647,68.117625,-1.476835,-1.614509,105.404505,-14.007972,28.436309,17.888788,75.034115,-39.238583,-1.517317,-21.977870,-3.274529,-19.298404,48.688939,-41.371344,-4.040056,-7.057529,9.202878,-3.085550,-78.068488,40.508438,-51.842468,70.124453,12.467118,-9.534553,-7.305257,-84.436991,-48.951997,51.284636,67.957951,-1.287624,-4.191399,8.693746
492.000000,-147.829986,-4.712163,68.342501,-2.059603,-0.733823,104.014464,-17.411916,26.693272,17.688957,72.120924,-40.531302,-1.726117,-21.000549,-3.362008,-18.010164,48.163096,-42.180137,-3.506421,-6.359266,9.170507,-3.477944,-78.575555,40.976169,-51.885361,70.371685,12.469673,-9.615726,-6.999688,-84.870448,-48.451579,51.015048,67.906868,-1.551193,-4.263021,8.725731
493.000000,-147.994387,-3.260611,68.551499,-2.392387,0.379115,102.821959,-20.437002,24.200655,17.274708,68.524016,-41.829574,-1.126085,-19.972516,-3.650216,-16.264803,48.181773,-43.049934,-3.160148,-5.752421,8.848542,-3.823719,-78.816422,41.162610,-51.887328,70.548184,12.365192,-9.696001,-6.871160,-84.963257,-48.279667,51.275217,67.832583,-1.703109,-4.502822,8.534830
494.000000,-148.118007,-1.796857,68.745756,-2.253548,1.580388,101.879662,-22.921982,21.317099,16.187186,64.803414,-42.372643,-1.226046,-18.537460,-3.701811,-13.863569,48.462931,-43.933665,-3.190545,-5.422414,8.336827,-3.893449,-78.759294,41.177657,-51.855326,70.619354,12.277070,-9.681059,-6.861119,-84.856467,-47.979835,51.265170,68.090716,-1.541851,-4.307460,8.628139
495.000000,-148.221600,-0.361422,68.989056,-2.108102,2.899530,100.967220,-24.742263,18.294327,15.645446,60.261598,-42.802176,-0.932639,-16.995841,-4.468968,-12.467224,48.650898,-44.500107,-2.688072,-5.107094,7.544305,-3.949192,-78.565917,40.961905,-51.585198,70.819445,12.351267,-9.743060,-6.949055,-84.632471,-48.132381,51.728137,67.742930,-1.323705,-4.481472,9.023364
496.000000,-148.310292,0.953903,69.220525,-2.032260,4.130486,100.058811,-26.664135,15.279722,15.037592,56.040684,-42.685230,-0.405126,-15.895174,-5.730380,-11.893983,49.450494,-44.642144,-2.716073,-4.996973,6.720408,-3.917236,-78.325932,40.954074,-51.400602,70.929773,12.549421,-9.700101,-6.705843,-84.523427,-48.146505,51.550159,67.647280,-1.412700,-4.601744,8.803233
497.000000,-148.429859,2.089285,69.411314,-2.257759,4.882698,99.083983,-29.334706,12.182284,13.408620,52.439296,-42.250430,-0.260339,-15.314771,-6.508716,-11.438517,49.745555,-45.026519,-2.263258,-5.087703,6.150987,-3.857819,-78.404670,41.283101,-51.632214,71.111456,12.474883,-9.857542,-6.699599,-85.009976,-47.860362,51.740087,67.872232,-1.519595,-4.877146,8.844216
498.000000,-148.543322,3.231454,69.597751,-2.629462,6.190130,98.166921,-31.450982,8.142169,11.741263,48.344216,-41.227643,0.014133,-15.258750,-7.897794,-10.513934,51.073132,-44.915976,-1.772734,-4.921789,4.816650,-4.294962,-78.159665,41.182035,-51.356179,71.199517,12.336063,-10.113934,-6.508011,-84.844507,-47.853986,51.700574,68.214219,-1.641520,-5.075234,8.840059
499.000000,-148.662519,4.398430,69.773424,-2.768452,7.333382,97.256188,-32.954918,4.448614,9.647428,44.458337,-40.393032,0.301145,-14.849861,-9.227730,-9.690914,52.064654,-44.733381,-0.791993,-4.985850,3.534750,-4.546691,-77.748965,41.436596,-51.180161,71.163181,12.243050,-10.214925,-6.692973,-84.640654,-47.539233,51.688802,68.520745,-2.309833,-5.189231,9.232613
500.000000,-148.876250,5.442296,69.674194,-2.443656,7.797775,96.226958,-35.165547,2.816437,9.086815,43.683431,-40.750770,0.157612,-14.564928,-10.004984,-8.961633,53.866939,-44.706474,0.493103,-4.833393,2.789893,-4.402622,-77.382287,41.384560,-51.323517,71.307783,12.387183,-10.312415,-6.623652,-84.344620,-47.399133,52.263952,68.534979,-2.311394,-5.313281,9.549225
501.000000,-149.127269,6.690764,70.040041,-3.363142,8.859768,95.552758,-34.900214,0.112589,9.668003,36.986694,-39.014222,0.871647,-14.269429,-11.300376,-7.987525,53.307147,-44.501978,1.777971,-4.690555,1.529795,-5.269047,-77.456203,41.273406,-50.983117,71.772461,12.766709,-10.591344,-6.281018,-84.708778,-47.699360,52.715304,68.503416,-2.677232,-5.423079,9.595990
502.000000,-149.393713,7.575520,69.722897,-2.928405,9.335713,94.673571,-37.126156,-0.629059,10.275237,37.954924,-39.769576,0.960023,-14.165420,-12.227897,-7.213584,55.267227,-45.052792,3.051430,-4.733649,0.542615,-5.333824,-76.948679,41.259735,-50.821634,71.750413,12.929855,-10.775551,-6.132923,-84.390594,-47.361355,53.051599,68.580707,-3.234259,-5.548669,9.324469
503.000000,-149.733925,9.115144,70.002300,-3.517051,9.289577,92.793779,-35.635979,-1.368665,10.710601,32.471713,-38.548228,1.281438,-12.952595,-11.789655,-6.067273,53.270326,-44.568173,3.933885,-3.864239,0.016783,-5.906108,-77.465827,41.923513,-50.731865,72.350869,13.471129,-11.416308,-5.561324,-84.976952,-47.210882,53.709736,68.193852,-3.652129,-5.741726,9.136184
504.000000,-149.979329,10.224559,69.545507,-3.074060,9.810392,91.482204,-37.028416,-1.902375,10.919451,34.178632,-39.332645,1.216934,-12.864081,-12.710232,-5.275976,55.376759,-45.443861,4.393624,-3.743734,-1.128422,-6.084939,-76.995732,42.323988,-50.679918,72.169179,13.491465,-11.374066,-5.180139,-84.817938,-46.813878,54.055517,67.829222,-4.112705,-5.851861,8.845384
505.000000,-150.409853,11.848550,69.647771,-3.136670,8.976557,88.901757,-34.909531,-1.260702,11.113334,30.713414,-39.366038,1.570388,-11.340142,-11.204192,-3.649697,53.611029,-45.040477,4.212630,-3.050925,-1.018827,-5.998481,-77.186902,44.345454,-50.597498,71.466571,13.180155,-11.417246,-5.107551,-86.058116,-46.006624,54.712394,67.359770,-4.312477,-5.751127,9.000775
506.000000,-150.665712,13.164762,69.072431,-2.840814,9.408660,88.141461,-35.821166,-1.446151,11.835253,33.172931,-40.324914,1.881024,-11.153989,-11.985150,-2.701344,55.894143,-45.827195,4.712866,-3.653576,-2.312577,-6.363612,-76.801386,44.789659,-50.866174,71.475416,13.679390,-11.327038,-4.748668,-86.081168,-45.603421,55.421815,66.888896,-4.696201,-5.943412,8.804044
507.000000,-151.132476,14.751366,68.568307,-3.002063,9.323499,87.154546,-36.175728,-1.236071,12.886865,34.949361,-41.408534,2.065192,-10.702731,-12.196992,-1.712663,57.257582,-45.981605,5.507336,-4.119333,-3.372644,-6.997633,-76.813878,45.418774,-51.026926,71.318786,13.717180,-11.545098,-3.979521,-86.328714,-45.345489,56.171643,66.352808,-4.966755,-6.086158,8.597377
508.000000,-151.766026,16.765682,68.630564,-2.875022,7.984055,85.235389,-32.640941,-0.356794,13.499921,31.693461,-41.250958,2.468707,-7.989978,-10.704631,-0.504102,55.105840,-44.821576,6.070240,-3.456315,-3.188978,-6.430541,-77.552065,46.327206,-51.009967,71.129556,12.783216,-11.641253,-4.485080,-87.596199,-45.550655,56.720114,65.968330,-4.876333,-5.964078,9.070801
509.000000,-152.193880,18.387485,68.059993,-2.835506,8.057270,84.924147,-33.022783,-0.288228,14.239125,34.477094,-41.254192,2.089469,-7.491904,-11.237426,0.373310,56.974016,-44.184016,6.782210,-4.190731,-4.474785,-6.926795,-77.202325,46.213801,-51.109069,71.151925,13.019367,-11.741230,-4.660957,-87.538580,-45.761919,57.307889,66.038135,-5.260699,-5.959740,9.114134
510.000000,-152.770674,20.346312,67.547441,-3.223624,7.770543,84.449626,-32.831364,0.048412,14.836839,36.753600,-41.705238,2.689844,-6.897596,-11.341574,1.403973,58.375755,-42.747360,8.234154,-4.582225,-5.582556,-7.771125,-77.127739,46.143331,-51.255129,71.070195,13.287159,-11.816675,-4.661337,-87.488228,-46.225436,57.784391,66.327024,-5.534692,-5.936014,9.290704
511.000000,-153.566694,22.700213,67.637801,-3.666864,6.819894,83.390055,-29.106110,0.000600,15.289447,32.999977,-38.752393,3.869297,-5.111291,-10.591433,2.956196,57.236726,-39.303070,9.735528,-4.103678,-6.242046,-8.138220,-78.046099,46.232574,-51.924184,71.090159,13.706262,-11.937526,-4.936170,-87.860214,-47.099837,57.833971,67.078789,-5.856042,-6.155842,9.888100
512.000000,-154.168189,24.734172,67.506230,-3.821677,7.671618,83.855602,-28.852334,-2.028048,14.550323,34.762016,-34.455412,5.126717,-5.158908,-10.964143,5.415451,59.904966,-34.156403,13.088298,-5.028530,-8.775374,-8.709721,-77.929460,45.737388,-51.779097,71.174048,13.833360,-12.176436,-4.490449,-86.959107,-47.744532,57.474929,67.854747,-4.682255,-6.099878,9.791393
513.000000,-154.583204,26.589906,67.408800,-3.360809,8.193411,83.641014,-29.130777,-3.203668,13.417242,38.695453,-31.514991,4.436495,-6.114216,-12.152204,6.430450,64.840953,-27.984632,14.996922,-5.264452,-11.159816,-8.621948,-77.151577,45.557570,-51.489122,71.107829,13.608489,-12.354023,-5.517389,-85.530969,-48.093838,56.899021,68.308203,-3.877921,-5.966522,10.242045
514.000000,-154.677522,28.230935,67.420518,-3.043212,8.198844,83.742787,-29.231591,-3.033607,13.380407,42.144333,-31.980243,4.492182,-7.503504,-11.670521,6.724787,69.973430,-24.139874,15.000035,-5.568423,-13.082631,-8.640161,-76.578817,45.461920,-51.855472,71.171452,14.070958,-12.258000,-5.701775,-84.025759,-48.596475,57.093719,68.607187,-3.443835,-5.784477,10.514203
515.000000,-155.252469,30.038601,67.918956,-3.491683,7.046262,83.168151,-26.474889,-2.619798,13.413686,39.966029,-32.680348,5.366143,-10.247468,-11.285143,6.698402,73.687844,-21.962198,15.000035,-5.043493,-13.784309,-8.740384,-77.397265,45.410263,-52.598566,71.367233,13.951630,-12.130548,-5.340796,-82.532379,-49.615058,56.138117,68.592496,-2.487985,-5.890051,10.556035
516.000000,-156.122935,31.743553,67.940390,-2.792992,6.463166,82.548110,-25.755866,-2.492919,13.587294,42.926284,-34.918625,6.302239,-12.151923,-16.056071,4.587550,76.615345,-25.027078,14.768363,-5.280644,-14.783524,-8.986848,-76.796284,45.633051,-52.411197,71.324565,13.930791,-12.205324,-5.335016,-81.326093,-49.202220,55.565174,68.922715,-2.726545,-5.834710,10.881197
517.000000,-156.638873,33.794171,68.628174,-1.838380,5.780357,82.275595,-19.140751,-3.738951,13.253687,36.346469,-34.622994,6.249954,-12.786080,-20.523776,0.825818,76.487225,-29.498668,12.886146,-5.560360,-15.624720,-8.413541,-77.273038,46.626181,-52.281567,71.205091,13.977933,-12.243364,-5.495653,-80.456609,-49.188021,53.758507,68.778837,-2.758290,-6.048291,11.093880
518.000000,-157.033741,35.226282,68.597811,-0.773585,5.632504,82.158684,-18.392868,-3.688224,13.752091,39.526001,-36.582900,5.829884,-14.846968,-24.713347,-1.714593,76.963815,-34.492479,11.158355,-5.786949,-16.733035,-8.270288,-76.798463,46.676031,-51.942072,71.288829,14.034073,-12.114230,-5.217260,-79.680693,-48.898461,53.140067,68.899281,-2.570210,-5.997787,10.969822
519.000000,-157.442832,37.113917,69.056284,-0.089679,3.409354,81.885186,-13.425734,-2.726791,12.882856,36.049202,-37.594649,5.930129,-15.453112,-25.719036,-6.007671,74.252223,-38.357892,8.932334,-5.455419,-15.750816,-7.085578,-77.865133,47.193476,-51.991420,71.335548,14.122164,-11.930973,-5.364719,-79.517978,-49.619620,52.432596,68.286012,-2.472594,-5.983443,11.006173
520.000000,-157.765400,38.315192,68.929732,1.162603,3.372140,82.081472,-12.633075,-2.820929,13.203646,39.114588,-39.559530,6.064451,-18.125476,-28.245061,-7.670361,73.007994,-41.267050,8.291474,-5.373589,-16.628707,-6.422800,-77.398693,46.866453,-51.742662,71.341770,14.030812,-11.839436,-5.236596,-79.147262,-49.443026,52.237891,68.384960,-2.531784,-5.971044,10.706031
521.000000,-158.094919,40.101469,69.403946,1.113523,0.632247,81.947841,-8.471107,-0.999611,12.322686,35.634296,-40.491752,5.975167,-19.338268,-24.981588,-10.181094,67.965682,-43.095799,7.523552,-4.842680,-14.373179,-5.398865,-78.483368,46.922136,-51.884166,71.329878,14.352425,-11.294867,-5.464873,-79.778624,-50.334085,52.075688,67.951346,-2.672229,-5.815099,10.403581
522.000000,-158.340287,41.300279,69.360417,2.139105,0.193309,82.402481,-7.131942,-0.645309,12.389722,37.511372,-41.838296,5.287797,-21.677492,-25.556640,-11.596601,65.231551,-45.649330,7.635104,-4.877463,-14.478083,-4.636994,-78.230227,46.563363,-51.609849,71.574761,14.727443,-11.188387,-5.346792,-79.391476,-50.292192,51.775201,67.867177,-2.643691,-5.867308,10.222067
523.000000,-158.581340,42.728660,69.770014,2.434784,-2.125967,82.394324,-4.005735,1.425786,12.080261,35.763560,-42.174571,4.508041,-22.359719,-23.144067,-15.072351,60.225193,-46.196480,6.584950,-4.689060,-12.521827,-3.644550,-78.664443,46.584438,-51.212635,71.773909,14.903278,-11.178172,-5.714127,-79.295621,-50.418476,51.354997,67.594216,-2.406510,-5.715878,10.262765
524.000000,-158.767128,43.746841,69.643557,3.570925,-2.472238,83.327190,-3.135800,1.703823,11.603206,38.284621,-43.120842,3.344773,-24.623868,-22.763342,-15.742410,58.850255,-45.787375,8.123982,-4.838627,-12.639872,-2.494718,-78.590411,46.050464,-50.988537,71.878759,15.330274,-11.145826,-5.479525,-78.836413,-50.296748,51.177228,67.801293,-2.456717,-5.640118,10.311481
525.000000,-158.882380,44.897735,69.946426,3.341672,-3.892135,84.197692,-1.900253,3.253552,11.117156,37.691975,-42.996874,2.398227,-26.524230,-19.478202,-16.471361,55.402584,-44.752062,8.065062,-4.946829,-11.265037,-1.683576,-79.465850,45.498311,-51.109100,71.919577,15.256892,-11.245317,-5.543960,-79.079602,-50.996832,51.064827,67.609713,-2.484612,-5.853689,10.295059
526.000000,-158.911467,45.926228,69.961143,3.697790,-4.460908,85.251977,-1.267531,3.970248,10.497975,38.955052,-43.254393,1.585669,-28.821803,-17.681580,-16.449969,54.234810,-44.935248,8.023298,-5.030933,-10.782272,-1.102775,-79.610991,44.784068,-51.324340,71.791517,15.469378,-11.210908,-5.424888,-78.724876,-51.466175,51.038445,67.477611,-2.286100,-5.651765,10.264041
527.000000,-158.944178,47.026205,70.024586,3.952554,-4.869392,86.316316,-0.428154,4.534169,10.154040,39.680524,-43.322811,0.732827,-30.544001,-16.484066,-16.883005,52.926364,-44.760818,7.704640,-5.192560,-10.372127,-0.736806,-79.630969,44.113876,-51.432462,71.670616,15.673351,-11.326754,-5.156116,-78.333896,-51.842481,51.154039,67.601039,-2.513186,-5.481940,10.163316
528.000000,-158.938897,48.160848,70.080143,4.020511,-5.270157,87.144139,0.308383,5.031952,9.646777,40.351200,-43.227366,-0.060869,-31.812012,-15.568262,-17.970173,51.096290,-45.141697,7.031442,-5.157823,-9.734102,-0.616681,-79.593397,43.524954,-51.797262,71.636342,16.031163,-11.631833,-5.744268,-78.209621,-52.166765,51.082186,67.832733,-2.315676,-5.538390,10.553930
529.000000,-158.859086,49.244949,70.126313,3.660546,-5.770244,87.951796,0.281024,5.740748,8.948434,41.364213,-43.341464,-0.845564,-32.959973,-14.408040,-19.237537,48.701694,-44.824578,6.615178,-5.105674,-8.764484,-0.866766,-79.586204,42.909386,-52.356552,71.630093,16.723448,-11.901948,-5.735308,-78.220925,-52.678882,51.246827,68.057009,-2.602780,-5.570979,10.376572
530.000000,-158.789790,50.376946,70.098197,3.425931,-5.974526,88.728931,0.528418,6.094909,8.385211,42.177135,-43.432302,-1.424514,-33.688006,-13.686578,-20.726513,46.648720,-44.615448,5.872211,-5.074349,-7.932429,-0.986522,-79.570399,42.603886,-52.999498,71.509267,16.908427,-12.350551,-5.893992,-78.412320,-53.115140,51.346586,68.271921,-2.547553,-5.529778,10.378620
531.000000,-158.769405,51.432496,69.656038,4.036625,-5.982749,89.185295,0.640786,6.446810,8.064914,45.227211,-44.298913,-1.762096,-34.825973,-13.971960,-21.735861,47.823912,-44.997051,5.933132,-4.571273,-7.255156,-0.742519,-78.984547,42.329879,-53.644039,71.334134,17.228625,-12.566727,-5.782975,-78.143170,-53.284549,51.278048,68.396626,-2.510616,-5.607461,10.084698
532.000000,-158.517683,52.885097,69.776452,3.128090,-5.615046,90.032188,1.729341,5.824109,7.275985,43.294278,-43.727397,-1.683031,-34.276413,-12.758903,-23.156312,43.718381,-44.269246,5.645933,-4.646229,-6.517432,-1.212991,-79.649192,42.131923,-53.996262,71.304347,17.372774,-12.826280,-5.831562,-78.556212,-54.437871,51.206338,68.202471,-2.263813,-5.689590,9.732950
533.000000,-158.309448,54.232627,69.452482,3.081569,-4.904938,90.270958,2.730112,5.025773,6.812008,43.657381,-44.013619,-1.605091,-34.369123,-12.377262,-23.953666,42.960664,-44.017561,5.293395,-4.230015,-6.156717,-1.361825,-79.640450,42.156378,-54.153995,71.171930,17.076031,-12.883966,-6.008727,-78.589755,-54.874115,51.045429,68.314644,-2.079050,-5.454878,9.922203
534.000000,-158.077693,55.709606,69.139045,3.097513,-4.050271,90.572842,4.227373,4.081569,6.481153,43.410575,-44.109707,-1.717668,-33.567275,-12.372586,-25.266253,41.579487,-43.750463,5.396490,-4.078385,-5.918215,-1.507757,-79.536651,42.337771,-54.188006,71.182237,16.944033,-13.085997,-5.685672,-78.376127,-55.105987,50.716825,68.406947,-1.825484,-5.490662,9.603161
535.000000,-157.817006,57.286227,68.775010,2.942889,-3.277160,90.695950,5.623064,3.342620,6.209309,43.333336,-44.137021,-2.074551,-32.664809,-11.893457,-25.981756,40.176279,-43.706828,4.553644,-3.742807,-5.495868,-1.796176,-79.427129,42.341832,-54.278458,71.145880,16.655054,-13.321681,-5.735387,-77.933025,-55.440413,50.389857,68.650211,-1.090555,-5.491117,9.697305
536.000000,-157.673097,58.862841,68.016046,2.954004,-2.918682,90.182876,6.041386,3.226429,6.307467,45.987425,-44.828717,-2.345602,-32.802223,-12.738694,-28.365841,42.875409,-44.239313,4.783639,-2.867774,-4.541818,-2.048562,-78.883637,42.375610,-54.338629,71.125246,16.650290,-13.373295,-5.834742,-77.504615,-55.292868,49.615823,69.344452,-1.420562,-5.460168,9.716335
537.000000,-157.143879,60.899854,67.747885,2.437462,-2.072238,90.707964,7.876048,2.320121,5.097417,45.040115,-43.814222,-3.272968,-30.541577,-12.074561,-30.189095,40.660082,-43.896974,4.499523,-3.187659,-3.703957,-2.472887,-78.807529,42.496689,-54.268834,71.020034,16.512464,-13.590715,-6.163014,-77.334837,-55.926467,49.073287,69.656489,-1.782984,-5.788912,9.940192
538.000000,-157.010770,62.791324,67.080253,2.333391,-1.825416,90.533943,8.285416,2.199019,4.540592,47.559423,-42.928128,-4.755407,-30.025027,-12.606204,-31.097390,43.219682,-44.456397,4.224202,-2.562856,-2.424586,-2.783142,-78.326062,42.369023,-54.611020,70.900929,16.429926,-13.783749,-6.373586,-76.892344,-56.173320,48.580632,70.086081,-1.959271,-5.726145,10.227326
539.000000,-156.366050,65.103257,66.927260,2.351031,-0.890045,90.980969,10.678984,0.756287,1.404692,46.608784,-39.683754,-6.626894,-26.791064,-11.531972,-31.826977,40.678889,-43.900512,3.501110,-2.619570,-1.460828,-2.728762,-78.351012,42.331959,-54.765922,70.686707,15.277765,-13.661188,-6.914840,-77.198534,-57.285459,48.579512,70.229651,-2.332864,-5.675662,10.730452
540.000000,-156.120968,67.201132,66.524738,2.518730,-1.152861,91.503606,10.484207,1.383849,0.217589,50.746256,-36.513252,-8.707094,-27.057885,-11.160451,-29.403606,44.090148,-42.432359,0.770410,-2.885733,0.309334,-2.759908,-78.228998,42.399683,-54.811524,70.906113,14.980526,-13.742940,-7.080580,-76.851000,-57.551058,48.530919,70.127827,-2.287501,-5.626108,10.627379
541.000000,-155.896890,69.196767,66.366500,2.816668,-1.319335,91.781375,9.489226,1.786324,-0.850210,55.947285,-31.332601,-11.822280,-28.121866,-10.824516,-26.148751,49.430390,-41.003900,-1.277265,-3.388580,2.232849,-1.830095,-77.998684,42.155921,-54.600583,71.097686,14.211395,-13.408805,-7.446523,-76.760698,-57.268630,47.937369,70.413766,-1.668454,-5.442836,10.621616
542.000000,-155.534911,71.065718,66.382253,3.445109,-1.143673,91.743528,8.211917,1.323780,-2.432161,61.570836,-26.156862,-14.921933,-28.534772,-10.675531,-23.639758,54.256796,-38.984442,-1.637926,-4.207323,3.588067,-0.600727,-77.499110,42.342002,-55.186129,70.562841,13.750626,-13.186459,-6.932025,-76.489479,-56.402452,48.021291,70.662699,-2.039319,-5.495403,10.230940
543.000000,-155.343974,72.731864,66.665184,3.438796,-0.398465,91.392269,6.052881,0.235459,-2.466446,66.417244,-23.228119,-15.000035,-28.027698,-10.360847,-21.620925,55.606353,-38.505246,-3.075445,-4.861577,3.851285,0.058933,-77.614588,42.281767,-55.470869,70.402578,12.815791,-13.250110,-6.819953,-76.666934,-55.402414,49.046024,71.092468,-3.251956,-5.641584,10.395663
544.000000,-154.729748,74.391079,66.891438,2.943354,0.440257,90.443263,3.607860,0.736384,-2.041896,69.886270,-23.793401,-14.984320,-27.795801,-9.685867,-20.084050,56.176984,-40.100208,-4.841344,-4.570708,3.765549,-0.451557,-77.562651,41.797189,-55.596411,70.202822,12.139110,-13.070120,-6.927927,-76.663314,-54.908222,49.593191,71.129720,-3.334194,-5.543438,10.547855
545.000000,-154.002786,76.071662,67.149282,2.241857,1.126243,89.541801,0.899229,2.563231,-1.373702,71.480115,-27.610971,-13.943357,-27.572767,-8.647616,-18.366105,56.419196,-41.137430,-5.048197,-4.285755,3.757709,-1.377932,-77.478681,41.226626,-55.262009,69.935113,11.717190,-12.949269,-6.992937,-76.898552,-54.797470,49.535179,70.973404,-3.297217,-5.587917,10.629693
546.000000,-153.468764,77.690607,67.350304,1.502643,1.649205,89.295694,-2.500226,6.183089,0.694777,72.218295,-32.544984,-11.253803,-27.115952,-8.579684,-18.105901,56.795055,-42.423702,-4.496425,-4.489961,3.912438,-2.389606,-77.400264,40.567506,-54.962037,69.554938,11.395920,-12.973885,-7.111484,-77.238942,-55.217175,49.630620,71.137329,-3.495119,-5.634711,10.217900
547.000000,-152.685869,79.314071,67.765456,1.155330,1.626075,88.396089,-4.918193,11.477971,3.932143,70.908080,-37.439870,-9.670500,-25.080706,-6.481848,-17.464522,54.495590,-42.779667,-5.056816,-4.827592,4.268497,-2.433172,-78.006436,41.024766,-55.412017,69.708788,12.208915,-13.008376,-6.163463,-78.385669,-55.362935,50.041644,71.389964,-3.166085,-5.781245,9.677766
548.000000,-152.187443,80.654788,67.782664,1.471531,1.902600,87.910457,-7.762821,14.759801,5.211492,70.513316,-41.424291,-7.944807,-24.152731,-5.763413,-16.238003,55.389248,-44.388119,-5.467318,-5.434691,4.107508,-2.542907,-78.083829,41.307577,-55.842558,69.604306,12.516795,-13.670931,-5.521591,-78.467740,-55.520986,50.411369,71.222214,-3.067198,-6.052421,9.078863
549.000000,-151.652050,82.037640,67.989427,1.128239,2.405480,86.714845,-11.051594,16.123012,5.317981,69.118386,-43.716178,-5.664851,-23.054416,-4.346219,-14.363773,54.291808,-45.229127,-6.019597,-5.315528,3.721699,-2.888228,-78.870182,41.653215,-56.051555,69.425444,12.039008,-13.443459,-5.933743,-79.315046,-56.018179,50.537181,71.321628,-3.012364,-6.070319,9.176744
550.000000,-151.163137,83.174068,68.100756,0.776662,2.690800,85.081684,-15.045843,16.716284,4.441140,68.135747,-45.396511,-4.486150,-22.587652,-3.189819,-13.100123,53.915321,-45.638802,-6.517600,-4.916622,3.563263,-3.291869,-79.331739,41.673621,-56.307489,69.344418,11.339720,-13.191407,-5.915273,-80.033616,-56.606777,52.213139,71.077394,-2.088603,-6.032050,9.337576
551.000000,-150.689375,84.280258,68.237334,0.830009,2.851925,82.854239,-18.367424,16.367295,2.973719,66.705526,-46.419332,-4.252799,-21.737763,-1.769662,-11.320012,53.445872,-46.067655,-6.662943,-4.089882,3.575387,-3.342806,-79.360303,41.513418,-56.118292,69.269689,11.063639,-13.212338,-5.559235,-80.428278,-57.098811,53.293183,70.779693,-1.692393,-6.053900,8.947774
552.000000,-150.244188,85.276479,68.372959,1.144953,3.570152,80.601989,-21.392921,14.232150,0.669891,64.760541,-46.529154,-3.682158,-21.114811,-0.714013,-8.444763,53.548789,-46.452004,-6.466378,-3.878186,2.925231,-3.169363,-79.280444,41.668303,-56.142567,69.399489,11.527067,-13.186826,-5.342915,-80.532684,-57.066210,53.224799,70.554201,-1.377927,-6.073777,8.660245
553.000000,-149.687970,86.226946,68.567210,1.201651,4.162078,78.224645,-24.390810,13.093705,-0.509879,62.257154,-46.478652,-3.489275,-20.238790,0.131903,-6.505093,52.791307,-46.823327,-6.714043,-4.078436,2.115438,-3.211736,-79.408121,42.009956,-56.144770,69.668128,11.088309,-12.877978,-6.197618,-80.477776,-56.616288,53.408425,70.289531,-0.941090,-5.901970,8.810420
554.000000,-149.401009,87.023997,68.672842,1.137608,4.977093,76.049789,-27.808574,10.699590,-2.386579,59.961998,-46.342950,-3.111168,-20.168333,0.319166,-4.468893,52.991487,-47.144763,-6.422297,-4.868451,1.090590,-3.500120,-79.413913,42.572798,-56.445752,69.624612,11.591865,-13.216057,-5.232608,-80.335155,-55.777234,53.379718,70.276609,-1.060069,-6.099767,8.048224
555.000000,-148.990870,87.914157,68.825328,1.218465,5.409326,73.092411,-30.085713,8.601321,-4.672763,57.343365,-45.353604,-2.993269,-19.551867,1.086221,-2.343709,52.566075,-47.174109,-5.997732,-4.883646,0.591724,-3.688179,-79.304657,42.319760,-56.250255,69.813959,11.613029,-12.999153,-5.291861,-80.224800,-55.259017,53.226052,70.561803,-1.323222,-6.269083,8.076250
556.000000,-148.677778,88.813323,68.981367,1.536505,6.076176,70.126144,-31.702484,6.220663,-6.479021,54.544494,-44.659509,-2.702745,-19.024864,1.546406,0.452941,52.634151,-47.102965,-5.428120,-4.826598,-0.168608,-3.521739,-79.641358,41.233794,-56.322460,70.356618,11.477728,-13.180523,-5.286356,-80.403095,-55.415282,53.241663,70.423103,-1.533651,-6.431054,8.314436
557.000000,-148.312151,89.732540,69.140881,2.223750,6.651767,66.869832,-32.335311,4.315900,-7.444190,51.844483,-44.091009,-2.503057,-18.231974,2.061650,3.401015,52.972102,-46.963476,-4.899254,-5.634565,-0.957741,-3.394022,-79.244490,41.254305,-56.401855,70.133516,11.091740,-12.892268,-5.724299,-80.581424,-54.688502,53.710682,69.968191,-1.312528,-6.209062,8.289452
558.000000,-148.081958,90.585291,69.284129,2.785386,7.446502,63.398991,-32.736376,2.421041,-7.975573,48.882837,-43.779962,-2.024544,-18.054557,2.060098,6.088833,53.594678,-47.026272,-4.333641,-6.589081,-2.014059,-3.629511,-79.181522,41.046104,-56.211651,70.474015,12.350998,-13.376909,-5.872672,-80.688303,-53.755805,53.681332,69.763354,-1.248385,-6.287018,8.282287
559.000000,-147.819042,91.461438,69.352543,3.245388,8.137795,59.416082,-32.834820,0.711279,-8.789834,46.489672,-42.934672,-1.783781,-18.183084,2.389298,8.938786,54.536844,-46.834447,-3.546025,-7.525333,-2.673554,-3.959074,-78.976412,41.250726,-56.284358,70.264888,11.295652,-12.785769,-5.556979,-81.548429,-52.721773,54.245185,69.718159,-1.537616,-6.123551,8.370357
560.000000,-147.587001,92.331666,69.385815,3.592507,8.852672,55.231866,-32.804340,-0.336177,-8.623550,44.257136,-42.603981,-1.405092,-18.759577,2.414205,11.081330,55.689391,-46.836738,-3.067919,-8.372643,-3.395230,-4.706262,-79.061161,41.364035,-56.192977,70.106551,11.113076,-12.630068,-5.397899,-82.185262,-51.768237,54.684953,69.624278,-1.638151,-6.157890,8.563099
561.000000,-147.413146,93.171221,69.335383,3.792947,9.327215,51.010000,-32.871170,-0.843097,-8.443352,42.597496,-42.401469,-2.000110,-19.466767,2.464811,12.275275,56.863685,-46.950252,-2.583306,-9.148011,-3.772351,-5.118131,-79.635839,41.220041,-56.324752,70.409681,11.100219,-12.871771,-4.996938,-83.099872,-51.449889,55.625856,69.133973,-0.959904,-5.964131,8.994976
562.000000,-147.251451,94.038558,69.252253,4.071421,9.593396,46.589934,-32.814285,-1.375020,-8.590463,41.959256,-42.758582,-1.895046,-20.057837,2.694829,13.611272,57.899186,-47.295372,-2.476443,-9.609081,-4.040964,-5.599711,-80.055083,41.118248,-56.421775,70.044007,10.239836,-12.371746,-5.270174,-83.792119,-51.069741,56.115779,68.715453,-1.032051,-5.786037,8.794712
563.000000,-146.949327,94.964290,69.246060,4.251840,9.096748,41.998791,-31.620747,-0.785807,-8.509788,41.172503,-42.807357,-2.544746,-19.497608,3.562207,14.920760,57.811302,-47.160250,-2.639697,-9.789062,-3.921535,-5.836340,-80.209801,40.710957,-56.070642,70.344105,10.120519,-12.807686,-5.185962,-84.080728,-50.650204,56.497481,68.615712,-1.216086,-6.029664,8.460363
564.000000,-146.674430,95.944589,69.169694,4.665798,8.767338,37.385150,-30.318950,-0.897776,-8.808145,41.070802,-42.967880,-2.522681,-19.251996,3.330453,15.644700,58.136801,-47.291386,-1.960945,-10.005113,-4.166191,-6.067613,-80.137947,40.765294,-56.232585,70.443019,10.253562,-12.757934,-4.393424,-84.304076,-50.310501,56.839110,68.304105,-1.195127,-5.943497,8.300722
565.000000,-146.405208,96.940690,69.076437,4.688871,8.325435,32.820863,-29.064647,-0.370853,-8.823655,41.293971,-42.980676,-2.207745,-19.232397,3.102770,15.772553,58.268631,-47.575956,-1.623027,-10.101425,-4.129505,-6.346827,-79.983605,41.065334,-56.017534,70.514531,10.169154,-12.912666,-4.164279,-84.388510,-49.984964,56.695785,68.021902,-1.604842,-5.736258,8.214900
566.000000,-146.059906,97.956270,69.041842,4.588214,7.620219,28.733818,-27.396360,0.882651,-7.799947,41.140418,-43.304687,-2.116422,-18.571711,2.827433,15.492186,57.836976,-47.647065,-1.761307,-10.338886,-4.056189,-6.434504,-79.798063,41.148550,-55.562435,70.896605,9.537745,-13.263281,-4.965211,-84.552278,-49.691334,56.849071,68.403484,-1.750880,-5.833198,8.600351
567.000000,-145.776057,99.035656,68.909383,4.447702,7.526989,24.807839,-26.487755,1.959676,-6.108080,41.444259,-43.711216,-2.121054,-18.898707,2.032077,15.154376,57.996393,-47.863579,-1.214720,-10.331507,-4.166263,-7.030199,-79.455666,41.390379,-55.258102,70.817840,9.704118,-12.761208,-3.942668,-84.352536,-49.967700,56.702407,68.316788,-1.615146,-5.694088,8.110624
568.000000,-145.402265,100.199580,68.810260,4.097482,6.961015,21.362317,-24.900858,3.418528,-4.172492,41.543949,-43.858106,-2.031548,-18.552785,1.086406,13.960639,57.780723,-47.807216,-1.298000,-10.542336,-4.168522,-7.130032,-79.211869,41.785451,-54.865824,71.082291,9.654374,-13.501616,-3.861564,-84.196951,-50.228313,56.864887,68.866175,-1.857599,-6.008906,8.366843
569.000000,-144.984531,101.492321,68.706197,4.028784,6.285819,18.565384,-22.907039,4.394667,-1.370386,41.411099,-43.953302,-1.610154,-17.754887,-0.814886,12.279992,57.721293,-47.554260,-0.634664,-10.835748,-4.717126,-7.337705,-78.962144,42.168785,-54.661358,71.025061,10.724317,-12.605301,-4.084839,-83.313794,-50.889677,56.136792,69.224664,-2.175364,-5.670809,8.871617
570.000000,-144.544697,102.860403,68.568581,3.423360,5.000359,15.826659,-20.544687,4.979074,-0.701728,41.848026,-43.785809,-1.406625,-16.346154,-1.843039,10.782879,57.284834,-47.302810,-0.070102,-10.800223,-4.777864,-6.901883,-78.702842,42.687139,-54.495320,71.045893,10.202513,-13.276757,-4.860328,-82.742544,-51.875860,55.849723,69.848076,-3.401676,-5.887201,9.368375
571.000000,-144.081545,104.218745,68.348002,2.695901,3.449048,13.075440,-18.571923,4.970029,-1.578133,44.042685,-43.784009,-1.136634,-14.976411,-2.093453,10.299578,57.790511,-46.897622,0.665586,-10.233110,-5.048182,-5.997117,-78.815117,43.052472,-54.641090,71.155394,10.358630,-13.014320,-4.832252,-82.261002,-54.165094,57.109087,68.972739,-2.320819,-5.346476,9.716622
572.000000,-143.559361,105.603266,68.236285,3.117023,1.986025,10.868752,-15.778429,3.870812,-1.031968,44.690969,-43.963114,-0.727433,-13.976318,-5.209203,8.241346,59.629512,-45.706031,2.973468,-10.150594,-6.576118,-5.295916,-78.419253,43.357115,-53.721456,71.736131,10.759490,-13.351092,-5.148618,-81.946793,-54.769286,56.313055,70.650801,-3.029343,-5.841149,10.208543
573.000000,-143.156683,106.847417,68.308914,3.357646,1.251107,8.228385,-13.150974,3.603147,1.286278,43.757177,-43.903708,-0.430923,-15.294926,-9.500282,4.399978,62.959277,-42.385128,5.370616,-9.549439,-8.052567,-5.399319,-77.968385,43.718969,-53.421461,72.518338,11.644953,-13.273108,-5.302650,-81.505938,-55.801402,56.172364,70.571161,-3.233770,-5.987251,10.579493
574.000000,-142.864716,108.051240,68.339914,3.512822,0.651583,5.552415,-10.791254,3.534615,4.181096,42.533623,-44.309432,-0.006172,-17.470480,-15.637921,-1.570716,67.356867,-39.406517,6.290083,-9.090960,-9.432138,-5.237924,-78.009093,44.375749,-53.266562,73.069692,12.200825,-13.961874,-5.677292,-81.990048,-56.255412,55.942480,70.867181,-3.688493,-6.264837,10.483524
575.000000,-142.423081,109.116709,68.471146,3.631553,-0.386824,3.012216,-7.231954,3.313985,6.848819,40.079639,-44.104065,-0.273217,-18.720772,-20.505157,-6.683792,69.648518,-40.920398,5.567709,-8.603152,-10.758324,-4.515573,-78.286180,45.140792,-53.051582,73.143622,11.924788,-14.216957,-5.766821,-82.853692,-56.235587,56.056558,71.078575,-3.691229,-6.493530,10.741012
576.000000,-142.030597,110.011661,68.683702,3.427143,-1.391397,1.178912,-4.462447,3.243285,8.744013,38.478287,-44.241632,-0.456022,-20.036911,-22.178770,-10.127033,69.089433,-43.881548,5.165893,-8.269663,-11.592249,-3.949782,-78.068605,45.163868,-52.612206,73.236874,12.222473,-14.213047,-5.267564,-83.268585,-56.211159,55.704444,70.649988,-3.206654,-6.695506,10.112420
577.000000,-141.580343,110.864639,68.936843,2.742812,-1.814927,-0.148487,-2.651903,3.445465,10.069657,37.329982,-44.095981,-0.538717,-22.225518,-21.446410,-12.120093,66.567604,-46.474905,5.078752,-8.470192,-11.735038,-3.562037,-77.889934,45.223000,-52.311319,73.046503,12.396925,-13.875024,-5.512990,-83.748378,-55.798913,54.961299,70.335813,-2.932881,-6.466982,9.985565
578.000000,-141.159070,111.675346,69.272077,1.116947,-1.899095,-1.232940,-1.521489,4.881228,11.209985,36.591970,-43.949873,-0.945350,-24.579903,-18.940536,-13.664395,62.308688,-47.468025,4.483051,-8.907486,-10.638507,-3.598741,-77.325651,45.003744,-51.818859,73.122755,12.825228,-13.707927,-5.179992,-83.913129,-54.933005,54.572003,70.301751,-2.358192,-6.666727,9.638656
579.000000,-140.772545,112.377965,69.667804,-1.057512,-1.695398,-2.000774,-0.601067,7.017294,12.120776,35.521983,-43.901693,-1.663400,-26.431140,-15.945340,-15.794894,56.708889,-47.977810,3.368824,-9.436501,-8.821019,-3.503724,-76.968930,44.768034,-51.515739,73.270813,13.120470,-13.895729,-5.573834,-83.972456,-54.249423,54.433329,70.198109,-1.664975,-6.356764,9.427164
580.000000,-140.381694,112.924898,69.905698,-2.660041,-1.480587,-2.186170,-0.166505,8.511825,12.275431,35.036494,-44.076269,-2.308832,-28.462851,-13.317506,-16.799578,52.048565,-47.745655,2.516480,-10.064726,-7.447769,-3.200776,-76.945797,44.670144,-51.363764,73.272056,13.095073,-14.252146,-5.711548,-84.225091,-53.940828,54.489374,70.058241,-1.362348,-6.476968,9.224813
581.000000,-139.926171,113.422966,69.964981,-3.448934,-1.422141,-2.007063,-0.147867,8.843521,11.597126,35.586628,-44.423677,-1.957972,-31.093261,-11.157734,-15.899931,49.165286,-47.242431,2.110695,-10.449359,-6.839240,-2.841017,-77.073282,44.047408,-51.012777,73.514993,12.662539,-14.387534,-5.614076,-84.221376,-53.960974,54.453417,69.996783,-0.822115,-6.428407,9.022938
582.000000,-139.451885,113.908350,69.998276,-3.620684,-0.751653,-1.582136,-0.749264,8.594535,11.614284,35.821627,-44.714202,-1.322558,-34.362419,-9.968010,-14.799099,46.964189,-46.671413,2.235814,-10.647076,-6.399150,-3.061119,-77.376221,43.270457,-50.813360,73.737664,13.208093,-14.236238,-4.995594,-84.403339,-54.192500,54.291094,70.186539,-1.039894,-6.689594,8.550074
583.000000,-138.836300,114.287663,70.021898,-3.653977,0.228500,-1.465013,-1.289697,8.375257,12.044485,35.830004,-44.835114,-1.062375,-37.390959,-9.378452,-14.565018,45.022978,-46.217103,2.199724,-10.591830,-5.800382,-4.028042,-77.187872,42.812828,-51.055060,73.810453,14.154295,-13.880131,-4.607618,-84.162090,-54.150689,54.502895,70.255900,-0.472833,-6.292564,8.515455
584.000000,-138.097191,114.552891,70.018959,-3.774285,0.630797,-1.464812,-1.236804,8.256634,11.963817,36.301206,-44.678125,-0.950828,-38.996460,-9.217905,-15.648949,42.961828,-45.880413,2.316014,-10.207033,-5.028890,-4.276850,-77.182067,42.245389,-51.185680,73.945458,14.011886,-13.784911,-4.982245,-84.086698,-54.178368,54.129932,70.234972,0.130488,-6.136373,8.550979
585.000000,-137.294662,114.701891,69.964784,-4.120093,0.590261,-1.067447,-1.160021,8.665415,11.614983,37.604621,-44.873629,-1.221987,-39.962484,-8.731013,-16.100489,41.644141,-45.425088,2.101017,-10.334357,-4.116403,-4.012150,-77.314702,42.340732,-51.235319,73.895052,14.429386,-13.885495,-4.834185,-84.044467,-53.779950,53.303793,70.132164,1.315722,-5.999228,8.872642
586.000000,-136.386967,114.825654,69.851124,-4.280847,-0.001601,-0.750217,-0.655525,8.545626,10.533093,39.554100,-45.055630,-0.986799,-40.412197,-8.145334,-15.684684,41.132495,-44.959526,2.022836,-10.110125,-3.311612,-3.400401,-77.606856,42.362295,-51.320802,73.909204,13.605634,-13.881853,-5.760655,-84.000405,-53.333546,53.196799,69.977269,1.924291,-5.934067,9.644135
587.000000,-135.407150,114.927304,69.679153,-4.136115,-0.479558,-0.417043,-0.062849,8.383873,10.260121,41.432863,-45.203514,-0.994392,-40.841345,-8.178449,-15.420105,41.320483,-44.761303,2.373685,-9.819674,-2.667415,-2.850142,-78.064035,42.465912,-51.732263,73.942016,13.570187,-13.577335,-5.552479,-84.181358,-53.057193,53.088219,69.568803,2.204055,-5.566687,9.666975
588.000000,-134.324312,114.948440,69.518197,-4.040141,-0.853623,-0.256269,0.553820,8.298714,9.932978,43.267391,-45.229571,-0.969896,-40.822658,-8.079681,-15.379414,41.451076,-44.641017,2.388721,-9.355752,-1.689788,-2.595829,-78.275880,42.404533,-52.162462,74.043192,13.665491,-13.319359,-5.518287,-84.237556,-52.421207,53.314841,69.391348,2.270790,-5.260102,9.208676
589.000000,-133.165634,114.896929,69.345760,-4.036683,-1.155035,0.155431,0.988251,8.414174,9.412943,45.322458,-45.017743,-1.009825,-40.349302,-8.259893,-15.901077,41.672941,-44.582994,2.610532,-8.932648,-0.515867,-2.305655,-78.607841,42.243672,-52.687085,73.907080,13.437072,-12.964801,-5.648174,-84.426630,-51.789319,53.209633,69.578748,1.611710,-5.130579,8.911803
590.000000,-131.846154,114.800870,69.192666,-4.330018,-1.494469,0.727063,1.720284,8.805144,8.581447,47.097112,-44.499342,-1.480122,-39.109288,-8.230823,-16.597406,41.599899,-44.648083,2.484527,-8.883924,1.067212,-1.676701,-79.069541,42.306325,-52.928598,73.837371,13.472849,-12.754714,-4.679977,-84.815185,-50.925194,53.058750,69.683366,1.214188,-4.938664,8.202952
591.000000,-130.428720,114.635432,69.049710,-4.043405,-1.627455,1.626288,2.661786,8.710748,8.141975,47.938516,-44.187117,-1.523231,-37.842120,-9.069321,-17.191965,41.915348,-44.570205,2.585362,-8.641959,2.235626,-1.373471,-79.672961,41.740304,-53.017096,74.088735,13.093194,-12.680423,-4.827248,-85.107176,-50.538277,53.156050,69.741463,0.810027,-4.613752,8.209021
592.000000,-128.897238,114.339209,68.802994,-3.852316,-1.461373,2.304083,3.339498,8.916818,7.680668,49.040137,-43.807976,-1.970755,-36.814337,-9.486565,-17.611687,42.456268,-44.751960,2.356579,-8.506844,3.542464,-1.495860,-80.054762,41.610817,-53.270537,74.138862,12.288544,-12.659465,-4.648196,-85.449191,-49.679552,53.504024,69.891885,0.381116,-4.541812,8.203258
593.000000,-127.359760,113.977575,68.539703,-3.170830,-1.658957,3.621506,4.322029,9.063065,7.295659,50.048378,-42.272584,-2.477542,-34.989249,-10.647047,-18.170202,43.192043,-44.719356,2.744279,-8.768928,4.257096,-1.132990,-80.780777,41.252662,-53.542478,74.447354,12.224185,-12.089732,-5.048881,-85.990907,-49.000279,53.778468,70.105868,0.081335,-4.113542,8.582794
594.000000,-125.516093,113.353682,68.198520,-1.959471,-1.629589,3.980689,5.770848,8.211833,6.643644,50.191911,-40.910511,-2.442660,-33.330176,-11.460813,-18.140282,44.585576,-44.762423,2.972950,-8.435594,4.388377,-1.223413,-81.086783,41.299070,-54.237955,74.519700,11.089773,-12.216793,-5.313552,-86.530772,-48.024371,54.402665,70.022225,-0.380360,-3.887745,8.970857
595.000000,-123.606586,112.630606,67.737508,-1.111764,-1.131090,4.100946,6.288584,7.914858,5.967868,51.334595,-39.972371,-2.768078,-31.497178,-11.992042,-18.835181,45.330094,-45.125663,2.286950,-7.541447,4.696549,-1.808647,-81.288165,41.439512,-54.049111,73.760108,11.153318,-11.152450,-5.181915,-86.920038,-46.940407,54.061473,70.412659,-1.810974,-3.531668,9.259595
596.000000,-121.599531,111.824131,67.429096,-0.610448,-0.835907,4.471011,6.467647,8.042113,4.642461,53.119754,-36.281702,-6.134363,-29.327302,-12.284439,-20.093160,44.376292,-43.312350,1.836735,-6.907080,5.267871,-2.511318,-81.300473,40.960498,-53.628152,74.368370,10.822196,-12.196248,-5.692325,-87.287898,-45.843417,54.628710,70.888409,-2.443026,-3.483062,9.970976
597.000000,-119.917750,111.248934,67.280489,-0.536350,-0.439306,4.620631,4.599915,8.217187,2.563185,57.638040,-31.511255,-8.957771,-29.955284,-11.035467,-17.403271,46.297355,-38.181311,3.550963,-5.924276,6.296687,-2.723691,-80.800926,40.364277,-52.889922,74.463337,10.421451,-11.736858,-5.759248,-87.327814,-44.880773,54.176552,70.379512,-2.129555,-2.792008,11.161618
598.000000,-118.503034,110.662997,67.212456,-0.818777,-0.818074,4.026471,2.636768,8.208491,0.102809,63.600536,-27.976585,-11.066009,-30.630557,-10.264692,-16.150717,50.343955,-37.582651,3.212160,-4.851678,7.862296,-1.703327,-79.764616,40.012228,-53.539701,74.078032,9.599227,-11.618848,-6.291978,-87.177898,-43.642518,54.035594,70.567541,-1.969068,-2.531251,11.494596
599.000000,-117.134988,109.909832,67.623442,-0.958499,-0.125059,4.298450,-1.529534,8.772240,-1.917391,69.295452,-25.609432,-11.954371,-30.015765,-9.007802,-15.824645,50.276674,-36.910684,2.861306,-4.991177,9.269779,-0.989607,-79.998147,40.291293,-54.077814,73.786083,8.314487,-11.463741,-5.502658,-88.461823,-42.210566,55.004439,70.987597,-2.461702,-2.363739,10.877968
600.000000,-115.842450,109.270871,67.880964,-0.473009,0.209215,4.241741,-4.655432,10.433269,-1.253061,72.768876,-28.194256,-10.677553,-29.667456,-8.924422,-15.656957,51.105381,-37.352276,2.903825,-4.354888,9.771080,-0.855626,-80.231985,40.164538,-54.671505,73.569532,8.126121,-11.552181,-5.468012,-88.792971,-41.381818,56.132974,70.908258,-2.893470,-2.009408,11.073506
601.000000,-114.360392,108.660448,68.405122,0.240494,2.217684,3.822648,-8.808769,12.554695,0.803073,73.008712,-31.010582,-8.975993,-29.221448,-8.271399,-15.129854,48.291647,-37.015264,2.442506,-2.991298,9.791483,-2.552753,-81.561577,40.147230,-54.548783,73.889581,7.873429,-11.497716,-5.578055,-90.168052,-40.780935,56.845622,71.185714,-3.318761,-1.896268,11.116249
602.000000,-113.002825,108.116460,68.495327,0.760081,2.523770,3.616334,-11.542241,14.809011,2.175171,72.515073,-35.322921,-6.750082,-29.070125,-8.358167,-14.716933,49.669819,-38.484926,2.424279,-2.073249,10.083389,-3.287552,-81.762016,40.089235,-53.869183,73.817044,7.775158,-11.304716,-5.138619,-90.515887,-40.336731,57.096987,71.145682,-3.708690,-1.925582,11.047631
603.000000,-111.454070,107.633245,69.066805,1.350207,3.335406,3.649915,-14.188139,16.570951,4.220400,69.367230,-38.529029,-4.645944,-26.720216,-8.048739,-14.863808,46.394016,-38.395393,2.640569,-1.551210,10.560535,-4.052475,-82.261077,40.374140,-53.552064,73.820357,8.124332,-10.566759,-5.374301,-92.081892,-40.369235,57.597940,71.075297,-3.497224,-1.837120,10.986603
604.000000,-110.094464,107.215536,69.502807,1.811039,3.065234,3.819503,-16.011640,17.426849,5.442868,65.808668,-40.454739,-4.411772,-24.112665,-8.101976,-15.281192,44.713212,-38.646283,3.189593,-1.621859,11.071904,-3.930519,-82.060700,40.672759,-53.575440,74.090948,8.269764,-11.106342,-4.961396,-92.788338,-39.984436,57.763163,70.829260,-3.365073,-2.011497,10.419828
605.000000,-108.845377,106.842566,69.866860,2.941814,3.186051,3.826885,-18.244854,15.984355,5.878522,61.780379,-41.308690,-4.717388,-22.689970,-8.943274,-14.960971,44.187967,-39.515346,3.501928,-1.475226,10.710625,-3.984416,-82.030640,40.693301,-53.490736,74.307663,8.275453,-11.373765,-4.831362,-93.618534,-39.372622,57.407754,71.398092,-4.164529,-2.244178,10.416190
606.000000,-107.650340,106.518710,70.200282,4.138126,3.542015,4.005010,-21.120866,13.888296,5.731720,58.236003,-42.229718,-3.751577,-21.531377,-10.104096,-14.974266,43.743479,-40.220231,3.644205,-1.413902,10.020073,-4.599126,-81.730856,40.637201,-53.398723,74.284065,7.897906,-10.744413,-4.928407,-93.892357,-39.834886,58.888962,70.620174,-3.447395,-1.852256,10.542654
607.000000,-106.481433,106.264257,70.461512,5.343917,3.369871,3.923111,-22.959146,12.225189,6.327270,54.763169,-42.489733,-2.963491,-19.916963,-11.176311,-14.875604,43.357460,-41.120102,3.641966,-1.036456,9.306370,-4.684370,-81.592723,40.375588,-52.671513,74.577463,8.021757,-10.908445,-5.365815,-94.231755,-39.818538,58.710161,70.813059,-3.851675,-2.075819,10.702121
608.000000,-105.603015,106.113505,70.403457,5.702057,2.649191,3.708870,-25.590940,11.824118,6.521497,53.578855,-43.083375,-2.821652,-19.074828,-11.592729,-14.627299,44.948888,-42.394878,3.444754,-0.861481,9.332582,-4.287789,-81.168718,40.459377,-52.613777,74.444267,7.583813,-10.851129,-5.446914,-94.427707,-39.860974,59.184996,70.426914,-3.938119,-2.134989,10.555629
609.000000,-104.443729,105.874264,70.806199,7.407498,3.481850,3.913137,-27.201485,8.682111,6.965303,47.906766,-41.847582,-2.009486,-17.944297,-13.010973,-14.270422,43.356268,-42.890750,3.212665,-1.102077,8.118283,-4.791229,-81.455067,40.944068,-52.472993,74.188941,7.007830,-10.226453,-5.645465,-95.710280,-39.952358,59.811058,70.354316,-3.995775,-1.843957,10.665697
610.000000,-103.829050,105.860949,70.538598,7.559179,2.306548,3.615228,-30.299498,7.965321,6.277986,48.445354,-42.387085,-2.121519,-17.531555,-13.553432,-13.902252,46.092514,-43.908981,3.071536,-0.974297,8.202035,-4.284513,-80.897375,40.792284,-52.477470,74.384981,7.086474,-10.209695,-5.399781,-95.376966,-39.522053,59.551531,70.462724,-4.121106,-1.948710,10.244714
611.000000,-102.598822,105.674410,71.000582,8.209482,3.696705,3.473158,-31.996936,5.378737,5.332802,42.766830,-40.049583,-1.496350,-16.326106,-13.508578,-14.080703,42.895719,-43.535455,2.448346,-1.203364,7.465794,-5.333512,-81.516252,41.545230,-52.491732,74.271204,7.103740,-9.817498,-5.561031,-96.130172,-39.397006,59.542359,70.184517,-4.198620,-1.874832,9.861345
612.000000,-101.958334,105.743539,70.641607,8.270090,2.512300,2.896883,-34.778695,4.813334,4.695404,44.200500,-39.939815,-1.980203,-15.957632,-13.954782,-13.612025,45.571702,-44.816836,2.459861,-1.044551,7.215980,-4.810745,-81.070527,41.395044,-52.415182,74.481902,7.066965,-9.650575,-5.624904,-95.529929,-38.981628,59.572459,70.063616,-4.133149,-1.876116,10.059430
613.000000,-100.725031,105.717552,70.985514,7.897103,3.181737,1.936747,-35.585463,4.390949,4.439327,40.340822,-38.828796,-1.546830,-14.032093,-12.476082,-13.490452,41.917475,-44.097382,1.915268,-0.578353,7.176867,-5.361745,-81.825345,41.958204,-52.613022,74.624728,6.865759,-9.468002,-6.284482,-96.072300,-38.921222,59.633337,69.947523,-4.008579,-1.797898,10.626610
614.000000,-99.746448,105.794656,70.921105,7.693638,2.764939,0.731486,-36.577087,4.555848,4.714649,39.465250,-38.299135,-1.556615,-12.950837,-11.884708,-12.816316,41.726237,-44.489506,1.506186,0.012054,6.889538,-5.170967,-81.908038,42.193425,-52.529855,74.638941,6.587611,-9.399437,-7.090500,-95.988398,-38.697506,59.484773,69.963465,-3.648258,-1.695465,11.486662
615.000000,-98.677635,105.906963,70.814276,7.097071,2.362421,-0.491061,-37.468837,5.005108,4.753434,38.938970,-38.344515,-1.816758,-11.563404,-10.878418,-12.361854,41.107176,-44.794061,1.161502,0.366011,6.755666,-4.954266,-81.831636,42.707769,-52.666691,74.370351,6.519407,-9.216779,-6.784742,-95.818982,-38.537095,59.478612,69.729784,-3.206173,-1.657045,11.504880
616.000000,-97.506374,106.031823,70.701957,6.414044,1.795636,-1.820183,-37.656329,5.556334,4.331482,38.704414,-38.323379,-2.154158,-9.743128,-9.899933,-12.022519,40.294547,-44.967431,0.966001,0.739760,6.626519,-4.652034,-81.569432,43.011730,-52.509644,74.284325,6.610891,-9.045576,-7.034656,-95.620121,-38.413237,59.374213,69.556898,-3.471683,-1.549533,11.832112
617.000000,-96.272171,106.215870,70.532697,5.588740,1.215698,-2.978559,-37.633345,6.052680,3.672769,39.078179,-37.985995,-2.008536,-8.017820,-8.892821,-11.491229,39.919655,-45.213926,0.637336,0.724828,6.485327,-4.399863,-81.200759,43.280378,-52.275095,74.398573,6.648981,-9.142185,-6.967300,-95.222399,-38.337070,59.116298,69.238659,-3.022269,-1.803009,11.746704
618.000000,-95.216322,106.555891,69.972432,5.123863,0.595078,-3.360366,-39.087820,6.255179,3.808669,41.999342,-38.737708,-2.155550,-7.831963,-9.230834,-11.351378,42.847231,-46.540926,0.877420,0.147614,5.937958,-4.250612,-80.555989,43.014633,-52.119995,74.482400,6.776834,-8.976021,-6.989118,-94.678224,-38.348363,59.404969,69.096017,-3.111262,-1.771072,11.846067
619.000000,-93.648261,106.775773,70.051539,3.618396,0.538863,-5.039205,-36.918935,7.960983,4.219068,39.827236,-38.442842,-2.478926,-5.190273,-6.957095,-10.688884,39.857671,-45.893387,0.288342,0.632154,6.204526,-3.978948,-80.834456,43.382602,-52.023232,74.351370,6.945756,-8.679448,-7.305981,-95.043612,-38.897589,59.390653,68.575454,-3.346661,-1.211030,12.566956
620.000000,-92.478096,107.217228,69.377810,2.974675,0.056293,-5.346384,-37.944204,8.213293,4.237331,43.147548,-39.489476,-2.667791,-5.067721,-7.227871,-10.624959,42.956528,-47.478936,0.455308,-0.091276,5.594105,-3.988248,-80.211556,43.110802,-51.959988,74.272467,6.797742,-8.577246,-7.208477,-94.422557,-39.004000,59.609786,68.770135,-3.216263,-0.985296,12.448987
621.000000,-90.766943,107.585073,69.331431,1.404453,0.062285,-6.961111,-35.023130,9.915602,5.046491,41.165574,-39.755929,-2.386330,-2.654893,-5.296918,-9.839158,40.807525,-46.939649,-0.031553,0.474378,5.707969,-3.795190,-80.670456,43.480752,-52.049545,74.076701,7.436120,-7.985487,-7.444779,-94.716760,-39.811308,59.666142,68.076188,-3.520108,-0.928593,12.538587
622.000000,-89.333183,108.124316,68.583393,0.627596,-0.142812,-7.390678,-35.589401,10.701730,5.625275,45.044565,-40.696859,-2.085928,-2.326501,-5.634144,-10.097806,43.531623,-48.214620,-0.069155,-0.209725,5.055220,-4.017254,-80.208899,43.265676,-51.843823,74.315341,7.575697,-7.818955,-7.274431,-94.156371,-39.810379,59.751390,68.192943,-3.272146,-1.120541,12.473852
623.000000,-87.410492,108.742023,68.444222,-1.264682,-0.027547,-8.922609,-32.129128,12.446298,6.551350,43.670095,-41.164167,-2.010351,0.367551,-3.878506,-9.510559,41.208577,-47.381924,-0.261080,0.094135,5.339771,-3.959424,-80.685038,43.756050,-51.780641,74.504243,7.576088,-7.905186,-8.481732,-94.646068,-40.076784,59.496412,68.573385,-4.394554,-0.870898,13.307173
624.000000,-85.574794,109.386718,68.091428,-1.569679,0.164785,-9.616808,-30.270623,11.790312,6.291516,43.420575,-40.498087,-0.488708,1.174712,-4.298161,-8.350475,42.442171,-47.175502,0.040109,-0.615148,4.301564,-4.353309,-80.670162,44.475385,-52.012171,74.432492,7.935272,-7.340325,-8.794480,-94.771805,-40.476726,60.321027,68.170595,-3.651731,-1.108566,13.051093
625.000000,-83.878422,110.121059,67.880589,0.963759,0.956109,-9.421269,-29.736045,8.511769,8.096100,42.596809,-35.026446,0.965701,-1.078624,-8.414927,-6.976536,47.925856,-46.811934,1.516293,-1.698046,0.141602,-5.374376,-81.365359,44.419090,-52.513599,74.702954,7.966833,-6.199150,-8.993155,-94.737285,-41.233627,60.321389,68.228488,-2.638353,-0.448612,13.161752
626.000000,-82.166576,110.801005,67.576200,1.670882,0.572938,-9.888938,-30.428810,7.194787,7.789702,47.061468,-33.731169,0.276411,-1.533923,-10.797079,-6.293207,53.062090,-44.600333,3.741462,-2.287748,-2.461068,-5.455093,-81.139690,44.387429,-52.024099,75.242580,9.005685,-6.466107,-9.079372,-93.937593,-41.411164,60.409922,68.542915,-2.682364,-0.469518,13.371056
627.000000,-80.578136,111.713672,67.661923,2.743821,0.747446,-10.236289,-29.886872,5.731203,9.111372,48.511948,-34.613261,0.015583,-3.690689,-13.141841,-4.374595,58.211722,-40.382978,7.100992,-2.350940,-5.330391,-5.845977,-81.334651,44.103734,-52.022600,75.859762,10.528514,-6.975075,-8.718746,-93.297748,-42.323206,60.659497,68.940460,-2.428027,-0.727849,13.493369
628.000000,-79.080170,112.571728,68.093473,5.273736,2.185545,-10.529680,-28.297646,2.202917,11.345244,44.134357,-32.464289,0.932403,-8.480709,-16.586414,-1.670704,63.832223,-35.035151,10.471714,-2.753905,-8.923312,-7.621234,-81.832947,43.993723,-52.816016,75.990356,10.731917,-6.705085,-8.574528,-93.133003,-43.460053,61.267589,69.179728,-2.464800,-1.002197,13.412099
629.000000,-77.823949,113.323450,68.054450,5.326305,1.903198,-10.707425,-28.264318,1.421736,11.680521,46.368201,-33.963491,2.621084,-10.553419,-18.396467,-1.621233,68.682825,-32.868906,11.534917,-3.638215,-10.188047,-7.728024,-81.873908,44.461837,-53.289337,76.107582,10.923025,-6.725802,-7.429556,-93.060351,-43.820482,61.901615,69.243618,-2.741122,-1.098296,12.765498
630.000000,-76.241052,114.058506,68.683380,5.608898,2.419663,-11.646416,-23.732020,-0.261900,12.897054,39.486198,-33.468422,3.822484,-13.579231,-22.406625,-3.653758,71.189129,-33.365252,10.472193,-4.782967,-11.447957,-7.923507,-83.553397,46.078512,-53.173491,76.533130,12.022667,-7.802118,-4.592308,-94.196191,-43.988430,60.994061,69.486957,-2.721755,-1.360586,11.211520
631.000000,-75.032097,114.721787,68.673968,5.318758,1.447633,-12.322348,-23.049915,-0.163770,13.763839,42.336764,-35.322549,3.524431,-15.617965,-26.200836,-6.007284,72.705513,-36.227607,9.232726,-5.181629,-12.402333,-7.484361,-83.300926,46.425650,-53.012838,76.134807,11.789158,-8.458748,-3.332308,-93.795586,-43.943074,60.324975,69.484703,-2.543729,-1.679549,9.961769
632.000000,-73.331106,115.278268,69.371974,3.657325,0.518892,-13.384562,-17.035480,0.141860,14.241682,37.091192,-35.558627,3.208191,-15.869212,-26.931368,-9.217103,69.953028,-39.411377,7.434127,-4.868415,-12.124743,-5.845230,-83.793048,47.281004,-52.800736,75.499443,12.028677,-7.997416,-1.490581,-93.589007,-44.538912,59.073138,68.994159,-2.643718,-1.842496,7.975316
633.000000,-72.157699,115.887642,69.465190,3.023210,-0.613788,-13.814489,-15.477448,0.259121,14.807220,38.830708,-37.249717,2.980420,-17.931451,-28.633299,-11.410267,68.188811,-42.508533,6.791097,-4.872695,-12.414887,-5.286376,-83.640256,47.805758,-53.519122,75.136097,17.382666,-8.518480,-4.046015,-92.804328,-44.433092,59.180639,68.883298,-2.849171,-2.126798,9.016801
634.000000,-70.740205,116.417646,70.053643,1.003692,-1.540387,-14.603584,-10.227497,0.932652,15.012619,34.449545,-37.563107,2.569663,-18.386671,-26.350988,-13.679600,63.301278,-44.492436,6.294678,-4.608262,-11.393784,-3.483704,-82.302031,46.168472,-47.832464,75.460196,17.199659,-9.571002,3.895489,-92.693460,-44.592543,58.194489,68.511640,-3.630096,-3.077432,5.842685
635.000000,-69.585896,116.940761,70.398307,0.005421,-2.365840,-14.373747,-6.519918,0.884023,15.503671,31.267349,-37.404623,1.975788,-20.154071,-24.706080,-14.373527,59.667276,-45.958232,6.008597,-4.996278,-10.887045,-2.316121,-82.135791,45.816899,-46.165450,75.594211,21.086659,-9.096758,7.097197,-92.455490,-44.784208,57.764576,68.171059,-2.989750,-2.846340,4.310503
636.000000,-68.678033,117.475021,70.650804,-1.005709,-2.426403,-13.845566,-4.831246,1.170348,15.198214,29.850758,-37.967283,1.556643,-23.002885,-22.569349,-14.687255,56.301526,-46.317316,6.305074,-5.583682,-10.310667,-1.936714,-83.823886,46.721745,-47.813605,76.100868,28.573164,-9.877642,3.750594,-92.089473,-44.838464,57.136698,68.237039,-2.884644,-2.777734,5.985009
637.000000,-67.630231,117.940152,70.881987,-1.856415,-2.762360,-13.295715,-2.466951,1.292355,15.246799,27.999341,-37.779327,0.213126,-25.558564,-19.921102,-13.650318,53.437696,-46.301531,6.339818,-6.134823,-9.889526,-1.209883,-81.687307,44.243110,-40.839593,76.100718,24.734345,-9.840008,16.654137,-91.397890,-44.469784,56.323270,68.005284,-2.634470,-4.202248,0.432286
638.000000,-66.866249,118.406188,70.800620,-2.184611,-3.816951,-11.810856,-1.864195,1.125031,14.548834,30.016701,-38.740676,-0.460971,-28.301988,-18.768940,-12.116580,53.162740,-46.655649,6.641769,-6.727578,-9.562594,-0.529230,-82.148427,44.651942,-43.423662,76.559372,30.497372,-10.084072,13.702504,-90.799893,-44.617244,57.086403,68.290383,-2.890352,-3.983494,1.814293
639.000000,-65.705961,118.720615,71.171832,-3.289246,-3.305962,-10.871414,0.810777,1.450389,14.090790,25.842007,-37.962089,-1.906358,-30.080519,-15.734611,-12.229061,49.999194,-46.106294,6.221690,-7.619159,-8.782529,-0.154802,-82.131208,42.739345,-37.226262,77.248258,30.082981,-9.765589,25.267110,-90.598334,-44.620004,56.013599,68.364866,-3.275980,-5.264313,-3.495951
640.000000,-64.799440,118.949974,71.234125,-3.602884,-2.260237,-9.684201,0.452387,1.701266,13.374921,25.557345,-38.276117,-2.991607,-33.334953,-14.209864,-12.465151,48.390231,-46.074506,6.999878,-8.321192,-8.137890,-1.464101,-81.752529,39.782454,-30.956268,77.821857,33.020853,-11.424877,34.523222,-89.759436,-43.932149,55.954416,69.136035,-3.454760,-7.634987,-9.658271
641.000000,-64.124346,119.155741,71.048981,-3.431960,-3.369549,-8.283613,0.554810,1.482312,12.672357,28.258386,-39.090026,-3.508697,-35.355679,-14.442638,-12.330974,49.446140,-46.384395,7.345872,-8.476871,-8.413070,-0.950104,-81.121323,39.167641,-30.176647,78.198720,34.105771,-10.679591,34.720396,-88.877297,-44.196846,55.745245,69.558701,-3.662740,-7.239198,-9.379367
642.000000,-62.981701,119.198751,71.180487,-4.138189,-1.582501,-6.455649,-0.103232,1.751013,10.621944,27.616564,-39.548875,-3.099266,-37.328961,-12.925687,-14.219673,46.744073,-45.692275,6.905272,-8.678055,-6.688302,-2.150424,-82.166616,37.789162,-31.770331,79.655756,33.322304,-9.658512,33.217020,-89.336723,-45.773496,56.290553,69.527036,-3.745212,-7.023889,-7.790867
643.000000,-62.231678,119.325399,70.897728,-3.931715,-2.581725,-5.216380,-0.131614,1.468978,9.849603,30.637934,-40.571928,-3.143499,-38.696280,-13.049332,-14.323618,47.620031,-45.640509,7.262100,-8.442011,-6.740551,-1.673676,-81.009090,37.358266,-33.423398,79.519378,32.004275,-9.874113,31.436133,-88.894311,-46.154484,56.808285,69.673640,-3.236804,-6.742987,-8.208203
644.000000,-61.086458,119.310033,70.910507,-4.626940,-1.241515,-3.647700,-0.634184,1.916571,8.482491,30.654968,-41.891944,-2.884275,-39.545518,-11.035110,-15.639590,44.436272,-45.109455,6.302603,-8.429035,-5.570728,-2.356779,-82.233360,37.345623,-35.145049,79.355945,30.805219,-9.155011,30.014303,-89.255368,-47.618668,57.167481,69.549378,-3.130271,-6.164109,-7.219210
645.000000,-60.235900,119.391763,70.544320,-4.327663,-2.150376,-2.551688,-0.516001,1.701540,8.106089,33.457869,-43.120343,-3.153137,-40.504057,-10.798195,-15.195166,45.725162,-45.063942,6.719266,-8.128813,-5.758892,-1.940959,-81.609436,37.109128,-35.141241,79.416419,30.563491,-9.237019,28.139302,-88.766935,-47.563259,57.106658,69.724374,-2.755897,-5.994033,-7.027495
646.000000,-58.983016,119.286752,70.642680,-3.797381,-1.656878,-0.786543,0.918607,0.532166,6.395037,31.091878,-42.679526,-3.021357,-40.298717,-9.872827,-15.105785,43.450030,-44.490022,6.426193,-8.587813,-5.641849,-2.457169,-81.896693,37.683346,-35.954686,79.079343,29.816030,-9.266657,24.654263,-88.994585,-48.158038,57.534262,69.408895,-2.738510,-5.780211,-5.248625
647.000000,-58.031666,119.346392,70.219868,-3.381634,-2.415214,0.054208,1.091540,0.045909,5.716138,33.709012,-43.844200,-2.995696,-40.922163,-9.592058,-14.457554,45.123891,-44.788269,6.699019,-7.917420,-5.643378,-2.126772,-81.031110,37.739261,-36.353129,78.720854,29.004531,-9.683518,23.466172,-88.606261,-47.939551,57.261810,69.626149,-2.958115,-5.446220,-4.654651
648.000000,-56.593508,119.169641,70.325220,-2.659947,-1.965155,1.649340,3.160840,-1.101057,4.254311,30.886925,-43.021483,-3.003804,-39.632391,-9.160679,-15.002840,42.392990,-44.396851,6.413199,-8.291918,-5.608580,-2.479127,-81.151875,38.561062,-37.343441,78.125077,28.416937,-9.250607,21.953611,-88.893218,-48.317916,56.942092,69.482456,-2.832829,-5.521583,-3.112701
649.000000,-55.469638,119.162452,69.858843,-2.280403,-2.637131,2.530281,3.287122,-1.337146,3.799088,34.040768,-43.894839,-2.621366,-39.871226,-9.237151,-14.567453,44.676168,-44.383112,6.484221,-7.529832,-5.463805,-2.172178,-80.547833,38.522540,-38.141569,78.170197,28.141390,-8.828716,20.495477,-88.371508,-48.428548,57.283171,69.652500,-2.512054,-5.225666,-2.029436
650.000000,-53.987378,118.948507,69.811076,-1.444292,-2.120341,4.035079,4.526209,-2.449346,2.414190,32.920422,-43.454046,-2.155088,-38.807796,-9.404658,-15.074424,43.119462,-44.166636,5.919147,-7.456092,-5.419733,-2.403903,-81.174599,38.810217,-39.289229,77.627511,26.921356,-8.169408,17.936741,-89.072319,-49.222452,57.810844,69.540922,-2.580768,-4.207670,-1.251863
651.000000,-52.591276,118.769038,69.572920,-1.003730,-2.130782,5.025822,5.443233,-2.718393,1.805865,33.710812,-43.589369,-1.998476,-37.730860,-9.545547,-16.122499,42.306117,-44.336616,5.932935,-6.966063,-5.031306,-2.422203,-81.065056,39.033681,-40.099358,77.137192,25.612347,-8.140292,16.805928,-88.970884,-49.606137,57.546714,69.251199,-1.796851,-4.627765,-0.618061
652.000000,-51.096714,118.521619,69.245785,-0.498635,-2.234665,6.018481,6.259082,-2.924885,1.292335,35.083017,-43.937890,-1.742716,-36.708271,-9.686472,-16.814065,42.238908,-44.285297,5.596943,-6.635182,-4.829871,-2.398523,-81.218947,39.289126,-41.043351,77.049110,24.390059,-8.305133,13.710789,-88.966445,-49.779733,57.625165,69.279859,-1.441667,-4.385939,0.541443
653.000000,-49.441057,118.220448,68.908715,-0.257604,-2.118171,6.878184,6.920451,-2.864369,0.587947,36.573986,-44.165308,-1.797410,-35.377392,-9.665232,-18.054844,41.849846,-44.249449,4.723637,-6.311564,-4.146864,-2.389755,-80.890607,40.070066,-42.621210,75.582375,22.865870,-7.805807,11.941296,-89.267075,-50.042433,57.934218,69.127730,-1.325506,-4.085048,1.705151
654.000000,-47.655514,117.916059,68.503189,0.007217,-1.987163,7.357999,7.913654,-2.687424,0.260143,37.792588,-44.292964,-1.978206,-33.887331,-9.997718,-19.674351,41.955537,-44.647789,3.847605,-5.770289,-3.431754,-2.676910,-80.640089,40.603719,-43.583669,74.815679,21.714582,-7.497664,9.394373,-89.375928,-50.159547,57.909643,69.077876,-1.600328,-4.027639,2.309054
655.000000,-45.724231,117.564917,68.038601,-0.006611,-1.986381,7.897980,8.688957,-2.108240,-0.407779,40.000460,-44.458337,-2.536546,-31.592794,-10.097058,-21.634418,41.977086,-45.065889,2.981357,-5.276232,-2.492301,-2.742985,-80.780736,40.960709,-44.646911,74.288819,20.015511,-7.650020,7.452436,-89.488797,-50.456578,58.214249,69.176006,-1.026192,-3.959769,2.935602
656.000000,-43.620029,117.283213,67.275876,0.054354,-1.937846,7.930901,8.790542,-1.630720,-0.686596,44.172121,-44.547095,-3.404173,-30.315590,-11.052373,-23.299421,44.630993,-45.353737,3.176511,-3.983326,-1.516261,-3.133611,-80.762739,40.753154,-45.830228,74.439466,19.815277,-7.506711,6.389108,-89.374501,-50.705470,58.351809,69.519885,-0.934446,-3.789284,3.665331
657.000000,-41.329837,116.756618,67.167330,-1.066597,-2.097191,8.796281,8.630605,0.192377,-2.811755,48.608308,-42.431806,-5.618092,-27.334893,-8.914137,-24.346013,42.814819,-41.147440,2.617479,-3.266304,0.844826,-3.799550,-80.720043,39.853819,-48.205757,75.327561,15.933402,-8.500831,4.175774,-88.797336,-51.836310,58.380980,69.031807,-0.214586,-3.638689,3.830525
658.000000,-39.465255,116.633356,67.125875,-2.177396,-2.593281,9.040746,6.939578,1.657861,-3.704917,55.503493,-36.896938,-8.729931,-27.152626,-6.893540,-22.205203,45.385890,-37.117399,2.886854,-2.542767,3.243415,-3.497173,-80.074986,39.546228,-47.782849,75.511416,15.587328,-8.225413,1.546759,-87.840870,-51.796634,56.982209,69.175992,-0.040364,-3.390771,5.435943
659.000000,-37.637135,116.344261,67.307103,-3.024896,-3.112298,8.995021,4.879053,2.243455,-5.348074,62.035466,-29.404801,-12.751810,-26.227303,-4.873899,-20.806841,47.179853,-36.854031,1.609599,-2.492429,5.405126,-3.246969,-79.546569,40.123065,-49.878460,75.892465,14.321906,-8.667582,0.703104,-86.861476,-51.298026,56.954970,69.233263,-0.738476,-3.249033,6.432559
660.000000,-35.940605,116.186130,67.535412,-3.541568,-3.514731,8.858280,2.463984,1.939973,-6.643816,68.381648,-23.597016,-14.998559,-24.855017,-3.087940,-19.695474,47.910365,-36.822714,0.180742,-2.591486,6.931109,-2.824573,-79.831073,40.651708,-52.629691,76.213669,11.416872,-9.763494,0.182030,-86.411039,-50.859207,57.174185,69.616232,-0.968634,-3.606168,5.982351
661.000000,-34.260723,115.931463,67.739671,-3.505179,-3.462552,8.473024,-0.347876,1.750311,-7.143653,73.682687,-19.752467,-14.950357,-23.449836,-1.938651,-18.863290,47.777436,-37.709860,-1.503221,-2.218392,7.634086,-2.940883,-80.350127,41.560612,-54.279872,75.202848,10.156595,-8.693208,-0.982508,-86.320976,-50.981215,57.034777,69.647541,-0.902259,-3.103531,6.204330
662.000000,-32.616824,115.339208,67.671698,-2.935957,-3.948952,8.544172,-2.524636,5.206397,-5.662384,77.346094,-23.076600,-14.083211,-22.894627,-1.675501,-17.825289,50.514027,-39.469040,-2.555121,-1.888283,7.998041,-3.068896,-80.068388,41.389799,-54.410284,74.781883,10.037357,-7.986085,-1.750126,-85.849010,-51.216812,57.348058,69.516818,-1.014469,-2.839757,6.838809
663.000000,-30.893916,114.859521,67.808270,-2.364673,-3.623453,8.578749,-5.968202,10.426606,-2.298318,79.117134,-28.534278,-10.712402,-21.744681,-1.171214,-17.313707,50.797302,-40.816169,-3.285021,-1.960905,8.160446,-3.615316,-79.748080,41.538782,-54.413194,73.670639,9.061148,-7.470901,-3.283129,-86.163834,-51.950262,57.409536,69.261417,-0.720708,-2.680890,7.260604
664.000000,-29.198346,114.453804,68.120378,-2.825336,-3.555587,8.268386,-9.376097,15.700576,-0.131996,78.867764,-34.752450,-7.821098,-19.111928,0.979635,-17.067514,47.934548,-40.797662,-3.933555,-2.258511,9.187823,-3.726335,-79.882266,41.859887,-55.114934,73.632936,8.577477,-7.003805,-4.637007,-86.863607,-52.509924,57.519509,69.267646,-0.479134,-2.426096,7.589769
665.000000,-27.592960,114.082181,68.264192,-2.385786,-4.374794,7.639789,-11.580707,18.833625,2.076836,76.883895,-39.754518,-5.435602,-16.370544,1.861927,-16.295382,47.128688,-42.129693,-4.451442,-2.404763,8.909468,-2.485444,-80.594101,43.093426,-55.663276,72.427005,7.886405,-7.449014,-6.577318,-87.537323,-53.098925,57.567423,69.334842,-1.015852,-2.140974,8.799646
666.000000,-26.176488,113.754940,68.387234,-1.576108,-4.753913,6.481606,-14.510095,19.004127,2.880147,73.927645,-43.315045,-3.973142,-14.473010,2.275076,-14.912169,46.739992,-43.360114,-4.510520,-2.318315,7.842460,-1.812202,-81.552192,43.844880,-55.228110,71.883233,9.015290,-7.739079,-7.065592,-87.782274,-53.686048,58.234022,69.372811,-0.756660,-1.649772,10.169090
667.000000,-24.748489,113.448894,68.552774,-0.740780,-4.966419,5.187981,-17.527872,18.269103,3.147352,70.278145,-45.357548,-4.154881,-12.625259,2.426467,-13.459672,46.214009,-44.595101,-4.226409,-2.300557,7.217193,-1.303722,-81.480967,43.729665,-54.874590,72.046584,8.944283,-7.855514,-7.191907,-88.224310,-54.047287,58.157476,69.838575,-0.820602,-2.163967,10.020452
668.000000,-23.511259,113.152158,68.767536,-0.220616,-5.240708,3.541335,-20.650133,17.429579,2.696865,66.655584,-46.819096,-3.841922,-10.890204,2.869984,-11.781742,45.355222,-45.172429,-3.621213,-2.314750,6.795961,-0.910081,-81.245052,43.454101,-54.109537,72.299069,9.770363,-7.675454,-7.092763,-88.066171,-54.322625,57.712353,69.777172,-1.324416,-2.131744,9.057204
669.000000,-22.284359,112.873709,68.976426,0.242341,-5.282926,1.270226,-23.509385,16.114221,1.759695,63.369792,-46.180453,-2.895990,-9.593353,3.439673,-9.650856,44.547942,-45.602619,-3.441697,-2.226848,6.481972,-0.417115,-81.179366,43.776161,-54.798058,71.882830,9.533712,-8.150295,-6.813549,-88.195904,-54.474590,57.862904,69.471138,-0.965549,-2.358506,9.073952
670.000000,-21.108505,112.551999,69.192326,1.115052,-4.926398,-0.968172,-26.402860,14.097951,0.726688,59.482765,-45.891013,-2.667541,-8.929866,3.493446,-7.369242,44.039987,-45.850776,-2.980377,-2.622967,5.466717,-0.212904,-81.536394,43.824918,-54.888315,72.040819,9.461583,-8.597954,-6.154763,-88.507476,-54.011398,57.903455,69.896358,-0.870886,-2.815540,8.525467
671.000000,-19.911018,112.248945,69.357073,2.110125,-4.592576,-3.612724,-28.629126,11.720193,-0.649164,55.369198,-45.435241,-2.498672,-8.662053,3.230150,-4.905859,44.330072,-46.265406,-2.343469,-2.819019,4.262952,-0.586883,-81.452663,43.815298,-54.472883,71.968283,9.975150,-8.269296,-5.912889,-87.950317,-53.863517,57.795510,69.584936,-0.921920,-2.764992,8.866903
672.000000,-18.641274,111.970186,69.496661,3.054739,-4.370342,-6.755040,-30.089241,9.192602,-2.644788,51.665702,-44.494444,-2.225377,-8.436220,3.292421,-1.763103,44.870200,-46.544686,-1.808010,-3.149724,3.195754,-0.955417,-81.358112,43.971057,-54.790135,72.054978,9.857189,-8.490377,-6.020612,-87.821254,-53.240484,58.112663,69.776789,-1.035398,-2.445350,8.755883
673.000000,-17.437446,111.815250,69.566357,3.540688,-4.293421,-9.744255,-31.277799,6.845351,-5.261673,48.597711,-43.792813,-2.523741,-8.034136,3.492938,1.012099,45.274968,-46.856122,-1.105612,-3.589108,2.399227,-0.929536,-81.815489,43.116443,-54.216945,72.520633,10.540491,-8.189299,-6.440474,-87.838015,-53.374971,57.826888,69.778824,-1.526010,-2.936043,9.548590
674.000000,-16.073415,111.615622,69.633555,4.161250,-3.856150,-13.399858,-32.119873,5.349642,-6.767685,45.929768,-42.666231,-2.675198,-8.322832,3.827667,4.547640,46.286081,-46.989673,-0.586753,-4.287466,1.812675,-1.830768,-81.410070,43.046670,-54.361821,72.881629,10.346466,-7.908243,-6.068760,-87.637481,-52.828808,58.169210,69.740548,-1.399121,-2.211337,8.935148
675.000000,-14.614505,111.440158,69.715226,4.854723,-4.062331,-17.121817,-31.251821,3.626868,-8.350108,42.492874,-42.054168,-2.694626,-7.629393,3.581783,7.753700,46.794172,-47.100875,0.707924,-4.983158,0.828232,-1.722638,-81.869468,43.064998,-54.854953,73.289692,9.883189,-8.475750,-5.811647,-87.942285,-52.719956,58.263822,69.909554,-0.922673,-2.494930,8.826540
676.000000,-13.134408,111.333394,69.648588,4.893346,-4.414005,-21.326996,-30.538643,2.942561,-9.395944,41.261200,-41.749121,-3.046487,-6.807549,3.926466,11.119463,47.520303,-47.294965,1.429319,-5.378812,0.369700,-1.449126,-82.054273,42.720531,-54.368442,73.678965,10.551930,-8.829518,-4.854123,-88.203594,-52.801559,58.192488,69.983211,-1.273125,-2.402281,8.645770
677.000000,-11.594158,111.258543,69.499898,4.863360,-4.423924,-25.826257,-29.902104,2.067116,-11.148164,40.607889,-41.971390,-3.089574,-6.507586,4.178816,14.193539,48.535584,-47.573750,2.210681,-5.794679,0.176724,-1.591974,-82.202857,42.614308,-54.442611,74.081570,10.266204,-8.232381,-5.842333,-88.566284,-52.837360,58.605441,69.948623,-1.810241,-2.044987,9.484466
678.000000,-10.031360,111.180043,69.336849,5.001983,-4.500499,-30.533917,-28.849575,1.073212,-12.679474,39.827834,-42.226504,-3.001546,-6.493885,3.912770,16.817473,49.742803,-47.899587,3.027163,-6.082466,-0.312937,-1.718628,-82.331613,43.078191,-54.430604,73.284248,10.318100,-8.233210,-4.955282,-88.554174,-53.125065,58.464568,69.704601,-1.420801,-2.396085,8.848983
679.000000,-8.409991,111.104429,69.233799,5.054713,-4.181730,-35.324263,-27.566664,0.602029,-13.883026,38.468001,-42.269985,-2.977793,-6.649882,3.794559,19.265857,50.343552,-48.165439,3.849773,-6.449911,-0.514188,-2.372112,-82.285522,43.361377,-54.755851,73.128472,10.975707,-7.560892,-5.305800,-88.535548,-52.996561,58.269163,69.749810,-1.593858,-1.783502,9.597930
680.000000,-6.663084,111.082470,69.080144,5.241002,-3.984167,-40.216520,-26.135563,0.072681,-14.216230,37.260253,-42.715819,-2.610502,-6.931553,3.011140,21.429800,50.888854,-48.473173,4.786765,-7.138284,-0.953401,-2.803598,-82.566243,44.034301,-54.892905,73.506018,11.069287,-8.243177,-5.152981,-88.529422,-52.111195,57.490501,70.240354,-0.829517,-1.510743,8.854957
681.000000,-4.805024,111.044419,68.899745,5.352545,-4.126874,-45.300613,-23.979403,-0.760382,-14.437654,35.860064,-42.908864,-2.245761,-7.084866,1.811538,23.657542,51.518068,-48.617870,6.008837,-7.712561,-1.805497,-2.635818,-83.347180,44.763509,-55.638106,73.652559,10.397718,-8.880078,-7.580289,-89.228177,-50.537263,56.391285,71.039445,-1.051044,-1.452754,9.707960
682.000000,-2.791454,111.050415,68.609262,4.760194,-3.599847,-50.641867,-22.666483,-0.941907,-14.745151,36.901900,-42.998933,-1.909950,-7.372466,1.344338,25.462489,51.971401,-48.645273,7.090014,-7.687318,-1.505106,-2.937950,-83.531328,44.872885,-55.951568,73.583848,10.778908,-8.816524,-5.173270,-89.199894,-49.483324,56.347066,70.492265,-0.650514,-1.661220,8.918560
683.000000,-0.798488,111.039197,67.911500,3.646113,-3.314852,-55.621424,-22.431245,-1.622019,-15.271014,43.212599,-43.452523,-1.597195,-8.017091,1.190410,26.421842,54.681357,-49.086046,7.620988,-8.084827,-1.528335,-2.801978,-83.185291,44.831207,-56.420498,73.318563,10.541678,-8.659309,-4.674725,-88.817465,-48.244768,56.192038,70.103661,-0.063527,-1.614235,8.401771
684.000000,1.142128,110.888183,67.762321,2.525265,-3.414361,-61.035384,-20.005855,0.073214,-11.104903,45.127237,-43.473864,-1.847087,-9.203056,-1.536763,24.401372,57.340128,-47.487997,9.582144,-7.607057,-2.789067,-1.539958,-83.693784,44.959382,-56.660019,72.615545,9.348216,-8.279762,-4.818278,-88.584077,-46.861757,55.426142,69.888422,0.650637,-1.238276,8.834009
685.000000,2.695430,110.652459,67.766893,2.002467,-4.210867,-66.190964,-17.847102,0.616997,-6.915569,46.404544,-43.849633,-1.878434,-12.362714,-7.719454,17.818879,61.290013,-45.476670,11.857008,-7.380237,-5.027196,-1.290153,-82.900192,44.947610,-56.214499,72.835546,10.112963,-8.857957,-6.079291,-87.881360,-45.353812,55.463021,69.716349,-0.266594,-1.486491,10.112085
686.000000,4.093817,110.441315,68.198913,1.770704,-3.518166,-71.434105,-15.176839,2.881635,-2.237575,44.688589,-43.312842,-2.182050,-15.926705,-11.986349,11.090151,62.480194,-44.495906,11.002782,-6.874332,-6.004051,-1.852954,-82.205821,45.285073,-56.209274,72.750804,10.807788,-8.638669,-6.438495,-87.542535,-45.004472,56.176380,69.155310,-0.419878,-1.444156,10.462301
687.000000,5.401056,110.378337,68.609875,2.134857,-2.491604,-75.576548,-13.694652,4.258017,0.833934,43.010736,-43.495464,-2.132167,-19.363865,-13.877603,6.397209,61.766685,-46.179787,10.007688,-6.984546,-6.323600,-2.426939,-82.191764,45.542212,-55.777620,72.910562,11.028609,-8.588373,-6.086829,-88.491958,-45.275022,56.964823,69.414407,-1.300849,-1.799787,9.944806
688.000000,6.516387,110.481226,69.010562,2.820040,-0.434835,-79.454565,-13.719370,6.843627,3.483785,42.769746,-43.694858,-2.280221,-23.323515,-12.426093,3.466095,59.796564,-47.202980,8.419539,-7.583920,-5.615557,-3.034283,-82.522147,46.395255,-56.054929,72.793643,11.580623,-8.657380,-6.181100,-89.653241,-45.647869,57.380201,69.165262,-0.615550,-2.130481,9.916788
689.000000,7.576124,110.470355,69.444036,3.556102,1.755717,-82.951296,-13.557639,9.626066,6.104336,42.281152,-43.888330,-2.808587,-26.488734,-10.430518,0.382547,56.644125,-47.755477,6.502261,-7.839778,-4.609623,-3.828148,-82.749620,46.063977,-56.156658,73.212231,11.957218,-8.884144,-6.286889,-89.811496,-46.510136,57.217171,68.822728,-0.425452,-2.020992,9.575376
690.000000,8.550074,110.397947,69.847435,4.503486,4.152295,-85.978431,-13.962649,12.646736,8.224245,42.411001,-44.188339,-3.390946,-28.894402,-8.350916,-3.529150,52.312019,-47.988632,4.305977,-8.789951,-3.302816,-4.439431,-82.864620,46.257361,-56.036498,73.181912,12.085281,-9.190697,-6.949142,-89.818470,-46.733975,56.620410,68.744194,0.041056,-2.091876,10.087076
691.000000,9.425171,110.173380,70.174223,5.135823,5.950863,-88.743403,-13.346700,14.829444,9.889930,41.824404,-44.500950,-4.031775,-30.601109,-6.360644,-6.625812,48.300813,-47.632209,3.070509,-9.318107,-2.139605,-4.835981,-82.383679,45.911056,-55.021166,73.268505,12.663738,-8.979403,-7.082042,-89.591277,-47.091180,56.810631,68.595959,0.186432,-2.149344,10.669285
692.000000,10.301164,109.895170,70.405024,5.745230,6.414648,-90.960324,-12.119412,15.236839,12.260166,40.338664,-44.474777,-3.691615,-32.705903,-5.552310,-8.018711,45.500907,-47.303162,2.881799,-9.471385,-1.842252,-5.102067,-82.374158,44.726411,-54.149371,73.533762,13.496496,-8.752087,-7.276688,-89.918211,-48.010452,57.302767,68.568064,-0.251380,-1.995015,10.621979
693.000000,10.983722,109.680641,70.512277,6.748315,6.347603,-93.036601,-11.784967,15.152114,14.354754,39.438199,-44.537413,-3.316776,-35.543130,-5.211764,-9.221328,43.470616,-46.832790,2.298235,-10.428767,-1.722811,-5.650001,-81.957045,45.084737,-53.987362,73.683937,13.473984,-9.070119,-7.188834,-90.865299,-47.930354,57.367763,68.682941,0.555111,-2.131301,10.597149
694.000000,11.604104,109.368408,70.524770,7.615854,6.069503,-94.763168,-11.703807,14.726361,15.952872,39.223953,-44.602153,-3.083639,-38.213102,-5.312207,-10.483342,41.806871,-46.493685,2.236893,-11.151782,-1.738524,-6.322698,-81.722052,45.093408,-53.698104,73.843573,13.442760,-9.088831,-7.408885,-91.566124,-47.979907,57.379265,68.585228,0.825226,-1.998886,10.594072
695.000000,12.101932,108.889925,70.559269,8.287051,5.600224,-95.996121,-11.018715,14.101233,17.644479,38.212934,-44.492224,-2.700374,-40.462027,-5.970787,-12.114147,40.468608,-46.135746,2.230842,-11.804660,-1.989982,-7.066687,-81.722845,44.846896,-52.937866,74.256587,14.508650,-9.332379,-7.390698,-91.899908,-48.073241,57.307568,68.578268,0.682207,-2.084883,10.267999
696.000000,12.493280,108.269370,70.550132,8.429571,5.107069,-96.886777,-9.674434,13.521219,19.317646,37.209590,-44.485784,-2.708580,-42.074338,-6.459561,-13.193826,39.301387,-45.896798,2.195253,-12.354353,-2.047560,-7.295725,-81.309523,44.974490,-53.081078,73.677619,13.684522,-8.755036,-7.846368,-92.509277,-48.287484,57.618349,68.097423,1.412841,-1.826848,10.651778
697.000000,12.832370,107.519388,70.451826,7.822318,4.792304,-97.750214,-7.951509,12.568758,19.287150,37.058120,-44.483615,-2.528008,-42.936311,-6.513534,-13.706956,38.571564,-45.821915,2.190408,-12.636986,-2.203320,-6.995937,-81.211892,44.744385,-52.499125,74.319924,14.316622,-8.971652,-7.721958,-92.797040,-48.250714,57.368446,67.937672,1.637449,-1.916144,10.706059
698.000000,13.054192,106.727719,70.243585,7.133090,4.480066,-98.359855,-6.610979,11.857145,19.122781,37.852693,-44.783997,-1.907610,-43.928573,-6.405593,-13.580375,38.627626,-45.764173,2.300170,-12.601514,-2.432103,-6.588628,-81.343885,44.406547,-52.573120,74.492973,14.663786,-9.001337,-7.805002,-93.021528,-48.550105,57.493486,67.718573,1.856156,-2.075637,10.684357
699.000000,13.174036,105.795395,70.071739,6.325361,4.054333,-98.896221,-4.625660,10.890346,19.314918,37.766028,-44.840632,-1.613109,-44.380810,-6.303902,-13.312013,38.411625,-45.665292,2.436691,-12.702311,-2.614751,-5.918186,-81.265659,44.774810,-52.462878,74.317827,14.489703,-8.995232,-8.151315,-93.521279,-48.378804,57.384709,67.737151,2.182972,-2.028923,11.015396
700.000000,13.211817,104.788029,69.919109,5.407375,3.599320,-99.450137,-2.558789,10.036201,19.776114,38.004361,-44.719858,-1.030964,-44.064863,-6.386143,-13.936965,37.910217,-45.676279,2.308915,-12.276778,-2.868374,-5.486907,-81.054852,44.615834,-52.299831,74.371164,14.757778,-8.948250,-8.021439,-93.435758,-48.233724,57.089265,67.717262,2.056006,-2.008842,10.781460
701.000000,13.104628,103.710437,69.686484,4.597254,3.368835,-99.787914,-1.248444,9.614978,19.536243,39.548083,-44.909143,-0.710843,-43.788503,-5.684647,-13.339211,37.855770,-45.430918,2.364965,-11.888422,-2.891845,-4.991095,-80.872534,44.457729,-52.598225,74.376594,14.607749,-8.886599,-8.234660,-93.126781,-48.068648,56.813090,67.849952,2.130689,-2.183234,10.825536
702.000000,12.978844,102.555895,69.374788,3.957041,3.220925,-99.733380,-0.623026,9.689444,19.300159,42.240530,-45.123020,-1.142612,-43.397458,-5.717725,-13.998167,38.677886,-45.630035,2.513300,-11.813669,-2.595609,-4.481594,-80.529932,44.554027,-52.428358,74.129532,14.595873,-8.690886,-7.969612,-92.780607,-47.629573,56.350601,68.041593,2.055878,-1.978027,10.857964
703.000000,12.655629,101.242077,69.073546,3.389037,3.384366,-99.758265,0.291594,10.206053,18.827825,44.697806,-45.227365,-1.385598,-42.209302,-5.432985,-15.622620,39.244092,-45.778950,2.247161,-11.355591,-1.863015,-3.968355,-80.238925,44.526447,-52.533700,73.925480,14.123924,-8.623585,-8.445431,-92.316249,-47.500131,56.126673,67.810938,2.548683,-2.042329,11.408075
704.000000,12.332436,99.750984,68.799788,2.685396,3.947767,-99.161999,1.333743,10.932568,17.653350,47.145377,-45.217751,-1.551558,-40.364885,-4.178930,-14.638632,39.149022,-45.578887,2.088434,-11.111013,-0.693216,-3.116857,-80.272713,44.275151,-52.544755,73.741270,13.775971,-8.606630,-8.639547,-91.915488,-47.449130,55.970122,68.065472,2.138731,-2.124110,11.375347
705.000000,11.925239,98.124462,68.437266,2.319435,4.491695,-98.618995,2.124939,11.790836,16.546154,49.757218,-45.015233,-1.719185,-38.755491,-3.340502,-14.929979,39.822482,-45.683744,1.526430,-10.649410,0.727524,-2.650039,-80.444329,43.977980,-52.779911,73.744856,13.660629,-8.430772,-9.146022,-91.633504,-47.474661,55.929407,68.367844,1.890733,-1.890207,11.481606
706.000000,11.421184,96.319294,68.112642,2.284755,4.729269,-97.743045,2.913299,12.576952,15.633693,51.720060,-44.296557,-2.600974,-36.541300,-2.955001,-15.950396,39.523296,-45.864010,1.044693,-10.518671,2.075045,-2.579501,-80.611143,43.809199,-53.149421,73.719912,13.281809,-8.432458,-9.534625,-91.467004,-47.512439,55.490670,68.530744,1.708261,-1.976897,11.695201
707.000000,10.745916,94.381386,67.758727,1.833916,4.598633,-96.651699,4.087326,12.919859,14.135456,53.345560,-42.228997,-3.616938,-33.959912,-2.906242,-16.382781,40.315540,-45.885808,1.069263,-9.994815,2.905226,-2.457744,-81.200943,42.913126,-53.206596,73.970696,13.397525,-8.430127,-9.711926,-91.113310,-47.994879,55.164754,68.599285,1.592775,-1.885323,11.737316
708.000000,9.932347,92.319828,67.436755,1.402369,4.245999,-95.858686,5.119956,13.105682,12.594690,55.170918,-39.172624,-5.206422,-31.580599,-2.527577,-16.179991,40.678728,-45.215863,0.267905,-9.648005,3.343959,-2.788211,-81.070350,43.160249,-53.785725,73.652614,13.253287,-8.515977,-9.351908,-90.477563,-47.957822,55.330778,68.301680,1.714260,-1.601844,12.066082
709.000000,9.042411,90.281147,67.171460,0.968826,3.982017,-95.173075,5.033806,13.330893,10.271744,58.570696,-34.407419,-7.233241,-31.078898,-2.017449,-14.501800,44.005058,-44.121277,-0.862982,-9.032810,4.179027,-2.919267,-80.606867,42.898321,-53.112422,74.017182,11.925103,-8.488144,-9.709372,-90.033293,-47.236202,54.656089,69.119274,1.847985,-1.469656,12.211315
710.000000,8.187282,88.416731,67.227054,0.538418,4.185444,-95.217608,3.719757,14.462495,8.409588,63.971074,-28.957010,-7.966810,-29.646078,-2.253277,-15.902735,46.216629,-41.993625,-0.354284,-7.937388,5.368953,-2.394119,-79.889731,42.935788,-53.219219,73.488853,11.475257,-7.942890,-10.140460,-89.161952,-46.590257,54.228188,69.352102,2.174709,-1.254878,12.549124
711.000000,7.431555,86.810410,67.525554,0.360669,5.510581,-95.068449,0.797585,16.434683,5.687341,70.613528,-25.631391,-8.562948,-27.522509,-0.105506,-15.411482,45.527497,-38.794884,-0.065833,-7.429030,7.362086,-1.521159,-79.470959,43.435126,-54.133443,72.976630,10.477666,-8.057066,-9.971711,-88.561073,-45.189273,54.132176,70.570122,1.461693,-1.090890,12.725646
712.000000,6.731919,85.264421,67.833871,0.635823,6.384920,-95.031255,-2.857964,17.849328,3.574370,76.119487,-26.540732,-7.358906,-25.495991,1.847418,-15.303105,43.647702,-37.272042,-0.252379,-5.794844,8.948770,-1.377508,-79.979452,42.924061,-54.946751,73.009005,10.032061,-8.251346,-9.755339,-87.892705,-45.083371,53.911629,71.647858,1.558143,-1.024135,12.754500
713.000000,6.210515,83.762240,67.810577,0.273190,6.498205,-94.961051,-5.931466,19.582794,3.238281,79.507985,-31.769928,-5.407089,-24.956656,2.365134,-14.779384,45.883234,-38.463971,-0.648847,-3.999182,10.031351,-1.493761,-79.610042,42.317625,-54.989689,72.845600,9.969605,-8.327934,-9.597967,-86.817209,-44.926133,53.761560,72.005610,1.738454,-0.783011,13.112122
714.000000,5.644532,81.929374,68.440688,1.528232,5.352018,-94.072043,-10.771842,21.289544,5.170977,78.475110,-36.035863,-2.969677,-22.340634,2.212850,-14.440743,41.719629,-38.187420,-0.742094,-2.292010,9.997975,-3.018099,-80.550340,41.704578,-54.544914,72.751944,9.965313,-8.364162,-10.245776,-86.914765,-46.372456,53.844403,71.967675,1.650272,-0.774909,14.030049
715.000000,5.144374,80.213922,68.817526,1.048621,4.876415,-93.361973,-13.782291,22.370118,6.341779,75.234103,-40.196766,-1.929013,-19.639700,2.072692,-14.298225,40.871388,-38.626031,-0.644142,-1.528975,10.479957,-2.846216,-80.524085,42.150368,-54.318746,72.707179,10.810480,-8.454927,-9.633704,-86.658708,-46.374065,53.057056,71.988275,1.328041,-1.017628,13.419909
716.000000,4.737751,78.603232,69.204497,0.180942,3.958992,-92.481467,-16.669253,21.649196,7.170928,70.580579,-42.859471,-1.483501,-16.634096,1.204856,-14.271545,40.101318,-39.313128,-0.452222,-1.280244,10.329386,-2.076239,-80.815700,42.692685,-54.799724,72.682905,11.611899,-8.794406,-9.571346,-86.661508,-46.413827,52.915767,71.942055,0.983262,-1.138987,12.933717
717.000000,4.378037,77.174538,69.470525,-0.295059,2.713429,-91.765708,-20.189619,19.617203,7.457450,66.353321,-44.444516,-1.274633,-14.565646,-0.205051,-14.550470,40.252388,-40.620679,0.078344,-0.905249,9.792207,-1.532523,-81.344855,42.603896,-54.737225,73.275390,11.807221,-8.924036,-8.832813,-86.954694,-46.532129,53.150787,71.780787,0.701137,-1.426805,12.385727
718.000000,4.063469,75.814897,69.657040,-0.380027,1.175273,-91.477770,-23.880797,16.729666,7.415987,62.709674,-44.735874,-1.140254,-13.289539,-1.965676,-14.545480,40.792649,-42.094777,0.101846,-0.312980,8.762858,-1.466878,-81.571187,43.024991,-54.777127,72.913574,11.381294,-8.852992,-9.453588,-87.318825,-46.418591,53.400260,71.822663,0.604793,-1.445691,12.577056
719.000000,3.788648,74.457920,69.785112,-0.448695,-0.339602,-91.371292,-26.987490,13.947725,7.531951,59.341619,-44.449348,-0.695445,-12.300721,-3.675647,-14.258215,41.833789,-43.709317,0.148066,0.412793,7.593886,-1.431322,-81.642173,42.783451,-54.613889,72.964254,11.465854,-8.704283,-9.788917,-87.455299,-46.525247,53.631738,71.609643,0.545969,-1.550551,12.693430
720.000000,3.600035,73.144853,69.977361,-0.232733,-1.480665,-91.448507,-29.629152,12.020985,8.308010,55.569774,-43.731939,-0.071389,-11.587610,-4.781274,-13.668149,42.156983,-44.205138,-0.168470,0.809200,6.609180,-1.734972,-81.325041,42.800755,-54.503069,72.717957,11.492278,-8.530515,-8.944957,-87.542815,-46.021186,53.552378,71.674960,0.633106,-1.670147,12.135370
721.000000,3.420318,71.872073,70.057303,0.513354,-2.494126,-91.881059,-32.417772,10.326029,8.885890,51.870844,-43.033101,0.465861,-11.947060,-5.771579,-13.170994,43.213722,-44.866864,-0.602723,1.379553,5.493240,-2.544944,-81.169784,42.796900,-54.536694,72.763522,11.508269,-8.616180,-9.031083,-87.695210,-45.509602,53.869535,71.733946,0.507605,-1.741445,12.564918
722.000000,3.272696,70.595157,70.041525,1.208189,-3.324288,-92.601700,-34.993013,8.683545,8.707454,48.851822,-42.104001,0.815492,-12.464470,-6.689693,-12.796654,44.598796,-45.520503,-1.411346,1.877449,4.298276,-3.267389,-81.099781,43.127375,-54.545115,72.716591,11.301044,-8.548554,-8.890179,-87.845269,-45.027715,54.272721,71.480819,0.488199,-1.805896,12.447043
723.000000,3.130141,69.245756,69.959140,1.481085,-3.912503,-93.423244,-36.596147,7.378988,8.200086,45.988196,-41.421754,0.609201,-12.216243,-7.198378,-12.216685,45.546813,-46.133068,-1.410284,2.287098,3.110041,-3.617536,-81.197262,43.405743,-54.641295,72.893398,11.280133,-8.663618,-8.597180,-87.906283,-44.588960,54.355106,71.306499,0.559441,-1.832490,12.104227
724.000000,3.077675,67.844826,69.802302,1.848057,-4.199445,-94.383434,-38.030603,6.756631,7.857782,44.025880,-40.645564,0.818376,-12.118995,-7.290658,-11.254778,46.552449,-46.895058,-1.605852,2.834427,2.235602,-4.171590,-81.168506,43.572417,-54.730220,72.801135,11.247344,-8.220923,-8.628519,-87.976900,-44.302007,54.390576,71.093315,0.145491,-1.835566,11.738654
725.000000,3.004300,66.302037,69.608593,1.780658,-4.203044,-95.589652,-38.583455,6.655759,7.354365,42.758815,-40.033723,0.734599,-11.366467,-7.291084,-10.760303,47.699866,-47.420101,-1.883330,3.083734,1.478977,-4.319860,-81.050153,44.195781,-54.914683,72.548091,10.916652,-8.137076,-8.389844,-88.208014,-43.742854,54.678656,70.853548,-0.101549,-1.768942,11.490436
726.000000,3.037084,64.680713,69.422054,1.583007,-3.949182,-96.706838,-38.522605,6.960166,7.355549,41.732534,-40.054268,0.314245,-10.163722,-7.085122,-10.249952,48.410817,-47.815081,-2.061763,3.284516,0.893520,-4.333054,-81.092534,44.347605,-54.819703,72.809134,11.030871,-8.284731,-8.064174,-88.343012,-43.253112,54.686121,70.559454,-0.201841,-1.845406,11.099071
727.000000,3.131620,62.950891,69.234669,1.089394,-3.743854,-97.708101,-37.848660,6.798206,6.860582,41.104820,-39.766038,0.181285,-8.508808,-7.044311,-9.668236,49.208030,-47.804952,-1.916465,3.229850,0.416471,-4.065922,-80.927708,44.577889,-54.693061,72.860271,10.598755,-8.295615,-8.442349,-88.746144,-42.777888,54.952529,70.386438,-0.288509,-1.788233,11.452492
728.000000,3.388070,61.290491,68.653053,0.868227,-3.970320,-98.102646,-39.258278,6.807943,7.426129,43.968547,-41.065642,0.386286,-8.211175,-8.285011,-9.429097,52.533150,-48.396869,-1.171147,2.734892,-0.583870,-4.391381,-80.427472,44.450287,-54.681467,72.801975,10.685080,-8.413777,-8.608184,-88.674454,-42.232702,55.263839,70.228613,-0.454349,-1.801534,11.499715
729.000000,3.758673,59.221095,68.689805,0.502087,-4.259073,-99.199708,-36.023032,5.703044,7.994315,40.560467,-40.694424,1.178539,-6.522240,-9.121209,-8.262866,53.264004,-47.460935,-0.404459,2.583880,-1.512227,-4.040570,-80.732959,44.867639,-54.630104,72.791075,10.865246,-8.308625,-8.387172,-89.838366,-41.739583,55.419315,70.474828,-0.591000,-1.954530,11.678818
730.000000,4.120327,57.304335,68.071955,0.400743,-4.705740,-99.503222,-36.897177,5.126252,8.360676,43.586719,-41.820910,1.187729,-6.254813,-10.782088,-7.792255,56.890401,-47.202440,0.389756,1.952330,-2.664075,-4.536039,-80.290383,44.579511,-54.701964,72.740757,10.395722,-8.325096,-8.342850,-89.900159,-41.530955,56.148731,70.157395,-0.582794,-1.866934,11.791687
731.000000,4.713362,54.937232,67.979503,0.416827,-5.866671,-99.952226,-33.025095,3.274120,10.887954,39.491611,-41.497504,2.267831,-5.126927,-13.093541,-6.730560,58.527201,-46.032408,1.628545,1.388203,-4.413737,-4.884665,-81.067112,44.745662,-54.733332,72.827029,10.560457,-8.316957,-8.358064,-91.043642,-41.333761,56.516588,70.477150,-0.637690,-1.926130,12.159312
732.000000,5.256674,52.705723,67.291051,0.524870,-6.251218,-100.182096,-33.321173,2.423363,10.879336,42.977900,-40.870411,2.437658,-4.916588,-14.977293,-6.397542,62.006452,-44.148427,2.861839,0.819388,-5.575866,-5.993520,-81.113482,44.319465,-54.929665,72.836393,10.621699,-8.287859,-8.412539,-90.988577,-41.480231,57.244529,70.481603,-0.716586,-1.952155,12.394462
733.000000,5.942211,50.248617,67.207825,1.175315,-7.422856,-100.189376,-31.199788,-0.236602,11.306792,40.370892,-37.116983,3.513493,-5.498363,-17.637154,-5.480761,64.850235,-39.820198,4.009228,-0.118183,-7.651808,-7.312197,-81.939621,43.993194,-55.094669,73.535401,10.404215,-8.336574,-8.832571,-91.658864,-41.906035,57.407371,71.107187,-0.501029,-1.938112,13.413188
734.000000,6.493058,48.060670,67.172122,0.232319,-8.072883,-100.318002,-29.746714,-1.922217,11.183193,42.587613,-34.792441,3.016520,-5.974578,-20.014461,-4.484857,69.722175,-32.534967,5.976917,-0.814700,-9.987833,-7.029499,-81.387701,43.866572,-54.621552,73.698062,10.023221,-8.568185,-9.121849,-90.481217,-42.608089,56.715371,70.984674,0.277751,-1.857148,13.833531
735.000000,7.011479,46.014860,67.479867,-1.079060,-8.328076,-101.018118,-27.091998,-3.369597,10.708505,43.299069,-33.263154,2.690196,-7.281438,-22.032846,-3.228733,75.011535,-26.137450,6.879455,-1.060140,-11.858729,-6.246729,-80.056074,44.123753,-54.423682,73.738941,10.607626,-8.848017,-9.546965,-89.299416,-43.014954,57.109913,70.581283,-0.293856,-2.009751,14.292621
736.000000,7.452900,44.132668,67.608672,-1.737143,-8.095019,-101.483263,-26.206109,-3.465304,11.221104,46.255954,-34.985079,3.146572,-9.258535,-24.715787,-4.167110,79.623518,-25.634718,6.314403,-1.610413,-13.120052,-6.197143,-78.675187,44.165270,-54.142961,74.228235,10.837658,-8.749625,-9.815081,-88.413814,-42.999323,57.539467,70.714472,-0.829692,-1.913175,14.899218
737.000000,7.776872,42.046067,68.511206,-2.105769,-6.560943,-102.863588,-20.225015,-2.825273,11.346116,40.684152,-34.750681,3.658145,-11.172926,-25.721048,-6.109048,79.781992,-27.708295,5.736858,-1.525306,-12.581840,-5.466757,-78.229032,45.229543,-53.684276,74.010584,11.002544,-8.624924,-10.076753,-88.915874,-43.685480,57.773572,70.357342,-0.659424,-2.309766,15.401322
738.000000,7.983122,40.423450,68.538922,-3.000761,-6.376147,-102.713434,-19.335997,-2.804965,12.069683,43.524243,-36.603769,3.494525,-13.346580,-27.858822,-7.623481,79.629064,-31.988259,5.827411,-2.323308,-13.556936,-5.057895,-77.478797,44.965417,-53.618358,73.853729,11.331804,-8.588013,-9.941621,-88.577527,-43.921108,57.488466,70.538280,-0.804934,-2.132103,15.032893
739.000000,8.169822,38.603047,69.135118,-2.369023,-3.754759,-102.708701,-16.195342,-0.971584,10.552085,41.257362,-37.205601,3.009609,-15.318716,-26.274119,-10.694691,76.009316,-35.952958,4.648794,-3.104399,-11.823687,-4.245550,-78.897059,45.285319,-53.620403,74.040261,11.799260,-8.720858,-9.579724,-89.519437,-45.041044,57.328558,69.880007,-0.156946,-2.116958,14.919032
740.000000,8.347121,37.150794,69.139785,-3.091204,-2.909233,-102.471574,-15.134745,-0.577012,10.297729,43.597347,-39.181278,3.167450,-17.784395,-27.272421,-12.314273,73.572277,-38.536474,4.759954,-3.717030,-11.972399,-3.400735,-78.790289,44.955164,-53.954932,73.785366,11.759894,-8.874908,-9.624332,-89.514076,-45.023880,57.293444,69.985328,-0.163623,-1.993955,14.610835
741.000000,8.475008,35.470304,69.518399,-3.003899,-0.509405,-102.757876,-12.210101,1.258286,9.599028,42.409642,-40.665778,4.050942,-19.692632,-24.905486,-14.073952,69.189700,-39.340892,4.329200,-3.780882,-10.107817,-2.256750,-79.598314,44.969183,-54.250943,73.617719,11.795703,-8.746073,-10.021777,-90.267200,-45.368913,57.664050,69.683496,0.182102,-1.944940,14.471812
742.000000,8.565503,33.925772,69.668633,-3.915774,1.103061,-102.770511,-9.180070,2.408527,9.437827,42.378462,-42.424651,4.302324,-21.522235,-22.473863,-13.478371,65.882796,-39.473972,3.941404,-3.794690,-9.021548,-0.930226,-79.301174,44.825968,-53.953696,73.382350,12.030196,-8.605185,-9.904515,-90.373593,-45.128996,57.921343,69.657186,0.194466,-1.887656,14.112557
743.000000,8.549551,32.566756,69.801509,-4.388935,2.100169,-102.209067,-7.127408,2.916809,8.594708,42.193804,-43.337987,4.054246,-23.975892,-19.572940,-11.928183,62.721053,-40.413847,4.155769,-4.298869,-8.379422,-0.122967,-78.991964,44.908292,-53.869514,73.120044,12.538231,-8.710338,-9.568859,-90.184192,-45.083429,57.803625,69.165767,0.859545,-1.927739,13.808343
744.000000,8.553076,31.293774,69.971341,-4.362621,2.652659,-101.387945,-5.674480,3.137946,7.980271,41.433871,-43.654570,3.706368,-26.973112,-17.058664,-10.133882,59.422858,-41.576953,4.140895,-4.936069,-7.882913,0.161307,-78.907106,44.774888,-53.773533,73.045240,12.893852,-8.769473,-9.704387,-90.161789,-44.872786,57.587231,69.214624,0.743837,-1.673491,13.946922
745.000000,8.544554,30.026448,70.133799,-4.263704,3.172487,-100.780566,-4.296125,3.251537,7.261754,40.713873,-43.894115,3.868959,-29.235839,-15.745053,-10.222556,55.966536,-42.057908,4.191919,-5.201789,-7.136846,0.257411,-78.742553,44.478530,-53.758459,73.005481,13.365991,-8.906852,-9.689349,-89.916838,-44.978442,57.360140,69.108954,0.802064,-1.800825,13.578191
746.000000,8.482908,28.843805,70.195514,-3.740824,3.218989,-100.397466,-3.668671,3.170968,7.067950,40.276816,-44.227883,4.357088,-32.113739,-15.664110,-11.112200,53.508194,-41.631803,4.239520,-5.351363,-6.530179,-0.242665,-78.777380,44.139193,-53.809808,72.929768,13.621213,-8.877279,-10.097980,-89.898390,-45.079942,57.279466,68.957945,0.988321,-1.859791,13.834889
747.000000,8.343625,27.607080,70.261192,-3.292684,3.322913,-99.996284,-2.675890,3.231422,6.940989,39.482305,-44.330588,4.236872,-34.296781,-15.554173,-12.401623,50.959287,-41.571974,4.011578,-5.492147,-5.828852,-0.773656,-78.925213,43.828965,-53.706023,73.045076,13.949413,-8.923598,-10.098040,-89.698416,-45.021786,57.145884,69.294475,0.493323,-1.649485,13.812248
748.000000,8.191472,26.317579,70.304024,-3.535481,3.444092,-99.226058,-1.048023,3.125648,6.444713,38.924691,-44.538823,4.166999,-35.163959,-14.459072,-11.522174,48.135427,-42.368094,4.132578,-5.901348,-5.208071,-0.634415,-78.953811,43.684585,-53.659909,73.154987,14.152520,-8.920528,-9.796374,-89.536000,-44.823116,56.918692,69.379996,0.310539,-1.571068,13.442780
749.000000,7.905967,25.072587,70.254821,-3.826513,3.580820,-98.643593,0.411587,3.303960,6.160866,38.916225,-44.750839,3.930026,-35.934646,-13.762396,-11.472494,46.372736,-42.586206,4.140968,-6.110550,-4.564909,-0.506962,-78.926108,43.716441,-53.840199,73.129346,14.372105,-8.984414,-9.619810,-89.295926,-44.690829,56.814094,69.334514,0.485502,-1.496518,13.090724
750.000000,7.619894,23.734312,70.094329,-4.284573,3.364500,-97.917090,1.946475,2.971939,5.601252,39.173525,-44.963436,3.780566,-36.511230,-13.886211,-11.242138,45.979392,-42.913536,4.553913,-6.265712,-4.066776,-0.272437,-78.821326,43.408895,-53.921584,73.270390,14.481777,-9.095142,-9.616818,-89.229953,-44.608017,56.634658,69.688932,-0.058670,-1.429791,13.276267
751.000000,7.280023,22.282112,69.957054,-5.109502,3.008048,-97.074720,4.075072,2.554248,5.055204,39.318418,-44.895134,3.602033,-36.191045,-14.295187,-10.870611,46.062645,-43.757771,4.510613,-6.347390,-3.719023,0.229658,-78.666431,43.135479,-53.923944,73.362372,14.483730,-9.329370,-9.616679,-88.948106,-44.654325,56.300952,69.986353,-0.391306,-1.482699,13.306114
752.000000,6.863238,20.841281,69.796282,-5.744492,3.123407,-96.234630,5.687818,2.990272,4.674848,40.280825,-44.888601,3.019964,-35.348176,-14.043975,-10.750149,45.795011,-44.111974,4.735191,-6.253134,-2.818525,0.699540,-78.452215,43.029820,-53.904953,73.309240,14.742332,-9.218496,-9.275086,-88.468729,-44.848952,55.922481,70.183179,-1.031092,-1.562244,13.191856
753.000000,6.317046,19.368051,69.582725,-6.295399,3.600657,-95.561077,6.681599,3.941590,3.695728,42.525571,-44.986498,2.007869,-34.191025,-12.917483,-10.061621,45.606232,-44.138428,4.203796,-5.869809,-1.482459,1.103442,-78.271782,42.965066,-53.806277,73.638476,14.912407,-9.195761,-9.829158,-87.965405,-44.826395,55.114542,70.689391,-1.181071,-1.533750,13.442285
754.000000,5.677566,17.831919,69.307196,-6.618367,4.139944,-94.853957,7.370380,5.183492,2.678502,45.006930,-44.970703,0.585430,-32.959525,-12.026650,-10.089372,45.624885,-44.470402,4.393756,-5.422696,0.016107,1.316180,-78.245602,43.156735,-54.168243,73.545872,14.614916,-9.318985,-9.902918,-87.491520,-45.363207,55.214112,70.408944,-0.557515,-1.178425,13.795969
755.000000,5.045101,16.172309,69.090223,-6.564788,4.383942,-94.361955,8.224026,5.981327,1.837184,46.437862,-44.658000,-0.295166,-31.400210,-11.121847,-10.086478,44.796906,-44.643308,3.976207,-4.883786,1.564275,1.084215,-78.326164,43.473679,-54.279360,73.731530,14.443212,-9.381589,-9.957109,-87.289510,-45.635492,55.458127,70.318990,-0.313050,-1.018438,14.030005
756.000000,4.246265,14.477225,68.714124,-6.304973,4.384555,-93.581337,8.631997,6.608217,0.523983,48.254856,-44.331654,-1.236472,-30.391811,-10.633723,-10.250404,45.290144,-45.143247,4.337861,-4.559207,2.715530,0.532503,-78.552496,43.903278,-54.773152,73.565461,14.256988,-9.456529,-9.960268,-86.943616,-45.720439,54.817387,70.483693,-0.783524,-0.980962,14.270241
757.000000,3.310034,12.671971,68.332797,-5.771032,4.260906,-92.697424,8.895320,7.531368,-0.347344,49.782817,-43.865671,-2.299048,-29.090004,-9.691203,-10.167649,45.189645,-45.451422,3.960529,-4.244059,3.935265,-0.055001,-79.190668,44.070720,-55.103029,73.804169,14.037540,-9.540414,-9.409567,-87.043419,-46.194318,55.014223,70.485640,-0.708896,-1.161073,14.155829
758.000000,2.245413,10.839357,67.958009,-5.583063,3.940367,-91.568235,9.484621,8.368680,-1.389750,50.947604,-42.339205,-3.696138,-26.963536,-8.637876,-9.990704,44.579610,-45.755314,4.095165,-4.060867,4.760365,-0.379118,-79.863278,44.211637,-55.734771,73.700173,13.982646,-9.344079,-9.484295,-87.136944,-46.370209,54.879989,70.680751,-0.705549,-1.004017,14.361458
759.000000,1.027823,8.926495,67.464685,-5.510513,3.352681,-89.995717,9.763667,8.908629,-3.205608,52.735276,-40.818604,-5.176049,-24.976267,-7.511750,-8.985537,44.334758,-45.065967,3.616958,-4.306559,5.102224,-0.636390,-80.442095,44.486320,-56.498188,73.352134,13.369948,-9.337183,-9.506802,-87.100908,-46.583048,55.221192,70.470361,-0.627883,-0.810665,14.193225
760.000000,-0.159150,7.243635,66.897815,-5.565387,2.652729,-88.830954,8.756320,9.013241,-4.956598,57.017357,-38.492593,-5.922699,-25.407575,-7.868697,-8.526672,48.547987,-42.614271,3.193576,-3.964349,5.375427,-0.618017,-80.386156,43.918024,-56.116035,73.424643,12.528420,-9.234891,-9.642219,-86.803979,-46.453346,54.860428,70.611923,-0.447857,-0.670310,14.588208
761.000000,-1.111931,5.802716,66.935527,-4.826238,2.113184,-87.850402,5.742637,9.653733,-4.898782,62.241315,-34.899046,-6.270657,-25.991291,-9.122752,-9.488967,51.249822,-38.429653,4.376877,-3.655878,6.435083,-0.421047,-79.438863,43.328780,-55.490386,72.955716,11.787586,-8.645295,-10.958478,-86.718704,-46.383316,54.213657,70.527277,-0.627688,-0.424264,15.144042
762.000000,-2.103946,4.641117,67.012858,-4.657328,1.802585,-86.600610,2.542773,11.983710,-3.139149,68.184112,-33.566282,-6.056550,-26.077611,-9.438076,-10.149052,53.594760,-37.376619,4.211029,-3.760651,7.409814,0.539778,-78.603094,42.723434,-55.795105,72.398386,11.710461,-8.703748,-10.660959,-86.268376,-46.010265,54.345858,70.701228,-1.166906,-0.464589,14.827299
763.000000,-3.140739,3.571520,67.263049,-3.650434,0.978438,-84.811986,-1.963858,17.135845,1.841633,72.267677,-37.295340,-3.398871,-25.938041,-10.590739,-11.628019,54.207328,-37.609873,3.382259,-3.999818,7.472142,0.757682,-78.649908,42.068423,-55.870169,72.365199,11.676926,-9.189202,-10.103931,-85.887238,-45.993657,54.637982,70.828884,-1.284445,-0.766200,14.282520
764.000000,-4.025612,2.371846,67.915630,-0.566612,0.966569,-83.807991,-7.840430,20.923395,5.832353,72.543173,-41.191276,-1.643070,-25.833871,-10.578506,-13.925169,50.291615,-36.762605,3.093911,-3.225713,7.979633,-1.117876,-79.194548,42.015246,-55.518718,72.489173,12.087581,-9.544780,-9.685055,-86.069700,-45.903502,54.318237,71.048406,-2.057368,-0.980482,13.964997
765.000000,-4.768013,1.359818,68.322295,1.556737,0.657693,-82.912176,-13.024392,22.136887,7.980042,71.450254,-44.415580,0.212444,-26.245642,-10.910291,-15.014180,48.857508,-36.874354,4.243328,-2.248907,8.163037,-2.407095,-79.202662,41.832088,-54.762923,72.675269,12.456211,-9.451761,-9.737078,-85.902627,-46.073290,54.269903,70.775390,-2.090578,-1.098384,14.007112
766.000000,-5.446985,0.438583,68.699270,3.274404,0.335238,-82.465328,-17.931361,21.480723,8.615584,69.687990,-46.027706,0.711762,-26.554213,-11.139182,-15.888910,47.771057,-37.271960,4.568788,-1.044633,8.428958,-3.190876,-78.923533,42.051392,-54.232388,72.600806,12.542463,-9.346090,-9.721590,-86.183279,-46.102838,54.369262,70.744798,-2.050293,-1.148277,13.953813
767.000000,-6.065692,-0.358694,69.109046,4.647514,-0.341037,-81.816601,-22.113130,20.940148,10.236118,67.263109,-46.714826,1.102677,-26.376208,-11.767680,-16.802301,46.364649,-37.440566,4.707263,-0.148755,8.257247,-3.355876,-78.843093,42.430235,-54.144033,72.715239,12.891526,-9.676324,-9.294754,-86.651174,-45.869570,54.493578,70.888607,-2.205119,-1.265788,13.061300
768.000000,-6.662658,-1.058951,69.512516,6.080272,-1.514249,-80.829429,-25.632260,20.458440,13.214639,64.034362,-47.179323,2.232487,-26.249438,-13.492865,-18.307909,45.154295,-37.829956,5.523730,0.392848,7.262261,-3.602075,-78.804496,42.769531,-53.775773,73.118971,13.604831,-9.964998,-8.996333,-86.775607,-45.447747,54.248153,70.994666,-2.507458,-1.584414,12.599829
769.000000,-7.054602,-1.775832,69.837677,7.866170,-2.480233,-79.507788,-29.227069,19.307565,15.878897,60.643446,-47.004710,3.429842,-26.707747,-14.802907,-18.336044,44.362222,-38.581748,5.758785,0.602187,6.222307,-4.441418,-78.542948,43.294312,-53.266248,73.025528,13.785840,-9.817189,-8.947439,-86.543469,-45.148203,54.271973,70.795887,-2.548431,-1.721789,12.616194
770.000000,-7.445765,-2.451526,70.093584,9.540450,-3.127950,-78.457364,-32.639367,17.463921,17.029244,56.769408,-46.548753,3.662431,-27.052557,-15.717906,-18.770786,43.355613,-39.323533,5.941069,1.210729,5.313691,-5.267519,-78.539649,43.517065,-53.232695,72.981773,14.181601,-9.939765,-8.967893,-86.346452,-45.307343,54.535184,70.543806,-2.579394,-1.782377,12.699999
771.000000,-7.687272,-3.151708,70.321214,11.050005,-3.252943,-77.617690,-35.730342,15.908912,17.808151,53.120550,-45.562713,3.515997,-27.440346,-16.140246,-19.325561,42.433291,-39.532261,6.196659,1.783352,5.031906,-6.114131,-78.266222,43.619292,-52.884205,73.217750,13.923607,-9.501169,-8.463710,-86.229000,-45.515855,55.460938,69.813160,-1.920462,-1.597477,12.523026
772.000000,-7.842504,-3.787858,70.512801,12.288890,-3.294127,-76.762953,-38.117281,14.584645,18.790636,49.368061,-44.867608,3.576239,-27.626959,-16.554903,-20.011279,41.832921,-39.945740,5.843532,2.064434,4.753159,-6.576168,-78.290217,43.894959,-52.606011,73.378723,14.125322,-9.772696,-9.024848,-86.439889,-44.931361,54.610508,70.503870,-2.826175,-1.861369,12.419645
773.000000,-7.885630,-4.250448,70.291728,11.936773,-3.073959,-76.415944,-40.384620,15.474789,19.965142,50.047846,-44.912708,3.096788,-27.866386,-17.256912,-20.690750,44.278757,-40.763908,5.550508,2.600476,4.962024,-6.198355,-77.727990,43.982382,-52.419936,73.524808,13.948435,-9.588381,-8.733986,-85.865812,-44.492081,54.442099,70.428307,-2.763633,-1.940817,12.262269
774.000000,-7.850717,-5.114753,70.654386,13.566547,-2.647682,-75.671816,-41.268146,14.292669,22.084805,45.236951,-43.569251,3.871681,-27.080240,-16.504032,-21.743747,41.277278,-40.593515,4.608197,2.972859,4.770528,-7.173082,-78.111696,44.356587,-52.144827,73.570276,14.063669,-9.753843,-8.684976,-86.292904,-44.475282,54.756196,70.360545,-2.928882,-2.122089,12.127741
775.000000,-7.698348,-5.561467,70.378876,13.267085,-2.289014,-74.987009,-43.177017,14.850457,22.860399,46.120921,-43.495546,3.581508,-27.305230,-17.389291,-22.381883,43.733442,-41.367071,4.666347,3.144664,5.037450,-7.073489,-77.549237,44.376675,-51.984952,73.580057,14.144827,-9.805992,-8.486205,-85.794874,-44.115239,54.571108,70.350006,-2.894170,-2.188450,12.098400
776.000000,-7.547855,-6.373110,70.263177,13.644833,-1.783452,-74.367844,-43.989973,14.540959,24.023256,44.822843,-42.830282,3.378677,-27.111799,-17.234680,-22.895576,44.691154,-42.623796,3.418759,3.227262,5.041657,-7.479253,-77.285496,45.054718,-51.870150,73.565024,14.670516,-9.321070,-8.417099,-85.808056,-43.855350,54.566129,70.486179,-3.302064,-2.158195,11.857116
777.000000,-7.315117,-7.136349,70.111060,13.899038,-1.211620,-73.625580,-44.596996,14.172070,24.852895,43.651708,-41.978472,3.535985,-26.895195,-17.217191,-23.398905,45.702616,-43.512847,2.010177,3.184836,5.047345,-7.941159,-77.009474,45.519263,-51.891000,73.412608,14.409706,-9.289778,-8.937467,-85.824066,-43.441926,54.412897,70.813940,-3.570925,-2.242285,12.168398
778.000000,-7.020263,-8.024679,70.362043,14.484153,-0.461376,-72.867977,-43.130613,12.318833,25.930666,37.950577,-39.712803,3.444336,-25.517450,-16.359254,-24.673070,43.625286,-43.438224,0.475770,3.154076,5.002098,-8.752526,-77.007057,46.224487,-51.720105,73.052787,13.938661,-9.110416,-9.500141,-86.033370,-43.238062,54.642593,70.914528,-3.515784,-2.521117,12.615905
779.000000,-6.602833,-8.752558,69.929171,14.234528,0.166713,-71.804640,-44.106087,12.904300,27.082142,39.608209,-39.532705,3.275818,-25.405927,-17.424151,-25.402619,46.205888,-44.594978,-0.214545,3.052943,4.812982,-9.218746,-76.663361,46.401641,-51.716871,72.922562,13.722440,-9.158970,-9.376923,-85.605227,-42.938551,54.863266,70.652781,-3.576017,-2.501069,12.490333
780.000000,-5.984438,-9.816936,70.078611,13.383171,1.645009,-71.424633,-41.345263,12.704904,28.730808,35.865194,-38.756081,3.485464,-22.153789,-15.180947,-27.229389,43.480872,-44.372129,-1.173492,3.337847,5.443554,-9.107353,-76.776708,47.548734,-51.649095,72.443937,13.866023,-9.470919,-10.400280,-85.708683,-42.656929,54.874518,69.979721,-3.201795,-2.500171,13.226100
781.000000,-5.436159,-10.764199,69.577569,13.174447,2.476376,-69.864487,-41.870825,13.753998,30.954380,38.319284,-38.798463,3.650378,-21.531258,-16.216877,-28.808724,45.925400,-45.172054,-0.792347,3.213843,5.145485,-9.885874,-76.619423,47.397568,-51.534870,72.511583,14.113494,-9.592834,-10.366994,-85.397425,-42.450732,54.802665,69.884904,-3.212214,-2.575465,13.143023
782.000000,-4.477979,-11.781438,69.570923,11.806092,4.285474,-69.198208,-38.688548,14.440932,34.255137,36.495535,-38.638455,4.822458,-18.094397,-13.859504,-30.613560,43.844559,-44.983957,-1.864239,3.826444,5.938364,-9.688152,-76.581078,47.911994,-51.635533,72.052977,14.830697,-8.998883,-8.124223,-85.472851,-42.213274,54.222061,69.797730,-3.874073,-2.834813,12.001366
783.000000,-3.727683,-12.834515,69.033122,11.732212,5.233868,-67.607964,-38.778819,15.813425,36.988681,39.646263,-38.150944,5.095743,-17.535385,-15.211024,-32.577701,46.695463,-45.705908,-1.823297,3.823269,5.480552,-10.638666,-76.364042,47.934121,-51.389121,72.394807,14.892299,-8.812935,-8.520875,-85.315661,-41.813786,54.164025,69.670586,-3.792883,-2.807482,12.071889
784.000000,-2.510780,-13.895918,68.786114,10.053743,6.539199,-66.744805,-35.057356,15.821491,39.248883,38.630833,-38.533697,6.877008,-14.454967,-13.652520,-33.388014,46.462843,-45.753556,-2.510998,4.101723,5.624712,-9.999958,-76.873656,48.789452,-51.242309,72.241839,14.351908,-8.491590,-9.478592,-85.662532,-41.164983,53.906459,69.516914,-3.277759,-2.705271,12.692517
785.000000,-1.516773,-15.260671,68.346781,9.926752,6.859958,-65.235994,-34.751036,16.031356,39.084760,40.434457,-36.272730,7.470902,-13.607280,-15.002739,-33.650225,49.681894,-45.812445,-2.311392,3.910449,4.097525,-10.940697,-76.652051,48.876362,-51.049729,72.326014,14.240541,-8.435763,-9.651961,-85.290867,-40.710113,54.125185,69.531824,-3.206175,-2.758341,12.665896
786.000000,-0.379497,-16.667262,68.078762,9.701678,6.256681,-63.810099,-34.759389,14.594168,36.391815,43.038197,-35.653263,9.057827,-13.094411,-17.527804,-32.994608,54.917450,-44.192745,-1.274237,3.938187,1.551331,-11.252018,-76.047545,48.778739,-50.431002,72.618482,13.754307,-8.247558,-10.151881,-84.362337,-40.379238,53.725967,70.238093,-3.070362,-2.591747,13.079292
787.000000,1.000685,-17.859069,67.995667,8.863872,5.415721,-61.685526,-34.079246,12.670534,33.723222,45.973136,-36.650532,9.644651,-12.932470,-21.009411,-31.557981,61.662026,-38.776995,1.437152,4.060098,-1.237742,-10.845162,-75.031663,48.256946,-50.148769,72.662838,13.783948,-8.216307,-10.937772,-82.808100,-40.305284,53.693937,71.025901,-3.828934,-2.293124,14.307809
788.000000,2.771251,-18.747203,68.083256,8.100466,2.108224,-57.780713,-29.632584,5.582990,32.319506,43.418717,-36.526752,11.397474,-13.283977,-27.702846,-26.807599,70.442487,-30.379148,6.038407,3.639242,-5.829228,-9.404219,-74.065506,47.008965,-50.108563,72.680746,14.594758,-8.565833,-11.596825,-81.106085,-41.202539,53.410122,72.306807,-5.550885,-2.764302,15.657667
789.000000,4.222462,-19.777723,68.237180,8.185522,0.054964,-53.085981,-26.097770,-1.034220,29.428153,39.145423,-35.677879,13.338091,-14.413782,-30.850090,-21.065647,76.488031,-23.441829,9.146334,2.747175,-9.199986,-9.015320,-73.696382,46.682256,-50.466048,72.750906,13.711546,-8.862077,-12.690146,-80.738751,-42.325767,53.755754,72.887121,-5.669941,-2.831161,15.966959
790.000000,5.197466,-20.979495,68.036491,8.033400,-0.538267,-48.420435,-25.692716,-3.890328,25.740084,41.046497,-36.987827,14.833463,-15.451700,-29.974722,-16.084218,80.792525,-21.305769,9.927618,1.792244,-11.015293,-9.247582,-73.758776,47.013941,-51.038332,73.127011,13.026603,-8.965652,-12.547592,-81.155030,-42.823958,54.113823,72.857327,-5.553424,-2.727882,15.797179
791.000000,6.276896,-22.050278,67.951143,7.624901,-0.377345,-44.045198,-25.244475,-5.920930,21.849550,42.500767,-38.291304,15.000035,-16.724717,-28.471321,-12.499148,82.573353,-23.041360,9.902497,1.210357,-12.167598,-9.137921,-75.060794,47.480671,-50.993656,74.022161,13.449501,-8.511587,-11.757479,-81.721349,-42.981025,53.674608,72.723135,-5.242857,-2.459174,15.391850
792.000000,7.732515,-22.891204,68.279004,5.977738,0.076484,-40.323367,-22.001842,-7.397955,17.911299,40.576846,-38.690839,15.000035,-17.003575,-27.345543,-11.385044,81.385146,-27.016866,8.160047,0.534631,-11.406332,-7.810926,-76.123449,49.550574,-51.070742,73.513517,12.312285,-7.775959,-12.341230,-83.004878,-42.432663,53.788153,71.872564,-4.082379,-1.771054,15.708552
793.000000,9.025738,-23.568650,68.305600,4.927332,-0.260834,-36.698870,-20.562696,-8.821039,14.884785,41.906219,-40.096305,15.000035,-18.160510,-28.820086,-11.668328,80.053724,-32.584616,6.162185,1.058358,-11.243401,-6.943289,-75.863949,49.360056,-51.394359,73.432914,12.529266,-7.725206,-11.358415,-82.518124,-42.193118,53.262078,71.878459,-3.651899,-1.865914,15.147196
794.000000,10.611896,-24.176605,68.663585,2.914675,-1.166613,-33.110622,-14.778861,-10.419904,11.017007,38.092061,-40.470633,15.000035,-17.727799,-28.628823,-12.494325,76.441496,-37.245336,4.871281,1.885570,-9.764177,-4.454558,-76.185760,49.057472,-51.986943,73.627213,12.487918,-8.225623,-11.071327,-82.928154,-42.660658,53.391445,71.803928,-3.545931,-1.959807,14.610487
795.000000,11.699615,-24.481609,68.500453,2.194547,-1.997578,-28.642733,-13.674507,-12.063706,7.785523,40.407092,-41.663427,15.000035,-20.207533,-28.883955,-11.960439,74.608718,-40.619511,4.320307,1.783963,-9.000287,-3.042877,-75.987255,48.467497,-52.181573,73.688199,12.479253,-8.507286,-10.960707,-82.859648,-42.916397,52.745740,72.046912,-3.497070,-2.045769,14.827173
796.000000,12.993415,-24.837609,68.657863,0.873372,-1.800497,-23.988070,-11.319339,-12.874644,3.104070,39.729073,-42.126752,14.560596,-22.543319,-26.496105,-11.950435,71.364999,-42.469925,3.832534,1.110409,-6.495952,-1.719788,-76.636956,48.361639,-52.348434,73.888385,12.421250,-8.548204,-11.138124,-83.995877,-43.734193,53.222777,72.128232,-3.257947,-1.723297,14.999970
797.000000,14.274691,-25.118452,68.727988,-0.306640,-2.660486,-19.556410,-8.590177,-13.782580,-1.051497,40.109425,-43.017887,14.246146,-24.475872,-23.870495,-10.850679,68.085457,-43.843182,4.429034,0.569923,-4.371163,-0.046434,-76.655227,48.427957,-52.241040,73.729433,12.293013,-8.724499,-10.825924,-84.497056,-44.284262,53.066823,72.218746,-3.086157,-1.980981,14.554209
798.000000,15.642273,-25.442085,68.890762,-1.242117,-3.685112,-16.013170,-5.173512,-14.080527,-4.320862,39.446344,-43.384173,13.564115,-26.098197,-21.499931,-10.549587,64.430588,-45.071739,4.603515,0.759888,-2.245653,1.394150,-76.926153,48.122016,-52.263248,73.817625,12.746263,-8.605483,-10.428506,-84.639103,-45.180752,53.349460,71.531806,-2.449642,-1.556480,14.381834
799.000000,16.872105,-25.717467,69.063163,-1.870968,-4.329915,-12.482381,-2.574033,-13.852888,-7.021024,38.680820,-43.525387,12.021997,-28.125988,-19.297714,-10.706392,60.596496,-45.802446,4.825813,0.596294,-0.227591,2.040128,-77.108184,48.274360,-52.478399,73.928984,12.970224,-8.390613,-10.303287,-84.522075,-45.793628,53.286544,71.281452,-2.478885,-1.357595,13.764377
800.000000,18.080774,-25.995612,69.327873,-2.606976,-4.535291,-9.831482,-0.394057,-12.665718,-8.758580,37.577464,-43.593023,10.498814,-30.130218,-17.037021,-11.542652,56.408804,-45.669667,3.468647,0.759326,1.919319,2.296456,-77.635297,48.536591,-52.710674,74.192465,12.793351,-8.706306,-10.693737,-84.711394,-46.049716,53.462527,71.617443,-2.071061,-1.394004,13.700659
801.000000,19.312175,-26.197967,69.359517,-2.545754,-5.130586,-6.510512,1.443456,-12.544516,-10.513066,37.528246,-43.608159,8.364210,-32.078636,-15.930607,-11.286342,52.849565,-44.842548,5.928626,0.317788,3.079093,2.771000,-78.390047,48.579615,-52.756152,74.571138,13.397391,-9.234149,-10.104290,-84.775242,-46.501314,53.085815,72.008348,-1.936577,-1.885404,13.213031
802.000000,20.474456,-26.407775,69.355357,-2.723899,-5.169875,-3.828324,2.032014,-12.101942,-11.413927,38.673207,-43.805145,7.344549,-34.320307,-14.927838,-11.658115,49.958964,-44.433949,5.533307,0.274333,4.518453,2.537953,-78.751644,48.674230,-53.263871,74.300294,13.006944,-9.155904,-10.491148,-84.856494,-46.858492,53.041504,72.446314,-2.194378,-1.647077,13.739426
803.000000,21.766509,-26.645151,69.359106,-2.779886,-5.053484,-1.376293,2.862589,-11.511850,-11.391528,39.109731,-44.032894,6.503710,-35.811116,-14.467118,-12.790598,46.921043,-43.915357,5.510758,0.464990,5.757157,2.103399,-79.062698,48.433677,-53.501623,74.003672,13.021294,-8.968680,-10.542308,-84.864930,-47.964768,53.269916,71.953338,-2.255933,-1.496482,14.028464
804.000000,23.211525,-26.945648,69.413245,-2.671172,-5.133216,0.744405,4.796224,-10.627585,-10.767070,38.031197,-43.974353,5.652059,-36.178054,-14.394190,-14.509181,43.850730,-43.552329,5.294169,0.330792,6.771961,1.829485,-79.301420,48.254050,-53.356584,74.518832,13.710196,-9.866118,-9.758085,-85.076078,-48.282146,53.071444,72.143320,-2.105254,-1.726969,12.963752
805.000000,24.686150,-27.339306,69.397718,-2.463651,-5.134781,3.058414,6.232141,-10.253158,-11.595508,37.942473,-44.002538,5.397020,-36.365891,-14.461136,-15.919539,41.989421,-43.381619,5.108690,-0.210340,7.525921,1.524252,-79.198065,48.367138,-53.379445,74.298286,13.829530,-9.786336,-9.882967,-85.301017,-48.649289,53.056257,71.970461,-1.884563,-1.614478,12.781196
806.000000,26.107103,-27.455804,68.925941,-2.541162,-5.922904,4.883162,6.813252,-9.681088,-11.154431,41.276913,-44.693275,5.120488,-37.281963,-14.826054,-16.006693,44.146825,-43.555949,5.506437,-0.041673,8.238265,1.708605,-78.920158,48.131715,-53.505144,74.058498,13.820041,-9.876707,-9.727531,-85.099697,-48.680090,52.492968,72.118601,-1.895033,-1.612495,12.553403
807.000000,27.915210,-28.056264,68.936318,-1.960095,-5.297921,6.913971,8.010851,-9.213141,-11.987947,41.004484,-44.114057,3.754409,-36.474552,-14.359030,-16.506633,42.104155,-43.404657,4.731474,-0.200198,8.385333,1.306154,-79.560222,47.824165,-53.885104,74.188743,13.601041,-9.849539,-10.161881,-85.925323,-49.493955,53.000233,71.737764,-1.429221,-1.403493,13.102608
808.000000,29.624444,-28.309146,68.419451,-1.991937,-5.670506,7.484763,8.617653,-8.863723,-12.041609,44.131293,-44.428547,2.874107,-36.601181,-14.698048,-17.647404,44.686315,-44.076741,5.112102,0.759602,8.886456,1.220812,-79.271729,47.505045,-53.818909,73.934667,13.566579,-9.981036,-10.036005,-85.851004,-49.370742,52.697430,71.861916,-1.454333,-1.461104,12.859703
809.000000,31.807387,-29.048356,68.491232,-1.893598,-5.059956,8.405614,10.366059,-7.696356,-13.334320,43.299762,-43.117830,0.808331,-33.984774,-13.286331,-19.531687,41.982058,-43.608340,3.900285,1.119467,9.325869,0.485908,-79.597208,46.943795,-53.583599,73.949987,13.293140,-10.117734,-10.467822,-86.211809,-49.787318,52.877999,71.894817,-1.326201,-1.492843,13.092520
810.000000,33.726099,-29.313126,67.974603,-1.647177,-5.114127,8.895353,10.724906,-7.585524,-13.210579,46.082716,-42.088739,-0.249882,-33.658185,-13.418455,-20.385427,44.904392,-44.072434,4.379631,1.700007,9.515424,0.254543,-79.376237,46.538911,-53.847456,73.870565,13.415334,-10.129546,-10.435671,-86.040351,-49.764280,52.927279,71.763595,-1.231449,-1.535732,13.082433
811.000000,36.124063,-30.073339,68.014115,-0.712025,-4.271573,9.628564,12.338294,-7.582535,-14.453097,45.206536,-39.065561,-1.980650,-30.830805,-12.114356,-21.568764,42.378267,-43.668927,3.403255,1.289656,9.190452,0.087777,-79.772908,46.832182,-54.300755,73.465296,12.455936,-9.803064,-11.143241,-87.055091,-50.287541,53.670230,71.481447,-1.082164,-1.439727,13.490541
812.000000,38.375640,-30.299887,67.411947,-0.531381,-4.066110,9.665347,12.645525,-7.717646,-14.344003,48.140437,-36.553397,-3.531336,-29.998577,-11.585087,-22.158179,45.156600,-43.984448,3.655935,1.639645,9.481338,-0.228346,-79.619242,46.552046,-54.439244,73.266217,12.407789,-9.836548,-11.032408,-86.930297,-50.392463,53.812953,71.559455,-1.022104,-1.360193,13.612466
813.000000,41.101098,-30.957553,67.335320,0.485189,-3.349358,10.752792,13.700962,-7.334934,-14.932018,48.373913,-32.554348,-7.334210,-26.644566,-9.736817,-21.015225,42.163106,-42.853546,2.189638,0.383561,9.036865,-0.458234,-80.065042,46.837179,-54.880365,72.873774,12.529461,-9.877079,-11.042842,-87.909555,-50.542266,54.486150,71.817499,-0.829373,-1.103802,13.759342
814.000000,43.199664,-30.985174,66.888547,0.204025,-3.152244,11.306719,12.068090,-7.730440,-16.062747,54.244922,-28.403523,-10.980385,-27.695106,-8.119281,-17.090277,45.098277,-37.752303,1.774879,0.144723,10.094782,-0.575322,-79.971878,46.202743,-54.825587,72.883992,11.111038,-9.599586,-11.277957,-88.429687,-50.754559,54.544514,72.007092,-1.000508,-0.925697,14.223205
815.000000,45.088518,-31.004748,66.633058,-0.036110,-3.629906,11.374008,10.045925,-8.204918,-15.934937,61.479038,-24.568703,-14.969024,-28.441565,-8.029360,-15.648933,50.332665,-34.749810,1.027900,0.013620,11.779456,0.570302,-79.179576,45.437837,-55.141692,72.443705,10.546498,-9.304306,-11.845567,-88.674734,-50.953836,54.324883,72.036762,-0.724183,-0.646959,14.726361
816.000000,46.655074,-31.071848,66.846502,0.532603,-4.050030,11.764000,6.778293,-7.954300,-13.355135,68.147311,-25.590682,-15.000031,-28.290806,-8.493609,-14.724447,53.606156,-35.272036,1.222743,-0.692709,13.043406,2.290453,-78.169391,44.241218,-55.064633,71.963583,9.916335,-9.161589,-12.374897,-88.686639,-50.841094,54.210098,72.197504,-0.612190,-0.338492,14.893134
817.000000,48.654759,-31.631017,67.410129,1.954488,-3.369218,11.867099,3.260470,-6.439801,-10.456764,70.157517,-31.244878,-14.994628,-26.944763,-9.155566,-14.100810,53.957432,-36.185796,1.599582,-1.341248,12.833127,2.638836,-77.478183,43.293209,-54.361038,71.752947,9.555000,-9.579518,-11.929396,-88.430172,-50.190539,54.083822,72.062908,-1.157944,-0.307137,15.526434
818.000000,50.569290,-31.984755,68.142968,3.197926,-1.428825,11.708470,-1.151062,-4.504761,-7.337598,68.889582,-36.101720,-12.095716,-26.121932,-9.953180,-13.453016,52.249875,-36.627757,3.393717,-1.334337,12.136950,0.735441,-76.927157,42.596844,-53.576233,72.352515,10.205940,-9.912457,-11.590650,-87.840017,-49.375086,53.548027,72.387397,-2.603240,-0.365658,16.296302
819.000000,52.382845,-32.244346,68.635410,4.494649,-0.076380,12.263236,-5.176588,-0.109943,-2.500957,66.803997,-40.051300,-8.609268,-25.492400,-11.462095,-13.013465,52.140517,-37.650267,5.178767,-1.284226,11.707628,-0.789865,-76.831739,42.154544,-52.866204,72.328719,10.781532,-9.768506,-11.502642,-87.756654,-49.664242,53.314203,72.870810,-2.850200,-0.490243,15.727947
820.000000,54.143500,-32.520953,69.136244,5.288875,0.879227,11.911732,-8.179680,2.141270,-0.952066,63.500351,-43.389665,-6.885566,-24.169984,-11.987597,-13.006593,50.978230,-38.060741,6.378157,-0.810699,11.816968,-1.776887,-76.998205,42.600037,-52.789026,72.274036,11.202040,-10.241870,-11.562073,-88.606480,-50.221455,54.209757,72.839794,-3.470147,-0.655992,15.313441
821.000000,55.695361,-32.801804,69.580096,6.500580,1.401078,11.299104,-10.553484,1.953348,-1.732297,59.997215,-45.938729,-6.223805,-22.817258,-12.782876,-12.746066,50.099458,-38.561940,7.263893,-0.376811,11.620338,-2.185586,-77.407415,42.960370,-52.998221,72.894046,11.611938,-10.414451,-10.958446,-89.460288,-50.424107,54.253101,72.783138,-2.990723,-0.877344,14.362170
822.000000,56.962967,-32.986337,69.880670,8.326097,2.225404,11.112994,-13.861047,1.551099,-1.377437,58.006187,-46.627833,-4.519978,-22.463297,-14.894389,-12.423755,50.398091,-39.768428,7.709004,-0.377230,10.776140,-2.791646,-77.352610,43.413283,-52.728203,73.054269,10.654936,-10.182449,-11.251541,-89.908348,-50.308817,54.187702,72.569353,-2.505146,-1.042066,14.105673
823.000000,58.223915,-33.137974,70.160997,10.590117,3.346905,10.972722,-16.745764,1.496988,0.626418,55.273139,-47.029455,-3.447058,-22.548584,-17.810767,-12.008116,50.977496,-40.855244,8.748188,-0.314656,9.288923,-3.657118,-77.397989,43.617947,-52.347731,73.173900,10.818619,-10.078591,-11.239421,-90.198003,-50.121041,54.324473,72.618564,-2.479553,-0.904871,14.499423
824.000000,59.442335,-33.248714,70.502812,12.780293,4.519095,10.411565,-18.998952,0.524390,1.459035,51.322298,-46.517215,-2.554305,-22.700463,-20.463561,-11.290262,50.979972,-41.522916,9.690281,-0.223331,7.843775,-4.730159,-77.026837,43.669726,-51.811080,73.258362,10.811579,-10.126898,-10.571850,-90.160737,-49.768296,54.469348,72.604720,-2.915665,-1.326362,13.531449
825.000000,60.541511,-33.349112,70.788205,14.907147,5.877270,10.243392,-21.439373,-0.701906,2.055457,46.867471,-46.031916,-1.945966,-23.308381,-22.994998,-10.233436,51.179547,-41.803643,11.084232,-0.467905,6.358569,-6.057126,-76.668791,43.337653,-51.534170,73.599550,10.524339,-9.834531,-11.218268,-89.845135,-49.708887,54.109421,72.420912,-2.475187,-1.079904,13.865162
826.000000,61.563802,-33.416447,70.915002,16.159723,6.801574,9.774604,-24.154421,-0.981419,2.307704,44.242752,-45.553632,-2.167086,-23.739149,-24.625818,-9.819542,51.633218,-42.589757,11.411230,-1.057770,5.766279,-6.741066,-76.382183,43.641535,-51.456804,73.740375,10.432750,-9.822523,-10.965384,-89.814775,-49.288465,54.045292,72.234407,-2.300476,-0.974086,13.689454
827.000000,62.585545,-33.450821,70.964688,16.858564,7.265469,8.560140,-26.629022,-0.789492,1.922869,43.449302,-44.827860,-2.096743,-23.794928,-25.072629,-9.384047,51.699249,-43.192310,11.253292,-1.060044,5.444860,-6.893710,-76.486098,43.997114,-51.403317,73.921976,10.284116,-10.033158,-10.206827,-89.971316,-48.935543,54.198777,72.204621,-2.417222,-1.086422,13.007236
828.000000,63.529056,-33.511728,71.015918,17.807886,7.684389,7.279703,-28.455762,-0.628425,2.439592,41.325206,-44.422037,-1.748627,-24.134192,-25.663985,-8.587225,52.038405,-43.826339,10.866199,-0.967993,4.779507,-6.928734,-76.709411,44.323109,-50.830063,73.924879,9.892218,-9.609064,-10.635477,-90.194622,-48.667891,54.475984,72.119667,-2.799348,-0.986026,13.325679
829.000000,64.353162,-33.457837,71.035850,18.126362,8.309706,6.378899,-30.567839,0.312426,4.470247,39.066872,-43.925247,-1.257842,-24.646843,-25.537244,-7.757941,52.083358,-44.393815,10.155257,-1.209674,4.498442,-7.400687,-76.757372,44.620909,-50.782829,73.892955,9.692932,-9.645965,-10.138883,-90.603771,-48.231330,54.725928,72.237918,-3.373250,-1.217012,12.785315
830.000000,65.357274,-33.396599,71.104538,17.975932,8.782649,5.388825,-31.730098,1.211574,6.586372,36.147465,-42.612765,-1.114146,-24.223998,-24.528099,-6.951866,51.140454,-44.688405,9.549086,-1.342973,4.532031,-7.924092,-76.602470,44.936054,-50.563078,73.694825,9.581574,-9.682603,-9.719746,-90.991200,-47.695624,54.906364,72.340002,-3.561874,-1.426302,12.220298
831.000000,66.254574,-33.265084,71.024483,17.054695,8.536765,4.863927,-33.474521,1.836611,7.223195,35.363151,-42.051299,-1.126246,-22.888171,-23.159167,-7.018173,50.303438,-45.224301,9.195809,-0.632956,5.076060,-7.772353,-77.049875,43.974011,-50.272685,73.743968,9.665896,-9.426256,-9.948596,-90.977799,-48.836375,55.032641,71.889660,-3.725180,-1.147687,12.665579
832.000000,67.228025,-33.145469,70.960838,15.959671,8.099427,4.222232,-34.793646,2.068680,7.429660,34.625221,-41.329717,-1.008982,-21.094339,-21.478411,-7.354426,49.375854,-45.415485,8.657866,-1.107506,5.706290,-7.659907,-76.505536,44.126714,-50.339126,73.480432,9.146403,-9.426195,-9.296232,-91.066195,-48.120233,55.384016,72.072614,-3.965236,-1.638993,12.048852
833.000000,68.291128,-33.022496,70.823932,15.140643,7.455501,3.347194,-35.493696,1.877792,7.735308,33.716758,-40.774419,-1.110249,-19.348147,-20.134008,-7.494942,48.947608,-45.393239,8.305446,-0.708054,5.941210,-6.976286,-76.525767,44.196873,-49.720205,73.423256,9.576317,-9.476157,-9.443158,-91.304589,-48.062590,55.588181,72.128526,-4.456786,-1.681260,12.114061
834.000000,69.353360,-32.886794,70.702338,14.442589,6.934597,1.985530,-36.197759,1.551660,8.020105,33.240512,-39.476226,-0.678337,-18.054106,-19.133211,-7.785522,48.636684,-45.665299,7.761812,0.054922,5.492694,-6.873647,-76.543840,44.037973,-49.690746,73.571540,9.714164,-9.441873,-9.112861,-91.013814,-47.973370,55.838931,72.170210,-4.414181,-1.508727,12.106134
835.000000,70.463306,-32.703906,70.537382,13.622054,6.796223,0.503919,-36.794690,1.473281,8.750365,31.950406,-39.020854,-0.392716,-17.450158,-17.882274,-7.735961,48.788892,-46.019363,6.729794,0.478755,5.246453,-6.901550,-76.452083,44.908938,-49.844521,73.549888,9.343611,-9.248960,-9.347796,-91.107354,-47.305204,56.322706,72.143053,-4.578172,-1.767614,12.233500
836.000000,71.466774,-32.484996,70.007151,13.595570,6.191729,-0.317439,-38.820541,0.387545,8.981507,34.258692,-38.944817,-0.188761,-17.529348,-18.263480,-7.531816,51.543715,-47.397428,5.858637,0.467792,4.146695,-6.953209,-75.862645,45.120790,-49.656879,73.595124,9.414378,-9.157566,-9.093829,-90.554552,-46.953845,56.681698,71.952334,-4.521591,-1.761024,12.199795
837.000000,72.997653,-32.249954,70.087916,12.331982,6.106169,-2.459870,-37.143081,0.742175,9.766638,30.695188,-37.870042,-0.036448,-15.580913,-16.209343,-7.714600,49.614829,-46.276461,5.467102,1.715398,3.919235,-6.868716,-76.531546,45.938206,-49.837517,73.890134,9.733943,-8.982623,-9.761624,-90.834945,-46.932419,56.880398,71.682118,-4.762472,-1.726448,12.732520
838.000000,74.232036,-31.986082,69.521326,12.190859,5.673729,-3.065486,-38.611865,0.218886,10.780555,32.902893,-38.130245,-0.087049,-15.289035,-16.686736,-7.801234,52.114118,-47.522014,5.007767,1.324673,2.770053,-7.071313,-75.974776,45.930652,-49.488245,73.964173,9.746349,-8.945943,-9.544436,-90.400962,-46.518506,56.928250,71.599029,-4.973140,-1.797798,12.584908
839.000000,75.861251,-31.627429,69.553173,10.292544,5.419942,-4.823058,-36.635977,1.130980,10.946807,30.419812,-37.317797,0.299722,-12.728177,-14.333681,-8.277802,50.157617,-46.628855,3.959760,1.813368,3.216520,-6.959453,-75.935591,46.775202,-49.562971,73.645784,9.851115,-8.838938,-9.928188,-90.658201,-46.248430,57.407856,71.114714,-4.724846,-1.864650,12.784696
840.000000,77.382368,-31.327045,68.866885,10.155420,5.107872,-5.245776,-37.769396,0.769269,11.735828,33.127483,-37.881278,0.265099,-12.231720,-15.083962,-8.289358,52.885045,-47.505339,3.988004,1.247331,1.853401,-7.192024,-75.501553,46.472139,-49.296703,73.785516,9.729161,-8.754516,-9.893046,-90.558200,-45.952106,57.406210,71.260559,-5.157295,-1.900964,13.019081
841.000000,79.373699,-30.879974,68.768620,8.078474,3.984435,-6.554021,-34.324245,2.196950,12.769726,31.842905,-38.439618,0.778650,-8.156817,-12.595855,-7.839452,50.873267,-46.515487,3.865059,1.474437,1.956510,-6.120959,-75.834880,46.943344,-49.160317,73.462714,9.889211,-8.742388,-9.774300,-90.875120,-46.045539,57.281521,70.949034,-4.934828,-1.817000,12.985880
842.000000,81.259668,-30.505887,67.962623,8.313996,3.810569,-6.494508,-34.804206,1.969798,14.622458,35.291577,-39.465632,1.441065,-7.545617,-13.607123,-7.008131,54.419037,-45.978491,4.605965,0.527387,0.060775,-6.813553,-75.397434,46.526135,-48.854229,73.595350,10.132903,-8.734340,-9.976793,-90.715472,-46.074052,57.692982,70.782289,-5.153744,-1.991545,12.945819
843.000000,83.426833,-30.014229,67.329061,8.192308,3.847353,-6.898047,-34.247692,1.867987,16.091458,38.027047,-40.283308,2.276904,-6.918282,-14.029066,-5.732819,57.028825,-45.890211,6.398909,-0.089329,-1.689982,-7.813660,-75.256800,46.159791,-48.494374,73.903009,10.661266,-8.716693,-10.118323,-90.459176,-46.194355,57.785641,70.668819,-5.089928,-2.033373,12.978077
844.000000,85.941213,-29.387227,67.340940,8.406229,2.711819,-7.896625,-28.545177,-0.732107,15.511438,33.440558,-37.967495,3.947343,-4.357667,-14.755606,-3.450731,58.065385,-42.042403,8.604648,-0.274005,-4.065851,-7.277149,-75.942722,46.443046,-49.490164,73.827084,10.972446,-8.831381,-10.196523,-90.564203,-46.701572,57.891652,70.477184,-4.840080,-1.915740,13.414138
845.000000,88.077205,-28.949574,67.049998,8.936047,2.136279,-7.735041,-28.643112,-2.855270,12.858559,37.150078,-35.634620,4.903068,-4.633691,-15.482896,-1.062852,62.781104,-35.595592,11.557544,-1.525132,-6.588345,-7.447389,-76.046862,46.158593,-49.575651,73.926348,10.945031,-9.082852,-9.719082,-90.499323,-46.761855,57.762029,70.957435,-4.562563,-1.976192,13.066794
846.000000,90.076917,-28.465736,67.119980,9.425536,1.166141,-7.391020,-27.374242,-5.258904,10.525126,39.123477,-31.631969,4.051419,-6.093177,-15.640008,2.158939,68.907060,-26.994685,14.893110,-2.532205,-9.741580,-6.770632,-76.823140,45.918532,-50.492426,74.007866,10.551095,-9.364721,-10.287139,-89.777468,-46.988112,57.420294,71.219455,-3.709392,-1.973674,14.186993
847.000000,91.950965,-28.286764,67.121077,9.261078,0.214582,-7.208474,-26.691438,-5.152376,10.507570,42.799253,-32.238978,3.791187,-7.801634,-16.299200,2.298244,75.315253,-23.273231,15.000021,-3.351604,-11.981652,-6.640296,-76.409811,45.697896,-50.956097,73.930179,10.861260,-9.495488,-10.374677,-88.793340,-46.844791,58.004835,71.333498,-3.724105,-1.863393,14.379275
848.000000,93.883741,-27.481815,67.277116,8.004005,-0.491471,-8.239365,-25.118714,-4.031298,11.232011,45.330897,-34.261824,4.970324,-10.858070,-21.316938,-0.448256,79.713198,-26.689015,12.781938,-3.410364,-12.819352,-6.667576,-75.979871,45.723861,-51.158937,74.125543,10.606728,-9.349668,-10.174262,-88.051288,-46.191487,57.601000,71.502054,-3.223434,-1.889722,14.635256
849.000000,96.151018,-27.098137,68.202394,6.104229,-1.600962,-9.644082,-17.598852,-3.289101,11.347015,38.829882,-34.612930,5.358949,-12.487480,-23.155156,-3.458696,78.477467,-32.106814,9.878883,-2.746678,-12.665517,-5.381533,-76.363953,46.404438,-51.345916,73.771015,10.751662,-9.015308,-10.766143,-88.357608,-46.184909,56.640737,71.241721,-3.347327,-2.054578,14.886513
850.000000,97.955191,-26.717398,68.359208,5.260774,-2.734162,-9.969102,-15.503706,-2.858430,11.684734,40.792417,-36.898403,4.763311,-14.953166,-25.694081,-6.367711,76.430889,-36.397187,9.547357,-2.952349,-13.402808,-4.838229,-75.627707,46.368614,-50.962995,73.704476,11.371681,-8.974962,-11.007592,-87.799616,-45.850182,56.079801,70.993130,-2.926976,-1.958235,15.153671
851.000000,99.822921,-26.377115,68.910551,2.354288,-3.269605,-10.543707,-11.334811,-0.758721,10.834230,38.936979,-38.236222,4.547749,-16.356717,-24.545272,-10.616161,71.415017,-38.513719,8.844479,-3.033500,-11.898165,-3.662963,-76.041869,46.918656,-51.037605,73.763953,11.637964,-9.204964,-10.771975,-88.105766,-45.892803,55.872812,70.679289,-2.823918,-1.990819,14.865318
852.000000,101.255393,-25.999668,68.837941,1.455564,-4.273687,-10.612369,-10.244888,-0.622845,10.266184,41.821648,-40.808082,5.935341,-19.574791,-25.505663,-12.380184,68.840814,-40.998900,8.608839,-3.147377,-12.143284,-2.799116,-75.797895,46.934143,-51.266164,73.798200,12.027300,-9.194579,-10.707414,-88.011325,-45.808364,56.206962,70.275243,-2.733349,-2.032198,14.673920
853.000000,103.042710,-25.608197,69.140315,-1.363927,-4.228545,-11.063827,-7.293275,1.372507,9.396452,40.836239,-42.869853,6.469073,-21.598520,-21.919433,-13.666720,63.681856,-41.327327,7.579464,-2.987301,-9.861623,-1.783494,-76.446257,47.248052,-51.367339,73.828505,12.212758,-9.433709,-10.674142,-89.021503,-46.098965,56.596897,70.013155,-2.291547,-1.879158,14.580208
854.000000,104.567170,-25.265676,69.405717,-2.347212,-5.131680,-11.030339,-3.767027,1.499143,9.278211,38.808503,-43.277533,6.310787,-23.682277,-20.479124,-13.472172,59.695560,-42.294601,7.246608,-2.950886,-9.413709,-0.572735,-76.329618,47.121325,-50.698766,73.973421,12.289143,-9.224078,-10.477191,-89.353020,-45.930936,56.752670,70.075535,-2.280052,-1.650651,14.441480
855.000000,105.982673,-24.963024,69.608760,-3.284104,-5.287768,-10.339504,-1.895168,2.086765,8.868689,38.140050,-43.577567,5.870700,-26.112105,-18.593826,-13.296752,56.160377,-42.535293,6.770745,-3.645924,-8.851707,-0.406256,-75.750384,47.139831,-50.405970,73.739200,12.720973,-9.486989,-10.368070,-89.000841,-45.679933,56.552109,69.965978,-2.023831,-1.661187,14.008400
856.000000,107.463145,-24.642955,69.766289,-4.326139,-5.328938,-9.442540,-0.136095,2.882968,8.340791,37.660898,-43.560693,4.475172,-28.199770,-16.276952,-12.631565,52.994635,-42.757473,7.151234,-4.192143,-7.912748,-0.187270,-75.199201,46.667121,-49.973151,74.015632,12.848703,-9.510380,-10.324084,-88.725756,-45.721898,56.379745,69.863710,-2.143540,-1.604793,13.892261
857.000000,108.851814,-24.378145,69.909698,-5.180847,-5.176806,-8.382914,1.204707,3.698650,8.030359,37.081203,-43.690340,3.003373,-30.058351,-14.531753,-12.485974,50.354221,-42.585854,6.833917,-4.572073,-7.101364,-0.034837,-75.115572,45.927059,-50.368608,74.233330,12.796952,-9.731397,-10.372563,-88.549291,-46.376844,56.772088,69.609033,-1.755666,-1.633999,14.218661
858.000000,110.225809,-24.220714,69.990396,-5.745345,-5.274800,-7.361767,2.569527,4.183623,7.442168,36.836754,-43.807993,2.193890,-31.447502,-13.256799,-12.264841,48.058567,-43.127655,6.492655,-4.856115,-6.548651,0.246059,-75.129574,45.629308,-50.198533,74.096146,13.314942,-9.966032,-10.085055,-88.430944,-46.806900,56.721521,69.645527,-1.924349,-1.520767,13.951249
859.000000,111.612368,-24.085474,69.997746,-5.980560,-5.366489,-6.199947,3.846334,4.427120,6.985894,36.611634,-43.834754,0.897386,-32.639473,-12.847424,-12.545577,46.705677,-43.249028,6.619330,-5.115971,-6.172846,0.388448,-75.074216,45.585823,-50.234955,73.783836,13.709528,-10.007558,-9.801409,-88.414996,-47.318540,56.589733,69.531872,-2.192859,-1.441201,13.796354
860.000000,113.177955,-24.071828,70.042008,-6.199112,-5.499105,-5.255129,5.780343,4.812194,6.820562,35.759694,-43.677629,-0.725476,-32.782996,-12.202714,-13.447320,43.857007,-43.313771,6.777069,-4.925526,-5.810200,0.665339,-75.546585,45.314993,-50.440363,74.030481,13.572779,-10.023383,-10.265353,-88.664038,-47.820504,56.665934,69.685811,-2.228962,-1.363260,14.212766
861.000000,114.653683,-24.102722,69.873017,-6.308644,-5.835504,-4.378005,6.770927,5.062727,5.925587,37.043760,-43.928567,-1.716242,-33.361960,-11.760188,-13.687927,43.418249,-43.686932,6.802104,-4.571264,-5.647834,0.751312,-75.565238,45.328841,-50.405174,73.972841,13.861186,-9.944262,-10.241064,-88.711269,-48.043622,56.700208,69.723835,-2.448978,-1.086245,14.245051
862.000000,116.144419,-24.217810,69.651777,-6.343331,-6.092989,-3.532310,7.589295,5.261000,4.981389,38.532522,-44.155062,-2.776695,-33.867490,-11.097953,-13.789137,43.086292,-43.651459,6.743439,-4.270645,-5.404651,1.149137,-75.793796,45.744581,-51.028415,73.666848,13.371955,-10.046229,-10.034145,-89.336989,-48.109223,56.733795,69.796426,-2.345571,-1.260441,14.282974
863.000000,117.721832,-24.353904,69.361901,-6.306157,-6.268011,-2.599056,8.382607,5.398138,3.978757,40.020291,-44.449655,-3.996544,-34.314601,-10.378229,-13.696840,42.864567,-43.570183,6.814429,-3.917690,-5.210283,1.424775,-76.259663,45.964649,-51.156799,73.832883,13.567611,-10.114494,-10.101465,-90.014312,-48.077217,56.665302,69.955084,-2.244661,-1.493804,14.836182
864.000000,119.391012,-24.524929,69.033068,-6.200061,-6.335704,-1.503657,9.245988,5.401872,2.753293,41.166387,-44.733043,-4.596686,-34.518171,-9.705951,-13.686562,42.348580,-43.538611,6.877898,-3.687433,-4.936675,1.302344,-76.399716,46.033525,-51.521712,73.870559,13.729978,-10.225166,-10.007022,-90.516652,-47.900168,56.768810,70.096005,-2.055733,-1.557049,14.804778
865.000000,121.121132,-24.767558,68.628132,-5.953250,-6.376539,-0.274419,10.249828,5.344078,1.625388,42.043813,-44.925272,-5.046045,-34.371073,-9.263572,-14.127158,41.671503,-43.467051,6.886432,-3.643130,-4.611339,1.264978,-76.593475,46.151738,-51.696725,73.789218,13.744751,-10.411811,-9.887212,-90.821579,-47.799730,56.395144,69.954319,-0.625185,-1.550207,13.697013
866.000000,123.053861,-25.036594,68.150365,-5.343659,-6.228265,0.776399,11.597784,4.558932,0.096363,42.478063,-44.932997,-4.794093,-34.411323,-8.944450,-14.239077,41.381968,-43.356876,6.772441,-3.306620,-4.703830,0.905636,-76.930326,46.109135,-52.316268,73.418182,13.584395,-10.354307,-10.375895,-91.090367,-47.974255,56.679338,69.637262,-0.965287,-1.468818,14.230534
867.000000,125.041020,-25.409278,67.539859,-5.153983,-5.823572,1.804612,12.226192,4.510208,-1.458673,43.921586,-44.983937,-5.108175,-34.627703,-7.805614,-14.339062,41.027604,-43.592624,6.219341,-3.110780,-4.317357,0.496758,-77.309982,46.149782,-53.053044,73.093481,13.218571,-10.232076,-10.763377,-91.323502,-48.062685,56.962972,69.450333,-0.793977,-1.290767,14.838417
868.000000,127.180231,-25.813341,66.804498,-5.443416,-5.542788,2.938474,12.660924,4.723813,-3.814822,46.545420,-44.821436,-5.408190,-34.498278,-5.743028,-13.971406,40.622878,-43.667947,5.806148,-3.046283,-3.477006,0.242915,-77.704282,45.998261,-53.482861,72.846686,12.939827,-9.970941,-10.778712,-91.378171,-48.140983,56.974884,69.371718,-0.779519,-1.256688,14.851119
869.000000,129.558051,-26.252645,66.119146,-5.041919,-5.644029,4.477603,14.210291,4.587210,-5.983372,47.647085,-45.049056,-6.479210,-34.268579,-3.909914,-12.210892,42.131175,-43.817371,5.425334,-3.145445,-3.134892,0.138913,-77.530529,45.800974,-53.971339,72.533440,12.340074,-9.790963,-11.209630,-91.194138,-48.145413,57.057365,69.349212,-0.761108,-1.008400,15.108585
870.000000,132.151151,-26.565188,65.030992,-5.356821,-5.879805,6.073180,14.823179,5.341820,-7.955886,51.912043,-44.031556,-7.242891,-34.577952,-1.108050,-9.457151,45.919563,-44.770056,4.986987,-3.231491,-1.984039,-0.095700,-77.088069,45.466592,-54.559930,72.476770,12.316645,-9.735029,-11.232416,-90.734603,-47.883028,57.037339,69.455606,-0.663351,-0.953902,15.305315
871.000000,135.082698,-27.038288,64.336056,-5.054564,-5.974449,8.936201,15.786616,5.877357,-10.723314,54.561969,-41.637506,-8.305633,-32.762051,1.481198,-5.868968,46.995957,-41.698025,3.954373,-4.313394,-1.155049,-0.592000,-76.767160,45.556044,-55.567561,72.106184,11.502091,-9.379975,-10.994146,-90.833497,-47.940234,57.374791,69.498411,-0.626613,-0.766941,15.260278
872.000000,137.368071,-27.407205,63.739413,-5.328942,-5.918322,9.910080,14.066294,6.633251,-11.096382,60.974424,-37.570866,-7.965898,-33.161060,-0.972554,-9.600204,51.973198,-33.533613,4.326936,-3.139521,0.789179,-0.533575,-76.012847,44.962302,-54.207004,72.303112,9.959510,-9.125382,-11.920383,-91.001540,-47.869685,56.785551,70.017683,-0.558703,-0.813118,15.718396
873.000000,139.260173,-27.585134,63.761371,-5.933505,-5.960533,11.504661,10.251970,8.814094,-9.750227,69.102970,-33.192773,-7.970389,-32.808209,-1.780300,-11.496094,54.853126,-29.040352,6.282869,-2.482595,3.696875,0.251576,-74.563789,44.529572,-53.496961,71.693484,10.398312,-8.937054,-13.652609,-90.655707,-48.103779,56.020662,69.876401,-0.662452,-0.734180,16.319245
874.000000,140.966487,-27.918917,64.241499,-5.920142,-5.551440,13.134604,5.523825,13.989383,-4.298511,75.569445,-32.572984,-6.215987,-31.880984,-2.621588,-13.187152,56.016045,-29.673552,4.662628,-2.178492,5.509285,0.739786,-73.755757,44.482843,-53.287008,71.634088,10.372198,-8.818067,-13.263719,-89.792016,-47.448849,55.797233,70.474664,-1.114502,-0.637916,15.480385
875.000000,142.728138,-28.226465,65.126967,-5.522928,-3.878251,14.078355,0.568470,17.549973,1.356692,78.022549,-36.183528,-2.963616,-30.372974,-3.050860,-14.199145,53.344573,-29.300839,4.326247,-0.947546,5.921151,-0.221825,-73.978168,45.131797,-53.473438,71.869730,10.447869,-9.389056,-12.423417,-88.729096,-46.265266,55.480715,71.528651,-1.842499,-0.789987,15.610841
876.000000,144.283438,-28.173748,65.884995,-4.785327,-2.270906,15.305380,-4.147942,16.711557,4.364539,77.774626,-40.344374,-1.526399,-28.971443,-4.501274,-14.915178,51.126838,-28.929266,6.726842,0.760980,6.247578,-1.506447,-74.174447,45.307650,-53.226612,72.284889,11.073244,-9.889591,-11.297562,-87.882787,-46.103388,55.429184,71.637442,-3.258567,-1.155221,15.247820
877.000000,145.749664,-28.034920,66.481823,-4.153326,-0.826559,17.428501,-8.962742,16.732830,7.857503,76.055003,-44.130785,0.152575,-27.616087,-6.460768,-16.104172,49.717422,-30.697326,7.546998,2.218281,6.843060,-2.656176,-74.650744,45.629164,-52.613992,72.086363,11.057526,-9.664665,-11.518728,-88.077803,-46.642184,55.621765,72.048660,-4.275423,-1.280189,15.682302
878.000000,147.027802,-27.875340,66.983312,-3.935867,0.124571,20.041147,-13.580171,17.299257,10.871659,73.415873,-47.453176,1.701607,-25.748975,-8.149158,-17.890550,48.212362,-33.334639,6.625782,3.758102,7.771685,-3.306856,-75.813078,45.587684,-52.355579,72.485253,11.647203,-10.222778,-11.519649,-88.836056,-47.527216,56.129682,72.580520,-4.865906,-1.611958,15.423300
879.000000,148.095846,-27.791703,67.501223,-3.516960,1.275572,23.136135,-18.726364,17.413023,13.456039,70.328382,-47.978548,3.162617,-23.996567,-10.279684,-20.134305,46.603450,-35.530671,5.424521,4.546260,8.527299,-4.051046,-75.924547,46.245496,-52.620204,72.532695,11.796712,-10.855513,-11.216634,-89.436061,-48.152222,56.279369,72.167676,-4.730879,-1.982872,14.456828
880.000000,149.036896,-27.656192,67.904943,-2.768665,2.934894,26.301676,-23.570486,16.296772,16.058294,66.403352,-48.203223,3.594850,-23.168314,-13.008529,-21.883996,45.882786,-36.626691,5.733886,5.230973,8.366989,-4.930097,-76.115826,46.624729,-52.228947,73.209813,11.713133,-10.580626,-11.418840,-89.870830,-48.266556,55.508036,71.894325,-4.620235,-1.862034,14.539048
881.000000,149.911606,-27.496594,68.204689,-2.023714,4.742634,29.169902,-28.178593,14.392098,17.683995,62.179952,-47.946613,4.064097,-22.911205,-15.973675,-23.596683,46.023758,-38.135084,5.955336,6.004882,7.589690,-5.757376,-76.269478,47.343996,-52.001881,73.266162,11.536648,-10.598532,-11.282480,-89.914045,-47.920194,55.024694,71.735790,-4.697488,-2.061189,14.404732
882.000000,150.780964,-27.300701,68.435532,-1.295295,6.364773,31.461073,-31.822107,13.039827,19.265307,57.708822,-47.395950,4.431361,-23.139315,-18.483516,-24.292642,47.094069,-39.178969,5.701931,7.159265,6.486264,-6.327683,-76.301389,48.002853,-51.519253,73.340256,11.049228,-10.050388,-11.877693,-89.780125,-47.319817,55.301965,71.948912,-4.965316,-2.130491,14.983511
883.000000,151.533306,-27.061012,68.675208,-0.417186,8.254084,33.814894,-34.588501,11.473621,21.391420,52.284579,-46.595831,4.793329,-23.622725,-21.478283,-24.881049,48.279745,-39.964711,5.750805,8.014703,4.762456,-7.011106,-76.338682,48.651291,-51.305249,73.566492,12.045737,-10.413989,-11.216448,-89.337420,-46.674067,55.349575,71.852600,-5.276204,-2.381002,14.521325
884.000000,152.300477,-26.792040,68.819493,0.107109,9.649564,35.883120,-36.988073,10.476110,22.612535,47.839861,-45.808440,4.954349,-23.764593,-23.795228,-25.441925,49.365858,-40.854596,5.610772,8.737744,3.366497,-7.396476,-76.484124,49.351443,-51.243593,73.703239,12.574324,-10.550340,-10.963397,-89.054691,-45.820508,55.126850,71.957218,-5.147369,-2.450534,14.061522
885.000000,153.076184,-26.354647,68.923354,0.179168,10.662593,37.737207,-39.076479,9.859604,23.275195,44.330011,-44.863206,4.821918,-23.340341,-25.595319,-26.528718,50.191546,-41.491200,5.326596,9.444385,2.326881,-7.866502,-76.448299,49.840512,-50.968931,73.790406,12.246764,-10.616383,-10.904715,-88.786975,-45.144248,54.573198,71.970700,-5.044472,-2.641052,13.918120
886.000000,153.738999,-25.818145,68.776095,0.050521,10.757190,39.449116,-41.398579,10.377882,23.199571,43.830085,-44.603280,4.051916,-22.704290,-26.982840,-27.447127,51.999545,-42.078579,4.821763,10.085892,1.970830,-7.933657,-76.439065,50.323290,-51.021974,73.647498,11.901539,-10.613355,-10.966116,-88.488072,-44.674526,54.454540,71.844745,-4.943153,-2.713160,14.013838
887.000000,154.518270,-25.114310,68.922156,-0.760494,11.272923,41.436246,-41.977899,10.291492,24.291038,40.471664,-43.826056,4.284341,-21.233576,-27.347849,-29.579739,51.502457,-42.535795,4.087201,10.608161,1.406927,-8.701861,-77.274486,50.522066,-51.416138,73.254359,12.342650,-10.130078,-11.148242,-88.478489,-44.608840,54.114134,71.946276,-5.184587,-2.607500,13.847663
888.000000,155.147564,-24.354358,68.586075,-1.128690,11.134584,43.180692,-43.444002,12.128854,25.761635,42.190256,-43.665440,4.098826,-20.379119,-29.094792,-30.983432,53.765828,-42.817407,4.236713,11.126790,1.016888,-9.096484,-77.336859,50.465519,-51.088579,73.417314,11.785427,-10.125372,-10.874497,-88.078459,-44.218426,53.995155,72.019400,-5.234856,-2.626762,13.752536
889.000000,155.964744,-23.264484,68.758053,-1.935760,10.463150,44.358671,-41.580365,12.556095,26.763582,39.186858,-43.343055,4.517808,-17.412124,-27.592024,-32.529107,52.015558,-42.766003,3.471765,11.457097,0.920413,-9.255955,-78.169828,51.224592,-51.496969,73.376852,11.120977,-9.888412,-11.211320,-88.210179,-43.891137,53.808524,71.818264,-5.584186,-2.642048,13.866025
890.000000,156.658137,-22.149327,68.350053,-2.373818,10.340170,45.664325,-42.305389,14.173591,27.305288,41.591371,-43.064688,4.048527,-16.618697,-29.255958,-33.363394,54.334339,-42.614363,3.737000,11.801810,0.329140,-10.005965,-77.969109,51.377096,-51.246219,73.511379,10.791172,-9.796113,-11.303457,-87.797956,-43.477982,53.797954,71.843884,-5.387624,-2.566309,14.033484
891.000000,157.339966,-20.747033,68.082380,-3.333084,9.930800,46.856351,-41.778901,15.235883,28.306654,42.245758,-43.653139,4.098269,-15.415524,-29.032826,-33.578463,55.333183,-42.787836,3.566207,11.830197,-0.228451,-10.927769,-78.006464,51.721041,-51.009861,73.344579,10.275546,-9.794965,-11.590352,-87.429673,-43.190653,53.885340,71.569065,-5.253856,-2.510213,14.283564
892.000000,157.930231,-19.196633,68.210113,-4.132810,8.585688,47.878007,-38.592792,15.294612,29.268078,38.998304,-42.974939,4.054765,-12.277294,-27.490004,-34.653672,54.029395,-41.274891,3.504286,11.820455,-0.278707,-10.823269,-78.332735,52.368529,-51.016964,72.924755,9.442305,-9.935458,-12.176128,-87.439617,-42.890692,53.596231,71.575977,-5.166067,-2.401287,14.470294
893.000000,158.426988,-17.612723,67.710900,-5.093828,8.294521,49.778037,-38.951483,16.592044,30.822079,41.494468,-43.526067,3.970315,-11.600419,-28.828176,-35.128619,56.536836,-40.101373,3.939188,11.620994,-0.871808,-11.599403,-78.049200,52.072170,-50.614960,72.908520,9.021562,-10.016922,-12.341779,-87.294865,-42.913133,53.532612,71.862927,-5.260037,-2.337867,14.468412
894.000000,158.586955,-15.524642,67.630631,-6.239392,7.602645,51.122358,-36.066308,14.930140,32.398596,37.683957,-42.844322,5.344909,-10.114348,-28.595369,-35.286496,56.874367,-38.350679,4.409663,11.745029,-1.364595,-12.046248,-78.275942,51.829965,-50.546941,72.902530,8.747090,-9.971347,-12.469544,-87.655649,-43.385666,53.559734,72.498592,-5.776138,-2.397959,14.687267
895.000000,158.876908,-13.340349,67.031652,-6.876746,7.162179,52.648874,-35.542406,13.967686,31.438954,39.352613,-43.042032,5.327431,-9.389519,-29.767289,-34.129499,59.476276,-35.775957,5.273901,11.652533,-2.252698,-12.688397,-78.038688,51.575298,-50.365228,72.941537,9.197675,-9.983969,-12.625500,-87.457103,-43.645349,54.263958,72.653214,-5.703234,-2.401075,15.031249
896.000000,159.218001,-10.916733,66.855609,-6.381426,7.551811,54.545449,-32.915276,8.800840,28.684189,35.140835,-38.658594,6.887430,-8.062024,-32.403001,-32.333689,61.772969,-33.215637,6.922518,10.901022,-4.612031,-12.527883,-77.955346,51.202981,-50.428622,73.154120,9.020881,-9.620001,-11.993616,-87.944628,-44.346055,55.007605,73.001540,-5.762002,-2.469870,15.393778
897.000000,159.557569,-8.570865,66.476119,-5.368445,7.633202,56.968516,-33.617204,5.925616,24.832701,39.801906,-34.309082,7.600202,-7.880251,-34.987996,-28.310116,66.515394,-26.026796,7.651329,10.053931,-7.085361,-11.764874,-77.241202,50.689474,-50.261252,73.477884,8.100815,-9.503366,-12.309449,-88.057183,-45.098691,55.514039,73.375076,-4.916805,-2.364751,15.795895
898.000000,159.742427,-6.384306,66.323858,-4.297616,7.706864,59.722160,-33.111210,4.096149,24.161282,43.432586,-33.446183,7.512459,-8.455771,-37.260000,-24.072949,71.500012,-21.366500,8.823119,9.016599,-9.636907,-10.911148,-76.239985,50.211347,-50.097535,73.949891,8.546636,-9.710676,-12.685394,-88.127042,-46.082818,56.251201,73.442388,-4.969988,-2.292428,16.284754
899.000000,159.901094,-4.345351,66.707611,-2.194718,8.641380,62.634639,-28.810739,-1.220902,23.254999,40.405248,-32.850348,7.940792,-10.437784,-37.792041,-16.045417,75.342417,-17.946030,10.902848,7.515218,-13.141204,-9.165520,-75.494504,50.276647,-49.479458,74.595242,9.253418,-9.524345,-12.465230,-89.011039,-47.506756,57.075304,73.421747,-4.553939,-1.949711,16.682233
900.000000,160.589802,-2.478957,67.476332,-1.365074,8.643703,65.011717,-24.047634,-4.240321,21.454437,35.458538,-31.648539,7.167340,-11.527361,-34.399251,-11.226393,75.135824,-20.666052,13.433779,6.055897,-15.222489,-8.776268,-74.573091,50.954567,-49.202600,74.962194,10.066151,-9.115731,-12.637364,-90.001526,-48.376714,57.594286,73.372761,-4.907096,-1.904076,16.961323
901.000000,161.113560,-0.775899,67.726105,-0.850674,8.435841,66.081551,-23.205645,-4.304427,20.975781,38.024934,-33.096979,6.129834,-13.200897,-37.468096,-12.093553,75.412289,-24.720555,13.612722,5.536478,-17.204903,-9.292939,-73.698206,51.066131,-49.138000,75.233270,10.308946,-9.087910,-12.323931,-90.214839,-49.141241,58.201039,73.512062,-5.446774,-2.008891,16.673559
902.000000,161.484039,1.272969,68.443173,-1.579784,5.291222,66.324057,-18.818389,-2.325770,18.884981,35.177974,-34.153500,4.415502,-13.124536,-37.993084,-16.133870,72.494112,-28.083501,12.551610,5.669407,-15.780993,-8.813900,-74.892478,51.847959,-49.096472,75.488125,10.920708,-9.153628,-11.756568,-92.492803,-50.861694,58.895027,73.438085,-5.145160,-2.370791,16.305241
903.000000,161.792016,2.652721,68.415916,-0.624035,4.502753,67.346787,-18.386031,-2.027058,17.631548,39.043335,-36.077657,4.105801,-15.006148,-42.206007,-17.651697,71.460260,-31.333018,11.191057,5.307419,-16.840386,-8.449874,-74.274312,51.731829,-49.540964,75.401798,10.836305,-9.320321,-11.917644,-92.891386,-51.258101,59.693784,73.397411,-5.223931,-2.209911,16.281651
904.000000,162.038589,4.254106,68.441820,-0.578452,2.763280,68.463742,-16.894205,-1.468472,15.529813,40.582091,-38.740348,5.080529,-16.971087,-43.808478,-19.504809,69.439234,-34.134345,10.530597,4.921359,-16.481825,-7.990432,-74.714722,51.536069,-49.773153,75.405616,10.778722,-9.670832,-11.740271,-94.199640,-51.827971,59.867721,73.469688,-4.883422,-2.215343,16.076795
905.000000,162.326491,5.930252,68.817210,-0.343475,-0.593084,68.992976,-12.931178,0.439585,13.157599,39.361339,-40.982330,6.059353,-17.891378,-39.940703,-19.412782,65.181971,-36.966838,9.075440,5.431405,-14.005067,-6.321014,-75.383732,51.441153,-49.829754,75.349875,10.510983,-9.380311,-11.778883,-96.195373,-52.359861,60.897086,73.001649,-4.202881,-2.019066,16.073371
906.000000,162.523699,7.121547,68.606496,1.142808,-1.904589,71.637020,-12.007784,0.006522,10.081868,42.834070,-43.209829,7.433635,-20.340464,-37.785996,-15.532202,63.341911,-38.243564,9.911768,4.672840,-13.521179,-4.892572,-74.447054,50.874620,-49.879898,75.152408,10.555286,-9.405158,-11.584683,-96.297116,-51.952314,60.558008,73.100421,-4.004258,-1.560449,15.422470
907.000000,162.617958,8.449117,68.771023,1.835549,-3.843750,73.286368,-9.560698,0.288555,7.283689,42.631053,-44.508760,8.747846,-22.196561,-32.910665,-12.068269,59.629710,-38.662303,10.447169,4.643739,-11.717445,-3.452814,-74.094486,50.864173,-49.347724,75.133262,11.024240,-9.286770,-11.731874,-97.181871,-51.579915,60.604337,72.394739,-2.962992,-1.601135,15.423807
908.000000,162.727761,9.562217,68.861675,2.660992,-4.426908,75.278323,-7.567514,-0.123118,5.417228,42.135331,-45.014430,8.678296,-24.450303,-31.012744,-10.315884,57.131472,-39.423527,10.735795,4.353616,-11.197617,-2.513678,-73.722391,50.731957,-49.190117,75.274094,11.347545,-9.399448,-11.573609,-97.368021,-50.877400,60.522702,72.198330,-2.908308,-1.406478,15.199802
909.000000,162.867665,10.635716,69.028145,2.971449,-4.974672,77.105119,-5.942295,0.102375,4.135612,41.345905,-45.073863,7.621219,-26.476911,-29.405095,-10.460418,54.242781,-40.189537,10.765681,4.438424,-10.634464,-2.322947,-73.434909,50.539274,-48.933135,75.068669,11.801366,-9.586529,-11.638036,-96.809039,-50.419046,60.322107,71.939493,-3.128769,-1.543308,15.129858
910.000000,162.996459,11.736728,69.322026,2.931633,-5.561993,78.924218,-4.243312,0.558746,2.974182,39.691353,-44.603587,6.560310,-27.941652,-27.191173,-10.789478,50.480777,-40.557933,10.654013,4.716318,-9.777179,-2.441209,-73.197662,50.388590,-48.969987,74.566084,11.932067,-9.532877,-11.587338,-96.204546,-50.363243,60.308952,71.481550,-3.085245,-1.505930,15.072827
911.000000,163.126528,12.710804,69.513404,2.934608,-6.045711,81.336366,-3.267069,0.635699,0.952722,38.896264,-44.443836,6.128396,-29.242652,-24.865939,-10.352689,47.459238,-40.995403,10.506164,5.034209,-8.951123,-2.629953,-73.301481,49.868861,-49.196852,74.436651,12.311074,-9.466519,-12.416150,-95.634150,-50.617333,60.310324,71.528371,-2.881441,-1.208756,15.645399
912.000000,163.260198,13.617387,69.470775,2.817842,-6.052196,84.315446,-3.258214,-0.000771,-1.609695,39.191871,-44.791950,6.472779,-31.393455,-22.596207,-7.895166,46.560679,-41.205080,10.348185,4.772668,-8.487756,-3.003409,-73.159741,49.810241,-49.622789,74.191817,12.409578,-9.443250,-11.529358,-95.056501,-50.752919,59.646608,71.382088,-2.831599,-1.561820,14.798804
913.000000,163.474035,14.578734,69.371408,3.039455,-5.798171,87.711920,-2.715295,-1.032944,-4.788779,39.272826,-45.031659,6.595823,-32.804675,-20.797554,-5.320338,46.411436,-41.406984,10.513426,3.714548,-8.391578,-3.303462,-72.729678,50.727760,-50.024343,73.862253,12.616462,-9.627719,-11.427515,-94.144616,-50.158085,58.993123,71.313390,-3.226560,-1.418577,13.698025
914.000000,163.652205,15.499726,69.243276,3.459097,-5.605421,91.322570,-1.923605,-1.966693,-8.130230,39.222997,-45.374692,6.511902,-33.365580,-18.489302,-2.100974,45.934091,-41.837723,10.294114,2.646496,-7.846408,-2.566540,-72.741603,51.653473,-50.526147,73.331445,11.962629,-9.413407,-11.358387,-94.299381,-49.712603,59.058125,71.280715,-3.480134,-0.647073,12.759407
915.000000,163.868380,16.507432,69.129914,4.074021,-5.151816,94.598079,-0.441517,-2.747167,-10.988712,38.626601,-45.473463,6.152835,-33.379968,-16.786448,0.078693,45.623738,-42.510223,9.979592,3.068405,-7.138170,-1.787065,-73.217360,50.352397,-50.782508,74.224485,12.211042,-9.472957,-11.556321,-94.179785,-50.405447,59.043884,70.970624,-2.512356,-1.156626,13.863741
916.000000,164.191699,17.515510,68.917477,4.498897,-4.412567,97.545471,0.560786,-3.642491,-13.573474,38.736786,-45.759505,5.896790,-33.395438,-15.073917,2.197649,45.680845,-42.891450,10.337963,3.032835,-6.732794,-0.968233,-73.401734,50.745601,-51.301370,73.988400,11.877240,-9.521907,-11.778733,-94.346147,-50.187984,58.885527,71.040087,-1.845161,-0.978252,14.217969
917.000000,164.500248,18.523498,68.706363,4.353020,-3.485847,100.507523,0.968195,-4.783149,-16.023187,38.959587,-46.003954,5.872271,-33.673908,-13.981440,3.978850,45.852532,-43.534014,10.372143,3.265584,-6.541888,-0.672482,-73.871979,50.670701,-51.694724,73.902032,11.399282,-9.511798,-11.809610,-94.223102,-50.063958,58.568674,71.385463,-1.821394,-1.160784,14.052056
918.000000,164.785099,19.520786,68.425012,4.034401,-2.609831,103.359813,0.834467,-5.842466,-18.033673,40.050262,-46.382039,5.988135,-33.765580,-12.770286,5.814173,45.921380,-44.067561,10.525369,3.641220,-6.213337,-0.441094,-74.516585,50.591645,-52.230149,74.010625,11.218168,-9.494893,-11.578603,-93.942941,-50.226882,58.572820,71.334462,-1.485360,-1.082422,13.548274
919.000000,165.165234,20.562734,68.101364,3.633722,-1.919161,106.530524,0.201490,-6.611960,-19.848021,41.985965,-46.809158,5.744290,-33.565496,-11.170095,7.791221,46.572396,-44.506957,10.013269,3.679718,-5.679821,-0.208438,-75.230613,50.798453,-53.037689,73.908343,10.728626,-9.576072,-11.975524,-93.781489,-50.387794,58.594868,71.529429,-1.758163,-1.003720,13.569671
920.000000,165.549934,21.703468,67.825490,3.447754,-1.240143,110.006814,0.055433,-6.942760,-21.182706,43.452045,-47.141856,5.001353,-32.397489,-9.541991,9.396002,46.928252,-45.039821,9.836197,3.388890,-4.839307,0.301568,-75.743362,51.169062,-53.393959,73.879192,10.355293,-10.072758,-11.893782,-93.740344,-50.399901,58.267873,71.576312,-1.343982,-1.177171,12.610595
921.000000,166.003835,22.999413,67.695200,2.910591,-0.608719,113.493748,0.225700,-7.237566,-23.527367,43.743526,-47.009829,4.317971,-30.799092,-7.525499,11.287755,46.616488,-45.416687,9.335817,3.403081,-4.093733,0.341463,-76.425965,50.980061,-54.011244,74.336459,9.468637,-9.914411,-11.211662,-93.167701,-50.755399,57.925339,71.589713,-0.463983,-0.983436,12.100028
922.000000,166.556656,24.371952,67.511821,2.303097,-0.072372,117.149689,0.010949,-7.382926,-25.987212,44.668573,-46.789945,2.898807,-28.813191,-5.177324,13.131427,46.086459,-45.503390,8.999577,3.297016,-3.481208,0.821702,-77.560234,50.932410,-54.909410,75.074455,10.079146,-10.682172,-9.829597,-93.222445,-50.828366,57.190502,72.321526,0.043181,-1.036317,11.547386
923.000000,167.161405,25.716263,67.165059,1.329711,0.826469,121.238389,-1.141333,-8.674788,-29.034161,47.176844,-46.751917,1.791389,-26.978682,-2.209776,17.134312,47.026785,-45.088534,8.630702,3.256841,-2.950913,0.870628,-77.599295,51.418053,-55.136811,73.903733,9.411956,-10.227419,-9.682140,-93.024827,-51.320501,57.340770,72.587801,-0.021707,-0.713469,11.447283
924.000000,167.783570,27.077916,66.701132,0.453856,2.243094,125.150837,-1.973511,-10.387662,-31.216037,50.129559,-46.677318,0.679904,-26.285532,-2.093041,19.291789,50.666958,-44.142375,8.186087,3.625041,-2.776682,1.474333,-77.622354,51.517597,-54.913205,73.213501,8.674875,-9.753720,-9.747856,-92.788987,-51.688416,56.985460,73.300388,-0.664033,-0.698238,11.730934
925.000000,168.389237,28.423342,66.619736,0.808579,1.967301,128.199608,-2.893594,-9.041166,-31.798379,53.338368,-45.905083,-1.246584,-25.492742,-4.140078,14.139795,51.793471,-44.052248,8.067212,4.448909,-0.282050,2.496895,-77.361687,51.398099,-54.401606,73.426945,8.153197,-9.365975,-10.468221,-92.541284,-52.074981,56.468913,73.588513,-1.269477,-0.302862,11.664845
926.000000,168.928969,29.691404,66.906559,1.309055,0.304825,131.021679,-4.784854,-5.725603,-31.811125,55.964606,-44.792370,-2.913586,-24.138059,-2.883687,11.008306,50.488813,-43.144242,7.832379,5.750149,3.905374,1.719704,-76.108156,50.072725,-53.546740,74.344116,8.681144,-9.717093,-10.446581,-91.420675,-52.726376,56.356154,73.909026,-1.921676,-0.575655,11.079053
927.000000,169.603074,30.953759,67.183566,0.539703,-0.732054,133.922922,-7.549732,-3.634014,-30.772365,57.639440,-42.553912,-3.906023,-24.086923,-2.475897,8.525789,50.071926,-43.178475,6.302328,6.406646,5.690072,0.472705,-76.082693,50.200965,-53.295314,74.542847,8.593984,-9.811727,-10.077876,-90.053025,-52.378593,55.516966,74.594770,-2.318856,-0.574839,10.570239
928.000000,170.213449,32.068300,67.421550,-1.054649,-0.714085,136.943777,-10.184809,-2.970500,-28.240565,58.253857,-40.277445,-4.194876,-24.286097,-3.861336,6.802326,50.194442,-43.796737,4.659127,6.995873,5.745126,-0.156273,-76.905089,51.289376,-54.065261,73.719065,8.671186,-9.396163,-9.726283,-89.260908,-52.105228,55.271807,74.702592,-2.768884,-0.458034,10.715294
929.000000,170.773470,33.004159,67.529368,-2.496790,-0.516651,140.287055,-12.788794,-2.396359,-25.152812,59.128271,-39.226818,-3.962925,-24.612110,-6.141268,4.400508,51.103492,-43.752156,3.808016,7.321632,5.791816,-0.637034,-77.878397,52.024451,-54.972197,73.324014,7.652668,-9.512650,-10.352277,-88.993984,-52.064920,55.381469,74.670264,-2.795992,-0.660496,10.782351
930.000000,171.372044,33.731547,67.461812,-2.919750,0.009802,143.679496,-14.913030,-0.972128,-21.222205,60.901430,-39.270265,-2.831673,-24.626312,-7.934130,1.755669,53.339068,-44.145968,2.838930,7.792057,6.532381,-0.531758,-78.550208,51.866343,-55.147326,73.259687,7.608470,-8.991636,-10.668715,-88.582335,-51.994853,55.606052,74.637602,-2.833239,-0.658051,10.897010
931.000000,171.751082,34.628600,67.755938,-4.392756,-0.551042,147.713633,-17.508934,1.611267,-15.668521,59.787856,-39.447361,-1.346688,-24.278285,-9.994746,-1.221530,52.510628,-44.686823,1.720192,7.253075,6.425611,-1.244157,-79.941702,52.110385,-55.294452,73.037774,7.397661,-8.841431,-11.301571,-89.112877,-51.889456,55.525828,74.679786,-3.526124,-0.694222,11.295453
932.000000,172.213006,35.319236,67.924136,-5.233134,-1.102192,151.712995,-19.733837,4.961359,-9.371296,59.163495,-40.941404,-0.251737,-24.098765,-11.858481,-4.429789,52.499774,-45.355373,1.198568,6.825020,6.782009,-1.982943,-80.531018,51.819768,-55.617909,73.101725,7.965015,-8.939738,-10.836720,-88.743043,-51.874901,55.017683,74.211494,-3.155707,-0.927472,11.164655
933.000000,172.667873,35.956818,68.093628,-5.985986,-1.951996,155.382700,-21.493601,6.942318,-4.594355,58.200021,-42.847740,0.370541,-24.105995,-13.435468,-7.515632,52.325027,-45.782703,0.739418,6.523382,7.001778,-2.747917,-80.913938,51.675224,-55.700842,73.051482,8.182798,-8.991275,-11.098689,-88.674837,-51.793717,54.816417,74.163307,-3.564537,-1.043221,11.653576
934.000000,173.089194,36.549452,68.218875,-6.255231,-3.111020,158.670397,-23.096298,8.037414,-1.479575,57.498670,-44.631967,0.545111,-24.065562,-14.151577,-10.440619,51.751387,-46.204577,0.216413,6.307507,7.369637,-3.472465,-81.525138,51.701660,-55.707245,72.811749,7.692402,-8.766111,-11.385087,-88.847572,-51.693781,55.182195,74.067698,-3.764899,-1.059335,12.155295
935.000000,173.504496,37.151334,68.271387,-6.649025,-4.153986,161.395370,-24.421288,7.806882,0.272639,56.897709,-45.383810,0.288243,-24.419562,-15.079336,-13.014666,51.758429,-46.376476,-0.495304,6.588339,7.164423,-4.156072,-82.340663,51.583552,-55.936206,72.625627,7.546014,-8.852857,-11.529768,-89.097857,-51.705085,55.470108,74.094111,-3.774582,-1.017407,12.505695
936.000000,173.795259,37.758538,68.437630,-7.168612,-4.856909,163.831400,-24.698739,7.314575,2.215984,55.393732,-45.833349,0.096634,-24.266916,-16.179922,-15.224999,51.339738,-46.328675,-0.370154,6.779057,6.804810,-4.592467,-82.623610,51.575278,-56.032065,72.365376,7.350278,-8.823289,-11.361361,-89.448342,-51.543910,55.906570,73.863025,-3.650065,-0.576507,12.783985
937.000000,174.068415,38.292527,68.551785,-7.977551,-5.374422,166.438561,-24.649007,6.931155,5.040036,53.712505,-46.099266,0.364756,-24.495784,-17.884236,-16.815313,51.969728,-46.325389,0.024495,6.698032,5.863441,-4.885143,-82.986764,51.195055,-55.580039,72.382506,7.565844,-8.747615,-11.328727,-89.810615,-51.379422,55.854343,73.771890,-4.347235,-0.632264,12.932198
938.000000,174.223876,38.767418,68.755668,-9.118258,-6.028591,168.689439,-24.297291,5.368616,6.519877,51.095033,-46.190520,1.354796,-24.698113,-20.015740,-18.366898,52.162848,-46.202261,0.799247,6.460015,4.383183,-5.415456,-83.112863,51.066975,-55.275095,72.264166,7.774465,-9.145145,-11.808664,-89.957314,-51.033760,56.137728,73.370507,-4.779869,-0.914316,13.443279
939.000000,174.319911,39.244431,68.918377,-9.609018,-6.472243,170.647765,-23.764598,4.101774,6.839401,48.911241,-46.018219,1.341173,-24.134369,-21.297117,-20.068856,51.901825,-46.025049,1.446340,6.284534,3.402871,-5.514113,-83.245458,51.123539,-55.291713,71.842293,7.278981,-9.255454,-11.683129,-90.355268,-50.616394,56.712577,73.208583,-4.813996,-0.742298,13.359060
940.000000,174.421287,39.636460,69.049257,-9.834954,-6.417246,172.363833,-22.875415,2.684417,6.325819,47.322542,-45.920243,1.264079,-23.199265,-22.061048,-21.214767,51.823555,-45.579755,2.097415,6.344640,2.634290,-5.171698,-83.223423,50.738713,-54.869160,71.559209,7.154825,-9.775222,-10.899731,-90.600602,-50.579006,57.034361,72.647149,-4.900969,-0.887760,12.944932
941.000000,174.568558,39.907911,69.137627,-9.455007,-6.517598,174.001996,-22.424561,2.488862,6.420382,46.483593,-45.746401,0.761201,-22.149723,-22.229950,-23.027139,51.340766,-45.406538,2.450738,6.358094,2.302168,-4.728423,-83.723441,50.422369,-54.770235,71.474494,6.926265,-10.027951,-10.718742,-91.226814,-50.523114,57.099114,72.575725,-4.937009,-1.129685,12.982981
942.000000,174.696457,40.089047,69.213891,-9.191085,-6.670503,175.635550,-22.032520,2.419602,7.055035,45.533381,-45.777751,0.372954,-21.351960,-22.426168,-24.444158,51.044958,-45.127439,2.464991,6.293568,1.858693,-4.545694,-83.953625,50.065696,-54.875171,71.474849,7.011275,-10.278527,-9.648696,-91.640955,-50.569426,57.482387,72.302491,-4.846432,-1.421405,12.258655
943.000000,174.843466,40.149444,69.243139,-8.837099,-6.748896,177.040175,-21.718830,2.652883,8.052847,44.912032,-45.590102,0.540132,-20.731094,-22.569694,-25.589259,50.967684,-44.872079,2.410174,6.238583,1.483151,-3.852461,-84.732390,49.770325,-54.716990,71.623215,6.978459,-10.296940,-9.880170,-92.823254,-50.519539,58.156151,72.334934,-4.910691,-1.395936,12.563996
944.000000,174.963439,40.122026,69.322228,-8.461224,-7.014140,178.507643,-21.407818,2.755152,9.107109,43.446591,-45.360243,0.856453,-20.213163,-22.656139,-26.663580,50.586618,-44.719448,2.419784,5.935151,1.031773,-3.739712,-85.167808,49.581497,-54.583057,71.722382,6.915432,-10.320622,-9.865778,-93.543566,-50.410068,58.621895,72.294390,-5.151247,-1.608472,12.417161
945.000000,175.160158,40.025502,69.301176,-8.059889,-7.587410,179.589469,-21.837534,2.615499,9.712876,42.344796,-45.271846,0.706277,-20.499097,-22.731925,-27.631979,50.387870,-44.555438,2.341058,5.673371,0.483423,-3.523016,-86.007853,49.742878,-55.031425,71.652380,6.881994,-10.249231,-9.614307,-94.775978,-50.350580,59.379219,72.128662,-5.424291,-1.610890,12.377793
946.000000,175.304615,39.767027,69.258440,-7.489112,-7.552599,-179.277666,-21.729412,2.168789,9.768204,41.355423,-45.098612,0.463868,-20.214601,-22.732143,-27.983958,50.934729,-44.546948,2.230953,5.460705,0.167552,-3.284380,-86.293682,49.657111,-54.992018,71.678730,6.922609,-10.259899,-9.725149,-95.262691,-50.388857,59.451886,71.938879,-5.503331,-1.871603,12.118916
947.000000,175.594258,39.450952,69.084549,-6.730246,-7.684508,-178.683477,-22.398111,1.670886,9.279323,41.338088,-45.079508,0.467386,-20.542426,-22.438245,-28.445040,51.270545,-44.783768,1.983136,5.653732,-0.219622,-2.902612,-87.270898,49.315981,-55.068793,71.909331,7.327443,-10.285689,-8.983776,-96.024503,-50.551282,59.687903,71.883616,-5.918519,-1.961725,11.703278
948.000000,175.792062,39.106873,68.879831,-5.267394,-7.955175,-178.642540,-23.163799,1.362751,7.573418,41.275492,-44.745785,-0.368303,-20.662869,-20.986318,-29.201401,50.685454,-45.159367,1.380819,5.797245,-0.268923,-3.116349,-87.961212,49.711657,-55.546974,71.773936,7.215444,-10.588397,-8.708435,-96.409910,-50.396107,59.870050,71.754655,-5.795611,-2.214123,11.334790
949.000000,175.879443,38.694495,68.588912,-3.246272,-7.799772,-179.128270,-23.236626,1.544442,5.321141,41.194210,-43.907905,-1.596898,-20.636746,-18.525898,-29.171451,50.418401,-45.680059,0.045415,6.316263,0.197426,-3.289684,-88.618528,49.837486,-56.086641,72.112427,7.249200,-10.326776,-8.634841,-96.661240,-50.315435,60.594624,71.487144,-5.009900,-2.190834,11.626260
950.000000,175.929332,38.343927,68.382293,-2.057127,-7.781816,-179.530379,-22.612835,1.293466,2.847014,39.674434,-40.279798,-0.472491,-21.172190,-17.065557,-28.545072,50.895882,-46.130497,-1.356464,6.201378,-0.233291,-3.301508,-89.737573,49.945898,-56.371607,72.564087,7.164964,-9.660446,-8.981665,-97.449669,-50.066335,61.574552,71.672290,-4.529577,-2.148029,11.988985
951.000000,176.034451,37.822673,67.998630,-1.537769,-6.632791,-179.521139,-22.892766,1.726790,2.541749,42.416810,-41.051346,0.460368,-21.183316,-17.781364,-28.026512,53.767925,-46.476920,-1.123722,5.610967,-1.497901,-2.735062,-89.716679,49.753284,-55.780888,72.640503,6.847383,-9.392782,-8.353478,-97.039168,-49.681348,61.169077,71.835456,-3.649651,-2.216631,11.918583
952.000000,175.618792,37.552059,68.318653,-1.917660,-5.156435,-179.959666,-18.472930,0.819181,2.378129,38.271326,-39.894653,-0.517319,-19.680461,-17.462640,-26.199130,53.593745,-46.068595,-0.439172,4.658508,-4.292868,-1.230301,-90.817474,49.974804,-55.582369,72.960798,7.202812,-9.422493,-7.665543,-96.648953,-49.044252,59.716248,71.828660,-1.995007,-2.353181,11.751194
953.000000,175.745380,37.020361,68.165106,-1.730174,-3.856303,-179.728589,-19.004465,0.456100,1.941474,41.724799,-40.702194,-0.386838,-19.613590,-17.439162,-23.611778,55.108077,-46.201432,0.311962,4.236614,-5.964803,-1.028400,-90.311896,49.536152,-55.453934,73.040977,7.599781,-9.120530,-7.350855,-96.009954,-48.647934,60.332775,71.767666,-2.262922,-2.181218,11.639909
954.000000,175.509322,36.540911,68.331981,-1.420565,-4.931810,179.827030,-19.103541,0.281707,2.156367,40.356538,-40.598067,0.390623,-21.625644,-14.544937,-18.168453,53.855628,-45.684390,0.225919,4.151186,-7.092077,-2.557517,-90.905890,48.680343,-55.464841,73.646132,8.335569,-8.524161,-5.963443,-97.628750,-48.669134,61.569627,71.848795,-2.020702,-2.527241,10.880018
955.000000,175.503027,36.033240,68.293124,-1.095319,-5.130953,-179.835743,-19.560062,-0.151107,1.599981,40.694008,-40.964777,0.984782,-23.121452,-11.937510,-12.491150,53.850916,-45.948182,1.245923,3.439007,-7.920036,-3.352635,-91.455256,48.203534,-55.745043,73.520976,8.549500,-8.458230,-4.769614,-98.998073,-48.836126,62.428967,71.584057,-0.696363,-2.565785,10.076054
956.000000,175.381005,35.651943,68.423390,-0.906346,-4.784031,-179.247124,-18.482266,-0.724290,0.942630,39.398597,-40.740627,1.062271,-23.325835,-9.091617,-7.200356,52.646432,-45.809181,2.545959,2.253398,-8.532236,-3.069805,-92.637787,48.004079,-56.254531,73.688158,8.682838,-8.486171,-4.611339,-100.682726,-48.745810,62.861147,71.485812,0.072441,-2.281559,10.228189
957.000000,175.560510,35.384068,68.180555,-1.039716,-3.445482,-178.870218,-18.727851,-1.137524,0.884448,42.281497,-41.766204,1.108689,-23.585558,-9.018951,-5.389050,54.253402,-45.065708,3.633466,1.296458,-9.201057,-2.909896,-92.207458,47.591997,-56.152706,73.802359,8.971572,-8.666928,-4.557244,-100.497375,-48.064079,62.453870,71.427256,0.508073,-2.350560,9.832985
958.000000,175.086677,35.087192,68.605375,-0.672944,-2.903125,-179.249567,-15.481817,-1.053298,0.834826,38.347889,-41.058173,1.314632,-21.575065,-9.272480,-6.381612,51.368384,-42.498380,4.283944,0.523739,-9.222653,-3.029389,-92.532828,48.069997,-56.038902,73.936190,9.477648,-8.747043,-4.574029,-100.667474,-47.130074,61.829686,71.255996,0.550765,-2.337326,9.607453
959.000000,175.301242,34.845293,68.345797,-0.946009,-1.594190,-179.625481,-15.592355,-1.414279,1.201958,41.043491,-42.130864,1.504887,-21.297416,-10.429831,-6.594727,53.149178,-41.812564,4.788041,0.776553,-9.648368,-2.416449,-92.352668,47.506455,-56.049376,73.985162,9.561780,-8.611367,-4.512133,-100.421997,-46.809308,62.118883,71.141352,0.031840,-2.336055,9.886158
960.000000,174.884808,34.602222,68.666691,-1.290938,-1.011118,179.820470,-12.052596,-2.103408,1.570004,36.587151,-41.438324,2.058990,-19.264084,-10.917711,-6.685760,51.127719,-41.168111,5.173196,1.279878,-9.798328,-2.322928,-92.832967,47.104898,-56.248906,74.072889,9.589008,-8.475213,-5.129347,-100.691598,-47.012687,62.033042,71.043338,-0.351856,-2.154719,10.728200
961.000000,175.174201,34.417689,68.347687,-1.785623,0.172162,179.540181,-12.455338,-2.671152,1.910675,39.331573,-42.697066,2.110734,-19.361578,-11.981782,-6.337235,53.004361,-41.874838,5.460459,1.600992,-10.013819,-2.155109,-92.396388,46.762788,-56.288391,74.034838,9.758565,-8.452923,-5.321266,-100.036221,-46.813758,61.938928,70.967298,-0.189268,-2.148453,10.677571
962.000000,174.664187,34.276038,68.645382,-2.067484,-0.122853,179.311085,-9.977581,-3.303566,1.881453,34.916480,-41.627927,2.135632,-18.074207,-12.112946,-6.402286,50.852411,-41.962022,5.383296,1.583917,-9.927013,-2.781343,-92.917982,47.016017,-56.361317,73.877778,9.713132,-8.357869,-5.744399,-100.260538,-47.273781,61.623442,70.690880,-0.329492,-2.066407,10.758859
963.000000,174.845076,34.139299,68.408942,-2.482029,1.226466,179.265036,-9.995360,-3.790559,2.157357,37.412949,-42.166945,2.003742,-17.661633,-13.150577,-6.330770,52.525569,-42.679643,5.467822,1.783739,-9.977246,-2.256135,-92.436679,46.968892,-56.431211,73.908166,9.854010,-8.336725,-5.612159,-99.706405,-47.275533,61.509849,70.551831,-0.364915,-2.091279,10.649107
964.000000,174.464393,34.088913,68.751127,-2.293028,1.196380,179.378176,-7.638473,-3.911327,1.587983,33.563495,-41.012960,2.047130,-15.712760,-12.638093,-6.770714,49.747263,-42.424709,5.090548,1.435166,-9.263272,-2.035498,-92.895941,47.478093,-56.513976,73.866747,10.454211,-7.995933,-6.054044,-100.137882,-47.855485,61.339764,69.912416,0.169612,-1.796224,10.438338
965.000000,174.826181,34.025890,68.514651,-2.750026,2.427597,179.613264,-8.087180,-4.382951,1.767616,36.243415,-41.432744,1.953639,-15.614540,-13.506921,-6.301527,51.524181,-42.762858,5.485684,1.334130,-9.242390,-1.195335,-91.855020,47.556449,-56.565260,73.971543,10.902714,-7.613281,-6.622089,-99.430677,-47.760893,60.679701,69.540157,0.222432,-1.776476,10.299915
966.000000,174.577498,34.057572,68.772423,-2.747639,1.123361,179.798942,-7.807827,-4.564494,1.277236,33.308322,-40.432920,2.251959,-15.592419,-13.308496,-6.694444,49.324665,-42.532394,5.380820,0.815020,-8.952647,-2.129186,-90.957978,47.971936,-56.089387,73.458213,11.013983,-6.467740,-8.302739,-98.077193,-48.513044,58.654331,67.627417,1.189010,-0.966937,10.066991
967.000000,174.974358,34.091505,68.494773,-3.265322,2.250527,-179.979269,-8.463024,-5.053131,1.476328,36.066080,-41.264987,2.379390,-15.766384,-14.252668,-6.441727,51.316823,-43.156287,5.393565,0.991190,-8.942070,-0.758266,-88.581611,47.604404,-54.782441,73.245678,10.272139,-5.964368,-8.349012,-96.254072,-48.406865,56.562907,66.607766,2.152848,-1.199955,8.305263
968.000000,174.721539,34.246978,68.687791,-2.989149,1.367267,179.961870,-8.099926,-4.863331,0.895139,34.108541,-41.153044,2.496802,-15.440776,-13.355893,-6.680221,49.419267,-43.322326,4.867846,1.146909,-8.601818,-1.750155,-83.589330,47.496251,-51.448834,70.457923,9.884565,-4.627042,-8.568643,-89.775276,-49.317582,51.530089,61.606216,1.488875,-0.661529,4.380868
969.000000,175.160837,34.338805,68.388063,-3.483011,2.533482,-179.928677,-8.800506,-5.425858,0.826876,36.986359,-42.957966,2.856041,-15.669777,-14.315347,-6.472728,51.497905,-44.064955,5.131111,1.499669,-8.974339,0.251835,-79.772798,46.564852,-47.901968,69.689704,8.308734,-4.730457,-8.048624,-86.125161,-48.651052,48.050640,59.832744,1.265914,-1.038360,1.803582
970.000000,174.864030,34.531519,68.570161,-3.333844,2.224575,179.765629,-7.807869,-5.338511,0.374206,35.226981,-43.233598,3.170998,-14.926827,-13.436748,-6.273901,50.011369,-44.071410,4.546608,1.907233,-8.611368,-0.704197,-69.085601,45.742245,-40.669665,64.486924,6.333509,-4.474793,-5.749781,-74.138083,-48.017012,40.260758,52.262569,-1.312245,-0.832962,-4.158488
971.000000,174.863935,34.708551,68.593889,-3.894447,2.649006,179.750023,-6.934123,-6.149571,-0.105610,34.224111,-43.482825,3.463070,-14.495290,-13.904923,-6.000675,50.011154,-44.484332,4.595052,2.217889,-8.948905,-0.255427,-59.219625,43.443077,-33.917948,61.225481,4.425910,-5.374976,-3.242103,-63.868689,-45.683765,34.187385,47.501975,-2.450430,-1.822351,-7.744140
972.000000,174.822545,34.904698,68.622977,-4.010731,2.676838,179.603951,-6.685483,-6.131704,-0.186340,33.809938,-43.486414,3.812379,-14.362382,-13.918206,-6.040945,49.694534,-44.845045,4.347470,2.497920,-8.979954,-0.012322,-48.572026,39.683505,-26.333996,58.688004,2.369045,-6.177473,-0.992328,-53.069023,-42.398976,29.544065,43.557049,-3.868579,-2.793495,-9.115287
973.000000,174.725449,35.103363,68.615508,-3.771157,2.405510,179.771450,-7.226587,-5.739485,-0.481065,34.454196,-43.469014,3.743009,-14.353986,-13.358804,-6.148976,49.317381,-45.074344,3.904715,2.344025,-8.822208,0.264595,-38.111831,34.948644,-19.536148,58.160119,1.617801,-6.369784,1.083064,-42.710611,-38.356010,26.471242,42.331306,-6.337959,-3.805381,-7.481234
974.000000,174.496377,35.304669,68.584985,-3.102337,2.228136,-179.779462,-7.937855,-4.726003,-0.774286,35.940052,-43.504361,3.365631,-13.797774,-12.612737,-7.144316,48.857648,-45.081813,3.131528,1.838625,-8.061466,0.588790,-27.557547,29.490950,-12.983135,60.447379,-0.300215,-7.241049,0.597226,-32.478280,-34.067764,24.718195,44.716576,-9.401492,-4.507594,-4.745212
975.000000,174.151123,35.496867,68.600297,-2.220774,2.430516,-179.324975,-7.985833,-3.384050,-0.946732,37.213203,-43.417744,2.825969,-12.452681,-11.416164,-8.046957,47.755405,-45.213701,2.347237,1.571636,-7.196313,1.080729,-17.969422,24.091366,-7.642099,66.263381,0.787456,-6.717065,1.534252,-22.371221,-28.607373,23.498125,51.434941,-10.199617,-4.321377,-2.261250
976.000000,173.740685,35.700148,68.662202,-1.839828,2.971560,-179.242418,-6.677752,-2.686358,-1.072782,36.695307,-43.222250,2.547726,-10.963217,-10.702586,-8.464876,46.904190,-45.461404,1.878855,1.877056,-6.617942,1.719050,-8.841273,19.315246,-4.575887,74.038561,3.910172,-3.599995,-0.273842,-12.747735,-22.554970,22.061555,61.323364,-7.453468,-1.924435,2.139212
977.000000,173.030663,35.876679,68.785381,-1.862227,3.591185,-178.688719,-4.904325,-2.736100,-1.798625,35.990186,-42.397955,4.225414,-8.812803,-10.499626,-9.005358,45.860807,-45.455343,0.650207,1.963798,-6.465054,2.902505,0.534149,16.430812,-5.626228,77.674387,8.413653,2.435715,-4.780727,-3.538421,-17.862203,20.068137,69.621621,-7.301537,-0.303159,5.444206
978.000000,172.678936,36.075947,68.783909,-1.511009,3.634998,-178.161107,-4.951257,-2.080376,-2.002194,36.705723,-42.846241,4.250051,-7.898120,-9.969118,-9.832577,45.122197,-45.652650,-0.109549,2.165321,-5.874477,4.076192,9.503582,15.627630,-11.113198,76.357376,14.775999,1.519420,-10.345360,5.272672,-16.161949,21.074130,71.626083,-9.936900,-0.098052,6.974842
979.000000,172.322416,36.325407,68.845427,-1.106443,2.948690,-177.948311,-5.361754,-1.236568,-1.845185,36.318834,-43.111946,1.973209,-7.883281,-9.423011,-10.751984,44.221134,-46.023645,0.787507,2.446285,-5.144529,3.296794,18.532518,16.639029,-14.618041,72.191398,20.552038,-2.279586,-21.600939,14.534238,-16.801118,23.449288,68.300703,-12.315873,0.503492,17.798004
980.000000,172.008026,36.591980,68.874282,-0.843199,2.816841,-177.805589,-5.553792,-0.585898,-1.798670,36.913706,-43.245800,1.189911,-7.432888,-8.779044,-11.140329,43.669149,-45.980629,0.569480,2.253659,-4.560782,3.185389,25.798536,18.133980,-16.424472,68.285445,21.199415,-4.591474,-24.750375,21.494600,-18.133701,24.961638,64.691310,-12.804001,-1.345390,22.022994
981.000000,171.693563,36.800221,68.941528,-0.568526,3.467355,-177.733919,-4.669346,-0.020151,-1.894461,37.263244,-43.213535,0.437509,-5.910359,-8.083341,-11.489801,42.772123,-45.925642,0.475132,2.159891,-4.027758,3.945703,29.981074,19.309679,-14.960015,67.638100,18.702882,-4.326914,-26.869959,25.375894,-19.691545,25.357362,62.671985,-11.526526,-1.422624,26.116024
982.000000,171.706283,36.972687,68.914187,-0.314756,3.802478,-177.652494,-4.963039,0.333977,-2.324763,38.633479,-43.293922,0.068736,-5.406830,-7.531228,-11.589087,42.529911,-45.908700,0.255531,2.295040,-3.561095,4.296031,30.770156,20.963051,-12.647576,69.466173,18.452236,-2.635792,-28.917638,26.593989,-20.943387,24.152469,63.269272,-9.433066,0.565290,30.470427
983.000000,171.882451,37.175441,68.837547,-0.015448,3.783643,-177.876129,-5.954267,1.030187,-2.169049,40.259799,-43.518779,-0.164862,-5.671041,-6.895242,-11.454699,42.455404,-46.009524,-0.083672,2.626016,-2.851044,4.065954,29.112810,22.864128,-10.618024,71.923743,19.845431,-1.117266,-29.595438,25.717933,-22.751106,22.999711,64.033515,-10.324248,2.152237,32.061034
984.000000,172.160769,37.297454,68.684918,0.330523,3.548189,-178.254490,-7.469205,1.642090,-2.181083,42.254385,-43.930523,-0.387454,-6.522470,-6.322765,-11.096896,42.799953,-46.200281,-0.365459,2.737986,-1.962505,3.645100,26.336757,24.549025,-9.349875,72.424232,21.168255,0.170307,-27.097770,22.454527,-24.531739,22.756128,65.491207,-12.232182,2.553588,29.902927
985.000000,172.434950,37.498310,68.577325,0.620217,3.240541,-178.736527,-8.822511,2.202358,-2.290939,43.864332,-44.221650,-0.424140,-7.443444,-5.809155,-10.909587,43.186569,-46.351470,-0.680945,3.364257,-1.409683,2.979746,21.907825,26.264835,-7.589932,72.069991,20.159976,-0.132266,-23.743727,17.870300,-25.846465,22.926853,66.470971,-14.537696,1.494202,26.323887
986.000000,172.726333,37.620151,68.496186,0.763564,3.284891,-179.131190,-9.334576,2.581358,-2.184454,44.630993,-44.301170,-0.789887,-7.945926,-5.385077,-10.484584,43.447834,-46.410982,-0.603781,3.910816,-1.045645,2.803560,16.271315,27.198464,-5.266470,71.130184,15.973485,-0.826788,-18.108501,12.601519,-27.025305,22.494106,66.128341,-14.993408,0.793042,20.388203
987.000000,173.021698,37.770435,68.448514,0.860983,3.517842,-179.394379,-9.572754,2.966814,-2.015089,45.171378,-44.348719,-0.880161,-8.107849,-5.045827,-10.247270,43.639728,-46.434307,-0.926211,4.299517,-0.682522,2.646089,9.422587,27.133732,-2.213509,70.513726,8.892806,-1.337937,-11.710268,6.440781,-27.665328,21.313621,65.836159,-12.824030,-0.263512,14.427233
988.000000,173.328781,37.901196,68.401021,1.053857,4.189113,-179.272676,-9.380035,3.313874,-2.160244,45.612847,-44.366979,-1.198797,-7.634286,-4.833421,-10.555016,43.708542,-46.626355,-0.868376,4.357679,-0.302160,3.000895,2.000846,26.646646,0.494916,69.162181,2.289870,-1.124585,-6.171659,-0.335006,-27.679268,19.102337,65.611378,-9.120000,-0.384853,11.168891
989.000000,173.791099,38.020879,68.298608,1.070653,4.960827,-179.455897,-9.095929,3.544694,-2.027196,45.959096,-44.462506,-1.426106,-7.605237,-4.698634,-10.289680,44.410535,-46.931388,-0.877052,4.497241,-0.083963,3.387732,-5.395353,25.925634,2.132051,67.926791,-2.807872,-1.588665,-3.439632,-7.293151,-27.264792,17.067806,64.882767,-3.912814,0.228183,10.049637
990.000000,174.091816,38.111535,68.245643,0.933717,5.572904,-179.216339,-8.779501,3.482587,-2.089012,45.987397,-44.563108,-1.082356,-7.320174,-4.899481,-10.410743,44.839089,-47.143779,-1.274557,4.053158,-0.011336,3.649518,-12.665143,25.108260,1.762015,66.887503,-7.359865,-1.392771,-1.397377,-14.222931,-26.158026,16.303312,64.664809,1.995540,1.050355,8.389009
991.000000,174.213684,38.204983,68.257922,1.123229,5.840722,-178.801015,-8.669897,3.656338,-2.710415,45.940706,-44.432341,-0.909079,-6.919922,-4.696707,-10.916538,44.607979,-47.154199,-1.705564,3.295908,0.381037,3.165377,-18.563937,24.388124,0.716838,65.741199,-9.595928,-1.148478,-0.606332,-20.487772,-25.123290,16.828905,63.402324,4.365958,0.614377,6.924966
992.000000,174.370205,38.227636,68.240333,0.953712,6.522566,-178.306186,-8.063438,3.305162,-3.199937,45.813265,-44.261142,-0.955926,-6.242552,-4.935000,-11.117752,44.822447,-47.097354,-1.708196,2.680654,0.558662,3.489128,-24.312654,23.272649,-0.006355,64.959559,-10.542114,-1.271275,2.543889,-26.169440,-23.869435,18.320866,61.811778,5.633067,-0.001071,5.073745
