Frame,root_translateX,root_translateY,root_translateZ,root_rotateX,root_rotateY,root_rotateZ,left_hip_pitch_joint_dof,left_hip_roll_joint_dof,left_hip_yaw_joint_dof,left_knee_joint_dof,left_ankle_pitch_joint_dof,left_ankle_roll_joint_dof,right_hip_pitch_joint_dof,right_hip_roll_joint_dof,right_hip_yaw_joint_dof,right_knee_joint_dof,right_ankle_pitch_joint_dof,right_ankle_roll_joint_dof,waist_yaw_joint_dof,waist_roll_joint_dof,waist_pitch_joint_dof,left_shoulder_pitch_joint_dof,left_shoulder_roll_joint_dof,left_shoulder_yaw_joint_dof,left_elbow_joint_dof,left_wrist_roll_joint_dof,left_wrist_pitch_joint_dof,left_wrist_yaw_joint_dof,right_shoulder_pitch_joint_dof,right_shoulder_roll_joint_dof,right_shoulder_yaw_joint_dof,right_elbow_joint_dof,right_wrist_roll_joint_dof,right_wrist_pitch_joint_dof,right_wrist_yaw_joint_dof
0.000000,8.387797,-24.648370,77.199340,-3.183630,0.482339,-117.211230,5.250386,16.411275,23.418458,15.645568,-16.011608,-5.854538,2.409055,-20.060882,-23.420831,14.989192,-14.768648,10.088434,-0.154812,0.532406,4.441176,0.372968,28.218710,-9.095583,16.316106,11.954539,-9.819421,19.770013,-6.217122,-27.033682,18.348526,12.502964,-8.474987,-9.291896,-5.120450
1.000000,8.386498,-24.616030,77.174491,-3.430537,0.420302,-117.283366,5.675825,16.219010,23.742661,15.501493,-16.406326,-6.396935,2.389927,-20.326776,-23.207917,15.380039,-15.025682,10.209165,-0.215024,0.242935,4.651230,0.498828,28.407962,-8.937719,16.551008,11.969019,-10.374175,20.312153,-6.798865,-26.616866,18.267727,12.780711,-9.747299,-10.387088,-7.480378
2.000000,8.401255,-24.540548,77.164978,-3.567387,0.467290,-117.299092,5.824648,16.172143,23.716717,15.529139,-17.229658,-6.977625,2.495667,-20.329356,-23.171839,15.363428,-15.068015,10.356608,-0.302309,0.082216,5.087647,0.275669,28.518499,-8.837886,16.655375,12.023466,-10.409640,20.676953,-7.237189,-26.265979,18.289187,12.932183,-10.324653,-10.938229,-8.610522
3.000000,8.431916,-24.453400,77.170563,-3.584150,0.517497,-117.408452,5.802355,16.252473,23.809705,15.602671,-17.221340,-7.079959,2.412349,-20.241573,-23.059610,15.331628,-15.018531,10.350652,-0.215520,0.087286,5.163319,0.212608,28.460657,-8.718268,16.705261,12.025873,-10.293675,20.785903,-7.287455,-26.126141,18.356104,13.142030,-10.378450,-10.951256,-8.868501
4.000000,8.467242,-24.370834,77.177507,-3.543766,0.538550,-117.513236,5.727118,16.310989,23.872782,15.624141,-17.180436,-7.142021,2.296487,-20.152408,-22.995080,15.238225,-14.908107,10.285029,-0.097157,0.111281,5.182692,0.126729,28.371901,-8.596704,16.730456,12.042021,-10.268912,20.656775,-7.279988,-26.080311,18.286271,13.153530,-10.456749,-10.821880,-8.834273
5.000000,8.493876,-24.296531,77.187997,-3.586548,0.599716,-117.556973,5.771583,16.358037,23.912250,15.595511,-17.117887,-7.193509,2.382524,-20.049807,-22.978445,15.033610,-14.791707,10.252239,-0.089419,0.136310,5.318254,0.067731,28.334671,-8.509072,16.772014,12.146270,-10.283013,20.661814,-7.289057,-26.085165,18.225643,13.079554,-10.441987,-10.764768,-8.795202
6.000000,8.535443,-24.212535,77.198160,-3.612459,0.622664,-117.607261,5.775984,16.357974,23.951272,15.525531,-17.066372,-7.109529,2.358123,-20.002774,-22.921124,14.916208,-14.688846,10.262727,-0.092771,0.149674,5.377326,0.107018,28.273606,-8.403228,16.786013,12.309380,-10.385245,20.641212,-7.332437,-26.122984,18.227246,13.088797,-10.335910,-10.870999,-8.727562
7.000000,8.581057,-24.129413,77.200449,-3.611626,0.645064,-117.650595,5.718359,16.381171,23.958132,15.517276,-17.084559,-7.031375,2.247037,-19.958344,-22.825022,14.921462,-14.630431,10.255640,-0.163370,0.199170,5.402469,0.248406,28.244798,-8.337558,16.710193,12.244144,-10.197379,20.811836,-7.420251,-26.164068,18.205497,13.119278,-10.403759,-10.780266,-9.114753
8.000000,8.613185,-24.059737,77.203774,-3.642087,0.682814,-117.621466,5.673593,16.403695,23.891389,15.538148,-17.047237,-7.011368,2.276530,-19.920966,-22.832785,14.859375,-14.577663,10.243281,-0.280579,0.209251,5.440124,0.334655,28.275245,-8.306343,16.651762,12.160608,-10.089362,20.975974,-7.495974,-26.141569,18.239262,13.161944,-10.478787,-10.702633,-9.542313
9.000000,8.642551,-23.971021,77.208912,-3.706494,0.763435,-117.550965,5.663019,16.442955,23.764014,15.512196,-17.003659,-7.100459,2.400212,-19.843924,-22.923933,14.736751,-14.464143,10.313423,-0.387960,0.221513,5.532664,0.393908,28.320785,-8.211134,16.605926,12.271785,-10.119426,20.853715,-7.500254,-26.091087,18.165757,13.199159,-10.400316,-10.747655,-9.008019
10.000000,8.673763,-23.903680,77.219278,-3.776045,0.831025,-117.489741,5.697769,16.451607,23.687969,15.464856,-16.921445,-7.093133,2.583160,-19.760202,-22.971786,14.486469,-14.323731,10.374888,-0.426943,0.239505,5.686853,0.356854,28.346935,-8.184406,16.641346,12.237478,-10.000385,20.695070,-7.571699,-26.074413,17.965353,13.216820,-10.313488,-10.946880,-8.542985
11.000000,8.702286,-23.853292,77.229643,-3.827557,0.883843,-117.479656,5.750679,16.471128,23.711184,15.413655,-16.858217,-7.122516,2.711914,-19.686429,-22.970573,14.291169,-14.225059,10.407329,-0.432541,0.241157,5.772860,0.342175,28.271949,-8.183356,16.715609,12.172015,-10.011588,20.743177,-7.542142,-26.087464,17.824096,13.173257,-10.316494,-10.967507,-8.393347
12.000000,8.753963,-23.776625,77.236021,-3.856705,0.901945,-117.548748,5.724163,16.466828,23.729486,15.431144,-16.838470,-7.106089,2.681848,-19.661150,-22.918503,14.190351,-14.105779,10.427947,-0.288018,0.198584,5.807899,0.217500,28.255214,-8.209735,16.852962,12.186503,-10.242710,20.716942,-7.425867,-26.099994,17.756660,13.061748,-10.340603,-10.899631,-8.705008
13.000000,8.813176,-23.670587,77.245766,-3.758837,0.811920,-117.668984,5.462311,16.425292,23.744599,15.529986,-16.775973,-6.995348,2.306487,-19.701153,-22.707121,14.308264,-14.025534,10.326426,-0.174970,0.091047,5.682825,0.137205,28.236441,-8.158391,16.960984,12.223295,-10.233407,20.956550,-7.474420,-26.035493,17.796268,13.100094,-10.361738,-10.946680,-8.788445
14.000000,8.868157,-23.596613,77.250767,-3.706975,0.739217,-117.658794,5.270319,16.362078,23.716411,15.561512,-16.720740,-6.923606,2.099676,-19.772826,-22.679156,14.358734,-13.981673,10.330396,-0.234910,-0.015877,5.628916,0.211267,28.199023,-7.998488,16.924551,12.213937,-10.063676,20.959844,-7.587720,-26.007304,17.825971,13.174363,-10.312775,-10.975142,-8.566459
15.000000,8.917528,-23.533002,77.248561,-3.773201,0.749044,-117.581141,5.237408,16.313874,23.625812,15.554330,-16.725245,-6.921394,2.129294,-19.813588,-22.704370,14.373266,-13.952737,10.369342,-0.341271,-0.064972,5.779138,0.160423,28.196749,-7.909395,16.914198,12.111043,-10.158469,20.866573,-7.717289,-26.053424,17.861078,13.212301,-10.205491,-10.988113,-8.642943
16.000000,8.956990,-23.488134,77.246588,-3.885420,0.819219,-117.477258,5.274441,16.316816,23.529175,15.595123,-16.757142,-6.951057,2.285821,-19.824812,-22.814223,14.372757,-13.952001,10.372525,-0.443279,-0.082089,5.981367,0.090971,28.245706,-7.943341,16.977096,12.059139,-10.337338,20.821116,-7.862586,-26.149675,17.887197,13.277064,-10.331606,-10.976979,-8.680262
17.000000,8.996018,-23.437108,77.246016,-3.969322,0.902980,-117.369744,5.262083,16.353874,23.394148,15.678353,-16.792520,-7.007752,2.422764,-19.796822,-22.912237,14.344693,-13.883271,10.370974,-0.494082,-0.096883,6.189703,-0.030740,28.276348,-8.094647,17.078396,12.097028,-10.378287,20.887403,-7.958292,-26.188747,17.823413,13.383691,-10.372044,-10.917128,-8.590816
18.000000,9.034351,-23.374698,77.249968,-4.033804,0.961591,-117.299936,5.215645,16.393619,23.306885,15.766995,-16.774335,-6.976956,2.497566,-19.774173,-22.936482,14.311766,-13.816121,10.361751,-0.454239,-0.122132,6.304655,-0.158459,28.261769,-8.223978,17.144658,12.121269,-10.330738,21.021357,-7.847468,-26.192652,17.667828,13.417691,-10.387612,-10.611987,-9.146017
19.000000,9.065049,-23.311831,77.253622,-4.082361,1.030337,-117.251709,5.186154,16.443245,23.236725,15.820352,-16.803138,-6.955425,2.559455,-19.728665,-23.025201,14.276474,-13.771738,10.340992,-0.406983,-0.145391,6.494219,-0.211254,28.190895,-8.137369,17.068484,12.289408,-10.204884,20.986420,-7.843386,-26.104107,17.508343,13.435181,-10.354160,-10.510882,-9.771503
20.000000,9.099537,-23.249300,77.255970,-4.126059,1.084943,-117.189394,5.140880,16.464279,23.134570,15.871375,-16.811220,-6.930588,2.604141,-19.697618,-23.071488,14.268257,-13.716254,10.331752,-0.413042,-0.169600,6.636066,-0.177362,28.148634,-8.115452,17.026729,12.214511,-10.019406,20.990295,-7.839234,-26.065187,17.513737,13.502396,-10.555114,-10.409703,-9.690083
21.000000,9.126210,-23.166001,77.257717,-4.167677,1.117402,-117.107273,5.042474,16.496143,23.014939,15.976622,-16.730156,-6.951049,2.620619,-19.680429,-23.119371,14.281269,-13.682512,10.314049,-0.387950,-0.218845,6.823924,-0.221653,28.166367,-8.066946,17.038383,12.247380,-10.246590,20.801527,-7.824450,-26.020038,17.529961,13.545577,-10.313149,-10.683530,-8.844310
22.000000,9.157539,-23.074113,77.261806,-4.215806,1.139039,-117.057128,4.982318,16.496336,22.923044,15.987478,-16.687754,-6.980272,2.610905,-19.688116,-23.183402,14.315622,-13.646406,10.350216,-0.355571,-0.299060,7.023644,-0.272728,28.243565,-7.969654,17.087088,12.362992,-10.379319,20.780688,-7.826890,-25.959070,17.558091,13.633309,-10.001694,-10.861952,-8.643867
23.000000,9.193691,-23.006929,77.264917,-4.234235,1.120944,-117.064034,4.974960,16.429043,22.889279,15.871659,-16.653408,-7.010716,2.526175,-19.722357,-23.153739,14.352287,-13.601718,10.332375,-0.364495,-0.378092,7.062533,-0.105539,28.279058,-7.948184,17.049645,12.359814,-10.327376,20.805318,-7.805508,-25.976453,17.583209,13.570072,-10.080176,-10.920400,-8.664379
24.000000,9.229757,-22.943404,77.268744,-4.190793,1.066260,-117.106026,4.996504,16.331647,22.947831,15.550111,-16.608700,-7.025092,2.354708,-19.747241,-23.064055,14.344311,-13.544887,10.287478,-0.329152,-0.413784,7.008064,0.049864,28.223856,-7.916672,16.983158,12.422576,-10.352946,20.717446,-7.786076,-26.041756,17.623777,13.439265,-10.264325,-10.941798,-8.581191
25.000000,9.273031,-22.883448,77.276582,-4.158529,1.007119,-117.121789,4.973708,16.205848,22.915010,15.330868,-16.444328,-6.927453,2.235017,-19.789531,-23.062550,14.295291,-13.451970,10.304017,-0.322450,-0.447535,7.065092,0.074695,28.154325,-7.882240,16.953573,12.388355,-10.345594,20.547094,-7.820127,-26.029837,17.630059,13.381002,-10.213817,-10.864781,-8.624082
26.000000,9.327300,-22.796625,77.280015,-4.116299,0.982603,-117.057976,4.783351,16.200082,22.861944,15.359709,-16.386513,-6.903952,2.119106,-19.798586,-23.075762,14.298827,-13.365319,10.293017,-0.424258,-0.432930,7.190852,-0.001399,28.140905,-7.921128,16.980139,12.437553,-10.271285,20.655344,-7.919490,-26.086350,17.591466,13.326929,-10.173443,-10.705830,-8.654102
27.000000,9.374751,-22.707494,77.280354,-4.150070,1.012904,-117.007473,4.711895,16.203738,22.781259,15.384086,-16.376101,-6.968362,2.061434,-19.802549,-23.084564,14.379990,-13.326010,10.284872,-0.478584,-0.406774,7.442262,-0.182594,28.101273,-8.001787,17.054754,12.416578,-10.364405,20.805868,-8.166771,-26.072490,17.549939,13.349772,-10.269120,-10.930397,-8.433330
28.000000,9.404108,-22.627228,77.280271,-4.191333,1.024903,-116.977535,4.631241,16.214227,22.726561,15.457575,-16.344388,-6.958691,2.000834,-19.827848,-23.100014,14.478886,-13.335966,10.301568,-0.507865,-0.408367,7.588552,-0.262798,28.101471,-8.048548,17.058829,12.375020,-10.442612,20.783400,-8.216357,-26.098184,17.486792,13.374030,-10.500151,-10.946470,-8.454177
29.000000,9.421624,-22.551359,77.282238,-4.153557,1.008668,-117.029803,4.504816,16.242630,22.723092,15.515418,-16.286627,-6.888871,1.823717,-19.800391,-22.994687,14.551684,-13.287195,10.261315,-0.438797,-0.398833,7.560691,-0.286259,28.176011,-8.118426,16.994043,12.483615,-10.525620,20.559315,-8.183333,-26.110307,17.507626,13.390158,-10.490056,-10.958871,-8.269237
30.000000,9.434389,-22.510271,77.284813,-4.138180,0.994671,-117.054193,4.450929,16.244615,22.739088,15.522660,-16.266907,-6.867206,1.747147,-19.796461,-22.952639,14.557512,-13.288155,10.251299,-0.427832,-0.392872,7.516589,-0.264914,28.206663,-8.156589,16.942084,12.477676,-10.561917,20.533183,-8.159183,-26.109986,17.564453,13.398394,-10.494677,-10.986094,-8.273210
31.000000,9.447770,-22.465207,77.287990,-4.138355,0.989242,-117.112504,4.431802,16.249358,22.798622,15.513866,-16.233664,-6.851010,1.678256,-19.785779,-22.886193,14.543711,-13.281672,10.255254,-0.421350,-0.391242,7.477134,-0.198586,28.244753,-8.173206,16.836430,12.389985,-10.553713,20.614095,-8.048657,-26.133735,17.682655,13.353890,-10.615957,-10.910549,-8.504121
32.000000,9.457229,-22.418351,77.290159,-4.141189,0.991310,-117.193772,4.439873,16.259547,22.848538,15.505878,-16.170111,-6.846889,1.600568,-19.752067,-22.771542,14.536318,-13.239691,10.274807,-0.369446,-0.377122,7.412478,-0.146656,28.261709,-8.153065,16.764906,12.335939,-10.524543,20.581115,-7.924567,-26.102218,17.825908,13.319161,-10.562244,-10.807641,-8.492345
33.000000,9.466211,-22.362041,77.293712,-4.093940,0.966528,-117.298345,4.393303,16.276319,22.936627,15.475221,-16.129193,-6.871153,1.439736,-19.719526,-22.687462,14.536575,-13.145446,10.277073,-0.323553,-0.371090,7.316748,-0.216237,28.275692,-8.107035,16.842101,12.292730,-10.546804,20.609732,-7.975287,-26.052138,17.978933,13.387493,-10.287004,-10.960041,-8.362577
34.000000,9.473720,-22.323754,77.297765,-4.062181,0.926938,-117.412943,4.395587,16.261437,23.074223,15.394765,-16.086754,-6.794605,1.306762,-19.716156,-22.574585,14.527876,-13.133157,10.229791,-0.258755,-0.354380,7.097289,-0.188711,28.354311,-8.090185,16.891614,12.217826,-10.399873,21.263245,-7.808301,-26.141963,17.971044,13.378298,-11.032532,-10.590984,-11.066738
35.000000,9.472208,-22.305427,77.299190,-4.069003,0.901273,-117.449081,4.401258,16.242005,23.122195,15.339474,-16.056054,-6.745333,1.247455,-19.734459,-22.514971,14.557793,-13.121108,10.260904,-0.244216,-0.299203,6.877417,-0.097635,28.413344,-8.188990,16.901095,12.134611,-10.421540,21.123601,-7.706993,-26.175184,18.143566,13.375288,-11.097099,-10.616265,-11.532856
36.000000,9.477887,-22.296847,77.300078,-4.073455,0.890287,-117.444395,4.395401,16.201919,23.080036,15.306585,-16.010689,-6.762971,1.198425,-19.767558,-22.512650,14.630132,-13.136686,10.325211,-0.328202,-0.261788,6.738097,0.016809,28.428762,-8.212626,16.870233,12.118560,-10.516102,20.517412,-7.763064,-26.208732,18.275191,13.468606,-10.354457,-11.021311,-8.958468
37.000000,9.490304,-22.277947,77.299285,-4.079569,0.915448,-117.392708,4.350279,16.215716,23.002713,15.353968,-16.024671,-6.811686,1.211731,-19.754096,-22.556179,14.657854,-13.126341,10.232916,-0.473208,-0.210841,6.655336,0.097045,28.483327,-8.258742,16.820251,11.925959,-10.528831,20.489639,-7.813964,-26.355284,18.308267,13.513287,-10.094888,-11.088861,-8.579628
38.000000,9.505253,-22.259998,77.302742,-4.088856,0.915157,-117.367219,4.321583,16.198994,22.946070,15.346202,-15.988276,-6.785014,1.231871,-19.753926,-22.558315,14.602232,-13.101309,10.211312,-0.509011,-0.185441,6.614700,0.014418,28.642890,-8.463667,16.803281,11.814993,-10.418486,20.594475,-7.843070,-26.499905,18.375982,13.518316,-10.087643,-11.078162,-8.773158
39.000000,9.523787,-22.231229,77.306068,-4.111821,0.922850,-117.329415,4.284741,16.192113,22.900135,15.394867,-15.974750,-6.760383,1.259124,-19.751869,-22.566499,14.565216,-13.071570,10.207282,-0.532975,-0.177632,6.621571,-0.070786,28.704539,-8.545958,16.799687,11.839989,-10.299237,20.599347,-7.827624,-26.559594,18.360959,13.511380,-10.028435,-11.057603,-8.799299
40.000000,9.562543,-22.195233,77.305192,-4.147606,0.946386,-117.298165,4.235158,16.198057,22.863025,15.482084,-15.938851,-6.713882,1.274613,-19.763304,-22.586887,14.569637,-13.042397,10.135707,-0.560855,-0.160063,6.668680,-0.146509,28.705226,-8.587390,16.762230,11.896908,-10.177364,20.809951,-7.752233,-26.659617,18.301331,13.485068,-10.057981,-10.841954,-9.423135
41.000000,9.601989,-22.183184,77.302384,-4.163526,0.968069,-117.289237,4.197880,16.209132,22.846541,15.566600,-15.994263,-6.709416,1.274774,-19.788924,-22.631859,14.589255,-13.005099,10.069731,-0.553865,-0.105648,6.656163,-0.169671,28.762589,-8.724930,16.784756,11.822767,-10.126549,21.321195,-7.679398,-26.812302,18.271226,13.402140,-10.476227,-10.657641,-11.351827
42.000000,9.628115,-22.174011,77.300704,-4.208264,0.966337,-117.318314,4.217690,16.160187,22.835988,15.604561,-16.040127,-6.727752,1.270013,-19.837934,-22.607248,14.622571,-12.995824,10.165494,-0.523284,-0.093141,6.612774,-0.146978,28.706011,-8.758679,16.830322,11.790112,-10.311498,21.112576,-7.639136,-26.833056,18.380302,13.432755,-10.326697,-10.810280,-10.055013
43.000000,9.647211,-22.162004,77.299601,-4.244285,0.953970,-117.324920,4.242028,16.118034,22.846739,15.586656,-16.050197,-6.720347,1.276321,-19.882372,-22.592852,14.627839,-13.005871,10.205991,-0.554607,-0.087899,6.570937,-0.064297,28.700790,-8.770698,16.812188,11.707042,-10.336621,21.074663,-7.623063,-26.835195,18.358244,13.444028,-10.056156,-10.914789,-9.544963
44.000000,9.677862,-22.126950,77.304137,-4.283714,0.962202,-117.309092,4.265750,16.096599,22.866242,15.512481,-16.015074,-6.717376,1.283871,-19.907804,-22.590460,14.629768,-12.930883,10.187921,-0.587501,-0.041359,6.609247,-0.071515,28.741115,-8.822158,16.837028,11.554834,-10.335784,20.881480,-7.681391,-26.875246,18.348625,13.458058,-9.957524,-10.938051,-9.391462
45.000000,9.696256,-22.085111,77.309805,-4.337335,0.981929,-117.328359,4.305177,16.082471,22.870212,15.507594,-16.011283,-6.707372,1.286956,-19.911352,-22.534929,14.645469,-12.884450,10.209574,-0.578300,-0.017959,6.689513,-0.100773,28.689800,-8.865843,16.892654,11.427916,-10.279015,20.736610,-7.787325,-26.893378,18.372434,13.485308,-9.970235,-11.066791,-8.741293
46.000000,9.729326,-22.005446,77.312636,-4.321659,0.996398,-117.280021,4.133861,16.113832,22.760525,15.619874,-15.936867,-6.674591,1.182456,-19.880650,-22.498305,14.718824,-12.839410,10.183603,-0.625900,0.033161,6.703847,-0.169880,28.690958,-8.948204,16.948971,11.426311,-10.253821,20.781687,-7.834135,-26.876572,18.359625,13.540038,-9.797507,-11.080639,-8.654405
47.000000,9.755252,-21.929808,77.307260,-4.228050,0.960406,-117.291663,3.881602,16.173461,22.751263,15.784243,-15.925175,-6.656242,0.943064,-19.876224,-22.502492,14.824342,-12.822236,10.180218,-0.616367,0.051550,6.617460,-0.220075,28.793141,-9.003155,16.954000,11.501495,-10.372872,20.765969,-7.827436,-26.892668,18.374638,13.567211,-9.683461,-11.048664,-8.669296
48.000000,9.776041,-21.866462,77.304614,-4.180965,0.923799,-117.302376,3.708279,16.191722,22.742513,15.908571,-15.927055,-6.684701,0.775902,-19.893303,-22.447929,14.896134,-12.801361,10.220914,-0.606211,0.014131,6.587139,-0.275185,28.835324,-9.005128,16.975803,11.604506,-10.563873,20.739465,-7.859635,-26.886642,18.386485,13.532787,-9.829596,-11.138716,-8.564298
49.000000,9.792703,-21.816938,77.308798,-4.177208,0.921202,-117.296852,3.616417,16.196933,22.696198,15.966349,-15.892310,-6.715579,0.722158,-19.893834,-22.437219,14.897049,-12.764858,10.248941,-0.645973,-0.019839,6.595638,-0.292261,28.847072,-8.977969,17.019609,11.598935,-10.591685,20.766067,-7.844630,-26.849293,18.429198,13.553756,-9.844376,-11.119616,-8.636050
50.000000,9.837059,-21.686472,77.311772,-4.135806,0.839579,-117.296869,3.308220,16.190876,22.678735,16.161769,-15.786657,-6.784216,0.506399,-19.960487,-22.511347,14.891795,-12.554730,10.291903,-0.778714,-0.197544,6.583290,-0.317982,28.826318,-8.851658,17.254499,11.453091,-10.465423,20.854150,-7.869190,-26.688870,18.705243,13.759815,-9.647158,-10.956777,-8.884205
51.000000,9.924036,-21.541241,77.327096,-3.945410,0.704105,-117.284139,2.760145,16.188785,22.641473,16.437318,-15.686018,-6.785920,0.141164,-19.985904,-22.479908,14.766307,-12.305454,10.304580,-0.995624,-0.397700,6.574069,-0.531734,28.717121,-8.909801,17.853498,10.840500,-10.456446,21.273703,-8.049762,-26.495366,19.068918,14.194320,-9.439672,-10.879720,-9.942083
52.000000,10.074206,-21.374850,77.351725,-3.677254,0.557914,-117.255057,2.081368,16.136192,22.506640,16.666203,-15.536840,-6.659195,-0.216311,-19.949456,-22.432957,14.336046,-11.821698,10.395591,-1.233286,-0.562534,6.714957,-1.205546,28.269234,-9.280826,19.265107,9.507176,-10.818195,21.233040,-8.465244,-26.202189,19.631154,15.221235,-8.617353,-10.976559,-9.011641
53.000000,10.306945,-21.174973,77.388102,-3.347474,0.366208,-117.473907,1.410440,16.001849,22.542030,16.763016,-15.339505,-6.367408,-0.847524,-19.911665,-22.202525,13.853989,-11.108907,10.441249,-1.218979,-0.698340,6.869058,-2.313277,27.313418,-10.222311,21.903645,7.565794,-11.029411,21.448348,-8.942657,-25.727793,20.445328,17.269262,-7.409180,-10.748360,-9.209309
54.000000,10.624786,-20.973898,77.419794,-2.988856,0.102023,-117.821380,0.681949,15.797924,22.760024,16.913039,-15.352503,-6.114172,-1.705371,-19.999544,-21.781009,13.514253,-10.396712,10.650813,-1.154461,-0.858996,6.981684,-3.777787,26.152566,-11.702122,25.645779,5.601994,-10.971629,20.479648,-9.686122,-25.075648,21.579021,20.613210,-5.254743,-10.560577,-7.709351
55.000000,11.028318,-20.719707,77.432066,-2.570618,-0.229881,-118.242951,-0.243704,15.619536,23.197834,17.260397,-15.553101,-5.890829,-2.892453,-20.182347,-21.135710,13.403377,-9.729830,10.923632,-1.154280,-1.099181,7.096262,-5.369561,25.223257,-13.760050,29.748588,4.339589,-10.643393,18.101390,-10.561884,-24.518530,22.948227,24.511645,-3.354962,-10.094861,-5.047900
56.000000,11.486758,-20.461687,77.418184,-2.025198,-0.634003,-118.788043,-1.379648,15.468003,23.632134,17.762054,-15.799921,-5.642263,-4.538081,-20.401471,-20.272688,13.645062,-9.138160,11.094827,-1.218362,-1.327385,7.153819,-6.844604,24.306065,-16.054004,33.646120,3.855375,-10.814605,15.175468,-11.484187,-24.253951,24.563141,28.354268,-2.489829,-9.678284,-1.702430
57.000000,12.007745,-20.218483,77.394563,-1.346174,-1.134085,-119.282002,-2.834001,15.286986,23.995331,18.420153,-15.958423,-5.493976,-6.480712,-20.702693,-19.441802,14.068728,-8.465925,11.325576,-1.557284,-1.557294,7.142264,-8.115918,23.226420,-18.443633,37.410538,3.126410,-11.266032,12.555699,-12.540453,-23.866858,26.397194,32.428386,-2.590037,-9.303797,1.070183
58.000000,12.513562,-20.015615,77.381468,-0.571095,-1.722224,-119.790763,-4.244174,15.028161,24.482180,18.776740,-16.006007,-5.179805,-8.463397,-20.973125,-18.650074,14.310765,-7.643464,11.685947,-2.008187,-1.856518,7.062864,-9.257230,21.879809,-20.797289,41.267726,2.068749,-11.618137,10.268881,-13.394437,-22.888193,28.133672,36.938455,-2.642703,-8.855836,2.701524
59.000000,12.978795,-19.904757,77.388966,-0.007288,-2.234248,-120.299034,-5.046050,14.644067,25.119590,18.593662,-15.963779,-4.764677,-9.835243,-21.206585,-18.035651,14.038147,-6.673293,12.132554,-2.518179,-2.117278,7.032547,-10.267398,20.221210,-23.293797,45.663329,0.747540,-11.998487,7.456149,-13.823203,-21.420026,29.727493,42.257346,-2.258456,-8.542797,4.739295
60.000000,13.418220,-19.802290,77.415121,0.402459,-2.693914,-120.881832,-5.529330,14.176228,25.715012,18.107241,-15.708534,-4.288804,-10.928944,-21.354933,-17.362559,13.505876,-5.601477,12.572278,-2.788045,-2.385875,7.136534,-11.541164,18.321069,-26.213463,50.883448,-0.694366,-12.151587,4.582766,-13.719920,-19.691644,30.627886,47.955390,-1.230289,-8.231390,6.194008
61.000000,13.789201,-19.737437,77.445495,0.645906,-3.000464,-121.433940,-5.764257,13.800867,26.207871,17.646128,-15.504483,-3.867854,-11.667435,-21.418628,-16.829434,12.943645,-4.646683,12.958269,-2.903266,-2.648541,7.403786,-13.019392,16.557885,-29.743729,56.436040,-0.941086,-11.917429,1.546004,-12.927097,-18.031744,30.594801,53.091661,0.170129,-7.573285,6.750520
62.000000,14.107262,-19.660111,77.475727,0.913307,-3.361938,-121.970169,-5.961573,13.457164,26.837637,17.119987,-15.190050,-3.455864,-12.334878,-21.461448,-16.419705,12.205615,-3.702153,13.446874,-2.987049,-2.972613,7.640216,-14.421314,15.205265,-34.010357,61.199294,0.257368,-11.274589,-1.880916,-11.681574,-16.623574,30.101217,57.071223,1.569807,-6.514739,6.414699
63.000000,14.378183,-19.534969,77.505356,1.310815,-3.811501,-122.552476,-6.443201,13.203393,27.425788,16.795782,-14.928256,-3.218169,-13.203302,-21.396770,-15.892725,11.417312,-2.704629,14.134683,-3.070717,-3.371039,7.747426,-15.312456,14.342359,-37.953657,64.306477,3.558874,-10.766021,-6.043955,-10.071899,-15.529629,29.397366,59.715231,2.607125,-5.482680,6.678411
64.000000,14.634182,-19.366686,77.523011,1.581734,-4.242642,-122.955221,-6.863336,12.840494,27.830026,16.341195,-14.574201,-2.933128,-13.927779,-21.476662,-15.499883,10.748396,-1.878892,14.685139,-3.498082,-3.853459,8.132683,-15.610730,14.297399,-41.069043,65.009925,7.640379,-10.672557,-9.972471,-8.511577,-14.793093,29.054781,61.067389,4.030609,-4.677812,7.480680
65.000000,14.819121,-19.151652,77.522737,1.924940,-4.692427,-123.514609,-7.361008,12.691224,28.416391,16.033147,-14.348274,-2.850194,-15.003708,-21.417503,-14.976032,10.483587,-1.303935,14.982570,-3.953474,-4.342692,8.437761,-15.232625,15.084807,-43.025062,63.344397,10.482994,-10.892620,-10.763611,-6.951488,-14.206705,28.466118,60.875912,7.319802,-4.406506,7.087601
66.000000,14.894232,-18.889447,77.531379,2.398876,-5.115752,-124.285137,-7.919783,12.929212,29.278610,15.875240,-14.013777,-2.931224,-16.265730,-21.000719,-14.430409,10.279033,-0.837569,14.996363,-4.229231,-4.677101,8.522984,-14.394414,15.970009,-42.979266,60.972948,11.227310,-11.017869,-8.474038,-5.594126,-13.995715,27.558012,59.296970,10.581503,-4.817126,4.962614
67.000000,14.917979,-18.654399,77.529967,2.651022,-5.307611,-124.893248,-8.327613,13.276411,29.802243,16.053374,-13.876831,-3.162829,-17.002504,-20.541755,-13.933791,10.053405,-0.456287,15.000035,-4.565632,-4.905514,8.807675,-13.508537,16.613481,-41.643035,59.099694,9.612677,-11.130781,-6.414047,-4.856990,-14.549633,27.271883,57.267096,10.584605,-5.210515,4.068353
68.000000,14.871463,-18.417513,77.517670,2.826761,-5.436349,-125.282965,-8.688469,13.572941,30.005731,16.216406,-13.742314,-3.336061,-17.461392,-20.135481,-13.583306,9.814924,-0.146069,15.000035,-4.879184,-5.139388,8.956095,-12.862692,17.063597,-40.218920,58.077379,6.921741,-11.255612,-5.034645,-4.662334,-15.328160,27.515265,55.699086,9.638625,-5.414642,4.243792
69.000000,14.800887,-18.206105,77.520269,2.941683,-5.549768,-125.497322,-8.911730,13.795117,30.249702,16.265720,-13.496165,-3.533598,-17.682868,-19.845190,-13.422041,9.451881,0.166819,15.000035,-5.234678,-5.339706,8.928197,-12.614752,17.449250,-39.253299,57.763832,4.743388,-11.389957,-4.222662,-5.000506,-16.156259,28.665522,54.845941,8.508968,-5.680083,4.665238
70.000000,14.721410,-18.019196,77.518195,2.924648,-5.536709,-125.583027,-9.027082,14.032186,30.372311,16.492827,-13.386054,-3.746881,-17.619146,-19.633652,-13.442071,9.127633,0.323456,15.000035,-5.210712,-5.509234,8.952972,-12.893001,17.720817,-38.699865,58.128257,3.780139,-11.465293,-3.981329,-5.187339,-17.111910,30.011858,54.075076,7.606407,-5.927329,5.360732
71.000000,14.669137,-17.864938,77.488917,2.698287,-5.371016,-125.536590,-9.267657,14.352833,30.147765,17.585862,-13.667674,-3.950311,-17.257608,-19.556770,-13.494230,8.951403,0.283561,15.000035,-5.010988,-5.777932,9.174191,-13.434093,18.099988,-38.305494,58.615468,3.078526,-11.299040,-3.856967,-5.177703,-17.996946,31.216078,53.042293,7.283814,-5.940378,5.838432
72.000000,14.708447,-17.744908,77.400094,2.361833,-5.066360,-125.619039,-9.830071,14.950531,29.700699,19.832631,-14.604920,-4.259712,-17.133463,-19.540206,-13.281457,9.488342,-0.078185,14.998054,-4.724811,-5.897308,9.596282,-14.004207,18.305899,-37.543870,58.800115,2.284000,-11.078540,-3.232297,-5.056850,-19.086059,32.265458,51.439387,7.584932,-5.984187,5.885063
73.000000,14.835435,-17.685346,77.244776,1.898226,-4.568006,-125.992554,-10.237695,15.539189,29.005218,22.458830,-16.566986,-4.684138,-17.455445,-19.443257,-12.553600,11.082456,-0.801370,14.998571,-4.635467,-5.875022,10.115422,-14.297921,18.553046,-36.827834,58.383473,2.223882,-10.969507,-1.190677,-5.219062,-20.049508,32.570829,49.941728,7.483643,-6.359862,5.382236
74.000000,15.162708,-17.710590,76.997274,1.033606,-3.937164,-126.773072,-10.450154,15.706771,27.755894,25.597251,-18.781045,-4.490700,-18.656650,-19.687590,-11.022803,14.656683,-1.813322,14.995631,-5.050405,-5.944121,10.992504,-14.047344,19.181249,-36.754317,56.758968,2.531547,-10.832225,0.510277,-5.913425,-20.309641,31.188884,49.380803,7.246865,-6.717491,5.094913
75.000000,15.701301,-17.614511,76.564604,-0.008803,-2.982667,-128.262107,-11.052420,16.390482,25.873071,30.277959,-20.431717,-4.102907,-21.715485,-19.621626,-8.298363,21.286776,-2.542721,15.000029,-6.023931,-6.113319,12.486397,-13.341041,21.236521,-37.316773,52.816965,2.811739,-10.695292,-0.250829,-8.183363,-19.089868,28.506930,50.256460,8.530290,-6.294695,4.086212
76.000000,16.358791,-17.308649,75.872999,-0.707783,-1.070448,-130.785496,-11.618494,18.693374,23.419291,35.863725,-22.403415,-4.180948,-25.948727,-17.465622,-4.846988,29.497890,-1.270766,15.000035,-7.346608,-5.673416,14.467550,-12.273461,24.648449,-39.083951,47.223556,3.402250,-10.435779,-0.462511,-11.832856,-17.122856,27.027605,50.686431,9.466244,-5.503093,-0.053560
77.000000,16.977356,-16.552886,74.830961,-0.531250,1.678172,-133.651627,-12.839795,22.735909,20.180521,41.978223,-25.115254,-5.039781,-30.817168,-12.120187,-0.615061,37.651353,2.358836,15.000035,-9.078899,-4.441977,16.908755,-12.088213,28.665170,-41.308663,41.939363,5.174000,-10.221004,0.496179,-17.459673,-15.297389,28.495129,49.816545,6.327263,-4.700829,-4.566009
78.000000,17.460069,-15.529339,73.585212,-0.198351,3.756033,-135.015027,-15.281833,26.450727,18.022286,48.477432,-27.939283,-5.600739,-33.746076,-6.583578,4.965778,39.146229,4.720934,15.000035,-11.431572,-3.465629,18.919516,-13.646801,31.353761,-44.111472,39.195317,5.501344,-9.707928,0.525403,-23.906721,-12.929416,31.727168,48.052519,3.822476,-4.378445,-4.882724
79.000000,18.317933,-15.218648,72.541451,-0.267340,4.939418,-135.838731,-17.067516,28.199708,17.271117,53.054782,-30.356390,-5.560952,-33.336453,-7.888767,7.713666,30.169379,5.014932,15.000035,-12.206094,-2.985876,19.816194,-17.018533,31.316130,-48.687494,41.615458,4.285505,-8.903987,-0.931907,-28.852864,-9.179383,36.203705,45.653486,2.783193,-4.915305,-1.792738
80.000000,18.924072,-14.985237,72.264922,-1.735504,4.941970,-135.534404,-16.669319,26.815285,17.451958,53.473756,-30.365727,-5.294978,-31.247228,-14.642358,3.538629,20.286406,4.786261,15.000035,-10.486698,-3.828969,19.438508,-22.726568,28.895348,-55.240446,48.906436,7.134031,-8.357362,-5.596332,-31.596066,-5.137380,42.059864,42.184123,2.777355,-5.762394,1.910048
81.000000,18.848991,-13.895129,73.286808,-2.791786,4.389301,-132.846327,-15.948912,23.927964,16.024269,48.218451,-26.347199,-5.299321,-27.793124,-17.923178,-0.773949,15.668903,3.069699,14.950273,-8.155389,-4.997139,18.650357,-29.431029,25.565837,-59.176165,56.612501,13.541763,-9.143211,-13.765864,-34.583809,-1.285529,47.305173,37.551793,3.410826,-6.153437,7.199615
82.000000,18.127853,-11.657015,75.215620,-1.779062,3.739096,-129.312249,-15.727335,22.054061,12.421517,37.271977,-18.253223,-5.676239,-25.513719,-13.599569,0.566776,17.155972,1.007439,13.802422,-5.067570,-5.443632,17.495994,-34.917522,23.418733,-57.975759,58.931985,16.885852,-9.422249,-16.713338,-39.086574,2.151680,51.071145,31.978232,3.723497,-6.630922,10.584824
83.000000,17.074643,-9.007823,77.348679,0.168233,2.552713,-123.620136,-15.122971,19.437054,6.452291,20.897958,-4.898050,-8.026004,-24.290169,-6.723712,4.081761,22.246035,-0.646150,14.374265,-2.915510,-5.880749,16.411882,-39.104018,22.468435,-54.596011,54.604234,15.374303,-9.251729,-11.851044,-44.876324,4.114131,52.396399,25.935970,5.620359,-7.105307,10.151389
84.000000,15.662798,-6.237782,78.784299,2.742263,2.125992,-115.320434,-16.576575,18.684725,3.524769,8.559234,6.515861,-14.161543,-24.176334,1.563573,5.470579,29.169689,-2.351945,14.948450,-3.319897,-5.396017,14.569895,-40.283305,21.578434,-49.230788,47.001988,6.419411,-10.184885,-9.440417,-49.338681,4.548790,52.357877,19.524058,11.503427,-9.455088,6.010601
85.000000,14.433625,-3.575258,79.306579,4.179669,0.392393,-106.430622,-19.129468,16.290273,5.488798,8.330023,1.708840,-11.498744,-25.352576,5.082611,3.199801,36.994056,-3.143178,14.983777,-3.670092,-6.230088,14.499399,-43.668794,18.884894,-49.024526,39.536861,-6.994857,-10.699189,-1.527710,-56.817653,2.457617,52.175795,12.333591,16.474749,-9.850416,2.921290
86.000000,13.893165,-1.377425,78.949106,5.199513,-2.216521,-98.376515,-20.623148,13.614521,10.668884,17.786228,-5.645090,-5.841969,-26.387097,2.504573,-1.432643,43.700264,-3.456434,14.915345,-3.586849,-7.115762,14.240081,-47.685878,15.092886,-49.496120,33.571244,-13.234334,-12.274614,2.693105,-65.005287,-1.218198,51.088422,6.283252,17.275068,-10.301905,1.949991
87.000000,13.264754,0.383774,77.624077,5.684754,-4.428773,-90.589972,-20.185111,11.625861,12.959745,31.407180,-12.791454,-2.599909,-25.216713,-2.266619,-7.373561,46.412474,-10.296892,10.655922,-3.396920,-7.501229,13.652805,-51.983825,11.525359,-49.184527,29.571990,-11.450029,-13.735512,5.440937,-71.884299,-6.453220,48.968963,1.576247,16.356614,-11.462881,0.515352
88.000000,12.543005,1.922630,75.603312,5.748555,-5.432887,-83.380328,-19.160224,9.991928,9.312467,46.572622,-19.396846,-2.205499,-24.163913,-6.238451,-12.624426,47.268666,-22.786203,3.732354,-2.293540,-6.747273,12.717859,-55.142747,7.220516,-47.333798,28.853362,-6.795442,-14.345016,6.173098,-75.237887,-13.267143,46.132969,-2.240669,14.763369,-12.867059,-0.716378
89.000000,12.033954,3.796119,73.737967,6.286304,-5.454206,-77.323841,-17.822641,9.138320,4.698316,59.092953,-21.316445,-2.204745,-27.544210,-9.108954,-14.695826,52.800682,-28.560233,0.286071,-0.949261,-5.158800,11.994188,-56.851978,2.689632,-43.614385,31.077586,-3.714400,-13.954761,5.644992,-75.989447,-19.468867,43.659198,-4.473338,14.002876,-14.186726,-1.849936
90.000000,11.481491,5.672057,72.731835,6.330440,-4.452644,-71.917742,-14.430253,10.489531,0.876720,66.047519,-19.186983,-2.937274,-30.093086,-11.113074,-17.153385,56.376665,-29.793620,-1.402619,-1.167748,-2.921016,11.728696,-55.142235,-0.632710,-39.004977,34.522293,-2.184542,-12.566699,6.253823,-73.055512,-23.580011,41.252403,-4.832472,12.851438,-15.263740,-3.255127
91.000000,10.772068,7.359844,72.788769,6.839044,-3.576480,-66.676349,-9.947137,13.464676,-0.268682,66.082756,-14.271544,-4.258565,-29.877846,-13.269707,-21.354636,54.051317,-30.534357,-3.375269,-3.306881,-1.880381,10.392980,-48.944914,-2.427058,-35.527297,38.971547,-1.335584,-11.238070,10.439757,-65.218505,-24.577993,38.722607,-1.946310,11.546514,-15.971834,-5.082954
92.000000,9.923732,9.323446,73.959351,7.545490,-2.754689,-63.317266,-4.706934,16.597059,1.595532,60.283714,-7.381381,-6.000323,-28.571651,-13.618486,-24.785230,46.771582,-27.620459,-5.104302,-5.108021,-1.622036,9.509386,-41.679201,-1.667033,-33.952556,45.251892,-2.894565,-10.509826,15.096989,-54.934074,-22.358848,36.000957,4.717858,9.943856,-16.124939,-8.024172
93.000000,9.189621,11.735348,76.007181,8.669565,-1.979815,-60.229649,-0.968482,15.965692,1.769076,51.877387,0.155741,-8.627931,-27.010272,-13.654083,-27.200255,36.596792,-19.800302,-4.032399,-7.568999,-1.662146,9.059769,-35.439140,1.256787,-32.029086,54.038794,-3.960722,-8.683683,10.728143,-44.467294,-18.716723,32.104642,14.370995,7.466574,-14.708367,-9.021073
94.000000,8.606833,14.654800,78.391200,10.596329,-1.583944,-56.866529,0.136071,10.863836,-1.577684,44.240283,4.384510,-11.448550,-25.494866,-14.023163,-27.561664,23.966710,-7.631588,0.775467,-10.346248,-2.193924,8.611093,-30.912726,5.158056,-29.316391,65.450445,-0.020945,-7.059524,-0.134446,-35.140548,-15.207010,26.483934,26.314347,5.896305,-11.819860,-8.521907
95.000000,7.975993,17.667501,80.366075,11.893378,-1.428875,-53.782942,1.281028,6.221754,-4.647632,36.669093,5.864951,-14.076294,-23.897589,-13.376378,-21.694129,12.513214,5.425154,8.587975,-12.063231,-2.795880,9.064645,-27.007162,9.588937,-28.015542,75.890273,8.361635,-6.650417,-8.672964,-27.149727,-12.362862,19.280026,39.145686,5.870740,-8.420518,-9.311444
96.000000,7.435908,20.923412,81.615120,12.900854,-0.823717,-51.072721,1.779816,2.475467,-6.582527,28.858342,7.759327,-14.999970,-23.844028,-12.531625,-10.380150,10.248290,7.729432,13.221976,-12.835264,-2.744157,10.060850,-22.696126,15.770483,-28.026063,78.858202,18.394994,-6.100923,-14.996462,-21.108829,-11.558698,12.830543,51.066179,11.347354,-5.514975,-12.198125
97.000000,6.615067,24.173766,81.929529,13.564937,0.914523,-49.393426,0.749537,0.896859,-8.350681,22.732365,8.754008,-15.000035,-24.570936,-9.851943,-2.733657,18.301200,1.095061,12.567931,-11.641928,-2.238459,10.653066,-18.169854,24.442925,-30.793911,75.517304,23.520106,-7.251854,-20.423787,-16.320320,-12.453758,10.575343,62.680318,22.700296,-3.876213,-10.543025
98.000000,5.161549,27.032822,81.265372,13.520187,3.808869,-48.369059,-2.096346,2.333851,-11.232571,20.399941,5.536901,-15.000035,-24.700578,-5.648392,-1.594693,30.343433,-5.021612,10.542581,-8.505494,-1.015134,10.658591,-14.534573,33.864628,-33.846070,71.363920,23.400103,-10.385187,-21.487707,-9.923757,-14.771035,14.076427,70.078062,27.407560,-1.345364,0.895992
99.000000,3.573047,29.962474,79.678917,14.372290,6.970956,-46.889761,-7.724073,3.279124,-12.934273,22.295194,-1.313272,-12.712521,-25.835534,-2.565041,-2.880715,43.975913,-9.518942,8.622603,-4.477636,-0.190537,10.183898,-13.397049,43.399404,-35.171612,67.674279,18.909925,-14.101915,-19.183864,-1.706329,-18.102030,20.268416,69.129390,18.154580,-1.366455,13.088943
100.000000,2.255473,32.910845,77.146381,16.814433,8.015175,-45.324983,-13.447826,2.258859,-7.917548,26.549393,-12.271203,-7.715243,-26.218048,-1.215645,-1.628255,56.782993,-11.560697,9.621656,-0.165479,-2.250627,10.006032,-14.494566,52.472781,-34.254724,65.568566,12.517849,-17.128692,-16.099063,6.841884,-20.478804,25.739471,63.756879,6.174223,-4.549088,15.916965
101.000000,0.948891,35.516220,73.967952,19.670376,7.899446,-43.509891,-19.901872,0.244320,-1.792615,33.373831,-24.820436,-3.777123,-24.287019,0.932473,1.475753,65.596625,-11.269886,12.134299,3.107380,-6.397942,9.937795,-16.463809,61.408093,-31.147339,65.504110,7.994444,-18.833801,-13.801122,14.611281,-20.374798,31.013693,58.751054,-1.182801,-6.840223,15.942276
102.000000,-0.275633,37.980253,70.652598,22.019669,7.476217,-40.380371,-28.187014,-3.056833,1.044166,43.923464,-34.502274,-1.307905,-19.515343,1.695692,2.344723,68.941450,-8.985693,14.852105,4.358651,-10.692548,9.984515,-19.968855,69.296497,-26.182820,67.901007,8.096657,-19.014511,-12.605351,21.253368,-18.409390,34.658470,55.960884,-4.336520,-7.238622,17.207379
103.000000,-1.490310,39.646640,67.810470,22.652603,6.344875,-39.769436,-33.855694,-3.932764,2.860530,54.116542,-40.909473,-1.540860,-11.764189,2.302302,1.951882,65.939418,-3.943791,15.000033,7.224125,-14.110554,11.179404,-24.889716,75.515453,-18.997316,72.335904,11.561280,-17.896052,-10.656061,25.519047,-16.297813,36.623495,54.389548,-2.787714,-6.221349,24.340095
104.000000,-2.265476,40.961662,66.047317,23.481600,4.294171,-42.972348,-35.913599,-2.935080,7.101573,59.731384,-44.717296,-2.112291,-4.412460,0.861737,4.662777,59.632264,-3.600366,14.989885,11.956217,-18.019320,11.527579,-28.935758,79.292424,-7.431995,77.018524,11.258605,-14.731436,-6.218761,26.885146,-15.468977,36.636243,53.426542,-3.144514,-5.485033,35.296328
105.000000,-3.075274,42.238924,65.661782,24.360319,2.700032,-47.975495,-36.553823,-0.471439,12.152160,61.422757,-45.704272,-2.310230,-0.388744,-2.445226,7.331890,52.792417,-12.188353,14.609023,15.616794,-21.507127,10.473489,-28.072738,80.365809,8.649893,79.168456,-1.198979,-11.677384,2.514778,24.824415,-16.371777,32.673603,51.760304,-5.538116,-6.482153,41.791820
106.000000,-4.715968,42.757222,66.745061,23.152876,2.812175,-54.125537,-35.157999,5.341262,14.820665,59.874114,-44.204404,-3.462883,1.688516,-1.909397,8.360870,45.242524,-15.680673,15.000035,16.098735,-20.060482,9.119866,-10.523307,72.794032,33.904578,74.508519,-21.845136,-12.164140,13.835471,19.066687,-19.535610,25.485522,50.219939,-6.274370,-8.436894,34.205294
107.000000,-7.074378,42.706060,69.061798,21.807201,4.002972,-60.555929,-32.062141,11.939364,16.832699,53.932673,-39.778284,-4.527801,1.040305,-0.546864,6.485840,38.952989,-15.050520,15.000035,14.455137,-17.714941,6.708470,0.217086,62.720282,42.149664,73.988666,-33.889838,-12.908776,18.325787,11.740726,-20.791004,19.384231,48.592824,-4.694829,-8.774350,17.833084
108.000000,-8.975179,42.982838,72.127706,21.601954,4.615395,-67.828796,-27.358978,16.228733,20.507602,44.223726,-33.015092,-3.616773,-2.743015,-5.709451,-1.102029,35.060751,-14.136763,15.000035,12.369873,-15.888302,3.391869,5.949495,51.738775,36.557368,76.541757,-35.248154,-10.813725,15.047656,4.680486,-20.304083,16.772154,44.395403,0.889291,-9.172580,2.815722
109.000000,-10.424648,42.986032,75.060338,20.683137,3.369191,-74.570582,-19.285978,16.817766,25.285022,32.086514,-25.791764,-1.263310,-4.635126,-14.493050,-11.999319,30.990607,-12.779362,12.914459,11.062422,-14.550436,2.340259,7.210429,41.271852,19.197329,76.183008,-31.378934,-8.186273,6.367755,-1.909002,-19.995713,16.939339,36.502915,6.883106,-9.473268,-4.243646
110.000000,-12.487213,42.500016,77.239001,19.146622,2.103315,-82.545622,-11.075000,13.532512,22.912211,19.240064,-23.586878,0.150882,-5.325718,-17.875129,-20.367575,23.762226,-9.517357,12.592862,11.142166,-13.443795,1.283443,8.323012,33.179403,5.942893,70.232431,-24.885530,-6.831346,-4.872453,-6.743745,-19.484868,18.422762,25.766035,10.948233,-8.405810,-3.094555
111.000000,-14.630312,42.178679,78.172952,17.482360,0.836015,-91.659251,-6.507314,5.047625,6.094060,12.176285,-25.318150,0.412780,-7.771183,-17.347818,-20.132044,17.159245,-5.416784,14.434114,11.987926,-12.176345,-0.158210,8.303201,27.014752,-3.925307,62.439964,-22.977931,-7.137362,-7.202335,-11.535149,-19.296644,22.419700,14.522603,14.528992,-7.856034,-0.723633
112.000000,-17.049013,42.324460,78.215355,15.700967,0.253216,-99.802929,-3.464642,-2.756204,-8.371100,11.033208,-25.131078,-0.550538,-11.942021,-14.248327,-13.126498,15.530600,-5.216095,14.125116,12.130518,-10.594779,-0.319315,4.610476,24.189130,-12.063796,55.596090,-19.172192,-7.820363,-1.414892,-18.368721,-18.537039,27.117357,4.046592,16.375331,-8.007671,0.803467
113.000000,-19.158877,42.743108,77.600974,13.588845,0.788020,-105.130012,-2.675744,-5.134076,-7.894660,17.245442,-26.439584,1.152426,-14.202249,-10.985014,-8.508765,19.016712,-8.541981,12.483325,10.082249,-7.781220,2.176096,-2.890087,24.047795,-17.350257,48.956901,-11.881267,-8.013474,5.053024,-27.964987,-17.365384,30.838963,-5.131667,16.523266,-8.895232,0.301735
114.000000,-20.955896,43.101156,76.464325,11.915190,2.135340,-107.494399,-4.096378,-2.634617,-0.398590,27.593250,-30.157375,4.492135,-14.548544,-8.209815,-6.852009,24.826954,-14.650141,10.518549,4.949449,-3.935708,5.657504,-10.625629,26.230156,-19.005618,41.954888,-5.381241,-9.068976,8.601497,-38.794832,-15.608287,33.669578,-12.638393,14.876461,-10.714284,-0.813531
115.000000,-22.835928,43.547854,74.925637,11.078868,2.977042,-109.333038,-9.803235,0.758468,3.905720,44.814094,-33.216668,6.637868,-15.992656,-5.745597,-5.603041,30.623204,-21.986357,8.070815,-0.808733,-1.064344,9.355424,-16.918928,31.007686,-17.649991,34.140137,-1.931227,-10.530896,13.497795,-50.428369,-12.732080,34.988757,-17.860858,12.864830,-12.222718,-3.714482
116.000000,-24.633317,44.088119,73.112464,10.881769,3.275685,-112.204242,-19.829866,3.055244,3.995840,67.501510,-30.264729,7.152905,-18.188060,-3.873473,-6.357465,36.317943,-30.221750,3.818458,-3.910647,0.828281,12.651466,-21.621725,37.006378,-15.423207,26.198191,-2.187782,-11.895054,19.638944,-59.256160,-10.382960,33.321443,-21.467918,11.699100,-13.751035,-6.304757
117.000000,-26.079842,44.205433,71.389794,9.824767,3.198640,-116.622782,-28.638807,0.856925,1.813541,85.674355,-26.866342,4.668884,-21.014571,-1.884825,-3.807870,44.384905,-35.974746,1.384763,-3.284365,1.477242,16.253323,-24.796756,42.434073,-12.716641,18.543965,-2.492377,-13.145248,24.188946,-62.027748,-9.652465,29.757976,-24.803987,9.763767,-14.625807,-6.314310
118.000000,-27.369186,43.534723,70.309961,7.919679,2.474938,-121.088735,-34.920872,-3.153822,2.254667,95.657674,-27.786191,0.029190,-22.302564,-1.099043,-0.758863,51.037786,-38.869739,1.732100,-0.862991,0.148169,20.007357,-26.629021,46.323330,-10.021360,11.592016,-2.373402,-14.448193,26.290716,-57.691329,-10.652944,25.804543,-28.435852,8.031513,-15.450735,-5.310050
119.000000,-28.583550,42.545772,69.969696,6.182587,1.474826,-124.536809,-40.501963,-0.885976,6.281610,98.988996,-27.846949,-0.187049,-23.270398,-2.747538,-1.344361,57.425669,-37.654515,3.251012,1.208056,-2.227700,23.299732,-26.713981,48.453198,-8.227543,6.083120,-3.067502,-15.567750,28.523143,-48.748211,-12.683269,23.195616,-29.837456,8.377021,-16.421284,-6.379012
120.000000,-29.414442,41.380793,69.605666,5.234805,-0.049528,-127.969108,-46.759089,0.685146,8.464815,97.011533,-25.703532,-1.301662,-28.600657,-5.662376,-2.633541,69.130844,-28.308687,8.677922,2.192867,-4.947572,24.659457,-22.461974,48.997749,-5.868902,2.123416,-4.191044,-16.193511,29.057322,-38.050390,-14.588331,21.926984,-27.741703,11.720738,-16.237306,-6.471179
121.000000,-30.016908,40.179476,68.650436,4.917870,-0.981023,-131.920566,-53.408756,1.133351,6.407734,92.612352,-22.233273,-3.534663,-37.369563,-8.756297,-4.089160,82.264308,-16.697068,11.033138,2.633959,-7.154899,26.430252,-17.218909,50.025542,-2.811047,1.994568,-7.288083,-16.183228,26.857646,-30.989241,-16.369819,20.964436,-21.770026,12.425465,-14.685445,-5.558913
122.000000,-30.753687,38.703603,66.852105,4.233614,-1.922797,-135.931639,-58.242942,3.861829,3.958244,87.079974,-19.598751,-5.362684,-45.759822,-16.468578,-6.437815,92.804929,-15.755105,6.898599,2.881972,-9.594628,27.463431,-10.722451,50.879384,0.066880,5.315395,-11.011756,-15.535904,22.655823,-25.400779,-18.182365,19.274075,-15.949943,11.046276,-12.674194,-5.135807
123.000000,-31.790692,37.086385,64.385819,3.369512,-2.572483,-139.236831,-61.584025,8.256869,1.656184,81.782943,-18.670715,-6.649313,-52.860777,-20.739721,-5.621512,97.699456,-18.224664,4.696582,2.526284,-11.750819,28.405090,-4.196760,50.438847,2.349238,11.121672,-13.278913,-13.992686,18.901702,-21.378618,-19.678316,17.519206,-12.131224,9.984663,-11.811437,-6.794862
124.000000,-33.011022,35.384211,61.215544,2.708792,-2.061777,-140.901827,-64.693469,12.351461,-0.787896,81.289688,-21.522134,-6.764712,-57.336166,-16.665510,-1.141297,96.781725,-21.336850,10.658089,0.885597,-12.498424,29.793797,1.122216,47.763199,3.555071,18.916921,-14.219989,-11.883517,16.362113,-18.670293,-20.895671,15.689269,-10.262398,9.768274,-11.966493,-9.038604
125.000000,-34.171492,33.376527,57.081032,2.587273,-1.653738,-142.009066,-70.179593,14.932293,-2.374660,90.090100,-26.524485,-6.005164,-60.818880,-14.449569,3.660640,99.620488,-30.132988,12.582032,-1.291408,-12.115158,29.793804,4.902558,44.362311,3.240338,28.587849,-15.712785,-9.253614,14.751841,-17.360164,-22.317657,13.781490,-9.262137,10.294348,-12.008392,-12.644021
126.000000,-35.160816,31.374165,52.177703,2.517887,-1.199390,-142.591428,-76.903402,15.742707,-3.359479,103.256942,-31.954733,-5.187710,-63.685353,-13.958043,7.969872,109.383144,-38.410081,14.295625,-3.297297,-11.179744,29.793804,7.407466,40.345405,2.313044,38.401492,-17.559984,-6.492106,12.164076,-17.538719,-23.060909,11.096079,-8.986976,10.888541,-11.810566,-18.717597
127.000000,-35.879761,29.500464,47.128165,3.018952,-0.910666,-143.118726,-84.082279,16.583057,-3.929373,113.322175,-37.663644,-2.775681,-67.778214,-14.702399,10.783729,119.823375,-43.621912,14.777739,-4.788626,-9.921259,29.793804,9.271585,36.375074,1.945203,47.291291,-19.700897,-4.446338,9.422287,-19.547573,-22.873969,8.772510,-9.292766,10.778084,-11.916435,-23.089123
128.000000,-36.287910,27.931118,42.489529,3.369079,-0.496885,-143.612734,-89.954370,16.562830,-4.488758,121.458973,-42.600853,0.218538,-72.746166,-14.265458,14.067309,129.600476,-44.819196,14.730316,-5.694493,-8.441948,29.793804,10.024122,32.894020,2.233136,55.631102,-23.143488,-3.229549,7.220368,-23.435130,-23.053683,8.395400,-9.235805,9.607242,-11.252527,-26.028096
129.000000,-36.734146,26.507494,38.570386,1.116313,1.758755,-144.917093,-89.954377,16.809744,-4.973498,130.314723,-47.412229,0.701086,-72.742655,-11.978679,18.863208,137.267391,-46.695654,14.799256,-3.771160,-8.581379,29.793804,13.820668,30.826150,2.124644,59.926044,-26.282874,-2.324433,7.428392,-25.084604,-23.784279,9.662963,-9.309797,9.535165,-10.756716,-26.402166
130.000000,-36.708546,25.105619,35.158607,-0.926084,4.220399,-146.077869,-89.954377,16.489514,-5.214892,137.244510,-50.000226,1.183119,-72.357228,-10.968581,24.007384,143.260718,-48.109243,14.793703,-0.215811,-8.469811,29.793804,17.045413,30.694474,3.086606,61.999157,-29.874814,-2.614770,9.229417,-27.159824,-26.025854,12.093731,-9.950506,9.351364,-10.272900,-25.567019
131.000000,-36.206064,23.857810,32.249990,-3.182242,7.707176,-145.750957,-89.954377,15.228233,-4.782331,141.828455,-50.000308,2.926223,-70.893184,-12.947030,29.117769,148.094183,-48.451716,13.444945,3.788797,-7.456754,29.793804,19.335041,31.965880,5.358604,63.234670,-33.573727,-3.491541,12.519505,-29.083113,-29.387753,14.327727,-10.806334,8.897667,-10.428907,-26.619872
132.000000,-35.781246,22.789857,30.296153,-4.387833,11.535278,-143.263989,-89.954377,13.181718,-4.072193,145.238877,-50.000308,5.446893,-67.022645,-13.845155,31.442984,150.719285,-46.480950,12.989851,7.084826,-5.231823,29.793804,19.816974,34.756903,9.048686,64.202781,-37.033952,-4.375684,16.800974,-31.179168,-33.407316,15.375155,-12.045999,7.963001,-10.872881,-28.271299
133.000000,-35.847697,21.771371,29.602599,-4.323482,14.184267,-140.118785,-89.954377,10.832957,-3.560252,147.462404,-50.000308,6.590294,-60.296589,-11.656975,31.160231,151.466207,-42.998008,14.820464,10.054058,-3.583568,29.793804,17.588948,37.533966,13.881303,64.450908,-39.773271,-5.013460,19.658604,-33.476926,-36.538647,14.921194,-13.835727,7.125216,-11.459416,-28.674722
134.000000,-36.081639,20.618038,30.124608,-0.504087,20.179659,-134.851349,-89.954377,5.008534,-7.479384,148.973297,-50.000308,6.919369,-51.474959,-8.108683,21.030026,149.594899,-36.213731,14.862574,10.815520,-0.104590,29.793804,10.886037,43.512909,17.286642,66.124270,-43.617154,-4.452926,21.865631,-33.384667,-37.971245,10.506441,-16.801388,6.953270,-12.307761,-29.292748
135.000000,-36.503023,19.233498,31.288257,2.085124,23.845318,-129.281525,-89.954377,0.486542,-8.964401,150.273587,-50.000308,6.909159,-46.079765,-3.978291,14.815718,145.739093,-28.462081,14.826322,10.821726,0.492350,29.793804,3.378391,48.278950,19.258314,68.566316,-45.953619,-3.823649,21.335310,-33.950623,-38.640108,6.186935,-20.949348,7.358258,-13.212812,-29.411836
136.000000,-35.691020,17.295031,32.521987,2.593509,24.689320,-122.262265,-89.954377,-3.096185,-3.477463,151.259457,-49.969421,9.858767,-46.873939,-7.599591,16.463319,137.209034,-21.988162,14.059418,8.477967,-1.237818,29.793804,-2.323009,51.970431,17.606860,70.151049,-46.488030,-3.454600,20.650293,-36.311598,-40.976757,4.123998,-24.354856,7.619676,-13.806028,-30.840568
137.000000,-34.482419,14.457110,32.372621,4.419588,27.263036,-118.549789,-89.954377,-6.113821,-0.791081,152.656777,-48.889401,11.053995,-48.333854,-13.447968,21.352478,126.302519,-27.577727,14.646738,6.226150,-2.815489,29.793804,-5.586804,53.416502,15.397376,71.667112,-45.789387,-3.774699,20.492350,-41.772095,-43.864995,4.478190,-26.607101,6.755606,-14.602014,-32.953484
138.000000,-32.815263,12.416220,33.006996,4.471504,29.155191,-115.606618,-89.954377,-7.823896,2.484647,152.286594,-42.698832,9.894440,-54.061849,-18.471306,19.176748,112.928456,-27.889332,13.550824,3.440015,-4.689419,29.721374,-6.023480,53.207764,15.062362,72.908055,-45.512095,-5.001581,21.795209,-49.990137,-48.006883,7.691285,-26.237533,4.334245,-14.289910,-34.263705
139.000000,-30.842024,10.822627,34.205225,4.192486,30.903251,-115.282463,-89.954377,-5.587931,4.795642,150.626913,-32.382436,7.182034,-59.186991,-18.581174,14.332843,101.576743,-24.880410,14.812092,1.884126,-6.085738,29.410685,-3.187696,51.609138,16.334515,72.158941,-45.152318,-6.505362,23.616638,-60.915452,-50.841459,14.872204,-23.909735,2.503648,-13.736030,-35.174562
140.000000,-28.700873,8.787265,34.805915,2.008621,31.795644,-116.565300,-89.954377,-2.196442,9.201896,146.065330,-21.582134,2.436390,-64.126023,-22.624544,9.030716,100.232883,-23.348576,13.469122,2.986057,-7.422030,29.482624,0.148866,49.190865,17.009888,71.312981,-44.803695,-6.640145,24.840659,-71.165872,-52.309215,23.723945,-21.965576,3.601635,-14.026019,-35.266449
141.000000,-27.254170,7.003588,35.720074,-1.145798,32.377912,-117.163641,-89.946263,4.513427,8.366148,133.202404,-19.486161,0.016355,-65.454311,-23.743377,1.770595,108.811634,-25.664157,13.845862,5.409990,-8.705955,29.789648,2.151647,47.083134,17.200412,70.752482,-43.780280,-7.080241,26.069722,-78.685664,-53.947969,30.466684,-20.350772,5.716613,-15.164815,-34.512792
142.000000,-26.311669,5.837189,36.806178,-3.739198,31.752213,-118.059278,-88.906032,20.939791,9.920771,112.334523,-20.381990,3.824966,-63.779507,-22.478953,-8.179716,120.687476,-28.251102,14.229896,9.000710,-10.901245,29.741499,3.137157,45.669148,17.408037,69.845228,-41.806362,-7.310657,27.221275,-85.042685,-56.584190,35.537457,-18.010070,3.886714,-15.188959,-34.804380
143.000000,-24.515903,4.431660,37.283307,-6.227751,29.087535,-121.790905,-85.350283,30.351568,16.239687,85.657136,-20.148978,2.991479,-59.568853,-22.306780,-16.187057,130.428186,-29.851875,10.739052,15.624065,-14.249328,29.570471,2.459320,44.196211,17.440526,69.475776,-39.379340,-7.447385,27.888028,-90.190360,-60.041092,40.419246,-16.180184,0.917192,-15.172413,-35.546046
144.000000,-22.928214,2.548717,38.013944,-7.902779,26.394537,-125.263146,-80.735028,34.821612,20.506774,59.032041,-13.527104,-4.452566,-50.864607,-23.027482,-19.803307,133.704436,-41.141535,5.819397,22.349016,-17.943448,29.317853,1.502872,43.713781,15.984880,69.502461,-37.903131,-7.900428,28.296488,-93.155926,-64.457287,44.293370,-15.252501,-0.489864,-15.996711,-36.853693
145.000000,-22.265400,0.650804,38.684249,-9.913680,26.540272,-125.634803,-79.303093,38.336226,18.647190,49.949402,-8.988614,-6.644512,-45.938609,-22.467701,-17.239242,133.038793,-46.031029,4.667647,26.821376,-19.104461,29.266958,1.832028,43.707876,14.792352,69.072037,-36.391538,-8.206160,29.746177,-93.297652,-70.237540,47.936279,-14.169035,-0.396534,-17.204239,-37.366575
146.000000,-22.186260,-0.318098,39.613953,-13.009950,29.394028,-120.227851,-81.046232,37.097356,10.072576,61.522109,-9.620301,-2.234938,-47.331985,-16.378918,-12.335933,132.503976,-28.025023,11.311530,25.657080,-17.370344,29.608593,3.090098,43.375892,14.501625,68.812660,-34.140677,-8.762235,31.694127,-89.937786,-75.970138,51.074092,-11.101212,0.104230,-17.922592,-35.631191
147.000000,-23.648225,-0.336077,41.555795,-15.924681,32.767195,-110.564163,-81.962666,32.948057,5.608088,78.133642,-8.962200,0.477055,-48.631592,-7.377067,-13.553446,128.981579,-6.698786,12.918870,18.748400,-14.970298,29.793804,3.927323,42.948574,14.558649,69.282843,-32.753523,-8.770219,31.471114,-82.367703,-81.679896,52.117984,-6.618087,1.068214,-17.994989,-33.592346
148.000000,-23.940271,-2.480809,43.598235,-16.035434,37.409679,-97.854764,-81.407140,22.546159,4.828831,93.287215,-8.716297,1.092984,-47.599616,0.216647,-6.729902,122.053240,-3.949434,13.491551,7.383237,-10.975701,29.642649,3.586342,42.841071,13.041854,70.005102,-33.493503,-8.008671,29.899081,-70.546558,-88.420419,51.064373,-2.050663,5.658326,-18.620827,-32.463370
149.000000,-22.852953,-4.907115,44.252080,-16.531615,42.994259,-84.716991,-76.210827,16.521929,8.210069,102.671260,-7.817022,3.803205,-50.757403,2.575538,5.382694,112.750891,-5.585882,11.726193,-5.699924,-5.909646,29.245852,1.611479,42.987008,16.418743,76.627879,-30.771023,-9.236133,25.301022,-55.795645,-92.440661,47.582861,4.184222,8.793974,-19.633970,-28.868351
150.000000,-22.632891,-6.247374,44.560450,-17.993546,46.987875,-72.061738,-70.116127,9.416106,7.792773,104.160795,-12.031129,6.317326,-58.977563,6.524528,15.045440,101.530564,-6.992503,10.189105,-17.921354,-3.712034,29.625358,2.560926,44.843542,19.301650,79.924428,-29.613948,-9.427446,21.120021,-35.974152,-90.923676,37.957653,14.036962,7.246465,-18.738407,-23.881763
151.000000,-22.767861,-7.433655,44.854319,-19.583413,49.679522,-60.747713,-65.270626,-0.950323,3.571597,99.619757,-25.840648,5.687485,-66.441348,11.251190,23.978269,87.711554,-8.612548,13.366856,-26.280386,-3.399941,29.793804,4.585057,47.521400,19.635667,80.399974,-28.705198,-10.269007,21.009254,-10.443148,-84.515634,22.922332,25.779837,4.358760,-16.247616,-17.518698
152.000000,-23.318772,-8.791395,45.856985,-21.525004,52.898252,-50.665679,-63.182187,-0.117489,3.319892,95.012494,-35.440783,8.053987,-74.817277,13.161197,25.417683,74.409064,-7.119941,14.923190,-29.498190,-1.362143,29.793804,4.516626,50.529111,14.908720,78.515839,-28.510946,-11.182956,23.655665,15.737073,-74.825692,7.333079,36.247630,3.317899,-13.667540,-10.712314
153.000000,-24.168296,-10.087806,46.939424,-22.704334,54.243864,-44.330763,-63.280487,2.612826,5.507220,92.465762,-38.381565,8.462615,-85.483697,13.721531,19.738874,66.938258,-4.866918,14.987404,-29.605947,0.238339,29.793804,2.334424,52.626939,10.554271,77.515626,-28.143422,-12.192548,24.963698,29.666715,-65.816721,2.244254,45.737488,2.318184,-11.284909,-4.464944
154.000000,-24.804947,-11.325195,48.757207,-26.379976,49.257203,-37.351643,-56.169379,2.081805,7.395783,89.244215,-40.417887,8.709860,-89.954377,16.472815,10.431875,65.814924,-4.629053,15.000035,-29.085828,-3.403364,29.793804,0.983166,55.038317,5.670064,78.332161,-27.506109,-12.128365,22.949755,39.441822,-58.774447,5.422053,51.775682,0.042741,-9.349994,-0.154823
155.000000,-25.275442,-12.523253,51.087195,-28.305256,40.786218,-32.416683,-44.903614,-0.797553,9.053280,84.300654,-41.660298,9.840916,-89.954377,19.565003,-2.484404,67.392746,-4.907771,15.000035,-29.805846,-10.828179,29.793804,0.541927,58.097480,2.050712,81.614142,-25.613030,-10.536067,17.407068,45.933186,-54.452662,14.017659,53.653984,-2.255900,-8.411260,4.783645
156.000000,-25.811985,-14.098462,53.492016,-25.680166,34.996070,-28.757595,-38.356092,-5.720866,9.701562,78.848708,-40.321957,9.483876,-89.954377,20.729653,-17.947977,68.294481,-3.618466,15.000035,-34.097780,-18.561847,29.793804,-2.500251,63.074816,2.286082,87.821500,-21.348550,-8.128827,8.743874,46.860456,-51.284967,22.847425,52.467806,-5.142014,-8.938505,9.076008
157.000000,-26.093251,-15.050507,55.162185,-19.421232,33.575511,-26.081625,-38.648759,-11.948936,11.476288,73.013937,-34.098483,7.612561,-89.954377,21.171686,-27.362469,66.363873,-0.611670,15.000035,-39.509663,-23.828254,29.793804,-11.167474,69.232143,3.440921,91.916356,-13.972988,-5.099077,4.784708,44.193598,-46.037780,28.136759,52.674443,-6.641529,-8.544748,9.166636
158.000000,-25.866163,-14.700456,56.513190,-13.246994,37.548167,-24.138980,-44.573251,-17.690975,11.772739,66.380737,-22.826545,-0.921577,-89.954377,18.513701,-25.366088,60.718080,-7.581432,10.121867,-41.912906,-22.268857,29.793804,-25.305316,70.496397,-4.688737,86.165131,-3.335321,-4.850785,12.020231,42.812254,-39.030109,28.880103,55.619795,-4.475379,-7.630132,8.574368
159.000000,-26.045701,-15.137930,57.986903,-12.719798,39.518053,-18.533342,-48.332013,-18.170993,11.381249,69.863205,-19.641672,-11.282451,-89.954377,16.318329,-20.064885,56.753295,-9.159842,8.281756,-42.294389,-18.141498,29.793804,-41.647014,64.337875,-27.257637,78.366531,8.151502,-7.132366,20.041004,46.327763,-38.240549,27.645028,58.369424,-3.755609,-7.693884,13.165383
160.000000,-26.665717,-15.511683,59.683305,-13.910129,40.823881,-14.016162,-53.095783,-8.787925,14.235667,83.644969,-24.443328,-10.841101,-89.954377,15.675822,-16.464265,52.164754,-3.760969,10.733403,-42.784909,-16.054462,29.793804,-54.533835,58.867263,-47.526201,69.459090,13.595614,-10.469004,19.203977,46.722076,-43.471613,26.857381,59.765262,-7.252606,-8.019058,17.408028
161.000000,-27.698070,-15.794909,61.449665,-15.853136,43.143596,-8.664365,-60.681115,-0.198764,10.624557,97.046934,-29.837292,-10.168205,-89.954377,15.946619,-9.995757,44.904665,1.101883,14.999790,-46.309868,-15.685555,29.793804,-65.989695,54.650447,-60.420734,63.274756,15.474772,-12.720338,13.698765,42.743314,-50.308544,21.506181,61.053879,-7.006119,-7.755091,13.248094
162.000000,-28.636199,-17.423645,63.602090,-20.088337,43.687935,-1.717705,-67.809339,10.030197,0.040606,104.983996,-35.896759,-8.686072,-88.653663,18.369295,-4.939811,38.770804,7.242587,15.000035,-51.709740,-17.389547,29.793801,-71.658581,50.589422,-63.580503,61.178954,11.461795,-13.239445,10.845353,35.554317,-56.986983,14.648290,60.897810,-1.298791,-7.838625,5.863810
163.000000,-29.001936,-18.427113,65.917903,-23.453786,42.212221,3.375483,-73.287930,22.225454,-9.649337,101.160620,-38.832200,-6.417111,-84.247665,22.280738,6.847005,35.896698,10.248617,15.000035,-56.567405,-20.490202,29.793794,-74.277870,47.757304,-62.614584,61.532805,10.426666,-11.841462,11.649650,25.846175,-61.885291,7.798961,57.813822,7.164375,-9.019494,0.314893
164.000000,-30.040348,-16.767007,66.791075,-23.471882,41.273546,4.206669,-77.720074,27.056732,-14.227170,90.885796,-39.061353,-7.514326,-80.687135,17.001203,17.106446,40.426862,6.531293,15.000035,-59.723140,-22.702586,29.793794,-74.460031,45.858252,-61.630443,62.663086,10.952423,-10.124600,10.971142,16.859268,-63.281149,1.264785,51.089617,15.443736,-11.024393,-4.850166
165.000000,-31.039253,-15.615997,66.528797,-22.162677,40.686581,4.489137,-78.568643,26.789117,-16.681525,80.023309,-40.233151,-13.098804,-78.353642,14.637956,27.781019,55.193454,0.393923,15.000012,-60.163120,-22.899959,29.793794,-73.982922,43.743168,-61.290750,62.371341,11.814224,-9.623100,7.479416,11.553274,-63.089153,-7.170033,41.635918,22.375724,-13.194489,-7.751950
166.000000,-31.485483,-15.092447,65.723860,-20.966986,39.137270,5.961619,-77.515277,26.530225,-15.571551,77.877537,-42.031389,-15.000031,-72.921531,13.008367,33.880539,74.274045,-2.659215,14.938650,-59.264909,-21.792765,29.793804,-72.516405,41.751331,-60.259788,61.544587,12.408247,-9.247455,6.285702,10.757000,-63.793359,-16.734124,29.455413,27.363223,-15.336493,-9.078294
167.000000,-31.871146,-14.962940,64.554805,-18.855530,37.052280,5.800615,-76.065003,27.712381,-11.629359,80.402180,-44.635443,-15.000035,-66.178359,10.125639,34.967574,90.743441,-6.042510,14.843553,-55.817891,-20.718773,29.793804,-70.254936,40.341703,-56.716026,62.007176,11.590145,-7.866911,7.595678,11.972039,-65.712082,-25.114536,16.360813,30.346630,-17.582235,-11.653922
168.000000,-32.536671,-15.117143,63.244438,-16.657297,35.711671,2.899208,-75.701630,30.309268,-9.815339,84.256797,-46.941138,-14.123971,-62.922995,6.603491,29.998508,100.706119,-11.071042,14.843866,-49.048439,-19.818207,29.793637,-68.626196,40.594075,-53.878622,64.152299,9.076317,-6.556312,8.187718,9.590788,-69.721171,-28.736016,7.299734,31.692102,-19.931511,-13.263207
169.000000,-33.561456,-15.228264,62.171054,-11.582476,33.514717,-7.098133,-71.217665,34.844282,-7.393995,88.841944,-49.393353,-12.784782,-64.169750,3.787921,22.139035,104.091735,-15.744681,14.817341,-37.487671,-21.955163,28.544916,-67.924169,42.977254,-52.169255,68.055417,7.213416,-5.738615,6.485984,5.392019,-77.602451,-29.437313,-0.090584,30.013736,-20.068930,-16.074669
170.000000,-34.645703,-15.536422,61.289620,-5.384575,31.617878,-20.733966,-65.296014,40.992599,-3.242567,92.421113,-50.000308,-11.065784,-69.080465,1.605525,11.452646,102.871071,-19.494337,14.850851,-22.485862,-26.173107,26.558608,-68.258213,47.016259,-51.531353,72.855210,7.909900,-5.662071,4.271470,-2.688783,-86.210470,-24.547983,-4.681055,27.029669,-20.741826,-19.616853
171.000000,-34.945643,-15.927824,60.275322,-0.556921,28.430717,-34.003886,-56.918145,45.457593,0.110037,97.868039,-49.984824,-9.376160,-69.718405,-2.310327,-2.409576,101.642702,-21.219005,12.700244,-5.139495,-29.793804,27.741098,-70.019233,50.126389,-49.648782,78.338711,11.089402,-5.928373,3.521497,-13.012150,-93.971477,-17.264872,-9.783204,25.637798,-22.780808,-23.401034
172.000000,-34.750855,-16.878210,59.564739,3.877817,26.351293,-44.929592,-54.695086,43.694844,-3.225394,105.510775,-41.083315,-8.336962,-64.295870,-6.348035,-15.595987,100.027151,-22.252290,8.314121,11.454918,-29.793804,29.066007,-69.816377,49.983440,-48.563478,80.495453,12.684722,-5.250044,1.346527,-18.183888,-102.735239,-14.285214,-15.776625,24.070903,-24.221483,-26.361339
173.000000,-34.388819,-18.334700,58.835882,8.386314,24.278829,-52.860637,-59.135880,33.441781,-11.669548,114.439116,-27.807346,-10.037581,-57.003270,-8.254891,-21.092292,96.394508,-35.592065,2.030507,25.755551,-29.793804,29.793804,-67.417355,47.122882,-49.149413,80.060739,8.776204,-4.754514,0.409953,-14.390637,-110.475141,-19.530272,-20.175248,20.502689,-24.257499,-28.123355
174.000000,-34.038544,-19.675760,57.755858,13.094201,22.472222,-54.974315,-69.868204,19.475661,-15.387209,121.413415,-24.018555,-7.619025,-58.358612,-11.359144,-19.062004,98.949244,-42.202684,2.234097,30.909570,-29.793804,29.793804,-64.029923,43.287704,-44.960191,79.831312,2.419027,-4.090082,0.858968,9.737742,-123.456653,-46.355869,-17.888228,18.274352,-21.879297,-29.267347
175.000000,-33.782977,-20.902656,56.614637,11.480189,22.468641,-51.918365,-81.740002,12.112711,-14.729566,123.914658,-24.043181,-0.896015,-60.057901,-13.762172,-19.011763,106.143817,-32.463794,9.601859,29.809620,-29.793804,29.793804,-60.304676,44.797544,-39.850534,78.814673,-4.353870,-3.954699,0.963837,45.326952,-129.001441,-86.538620,-15.770808,13.783270,-21.236322,-28.137400
176.000000,-34.735459,-22.794314,55.546385,8.457433,23.247180,-50.444735,-89.954377,5.265179,-10.665873,120.433570,-24.962769,-1.807108,-64.901222,-8.836548,-19.472354,111.625003,-18.089841,15.000035,31.268360,-29.756105,29.793804,-59.538759,45.298358,-37.753051,79.343753,-11.219688,-4.080120,2.402228,64.933987,-129.001441,-108.554826,-20.827397,10.143371,-19.857643,-29.833245
177.000000,-33.542958,-24.403921,54.003006,-0.488814,24.583666,-49.046710,-89.954377,-2.233670,-9.991846,116.671748,-27.398897,-6.429419,-60.098083,-6.817110,-13.885691,112.339133,-15.187629,14.974365,33.967152,-19.564136,29.793804,-57.396334,39.813337,-31.418515,80.973429,-21.500450,-4.138047,5.853449,65.832853,-129.001441,-107.666656,-24.516716,10.516453,-18.588083,-31.842144
178.000000,-30.951402,-25.871810,51.129925,-9.240853,27.767871,-43.666848,-89.954377,-3.809997,-10.917919,118.337590,-31.791372,-0.440383,-53.379902,-16.151254,-2.284034,104.991373,-15.568982,12.476462,30.088216,-9.844395,29.793804,-55.268760,35.886231,-24.346568,80.785565,-33.157570,-4.683182,11.222549,65.832853,-129.001441,-105.585975,-26.151119,11.539747,-18.143392,-32.176765
179.000000,-29.476553,-27.523166,48.110467,-15.294183,29.190709,-37.462327,-89.954377,-6.242478,-13.165607,126.404822,-38.443723,4.685928,-49.062482,-24.316083,5.906059,84.920903,-14.329163,12.309649,21.752419,-3.473944,29.793804,-48.957129,33.455865,-19.493876,76.981409,-39.210354,-6.074710,20.535990,65.832853,-129.001441,-102.399466,-25.526242,11.873331,-18.105220,-31.519117
180.000000,-27.973875,-28.831416,45.034644,-18.886347,27.762481,-34.086721,-89.954377,-9.792178,-13.109892,134.957571,-39.177999,5.455912,-43.486407,-33.354177,10.764802,54.595515,-9.071908,12.904419,13.326983,0.846285,29.793804,-36.936553,30.247701,-14.075000,71.513235,-41.722019,-9.687905,32.844382,65.832853,-129.001441,-96.144803,-23.532920,13.120451,-18.522129,-31.518509
181.000000,-26.777872,-30.163223,42.108262,-20.815386,25.786557,-34.342293,-89.954377,-10.713722,-12.024793,143.085469,-38.938809,5.308336,-41.081030,-39.939104,10.432033,27.142110,-0.082535,15.000035,10.511172,3.409853,29.793804,-25.354033,27.800446,-10.627724,63.961149,-42.745380,-12.498206,34.619039,65.832853,-121.772888,-90.399739,-25.017982,13.680017,-17.795262,-29.801195
182.000000,-26.188198,-30.966491,39.865866,-22.329252,25.472212,-38.240214,-89.954377,-9.519644,-13.125319,149.723293,-39.290018,5.490133,-48.710122,-38.795686,5.413277,21.053227,4.251620,15.000035,11.091317,3.762075,29.793804,-17.718064,28.945478,-8.543450,60.687276,-41.708625,-13.062255,36.212406,65.832853,-117.812362,-91.176079,-25.712969,12.599618,-16.379330,-28.526949
183.000000,-24.695683,-31.394321,36.917397,-23.607194,23.361612,-42.579031,-89.954377,-8.581268,-10.803429,156.701806,-35.538803,7.678184,-61.058155,-39.448912,1.868221,39.218553,2.038332,14.824714,9.655677,1.337983,29.793804,-8.397665,29.612593,-2.350856,57.936192,-42.242688,-14.062912,37.299909,65.832853,-124.125656,-96.579899,-22.841874,12.692553,-15.545709,-29.691242
184.000000,-22.704743,-32.403183,35.042551,-24.959664,20.813427,-48.451616,-89.954370,-12.645632,-6.261784,160.953913,-24.971998,4.835712,-72.878036,-30.563348,4.956269,72.698614,-4.724086,13.098757,11.315313,-1.255546,29.793804,-1.166049,29.877570,2.920685,57.287737,-42.320822,-14.064621,36.667843,65.832853,-129.001441,-103.290792,-21.778806,14.721908,-16.194577,-32.140288
185.000000,-20.278259,-33.242422,34.036136,-25.885239,17.001485,-54.732188,-89.954377,-15.105448,3.610540,158.861895,-17.856133,2.317716,-76.330431,-20.698467,0.863368,102.473376,-11.019253,13.869532,18.332299,-1.208049,29.793804,0.914839,29.469988,1.317893,58.844081,-42.021468,-12.385712,34.402071,65.832853,-129.001441,-106.975714,-23.774773,16.717411,-16.718736,-33.550808
186.000000,-19.006270,-33.817369,34.074157,-25.000843,12.690783,-59.797607,-89.954377,-9.714772,7.347217,149.097046,-19.847440,2.333850,-73.256087,-18.071888,-9.240671,125.474373,-24.726034,7.141157,25.880246,-2.261373,29.793804,-0.840126,30.230171,-1.371010,63.116228,-42.251219,-10.665057,32.280468,65.832853,-129.001441,-110.807907,-24.525512,15.111997,-16.030065,-34.317705
187.000000,-17.580052,-33.926851,34.525919,-22.730953,8.954487,-64.628672,-89.954377,3.693865,11.050162,129.073486,-22.506286,5.468207,-65.337255,-22.485937,-15.241041,137.096623,-40.180353,-3.339587,33.465704,-3.579750,29.793804,-3.776441,30.443635,-3.655553,66.976425,-42.281306,-9.349157,30.177142,65.832853,-129.001441,-113.371878,-23.643091,11.540501,-15.508510,-35.933212
188.000000,-16.436851,-34.195387,34.926486,-21.145040,7.707177,-67.417566,-89.954377,15.061284,14.354064,104.338462,-19.684979,6.130961,-60.982784,-23.922869,-15.887951,137.102510,-49.577495,-7.542143,37.237881,-4.623537,29.793804,-4.828399,30.426707,-3.998890,68.516810,-41.488048,-9.165730,28.381755,65.832853,-129.001441,-114.550161,-20.670820,8.805478,-15.710859,-38.033495
189.000000,-15.955256,-35.327932,35.545018,-22.046477,8.427419,-66.044075,-89.954377,16.731686,10.521671,82.050461,-10.631600,2.116199,-59.435507,-19.737133,-13.924538,137.545011,-46.559180,-2.560980,34.961392,-3.967691,29.793804,-4.677444,29.731919,-1.625333,70.365422,-40.413953,-9.385279,27.068395,65.832853,-129.001441,-114.370630,-14.344249,6.867970,-16.091634,-39.080389
190.000000,-15.648067,-36.946651,36.660075,-26.014538,10.086527,-63.321845,-89.954377,13.551376,-2.262152,74.289372,-7.919605,-2.193105,-58.900259,-12.587724,-13.661010,137.094601,-31.233598,6.030521,29.915843,1.217937,29.793804,-2.542177,26.595249,1.251965,71.975721,-38.932389,-9.194421,26.350607,65.832853,-129.001441,-109.028343,-5.868021,9.169005,-16.554581,-35.776206
191.000000,-15.429592,-39.058879,38.435429,-29.034787,8.583439,-60.988721,-89.600027,11.654088,-11.476573,85.676848,-9.528934,-4.578666,-58.081552,-8.842200,-13.271445,135.308192,-15.589154,9.492930,23.376657,6.402970,29.793804,1.593658,21.545589,1.759920,74.151136,-37.551738,-8.679675,24.919049,65.832853,-129.001441,-98.805633,3.840720,16.897354,-15.551982,-26.963113
192.000000,-12.337700,-40.908521,40.045974,-29.407124,6.612640,-58.251413,-88.396226,5.372130,-16.032884,106.418650,-14.303056,-7.046791,-55.271711,-14.422750,0.996364,130.202776,-13.433489,8.959764,16.153240,10.244695,29.529554,2.880411,16.280669,2.807707,81.869987,-34.905975,-7.564950,19.286653,65.832853,-124.659777,-87.050057,11.662859,27.274993,-13.219695,-16.446377
193.000000,-8.611284,-42.103329,40.403807,-30.447548,2.475699,-52.832053,-83.215070,-2.931518,-15.234011,127.747186,-18.723157,-6.254917,-51.540935,-23.956573,18.013844,116.855015,-13.598695,9.804366,9.602817,16.012455,29.231352,4.036617,12.058275,-0.122955,87.954265,-29.041090,-4.257157,10.646268,65.790247,-106.703353,-73.515300,14.466380,33.561968,-9.985691,-7.548474
194.000000,-5.974337,-42.840257,40.272349,-31.511210,-2.977079,-46.110407,-74.908256,-9.363951,-13.357213,141.999414,-18.992166,-4.333185,-44.829899,-30.785654,29.262788,96.204212,-12.652437,13.778468,6.439239,14.158508,29.718450,5.878046,15.143971,-9.994628,85.102101,-23.375738,-2.474693,8.587003,37.660403,-72.780877,-38.700620,18.353096,32.172684,-5.898332,-4.867353
195.000000,-3.720791,-43.592891,39.479348,-28.905599,-6.349419,-42.369043,-67.128103,-17.380308,-10.522581,145.787820,-26.729115,-6.261660,-47.232841,-40.670597,38.159772,71.117999,-8.816952,12.815218,0.867117,-9.520632,29.793804,12.864482,36.361605,-7.692000,71.564270,-13.871023,-1.603193,10.025365,0.891542,-32.552395,1.320120,44.845106,23.220536,-3.562487,-14.488576
196.000000,-2.439595,-44.633862,37.709436,-27.310200,-7.333234,-40.010176,-63.968806,-18.930235,-9.964535,147.931379,-40.410462,-6.057331,-51.021875,-46.902544,40.616341,45.749065,-1.454473,11.386590,-6.132321,-8.330763,29.793804,14.382536,36.673669,-5.882659,51.053110,-7.878680,-5.153362,13.620454,1.936413,-25.519067,2.627716,62.670729,26.860516,0.161401,-7.276277
197.000000,-1.649483,-45.935917,35.419384,-26.105767,-6.486945,-37.364991,-68.635492,-13.160767,-6.653004,153.241591,-43.670365,-0.833689,-53.266408,-48.481417,38.333091,24.625716,6.767911,13.007831,-12.007066,-1.758561,29.793804,10.139429,35.394710,-6.069342,29.138888,-10.563591,-8.109986,20.054115,6.677268,-23.421569,0.513121,72.817903,33.971189,2.907299,-2.238751
198.000000,-0.929914,-46.820003,32.982481,-25.054360,-5.936785,-38.982456,-74.383089,-7.581599,-2.634826,158.218259,-41.732589,2.596244,-59.555486,-42.605958,32.843760,12.389666,11.881441,14.937340,-16.215871,3.791449,29.793804,1.259679,34.653334,-4.234150,11.104212,-7.513388,-10.439653,25.453479,11.929660,-21.717589,-3.519114,72.910487,43.252129,1.962445,-2.475297
199.000000,-0.552346,-47.151211,30.514282,-22.544607,-8.260414,-43.178927,-77.935006,-7.089977,2.370408,161.343753,-39.704204,1.064290,-67.746433,-33.030962,22.305432,9.859146,13.284323,15.000035,-20.721749,3.696134,29.793804,-14.074145,36.538452,-2.566505,-1.520541,-1.729857,-10.875394,30.463122,13.293535,-21.374252,-3.664414,69.452423,47.755785,1.792248,0.751056
200.000000,0.200547,-47.093955,27.964011,-19.255752,-13.105372,-45.927032,-79.162944,-7.309993,9.593067,163.210416,-39.710833,1.344153,-74.570031,-26.920159,11.591938,12.825525,15.677610,14.710013,-27.083201,0.262627,29.793804,-35.826070,42.278868,-6.755989,-7.988371,6.327891,-8.293147,33.891822,10.365814,-22.528725,-0.653690,65.752319,56.286575,0.651716,3.314881
201.000000,0.549696,-46.784607,26.534730,-16.258069,-17.093422,-48.676233,-78.686921,-5.087895,15.212141,163.420950,-40.596179,3.520310,-79.269181,-19.005474,2.081457,20.272048,19.216473,9.465504,-32.332063,-1.512301,29.793804,-59.897160,44.225489,-18.526316,-7.294415,14.907750,-3.402300,33.693972,5.310339,-26.218559,4.729821,63.890826,56.314326,-0.013048,3.923322
202.000000,1.229054,-46.191654,26.926860,-13.148408,-19.193711,-50.725830,-76.815463,-4.106482,20.357206,161.135378,-41.494373,5.221035,-81.008065,-10.004660,-1.175246,28.043963,17.590406,6.456245,-38.405570,-0.300091,29.793804,-75.730323,43.885560,-27.046212,-3.250650,14.102635,-2.697472,31.721670,1.456745,-30.893478,6.678153,59.955824,58.613289,-2.252494,0.819148
203.000000,2.102951,-45.678857,29.513001,-9.114505,-21.444517,-52.983151,-71.327194,-3.656909,26.032117,155.042835,-41.792042,6.051682,-78.953585,-3.152033,-4.054615,33.069420,12.986306,3.773773,-45.814887,1.789928,29.793804,-80.516900,38.167643,-34.369560,1.391352,12.838256,-3.242272,31.486851,-7.409317,-35.192546,9.408904,60.162396,51.769395,-2.901467,-2.363540
204.000000,3.463656,-45.214915,33.543512,-3.954381,-26.380795,-58.100710,-64.871217,-5.445201,33.793471,145.211502,-38.353889,1.771687,-74.550320,1.917785,-6.417278,37.425011,5.704650,1.116845,-50.176499,3.535959,29.793804,-79.783085,31.981917,-40.580070,9.799019,11.274081,-4.207927,28.511993,-19.275453,-38.824462,12.719693,61.914121,45.699863,-2.938880,-3.648249
205.000000,5.788355,-44.211593,38.012406,0.356236,-33.555895,-68.307600,-67.213590,-12.690427,41.152740,133.139115,-27.713262,-12.936629,-72.056959,6.783638,-6.612587,48.649119,-1.104837,-0.603883,-48.462747,3.324758,29.793804,-78.312196,25.066953,-45.855517,22.195337,5.039242,-5.547568,22.362702,-31.775420,-42.003065,19.127327,63.187521,42.574314,-2.728884,-4.134328
206.000000,7.710363,-43.776897,42.864609,6.473709,-41.047073,-77.650946,-67.387575,-12.223457,40.432497,122.373494,-21.146525,-14.895881,-72.446369,9.432363,-3.816667,63.347559,-7.547736,0.111296,-45.177764,0.760781,29.793804,-78.411665,20.609655,-49.885420,36.532746,-6.519912,-7.177885,16.953528,-45.322062,-41.655889,26.203700,63.764665,41.240856,-3.379144,-7.236835
207.000000,5.685263,-45.335454,46.291625,17.856647,-50.203052,-83.609304,-59.615080,0.845881,25.670168,111.276240,-17.434941,-13.357783,-74.079883,12.498752,0.774065,76.388282,-14.070290,-1.083326,-40.126265,-3.029917,29.793804,-79.879274,20.182488,-52.138526,50.387846,-17.376428,-6.298243,12.821707,-58.004869,-38.346540,32.060471,62.446855,39.707824,-5.188569,-12.947050
208.000000,5.009634,-45.932794,48.546425,27.213976,-55.833943,-92.261243,-53.120003,22.435720,19.118343,98.962618,-13.284248,-1.868519,-77.055640,13.305400,0.779270,88.653690,-19.376557,-3.075532,-33.563686,-6.695596,29.793804,-80.570414,22.101264,-50.950694,62.521728,-29.917116,-4.859672,11.103759,-68.615220,-32.414018,35.277104,60.925506,37.966143,-7.034421,-18.307070
209.000000,4.845659,-46.946779,50.483042,35.085794,-61.491112,-105.547840,-46.665645,29.788248,10.202149,84.220945,-10.025580,-0.015134,-79.786882,12.642690,0.780248,96.255745,-22.803340,-3.372569,-23.071756,-10.959418,29.073124,-81.350490,26.002735,-45.425894,69.418559,-38.601115,-6.070963,13.366998,-76.664687,-26.556358,36.153704,58.564460,35.318946,-8.463989,-20.048714
210.000000,4.618261,-49.068502,51.214159,42.766417,-66.004897,-121.512741,-33.772000,22.370881,-5.954585,75.428750,-11.579887,-4.379965,-82.068158,15.684971,0.512649,95.431062,-24.252701,1.659956,-8.983191,-13.904284,26.987114,-77.527640,32.956165,-40.738704,63.657226,-40.493214,-11.118247,23.406992,-80.563830,-21.896154,37.482374,54.983016,31.875711,-9.602813,-24.402220
211.000000,4.283340,-51.159722,50.251108,45.982627,-67.527533,-139.601089,-12.728957,8.178384,-20.081386,74.267434,-13.074068,-9.559985,-82.470942,22.967988,-1.377995,89.375348,-24.422467,12.112266,8.624576,-15.848674,27.704666,-74.567620,38.040284,-35.672278,55.432740,-38.705265,-11.417505,23.674281,-81.058609,-21.258400,37.508336,49.563725,30.231373,-9.923759,-26.796335
212.000000,4.049627,-50.751686,48.513839,44.753542,-68.133874,-154.748111,2.507947,-4.052286,-26.481516,77.718250,-12.582653,-9.278493,-84.331116,29.490701,-9.096787,86.481253,-24.380678,15.000035,22.566989,-18.261757,28.356048,-71.845291,41.184832,-37.007970,50.509631,-36.108256,-12.180006,28.940580,-79.786390,-21.716141,37.887397,45.430023,29.563958,-9.758796,-27.043270
213.000000,4.180038,-50.559545,47.694877,44.722821,-68.572232,-162.753358,6.271855,-7.983105,-25.572076,86.502065,-14.806076,-7.534307,-85.509638,28.941100,-15.807636,86.588753,-22.899420,15.000035,28.468821,-19.770703,26.261937,-67.183223,43.864219,-36.749857,45.615172,-34.493671,-12.324430,31.422449,-77.908710,-21.313090,38.727220,44.038253,30.488868,-9.298058,-24.768441
214.000000,3.813327,-51.075125,47.428331,50.611111,-68.953938,-156.211554,5.073354,-7.783194,-27.904028,96.031941,-17.294867,-9.843223,-84.468239,24.114659,-17.355987,85.283436,-24.118750,15.000035,26.704817,-20.298810,24.051451,-66.086677,45.372923,-38.080446,42.481246,-32.894058,-11.933423,32.753851,-76.516492,-22.319880,40.286614,43.661216,33.357018,-9.438897,-24.149315
215.000000,2.936354,-50.816900,47.589287,52.467237,-68.542899,-152.561853,5.095869,-5.855408,-28.916890,99.951363,-22.209229,-13.620062,-82.290331,27.653044,-12.263042,81.524981,-26.518551,15.000035,25.716205,-22.206466,24.161232,-67.257815,45.861828,-39.160504,41.614731,-31.938282,-11.850867,32.473055,-76.183787,-22.240300,40.996633,44.806031,36.495545,-9.178208,-22.932799
216.000000,2.429481,-50.982803,48.147029,51.957197,-67.764726,-150.393631,4.348435,-0.809759,-29.617097,101.031646,-27.752983,-14.752034,-79.861379,28.181205,-6.487850,80.457484,-28.610807,15.000035,23.987339,-23.783641,24.704507,-69.479901,45.457911,-40.250011,42.773524,-30.824278,-11.257245,30.769039,-76.102405,-21.910900,41.163515,47.055342,39.684823,-8.998559,-20.597511
217.000000,2.586716,-52.131647,49.533427,51.459683,-67.305607,-144.199775,-3.326452,5.294331,-29.279757,103.455502,-29.295381,-14.697732,-80.007156,19.967621,-3.436688,83.446859,-27.974626,13.101978,19.131749,-23.602750,26.237550,-73.664205,43.439559,-42.799458,45.073938,-30.290745,-10.115750,29.572936,-75.922450,-24.476972,42.275015,47.721951,43.277052,-9.603229,-19.594382
218.000000,2.542331,-51.554799,51.320875,50.446480,-68.420221,-135.626882,-19.123814,11.783856,-24.636258,105.684255,-29.980285,-14.749450,-81.910982,7.147588,-8.317274,88.827355,-28.015655,-0.356032,13.026128,-23.565836,28.298847,-79.372720,40.226447,-46.613473,48.029730,-30.622098,-8.974626,27.970887,-75.574185,-28.950973,43.694752,46.914599,46.183827,-10.899629,-20.780166
219.000000,2.628296,-50.858325,52.674556,52.345899,-69.372360,-121.546706,-39.206348,14.390783,-15.145605,108.662087,-32.446513,-14.956004,-86.083804,0.579638,-9.725490,94.714725,-27.946424,-6.553749,4.810811,-23.315971,28.703173,-84.313337,36.170527,-51.247644,51.617645,-30.306386,-7.303436,22.695996,-73.439451,-33.197902,42.963724,46.274976,49.032436,-11.392780,-20.493153
220.000000,3.032967,-49.443394,53.029126,51.709878,-67.663701,-105.320617,-57.512952,9.292265,-3.877354,112.634744,-31.015421,-14.994043,-89.954322,2.223487,-8.108045,97.811075,-27.353683,-1.800230,-6.177759,-21.776286,29.284590,-88.355792,30.634747,-56.094899,56.883899,-29.193202,-5.311229,13.066444,-69.224206,-37.457936,40.094150,46.294114,51.679148,-10.321744,-15.461552
221.000000,3.388130,-47.618055,51.777893,44.503890,-62.265682,-95.163733,-70.243933,5.362379,9.858134,117.900417,-29.285252,-14.939721,-89.954377,2.348066,-12.007333,95.793280,-27.498376,0.799538,-17.438762,-18.054041,29.793804,-88.003046,26.861698,-60.967935,60.235445,-26.330456,-3.613344,3.045216,-62.709770,-38.887498,36.970250,47.189934,52.500891,-9.035862,-11.457614
222.000000,3.147068,-45.924237,48.825639,37.079873,-55.301643,-86.037855,-78.774559,4.581696,24.786914,123.251187,-29.830038,-14.892150,-89.954377,2.673524,-16.192942,86.132169,-26.180009,2.032533,-28.359364,-13.538232,29.793804,-84.466415,27.362385,-66.118451,57.421032,-22.533520,-4.293633,-5.624227,-55.125115,-38.110833,33.155381,47.851325,50.468906,-8.069840,-9.208768
223.000000,2.755689,-44.684103,45.021233,30.839135,-47.876156,-79.034534,-84.760086,3.680437,39.972309,126.176448,-31.225347,-14.955889,-89.954377,7.256968,-14.777283,63.555750,-17.275782,5.089301,-36.542011,-9.537529,29.793804,-80.470243,34.013912,-70.332644,47.141006,-19.413691,-7.226057,-10.244314,-47.037655,-35.929462,29.170153,47.196136,47.073814,-7.722657,-7.028404
224.000000,2.519464,-44.419825,39.968508,25.042309,-40.742365,-72.707684,-89.807808,-0.348288,49.989103,126.806382,-31.863871,-14.939864,-89.243040,14.226998,-0.244846,38.176171,-13.173651,7.497410,-43.043408,-6.366458,29.793804,-78.319375,43.786840,-71.524805,33.721586,-15.373825,-12.640313,-8.143104,-38.034233,-33.230469,24.572898,45.782041,42.202950,-7.695467,-5.851300
225.000000,1.099688,-45.183223,34.954745,18.730812,-36.080717,-67.257999,-89.835791,-5.366638,50.356400,128.903319,-34.335159,-12.442626,-87.556598,9.670827,3.241715,29.838740,-2.050502,2.302362,-47.854757,-6.330737,29.793804,-74.315764,54.717916,-66.717131,21.112559,-13.295823,-16.697273,-1.190780,-28.497518,-28.633596,20.391969,45.196707,39.040378,-8.390205,-9.056152
226.000000,-0.101562,-46.197468,29.919621,12.784384,-31.192430,-62.091960,-89.797160,-8.461740,48.287245,138.867335,-43.659088,-4.336527,-88.307345,6.366691,5.384583,30.774343,6.948703,4.997519,-50.319510,-7.498660,29.793804,-68.828035,64.819267,-58.318170,13.234006,-12.422354,-18.246666,11.661645,-19.858048,-23.400226,17.066520,46.324614,39.565384,-9.130685,-9.486492
227.000000,-1.055750,-47.355998,25.753701,7.100388,-29.040147,-58.459522,-89.880775,-8.186363,47.390646,148.492124,-46.186880,2.099813,-87.279149,0.315828,0.083646,33.278464,17.077565,4.848995,-49.035759,-9.867352,29.793804,-64.022184,73.022468,-47.962394,9.131203,-9.672383,-18.625173,24.028240,-11.304068,-21.611185,16.624137,46.819424,42.877913,-9.409679,-9.185041
228.000000,-1.278262,-48.452753,23.495476,1.662467,-31.156551,-57.219615,-89.954377,-10.670487,47.340273,153.710894,-44.459177,2.328369,-83.162123,-6.897388,-6.231473,34.772169,25.724277,4.676539,-42.800134,-12.891121,29.793804,-56.981242,75.404694,-35.478403,8.071561,-8.077015,-17.949980,28.726171,-0.528199,-21.682299,13.898524,44.080747,44.479708,-8.271626,-7.452151
229.000000,-1.208238,-49.563739,23.424418,-1.279847,-33.095832,-57.101560,-89.954377,-14.123998,47.281339,155.315688,-40.664470,-0.589056,-81.543033,-6.575348,-2.894999,38.644367,24.555708,8.470380,-33.458296,-12.754267,29.793804,-42.549435,71.719384,-21.668119,8.411968,-5.511294,-16.505360,31.344175,8.612540,-19.778648,8.575757,43.720649,45.594552,-7.633008,-5.085860
230.000000,-0.735998,-50.301397,25.502953,-2.194395,-32.698652,-58.115060,-89.954199,-15.710938,47.082738,153.759238,-31.459452,-3.752805,-82.864927,-5.396082,-1.015165,46.752126,18.265345,9.240807,-22.472975,-8.790832,29.793804,-27.693311,62.615773,-13.746341,11.253170,-4.149590,-14.762052,27.979660,13.101451,-17.461046,4.980809,49.514077,48.133928,-7.676518,-3.329112
231.000000,0.023708,-50.890589,28.579447,-4.404450,-29.612298,-58.351971,-89.841877,-16.197777,45.826717,151.215935,-17.492478,-6.420034,-85.075156,-1.742136,3.476881,59.312195,11.978176,10.611051,-13.877024,-3.338237,29.793804,-15.803707,51.710652,-13.415019,18.400919,-2.971242,-11.640810,19.477912,13.916253,-16.312338,2.406667,60.389992,52.073741,-4.936440,0.524126
232.000000,0.507877,-51.720810,31.611890,-8.041380,-25.769793,-55.968668,-88.765405,-15.429799,41.698383,148.691675,-2.663225,-4.566097,-87.006187,3.863023,8.546000,78.079499,3.930700,12.091703,-9.236664,0.416002,29.793804,-6.443581,41.362523,-16.506747,30.349051,-4.113005,-7.855605,10.154691,11.665154,-17.225315,-1.914379,73.894464,57.218178,1.597421,8.267573
233.000000,-1.534435,-53.534043,34.390476,-8.285774,-25.146376,-50.637105,-88.033120,-13.035822,23.405735,144.348002,-2.163079,-2.659131,-87.956225,8.225863,12.790550,97.811704,-4.604813,12.864351,-6.879247,1.583389,29.793804,1.786591,31.180326,-19.235657,44.399652,-6.197413,-3.626053,3.657191,9.399900,-20.064044,-1.014514,79.318816,50.378089,3.903372,1.559370
234.000000,-4.214570,-55.960470,35.878834,-8.565947,-24.124993,-46.727598,-88.360969,-3.991347,2.704676,135.455601,-5.663557,-0.697281,-88.674994,8.972082,11.751354,116.257688,-11.311306,9.920209,-5.371706,0.525094,29.793804,9.745372,23.743971,-20.401403,57.337457,-10.515026,-2.941411,-0.869924,6.393105,-21.850567,7.287108,76.339508,25.239448,0.693723,-9.968687
235.000000,-5.705233,-57.454205,36.377421,-9.820569,-22.493217,-46.028331,-89.842191,3.650894,-5.733953,121.068272,-7.627193,0.497968,-88.916400,9.400780,8.019565,131.829030,-14.133266,6.293307,-1.961488,-2.127452,29.793804,16.759167,19.505456,-20.578054,65.337535,-16.698496,-2.920220,-0.893199,0.995438,-22.363829,8.191489,71.898717,24.375205,-2.683482,-19.518876
236.000000,-7.046895,-58.229268,36.286476,-10.020620,-20.700806,-46.060281,-89.887065,4.647438,-9.106491,101.531015,-6.106798,-3.479156,-88.949752,11.267733,2.707986,142.160238,-12.982812,4.772991,3.296640,-4.568452,29.793804,19.193050,15.410462,-16.412787,72.544607,-22.778778,-3.319776,2.414424,-5.861968,-23.393290,4.436826,67.146784,35.159478,-5.993843,-18.328521
237.000000,-8.373001,-58.872306,35.416937,-10.299736,-18.529134,-44.799007,-88.705798,4.565107,-11.364883,79.084998,-0.166431,-7.939840,-86.704948,12.758148,-2.957854,145.505910,-10.561397,5.488122,8.314452,-6.062689,29.793804,18.104484,12.960676,-8.496163,78.221000,-31.000603,-3.739631,7.262497,-13.097235,-27.360701,2.118606,63.178908,40.501345,-8.763547,-16.705837
238.000000,-9.303810,-59.120566,33.836827,-11.084725,-15.194358,-42.292686,-87.440635,4.287685,-12.373219,55.701296,7.426975,-10.816673,-84.524971,16.575838,-4.691368,144.970779,-21.016333,4.738930,12.034617,-7.162971,29.793804,14.786924,12.728431,0.707207,80.950405,-40.616615,-4.504626,12.876420,-20.560867,-34.522484,1.401215,58.258358,42.461148,-12.522679,-20.139636
239.000000,-9.802883,-59.200865,31.599912,-12.562485,-12.072032,-40.856263,-86.167536,4.818441,-12.613312,36.022763,9.572609,-12.128704,-85.405778,17.436687,-5.359078,146.331858,-33.393102,1.617746,15.943596,-8.203814,29.793804,11.517442,14.362564,7.046294,80.861011,-46.813440,-6.213779,15.845496,-27.441482,-44.523080,2.173952,52.386598,41.677869,-16.228342,-23.026719
240.000000,-10.434660,-59.874064,29.018146,-15.557103,-9.542605,-38.516796,-85.914040,5.565487,-9.350129,24.750666,6.552887,-10.575613,-88.746383,15.923903,-9.716953,148.437113,-37.169804,-0.967932,18.706271,-7.792038,29.793804,9.387791,17.102812,10.904693,79.730314,-50.464327,-10.173215,18.260792,-34.794555,-57.314651,3.332441,47.349955,39.279107,-19.850446,-26.081197
241.000000,-11.153408,-61.119735,26.729220,-21.458077,-8.096018,-33.823768,-85.999779,4.650797,-3.016350,23.731511,4.530256,-6.752222,-89.954377,14.510740,-16.455893,149.538181,-38.608631,-2.934718,18.536462,-3.422686,29.793804,12.113730,17.862495,10.275954,72.713982,-56.111319,-16.364843,20.015931,-45.399759,-71.934241,7.156433,43.484720,35.191184,-21.167330,-28.169672
242.000000,-11.874363,-62.477690,25.492460,-26.727217,-6.822781,-29.712199,-85.363178,5.155271,3.100492,25.581435,6.262226,-1.604251,-89.954377,13.693021,-22.732405,148.791518,-40.660939,-4.335827,20.297022,0.472405,29.793804,13.735564,22.584975,5.469366,67.602644,-53.621455,-15.553628,20.943710,-57.784329,-83.829159,12.337556,36.841607,30.856711,-21.901802,-30.618348
243.000000,-12.588727,-63.400930,25.638244,-28.410000,-4.761049,-26.482738,-83.689563,8.310677,12.911609,26.518681,5.845131,5.828008,-89.954377,9.907354,-26.502647,147.112603,-41.718007,-6.084009,23.837224,-0.993513,29.793804,11.254118,29.233275,5.235827,63.865732,-52.709939,-14.861436,22.371019,-69.606854,-91.578828,17.427523,26.551069,26.666551,-22.722013,-33.064877
244.000000,-12.867682,-64.218968,27.329460,-27.178459,-2.682760,-25.476085,-80.629680,10.723698,18.299694,25.442832,9.268323,6.471381,-89.085112,7.296031,-28.486612,144.574764,-40.244912,-6.971896,28.206574,-7.464236,29.793804,7.911076,36.225903,8.375559,62.700713,-49.191777,-14.163852,22.499278,-80.813091,-93.538976,25.363052,14.883694,21.703170,-24.460746,-36.417431
245.000000,-12.829541,-65.310282,30.334225,-27.178962,-1.910424,-22.447401,-78.240357,10.568396,20.078649,32.515413,3.109985,6.228244,-82.998580,4.880068,-30.983097,140.577724,-38.562886,-5.453113,28.193739,-14.014073,29.793804,6.215131,42.305625,15.202582,62.365569,-43.241723,-12.818225,23.127335,-95.997100,-92.312991,42.446569,8.255773,13.158996,-23.474628,-35.225232
246.000000,-12.416037,-66.716075,34.127012,-29.255219,-1.546355,-15.981247,-76.867086,10.767916,22.979224,46.925852,-6.729858,11.893326,-75.184414,2.515996,-34.496147,135.046883,-35.006775,-0.897375,24.571609,-18.158145,29.793804,5.096416,46.908974,21.641461,60.325201,-37.805568,-11.484918,25.160504,-108.731195,-92.234820,62.129586,7.190347,6.513928,-22.378435,-31.020633
247.000000,-11.399905,-68.365651,38.268766,-32.823437,-1.833761,-8.484307,-75.340484,9.098620,21.875942,59.359002,-14.219183,10.905447,-68.527349,3.536040,-38.240163,127.988169,-28.781307,7.588216,22.005780,-19.790113,29.769253,2.291736,51.381642,25.176750,57.917409,-32.141050,-11.271468,25.788574,-107.841331,-98.860001,74.155705,6.422581,3.000739,-23.021009,-28.593984
248.000000,-10.395595,-70.828778,42.319000,-37.351715,-2.635832,0.372150,-74.054864,9.745511,23.209673,69.928624,-19.169769,9.681352,-66.368347,6.012864,-43.516696,119.938955,-17.586812,14.934531,18.994891,-17.848425,29.793804,-4.488959,54.938118,24.758522,57.309255,-27.021970,-10.171936,24.320412,-98.810537,-109.179884,80.153561,7.658784,1.760128,-22.932724,-26.087143
249.000000,-9.073878,-73.148036,46.509492,-43.186402,-3.578550,11.422029,-71.306806,14.464073,27.262172,78.006737,-23.241394,13.927371,-65.590293,6.519451,-44.843392,112.803129,-7.224330,15.000035,10.920672,-10.525331,29.628708,-12.224777,54.279083,22.907324,59.701925,-24.470597,-9.619596,22.639599,-87.706527,-117.720865,80.214090,14.088593,4.790213,-22.480420,-23.470895
250.000000,-7.275975,-71.802717,49.526268,-52.800462,-5.340147,23.283569,-69.785668,12.606715,22.644107,78.817159,-23.798819,14.784088,-62.273150,6.464606,-30.465031,108.206705,-3.240637,14.916944,-2.838161,1.194647,28.556546,-14.453754,51.661198,21.423372,64.745112,-24.816987,-11.011167,21.779154,-81.378890,-120.739057,80.214090,27.289923,11.719759,-20.064473,-19.147356
251.000000,-5.672844,-71.513474,51.577699,-61.572306,-9.028641,36.791751,-71.218137,4.584285,11.657693,75.925237,-21.911045,11.199071,-63.484573,11.640859,-13.404793,108.248451,-1.604954,14.805542,-20.476485,13.446738,28.719549,-12.507325,48.227361,19.602250,69.429071,-25.828965,-12.490304,20.582505,-78.607104,-119.233383,80.214090,44.880900,22.168236,-14.955713,-10.622375
252.000000,-2.988541,-71.427631,53.514391,-69.810504,-14.054193,49.625798,-73.099061,-2.005676,2.248709,72.500327,-22.811587,5.739686,-65.930655,21.317685,1.070181,113.964261,-2.584621,14.751542,-38.200975,25.405739,29.675126,-9.478209,44.568562,16.485099,72.382404,-26.459181,-13.034251,20.317914,-77.403706,-118.202830,80.214090,61.943348,30.385586,-7.945041,-1.625208
253.000000,-0.168191,-70.711106,55.006957,-72.682088,-19.970877,61.184563,-70.956281,-6.289592,-1.776094,69.293328,-23.296116,1.570672,-65.139364,27.310318,14.592197,123.334666,-4.743548,11.069200,-56.067134,27.478628,29.793804,-1.619264,45.340852,16.572257,74.338830,-26.739427,-13.062604,19.957051,-68.901739,-111.542207,80.214090,75.917826,30.980215,-1.072641,8.135520
254.000000,1.374753,-70.417327,56.069010,-75.111917,-24.300261,65.399895,-69.422603,-7.357390,-7.281368,65.832553,-26.009497,-2.779553,-70.987959,29.610841,25.399059,127.366267,-9.674123,7.883910,-65.683272,27.813198,29.793804,5.903087,46.494331,17.006963,75.226761,-27.090706,-13.301393,18.820040,-57.441242,-105.173841,80.010960,82.042894,30.151542,2.603068,13.399500
255.000000,2.159306,-71.114028,57.450902,-77.142410,-25.449381,63.766265,-68.153977,-6.129828,-12.920748,59.572562,-26.836093,-5.603022,-82.344918,29.787292,27.962354,120.619379,-16.088606,8.589503,-65.959062,24.222200,29.793804,12.318840,50.895489,19.910191,74.523415,-26.735966,-13.751290,18.773161,-41.220045,-93.222021,69.972535,84.141531,32.189920,3.087564,13.624368
256.000000,2.494374,-72.037762,59.298539,-72.959642,-25.242186,63.249149,-62.077738,-4.532941,-12.936027,52.679572,-19.076928,-7.331070,-88.933127,26.448972,20.673149,106.457869,-20.028582,13.166408,-46.082576,4.654891,29.793804,12.429271,77.340308,25.233657,72.419239,-24.789707,-14.128909,16.756973,7.709414,-52.205298,23.455419,79.732589,32.176130,-6.388948,-1.484476
257.000000,2.401056,-72.034591,61.587828,-65.823362,-23.195775,59.029469,-53.295283,-0.545431,-6.953043,46.972338,-15.577177,-7.906807,-89.954377,20.207608,3.786012,85.681247,-18.716346,12.630847,-29.709315,-4.630750,29.793804,-4.086600,89.095726,12.484978,75.609456,-21.759120,-12.149583,11.300994,20.614681,-41.422054,15.659612,62.893079,25.409434,-9.119714,-9.312739
258.000000,2.340778,-72.555351,63.304585,-64.262217,-17.567344,55.760597,-54.406497,-2.886148,-2.744391,44.972120,-13.987113,-6.486626,-89.954377,12.068976,-17.277583,63.151314,-10.825064,11.946783,-25.138417,-9.314717,29.793804,-18.739531,92.952195,7.566108,82.716166,-16.443197,-9.386934,6.523543,14.842334,-45.135314,18.123625,53.006728,25.494492,-11.832317,-11.869475
259.000000,2.745760,-73.077595,63.689643,-61.374389,-11.121670,58.964760,-58.830366,-9.537079,7.211145,51.247821,-11.996175,-5.465774,-87.234083,9.192101,-28.384545,46.683274,-4.203508,13.387195,-25.924309,-12.635262,29.793804,-42.866995,90.923430,-4.269706,85.556398,-10.873588,-7.856438,11.693510,10.396133,-52.861498,17.604838,48.592250,19.483335,-16.539624,-18.862785
260.000000,3.409250,-73.219615,63.664299,-55.362767,-8.941998,65.229236,-59.710716,-14.710925,18.044865,65.526403,-9.121363,-7.831960,-80.615268,5.130093,-29.749722,43.889474,-13.910040,7.141577,-22.090886,-13.356782,29.793804,-71.954110,73.472639,-30.951771,83.749860,-4.610435,-8.413201,27.350412,20.476986,-56.568675,8.594156,53.221630,9.388999,-19.606813,-27.600856
261.000000,4.048222,-73.760706,63.695771,-54.844058,-9.745844,69.857024,-64.162913,-13.598826,24.745019,84.223821,-9.432350,-12.263312,-81.748499,2.590038,-26.174639,45.732447,-17.885185,3.374877,-18.729379,-8.783634,29.793804,-78.925493,55.043514,-46.969063,76.767542,0.788321,-9.478455,34.543525,29.043945,-56.617890,2.852680,62.470017,11.791604,-14.966746,-23.775323
262.000000,4.353284,-74.263841,65.070736,-56.356832,-13.688447,75.415422,-69.245230,-9.268338,25.700077,101.964274,-15.199527,-10.601285,-82.168337,1.240676,-21.590532,42.397658,-15.238903,3.749166,-22.453617,-1.741261,29.793804,-77.586141,42.196161,-56.688545,65.205316,1.072539,-10.001050,31.593443,32.322040,-58.808345,1.005401,68.382563,9.683935,-10.759541,-19.821180
263.000000,4.485450,-74.522668,67.557824,-58.026271,-16.967068,80.996721,-75.241255,-4.718481,24.065217,110.624927,-15.247651,-8.629784,-78.718272,1.855223,-11.456555,30.279195,-10.280855,5.824663,-29.602699,1.393704,29.793804,-77.744328,31.764119,-63.753068,56.718458,4.743469,-9.710644,21.469168,32.151818,-58.963609,-0.974508,63.570264,11.026796,-10.912793,-18.082408
264.000000,4.381098,-74.387687,70.591217,-59.351931,-18.617293,85.305117,-80.442608,2.908670,21.799350,109.070253,-17.251306,-2.745293,-72.028313,1.278206,-1.120061,14.086608,0.036952,9.547277,-37.723043,1.285311,29.793804,-78.972751,21.651333,-71.402149,52.514668,8.648327,-9.889801,13.292858,29.361467,-58.865097,-0.161959,50.576216,16.656361,-13.854614,-14.884049
265.000000,3.655689,-74.027681,73.123461,-59.030161,-19.094485,87.875632,-84.093364,8.935806,19.709880,98.615036,-21.933595,1.411814,-63.479764,0.684064,11.076212,6.961909,5.116576,14.503847,-44.243377,-0.834160,29.793804,-78.873727,10.772918,-75.422145,52.024243,13.509510,-11.259839,7.488291,25.952265,-57.705038,-0.093904,35.017803,17.199229,-15.594556,-8.048706
266.000000,3.131444,-73.525494,74.900228,-56.300963,-18.678930,87.749443,-84.909039,12.396548,13.728414,80.095975,-22.730149,0.418973,-52.340081,3.648339,22.547662,16.869654,2.827505,15.000033,-45.722663,-4.498916,29.793804,-78.189267,-1.803125,-77.269841,55.444645,18.691289,-12.616292,2.816988,24.371312,-54.327393,-1.441115,19.129254,18.355447,-17.267755,-5.257555
267.000000,3.106917,-72.567272,75.454479,-49.760380,-17.076608,86.698893,-76.747434,17.605981,8.151295,56.407093,-21.760397,-1.813386,-36.580144,5.432489,26.301568,32.846595,-0.277821,15.000035,-43.698222,-9.955339,29.793801,-78.293987,-13.966267,-75.620617,57.490003,23.432636,-13.056222,-0.791757,23.794333,-50.430415,-4.789705,5.035443,16.562027,-18.993397,-7.983276
268.000000,2.997274,-71.304899,74.773037,-40.158108,-14.607787,80.661269,-61.217319,28.262718,7.585810,44.289979,-27.825822,-5.277747,-18.880779,2.187630,27.247728,48.500466,-2.452595,15.000035,-35.318304,-16.495429,28.340641,-75.837701,-20.532747,-70.063268,50.458832,22.030678,-12.829410,-1.300094,25.812583,-45.155197,-10.682447,-7.623731,9.698668,-20.213959,-15.885000
269.000000,2.575197,-70.719957,73.888892,-33.670620,-13.028906,72.950182,-52.276690,36.778923,11.353280,51.849697,-35.669727,-4.396188,-8.550394,-3.380005,30.127374,66.785795,-6.118280,14.909970,-27.783307,-19.874221,23.762129,-74.292535,-16.801867,-62.979542,34.577645,9.896087,-8.101596,-0.656287,26.666845,-40.336737,-16.598838,-18.403916,-2.680256,-23.994431,-40.442940
270.000000,3.007147,-70.795190,74.423003,-31.999116,-13.153737,64.572438,-46.432405,44.204236,14.409558,53.118504,-35.683207,-2.218027,-6.734493,-2.826406,28.851867,88.937553,-13.254036,14.769104,-22.985246,-20.435088,18.538281,-74.235058,-2.677784,-57.276600,15.512787,2.371642,-8.010213,0.478902,21.996486,-37.399729,-20.873002,-25.787864,-6.023898,-19.133095,-35.258150
271.000000,3.845867,-70.840389,76.118785,-33.771561,-14.436955,50.850681,-38.806000,54.706871,15.572683,50.844075,-32.227322,-1.230483,-12.847584,0.756762,21.014663,110.404236,-18.117746,11.413823,-16.630821,-18.438543,12.006264,-71.726965,17.567105,-52.876179,-0.507431,4.218543,-14.178452,5.471550,14.523793,-38.510768,-20.103564,-31.563571,3.927718,-16.101713,-15.939612
272.000000,4.522495,-71.121603,77.896780,-37.655571,-13.260765,32.958865,-29.129514,64.762016,15.738294,51.253470,-24.918284,-2.127758,-25.246438,2.135917,6.973111,124.512942,-19.944847,4.137689,-8.061044,-15.535499,2.092724,-65.121885,38.059914,-49.019619,-12.240919,0.423921,-15.100005,9.458895,9.265935,-42.950900,-17.285440,-36.532404,7.248332,-16.502736,-9.684184
273.000000,5.515114,-70.609796,79.165781,-35.109647,-9.422589,20.203348,-17.461597,57.169568,8.106536,55.192225,-20.653623,-3.392989,-29.347667,-1.451890,-6.483258,121.536140,-24.570639,5.067794,-2.555780,-18.386521,-6.389032,-56.934179,57.978040,-43.906345,-19.425652,-3.816404,-16.860628,10.498229,4.649270,-48.179789,-13.678550,-38.242086,2.667723,-17.552152,-11.875879
274.000000,7.113458,-69.603610,80.202979,-25.680345,-8.754442,10.162092,-0.088862,30.869491,-3.334051,49.994721,-23.034507,-4.550093,-26.764153,-5.963293,-9.511096,105.318997,-26.586559,13.605663,1.582170,-25.659482,-10.424043,-42.047215,74.798317,-34.659737,-18.423624,-0.199102,-18.906221,15.010946,-4.177430,-53.285000,-4.168191,-33.038332,0.510788,-18.564898,-20.106936
275.000000,8.501961,-68.818796,80.606800,-19.985590,-10.749020,-1.826583,13.206814,15.619388,-7.103566,32.637014,-25.024491,-2.587222,-22.166459,-14.075559,-13.469810,82.073117,-25.013285,14.981229,9.087068,-27.104195,-12.697188,-19.457710,80.398546,-19.904848,-9.216533,4.931882,-17.828991,20.304788,-14.360054,-58.228544,6.713385,-21.931702,-4.529553,-17.361878,-29.126457
276.000000,9.118352,-68.174338,80.069983,-16.096659,-10.069812,-9.183407,15.238594,11.963951,4.435489,16.623127,-24.075616,-1.439772,-18.719247,-22.782704,-22.156683,56.547529,-22.715601,15.000035,12.053957,-26.377243,-16.312527,-1.453792,79.628026,-8.358057,-0.272898,7.733419,-15.267344,21.500493,-24.927715,-61.127031,15.458899,-9.329984,-8.652524,-13.988574,-29.346635
277.000000,8.749868,-67.993563,78.805918,-11.720672,-10.033092,-13.228693,13.595008,8.637853,17.525360,17.093194,-25.561710,-1.128170,-17.838139,-27.989405,-26.671363,36.174106,-20.089688,15.000035,13.166604,-27.815781,-15.356424,6.982361,79.451533,-2.315907,3.951343,7.519053,-14.406937,22.933941,-33.424412,-59.883308,19.474244,1.190690,-8.636427,-11.142092,-26.877537
278.000000,8.262890,-67.942572,77.651978,-10.114768,-12.927719,-18.311288,16.770681,5.089156,21.345166,18.058351,-28.001522,0.463199,-16.601383,-29.339347,-25.764314,23.595348,-19.445837,14.969331,16.497968,-27.042160,-9.070720,12.111528,78.683800,4.922262,3.556545,7.878235,-15.100945,21.990475,-40.747792,-57.911781,21.152304,8.931737,-7.376391,-9.883723,-27.217124
279.000000,7.864632,-68.009257,77.384382,-10.780641,-14.706727,-24.185193,20.790920,3.652403,25.725812,15.941149,-27.849806,0.627664,-15.156919,-26.958997,-25.856829,15.282337,-19.017320,14.956564,18.873624,-25.122035,-6.480140,15.489213,77.218376,8.662483,0.595726,8.358961,-16.084283,22.171439,-45.403860,-55.509063,22.236446,13.599334,-8.372363,-9.254838,-26.042207
280.000000,7.256582,-67.765522,77.646750,-10.422659,-13.305046,-25.878684,19.329516,3.438581,26.676364,15.027644,-26.547325,1.205969,-16.195553,-25.174438,-27.853028,13.057902,-17.265099,13.506467,15.295749,-24.471466,-7.723648,14.820339,76.733589,8.522883,-1.020579,10.655115,-16.434917,22.297098,-48.176965,-52.795375,22.871667,14.564963,-6.590197,-11.396131,-26.898709
281.000000,6.256501,-67.302275,78.060120,-9.676750,-11.070293,-24.086398,15.256679,4.088502,24.793358,15.222005,-25.137545,1.152963,-18.035953,-23.932191,-27.696221,12.215822,-15.611944,12.153067,8.905024,-23.413777,-8.360446,9.515726,74.620705,6.337351,-1.473446,12.360453,-15.739607,20.152159,-50.673061,-51.945347,23.725325,12.658670,-4.095645,-14.106083,-27.231338
282.000000,5.119614,-67.009151,78.424513,-10.312425,-9.888289,-21.528134,12.018634,5.814675,22.087029,16.612249,-24.675554,0.709506,-18.345429,-21.991606,-26.689886,10.750599,-15.592711,11.355102,3.854851,-21.471811,-6.652016,1.333465,72.940744,2.029700,-1.992248,12.600783,-14.986362,19.110518,-51.735254,-53.736790,24.541901,8.615993,-5.991418,-14.461749,-26.910266
283.000000,3.709210,-66.637731,78.480661,-11.269499,-7.999392,-19.319443,6.347181,7.715652,16.969873,21.093905,-25.710885,-0.075418,-21.065581,-18.590296,-22.355590,10.915537,-15.223039,10.102454,0.740174,-19.051798,-4.116919,-11.926667,71.326101,-6.269975,-1.182746,13.895348,-14.280207,20.028519,-52.323719,-57.304058,24.455400,3.665130,-7.829907,-14.798138,-27.724342
284.000000,1.541003,-66.020036,77.788359,-11.559982,-5.036678,-17.767405,-5.168755,7.369713,5.388944,33.680465,-27.915460,-2.299149,-28.890239,-14.105299,-12.899904,15.849953,-14.635260,8.768574,-0.048059,-17.011262,-0.486592,-30.589969,69.758389,-17.267683,1.199083,15.922370,-13.714444,23.499056,-52.655216,-63.383602,22.237250,-1.774623,-8.476640,-14.926291,-29.832374
285.000000,-0.950620,-65.105653,76.282638,-11.551153,-3.458017,-17.048643,-16.459888,2.872500,-8.001718,51.162778,-27.965897,-5.243879,-38.624815,-9.385871,-2.647320,27.524583,-15.200222,7.448815,1.469865,-14.838859,6.040293,-52.789012,66.712753,-29.708908,5.552283,16.723175,-12.042044,29.495168,-55.192843,-72.082101,21.656891,-5.234548,-4.926551,-16.287858,-32.722265
286.000000,-3.162063,-64.285487,73.775524,-11.270668,-2.133048,-19.325570,-22.670303,-2.725886,-18.779617,62.344594,-29.444471,-7.610023,-50.641533,-4.218125,2.133049,44.620622,-16.536585,5.468085,5.275305,-12.327298,11.052800,-74.766229,60.750100,-43.709417,14.252945,12.632139,-10.561207,28.111549,-64.781510,-80.401879,29.245746,-1.763488,3.383982,-17.882800,-29.855874
287.000000,-5.152382,-63.870859,70.810539,-8.944753,-0.624292,-23.967804,-26.812237,-5.085407,-19.272533,65.946009,-36.223495,-5.219462,-62.934135,1.049622,4.053561,57.028702,-16.772277,2.622520,8.923949,-13.639423,12.677240,-96.892101,53.287213,-62.215189,31.363655,8.058865,-10.447996,18.011755,-86.269176,-80.013289,47.908193,15.194883,11.509552,-15.858552,-17.196072
288.000000,-7.559960,-63.244849,68.650103,-6.437199,1.023797,-24.520872,-35.117274,-3.908556,-12.663050,70.288924,-37.442144,-0.334707,-69.292843,4.521103,5.974442,54.236176,-15.157882,1.403135,6.519329,-14.892941,14.666482,-112.980283,44.510601,-77.518604,53.832761,6.991870,-11.393363,5.523786,-107.239523,-68.837187,65.868760,43.820609,27.322229,-11.553777,-3.489050
289.000000,-9.893841,-62.569797,67.965245,-7.119791,2.650999,-22.983146,-40.623680,-3.682205,-13.982718,72.388879,-34.957455,-0.119002,-66.827657,8.192828,8.099356,38.214997,-13.043823,1.912337,3.689863,-10.398960,19.666881,-121.250242,36.088076,-80.214090,75.691289,12.199155,-13.216472,-9.004005,-123.621042,-57.285387,78.730573,72.805391,31.737167,-5.889460,7.264218
290.000000,-11.653714,-62.146479,68.356353,-7.176271,4.151685,-20.342155,-43.702836,-5.206497,-16.302912,70.687083,-31.493801,0.121308,-62.136458,9.790550,12.828659,21.709307,-9.615942,2.774341,0.296630,-10.341069,24.294816,-129.139097,31.302972,-80.214090,83.151112,17.044949,-11.637580,-17.223929,-129.177237,-54.793956,80.214090,80.741244,15.182887,-3.180325,10.247317
291.000000,-13.329570,-61.580038,68.898249,-6.405700,7.055000,-16.826052,-47.948065,-7.601553,-18.341570,67.447961,-26.940732,-1.026201,-60.000698,8.448840,15.795202,11.801143,-4.071944,4.401661,-2.678760,-9.100290,26.827402,-134.070548,29.534643,-76.469664,77.397484,6.751788,-11.123307,-8.923265,-132.439608,-57.548626,77.496802,75.032312,15.111070,-6.059345,6.415725
292.000000,-14.985713,-61.005539,68.919730,-6.201231,10.001447,-14.575411,-52.842804,-7.875288,-18.039194,65.758411,-23.263175,-1.895788,-60.035990,7.366961,14.259460,12.822424,-1.410874,5.913161,-5.799385,-6.626642,28.052622,-134.880404,34.156622,-74.848266,60.654088,2.151185,-11.388780,2.295053,-130.015943,-60.898814,72.119728,61.860361,26.321392,-9.953487,-0.786886
293.000000,-16.293743,-60.511655,68.176514,-6.066871,11.939497,-15.090962,-57.872739,-4.820621,-13.849258,67.407957,-21.665947,-1.035574,-63.052400,7.902468,10.061993,27.401247,-3.179341,5.948134,-7.884617,-4.662322,28.501821,-133.479136,43.800142,-74.784185,39.031003,8.305908,-10.578284,10.978487,-123.868049,-63.379422,65.889230,43.546428,23.759832,-13.362169,-12.811922
294.000000,-17.154118,-60.124248,66.536802,-5.551610,13.445812,-16.571721,-63.896864,-1.568736,-9.320938,72.338452,-20.641597,-0.124299,-68.465598,7.169227,5.303810,49.987088,-7.469169,4.231164,-10.298035,-3.193355,27.396466,-126.007141,54.640776,-69.511102,17.589931,12.053092,-12.078092,21.957825,-112.336729,-62.519030,53.847371,24.080817,14.108025,-16.064861,-26.652457
295.000000,-17.669341,-59.871238,63.930279,-4.391978,14.012454,-18.679404,-70.427126,2.241500,-3.637395,80.921520,-19.336518,-0.686764,-72.412969,4.995292,2.937307,72.419806,-12.375592,8.026510,-12.514541,-2.986607,26.782135,-112.451463,64.009924,-59.740017,-1.886273,20.912675,-10.126212,32.217111,-98.461903,-56.033140,39.582193,6.694438,1.276677,-14.670043,-33.609647
296.000000,-17.742911,-59.614795,60.455227,-2.239294,14.408606,-22.598780,-77.127521,8.356711,2.857477,93.530227,-20.661628,0.515205,-76.566386,1.041056,2.985989,94.513269,-16.947600,1.302954,-12.236770,-3.096082,25.022586,-93.644626,69.567300,-43.613381,-15.999797,25.898604,-9.329583,35.833662,-84.862396,-48.742907,24.807923,-10.043227,-6.973849,-14.122441,-34.877039
297.000000,-17.503101,-58.810377,55.935150,1.340617,13.950609,-28.031803,-82.400017,10.214296,7.663968,107.882729,-24.799676,-0.457714,-81.233940,-6.811114,8.025243,113.985885,-19.074719,-5.491789,-9.630586,-3.472231,23.763140,-74.367393,70.852674,-24.721356,-22.689542,27.521452,-10.767414,42.972326,-74.924108,-43.636323,14.336695,-24.300992,-7.007226,-16.895067,-31.984362
298.000000,-17.223915,-57.744342,50.713021,3.438455,13.606846,-31.905249,-87.449965,5.912126,9.986580,120.218392,-25.935939,-5.388620,-83.585280,-8.401996,16.776968,125.824898,-16.283069,-3.167026,-7.171452,-0.952841,23.904993,-49.453787,65.025409,-2.023456,-27.453657,29.377538,-13.605031,50.579801,-67.137413,-41.125583,8.065507,-37.383292,-8.526343,-18.960023,-28.991329
299.000000,-17.204517,-56.690055,45.231324,3.573648,11.481798,-35.861577,-89.954377,0.678254,11.244841,129.350573,-30.945299,-6.754450,-81.249608,-7.803464,21.009956,129.867004,-20.707701,2.778091,-5.355147,2.587200,28.177710,-26.940643,55.428337,17.119782,-29.713382,27.573834,-16.697693,58.876975,-64.062912,-41.040325,6.713133,-46.873522,-9.491935,-20.858973,-28.353331
300.000000,-17.090756,-56.088543,39.542225,3.564556,8.318515,-41.819148,-89.954377,5.413651,15.389149,138.776248,-40.592487,-4.688337,-81.640739,-9.143770,25.482029,136.088487,-34.036964,6.879828,-1.213044,4.188268,29.793804,-8.321892,47.130928,23.224684,-27.318554,21.030702,-17.666479,61.921416,-60.858352,-41.984415,7.879664,-50.093294,-7.017998,-21.722196,-28.229479
301.000000,-17.363726,-55.866498,34.503102,1.521680,5.936669,-46.955062,-89.954377,10.866982,17.771534,147.723905,-47.556585,-1.263613,-85.235010,-4.077557,26.582389,142.659757,-37.110224,10.337762,2.849360,6.780687,29.793804,9.529217,40.988826,21.382457,-22.796226,12.679555,-17.247597,53.734447,-57.885826,-44.379222,11.202375,-48.946444,-8.674975,-19.174674,-29.271664
302.000000,-18.176892,-55.381799,30.788940,-3.024907,3.214955,-49.436187,-89.954377,12.305857,17.472274,152.484697,-50.000308,2.217811,-87.088143,-0.794602,24.974778,147.419729,-36.689775,12.064569,5.961695,9.855333,29.793804,22.157810,41.260490,13.001663,-12.836457,5.868025,-14.420039,49.309963,-55.576102,-47.917438,14.885339,-44.728395,-12.069246,-16.645941,-34.053059
303.000000,-19.102934,-54.783130,28.996176,-5.981792,1.038234,-50.547841,-89.954377,14.438543,16.927106,150.457825,-50.000308,5.678894,-84.197695,1.428823,27.194589,149.693336,-42.218588,14.869320,7.492484,9.776365,29.793804,27.413413,40.220566,1.707998,2.265088,-3.246972,-11.716489,45.264917,-52.719635,-49.966662,20.695557,-39.067845,-14.327864,-16.233481,-41.321514
304.000000,-19.635770,-53.244674,28.250390,-9.121418,0.494340,-49.992006,-89.954377,12.912992,16.887696,148.767039,-50.000308,11.138819,-82.780281,1.573238,27.128625,148.695609,-41.965338,14.903121,6.868072,7.333957,29.793804,28.900579,37.794667,-3.418406,21.427270,-16.219534,-9.706003,41.637448,-49.897903,-52.079742,25.966204,-33.181059,-14.013953,-15.160597,-42.897741
305.000000,-19.584514,-52.105558,28.828469,-12.092879,2.269387,-48.744783,-89.954377,9.935524,13.240994,147.929808,-50.000308,13.036155,-80.643374,2.210801,24.861977,146.482614,-38.305931,14.921078,6.826753,4.320326,29.793804,26.751215,34.869888,0.192733,39.221439,-32.819674,-7.752651,35.551906,-46.334303,-53.504710,28.501575,-29.262050,-16.288381,-12.311632,-43.883552
306.000000,-19.395424,-51.153326,30.420101,-15.701715,5.707326,-45.908070,-89.954377,6.190441,7.780299,146.814452,-50.000308,12.303519,-77.083200,2.376071,19.226330,142.474713,-33.108239,14.993204,7.727222,2.719118,29.793804,20.245980,35.527697,10.349663,54.193313,-46.546995,-6.237394,31.498210,-41.769711,-54.310758,28.394256,-28.329454,-12.461481,-14.145640,-47.948170
307.000000,-19.157629,-50.371617,32.520238,-20.897608,10.229949,-41.289332,-89.954377,1.607223,0.268569,145.826151,-50.000308,9.970243,-73.307075,3.617512,11.548882,136.610067,-26.417389,14.997559,8.828080,3.680965,29.793804,11.455851,41.269079,17.511389,67.585514,-47.976615,-5.025308,27.757672,-39.842672,-55.922645,25.801605,-27.507202,-10.226582,-16.686670,-51.206348
308.000000,-18.090522,-48.459056,34.001443,-25.129320,13.623904,-36.626895,-89.954377,-1.593188,-1.747730,145.761961,-50.000308,10.343822,-73.165383,0.681833,10.469364,126.897538,-18.898906,14.987342,9.312060,4.073869,29.793804,5.905824,47.145289,15.309686,72.877476,-47.867625,-5.759380,23.147298,-42.643244,-58.887125,23.313891,-26.214268,-7.491302,-18.587747,-54.190403
309.000000,-16.145276,-46.256840,34.881783,-28.219585,15.800443,-33.844572,-89.954377,-2.788634,-1.507424,144.980724,-47.125208,10.546094,-72.888903,-3.524947,11.291471,113.907905,-19.009531,14.953219,10.624757,3.063965,29.793804,1.136235,49.299349,13.591109,72.508189,-49.120835,-6.777489,17.917371,-48.545583,-60.938360,22.704911,-24.630210,-3.534027,-19.763152,-56.109512
310.000000,-14.925228,-43.710110,36.070350,-30.045240,14.446399,-32.167064,-89.954377,-4.914655,1.496279,141.639777,-35.335560,7.128044,-72.474400,-4.985178,8.552086,102.096882,-18.671253,14.967135,11.527788,1.016253,29.793804,-1.289188,49.103302,11.638046,71.080932,-47.704100,-8.448097,16.543654,-57.651988,-61.726311,26.221105,-22.424565,0.256554,-19.983595,-54.874867
311.000000,-12.943147,-40.794554,36.040273,-31.003245,11.101420,-32.751126,-89.954377,-6.751399,8.470162,135.066007,-21.053361,1.560113,-73.195838,-8.831264,5.879826,102.889451,-19.730572,14.840659,13.395882,-0.411896,29.793804,-3.191048,46.793606,7.245833,70.724772,-46.352997,-9.553192,21.069018,-70.273767,-61.556253,32.871723,-17.675116,2.534319,-19.579350,-50.589101
312.000000,-11.776990,-38.687733,36.522451,-31.238364,8.054129,-32.470093,-89.954377,-0.491033,11.089908,122.046437,-16.779128,-0.064528,-73.186850,-11.491654,-1.579780,114.277343,-23.312756,14.794562,14.973942,-1.771112,29.793804,-5.675707,44.296287,5.804896,70.417638,-44.711900,-9.909928,24.598546,-80.580974,-61.331704,37.463171,-11.974400,2.792084,-18.496383,-45.145163
313.000000,-10.985675,-36.681136,36.989963,-29.677741,6.110301,-33.043913,-89.954377,7.454018,12.724654,100.916243,-15.256749,-0.369239,-71.782638,-12.259144,-11.710894,127.096023,-26.988739,14.796601,16.646307,-4.377809,29.793804,-7.157517,41.975170,4.246545,69.626245,-41.903316,-9.418198,26.255466,-87.014465,-60.801306,40.346778,-7.856600,4.252369,-18.456660,-40.934266
314.000000,-9.784757,-34.323362,37.381572,-26.477465,5.419952,-34.901924,-89.460411,14.742133,14.385200,76.279484,-13.691957,0.671018,-67.513100,-12.444558,-20.062590,134.274020,-27.988090,14.647571,18.486009,-8.217479,29.793804,-7.987262,39.229420,3.950163,69.021575,-39.353743,-9.343452,27.662686,-88.193964,-60.707520,41.275588,-7.129390,6.429064,-19.870893,-38.370650
315.000000,-8.108824,-32.034898,37.894723,-23.400638,3.441173,-35.412329,-88.405160,19.064154,13.550387,61.871842,-12.125091,2.507572,-61.552797,-14.742612,-19.773087,134.813441,-33.674158,10.922741,18.393986,-12.528029,29.793804,-7.455116,36.588647,3.988961,68.994227,-37.439945,-8.998499,29.347352,-84.133171,-60.406384,39.087912,-6.525434,5.321386,-20.504867,-35.055089
316.000000,-7.129099,-30.701733,38.543743,-22.668064,-1.478022,-32.708115,-89.954377,15.734218,1.941610,71.469604,-13.205641,0.273677,-61.752574,-12.622245,-10.994883,134.671045,-28.882032,14.351361,15.541626,-14.861693,29.793804,-4.663698,34.605468,4.222640,69.784309,-35.471768,-7.863201,29.678750,-73.042828,-57.139566,34.129885,-4.284873,3.526726,-19.752274,-33.193886
317.000000,-6.338435,-30.200246,39.785737,-22.431296,-7.733924,-28.461933,-89.954377,9.834238,-8.853440,96.529984,-18.421702,-4.388209,-62.095422,-7.659405,-1.203588,131.303270,-20.465683,14.858872,10.442196,-15.850094,29.793804,0.318587,32.536836,4.529848,71.049130,-33.977736,-6.238547,26.292017,-57.774726,-49.108005,29.578459,0.749778,5.787934,-18.592277,-31.011490
318.000000,-3.094768,-27.614093,40.349755,-21.998917,-9.268108,-22.422291,-89.954377,2.298922,-17.520257,122.402809,-24.744966,-5.328310,-60.714016,-12.754772,17.912456,119.483381,-20.880303,14.817320,2.046609,-16.668773,29.793804,1.893967,31.956239,2.277078,75.733452,-34.548842,-4.413504,15.523140,-43.609238,-39.178689,24.507284,10.263974,9.957975,-17.639855,-30.781955
319.000000,-0.533599,-24.218050,39.411840,-18.721294,-9.659464,-12.085379,-89.954377,-7.541991,-22.137978,142.841782,-26.124965,-5.935774,-65.483114,-27.020510,36.468808,99.507831,-18.055668,14.834339,-9.933949,-18.119870,29.793804,2.725816,33.482991,-2.694915,75.152831,-27.413463,0.497902,-5.394729,-31.643252,-29.955000,18.583061,23.356651,16.637781,-16.089088,-29.544922
320.000000,0.241701,-21.027100,38.858411,-14.215443,-8.251621,-4.110657,-88.750003,-13.040540,-20.441938,149.309356,-22.389338,-8.080621,-68.525990,-32.679436,49.060627,72.717302,-10.337870,14.960138,-19.355168,-18.126383,29.793804,1.533835,37.925100,-7.245714,66.465923,-13.452124,-0.812732,-14.402361,-23.820824,-24.021519,14.775776,38.342414,25.359642,-11.392697,-24.711896
321.000000,0.931292,-18.657599,37.883854,-12.083376,-7.592176,-1.670647,-81.971641,-15.083761,-17.734825,148.590041,-34.548801,-12.420252,-71.544544,-33.441026,51.214261,49.418280,-0.225459,15.000035,-22.400379,-13.865990,29.793804,-0.690573,40.133502,-5.748522,53.386808,-9.099378,-4.776462,1.999386,-16.010575,-20.694234,12.782459,55.221157,34.688379,-3.534870,-13.606241
322.000000,1.671300,-17.523929,36.101919,-11.681179,-7.250216,-2.445839,-82.746335,-9.079093,-14.671028,151.964770,-42.283597,-9.348909,-77.773875,-27.745555,37.351665,40.446324,6.182623,15.000035,-21.864376,-6.389695,29.793804,-4.001009,40.064688,-5.327101,36.401831,-9.568647,-7.070888,25.409122,-8.246260,-20.729382,15.254838,66.434074,33.935085,1.471773,-3.946803
323.000000,2.603173,-16.235474,33.580050,-7.729176,-9.324757,-5.231088,-85.581881,-4.572806,-5.814747,156.428858,-38.513876,-7.235156,-85.862533,-17.501550,21.521298,46.873129,8.745284,15.000035,-21.331763,-3.818355,29.793804,-10.597660,40.705393,-3.317330,20.749859,-3.670100,-8.376394,35.124094,-2.267271,-20.546497,14.844397,68.442375,35.645347,1.869186,1.633280
324.000000,3.676658,-13.758893,31.149277,-1.025137,-15.328024,-5.977913,-82.926392,-4.214923,8.303168,158.596146,-34.921866,-6.390541,-89.954377,-10.246265,9.383807,59.785336,8.786948,14.967163,-24.104272,-6.349039,29.793804,-20.802608,40.486366,-3.847615,7.119936,3.111533,-7.650235,33.461503,0.394179,-19.959945,12.443686,68.455380,41.439075,1.523328,5.612775
325.000000,4.504379,-11.610584,29.764190,4.725615,-19.571738,-4.393801,-77.849144,-3.241223,19.713814,158.438860,-35.311361,-5.410336,-89.954377,-5.746619,-5.082641,70.442459,9.008410,14.870445,-30.707591,-6.653709,29.793804,-33.532974,39.018876,-10.669624,-2.105717,4.939016,-8.960538,33.801944,-2.105405,-21.016736,13.838335,69.767657,44.590186,1.082140,5.209937
326.000000,5.370482,-9.446593,29.380077,10.681190,-20.379687,-2.393754,-74.423531,-3.696374,30.788563,156.056148,-35.223760,-4.756014,-88.877386,0.025215,-16.759063,76.344262,12.636157,14.827569,-38.548847,-4.374945,29.793801,-46.336901,34.064117,-21.696055,-6.414757,3.595408,-10.473186,31.181692,-8.617585,-24.403677,14.741047,71.163140,44.414176,-2.196386,-1.003586
327.000000,5.905854,-6.653221,30.214778,16.171153,-22.572967,-2.004824,-72.258374,-5.885614,42.194364,150.727686,-27.656541,-8.473431,-82.738808,7.136231,-20.890484,78.712008,17.881087,11.879509,-46.795101,-4.542676,29.793804,-53.469371,29.915115,-31.177092,-5.432600,1.913923,-11.091118,23.609678,-15.670375,-28.681744,14.740767,69.095594,44.225714,-4.090110,-4.992403
328.000000,6.186497,-3.444751,32.443184,20.080738,-23.842006,-3.506885,-72.308016,-6.436951,49.361323,143.757983,-16.744480,-14.465151,-74.837399,12.877184,-17.157314,78.593505,18.527660,4.222256,-55.030189,-4.875740,29.793271,-54.596045,25.198883,-37.948982,0.640349,-0.476559,-11.006474,18.606900,-24.961114,-32.097303,19.073863,67.519992,39.375542,-3.756186,-6.215930
329.000000,6.467929,-2.423530,36.263642,26.551253,-21.521508,-3.403668,-68.565742,-5.768802,43.622239,136.654067,-17.824625,-14.937292,-71.043789,16.314337,-5.820344,75.896017,11.946543,-2.477122,-62.773550,-3.441721,29.793770,-54.532411,18.189321,-41.726298,14.567484,-5.469980,-8.799803,18.349255,-33.785582,-33.877769,22.097089,65.364658,34.562431,-4.532727,-9.515159
330.000000,7.063298,-3.539088,39.972302,35.272626,-17.400944,-5.711028,-60.474406,-1.809376,29.217995,127.279414,-23.366222,-14.817424,-72.657312,17.553851,4.259326,77.357445,8.677124,-3.951799,-66.289158,-1.836185,29.793804,-57.028272,10.523334,-42.598384,35.157303,-14.937854,-7.548599,18.850195,-43.559149,-33.619123,26.905649,64.514122,32.186420,-5.352379,-13.608692
331.000000,7.618392,-4.053972,42.362899,41.045566,-13.901192,-10.683226,-53.831419,6.474611,18.110648,114.293619,-22.145661,-10.250232,-77.036515,22.711322,9.200158,87.302112,-0.489882,-2.805935,-65.353292,-0.970607,29.793804,-60.222802,6.042868,-41.900318,53.297288,-28.864830,-6.753963,21.537864,-50.848214,-31.809274,31.857737,63.727994,33.148086,-7.150239,-17.812259
332.000000,7.860626,-2.908779,45.039979,47.067284,-11.391584,-21.196323,-51.388967,-2.425983,7.081681,93.978936,-18.250262,-14.426589,-82.434072,27.185440,9.696006,102.931627,-7.950149,-0.277522,-58.524189,-1.590506,29.793804,-66.211902,6.056870,-37.288783,67.840034,-41.418284,-6.682949,23.223789,-58.051410,-30.399861,36.399468,62.349033,34.690312,-8.332282,-20.803001
333.000000,8.853048,-1.716442,48.055357,53.204034,-8.334808,-37.344602,-45.294458,-10.727241,-7.209528,69.877282,-16.091022,-14.957348,-88.248414,26.240627,6.553853,118.560964,-14.521371,0.188019,-47.373062,-1.427171,29.793804,-72.424983,10.308970,-28.058974,75.786474,-43.791201,-8.507518,22.107429,-65.591550,-28.190327,37.539577,61.297813,33.125755,-8.834488,-19.538183
334.000000,9.939975,-1.469152,50.107968,58.410654,-5.940495,-56.417942,-37.786471,-6.563991,-21.188352,49.654956,-19.706072,-13.009019,-89.954370,19.834881,5.002332,129.996409,-21.129643,0.108134,-33.378731,-0.455783,29.793804,-74.008303,16.113328,-29.182472,72.782892,-48.756506,-12.500698,23.399077,-72.590868,-26.459345,40.596449,59.953235,31.837120,-9.360755,-20.426388
335.000000,11.606923,-1.594180,51.627618,62.691003,-3.551429,-75.575682,-35.168965,3.327922,-21.780993,42.406626,-24.434771,-8.054012,-89.954377,11.423848,4.737322,132.907176,-24.397484,2.052823,-17.603708,1.779467,29.793804,-72.726645,21.113735,-34.512492,63.886571,-54.771266,-14.560993,29.372194,-77.925136,-26.508955,42.815457,58.745125,30.183149,-8.201096,-21.060089
336.000000,12.807582,-1.980037,52.406996,65.764769,-2.556878,-86.366415,-35.731315,11.535545,-12.560748,42.411937,-26.064459,-7.597328,-86.209555,-4.730206,3.474461,126.658113,-28.607564,5.096338,-7.915951,2.847123,29.793804,-74.403839,22.813139,-35.190709,62.298265,-55.235890,-14.665075,31.391481,-80.172719,-27.184827,41.177769,57.852071,27.959897,-7.400377,-19.630346
337.000000,12.994629,-2.351025,53.029597,66.411537,-2.643556,-93.880823,-37.132767,17.829901,-4.218084,50.205586,-24.148055,-8.487563,-79.146156,-13.607251,-0.901772,112.211006,-31.783841,10.621246,0.682576,0.632639,29.793804,-75.595967,23.431683,-38.340738,61.397062,-54.735449,-13.850865,33.139111,-79.249230,-27.879101,37.158838,58.646149,26.788666,-7.243404,-19.623663
338.000000,13.277330,-2.232503,54.053265,66.429201,-3.955634,-103.787225,-43.517570,17.829529,-6.617765,69.218565,-23.736639,-7.694924,-74.784185,-12.481355,-4.081295,93.928529,-29.466976,14.746872,9.578516,-4.283793,29.793804,-75.746866,26.626734,-39.436051,59.603140,-52.241399,-13.107068,33.853665,-80.425197,-26.398879,38.537310,61.960505,28.011320,-6.687192,-17.659830
339.000000,13.927227,-1.745551,55.094594,65.774364,-7.353573,-112.220728,-53.479227,7.939167,-11.906621,90.678964,-27.289999,-8.839669,-71.941652,-12.291373,-5.829068,76.156555,-25.188551,14.951496,15.236019,-10.965417,29.793804,-75.661106,30.575738,-38.330438,58.513069,-50.076440,-12.964169,33.686124,-84.336929,-24.267225,42.786415,66.024085,28.741665,-4.249497,-9.676005
340.000000,13.737914,-0.552613,56.446999,63.617010,-11.711830,-116.154786,-68.021123,-1.455988,-10.427664,108.070736,-30.768199,-8.378555,-68.921998,-9.761345,-3.177954,62.349969,-25.194691,15.000035,14.340655,-18.780553,29.793804,-75.441188,36.455646,-36.821482,59.692991,-49.297136,-12.706876,31.556307,-90.986254,-20.460660,44.576629,69.920305,25.282323,-1.611196,3.316600
341.000000,12.931944,0.499406,58.049947,59.544893,-13.153788,-118.564179,-81.736648,-2.775979,-5.439913,116.134922,-31.641753,-6.746033,-62.443160,-5.851450,1.343518,54.044849,-26.801083,15.000035,10.765049,-24.420329,29.793804,-73.651002,43.500556,-36.113437,62.834551,-49.948733,-13.382497,30.905380,-94.379766,-16.098225,45.374910,65.954479,17.077418,-3.568826,4.336602
342.000000,11.695380,1.599533,60.363871,54.229341,-11.811376,-121.305412,-89.875434,5.372786,-1.131922,115.596184,-32.980002,2.010972,-57.201820,-0.526888,3.829657,52.141049,-20.259869,15.000035,7.268430,-27.620938,29.793804,-70.550930,50.346509,-32.175840,67.840936,-48.125113,-12.228250,28.308329,-94.497327,-11.994887,46.739401,52.836581,9.123532,-7.962699,-0.254834
343.000000,10.978490,2.425322,62.724280,48.383313,-9.842864,-126.191080,-89.954377,11.442907,2.772342,107.908547,-34.774795,3.988431,-55.956827,5.986369,7.461730,56.153041,-7.214477,15.000035,5.556195,-29.488758,29.793804,-68.589525,56.684030,-25.940305,78.688383,-45.270596,-10.660300,23.678596,-92.809239,-7.850917,50.185259,36.386699,4.936608,-11.977637,-6.218919
344.000000,12.060750,1.938677,63.676715,46.324718,-6.802260,-130.241780,-87.512256,11.983581,3.514505,94.207904,-33.159117,-0.003321,-56.448276,5.364437,11.831868,52.060552,1.218076,15.000035,2.396808,-27.792583,29.793804,-70.985685,60.199675,-20.872983,92.326160,-38.780779,-8.199408,24.047682,-87.272578,-3.900331,51.667348,25.821549,10.464277,-15.257972,-8.244079
345.000000,14.407195,0.363605,63.079005,45.812967,-3.282531,-130.040456,-80.870382,9.641172,6.454708,84.612356,-39.241974,5.374147,-56.507364,-3.911635,14.345831,35.890838,2.986780,15.000035,-4.634788,-23.520523,29.793804,-68.802975,55.660274,-26.959376,91.464033,-27.491749,-9.110852,31.713419,-79.838908,-1.932778,52.794886,24.476051,7.604406,-16.854496,-15.091195
346.000000,16.391379,-0.972732,62.113875,43.111835,-1.695500,-127.010925,-72.994655,4.952916,12.816133,78.665911,-44.157170,10.873972,-58.665943,-14.211736,12.683340,22.058115,0.464619,15.000035,-10.700461,-18.614489,29.793804,-65.531622,43.459677,-39.918470,80.331282,-9.760713,-6.412997,28.156888,-67.971283,-5.568758,54.045180,31.368115,3.344644,-14.746503,-18.718127
347.000000,17.312506,-1.824599,62.535405,40.388940,-0.419219,-123.617593,-65.747326,1.446014,17.334487,71.560145,-45.081929,12.878931,-62.300819,-15.036216,8.690740,18.533276,-0.476425,15.000035,-16.720137,-15.663053,29.793804,-69.095546,30.800390,-49.041745,71.956617,-9.575060,-8.406567,22.674085,-56.834055,-10.090775,50.715845,43.858052,6.508783,-11.361720,-12.688674
348.000000,17.362344,-2.438339,63.784236,39.097751,1.833459,-119.193812,-59.434284,-1.053470,19.399525,64.579015,-44.355928,13.087929,-66.359338,-7.133465,7.039164,22.903108,-0.011758,15.000035,-23.551822,-12.463853,29.793804,-75.863000,17.230021,-55.220707,68.029675,-4.354657,-7.294271,18.882242,-46.896154,-16.752005,44.199018,57.254412,9.156004,-8.584717,-8.200644
349.000000,17.836179,-3.697257,64.794773,37.351479,2.460826,-114.268619,-52.049043,-4.943281,23.397166,55.665120,-42.223321,12.318450,-71.870939,-0.055001,5.557135,30.718205,-1.255296,15.000035,-31.181811,-10.844729,29.793804,-83.555787,3.082921,-57.359908,66.729821,3.309465,-7.168943,20.936278,-37.009363,-25.882648,37.662968,66.928935,14.993356,-7.460131,-9.577760
350.000000,18.259403,-5.376430,65.910566,35.108748,1.966988,-109.810758,-46.163319,-9.957005,23.369972,49.715642,-37.030229,8.956331,-75.272885,8.275572,4.135172,35.422666,-1.389324,15.000035,-39.171353,-10.973255,29.793804,-90.516556,-9.642725,-56.847668,65.974539,5.229387,-7.764066,23.217795,-27.276359,-36.078425,31.704649,71.853358,22.527712,-6.991251,-6.905883
351.000000,18.621120,-7.428249,66.932589,31.985024,1.410928,-105.423479,-42.989139,-16.210102,16.913642,50.319831,-28.285017,2.380000,-74.707851,17.814557,5.397877,35.968698,2.375450,15.000035,-47.498833,-12.223945,29.793804,-96.975149,-20.221825,-56.971414,67.704462,6.488044,-8.886115,23.079305,-17.889519,-47.436770,26.583996,74.435477,26.826673,-6.470380,-0.939280
352.000000,20.208733,-9.227274,67.300057,29.224664,-0.347584,-102.775229,-42.670736,-19.468896,15.685990,54.888401,-22.276696,-0.346266,-72.165101,20.012063,7.209523,31.962878,10.393786,14.999918,-54.858778,-14.283964,29.793804,-102.510710,-25.157513,-57.194788,70.406068,12.855036,-8.845371,22.601868,-10.716309,-57.977965,22.251682,76.867393,25.729681,-6.169062,-0.140046
353.000000,20.605789,-11.161773,68.026721,24.819685,-0.748077,-99.952585,-38.849778,-15.163990,17.790780,62.097307,-24.101654,-1.080391,-65.290386,16.400862,1.851752,25.353266,12.649036,9.533653,-61.635866,-17.513242,29.793804,-104.215962,-24.521583,-56.274875,72.543781,15.854643,-9.546879,22.647015,-5.192123,-66.808150,17.176444,79.957466,19.969863,-5.424725,-2.500582
354.000000,21.405447,-12.571332,69.064999,22.152497,-0.459160,-100.284868,-38.339047,-8.702189,16.094233,68.447238,-27.086597,-1.358394,-59.695368,17.431174,8.056922,21.187723,14.686034,14.043966,-63.378309,-19.420043,29.793804,-102.370527,-19.208210,-58.190685,74.215517,15.315121,-10.294052,22.309437,-1.927202,-71.412906,12.857334,81.386963,13.464150,-4.548666,-4.128447
355.000000,21.390922,-13.605770,70.118403,21.896060,1.170701,-104.238283,-42.662471,-5.544802,3.176952,73.047302,-29.674177,-3.859511,-58.186976,22.344745,10.260268,22.730938,14.365326,15.000035,-59.652051,-19.637000,29.793804,-98.629646,-10.327614,-60.535987,75.226057,13.034237,-9.797765,21.177046,-4.111845,-69.536592,14.902682,79.074794,13.388114,-4.285009,-5.645644
356.000000,24.417785,-14.179681,70.846248,22.658367,-1.997956,-113.033241,-48.975045,-6.212001,-5.587422,73.728723,-29.993956,-2.162124,-61.705896,16.488901,5.648191,29.542255,11.478114,15.000035,-51.548186,-20.357982,29.793804,-97.803289,2.522425,-60.722000,75.549194,9.697121,-8.638232,22.252230,-13.673760,-63.475407,22.483200,74.442334,14.308994,-5.635666,-7.721580
357.000000,28.473490,-15.511100,70.573020,22.093052,-7.313386,-125.235766,-56.507658,-4.567436,-9.323542,77.213882,-28.345406,1.704995,-67.763181,8.586576,4.017019,41.760651,5.509900,11.960995,-40.248358,-20.592674,29.793804,-98.252681,16.668831,-58.014513,76.846841,4.499527,-7.879825,24.553929,-27.475549,-58.022737,32.997986,68.463931,13.112182,-7.096291,-10.561095
358.000000,31.399560,-17.326607,69.140530,19.163494,-11.038826,-140.362383,-60.010691,-5.690632,-17.176932,82.396684,-26.516019,-2.672867,-73.188633,5.995301,4.524210,56.988913,-0.595588,6.322945,-26.258502,-21.386284,29.793804,-95.061152,31.159224,-55.704222,80.136226,0.546286,-8.256945,23.033350,-41.868271,-52.323330,41.975747,60.391453,13.082435,-9.593051,-14.379679
359.000000,33.919415,-19.634712,66.498554,13.929924,-14.408644,-155.847978,-62.317396,-7.219223,-20.878541,87.168903,-28.000287,-7.982714,-78.079096,4.453537,9.028213,72.032432,-3.573230,4.678457,-12.186102,-23.040229,29.793804,-87.927225,44.445345,-51.359833,83.938483,-0.521623,-8.593268,18.218652,-55.577956,-47.411427,48.521158,49.855118,11.200340,-12.329962,-17.421770
360.000000,35.848683,-22.078018,62.727332,9.173118,-17.264366,-168.106962,-68.211938,-6.904512,-21.603171,91.763933,-30.852712,-11.891712,-82.230164,4.489401,15.948579,85.727145,-5.021910,7.459063,-0.388074,-23.264198,29.793804,-76.662241,53.658506,-42.694464,86.932223,-3.227934,-9.109083,14.498328,-67.993447,-42.983344,53.127349,38.852011,9.454923,-13.752301,-19.318840
361.000000,37.364593,-24.706230,58.081937,5.104081,-19.564151,-177.196096,-75.977023,-7.083854,-20.902633,98.338072,-33.804645,-14.808209,-85.699558,-1.195068,19.888937,98.387318,-6.751102,8.544715,9.786158,-22.405759,29.793804,-62.703247,57.894152,-32.804582,88.176205,-9.190936,-9.641224,11.345964,-77.980966,-38.337702,55.058886,29.409452,8.806638,-14.469314,-20.830632
362.000000,38.337481,-27.728856,52.680898,2.697349,-20.037365,178.679358,-85.253062,-9.320398,-16.000596,111.119057,-35.046165,-14.262944,-85.542990,-15.728133,22.418542,107.488039,-11.008786,9.569464,16.107719,-19.056257,29.793804,-45.862603,58.062195,-22.043085,88.312099,-14.196580,-8.784626,9.009008,-86.318838,-33.070499,55.696778,22.070476,7.756650,-13.884271,-22.111175
363.000000,38.392115,-29.845485,47.139212,2.100226,-16.224982,178.465148,-89.954377,-9.438820,-9.823463,123.340895,-37.779327,-14.337776,-76.339419,-31.001563,22.874305,108.331807,-33.476062,13.286358,19.204928,-14.196947,29.793804,-26.003336,55.315288,-10.550020,88.083192,-21.578424,-7.319857,9.573567,-90.817207,-25.059812,54.106071,16.918191,5.478674,-12.871833,-23.111714
364.000000,38.373223,-31.857473,41.864520,3.569889,-10.394012,177.651313,-89.954377,-8.567547,-6.623892,134.499648,-44.079596,-13.720613,-70.718925,-40.286819,24.141152,108.611216,-47.855017,14.016984,22.903668,-7.733045,29.793804,-9.753286,52.237915,-2.324377,87.874953,-28.190351,-5.726324,10.225784,-92.694136,-18.318009,50.974204,12.091688,3.734972,-11.772354,-23.917051
365.000000,38.572380,-33.611402,37.506056,7.870280,-4.729408,179.086325,-89.954377,-7.615243,-4.717242,143.727029,-48.861558,-10.545857,-68.267604,-42.372404,25.799329,114.682141,-43.602900,14.982863,23.875881,-0.630274,29.793804,1.320930,50.771614,4.264861,87.165460,-31.948234,-4.600327,9.962528,-93.599922,-15.815631,48.592865,6.966825,1.469558,-10.936939,-24.643268
366.000000,38.895082,-35.389978,34.089297,11.705737,1.308497,-179.251932,-89.954377,-6.122004,-0.807323,150.476663,-49.866709,-6.208626,-64.246822,-42.280319,26.387712,118.972470,-38.145258,15.000035,22.467188,3.187679,29.793804,10.746095,50.210551,12.454992,84.360650,-35.202180,-4.530478,10.304659,-91.450093,-18.583838,47.316296,0.142711,-1.042125,-10.215156,-25.236180
367.000000,38.909301,-37.444836,31.946886,14.646895,6.307193,-177.500871,-89.954377,-6.538199,4.059532,155.362420,-48.752784,-2.400793,-57.284605,-40.415394,26.077106,119.161488,-32.030800,15.000035,20.084494,3.072895,29.793804,16.200239,50.680857,20.990023,81.737864,-38.705401,-4.993145,11.493649,-85.892873,-26.480746,46.660652,-7.606844,-0.785785,-10.913474,-27.895452
368.000000,39.129952,-39.729810,31.781402,17.232624,10.833076,-175.574546,-89.954377,-6.023723,8.915130,156.444704,-41.095462,0.221835,-49.870831,-35.193048,24.171307,116.920394,-20.104373,15.000035,18.278869,1.948193,29.793804,16.787428,52.010968,28.800118,79.303551,-41.323355,-5.886396,13.818933,-78.357911,-38.072154,45.315911,-13.860327,0.874974,-12.900989,-30.745168
369.000000,38.184902,-42.392194,31.663185,24.347405,12.271850,-176.872624,-89.954377,-8.829514,4.555739,159.042416,-38.458534,-3.068567,-48.347149,-28.374655,20.746718,113.838729,-10.313297,15.000035,18.888996,2.769980,29.793804,13.557122,51.313408,33.157389,75.759734,-43.272544,-6.993726,14.877136,-73.442080,-48.029156,42.381512,-17.643089,3.530957,-14.712250,-32.809818
370.000000,38.218576,-46.667382,30.534470,25.386879,17.211154,-172.866196,-89.954377,-7.657439,14.399668,157.983136,-24.889462,1.427079,-52.042104,-36.258158,21.919513,105.051356,-7.444951,14.878356,14.762327,2.346748,29.793804,9.921710,52.247300,32.430834,74.620554,-43.215864,-6.283508,15.490927,-70.424776,-56.488434,41.140627,-18.258462,7.728444,-15.720901,-34.266362
371.000000,38.223720,-51.086140,30.501422,26.959855,21.537917,-173.135027,-85.679962,-7.810037,19.765440,154.917037,-13.364362,0.160365,-55.690521,-39.521520,14.285452,94.481003,-8.155149,14.801848,13.801857,1.702702,28.658760,6.871872,52.457738,30.949670,76.296690,-42.201020,-5.777796,17.017746,-71.034309,-62.067643,40.492070,-17.159983,9.954801,-16.592833,-34.906563
372.000000,38.704866,-55.681843,30.537233,28.825215,27.131057,-175.842303,-80.109206,-5.586462,24.365390,149.123807,2.478615,-1.880573,-56.964669,-36.184945,4.828287,89.674373,-8.451720,14.803948,14.307648,1.955902,28.227229,7.120334,51.104855,30.135594,77.927855,-43.204631,-4.709670,22.877358,-75.111262,-65.868493,40.911177,-14.893712,11.160569,-17.457892,-35.075364
373.000000,38.758233,-60.233891,30.200770,29.891176,31.742354,-179.167687,-77.715511,-4.328768,25.220967,140.406464,7.656200,-3.241029,-60.111279,-34.883678,-1.642158,97.148677,-10.260215,13.749706,14.301180,2.437893,28.288260,12.137998,45.210877,33.776279,75.468837,-42.998394,-6.995362,23.310290,-82.141583,-66.490191,43.065043,-12.725900,9.902363,-17.280116,-33.124413
374.000000,39.163879,-63.169909,31.417751,27.376696,34.017687,177.671668,-76.928646,-0.146782,16.552642,126.906581,0.415201,-6.376736,-63.424904,-29.068670,-5.316865,110.914274,-14.965715,12.804434,16.691164,1.197272,27.993788,15.711802,39.541792,31.348010,73.617036,-41.154383,-6.993671,24.063737,-89.213732,-65.783464,46.193546,-11.286688,9.463854,-17.638562,-33.112846
375.000000,40.010899,-66.115826,32.387531,23.228836,35.449960,176.324441,-76.379642,8.881658,11.096132,108.442210,-2.910346,-3.841269,-63.201332,-21.664984,-9.734790,124.753719,-19.348167,11.554611,21.825793,0.253592,28.058579,13.931273,35.948775,28.644128,74.214998,-39.729960,-7.058929,24.768858,-92.205757,-68.271395,47.129852,-10.357792,7.640830,-18.444902,-34.252733
376.000000,41.084579,-69.758815,32.922474,17.512648,35.172633,175.523455,-75.363877,14.446825,8.060151,85.804115,-3.443557,-2.259448,-60.722663,-18.257825,-14.368570,135.425152,-21.080079,7.918028,27.973120,-1.464577,28.303054,11.105652,32.446199,25.755479,75.206366,-37.224876,-6.743641,24.266117,-90.823969,-71.541703,45.650334,-8.719240,4.742361,-19.049848,-36.403214
377.000000,41.805008,-73.669088,33.677092,11.616387,33.597907,176.454685,-73.217606,16.519770,3.300227,64.542870,-1.188783,-3.062224,-55.758198,-17.237181,-15.820554,140.366507,-29.852349,3.124238,32.856656,-4.344023,28.602215,9.737431,29.952760,20.311463,74.218809,-37.404411,-5.108520,22.827681,-82.484096,-75.493022,39.625312,-5.789688,5.793994,-19.232103,-36.748607
378.000000,41.523704,-77.486730,34.629092,6.577131,32.356980,179.699938,-73.366279,13.847135,-7.226637,60.214012,-1.793279,-4.963416,-52.124753,-21.221084,-8.941341,140.489014,-41.386934,0.601328,34.699413,-7.115221,28.711796,10.260984,28.672885,18.521689,73.801669,-38.014531,-2.826783,20.425119,-64.764257,-76.626895,27.753649,-1.122571,9.354175,-18.974406,-35.521092
379.000000,41.380107,-80.209285,35.376516,3.806257,33.868909,-174.987059,-74.206713,9.192493,-17.863494,75.596684,-4.335172,-7.932158,-54.161911,-21.666043,-0.712606,139.463133,-30.426259,5.569491,32.730980,-7.044690,29.320049,11.509212,28.676368,18.973454,74.875307,-38.608717,-0.702889,18.736834,-44.125300,-72.901799,15.346291,5.770846,13.616157,-18.335954,-32.917574
380.000000,40.043551,-81.881720,36.623499,5.385572,32.708438,-172.089011,-75.731478,6.337600,-32.005392,96.339607,-8.776505,-13.988010,-54.873385,-10.989134,4.825802,137.870824,-21.321967,14.662787,30.154869,-6.613154,27.506946,11.383689,28.470923,21.315970,80.627030,-34.357774,-0.225163,13.112698,-26.861706,-65.095200,4.677726,14.426364,16.670974,-16.998766,-27.271311
381.000000,40.563893,-85.892659,37.754676,0.805502,34.018153,-160.827720,-74.443229,2.604355,-31.305243,117.168384,-12.711499,-6.919556,-55.825790,-22.786969,17.814535,128.715898,-11.106528,9.955533,22.529820,-6.911320,29.588724,13.076488,29.308687,17.278914,84.008123,-31.732065,0.545820,12.557456,-13.743845,-56.145401,-0.441664,26.740283,20.453727,-14.445346,-21.648819
382.000000,39.382568,-90.119374,37.566003,-2.461283,30.723965,-148.859211,-75.365373,-0.722150,-33.634512,134.201510,-16.682911,-4.559996,-56.680700,-34.150212,35.118654,117.159123,-10.697924,13.107466,13.211114,-10.468152,29.652382,14.688363,27.713069,10.790972,83.249959,-28.353001,-0.070805,14.878517,-5.035612,-46.551608,-2.160641,40.255103,27.358779,-11.426229,-18.281454
383.000000,39.394495,-93.478334,36.869171,-4.938481,26.813434,-137.950483,-74.466336,-5.553024,-30.112624,143.089950,-22.873156,-5.492352,-57.700482,-41.220151,43.341986,100.693292,-7.943979,14.809882,3.220956,-12.002329,29.793804,15.887611,25.603584,0.396676,76.447787,-20.795959,-2.600554,19.839627,0.628561,-38.441377,-3.361470,52.264608,36.709641,-7.243921,-13.809294
384.000000,39.347631,-95.921308,35.902750,-6.003653,23.529381,-130.182334,-75.430157,-8.981535,-24.458810,145.063219,-35.480456,-5.084613,-55.906666,-42.416066,44.349658,82.735939,-3.121599,15.000035,-4.727111,-10.349593,29.793804,17.495074,26.376715,-8.700292,61.664396,-9.532944,-5.203354,29.371555,5.362501,-32.948829,-3.945241,62.255972,41.875381,-2.985953,-7.792292
385.000000,38.943249,-98.492163,33.595890,-5.992106,22.682556,-125.655937,-81.213497,-7.618009,-19.383150,150.207539,-40.987047,-1.903712,-58.059634,-42.048912,43.595434,66.418167,4.796697,15.000035,-10.140208,-5.122853,29.793804,18.729270,27.932515,-9.976256,42.496484,-3.926324,-7.776285,37.861658,10.238372,-28.558302,-3.572809,66.006333,39.526052,-0.631809,-2.394167
386.000000,39.107114,-101.084352,30.822632,-7.265963,21.468601,-125.629175,-86.254935,-7.074748,-12.461918,156.156416,-38.510089,-0.958471,-65.725667,-38.873400,39.286606,50.907691,12.097258,15.000035,-13.508134,-1.340330,29.793804,18.159400,30.214933,-8.291942,24.523145,-4.870502,-10.274555,43.683653,13.141688,-25.981317,-0.986750,63.564513,41.190812,0.230400,0.090206
387.000000,39.484733,-102.996540,28.406829,-11.312752,18.242799,-128.301411,-87.623868,-6.153519,-3.529808,159.644498,-37.017071,-2.672874,-72.923348,-31.313518,29.123298,38.402100,15.982938,15.000035,-16.991588,-2.794410,29.793804,13.841636,33.437085,-5.458070,10.850320,-5.715819,-12.210486,50.814832,11.509363,-24.982573,2.620572,61.503033,43.812877,0.987303,-0.500138
388.000000,39.547792,-104.586256,26.041615,-17.356437,14.529403,-129.292080,-86.065506,-3.503814,5.680044,162.237033,-38.260606,-2.011614,-78.773378,-25.857834,12.437477,35.065945,16.699765,15.000035,-22.596880,-5.990405,29.793804,3.290648,38.275721,-4.577786,0.476365,-3.534557,-12.725823,53.317631,7.975273,-25.035556,6.318210,61.583479,44.681168,1.407381,-0.578538
389.000000,40.066934,-106.029046,24.810152,-23.663086,10.619031,-129.144175,-81.711185,-0.066957,15.387832,162.236104,-39.568949,-0.066192,-80.031096,-23.964957,-6.216950,38.765866,14.417776,14.846456,-29.403736,-8.831686,29.793797,-13.730840,42.675671,-7.654821,-8.229235,0.557499,-11.510552,48.283618,2.812565,-26.599096,9.381452,61.695637,43.385539,0.630573,-1.375119
390.000000,40.752387,-106.822574,24.763316,-28.762366,7.042027,-130.154559,-76.869988,1.479127,24.042645,159.758439,-39.045466,-0.119506,-76.991900,-19.050731,-19.704705,44.942518,11.777533,9.256791,-37.395480,-10.530963,29.669164,-31.752194,43.682297,-15.923498,-13.986399,4.053107,-10.787370,42.460400,-3.141841,-30.437994,11.412785,59.167572,40.885215,-0.977728,-2.634236
391.000000,41.324192,-107.270133,26.091650,-30.754859,4.679935,-131.640932,-72.757449,2.370960,28.973628,156.099657,-38.185282,-2.065572,-74.372195,-5.765619,-16.433341,49.019025,8.743704,5.741025,-47.586754,-9.909671,29.064839,-43.979428,41.008432,-26.997856,-15.863408,3.348904,-10.785787,36.388601,-11.538376,-34.043387,15.706698,56.977513,37.227567,-1.963851,-4.661530
392.000000,41.979995,-107.681501,29.057816,-31.357836,1.520850,-134.249517,-69.737543,1.801602,32.425524,150.011417,-35.106698,-6.829850,-72.295435,6.451624,-10.228811,53.531321,6.702226,0.857885,-57.457232,-7.381160,29.595032,-49.673971,35.620885,-35.707133,-11.761173,0.269540,-10.543621,29.277442,-21.553639,-35.328846,20.586067,56.537021,31.967949,-2.706508,-8.847875
393.000000,43.138483,-108.395839,33.090344,-32.776738,-3.363826,-137.913549,-68.226159,-2.330663,35.732753,140.909999,-30.593298,-14.880875,-70.828105,10.435079,-8.411697,61.030882,2.515343,-3.386792,-64.196941,-4.752750,29.793804,-52.881845,28.849199,-42.520059,0.024292,-1.316273,-9.126361,24.214667,-30.699959,-36.212119,25.099564,56.239064,28.529598,-3.501976,-10.825481
394.000000,43.322504,-108.503950,37.365988,-35.379739,-10.067383,-143.271395,-63.689287,-3.619255,31.708317,131.444914,-29.490073,-14.915209,-71.202004,14.030326,-4.960497,72.561123,-4.761941,-1.954876,-65.681790,-3.224146,29.793804,-56.863531,22.398917,-47.321265,17.050104,-5.285671,-7.622127,21.528685,-39.724578,-36.434189,29.343278,57.633635,27.365761,-3.807519,-11.115387
395.000000,42.053801,-107.548618,40.790606,-38.324393,-18.451536,-153.642785,-56.191078,6.247130,19.456436,120.311241,-28.463726,-11.199767,-73.202266,18.973277,-2.179671,87.245688,-12.402218,0.126312,-60.545365,-1.750941,29.793804,-61.613525,17.385944,-49.004353,34.686146,-14.980838,-7.230474,19.656858,-47.871710,-35.467362,33.272532,59.167197,28.188561,-5.208648,-13.881992
396.000000,42.197055,-107.234371,43.662265,-40.631051,-26.202911,-167.209727,-54.227556,14.136134,10.345512,105.266800,-24.818592,-4.957577,-76.560144,21.031435,-1.338164,104.573475,-18.844483,2.649548,-51.710563,-0.656115,29.793804,-66.606926,15.719286,-46.957919,48.428480,-26.275956,-6.513840,19.884856,-55.115443,-33.779790,35.437634,59.998212,28.495826,-6.404579,-16.650029
397.000000,42.291829,-107.192492,46.448955,-43.098992,-34.729759,172.740057,-52.461075,14.433395,-2.169732,86.778892,-20.628667,-7.010755,-79.988181,19.920675,0.270110,119.575671,-21.869547,2.753182,-37.557602,1.435545,29.793804,-72.590970,18.098169,-43.035714,59.276978,-34.350404,-5.905533,19.679428,-62.581499,-32.033290,37.401839,59.615558,28.324550,-7.115525,-17.708888
398.000000,41.549793,-107.590854,48.457688,-45.637391,-43.172576,149.301392,-46.505119,22.329190,-11.837522,69.712175,-11.650052,-6.218098,-81.978628,14.048322,5.837910,127.167850,-23.327382,-1.055553,-21.116027,5.489733,29.793804,-77.071308,22.755730,-38.877037,65.342330,-38.556124,-6.535789,22.520390,-69.616512,-30.337037,39.089524,58.657460,27.355000,-6.952971,-16.740510
399.000000,39.995191,-108.279979,48.884779,-46.363600,-50.513778,129.080495,-37.471951,37.813409,-12.653667,54.800647,-7.012255,-1.553139,-81.535636,2.082057,12.067974,122.513035,-23.329838,-7.353540,-6.897680,11.878932,29.793804,-76.630010,27.590756,-35.350508,64.178151,-42.971684,-8.040772,24.036785,-74.900462,-28.795500,41.038652,58.053166,25.055675,-6.211021,-14.445070
400.000000,37.627491,-108.942688,47.168255,-44.684906,-55.746800,120.270819,-20.982657,37.787000,-17.654173,43.412139,-35.103662,-8.755906,-73.983871,-19.142409,12.752076,104.338134,-24.903698,-5.253655,-0.668905,18.668077,29.793804,-71.472138,31.373962,-34.598887,56.487854,-46.947124,-10.374870,27.899730,-76.998048,-29.100441,43.525309,56.347958,23.023463,-4.842592,-13.771984
401.000000,35.504144,-107.426739,44.685009,-43.512462,-57.591685,121.267451,10.844419,29.748192,-65.049321,-2.295957,-50.000308,-15.000035,-57.863969,-44.630799,-1.461250,74.269769,-24.941781,2.709296,-3.479224,21.798235,29.609997,-67.309984,31.497076,-31.764990,54.665221,-44.727156,-11.896743,25.495887,-74.528654,-29.847578,41.832139,53.548727,20.279580,-4.647992,-11.487967
402.000000,34.586671,-107.653689,41.922310,-40.301698,-55.453777,117.194315,10.663239,17.342888,-50.274799,17.885489,-49.036643,-15.000035,-44.240969,-52.765390,-14.554705,40.525227,-16.721131,11.207875,0.229631,21.083857,29.793804,-62.401127,31.980971,-30.401732,52.105509,-44.149796,-12.034852,26.626092,-70.924288,-28.998893,41.277562,51.885163,19.303378,-5.061698,-14.681218
403.000000,34.736723,-108.321524,40.194944,-38.703255,-54.015819,110.395546,5.756838,9.725492,-34.016757,37.985315,-48.203042,-15.000035,-44.056957,-52.637068,-15.388836,19.478516,-9.368014,14.978193,6.303957,19.086453,29.793804,-59.798081,33.855137,-28.671287,51.250857,-42.631462,-11.282085,24.857324,-69.788728,-27.119100,41.533363,52.421593,19.182540,-4.675682,-12.818669
404.000000,35.307142,-108.517861,40.105304,-36.917056,-53.262418,109.654652,6.212392,10.051723,-29.795502,38.804965,-40.513858,-15.000035,-47.291803,-52.625009,-9.666653,19.391257,-8.651625,14.780179,8.722254,18.228346,29.765637,-59.646389,34.595434,-27.822118,52.348769,-41.740338,-10.376696,22.702029,-69.669412,-25.514889,42.471421,54.106307,19.453994,-4.296777,-11.293318
405.000000,35.733330,-108.780587,41.343850,-36.223881,-55.864075,114.153593,4.889083,15.223786,-31.451884,33.226183,-32.199793,-15.000035,-50.894953,-50.756932,-2.960847,39.734960,-13.537075,8.903345,6.196515,21.109335,29.008595,-62.230912,34.341337,-28.572165,54.483463,-42.478343,-9.912233,21.538278,-71.117726,-25.318294,43.889307,55.257921,21.380328,-4.397444,-12.354164
406.000000,36.190227,-108.855963,43.538094,-35.777842,-56.404836,123.344917,0.548407,17.263020,-35.056854,26.807500,-21.889691,-15.000035,-55.144560,-45.044278,7.113471,69.742454,-21.144702,4.092815,-0.056463,23.193422,29.793770,-66.346900,32.762037,-31.163045,57.090023,-42.208011,-8.880123,21.822639,-71.883015,-26.955062,43.524493,55.328104,22.650477,-4.840189,-14.551458
407.000000,37.101042,-108.702207,47.075522,-40.418256,-55.109285,130.361789,-10.151072,13.987194,-36.150610,22.590239,-11.008529,-15.000035,-60.309238,-33.960749,10.373656,95.240813,-26.822167,2.110588,-6.155981,22.729077,29.793804,-74.014935,28.737089,-33.993087,63.597059,-41.007995,-7.500366,22.857733,-72.455958,-30.052501,42.083374,55.401693,23.891781,-6.141995,-19.131532
408.000000,39.420554,-107.988358,50.749731,-44.967404,-52.502126,140.211866,-24.689887,7.840832,-29.958415,24.128639,-3.674926,-15.000035,-66.946085,-20.309781,5.127131,111.954669,-29.097668,2.506123,-13.489372,20.416036,29.705999,-82.442473,24.210046,-41.028349,69.174168,-37.316407,-6.713923,29.535466,-73.008165,-33.802500,40.490365,56.355040,26.341255,-7.516716,-23.415084
409.000000,42.350295,-107.442343,52.801198,-46.662191,-48.479186,155.317796,-38.129862,0.348883,-14.374966,36.021520,-3.133499,-15.000035,-74.396818,-10.610853,-2.625493,116.131138,-29.046520,3.296267,-23.358086,16.923643,29.793804,-89.337618,20.135669,-51.810359,69.923843,-20.239708,-5.570902,35.464227,-71.426020,-37.392192,37.064394,57.808426,27.826430,-8.562875,-23.592705
410.000000,45.207989,-107.004464,52.904356,-45.176302,-43.098998,173.909257,-47.346407,-5.449843,0.909793,55.434071,-7.339542,-15.000035,-78.943326,-6.459694,-6.301297,109.316549,-29.439382,1.939560,-34.484242,13.002805,29.793804,-94.845988,18.593629,-62.651467,63.567642,-0.399773,-5.436700,35.566479,-66.346518,-39.914785,33.498943,59.071246,29.726411,-9.211065,-23.212360
411.000000,47.600594,-106.369007,51.256078,-41.862820,-36.751904,-168.405532,-53.286236,-8.333834,10.197326,78.258060,-12.751886,-15.000035,-80.653066,-6.019234,-7.055386,95.586879,-26.901506,-2.631321,-42.848307,10.758326,29.793804,-100.121107,17.501917,-65.218737,52.817645,8.033567,-7.244482,29.039594,-57.450757,-42.859881,29.959747,59.345731,32.823707,-9.540745,-21.998240
412.000000,49.635896,-106.092381,48.380125,-38.445468,-28.809896,-151.381825,-57.647425,-11.166212,17.769506,100.433335,-16.599890,-15.000035,-80.471137,-4.838926,-2.688361,79.146313,-21.019492,-2.439050,-49.411829,9.849769,29.793804,-105.583858,17.582329,-64.452370,40.849910,7.046543,-10.026912,24.155574,-45.310915,-45.918525,25.064049,59.285420,35.515478,-9.955230,-21.663779
413.000000,50.698096,-105.796230,44.388926,-35.465527,-19.918779,-134.365071,-61.111553,-13.205910,25.489484,119.236088,-16.901378,-15.000035,-78.045013,-3.162656,7.247217,62.711908,-12.955633,1.025141,-54.657544,11.066552,29.793804,-112.107768,20.488590,-64.326257,31.204197,5.474829,-12.168421,26.933254,-30.456363,-48.120889,17.106572,59.487034,37.498777,-10.959724,-22.672670
414.000000,50.320238,-105.271959,39.986214,-33.475514,-11.710295,-120.048618,-62.862834,-13.235021,33.046979,132.553126,-16.121724,-15.000035,-74.444452,-5.057255,16.949886,49.279870,-4.185049,3.651998,-56.747964,13.963430,29.793804,-120.769629,27.001066,-66.854097,28.087514,6.318413,-13.099179,33.631807,-14.726526,-48.365772,8.093854,60.235390,40.806856,-11.754346,-22.654105
415.000000,48.530066,-104.596710,36.411706,-32.796396,-5.701085,-108.943391,-61.961721,-15.574266,33.550589,140.125333,-22.653371,-14.950084,-70.035523,-9.347569,23.228201,39.942417,4.798860,6.733232,-56.324148,17.721211,29.793804,-130.018388,37.356825,-73.224826,30.504707,2.696453,-13.380195,33.206597,1.413916,-46.520275,-3.068615,59.700675,43.444043,-11.524838,-20.336229
416.000000,46.935794,-104.359937,33.719131,-32.486536,-1.280845,-100.546723,-58.933413,-17.296317,28.757514,146.483092,-30.626333,-10.382799,-65.415467,-12.967236,26.314479,35.518988,10.643588,11.076070,-52.997699,24.372659,29.793804,-136.745578,50.568214,-80.214090,35.580562,-1.709298,-13.328789,28.290428,15.914395,-44.262932,-15.270406,59.952908,47.346192,-10.713147,-15.198952
417.000000,44.612768,-104.962504,32.005906,-32.780583,-1.829004,-93.313985,-53.151395,-23.673594,22.556691,149.573916,-32.792548,-11.311779,-63.358959,-19.945655,26.808020,38.028004,12.491878,14.996536,-45.778141,28.479334,27.091244,-133.388253,67.810289,-80.214090,37.341505,0.781188,-15.495575,23.756919,27.365792,-36.486905,-29.037935,59.861888,49.512752,-10.753131,-12.326541
418.000000,43.122163,-105.571377,31.235173,-33.796948,-2.185732,-89.061709,-50.643773,-22.997920,22.050402,151.085396,-25.850478,-8.946969,-61.649656,-26.603266,23.797564,45.198702,16.220624,14.999456,-39.197370,29.331691,25.509372,-119.136804,87.046000,-80.214090,40.554258,7.329025,-16.869345,25.970640,32.040312,-30.998086,-32.104696,64.271199,54.356066,-9.200208,-5.917032
419.000000,42.588267,-106.942821,31.523433,-31.438677,-1.242800,-88.034933,-54.625725,-24.287873,21.783370,152.728412,-21.159972,-8.787919,-64.017157,-31.355360,20.767084,50.566783,21.589188,14.997639,-29.566755,28.650584,23.291896,-107.361578,100.333170,-80.214090,50.445195,3.280572,-17.559351,22.508870,31.337355,-26.055725,-33.364590,74.222552,56.834089,-5.518476,2.395654
420.000000,41.612235,-108.272350,32.729030,-30.694258,-0.678653,-90.977025,-56.837474,-26.205564,20.529604,152.980555,-22.222067,-10.191771,-66.394828,-28.597842,21.577520,56.676042,14.479325,15.000035,-17.483251,21.708301,21.455438,-97.769623,108.583117,-80.214090,64.047360,-11.208026,-14.461698,16.312809,30.058187,-19.087442,-28.195492,80.583152,60.543917,-2.270416,1.111540
421.000000,40.245855,-109.363210,34.423435,-28.970327,1.048758,-94.227666,-58.109248,-26.907148,17.218687,152.406328,-23.427489,-10.555229,-66.499582,-19.745127,22.825782,66.322373,7.797793,15.000035,-6.522496,11.856822,17.531631,-90.851754,116.972945,-80.214090,76.035892,-16.855237,-7.938847,5.365610,29.085869,-10.100490,-21.400943,81.522795,54.702958,-2.345690,-9.911317
422.000000,39.224926,-110.929072,36.121446,-27.128620,1.628827,-94.719589,-56.222385,-29.095622,13.471612,150.890408,-25.242474,-10.521182,-67.553153,-17.624444,24.746918,78.425140,1.122164,15.000035,2.322027,-0.806728,12.086272,-90.301911,126.115604,-80.214090,81.686494,-13.411518,-4.888249,-1.261793,29.064688,-1.241059,-18.558800,82.129951,47.059959,-2.108957,-14.770033
423.000000,38.954964,-112.005115,37.492833,-24.861681,4.888943,-91.433426,-55.187707,-21.251924,12.409211,148.901061,-16.632807,-3.195093,-67.506905,-20.791714,23.144258,91.282131,-8.912669,14.936481,10.256206,-17.552760,6.045840,-93.498412,129.001441,-80.214090,85.643271,-7.867259,-5.552842,-3.454866,30.529136,8.606177,-21.459923,83.135075,51.346391,-3.083843,-18.010480
424.000000,38.942099,-113.197815,37.797627,-23.466134,10.340503,-88.198518,-55.039348,-16.702896,9.132528,149.395047,-9.461614,-0.525373,-63.379627,-25.237030,18.313339,103.438509,-18.039916,13.128739,19.297549,-25.504524,-0.825778,-92.207240,129.001441,-80.214090,86.394195,-8.364270,-2.999860,-5.445039,31.591008,11.473425,-27.144589,82.578394,64.262422,-5.101347,-20.734424
425.000000,38.777283,-114.725566,37.297311,-23.726189,11.591939,-85.415175,-52.529773,-21.000607,6.831900,152.837354,-14.056966,-1.589613,-53.629259,-29.080005,18.062468,111.717477,-28.697310,14.844887,27.782529,-25.763595,-7.092779,-92.433729,129.001441,-80.214090,89.342624,-8.552221,-0.485915,-4.968128,32.487061,0.949626,-34.938467,79.802346,72.332250,-7.903282,-20.742045
426.000000,38.133809,-114.654684,37.091371,-30.169163,12.296291,-81.870916,-45.017521,-18.080078,3.765542,153.276139,-14.274134,1.005326,-39.064622,-29.473967,14.554363,115.575366,-34.663937,14.897727,39.062450,-28.165455,-4.150163,-91.671773,129.001441,-80.214090,88.647693,-10.123150,-0.390810,-0.395766,31.707975,-13.267010,-38.846291,78.718968,70.702164,-8.711586,-16.878021
427.000000,36.859721,-114.523876,36.845383,-39.397280,8.718670,-80.596114,-33.337139,-15.950554,1.670841,151.933856,-15.474094,2.899089,-26.376336,-28.999556,15.290931,116.368774,-38.055956,14.991640,54.130509,-28.977979,7.076154,-90.135172,129.001441,-80.214090,83.570220,-13.518965,0.030456,1.872715,27.281229,-29.361143,-43.288305,76.469131,63.260925,-9.414943,-12.908197
428.000000,35.035983,-115.133309,36.469930,-43.920622,4.490794,-81.105996,-25.653388,-18.259478,-2.876290,151.625377,-20.211035,0.726900,-21.441806,-29.841107,17.165263,119.070387,-39.488838,14.999615,63.043493,-29.759100,13.366311,-86.513232,129.001441,-80.214090,79.374735,-14.201139,-0.038244,0.512912,20.948796,-46.391683,-46.545581,67.354722,59.878404,-12.992973,-8.883984
429.000000,33.518785,-115.300584,35.971561,-50.433308,-1.788273,-82.223894,-19.276278,-16.412079,-1.456874,149.382958,-18.962331,4.003305,-18.418121,-34.231433,21.490164,122.215771,-36.989607,14.996129,78.508325,-29.233985,27.662104,-82.093567,125.275382,-80.214090,69.684950,-22.416141,-1.691065,19.723590,10.290085,-61.653905,-49.984052,62.653831,52.372729,-13.187197,-5.521841
430.000000,32.285190,-115.965533,35.461244,-50.681093,-4.724206,-81.918304,-19.434934,-15.112273,-2.841385,149.944195,-21.032972,5.026187,-20.485742,-37.233352,23.980215,125.555365,-35.379717,14.991483,84.823846,-29.550629,29.793804,-80.108413,122.444064,-80.214090,64.349411,-24.764820,-5.315298,40.335078,3.990877,-77.952157,-45.776211,52.092654,44.022263,-15.483728,-1.974282
431.000000,30.688673,-117.303026,35.850489,-49.077250,-6.773900,-81.385317,-16.235302,-17.593802,-8.871340,149.747649,-28.063680,1.369907,-18.642870,-38.598775,23.990360,127.312595,-36.474921,14.997176,86.976025,-29.767713,29.793804,-81.618964,122.706152,-80.214090,61.809414,-24.774081,-6.273695,41.737336,2.315982,-94.310412,-42.371898,37.966221,38.803941,-20.554553,1.263101
432.000000,30.200127,-117.305708,37.552765,-49.244646,-3.420804,-78.933682,-15.131700,-10.260597,-12.217404,147.585252,-26.366712,3.819498,-14.065359,-33.048195,17.136909,125.609774,-32.841763,14.855822,87.333346,-29.771470,29.793804,-83.490969,122.566761,-80.214090,56.863750,-24.131033,-7.158939,46.343435,0.328624,-106.869702,-43.432367,20.775707,34.170934,-22.018105,-2.092066
433.000000,29.549912,-118.414092,40.251449,-50.907719,-0.792517,-78.878287,-6.405129,-4.129997,-15.193607,141.965782,-26.792705,0.068024,-5.428493,-27.711213,11.455128,121.365782,-32.310299,14.894179,87.820735,-29.788992,29.793804,-87.030346,124.387539,-80.214090,54.558871,-22.104107,-7.199187,47.889837,4.058872,-115.584040,-49.172222,7.718828,35.092532,-23.846788,-5.279973
434.000000,29.178706,-120.274377,43.405071,-54.789752,1.214816,-80.255281,7.752859,1.942391,-14.765534,133.225886,-26.245577,-6.443154,4.929912,-23.360610,8.038734,115.038486,-31.051833,14.948067,87.830994,-29.793804,29.793804,-93.233346,128.984953,-80.214090,52.752256,-17.740648,-8.352812,49.421224,9.583022,-120.021464,-55.723972,1.271684,32.663355,-25.424109,-7.829844
435.000000,29.154539,-122.409976,46.400759,-58.081330,1.575338,-81.679469,20.670973,3.934165,-12.942154,124.125765,-25.446594,-13.444968,13.817488,-23.800764,5.275078,108.313017,-29.313096,14.994661,87.637365,-29.793804,28.650386,-96.152056,129.001441,-80.214090,55.631754,-11.538924,-8.615483,50.906489,13.514433,-120.184869,-55.628961,0.010388,26.833185,-25.573140,-9.890296
436.000000,30.048087,-124.030042,49.376631,-60.979988,1.768425,-82.140584,30.117381,5.964455,-10.028114,115.284714,-24.889925,-14.667987,22.016657,-26.341487,0.879440,100.114263,-26.886049,15.000035,85.043375,-29.793804,24.984429,-98.363795,129.001441,-80.214090,61.688506,-5.356907,-9.027643,51.085358,16.690781,-116.920435,-51.374214,-0.015210,23.470559,-24.617405,-10.707472
437.000000,31.397569,-125.653386,52.351439,-62.642057,4.726577,-82.363497,38.412034,8.669849,-8.098613,106.106524,-26.192689,-14.892562,29.095400,-25.496536,-3.513374,90.553453,-24.954950,15.000035,79.529664,-29.793804,15.290283,-95.712042,129.001441,-80.214090,69.044565,1.183988,-9.071101,48.590519,20.226728,-112.863781,-44.703486,1.089900,20.636165,-23.965763,-11.037217
438.000000,33.554187,-125.571382,55.655849,-62.753692,8.703706,-80.450653,38.828758,10.964887,-6.679158,99.505707,-22.486637,-14.749957,32.175098,-22.044755,-6.778512,80.317233,-19.609900,15.000035,70.840741,-29.793804,5.299621,-92.024382,129.001441,-80.214090,78.566976,8.151489,-8.273055,43.687440,24.014312,-107.767476,-39.102539,5.076595,17.057122,-23.762035,-12.562790
439.000000,35.282379,-127.070856,58.618474,-59.831861,11.655661,-79.016500,40.395241,10.924631,-6.208589,92.658264,-25.395241,-14.914473,35.552965,-16.036369,-6.512466,68.264052,-18.302201,15.000035,59.962231,-29.793804,-5.525263,-89.625005,129.001441,-80.214090,92.075246,20.339748,-6.423041,33.657557,28.408522,-101.378517,-36.119837,12.229076,15.896227,-22.538967,-12.582320
440.000000,36.900601,-128.211868,60.894001,-55.641217,13.015593,-78.059979,39.001951,9.739869,-5.848399,87.747597,-28.801303,-15.000035,36.408491,-11.954788,-4.060367,56.846650,-17.995216,15.000035,51.236148,-29.793804,-12.913083,-91.918261,129.001441,-80.214090,97.402828,32.608720,-2.361990,16.751847,32.964989,-93.169347,-35.524466,23.618905,15.252301,-17.842245,-8.243459
441.000000,38.439888,-128.747272,62.404072,-51.868807,14.552688,-77.338576,36.908997,9.628004,-5.352107,84.099177,-32.624450,-15.000035,35.409576,-9.707889,-2.793802,46.858216,-17.267449,15.000035,43.522358,-29.793804,-17.370450,-94.356277,129.001441,-80.214090,97.402828,42.713223,-5.211903,-5.327975,35.478376,-83.497253,-35.973353,38.061236,16.417683,-11.669068,0.431291
442.000000,39.771318,-128.764474,63.415247,-48.765432,17.176980,-75.691648,34.635196,13.105917,-4.783120,80.934176,-35.174518,-15.000035,32.980084,-6.798005,-4.399593,39.911404,-14.989596,15.000035,32.594411,-29.793804,-21.020740,-92.075567,129.001441,-80.214090,97.402828,43.072334,-11.926742,-10.117674,27.003651,-74.028739,-29.522110,57.007365,16.749647,-6.584945,7.838775
443.000000,41.042578,-128.232503,64.118087,-43.691253,20.682315,-74.245737,27.775647,18.912042,-2.953510,80.113112,-37.271465,-15.000035,25.926505,-3.258244,-7.797489,37.419448,-12.724709,15.000035,17.628609,-29.793804,-26.544516,-90.358854,129.001441,-80.214090,95.105822,32.163948,-15.764261,-8.749563,12.668728,-65.586338,-17.104252,76.269007,11.936026,-2.905530,13.441795
444.000000,41.875574,-127.252948,64.709288,-37.356255,22.484726,-74.434574,17.297886,24.701750,-0.068819,82.079517,-36.991949,-15.000035,15.932547,-2.525386,-12.493431,39.651051,-11.688445,14.948728,3.968625,-29.793804,-28.018723,-95.589884,129.001441,-80.214090,91.825623,15.019123,-15.205020,-12.009488,5.285941,-55.775137,-5.567411,77.331470,3.233760,-0.302038,16.164012
445.000000,41.900668,-125.670874,65.092194,-30.335734,22.918124,-75.912462,2.981750,30.592991,0.607070,88.056274,-33.197947,-15.000035,3.348558,-2.507561,-16.081856,45.848710,-11.904982,14.042199,-8.815978,-29.793804,-26.775632,-102.232052,129.001441,-80.214090,86.733164,-1.672169,-11.062929,-12.885534,-2.451905,-44.811867,5.070478,71.181800,-0.896839,-2.290543,19.798924
446.000000,41.229257,-123.845601,64.448708,-23.318577,21.437945,-78.674012,-12.642294,34.685722,-1.658405,96.294500,-30.079228,-15.000035,-12.239209,-2.656928,-15.390817,56.024927,-14.085161,14.547140,-18.277318,-29.733600,-22.853296,-107.473634,129.001414,-80.214090,78.021545,-14.329863,-6.285225,-8.879323,-11.624430,-34.665802,10.479147,66.313023,1.114110,-4.632428,15.957419
447.000000,40.726802,-122.019970,62.493968,-19.514754,19.243201,-80.560539,-24.853552,37.352997,-4.366875,104.283745,-31.405145,-15.000035,-26.231630,-2.502738,-13.540649,65.987769,-16.859972,14.935822,-19.810030,-29.317586,-12.734924,-109.621586,123.331223,-80.214090,70.347206,-22.550976,-3.813865,-3.984819,-17.987149,-29.792790,13.256637,60.635858,5.287407,-6.444760,10.982877
448.000000,40.845913,-119.828534,59.695232,-17.252446,16.935522,-81.330841,-35.220885,36.730357,-7.070952,109.066872,-37.743632,-15.000035,-38.953474,-3.206759,-12.018711,71.104311,-18.666021,14.974092,-12.675329,-28.987613,2.199159,-107.678875,109.369593,-80.214090,59.097966,-30.456845,-2.834289,3.305948,-20.377557,-30.700942,13.596931,53.363537,10.316400,-7.008573,6.681320
449.000000,40.577370,-117.631519,56.764042,-19.673234,3.907019,-77.013542,-32.011287,18.803552,-4.648554,110.016616,-42.984419,-14.849043,-46.264191,-12.078705,-2.435016,75.048083,-22.447256,15.000035,3.654449,-26.897966,22.539918,-60.855374,68.420962,-36.624492,51.851296,-15.371831,-11.219987,24.896642,-9.111545,-41.553341,3.187155,46.543013,14.295060,-6.964525,5.673649
450.000000,41.103116,-115.629053,53.600687,-16.751185,2.869345,-75.030951,-40.733185,10.622323,-8.489063,116.415903,-45.092977,-13.800175,-55.404305,-11.243746,-0.118853,66.178905,-17.475842,15.000035,-1.128559,-18.137494,27.205955,-62.333406,65.968822,-31.594338,42.883551,-3.288038,-12.484146,30.781364,-9.841690,-48.122439,7.345200,41.976830,20.144979,-7.280608,4.711595
451.000000,41.508904,-113.691545,50.200337,-10.371842,4.235959,-71.544211,-56.259595,4.767458,-8.983103,123.305364,-45.231989,-7.351655,-64.840441,-11.096067,0.361103,51.310953,-5.907971,15.000035,-5.526776,-11.198016,28.612120,-77.303432,66.000282,-36.548803,38.845502,2.529942,-11.499607,30.206341,-9.855477,-49.769481,10.571691,40.771967,25.356358,-7.346274,2.914712
452.000000,41.922048,-112.238228,46.791992,-4.713700,5.814292,-66.922607,-71.018067,-3.316158,-8.246935,128.912143,-43.390269,-2.829280,-71.409334,-12.020051,1.380105,35.775452,5.373102,15.000035,-9.088145,-4.816888,29.793804,-93.746819,64.528759,-43.040772,35.678193,4.270288,-10.242842,28.125192,-8.085113,-49.081022,11.787291,43.092893,29.100479,-7.067063,2.256323
453.000000,42.854756,-111.619604,43.232125,-0.941001,6.033332,-64.441697,-82.059675,-10.459627,-5.320419,134.439542,-40.729344,-1.102476,-76.507285,-12.318827,2.397132,24.723529,12.226252,15.000035,-10.534617,0.065456,29.793804,-103.799607,62.774944,-46.926203,31.364751,6.676911,-8.704799,29.220618,-4.994630,-46.190770,12.921913,48.081707,33.620466,-5.948517,1.797752
454.000000,43.848345,-111.614561,39.572269,1.063890,4.822404,-63.273856,-89.896593,-14.933896,-0.627335,139.928651,-39.029975,-0.883590,-80.580359,-12.123328,1.298516,18.717329,16.775158,15.000035,-11.420484,3.832322,29.793804,-107.684790,61.034557,-48.264330,25.610370,9.119383,-7.474107,34.546335,-1.225348,-42.284318,13.168093,53.935917,36.660081,-4.436797,2.482670
455.000000,44.975555,-112.090302,36.298400,0.222725,1.877315,-63.204472,-89.954377,-15.920667,5.037824,144.816662,-41.777474,1.269823,-81.024055,-10.143517,3.085617,15.815889,18.719672,15.000035,-12.047736,6.280514,29.793804,-105.229904,57.936595,-47.741055,18.905984,10.514803,-6.684381,41.020378,4.369386,-38.210728,12.839788,59.791346,38.011994,-3.296750,2.799706
456.000000,46.025091,-112.810671,33.093902,-0.460523,-1.375375,-62.647147,-89.954377,-15.642921,11.829676,149.606496,-44.058648,4.587187,-81.107219,-8.678655,5.347650,13.899020,19.952205,15.000035,-13.870080,8.052119,29.793804,-100.614793,53.372690,-46.134690,11.852768,11.404816,-6.071244,43.317978,10.173433,-34.809093,11.126189,64.163275,39.941447,-2.846419,2.522243
457.000000,46.908757,-113.580585,30.197179,-0.993354,-5.341036,-61.764733,-89.954377,-15.286074,19.062382,153.392156,-43.833340,6.636791,-80.772977,-8.244172,5.630482,12.819953,21.974959,15.000035,-17.427405,8.364618,29.793804,-96.633510,47.630099,-45.675982,6.416893,11.708554,-6.481562,40.802946,14.380589,-32.522871,9.261632,67.371190,41.452951,-2.637660,2.327801
458.000000,47.183508,-114.194596,28.123555,-1.645616,-9.601983,-60.408793,-89.954377,-15.000386,25.943551,155.179371,-41.478287,7.265235,-79.287206,-6.623295,8.823862,11.808739,27.900257,15.000035,-22.847521,7.637821,29.793804,-93.490120,41.182264,-46.913195,3.371246,11.492247,-7.019836,35.904413,17.004514,-31.700113,7.337130,67.673958,44.508709,-3.449373,1.977611
459.000000,47.246236,-114.520478,27.332214,-1.911403,-13.368481,-58.054715,-89.954377,-15.136056,31.171932,155.147296,-37.728599,7.655488,-79.194472,-5.194033,12.577741,15.269960,30.000069,15.000035,-30.302804,7.474468,29.793804,-90.635838,34.156560,-50.585317,3.470969,9.854652,-7.216353,30.342958,16.877251,-32.804313,6.269960,65.763404,46.103029,-4.349470,3.751711
460.000000,47.747454,-113.926578,27.578217,1.249016,-18.090516,-57.747808,-89.954377,-12.885890,37.242054,152.795744,-34.758744,8.067951,-80.374770,-5.841075,10.705139,14.553936,29.227049,15.000035,-36.675578,7.541156,29.793804,-88.716726,28.857799,-55.997835,6.830961,6.555282,-7.754536,26.081021,11.800301,-35.963798,6.203201,63.332232,46.513018,-6.207765,0.586916
461.000000,48.554257,-112.806916,29.296932,5.304900,-24.638979,-59.722005,-89.816885,-10.868345,44.393849,146.598071,-29.657696,4.938432,-81.502837,-4.400109,10.976915,18.327993,26.723153,15.000035,-42.473016,6.348091,29.793804,-85.252311,26.065312,-60.859533,13.584581,0.682891,-8.810153,23.972104,4.028509,-38.862147,6.742301,59.882379,45.116712,-9.761848,-11.603906
462.000000,49.176663,-111.786139,31.630546,7.487442,-31.566391,-65.858893,-88.871758,-7.842845,48.886864,139.827633,-21.488337,-3.647559,-82.446401,2.833876,10.327033,28.336846,18.928857,14.896935,-46.702586,3.936955,29.793804,-79.222695,25.638671,-62.890852,21.614948,-7.938253,-8.948228,21.533252,-5.972825,-41.209475,8.417763,55.023362,37.172137,-12.188175,-24.313626
463.000000,49.763313,-110.741007,34.280139,8.785170,-37.610073,-73.295106,-87.316790,-4.511007,48.477131,133.408156,-18.887075,-14.920178,-83.871984,8.363508,3.268407,42.976862,5.253414,14.898273,-49.574572,1.688542,29.793804,-74.055643,25.249357,-61.524411,28.964455,-15.261735,-9.170537,21.311389,-17.981089,-42.602584,11.111449,51.035344,27.655684,-13.513309,-35.003733
464.000000,47.960636,-111.330163,38.145691,16.165538,-46.281316,-77.706968,-76.471501,2.466417,36.262956,122.970234,-22.309117,-15.000035,-84.701456,11.969129,1.393031,57.975629,-3.924106,14.825568,-50.396981,-0.164712,29.793804,-73.248779,26.400373,-57.839449,35.616459,-14.065891,-9.527232,23.458462,-30.199196,-41.378447,13.995398,46.478935,18.907605,-13.908698,-42.996123
465.000000,44.796652,-112.883437,40.197095,27.906796,-54.724998,-81.959230,-64.450840,17.643951,21.331729,108.772654,-20.454403,-12.511605,-86.051258,22.516031,5.216976,72.661472,-9.827691,11.825534,-44.831828,0.214385,29.793804,-77.037868,27.169856,-53.875518,39.295622,-12.512811,-8.914741,28.125013,-39.650785,-39.064840,14.712087,40.557134,14.680126,-15.818023,-54.738779
466.000000,43.138471,-113.230622,40.938672,38.396499,-61.547281,-85.846454,-57.692566,31.137945,13.496032,95.080044,-16.098315,-0.253748,-86.913761,27.734190,3.731685,90.320878,-13.304915,11.377888,-35.460402,0.300124,29.793804,-82.174887,27.025276,-49.766801,37.753526,-12.736179,-8.975196,46.682564,-45.942540,-37.619009,12.705237,33.395448,9.424663,-16.325332,-66.172109
467.000000,41.754186,-113.650692,41.568229,52.226996,-69.366062,-89.012192,-53.112531,25.209059,-1.566046,82.441258,-13.755873,0.073857,-84.843155,29.776660,5.801122,103.840309,-13.121750,13.761235,-20.253073,-1.256891,29.793804,-84.872532,28.841106,-44.626424,32.021604,-5.975107,-8.483999,60.144849,-49.550946,-35.477089,7.227704,22.794341,3.026666,-12.572802,-74.035678
468.000000,40.093416,-114.485192,41.306165,76.332842,-74.917022,-86.112423,-42.979662,13.087220,-22.689689,75.177638,-20.653006,-10.155876,-81.624032,29.847811,11.244562,109.059912,-12.374818,10.951659,-0.364666,-3.852844,28.902004,-83.905985,32.896797,-38.834861,22.752631,-2.524077,-8.962997,61.333043,-51.622891,-30.259367,-0.010103,10.885245,-2.757285,-8.157544,-82.763827
469.000000,38.681296,-115.545058,39.827928,109.763774,-75.693553,-73.409016,-32.719215,13.773147,-33.699248,73.760531,-28.470969,-14.926166,-78.833634,29.658771,19.085577,105.062147,-11.060529,9.194705,17.727292,-6.055336,25.405572,-80.557683,37.933392,-35.049676,13.626130,-1.842892,-8.639829,63.270993,-46.833682,-23.999188,-6.012076,-0.391081,-8.596472,-5.633399,-80.485788
470.000000,36.619732,-116.991031,36.127812,127.737253,-72.189596,-62.813701,-22.267031,11.484834,-43.165973,72.466429,-42.338143,-15.000035,-70.743657,15.647340,21.849323,92.862699,-12.924435,7.585903,24.803685,-6.125019,22.677413,-77.007999,41.676424,-33.295738,4.512712,-1.490276,-7.854973,65.550616,-37.006416,-19.837122,-10.593231,-11.286888,-9.993902,-7.472749,-80.646420
471.000000,33.284438,-116.747570,32.449886,136.054983,-70.341837,-49.721174,-16.487660,8.762714,-55.675560,60.231579,-50.000308,-15.000035,-57.262943,-2.722063,21.441876,72.695425,-14.954493,10.580075,22.019659,-7.591394,23.055356,-74.071749,45.051859,-32.908555,-4.057986,-1.216194,-6.817951,68.951859,-24.550591,-17.100169,-13.672337,-20.981631,-7.926726,-10.776533,-81.493746
472.000000,31.322321,-115.048718,29.313117,141.988003,-73.392988,-37.186977,-14.924208,12.543685,-60.686217,40.907731,-50.000308,-15.000035,-41.047490,-16.636044,22.964479,48.651113,-15.517777,14.956410,18.286761,-11.555810,25.617461,-70.157975,47.601682,-31.959473,-11.102642,-0.723862,-5.888544,74.226760,-12.881102,-13.789322,-14.189954,-28.655003,-7.028985,-11.794249,-84.036066
473.000000,33.212575,-114.391434,26.203039,117.071602,-77.462254,-62.671955,-21.210507,24.813391,-44.312157,48.201475,-41.653123,-15.000035,-24.812703,-19.170292,28.939716,29.392155,-15.179161,15.000035,21.138993,-10.127880,29.078308,-64.171171,50.056896,-30.578863,-16.011838,0.392048,-4.794526,80.235393,-3.587613,-10.777008,-10.516616,-33.373042,-6.580125,-13.429409,-83.565111
474.000000,33.930871,-112.920272,25.504404,112.615306,-79.853784,-65.599230,-38.652857,36.468620,-27.375962,50.250320,-19.249870,-15.000035,-22.493975,-24.815817,30.702144,18.279955,-12.688402,14.994408,20.581542,-12.316569,29.634996,-58.385721,51.655327,-28.719965,-19.454172,0.800139,-3.736103,87.076927,3.035291,-9.159512,-7.118296,-35.786817,-7.758118,-14.223340,-87.538368
475.000000,33.567438,-112.104762,24.647194,105.051095,-79.612022,-72.797782,-44.221237,38.086853,-18.621599,55.273579,-19.743806,-14.985490,-22.392762,-21.950596,31.767329,16.260075,-11.597292,15.000035,20.434461,-11.809992,29.479762,-55.776445,52.209252,-27.971421,-19.706954,1.020685,-4.748379,90.754178,4.264607,-8.809186,-5.586012,-36.398887,-8.650414,-14.349036,-90.448719
476.000000,33.573788,-111.876833,24.415465,93.065090,-79.482141,-85.085876,-45.756042,36.344000,-9.788811,63.786522,-21.633564,-14.992161,-22.426052,-19.978495,32.623985,20.894968,-11.617730,14.164669,19.886927,-10.770480,29.221851,-53.396588,53.865652,-28.670658,-19.480586,-1.140117,-7.313619,79.853224,2.507859,-9.548721,-3.277643,-35.239961,-9.402267,-14.093924,-86.976906
477.000000,33.571544,-111.529636,24.128449,83.504974,-77.699738,-94.575333,-45.128634,35.056841,0.307075,71.784236,-22.363431,-15.000035,-20.285725,-18.316138,30.767038,22.319421,-12.957407,12.070937,18.793803,-9.422905,27.049940,-50.571462,54.112105,-28.255173,-17.568321,-2.848295,-8.473408,77.523084,0.697830,-9.634558,-1.168654,-32.127472,-10.269686,-13.181732,-87.549242
478.000000,33.684930,-111.223602,24.103226,81.917120,-74.957814,-97.670723,-42.875908,33.946450,10.633345,79.527752,-24.237681,-15.000035,-19.939154,-15.049675,26.929344,22.544781,-13.363169,11.095367,18.576190,-8.083024,22.339030,-48.226347,54.342679,-28.913413,-14.551139,-3.727677,-8.845209,77.164725,-1.085879,-11.223630,1.189537,-26.784360,-11.314727,-10.269639,-88.660193
479.000000,33.737296,-110.656190,24.198659,81.543580,-70.788436,-100.252498,-37.952728,34.372596,19.576774,86.763053,-27.447559,-15.000035,-19.372503,-10.081304,19.755537,22.382252,-12.848765,9.654274,18.001462,-5.540086,16.975537,-45.536349,54.159442,-29.446544,-10.850145,-3.410902,-9.264655,76.492921,-3.698872,-12.606152,4.598660,-20.632019,-12.433491,-7.796196,-85.320879
480.000000,33.800253,-110.238516,24.743000,80.422679,-66.650266,-100.621292,-32.003630,28.865175,25.844860,90.274303,-27.919662,-14.986941,-17.140406,-6.818332,9.782112,21.169784,-12.075355,8.048128,15.511781,-2.115976,12.463229,-44.448337,51.998951,-30.731275,-5.491890,-2.816687,-10.272616,77.709931,-6.915624,-13.676110,6.878374,-13.156359,-13.696387,-6.768948,-88.197188
481.000000,33.990073,-110.004020,25.558060,79.610421,-63.631937,-98.126739,-25.430647,19.065409,31.028631,88.541101,-25.802430,-11.682159,-14.704016,-5.724929,-0.537982,19.538227,-11.855707,5.943238,12.028956,0.915157,8.731731,-45.640929,48.785063,-33.745632,0.558518,-2.767502,-11.397147,76.294299,-9.601780,-15.174898,7.888523,-6.447781,-14.554003,-7.194972,-88.264766
482.000000,34.340516,-109.725678,26.592451,79.341717,-60.215560,-93.109856,-18.284493,8.690584,34.241760,80.823466,-22.965435,-9.376014,-12.168591,-4.612523,-11.172209,17.487559,-13.086671,3.735552,6.681468,4.540311,5.084048,-47.805484,45.666734,-37.818436,7.267953,-2.872744,-11.671462,73.279228,-12.594305,-16.123850,8.512796,0.077032,-13.040984,-8.226403,-89.102830
483.000000,34.810945,-109.101605,27.898213,79.245112,-55.639150,-85.921020,-11.220128,0.096290,33.475666,69.151198,-20.277351,-8.206401,-10.868712,-1.912292,-19.554504,16.010402,-13.748510,0.618546,-0.544882,8.965982,2.107545,-51.007439,41.661019,-41.113057,14.685344,-2.608683,-11.184054,72.755558,-16.538902,-17.313469,9.263144,6.980044,-10.454770,-8.915734,-90.423843
484.000000,35.384038,-108.039200,29.600805,78.719637,-50.395992,-76.512743,-5.535885,-7.040578,27.043518,56.779762,-17.813919,-9.612450,-12.510895,0.998641,-21.081895,16.736627,-14.256264,-1.067756,-9.599500,13.257885,0.163290,-55.394709,36.634389,-43.561160,22.590904,-2.014659,-11.657759,71.783103,-20.818528,-18.666029,9.975419,13.700348,-7.165719,-10.355936,-90.901260
485.000000,35.799670,-106.488621,31.644225,78.196814,-44.364365,-64.762073,-1.830946,-8.879079,20.434813,48.224527,-16.375367,-11.422745,-17.093392,3.606437,-16.642956,18.022836,-14.525553,-2.721416,-20.435059,17.477691,-1.281310,-60.518447,31.790415,-45.546293,30.877636,-1.188900,-11.901355,69.657951,-25.562765,-20.104421,10.786709,20.890683,-2.567186,-12.552143,-91.695658
486.000000,35.977596,-104.437244,33.965915,76.782317,-38.359613,-52.359704,0.059879,-4.965119,19.927408,44.230806,-18.500080,-11.672350,-22.623385,5.378355,-7.438523,18.468396,-14.826316,-3.520472,-32.028266,20.670953,-1.405268,-66.901293,27.006255,-47.282869,39.199374,-0.989699,-12.338683,66.407935,-30.622221,-21.346663,11.715610,28.499804,2.568628,-14.228112,-91.784526
487.000000,35.988060,-102.011788,36.513245,74.318506,-33.361982,-43.151531,0.957622,-3.811086,18.812735,40.634117,-17.323848,-11.517712,-27.513440,5.847017,-1.748434,19.926852,-13.268868,-2.535670,-41.169283,22.207223,0.318774,-74.670176,22.394529,-49.062605,48.411196,-0.866903,-11.435729,62.663933,-35.738033,-22.110803,12.362427,35.676926,8.549908,-15.973056,-90.993303
488.000000,35.814905,-99.225348,38.944736,71.799929,-29.846464,-37.245233,2.261412,-4.732574,18.970941,38.893317,-17.531342,-13.116349,-31.053827,4.385180,-4.640003,19.655421,-11.500799,-2.161844,-46.567584,21.723842,3.437555,-84.522498,17.347427,-50.905892,59.269144,-0.839177,-10.958782,57.240260,-41.392340,-23.648688,13.404992,42.594757,16.334350,-18.192779,-90.304397
489.000000,35.340807,-96.126068,41.214660,70.262142,-27.440346,-32.322346,2.928851,-6.328063,21.736263,42.225104,-18.896850,-13.202411,-33.778694,1.115316,-11.100653,17.496998,-9.001234,-2.692702,-49.931302,19.269152,7.411528,-95.900118,14.483592,-53.402643,67.936784,-3.206620,-11.289645,46.345682,-48.323455,-25.509542,14.986313,49.434792,25.975660,-21.166886,-87.523786
490.000000,34.672397,-92.977965,43.156114,68.966872,-25.036052,-26.856550,3.671676,-7.219068,25.077659,48.836556,-20.677605,-13.083929,-37.007461,-1.870444,-12.257107,16.241194,-5.367896,-2.481034,-53.404669,17.075888,11.159788,-105.250613,16.234718,-55.978038,68.288450,-7.409439,-10.354942,27.805743,-54.057095,-27.103254,15.628158,53.900479,34.297371,-22.558230,-83.547414
491.000000,34.046799,-89.905190,44.687608,66.190534,-21.894555,-20.612390,4.089734,-6.371090,25.776828,57.813597,-22.652985,-14.528355,-39.974621,-3.397569,-7.477490,15.759261,-2.382211,-1.534096,-58.427009,16.551655,16.041024,-114.001786,20.787052,-56.881928,68.216309,-18.556919,-11.590850,3.281943,-59.547003,-29.224996,16.401719,57.358255,42.231060,-23.536595,-78.720218
492.000000,33.304545,-86.701286,46.154565,63.589332,-18.002741,-12.665815,2.631486,-5.399189,25.535586,68.203373,-25.193226,-15.000035,-43.321110,-6.347944,-0.932362,15.464662,-0.460251,-0.282063,-64.056676,17.762117,20.612978,-121.262728,24.584400,-58.388077,70.576147,-35.722296,-10.359317,-12.561053,-64.480496,-32.669550,17.305645,59.578388,48.912562,-24.024654,-76.100240
493.000000,32.309163,-83.609241,47.151425,61.937940,-14.201673,-5.004216,0.642077,-5.551304,25.406128,77.842402,-27.692034,-15.000035,-46.481462,-11.160801,2.346726,14.151477,0.899157,1.383075,-67.219327,19.602976,22.969733,-126.810481,28.717295,-64.940988,69.702996,-34.213316,-11.505793,-11.285290,-67.815814,-37.477470,16.203615,61.407881,52.281492,-23.720270,-76.815087
494.000000,30.898708,-80.510342,47.713327,60.399624,-10.698999,2.692572,-2.247898,-7.266213,24.734485,87.070705,-29.767293,-15.000035,-49.121686,-17.432543,2.046283,11.679621,3.355307,2.887117,-69.075875,20.808098,24.432792,-131.152022,33.196451,-71.902569,67.070682,-26.015176,-13.279962,-2.685048,-69.298806,-42.927927,13.851163,61.953163,54.849776,-23.134998,-77.620688
495.000000,29.103863,-77.594298,47.806355,58.365500,-8.011165,10.202747,-4.983109,-8.411141,24.729060,96.139769,-31.801170,-15.000035,-50.929077,-23.969842,-0.160641,9.571085,6.524930,4.568290,-70.627120,20.988968,26.030418,-133.049162,38.303510,-76.509061,65.259842,-21.899779,-13.600671,5.680122,-69.337116,-48.121681,10.699722,62.659862,57.497079,-22.612627,-79.011642
496.000000,27.011573,-74.979943,47.470567,56.228896,-5.799317,17.749227,-8.273609,-9.355790,25.313870,104.269757,-33.279038,-15.000035,-52.646087,-30.560513,-1.773445,8.362674,9.966776,6.903597,-72.389780,20.562443,27.614427,-133.734558,44.846961,-78.801013,65.321996,-18.026917,-12.868348,13.771399,-68.073668,-52.648321,6.423430,63.252674,60.063475,-22.457134,-80.856128
497.000000,24.654508,-72.497588,46.793228,53.703032,-4.322653,25.495640,-12.904806,-11.512093,26.241392,111.226284,-34.560228,-15.000035,-53.447077,-36.963563,-2.668734,7.206899,13.344739,9.492306,-74.154790,19.867461,29.380947,-133.357231,51.662878,-79.565283,67.645032,-15.777283,-11.761418,14.544043,-64.743718,-56.902139,2.098957,63.009752,63.292003,-22.269328,-81.903353
498.000000,22.432888,-70.507371,45.545873,50.962552,-2.620851,32.970564,-19.083736,-13.487563,27.622721,116.889549,-34.940878,-15.000035,-54.446177,-42.247275,-2.105726,5.586526,15.935074,11.803233,-74.779985,19.806247,29.793804,-131.055375,57.907642,-79.441746,71.545842,-13.248670,-10.645156,11.746996,-58.326196,-61.256244,-3.110499,62.648729,67.483300,-21.629300,-81.584923
499.000000,20.467785,-68.820930,43.903095,47.428993,-0.958105,39.929845,-26.246477,-15.237329,29.038744,120.704428,-35.286980,-15.000035,-55.701791,-46.108179,0.257050,3.837754,17.940573,13.571611,-74.225694,20.623012,29.793804,-127.339014,64.092911,-79.592748,75.828405,-7.883561,-11.205836,6.683949,-49.901198,-66.076090,-10.402648,63.919253,71.697534,-20.471349,-80.318366
500.000000,19.092076,-67.586982,41.943672,42.668623,0.951870,46.423579,-34.575726,-16.802337,28.423952,124.008778,-39.035795,-15.000035,-56.621107,-49.121232,1.724086,0.882963,20.190082,14.976127,-72.290790,22.841187,29.793804,-122.267244,69.916262,-80.186510,80.286804,-1.196389,-13.585733,2.477831,-38.829646,-71.812213,-19.647041,69.074646,76.416122,-17.712615,-76.555390
501.000000,18.526281,-67.173016,39.740679,36.515342,3.634247,52.598896,-44.654168,-15.922884,25.707406,130.312032,-42.051521,-14.966054,-58.185179,-51.353942,2.203469,-3.634098,24.735880,15.000035,-68.295820,26.300844,29.793804,-116.046061,75.845583,-80.214090,84.391352,3.289427,-15.727110,2.728971,-23.897944,-78.114565,-30.660313,80.377393,80.465646,-10.873671,-66.507936
502.000000,18.035562,-66.839045,37.112129,28.913527,5.181877,58.763933,-57.996379,-13.474566,23.683631,137.982853,-41.226643,-13.635738,-62.343433,-52.959426,4.182661,-4.596336,29.251402,15.000035,-61.342646,29.556103,29.793804,-110.506512,81.119104,-80.041320,88.037983,2.524840,-16.088731,3.303755,-2.190919,-76.438273,-37.630207,90.076446,80.706649,-2.466637,-46.745569
503.000000,17.443967,-66.675067,34.445682,22.851704,3.864373,65.371586,-70.371248,-11.140892,23.526175,144.878749,-38.515843,-8.820715,-64.976703,-53.983893,7.994291,-0.531624,30.000069,15.000035,-49.801891,29.793804,29.793804,-107.902195,83.530543,-79.886002,90.943320,-3.003986,-15.421584,1.759021,18.310117,-58.741526,-36.527445,88.268413,73.603689,0.998975,-26.865502
504.000000,17.230089,-66.546118,32.046166,17.152532,1.760329,71.230109,-82.771565,-11.150143,22.558728,150.155370,-36.160329,-6.611046,-66.352132,-53.866676,12.573703,3.359873,30.000069,15.000035,-38.552228,29.793804,29.793804,-98.548879,86.544419,-76.088929,92.454895,-8.347290,-14.465485,-1.721272,24.859758,-41.480828,-25.421865,85.744426,62.676008,4.620305,-10.984793
505.000000,17.223279,-66.415244,30.250108,13.350851,-1.172032,75.240625,-89.954377,-11.570849,21.657912,153.644600,-36.658441,-4.232287,-65.387949,-52.201377,17.363079,6.654070,30.000069,15.000035,-26.293594,29.793804,29.793804,-76.998649,85.638838,-62.972855,91.094404,-12.980360,-13.503711,-4.975816,28.100479,-28.439707,-15.779018,83.077708,52.274142,5.803663,9.275183
506.000000,17.334713,-66.292435,29.214633,12.835444,-3.482918,79.694475,-89.954377,-14.866638,20.948923,155.202525,-41.566916,-1.518474,-59.506917,-52.750835,20.552806,6.402368,30.000069,15.000035,-18.212216,29.793804,29.793804,-45.433131,76.352151,-43.070288,86.503936,-18.669849,-12.565132,-4.080302,32.436322,-24.007492,-11.210097,78.242733,36.075857,3.910741,26.227400
507.000000,17.253673,-66.025138,28.663278,10.537394,-5.492085,82.718937,-89.954377,-17.873087,19.039837,155.757478,-48.148029,1.667178,-56.729103,-52.271742,22.511279,7.224657,30.000069,15.000035,-13.705506,29.793804,29.793804,-16.554213,63.880963,-25.915763,77.647407,-23.310496,-11.815533,-1.192018,33.632118,-29.960198,-8.215207,71.752011,16.909018,-1.280163,40.571778
508.000000,16.839866,-66.412377,28.774217,9.076272,-8.649624,83.805546,-89.954377,-18.746337,15.532451,154.280436,-50.000308,3.460148,-53.301621,-47.888594,24.320091,8.681520,30.000069,15.000035,-6.203286,28.726519,29.793804,-5.040381,52.564733,-23.138980,71.814316,-27.357845,-10.240609,0.399896,30.642305,-40.057625,-4.353939,70.310814,6.799563,-2.646416,44.304965
509.000000,16.304696,-66.481453,29.300934,7.926043,-11.540110,83.851219,-89.954377,-19.018508,13.102094,153.998486,-50.000308,4.274092,-48.951747,-42.587210,25.701397,8.580861,30.000069,15.000035,1.407669,23.803383,29.793804,0.711236,44.271387,-19.746818,68.931703,-33.176954,-8.265580,5.657606,24.082928,-51.942851,-4.448643,75.210703,-5.015887,-4.310769,33.154667
510.000000,15.682009,-66.119695,29.813430,6.652500,-14.351677,83.812897,-89.954377,-19.128488,10.959020,154.748686,-50.000308,4.665416,-45.498346,-38.313946,26.068872,8.369776,29.949382,15.000035,8.439794,18.456877,29.793804,1.290441,38.059535,-13.150710,67.713683,-42.213916,-7.014618,14.924862,16.353281,-65.295181,-7.957711,76.618822,-3.230735,-1.460569,15.105400
511.000000,15.039073,-65.444195,30.504248,5.406193,-17.385364,84.505649,-89.954377,-18.813691,9.699571,156.000619,-49.897691,5.182604,-43.450170,-34.267271,25.307727,11.978204,26.209553,15.000035,14.160621,12.876858,29.793804,-1.680722,34.835023,-5.121726,66.374665,-49.021094,-7.063090,22.586343,4.297914,-78.161522,-16.076845,76.027068,6.164913,-0.256327,9.583680
512.000000,14.291734,-64.769971,31.498682,5.183614,-20.267058,85.517411,-89.954377,-18.111666,9.327413,156.686425,-46.338998,5.148174,-43.771568,-30.330322,22.081788,20.625175,20.807859,15.000035,20.616938,7.787289,29.793804,-7.273567,34.744691,-3.200225,63.871790,-50.987144,-8.292966,26.709521,-9.321580,-90.374447,-19.780561,75.007867,17.232388,-0.433621,10.990619
513.000000,13.546175,-64.058536,32.929495,5.364683,-22.531168,85.925074,-89.954377,-17.826789,9.016563,156.482352,-39.190563,3.213506,-47.383782,-26.854330,16.581579,34.463823,14.735124,15.000035,28.925127,1.604670,29.793804,-15.390627,38.886992,-4.541938,63.989775,-47.568395,-10.014963,30.854898,-18.382872,-100.450008,-22.538560,70.677042,19.591496,-1.978776,9.555616
514.000000,12.785211,-62.883693,34.547800,5.008858,-24.767213,85.539314,-89.954370,-17.002453,8.261889,156.094534,-29.959597,1.019544,-53.642793,-24.904313,9.734002,52.450553,9.140998,15.000035,37.734777,-4.919744,29.793804,-22.626736,43.723214,-5.801035,63.161894,-44.447613,-12.000276,33.506958,-23.169667,-109.027776,-27.939497,63.630780,17.822469,-4.300500,8.501125
515.000000,12.168690,-60.839874,36.094731,3.414747,-28.232114,81.519142,-89.954377,-15.682126,4.262544,156.247886,-21.256908,-4.656073,-59.932984,-21.690937,2.359240,71.732655,2.266600,15.000035,45.876506,-9.370016,29.793804,-30.877554,46.743328,-11.053228,65.051480,-39.124198,-10.934126,33.250560,-8.812401,-123.478837,-52.242310,57.052939,16.514339,-5.179470,10.509712
516.000000,10.951748,-58.778167,38.528916,4.811799,-28.868214,83.716102,-89.954377,-15.341409,6.123425,149.182847,-13.472926,-7.069790,-59.041187,-25.258543,-3.293249,85.752219,-1.598378,15.000035,47.172739,-18.880028,29.793804,-34.665973,55.355340,-11.876815,69.792307,-37.364690,-11.084958,30.184932,17.323854,-129.001441,-85.999007,45.116231,15.070444,-9.835542,4.151287
517.000000,10.782389,-57.565099,42.466792,6.594201,-30.666636,90.948660,-89.954377,-6.234195,4.877863,133.631599,-9.787104,-3.372802,-52.289066,-29.362027,-12.111666,92.912190,-0.035132,15.000035,47.902886,-27.802005,29.793804,-40.071190,65.343955,-18.532859,71.239679,-35.441910,-11.236993,27.423595,28.146028,-129.001441,-101.145983,25.086009,19.386879,-13.231278,-4.481696
518.000000,11.526138,-55.551487,47.185409,8.164311,-36.577243,95.908994,-89.954377,6.878305,3.380740,117.012110,-11.544470,-4.966422,-42.605303,-21.027724,-21.867091,92.024580,5.053698,15.000035,51.007808,-29.793804,29.793804,-48.959175,68.504625,-27.798120,71.434517,-33.722567,-11.874648,25.739368,31.342693,-129.001441,-106.423151,2.682260,26.414023,-16.023228,-11.852581
519.000000,11.417753,-52.812684,51.911426,12.747504,-42.935489,104.284830,-87.596589,17.470432,8.066732,99.174770,-11.360820,-6.817735,-33.293942,-7.813158,-27.563384,86.810236,13.490157,15.000035,56.784594,-29.662262,29.793804,-63.822305,66.926367,-42.815977,71.196164,-31.690831,-11.889665,23.226410,35.617609,-129.001441,-108.399651,-15.524523,30.385606,-16.659424,-14.068445
520.000000,9.337657,-49.565372,55.367225,16.919049,-50.668256,115.456604,-85.517213,22.742949,14.455602,79.526201,-7.562028,-7.484703,-27.088542,0.549796,-31.613848,84.085305,15.876319,15.000035,61.482501,-29.154652,29.793804,-80.489948,57.857897,-58.536190,72.187634,-30.522292,-11.346488,20.582930,41.782347,-129.001441,-111.109358,-26.185702,30.535296,-16.105315,-10.672609
521.000000,6.316250,-46.910888,57.078135,28.603662,-56.588141,135.288780,-80.649883,20.155859,18.032558,59.711139,-3.020689,-7.869434,-22.772998,6.293314,-32.153717,87.087576,13.362437,15.000035,63.723186,-21.790697,29.793804,-89.067538,42.808863,-63.561727,74.022974,-30.344236,-11.077091,18.588452,50.939578,-129.001441,-112.275039,-32.478820,25.664152,-15.385370,-7.371851
522.000000,4.345386,-44.517788,58.489513,41.623823,-56.808796,158.012057,-73.972540,13.565557,18.853240,40.663384,3.412487,-7.111473,-24.827823,12.756305,-29.789607,95.800643,9.321740,15.000035,63.508281,-10.986544,29.793804,-91.765839,29.384451,-59.996744,73.317996,-28.843896,-11.500416,18.992704,61.874028,-129.001441,-111.009152,-33.700129,15.678576,-15.694924,-9.763882
523.000000,1.954913,-41.932565,58.840334,52.144557,-55.131350,178.624319,-69.400862,5.926922,14.658677,27.222918,7.289615,-5.812728,-28.254449,16.660809,-23.839744,106.042621,2.954367,15.000035,58.788879,-0.384377,29.793804,-94.027184,22.666393,-54.472213,70.261090,-26.826999,-11.966760,20.848319,65.832853,-129.001441,-105.194578,-27.423285,5.692697,-17.739273,-18.291662
524.000000,-0.831644,-40.137973,57.719278,62.268546,-51.505691,-161.528195,-67.688630,-2.970704,6.888301,28.358437,9.722434,-11.401285,-29.003090,16.492139,-11.536898,113.591360,-2.235483,14.911297,49.875056,9.905796,29.430230,-96.069746,20.646076,-48.500272,68.137325,-24.270087,-12.511458,22.647502,65.832853,-129.001441,-100.991423,-12.870785,-0.828571,-18.849941,-27.531977
525.000000,-2.067985,-39.577356,54.898721,70.021929,-45.937780,-144.345975,-66.264112,-10.049453,9.045688,35.271333,16.345674,-15.000035,-29.081993,12.389020,5.239822,116.302576,-7.973160,14.762262,41.186089,20.702088,28.121236,-98.307480,18.575668,-42.056763,67.431787,-22.331927,-12.960453,23.036205,65.832853,-129.001441,-101.983009,9.176759,2.597332,-17.556894,-35.323187
526.000000,-3.560334,-37.569416,54.332393,71.617359,-43.236818,-133.011364,-68.046661,-18.551234,-2.029111,43.801505,6.189232,-14.913057,-33.894428,-1.229850,20.992178,113.660816,-14.578255,9.430161,33.986127,25.909995,28.101937,-99.761565,17.565450,-40.747700,66.476776,-20.899474,-11.886819,25.196556,65.832853,-129.001441,-108.928950,33.051108,12.055659,-12.137889,-30.858607
527.000000,-4.436050,-35.476366,53.178298,71.226536,-41.678507,-124.928275,-70.390140,-24.665997,-0.999849,51.906405,-5.176057,-2.373251,-43.102329,-16.162371,32.393180,105.647454,-21.060955,3.626083,28.807033,26.997981,27.298004,-98.683939,18.503536,-44.302574,63.213360,-20.098841,-11.158005,27.137962,65.832853,-129.001441,-114.591559,52.074346,17.221197,-7.209651,-17.975209
528.000000,-5.917921,-32.544529,52.461129,72.794118,-38.202609,-119.067838,-71.664093,-24.345752,0.246264,60.449107,-12.475225,0.323295,-52.248290,-18.394939,36.151478,97.904478,-23.882921,2.717186,24.995610,28.212621,27.650112,-96.963278,24.682652,-48.196619,56.995466,-19.649389,-12.202004,28.328623,65.832853,-129.001441,-114.591552,57.899541,9.170578,-6.893772,-11.349359
529.000000,-7.661949,-28.776622,51.872522,75.388335,-34.288653,-114.479271,-73.155841,-22.192664,-0.123929,66.944378,-20.140544,-0.925285,-61.938027,-13.384192,34.884932,97.452292,-24.364702,3.982203,20.870259,28.953264,29.269611,-95.803799,35.821115,-51.173939,47.614468,-20.680592,-13.266673,28.459812,65.832853,-129.001441,-113.939488,52.664450,11.234873,-10.119618,-18.906471
530.000000,-9.434036,-24.332349,51.031476,77.699154,-30.769290,-111.948756,-75.753369,-20.708036,-1.846513,71.782932,-26.899689,-3.421808,-75.413751,-8.217566,28.969947,104.209644,-24.295736,1.848862,19.285925,28.990325,29.793804,-96.474482,45.191943,-53.078384,40.797109,-23.543971,-13.746604,27.434563,65.832853,-129.001441,-113.968687,46.598754,17.333152,-10.572248,-27.349288
531.000000,-11.234226,-19.470416,49.974671,77.784031,-27.686827,-110.563580,-77.979928,-19.455879,-1.651222,78.047670,-32.610117,-4.761476,-87.754667,-2.401906,21.387595,113.587897,-24.314936,0.251849,18.224536,28.095269,29.793804,-98.437062,50.036726,-54.085065,39.769712,-25.495595,-13.949171,25.458932,65.832853,-129.001441,-110.878334,41.602235,21.354484,-9.754046,-33.386607
532.000000,-12.970239,-15.233697,48.799294,71.485088,-22.710898,-108.751178,-73.300224,-20.106521,-0.637334,85.166503,-37.384743,-3.648413,-89.954370,-0.293067,13.512565,121.216542,-27.883624,-0.769428,14.487774,29.204888,29.793804,-98.020810,48.111193,-53.963815,42.393799,-26.985639,-13.315430,22.962519,65.832853,-129.001441,-103.897436,39.217426,24.743701,-7.823130,-36.135054
533.000000,-14.394531,-11.659992,48.199975,64.997416,-19.654875,-106.513709,-68.419808,-21.705580,-0.602752,90.339258,-43.289251,-1.924117,-89.954377,-0.121617,7.640058,125.294370,-32.454877,-2.914188,11.069879,29.730813,29.793804,-97.590269,43.638646,-51.200703,47.155708,-27.299735,-12.625471,21.716778,65.832853,-129.001441,-98.362975,37.790791,26.243392,-5.616578,-39.109346
534.000000,-15.293404,-8.871908,48.394549,61.283591,-19.243227,-104.907182,-67.241355,-23.051036,-0.303736,92.984631,-44.578128,-2.189960,-89.954377,-0.884313,5.368655,126.016020,-35.101080,-4.815600,9.332716,29.314673,29.793804,-98.937551,38.928540,-48.453567,54.975438,-25.633650,-12.784947,22.362543,65.832853,-129.001441,-94.985166,35.983585,26.684272,-4.176810,-42.744372
535.000000,-15.864603,-5.911339,49.668095,60.434756,-20.391899,-103.346460,-71.960059,-22.189787,1.010132,95.886335,-43.796399,-0.478830,-89.954377,-4.474262,3.924364,123.111892,-35.705453,-7.493115,10.224901,28.236916,29.793804,-103.688856,33.666487,-46.558446,64.424899,-20.850423,-13.271032,35.500212,65.832853,-129.001441,-95.197585,36.523275,24.263552,-3.865009,-48.268861
536.000000,-15.987383,-3.663043,51.416618,64.024053,-22.298454,-102.736679,-78.131108,-20.537300,0.356278,93.826466,-43.300896,0.108700,-89.954377,-9.027645,1.791364,116.642050,-33.688600,-9.150894,13.301863,26.982490,29.793804,-105.431312,31.037438,-47.263311,61.596032,-13.243989,-14.063884,53.470027,65.832853,-129.001441,-99.317091,37.290664,20.472882,-4.643287,-53.739621
537.000000,-16.120373,-2.198936,53.597891,71.110700,-27.462382,-101.434285,-84.245466,-17.319480,2.735568,84.800521,-41.699312,0.858428,-89.954377,-12.099637,1.108123,104.077446,-30.012941,-8.570554,16.347604,20.460402,29.793804,-104.866107,29.695975,-51.487834,50.060905,-8.121963,-13.156797,64.348981,65.832853,-129.001441,-105.710196,36.491898,18.506652,-4.875369,-56.199999
538.000000,-16.369261,-1.296592,55.719703,77.768293,-33.178219,-99.718204,-87.556250,-13.612049,7.569778,73.884369,-40.143310,4.637748,-83.877394,-14.836175,-0.569914,83.776566,-25.010099,-5.929887,18.893949,12.840333,29.793804,-100.680281,23.929887,-53.729707,38.169433,-6.222902,-12.647157,66.883132,65.832853,-129.001441,-110.385617,36.955442,18.703913,-5.170303,-53.341325
539.000000,-17.010793,-1.170116,57.545453,81.403272,-37.282039,-99.040033,-86.416612,-11.657990,10.840085,63.148152,-39.003392,8.079249,-67.994390,-16.013696,-5.194842,55.745668,-16.684653,0.108133,19.936870,7.005970,29.793804,-93.705360,14.582589,-55.217387,31.567318,-8.650843,-13.123633,66.984225,65.714111,-129.001441,-111.405412,37.394251,20.674834,-5.211352,-50.421768
540.000000,-17.716323,-0.796489,58.718842,83.862065,-42.015774,-101.229348,-85.503225,-9.079532,11.936100,55.259236,-39.758654,9.360441,-51.359030,-15.239492,-10.553890,34.058878,-10.866690,7.412198,22.249015,-0.478532,29.793804,-87.424502,4.487782,-56.091320,31.398024,-13.099677,-13.266547,65.971349,65.597485,-129.001441,-110.154245,37.859469,24.836118,-4.990334,-46.912618
541.000000,-18.562134,0.028261,59.938675,86.446884,-45.820440,-107.083257,-86.033452,-1.479131,11.482257,51.568253,-41.247751,9.003140,-37.042940,-15.004324,-19.020858,28.268845,-7.932271,8.223989,27.270225,-9.032512,29.793804,-85.296372,-1.928404,-55.268894,35.919941,-16.778459,-12.798377,64.184210,65.499991,-129.001441,-109.389919,38.368410,29.102224,-5.115850,-41.028052
542.000000,-19.344544,0.992681,61.732435,90.156681,-47.321947,-112.257771,-87.079175,7.486636,9.382728,47.613624,-41.689070,8.091453,-24.763925,-13.832902,-20.350998,32.478704,-6.953811,7.548849,31.326687,-17.031172,29.793804,-89.206990,-3.826167,-53.803989,42.423627,-18.679208,-12.826407,63.439514,65.230171,-129.001441,-110.322718,38.337790,33.907234,-4.522296,-31.254789
543.000000,-19.921736,1.877602,64.129192,94.150652,-47.811760,-116.425191,-86.577866,15.191504,6.087707,39.141772,-39.555336,6.759390,-13.896983,-14.344941,-17.112723,40.797997,-8.025766,7.707241,32.975402,-25.212971,29.793804,-96.800139,-1.542370,-53.442979,50.865139,-19.407527,-13.501768,63.969079,64.821746,-129.001441,-112.826966,38.136122,38.003377,-4.107239,-15.275423
544.000000,-20.240203,2.518055,67.209017,97.042225,-46.274734,-122.979966,-82.968036,24.773497,2.220685,26.204536,-32.933045,5.012212,-3.179455,-16.069611,-11.775567,48.645287,-8.633650,7.698422,35.062465,-29.793804,29.793804,-105.878512,2.932433,-53.973466,61.947541,-20.875053,-13.729549,65.739908,60.137172,-129.001441,-112.235970,39.273171,39.125294,-4.052403,4.725367
545.000000,-20.567739,3.054574,70.589513,99.660909,-42.713162,-133.204943,-73.987771,39.364255,-0.609935,7.877792,-18.028025,-1.604339,5.530592,-19.698500,-4.170190,53.899953,-8.157480,7.720055,38.939165,-29.793804,29.679419,-114.770018,9.568230,-54.731252,71.726876,-20.148467,-14.261984,70.719362,48.195519,-129.001441,-104.550983,38.011649,44.589305,-5.766281,11.946625
546.000000,-20.630358,4.001914,73.273277,102.021638,-39.233238,-145.949802,-60.554606,57.665129,0.035679,-0.078553,-5.901882,-10.139094,9.469087,-28.507885,5.125958,55.129448,-8.716696,10.037814,42.061193,-29.793804,28.820772,-122.426537,20.193647,-55.209304,78.135766,-15.445800,-13.979809,73.758707,35.291888,-129.001441,-96.790413,33.960507,39.311034,-12.214968,6.042715
547.000000,-20.281328,4.951983,75.343335,107.393544,-38.124496,-155.733869,-50.060372,72.879491,0.581933,13.790541,-7.600257,-13.022248,3.911630,-38.835899,12.587491,49.571252,-6.909569,13.544346,38.227609,-29.294883,21.627434,-127.642015,35.332350,-58.673982,80.328523,-12.898871,-13.029917,76.359090,28.347951,-129.001441,-92.357415,25.528138,36.863135,-17.435549,-2.960508
548.000000,-19.709635,5.889078,76.450372,110.471202,-40.028760,-163.751449,-48.154350,75.878962,-7.320381,47.056438,-17.867461,-14.730570,-8.848416,-51.518826,15.549609,39.751120,-4.368378,15.000035,32.373888,-28.413768,13.786298,-131.503121,49.837251,-63.969311,79.047876,-12.004828,-11.749508,76.795608,27.609624,-129.001441,-92.842085,18.999460,38.871570,-19.536534,-6.898685
549.000000,-18.382329,6.124633,76.723397,116.366146,-45.088417,-161.005919,-56.232934,62.600316,-15.896253,76.472246,-26.620987,-13.562855,-22.046474,-58.065077,16.033695,33.268895,-3.077294,15.000035,20.724828,-22.961906,4.354115,-131.953149,65.531608,-67.659977,74.322526,-14.405875,-10.015523,75.631982,27.595371,-129.001441,-91.320100,12.577968,33.058040,-19.475916,-12.146165
550.000000,-17.166336,5.513899,76.557159,128.140539,-45.852635,-153.107345,-58.484287,47.612016,-15.630114,92.718616,-30.627132,-14.285515,-28.478260,-52.017102,21.650387,32.379174,-6.009102,15.000035,14.407002,-9.785049,0.835713,-132.377727,77.373244,-69.075356,73.668125,-16.730974,-9.551018,75.459855,28.427536,-129.001441,-90.397069,9.940145,30.341671,-20.346594,-16.091080
551.000000,-15.248729,4.623014,75.576442,137.976961,-44.957696,-145.760889,-60.767305,30.254224,-9.286031,100.162422,-31.188696,-14.123580,-34.536394,-48.038503,25.079420,33.137486,-8.474787,15.000035,10.196906,3.991599,2.331477,-132.031354,88.482895,-67.518196,74.344943,-18.854476,-9.418509,74.361485,32.047753,-129.001441,-93.078492,8.719098,30.082745,-21.037638,-20.343329
552.000000,-12.569107,3.973661,74.187440,146.534676,-42.624257,-139.863043,-64.701173,16.686736,-2.188585,98.317773,-28.836270,-10.337140,-42.911435,-48.685732,21.373568,34.763819,-9.883169,15.000035,8.015031,17.659022,5.359225,-129.664721,97.166736,-66.366025,76.733186,-21.764111,-9.044428,72.149590,38.437190,-129.001441,-98.243529,9.215701,31.489791,-21.834503,-25.000231
553.000000,-10.222992,3.185836,72.643667,154.017150,-40.161857,-138.118864,-66.969786,8.259545,2.282623,87.065774,-24.638688,-7.109051,-51.796770,-46.404592,17.336603,34.275669,-11.425545,14.992521,9.846866,29.447698,8.333932,-127.245468,103.027024,-67.678063,82.399197,-23.691503,-9.637437,69.816001,43.866770,-129.001441,-101.752367,11.912214,31.957888,-21.985062,-27.090798
554.000000,-8.278541,2.038440,71.060234,159.845035,-44.187159,-140.937846,-71.055066,2.206137,5.991446,67.898214,-17.875797,-5.112794,-65.987626,-41.758185,16.437487,26.841298,-8.867116,15.000035,16.913819,29.793804,8.346744,-123.387135,109.327416,-71.611726,81.687888,-22.439707,-11.667733,67.410689,52.629104,-129.001441,-109.477844,18.976731,31.598395,-21.873983,-28.247919
555.000000,-6.380983,1.234718,69.810027,163.303554,-47.549024,-148.242839,-75.224671,-0.270882,2.708826,50.550510,-11.651921,-4.292605,-76.491350,-34.105750,11.704377,19.566947,-4.958043,15.000035,25.539261,29.793804,12.709461,-115.726805,117.774769,-71.442085,80.925591,-20.005084,-12.929720,64.857741,57.255874,-129.001441,-113.105105,24.678623,32.743520,-22.365637,-29.754387
556.000000,-4.598509,0.995414,68.549848,162.824131,-48.244521,-155.721201,-78.909401,-4.951426,-6.151162,39.826020,-5.398439,-2.150323,-81.642460,-29.760620,8.245263,15.154562,-1.796335,15.000035,29.605499,29.793804,21.460639,-108.469346,124.954513,-68.186919,81.760001,-22.968138,-13.522105,62.770019,58.237485,-129.001441,-112.673116,30.795240,33.216836,-22.081464,-30.166838
557.000000,-3.224142,1.165490,67.001295,161.568159,-47.791765,-160.528440,-82.980610,-13.146422,-17.095798,35.522222,-1.472446,-1.371343,-83.458553,-28.388063,8.775114,12.447023,1.701467,15.000035,31.133515,29.793804,28.507270,-103.662696,128.978246,-63.166136,83.161050,-27.943813,-13.026344,62.172938,57.126872,-128.586931,-110.346310,38.217552,31.365318,-20.104886,-28.343145
558.000000,-2.371192,1.283017,65.470392,162.780456,-48.973878,-161.835835,-86.532070,-18.301856,-21.607679,29.639592,0.007377,-6.725041,-83.557550,-27.532832,10.526851,9.789609,4.412689,15.000035,34.356562,29.793804,29.597955,-100.088479,129.001441,-58.511417,85.563146,-30.221173,-12.732763,61.980722,55.890581,-127.502365,-109.006814,45.109551,29.761989,-17.783589,-25.742312
559.000000,-1.766388,1.342048,64.090037,165.961926,-50.411570,-161.038749,-87.282168,-18.514182,-21.063769,21.113366,4.475536,-14.144928,-80.351684,-26.888460,10.790021,7.333447,6.005382,15.000035,37.665693,29.793804,29.376224,-96.945253,129.001441,-53.394468,88.109693,-31.302241,-12.792251,61.979295,53.606791,-126.274652,-109.552444,50.649469,30.351148,-16.547207,-23.662859
560.000000,-1.314250,1.734683,62.821352,170.180735,-51.855985,-158.535221,-86.607973,-16.734384,-17.381286,16.340514,7.603602,-13.617311,-74.192342,-27.024239,9.459883,6.143568,7.466008,15.000035,39.946536,29.793804,27.692572,-94.145647,129.001441,-50.324748,90.482193,-32.272442,-12.601840,61.848367,52.149126,-124.044145,-109.152809,54.256335,32.541094,-16.632083,-22.287095
561.000000,-1.072171,2.314458,61.849058,173.241162,-52.914596,-155.672327,-82.706610,-14.488655,-12.793550,15.230782,10.493299,-12.051714,-64.421695,-27.384308,8.242930,5.908882,7.877405,15.000035,39.882185,29.793804,26.204236,-91.289781,129.001441,-48.941164,93.539407,-33.541423,-12.672599,60.001081,51.749300,-119.967915,-104.501628,57.600256,30.139835,-16.642256,-19.954099
562.000000,-0.922872,3.284369,61.420631,172.851497,-54.227877,-155.100983,-75.831909,-14.649928,-13.853392,19.473797,10.998531,-13.387122,-53.312215,-29.268334,5.493443,8.642921,6.778743,15.000035,38.533438,29.793804,26.366216,-89.712896,129.001441,-48.967815,97.402828,-34.559627,-12.035537,56.968620,52.743735,-115.219076,-97.761345,61.575405,26.658380,-15.270478,-18.606962
563.000000,-1.070014,4.689008,61.553603,169.579672,-56.053463,-157.907246,-67.985094,-16.534530,-18.235744,31.298150,10.172564,-15.000035,-42.034873,-31.596209,2.217050,15.224210,4.164949,15.000035,39.407818,29.711108,27.265938,-92.003693,129.001441,-52.438238,97.402828,-34.724528,-7.978878,54.611375,55.764615,-109.209602,-92.961518,66.408563,27.544027,-14.192075,-15.881546
564.000000,-1.563171,6.272216,62.501103,161.647301,-61.564709,-166.215061,-62.840329,-17.648319,-17.097574,47.850748,7.719703,-15.000035,-34.229756,-35.041917,2.636923,22.911204,1.953068,15.000035,42.663161,23.988108,28.842410,-96.427682,129.001441,-59.877400,97.402828,-35.661476,-5.811240,50.937813,59.455410,-103.125557,-88.831200,72.764116,28.151427,-10.938651,-10.207186
565.000000,-1.959820,8.308738,63.817734,147.732028,-67.936065,177.651718,-58.048808,-19.099680,-14.464356,66.811408,3.567192,-14.985722,-29.403107,-39.748856,3.262994,33.093875,-0.517903,15.000035,48.344759,17.828085,29.793804,-107.983214,129.001441,-77.703613,97.402828,-35.573947,-5.240235,44.513299,55.838897,-96.360077,-73.938164,75.819519,28.347694,-6.627230,-0.996243
566.000000,-2.405143,10.425964,65.099263,126.615750,-73.586521,151.846082,-51.183091,-18.427900,-11.526141,84.271332,-0.785609,-14.942193,-26.799958,-43.575060,2.823388,44.406874,-2.970670,13.772952,59.348832,5.708375,29.793804,-103.470543,128.354377,-80.214090,97.402828,-27.228448,-5.027222,38.833628,27.991951,-77.004885,-35.644753,70.260100,27.334420,-4.468074,4.025661
567.000000,-2.515609,11.279730,65.976465,89.347159,-77.075282,111.448138,-43.325225,-14.427243,-10.502815,97.665940,-3.665636,-14.799055,-24.915950,-42.753190,3.003268,56.836712,-6.026861,12.374132,63.769160,-10.106556,29.770868,-95.993480,129.001400,-78.873406,97.402828,-17.741240,-4.416637,38.352762,-0.349416,-61.305572,0.365417,72.280176,23.954730,-4.012591,3.816161
568.000000,-1.781761,11.562479,65.905595,45.217058,-73.535260,67.752145,-36.340161,-10.575257,-12.524631,106.931133,-3.812822,-14.648953,-23.533495,-39.460721,2.144164,70.463729,-10.329084,12.457634,64.785635,-22.550576,29.509870,-97.496080,129.000253,-79.387862,96.890031,-16.099977,-4.063078,35.334720,-7.861064,-51.952785,13.473950,68.697537,19.484604,-4.629150,6.472394
569.000000,-0.476324,12.050146,64.187032,25.464868,-66.794463,48.876174,-27.971798,-3.554149,-13.010708,111.950202,-0.317081,-11.220418,-21.551835,-35.111639,0.038891,84.568178,-15.088137,11.913047,65.269342,-29.793804,29.600483,-100.095644,128.924533,-80.214090,90.837677,-14.030796,-4.017275,33.606440,-14.522749,-45.570308,19.175642,64.825776,17.366658,-5.779746,7.177272
570.000000,1.121368,12.232188,60.950410,16.508735,-64.162079,40.066862,-14.694609,6.777928,-14.611971,111.550247,1.750550,-8.257529,-15.054295,-25.346815,-3.692964,96.402909,-17.925176,11.705600,67.457981,-29.793804,29.612087,-99.980944,123.042689,-80.214090,83.339960,-11.915708,-4.033652,29.375868,-20.221818,-42.042297,16.960630,61.590548,18.240497,-6.819772,7.739742
571.000000,2.355903,12.091648,55.981237,8.931375,-59.842637,34.204244,-6.997904,7.458486,-16.519917,113.413187,-22.233521,-4.138573,-13.056936,-14.543011,-8.774851,106.041419,-18.633106,14.796570,68.482755,-29.793804,29.597300,-98.594634,114.831586,-80.214090,75.884392,-12.722649,-4.437915,22.008495,-25.475824,-41.173869,11.658711,57.720651,18.026305,-8.025140,8.886907
572.000000,3.623523,10.686617,49.482155,3.942520,-51.864011,30.694860,-16.673970,11.405979,-15.622174,123.847025,-47.903211,0.339776,-18.279871,-7.055385,-15.845981,116.049203,-19.570563,14.943289,71.512108,-29.793804,29.793804,-89.992865,101.198958,-76.627120,70.805272,-16.806054,-2.696359,13.825693,-26.649183,-44.817628,3.965051,51.466148,17.166232,-9.295131,7.324796
573.000000,4.079572,10.592061,42.085466,0.243751,-33.152312,29.991183,-53.340994,2.870912,-8.971041,140.556154,-41.875569,4.417978,-38.500523,-5.551772,-13.286085,128.726731,-31.456699,14.868801,71.572787,-29.390714,29.793804,-49.949887,70.491493,-42.214749,72.731980,-17.078097,-2.941433,19.898269,-27.646091,-59.478319,1.106221,42.195341,16.970452,-11.844547,1.202425
574.000000,4.203790,11.867634,35.409528,0.222953,-17.983684,29.540641,-85.602269,-7.996546,3.044203,149.694155,-27.533449,2.431817,-61.232455,-6.836511,-1.376027,144.151498,-45.599928,10.928552,58.894529,-24.402867,29.793804,-19.853934,46.726007,-14.223917,62.561739,-11.614498,-6.294869,34.218391,-54.294642,-75.000566,20.128412,27.086833,15.234134,-13.079951,-1.810671
575.000000,6.071889,12.100690,31.159005,0.566206,-15.013544,26.702277,-89.954377,-14.509764,1.932923,157.153965,-35.477580,-5.533145,-73.970013,5.929133,3.551627,154.847984,-40.984137,12.932550,48.731624,-19.592691,29.386479,-11.558240,39.366605,-11.495521,63.223660,-12.893452,-5.527203,46.443319,-82.768465,-61.757375,38.601907,20.554080,8.061323,-12.332800,-9.214357
576.000000,7.778542,10.955183,29.371929,-0.607337,-17.714205,29.981914,-89.954377,-14.851930,-0.158198,161.181891,-38.572814,-4.545065,-82.965167,12.273722,-4.268640,156.545614,-29.329167,12.285873,38.124989,-10.649730,29.793804,-8.783606,33.971650,-8.369795,66.795425,-14.906995,-4.538749,49.115617,-85.441500,-47.947354,40.279538,11.495722,8.123534,-12.923679,-14.843516
577.000000,9.295216,10.458134,30.619857,-3.115288,-16.464355,33.780909,-89.954377,-17.742579,-3.876999,160.211198,-40.129714,-4.910050,-86.250031,16.509725,-3.788775,151.005319,-27.473316,14.660366,31.394029,-6.204150,29.793804,-9.323442,31.592821,-8.988175,69.774378,-16.278024,-2.362979,41.928376,-75.256821,-42.582545,38.641522,-0.300966,8.184665,-14.610171,-15.465302
578.000000,9.247558,9.528079,33.660659,-3.753247,-14.226952,37.356350,-89.954377,-16.292284,-2.819133,154.238840,-35.245600,-1.129374,-87.117171,10.166690,-3.726556,143.946688,-19.568465,9.866425,26.278671,-4.238722,29.793804,-11.603742,32.431873,-11.678919,73.660011,-18.309295,-0.133700,27.687487,-61.058531,-41.952258,35.713744,-6.945200,0.787971,-15.240133,-14.767269
579.000000,10.023993,9.361158,37.115172,-7.025862,-10.032760,39.997658,-89.954377,-18.450284,-6.708053,148.442168,-34.294185,-2.810873,-85.257386,9.895181,-0.790708,139.214295,-21.755688,10.597074,21.578994,-4.057852,29.793804,-15.060514,33.836921,-12.914761,73.815377,-17.538809,1.793242,8.854612,-46.871862,-41.651173,30.268902,-7.278852,-5.004526,-14.893753,-15.482902
580.000000,10.809791,9.026182,40.748596,-9.889404,-5.899447,42.961830,-89.954377,-19.107563,-9.860436,141.685280,-32.859217,-3.574415,-83.385661,9.607384,2.232032,133.891051,-24.153357,10.145786,17.163453,-3.996135,29.793804,-18.030120,34.468543,-15.982192,65.513303,-11.977371,1.940594,-0.767070,-33.690673,-40.645906,22.070769,-6.266505,-9.449578,-14.344442,-19.325218
581.000000,11.336337,8.868934,44.333848,-12.045538,-1.946839,45.178193,-89.954377,-18.951948,-10.898742,134.490359,-30.789243,-3.227663,-81.980206,8.170942,4.685982,127.934047,-25.831439,8.580800,13.190665,-3.831151,29.793804,-21.312748,32.350433,-16.710744,52.545055,-8.832997,-0.388905,10.034632,-22.040442,-37.912953,12.807732,-7.527720,-10.263341,-15.427606,-26.560914
582.000000,11.684956,8.934854,47.943985,-12.648172,1.750325,45.526666,-87.979059,-18.382882,-10.702546,126.969706,-28.769570,-4.002900,-79.689641,6.535667,6.712261,121.203373,-27.442903,6.553535,9.611334,-4.664048,29.793804,-24.617670,29.639343,-15.238355,37.692641,-2.271676,-3.149276,25.155483,-13.206717,-34.815083,4.846000,-11.086675,-9.686022,-16.727652,-33.186609
583.000000,12.102722,9.128297,51.700699,-10.417058,3.325391,43.016650,-80.423968,-14.743185,-9.862208,119.391270,-29.337360,-4.908544,-73.383662,5.719428,7.882579,113.548500,-30.049953,4.668970,6.938442,-6.224449,29.793804,-26.652003,27.214312,-12.366800,22.319284,5.000601,-5.356494,32.315848,-6.078570,-32.915836,-0.984939,-16.518189,-13.032908,-16.659764,-38.007428
584.000000,12.497181,9.492256,55.504483,-7.756533,3.331829,38.702282,-71.169711,-8.623597,-7.820915,111.538553,-30.788895,-5.576493,-65.547112,5.618012,8.109521,104.343987,-31.886048,4.709048,3.866801,-7.956982,29.793804,-30.317294,25.883043,-10.157619,9.592838,10.560014,-7.291759,32.775978,-3.420340,-32.825725,-4.200525,-22.665375,-15.257519,-17.124799,-39.272959
585.000000,12.764373,10.043863,59.407890,-5.233434,1.999425,33.289350,-61.627349,-0.707609,-3.452495,103.735376,-29.553334,-7.163680,-56.882915,6.109680,8.496785,93.644509,-31.167014,7.359848,0.270894,-9.279924,29.793804,-36.336856,26.518845,-11.158979,1.406253,14.226595,-8.312620,32.869111,-5.652048,-35.391616,-4.563899,-27.714633,-15.082950,-17.934610,-38.454047
586.000000,13.017543,10.686202,63.405323,-3.479168,-0.261823,27.458264,-52.740170,10.597255,4.762948,97.137052,-23.737513,-9.517369,-47.933260,4.517912,6.931050,81.102943,-28.737929,10.220479,-3.497517,-9.885435,29.793801,-43.385485,29.088734,-15.621450,-2.934510,15.062502,-8.471433,31.585230,-11.715524,-39.531981,-2.529770,-30.769329,-13.650202,-17.663161,-35.907595
587.000000,13.604571,11.276776,67.157143,-3.488730,-2.395225,21.986471,-43.673415,26.343410,17.536321,92.444015,-18.749757,-10.283890,-39.500511,-1.227622,-2.052445,67.906335,-24.980553,11.774987,-7.475957,-9.277928,29.346703,-50.455072,33.256037,-21.934073,-4.923439,13.851698,-8.806154,27.658574,-19.748841,-43.661622,0.910139,-31.742635,-12.490164,-16.595159,-32.528492
588.000000,14.517438,11.826889,70.307201,-6.385609,-2.606420,18.084052,-33.635058,43.324412,35.119433,88.041446,-18.659047,-7.965688,-30.387324,-10.115195,-22.656296,54.941246,-21.289802,13.396254,-12.397379,-6.151310,27.158019,-56.957559,37.565272,-29.525613,-5.389275,14.108405,-9.245789,25.104973,-26.926979,-47.429360,4.867874,-30.637804,-12.543419,-15.694477,-31.497988
589.000000,15.120989,12.350518,72.873998,-8.862670,0.691028,13.527069,-26.774893,47.823970,49.089051,77.539197,-20.142779,-8.774502,-22.324274,-15.394842,-46.044528,43.428252,-18.793721,14.931173,-15.227637,-2.494402,22.106640,-61.663849,40.355671,-37.098374,-4.917736,14.898442,-9.833064,25.329038,-31.302398,-50.965092,8.438103,-28.380269,-12.446803,-14.514186,-31.154422
590.000000,15.129904,12.969519,75.152725,-6.936452,4.327343,5.617156,-22.822742,38.879954,50.471136,60.310468,-23.138207,-8.598133,-18.545241,-15.667537,-54.360560,31.786341,-15.978775,13.894457,-13.672378,-2.017795,17.000711,-66.261461,42.111931,-44.567756,-2.655677,14.561279,-10.403061,27.648397,-35.634299,-54.161013,12.206155,-24.049957,-12.748061,-12.965788,-30.985754
591.000000,15.027416,13.512737,76.742893,-3.157095,5.918249,-4.581923,-20.028186,26.675217,41.345321,46.037524,-23.691816,-5.404243,-18.112588,-16.177571,-49.307904,25.330298,-15.380234,9.234356,-9.182581,-3.494434,14.444969,-71.597478,45.289574,-50.660206,-0.896329,12.737562,-11.075051,29.355446,-40.152555,-57.187019,15.491875,-19.291871,-13.176629,-12.225459,-31.577969
592.000000,15.317947,13.994513,77.688444,-0.311543,4.775108,-14.953568,-15.752860,14.595144,26.418723,33.700662,-24.078360,-1.085256,-18.463567,-16.244246,-35.885445,24.367250,-15.514638,6.148243,-4.097936,-4.925096,15.350877,-77.337897,49.365650,-55.242276,0.415234,10.781723,-12.693405,28.944375,-45.801944,-59.094735,19.224824,-14.377827,-13.641670,-11.047256,-29.577410
593.000000,16.225037,14.339834,77.808404,0.699865,2.705536,-25.857858,-12.259371,3.688349,8.996462,28.665508,-26.033051,3.496638,-18.675911,-13.473968,-18.706100,25.926848,-13.187293,6.459936,1.843347,-5.053090,16.562806,-80.255378,53.533530,-57.454042,1.357883,11.175217,-12.937625,28.612241,-50.131632,-59.434373,22.410522,-10.592676,-13.369632,-9.606679,-28.369558
594.000000,17.054819,14.334607,77.395082,0.922563,1.802061,-38.094909,-11.862411,-5.644079,-5.422500,30.063313,-26.978487,5.594208,-18.651956,-10.611413,-6.834860,27.266863,-13.275016,6.442100,8.897570,-4.182737,16.877648,-81.104610,57.416059,-57.467682,2.385584,11.904781,-13.307937,28.105011,-54.976237,-58.490714,25.343402,-6.988650,-13.631317,-8.426103,-27.353238
595.000000,17.547697,14.429548,76.641607,2.530009,2.449651,-48.224963,-14.774628,-5.965988,-2.061738,33.977230,-28.367222,7.112592,-21.212961,-11.133981,-3.861296,28.310118,-15.460232,6.321273,13.812961,-3.669490,15.304845,-78.569715,59.978698,-54.200621,2.541955,13.880800,-11.861193,26.736823,-59.218293,-55.926450,27.096749,-4.186543,-14.811617,-8.011875,-25.902275
596.000000,17.895848,14.587538,76.013929,3.878100,3.026846,-56.103671,-17.037261,-3.011964,4.445875,37.412559,-30.252110,7.417725,-25.101025,-10.331097,-2.816225,29.429963,-14.424618,7.845837,15.920568,-2.618886,14.986743,-72.839384,63.756770,-46.315902,-0.452923,13.770373,-11.337738,23.922550,-63.006760,-52.661903,25.780428,-4.145444,-14.826756,-8.788176,-20.470547
597.000000,18.152168,14.765866,75.527757,5.535042,4.164252,-61.112653,-20.323913,-0.834777,7.330050,40.936073,-31.332455,6.955097,-29.409128,-8.310020,-1.979293,30.394120,-12.324159,9.801583,14.220368,-1.227516,15.597413,-60.393516,67.195435,-32.088413,-6.536600,13.828373,-10.801214,23.983572,-65.238641,-48.087694,21.971697,-7.176515,-15.901232,-9.579291,-15.105197
598.000000,18.441562,14.524007,75.225478,6.677013,4.117225,-64.719953,-21.533087,0.673014,10.406984,43.206281,-31.816401,5.433421,-31.823750,-7.492591,-1.571765,31.656858,-11.702038,11.046586,11.788383,-1.223963,17.253517,-44.524828,65.644415,-17.967613,-10.661699,16.429100,-11.706580,30.166138,-62.348562,-41.717112,16.238908,-10.685320,-17.911901,-10.534292,-13.930077
599.000000,18.933810,14.058383,75.122476,6.808253,3.800090,-66.815655,-21.244743,1.339840,11.528155,44.603280,-31.857051,3.424695,-31.914558,-7.033036,-0.985888,31.837909,-11.911315,11.506961,8.420375,-1.376910,18.910272,-30.460154,60.043763,-7.261920,-11.430426,20.468311,-12.247391,38.713714,-54.196373,-33.466523,10.836669,-14.242409,-18.685500,-10.856450,-17.630387
600.000000,19.630106,13.430552,75.219011,6.970034,4.095893,-67.901194,-20.140655,1.502740,11.492323,43.706824,-32.301785,2.894600,-31.447724,-6.328952,-0.018047,31.283749,-12.143812,11.174517,4.514498,-0.915796,19.264970,-20.466225,50.929077,0.504793,-10.983870,20.438311,-12.498516,40.026237,-43.048350,-25.379576,7.475908,-17.521983,-17.492712,-11.155805,-21.961503
601.000000,20.427120,12.626806,75.489527,7.400584,4.526255,-68.272399,-18.727824,1.523577,12.369149,41.530610,-32.388579,3.418736,-30.510110,-6.110628,0.274100,29.887405,-12.503178,10.482179,0.759393,-0.138921,18.853221,-14.596364,38.802738,5.093370,-9.706337,17.353800,-12.512540,38.407537,-31.286074,-20.338362,5.631514,-19.212043,-17.042833,-10.882680,-24.048020
602.000000,21.291168,11.765155,75.875497,7.549604,4.615519,-68.590324,-16.916973,1.078753,12.868957,39.339233,-31.650311,4.029035,-28.884074,-6.103017,0.670243,28.048867,-12.757326,9.832155,-2.643386,0.462494,18.841628,-10.874480,27.259024,6.421112,-7.581540,16.036949,-11.615736,41.815245,-20.314547,-18.319450,4.854218,-19.302567,-16.744552,-11.004557,-24.707723
603.000000,22.089936,10.788874,76.337409,7.419023,4.379285,-69.331621,-14.740392,0.367746,12.373008,37.392567,-30.248172,4.110941,-27.089048,-5.890058,1.697659,26.569040,-12.729260,9.321128,-4.978729,0.509119,18.967393,-8.810732,20.703755,3.489774,-6.045596,14.145592,-9.838358,45.925495,-11.184697,-18.695365,5.289611,-18.803890,-14.996749,-10.573868,-24.943357
604.000000,22.683766,9.764802,76.821238,7.366636,3.935203,-69.818935,-13.307410,-0.278890,11.392636,36.773489,-27.786891,2.889274,-25.005949,-6.117459,2.309037,24.568771,-12.404417,9.060415,-6.415068,0.365709,18.514273,-6.637369,19.962590,-1.095375,-6.255930,9.329442,-10.373019,41.870672,-3.950723,-21.537661,5.920652,-18.751699,-13.910493,-10.146015,-24.796539
605.000000,23.117469,8.782268,77.304155,7.309458,3.406905,-69.338786,-13.454502,-0.685373,10.130223,38.829584,-24.444238,-0.071041,-22.483050,-7.004017,2.014123,22.118458,-11.944635,9.112565,-8.140050,0.251389,17.383643,-4.379786,23.008162,-4.236480,-6.597735,6.813886,-11.364495,34.974137,1.745219,-25.604663,5.548042,-19.150100,-13.266264,-10.177367,-23.970183
606.000000,23.531704,7.840171,77.724773,7.008732,2.728314,-68.533825,-14.822783,-0.940827,8.862607,43.344647,-19.965389,-4.519950,-19.586565,-8.104344,1.506131,19.727487,-11.657494,9.273462,-9.382456,0.160793,16.147884,-3.544509,27.317500,-5.814872,-6.460065,8.019735,-10.789286,31.655133,6.214531,-29.440902,3.924041,-19.747479,-12.122776,-10.302121,-23.500514
607.000000,23.952524,7.010807,77.952152,6.678054,1.955925,-68.351716,-17.090564,-1.045619,7.609927,49.194601,-15.830854,-9.776755,-17.141111,-8.979247,1.752955,17.830108,-11.707933,9.654415,-9.454052,-0.052347,14.917493,-4.176787,31.093084,-6.229433,-5.464385,8.312282,-10.397271,30.319613,9.312851,-33.501009,1.722811,-20.267094,-10.601210,-10.289143,-22.497465
608.000000,24.435574,6.299545,78.011823,6.293077,1.238611,-68.865726,-19.047328,-0.157289,6.719255,53.729379,-14.783676,-12.697258,-15.545623,-9.565732,2.544739,17.103398,-12.165313,9.948924,-8.940999,-0.361572,14.078559,-5.391488,34.135049,-5.459303,-4.345115,7.636405,-9.981546,29.482156,10.748923,-36.857617,-0.066877,-20.369202,-9.587420,-10.129420,-22.016720
609.000000,25.024724,5.611144,78.027773,5.996964,0.375707,-69.125859,-18.929188,5.962868,11.396140,54.181541,-17.395254,-9.547582,-14.167719,-10.685706,2.799603,16.921539,-12.944622,10.504883,-9.066525,-1.093613,12.550062,-4.912543,35.946650,-4.182184,-4.204655,7.617534,-9.972705,29.678159,11.958421,-38.592280,-0.832774,-20.277046,-9.838471,-10.203657,-22.447943
610.000000,25.675198,5.051797,77.922255,5.685029,0.370344,-70.107024,-17.628291,13.485277,16.516253,49.461085,-18.103594,-6.078556,-13.727635,-10.667684,3.230459,17.412594,-13.683677,10.722234,-9.078423,-1.055525,11.601780,-5.488344,37.433337,-2.752227,-2.794642,8.166379,-9.584786,30.572637,10.327921,-39.919071,-0.678086,-18.535810,-9.939075,-10.063037,-22.539226
611.000000,26.520064,4.515427,77.649140,5.045524,0.625160,-71.846155,-14.679345,16.477225,16.944835,38.012936,-17.224275,-6.543779,-13.259610,-10.194722,3.959339,17.989380,-14.663561,11.161354,-8.758629,-0.422353,10.661271,-5.300649,37.902547,-1.685442,-1.028098,9.329996,-9.479696,31.444958,8.222276,-40.312313,-0.111847,-16.195073,-9.753747,-10.070349,-22.364852
612.000000,27.611443,4.081720,77.104759,4.113117,0.888488,-73.659379,-10.821806,17.555591,15.695642,25.992107,-17.588523,-7.213209,-13.013364,-9.878720,5.210801,19.540089,-16.423340,12.108303,-8.766108,0.685972,10.104874,-4.753152,37.431554,-0.682741,0.485346,9.591034,-9.320935,31.340521,5.488588,-40.433627,0.224439,-13.793658,-9.915188,-10.242717,-21.173446
613.000000,28.640491,3.722450,76.567030,3.226217,1.099264,-74.741949,-8.786488,18.386932,15.522471,23.755606,-19.536728,-7.438631,-12.931525,-9.818686,6.157827,21.605792,-18.187776,12.712739,-9.787982,1.717256,9.676722,-3.852156,36.220988,0.026985,1.188839,9.679068,-8.993153,30.432980,2.339111,-39.509093,0.542249,-11.909887,-10.698172,-9.892898,-19.889577
614.000000,29.292241,3.432176,76.420188,2.553132,0.858193,-75.339133,-8.197240,18.707528,16.905300,26.036217,-20.978550,-7.796048,-12.554987,-10.233367,6.210642,22.743987,-18.796054,13.326494,-10.896888,1.796024,9.532871,-3.976763,34.750152,0.002277,2.412631,10.162621,-8.657296,29.004665,-1.499403,-36.724506,1.156199,-9.299652,-13.227288,-8.953494,-19.029511
615.000000,29.801810,3.132308,76.438051,2.233577,0.749736,-75.086489,-7.906399,18.305955,16.750306,26.736156,-21.528833,-7.081573,-11.538262,-10.828421,5.734210,22.331496,-18.828974,13.631594,-11.670456,1.861392,8.901533,-5.021072,34.552124,-1.090661,4.937794,11.060436,-8.196173,27.057279,-3.561324,-33.154746,0.686017,-6.325769,-16.063124,-7.158172,-19.007167
616.000000,30.271161,2.724032,76.488882,1.767887,0.598561,-74.999071,-6.848551,17.923663,16.897917,26.652119,-21.996889,-6.229352,-9.984310,-11.297620,5.589484,21.306712,-18.827739,13.760776,-11.265847,1.924320,8.286509,-5.795491,34.520094,-2.077299,6.454860,11.333277,-8.344488,23.681183,-3.326663,-29.183605,-0.971323,-4.604228,-16.715061,-6.376453,-18.301417
617.000000,30.587208,2.266527,76.656604,1.426345,0.357385,-75.423034,-4.799739,17.500538,17.949949,24.929116,-21.838669,-5.924037,-8.549189,-11.582530,5.760134,19.892683,-18.266550,13.811628,-9.758644,1.652710,7.621452,-6.146269,34.051051,-2.645151,5.879357,10.405869,-8.936731,21.594259,-1.870557,-25.864721,-2.209716,-4.763467,-16.450729,-6.665868,-18.755336
618.000000,30.820042,1.784487,76.824552,1.437952,0.184220,-76.009639,-2.937625,17.037434,19.192446,22.779647,-21.346132,-5.521742,-7.559111,-11.764082,6.014695,18.432396,-17.620242,13.811581,-8.244534,1.347020,6.686343,-5.885097,33.732884,-2.667171,4.326002,10.320715,-9.721775,21.442715,-0.284849,-24.680598,-2.145207,-5.822327,-16.170770,-6.868830,-18.778053
619.000000,30.993322,1.285076,76.930416,1.494967,0.013997,-76.621432,-1.189707,16.631140,20.389467,20.753771,-20.884504,-5.552061,-6.707993,-11.960851,6.221315,17.118208,-17.138282,14.073131,-7.069242,1.042233,5.678457,-5.100010,33.478254,-2.463088,2.902316,11.176392,-10.295650,21.383984,0.947202,-25.165088,-1.622921,-6.806428,-15.248228,-7.315302,-17.116205
620.000000,31.139097,0.869847,76.952922,1.620473,-0.223745,-77.099251,0.227672,16.105438,21.220725,18.969355,-20.578096,-6.046203,-6.230923,-12.287557,6.544013,16.383363,-16.960128,14.561036,-6.153346,0.684094,4.814847,-4.400160,33.227726,-2.222661,2.024641,11.776798,-10.513926,20.774136,1.709623,-26.418250,-1.322037,-7.369623,-14.469349,-7.507799,-16.205571
621.000000,31.243950,0.604856,76.933628,1.796975,-0.416413,-77.270193,1.028266,15.574085,21.470910,17.661857,-20.408983,-6.099131,-6.092799,-12.604189,6.745025,16.142802,-17.051753,14.754161,-5.636851,0.326174,4.152398,-4.035444,32.777525,-2.052247,1.827041,11.749392,-10.451131,20.341420,1.885809,-27.792709,-0.941012,-7.250972,-14.323802,-7.200066,-16.330796
622.000000,31.265846,0.441979,76.927346,2.018915,-0.481701,-76.966737,1.108456,15.252789,21.359844,17.017872,-20.240403,-5.783828,-5.969736,-12.839424,6.451150,15.959323,-17.235754,14.445790,-5.707923,0.027768,3.607926,-3.968415,32.419711,-2.148402,2.248120,11.484368,-10.097484,20.098194,1.692140,-28.863772,-0.573141,-6.681422,-14.375585,-7.274506,-15.996641
623.000000,31.238100,0.326019,76.934630,2.226896,-0.461156,-76.349843,0.869786,15.102414,21.054833,16.634777,-19.994933,-5.700457,-5.638228,-13.047721,5.773689,15.507845,-17.340537,14.226453,-6.204972,-0.164400,3.321138,-3.968248,32.090964,-2.317033,2.869529,11.722281,-9.776507,19.610604,1.285650,-29.596825,-0.544866,-5.954994,-14.133243,-7.801190,-13.524029
624.000000,31.190017,0.197058,76.933742,2.284382,-0.387200,-75.803399,0.672307,15.185003,20.659596,16.594780,-19.953901,-6.126016,-5.046819,-13.145287,5.083480,14.836061,-17.407644,14.135477,-6.629894,-0.217862,3.253246,-3.903104,31.520561,-2.510192,3.313422,12.039866,-9.628665,19.405080,1.179697,-29.818338,-0.576386,-5.725651,-13.987423,-7.822068,-13.326839
625.000000,31.142920,0.024053,76.924872,2.346815,-0.235432,-75.404535,0.559090,15.390863,20.378149,16.532688,-20.002848,-6.620932,-4.483986,-13.102950,4.494525,14.114698,-17.384759,14.121310,-6.917408,-0.151087,3.157087,-3.722110,30.823476,-2.607408,3.419234,12.122809,-9.679595,19.115123,1.215040,-29.820906,-0.695355,-5.629366,-13.987853,-7.929526,-13.065953
626.000000,31.106824,-0.168525,76.933151,2.340210,-0.109768,-75.257130,0.833598,15.525134,20.300898,16.083557,-19.867326,-6.782908,-3.941981,-13.006695,4.073730,13.421259,-17.302464,14.096713,-6.993217,-0.008960,3.041090,-3.378771,30.059649,-2.657987,3.282548,11.747724,-9.744977,18.491586,1.291780,-29.698557,-0.686378,-5.558645,-13.738099,-7.765045,-12.879825
627.000000,31.067967,-0.370218,76.952690,2.311950,-0.110247,-75.416992,1.501841,15.492853,20.567453,15.240452,-19.580238,-6.799325,-3.584090,-12.905846,4.098340,12.990814,-17.211879,13.978207,-6.729458,0.057938,2.917841,-2.964547,29.191006,-2.766617,3.032011,11.355066,-9.867229,18.040471,1.596162,-29.501206,-0.667179,-5.580444,-13.706691,-7.707451,-13.094518
628.000000,31.021851,-0.541421,76.967973,2.212685,-0.130724,-75.727594,2.330764,15.469118,20.973387,14.343918,-19.281446,-6.756889,-3.349277,-12.751887,4.321542,12.783535,-17.146413,13.784069,-6.410674,0.141716,2.949588,-2.590661,28.286433,-2.927784,2.907002,11.250370,-9.923283,17.727619,1.806690,-29.171106,-0.536862,-5.428602,-13.468509,-8.228221,-13.198863
629.000000,30.974594,-0.701437,76.974642,2.005657,-0.160568,-75.877404,3.072182,15.474388,21.208487,13.690301,-19.125807,-6.658088,-2.998110,-12.631486,4.402423,12.709091,-17.200385,13.657499,-6.227150,0.232255,3.074202,-2.363150,27.473838,-3.331154,3.142603,11.182407,-9.895714,17.483244,2.072026,-28.745736,-0.319892,-5.130327,-13.077852,-8.115189,-13.471490
630.000000,30.923870,-0.824357,76.979011,1.718944,-0.200713,-75.805240,3.549177,15.517889,21.111239,13.475157,-18.995528,-6.618436,-2.509201,-12.558374,4.298763,12.679901,-17.248210,13.718271,-6.208008,0.299769,3.284822,-2.277851,26.777381,-3.931287,3.792869,11.149653,-9.812084,17.054082,2.466322,-28.244721,-0.134418,-4.782504,-12.968787,-8.023121,-13.395505
631.000000,30.855149,-0.904885,76.986134,1.414103,-0.176288,-75.493071,3.674368,15.732072,20.926644,13.714076,-18.934459,-6.733953,-1.955270,-12.453310,3.957359,12.599879,-17.280075,13.647374,-6.323306,0.490833,3.658064,-2.528684,26.168780,-5.063375,5.029224,10.932979,-9.706012,17.034026,3.080211,-27.692973,0.174601,-4.519105,-12.677042,-7.691427,-14.221782
632.000000,30.781692,-0.931972,76.987356,1.147842,-0.116968,-75.081960,3.536583,16.013006,20.654521,14.193253,-18.976472,-6.835354,-1.479404,-12.358566,3.413819,12.543391,-17.352350,13.539842,-6.521499,0.748488,4.148548,-3.267509,25.737442,-6.853861,7.333413,10.386688,-9.777022,17.304909,3.417131,-27.461445,0.703402,-3.624203,-12.185414,-8.062121,-14.362143
633.000000,30.697262,-0.880005,76.988554,1.032758,-0.010431,-74.678863,3.090816,16.251067,20.071472,14.765455,-19.071982,-6.873568,-1.275975,-12.248461,2.878847,12.532424,-17.367218,13.457622,-6.653676,1.047888,4.365348,-4.494507,25.192355,-9.543914,11.111505,10.028395,-9.561091,17.656500,3.688441,-27.300406,1.726586,-2.060395,-11.446707,-7.737061,-14.756369
634.000000,30.641484,-0.834051,76.980501,0.934312,0.104100,-74.395418,2.742751,16.516763,19.733378,15.275045,-19.223357,-6.926408,-1.080055,-12.112227,2.552447,12.425830,-17.442857,13.372712,-6.684071,1.395062,4.431546,-5.715160,24.591015,-12.482370,15.657363,10.083661,-9.238449,17.087952,3.918390,-27.222043,2.982671,-0.226232,-11.177150,-7.342972,-15.548763
635.000000,30.605051,-0.791389,76.969367,0.870533,0.147043,-74.434442,2.771128,16.636994,19.742030,15.292239,-19.247490,-7.003688,-0.978767,-12.023715,2.535775,12.246397,-17.456633,13.341374,-6.539109,1.662162,4.546496,-6.851411,23.937016,-15.128273,20.466310,10.469842,-8.829623,15.548664,3.772945,-27.226469,4.380486,1.992561,-10.854041,-7.089595,-16.268925
636.000000,30.567518,-0.744406,76.960099,0.868648,0.157596,-74.654798,3.011052,16.628876,19.862462,14.892157,-19.159591,-7.051629,-0.996808,-11.973100,2.599512,12.025619,-17.409969,13.275942,-6.487965,1.948171,4.628007,-7.221091,23.053164,-17.048716,24.459220,10.512270,-8.418529,13.651051,3.450958,-27.388283,5.710595,4.321266,-10.621297,-7.011703,-15.678086
637.000000,30.572230,-0.738382,76.959103,0.853937,0.153329,-74.876646,3.261706,16.614007,20.120733,14.649745,-19.193735,-7.207209,-1.071833,-11.916780,2.839308,12.033348,-17.443813,13.281096,-6.465768,2.132460,4.653828,-6.981830,22.348432,-18.079350,27.065733,10.599637,-8.492553,12.289203,3.109649,-27.543238,6.539964,6.387925,-10.200794,-7.301489,-14.637809
