Frame,root_translateX,root_translateY,root_translateZ,root_rotateX,root_rotateY,root_rotateZ,left_hip_pitch_joint_dof,left_hip_roll_joint_dof,left_hip_yaw_joint_dof,left_knee_joint_dof,left_ankle_pitch_joint_dof,left_ankle_roll_joint_dof,right_hip_pitch_joint_dof,right_hip_roll_joint_dof,right_hip_yaw_joint_dof,right_knee_joint_dof,right_ankle_pitch_joint_dof,right_ankle_roll_joint_dof,waist_yaw_joint_dof,waist_roll_joint_dof,waist_pitch_joint_dof,left_shoulder_pitch_joint_dof,left_shoulder_roll_joint_dof,left_shoulder_yaw_joint_dof,left_elbow_joint_dof,left_wrist_roll_joint_dof,left_wrist_pitch_joint_dof,left_wrist_yaw_joint_dof,right_shoulder_pitch_joint_dof,right_shoulder_roll_joint_dof,right_shoulder_yaw_joint_dof,right_elbow_joint_dof,right_wrist_roll_joint_dof,right_wrist_pitch_joint_dof,right_wrist_yaw_joint_dof
0.000000,-14.233804,-170.661318,74.056083,0.430968,-2.317923,168.947045,8.829896,-1.467330,13.092672,-5.000031,-16.465610,-8.575664,-8.944328,7.041015,3.059834,25.042195,-22.222944,9.639303,13.093138,1.287032,0.270886,12.353140,19.552573,-0.964340,45.160678,-2.920143,5.657897,-8.864856,5.495212,-32.037303,28.202719,41.888375,-12.836769,11.845152,25.967525
1.000000,-14.114891,-170.496345,73.636085,-3.426978,1.481290,177.664674,10.368280,-6.525880,4.492140,-2.320086,-16.301652,-7.101341,-7.980473,-0.949625,-4.029876,34.398062,-30.275940,11.061142,2.274219,-1.874795,3.867162,0.083954,20.819024,-3.342226,70.509832,-9.148589,-10.443629,-6.685044,-4.639134,-24.564695,25.116670,64.309598,-4.571831,-4.388262,17.458556
2.000000,-14.557271,-170.587969,73.768365,-3.069039,0.447753,178.087764,9.967096,-6.322920,3.492023,-2.482117,-16.550530,-7.009043,-6.599081,-0.544562,-4.438832,30.623778,-29.142867,11.848555,1.879627,-1.318961,3.428661,-1.771114,21.268997,-2.871560,71.637722,-8.936303,-10.833540,-6.426831,-6.869623,-24.780490,24.776624,65.764319,-4.148665,-5.771589,16.439365
3.000000,-14.634304,-170.611298,73.912036,-2.745430,0.388801,178.025644,9.922574,-5.963371,2.923741,-2.392864,-16.016758,-6.953838,-5.787214,-0.159271,-4.468774,28.853147,-28.051671,12.457252,2.049244,-1.015489,3.620552,-2.543847,21.182261,-2.348139,72.315536,-8.655677,-11.111296,-6.278421,-7.317137,-24.475566,24.164422,66.449244,-4.734533,-6.495172,16.325072
4.000000,-14.723498,-170.610428,73.957652,-2.522336,0.548292,178.109111,10.188992,-5.707888,2.942677,-2.384328,-16.033280,-7.007506,-5.066041,0.149269,-4.443179,27.872127,-27.491899,12.379574,2.216433,-0.976316,3.894922,-2.865819,21.364671,-2.194618,72.531678,-8.271222,-11.462785,-5.592208,-7.399806,-24.164255,23.376165,66.846945,-5.413496,-6.829749,15.846729
5.000000,-14.793643,-170.572484,73.988545,-2.344507,0.784625,178.044093,10.542816,-5.464150,2.961229,-2.368664,-16.123792,-7.041894,-4.451576,0.434638,-4.442723,27.248148,-26.982766,12.317468,2.552974,-0.930430,4.057907,-2.893526,21.587170,-2.354972,72.445686,-8.634454,-11.752814,-5.933874,-7.257386,-23.970464,22.990739,66.881089,-5.833663,-7.088960,15.648161
6.000000,-14.862637,-170.568562,74.002975,-2.209253,1.043515,178.059088,10.914068,-5.306360,2.941476,-2.349157,-16.320343,-6.926896,-3.900461,0.627872,-4.393295,26.817329,-26.783955,12.357971,2.672036,-0.887524,4.237908,-2.897180,21.778126,-2.492645,72.364393,-9.235144,-11.689525,-6.682968,-7.158189,-23.944620,22.987789,66.608462,-5.688567,-7.098339,15.848622
7.000000,-14.940302,-170.622027,74.002850,-2.082915,1.301685,178.108929,11.270777,-5.238081,2.964031,-2.339533,-16.305234,-7.089863,-3.468950,0.685714,-4.482253,26.667000,-26.681792,12.390709,2.915226,-0.541778,4.133859,-2.820687,21.839696,-2.601692,72.561068,-8.803186,-11.907927,-6.071832,-6.758414,-24.334999,22.747600,66.467638,-5.745218,-7.262518,15.630282
8.000000,-14.970349,-170.625138,74.009842,-2.014428,1.494385,178.089067,11.528077,-5.160710,2.966732,-2.323537,-16.339090,-7.103635,-3.125377,0.786358,-4.388759,26.449390,-26.590507,12.422378,2.924474,-0.524331,4.326099,-2.819130,22.003016,-2.650863,72.543180,-8.946495,-11.905515,-6.043568,-6.794516,-24.315064,22.874717,66.369911,-5.679851,-7.113660,15.785303
9.000000,-15.000321,-170.641708,74.013734,-1.974834,1.635957,178.078216,11.727077,-5.139054,3.008263,-2.324857,-16.422749,-7.093677,-2.867539,0.829266,-4.397442,26.285320,-26.549304,12.368682,2.970599,-0.509526,4.434907,-2.787111,22.160428,-2.772598,72.480212,-9.116812,-11.790448,-6.510538,-6.740065,-24.294797,22.914057,66.278373,-5.514616,-6.994280,16.026407
10.000000,-15.019833,-170.665300,74.012756,-1.930753,1.729243,178.019192,11.853122,-5.117757,2.976390,-2.322183,-16.415675,-7.048111,-2.770853,0.881268,-4.324303,26.313328,-26.572904,12.303610,3.044668,-0.486134,4.468701,-2.812137,22.254918,-2.722980,72.604378,-9.012447,-11.376751,-6.378797,-6.703884,-24.163340,22.841761,66.316779,-5.488840,-6.781427,15.866261
11.000000,-15.028419,-170.699584,74.010867,-1.890446,1.749998,178.015011,11.885756,-5.114784,2.979276,-2.319422,-16.423955,-7.048484,-2.741179,0.915919,-4.327120,26.312433,-26.598915,12.250290,3.035370,-0.475873,4.540770,-2.862579,22.338595,-2.523861,72.628905,-8.736330,-11.181028,-6.271645,-6.731420,-24.113465,22.817191,66.284930,-5.558797,-6.825939,15.924852
12.000000,-15.035729,-170.745468,74.003869,-1.889736,1.793495,178.058494,11.937654,-5.172060,2.917923,-2.325114,-16.516659,-6.933751,-2.816552,0.911577,-4.247655,26.583006,-26.698660,12.207875,2.919870,-0.479859,4.612816,-2.871210,22.482042,-2.283224,72.725020,-8.141842,-11.429224,-4.563537,-6.820022,-24.059408,22.906935,66.382786,-5.698029,-6.995440,15.466869
13.000000,-15.019831,-170.796585,73.970503,-1.906531,1.734758,177.984903,11.882468,-5.221321,3.046059,-2.339487,-16.610685,-7.031810,-3.031643,0.848726,-4.280965,26.852254,-26.942581,12.068628,2.875478,-0.534498,4.720148,-2.929013,22.288449,-2.368245,72.660830,-8.420543,-11.997508,-4.380125,-6.988545,-23.932387,22.989934,66.515804,-5.621417,-7.081333,15.464795
14.000000,-15.010056,-170.844615,73.939329,-1.956451,1.643986,177.927376,11.772021,-5.322638,3.174250,-2.347732,-16.688456,-6.990183,-3.317655,0.763097,-4.187119,27.181865,-27.121592,12.198122,2.803171,-0.609454,4.753189,-2.936711,22.152438,-2.559756,72.647429,-8.746905,-12.278316,-4.558065,-7.065157,-23.864826,22.932316,66.506515,-5.676913,-7.235925,15.362403
15.000000,-15.001188,-170.907974,73.923534,-1.978040,1.541299,177.848572,11.661288,-5.406331,3.374063,-2.356146,-16.723701,-7.034334,-3.607939,0.652658,-4.213454,27.514271,-27.277216,12.188496,2.745732,-0.604063,4.702008,-2.958436,21.972983,-2.735457,72.847232,-8.418702,-11.669169,-5.324299,-7.046997,-23.832613,22.926942,66.522238,-5.693501,-7.120260,15.544042
16.000000,-15.009804,-170.961857,73.921692,-2.028309,1.432727,177.776204,11.550894,-5.511679,3.327606,-2.360415,-16.733931,-7.046063,-3.860807,0.540100,-4.198664,27.774997,-27.366341,12.223788,2.705773,-0.655631,4.640742,-2.965167,21.849148,-2.642216,72.839016,-8.395267,-11.283148,-5.979732,-6.986849,-23.836723,22.961105,66.507137,-5.577018,-7.074841,15.919834
17.000000,-15.044340,-171.001470,73.918641,-2.038012,1.317725,177.688214,11.456552,-5.560039,3.258579,-2.368233,-16.578459,-6.969011,-3.983371,0.488295,-4.328729,27.807947,-27.365790,12.330947,2.720066,-0.699147,4.562719,-2.963023,21.854549,-2.534071,72.748973,-8.353180,-11.322746,-5.598900,-6.854315,-23.831877,23.019068,66.384801,-5.454021,-7.056035,15.825275
18.000000,-15.065274,-171.053994,73.903233,-2.063348,1.219673,177.697469,11.366433,-5.634012,3.305584,-2.385530,-16.760045,-6.791324,-4.134875,0.430489,-4.190384,27.912799,-27.502983,12.312118,2.702261,-0.770070,4.531838,-3.035751,21.897557,-2.371454,72.669723,-8.099063,-11.568027,-4.490963,-6.629534,-23.964132,23.169822,66.096068,-5.336812,-7.061370,15.484732
19.000000,-15.099011,-171.106708,73.898447,-2.017788,1.124732,177.632942,11.293165,-5.646823,3.375942,-2.391846,-16.781654,-6.750916,-4.128627,0.483115,-4.184074,27.717691,-27.450394,12.336796,2.683849,-0.785640,4.516802,-3.023474,21.790325,-2.430795,72.533740,-8.364392,-11.423698,-5.203416,-6.339396,-24.208176,23.742953,65.458484,-4.867572,-7.011955,15.998419
20.000000,-15.154859,-171.165001,73.891973,-1.952568,1.112464,177.655234,11.347487,-5.612084,3.361482,-2.399264,-16.868489,-6.824404,-4.108380,0.490720,-4.231400,27.777141,-27.524503,12.253645,2.594776,-0.762765,4.482723,-2.975357,21.837431,-2.311529,72.600123,-8.431240,-11.253367,-5.672026,-6.265579,-23.980099,23.296090,65.829657,-5.200924,-6.942421,15.922727
21.000000,-15.183648,-171.209288,73.874032,-1.922926,1.157436,177.631748,11.421745,-5.627938,3.314202,-2.400956,-16.874747,-6.809066,-4.162343,0.472547,-4.140904,28.039557,-27.719575,12.122785,2.623926,-0.846510,4.561025,-3.032947,21.991667,-2.110369,72.691190,-8.452749,-11.320637,-5.577650,-6.288315,-23.727760,22.939098,66.213104,-5.651934,-7.030458,15.875815
22.000000,-15.201624,-171.242666,73.848712,-1.924466,1.157342,177.636469,11.433148,-5.661628,3.364032,-2.408585,-16.946340,-6.841095,-4.344328,0.466111,-4.059918,28.427674,-27.891013,12.084427,2.554445,-0.922231,4.613422,-3.005456,22.147940,-2.055759,72.767039,-7.931496,-11.560187,-4.489747,-6.360913,-23.616267,22.838088,66.373026,-5.850770,-7.150907,15.617911
23.000000,-15.237093,-171.263564,73.842466,-1.918694,1.122041,177.598202,11.414379,-5.691028,3.302866,-2.400594,-16.849969,-6.731686,-4.501642,0.468989,-4.012658,28.731416,-28.005447,11.759649,2.452954,-0.978355,4.594168,-2.913449,22.104195,-1.951663,72.789251,-7.799643,-11.476190,-4.411964,-6.501405,-23.476952,22.908132,66.646486,-5.872370,-7.197150,15.519793
24.000000,-15.285394,-171.283662,73.827785,-1.955343,1.043774,177.616649,11.368616,-5.744347,3.334470,-2.408517,-16.877454,-6.695833,-4.684544,0.419673,-3.997320,29.008442,-28.150695,11.645992,2.293817,-1.011367,4.530821,-2.770513,22.078277,-1.778756,72.784702,-7.859292,-11.442076,-4.500577,-6.584754,-23.411928,23.021680,66.604200,-5.757664,-7.187289,15.548547
25.000000,-15.316041,-171.299088,73.814201,-1.988618,0.922363,177.581157,11.260037,-5.802971,3.359795,-2.413050,-16.890534,-6.637889,-4.894979,0.362041,-4.000386,29.187389,-28.227574,11.824495,2.271070,-1.118821,4.530823,-2.708893,22.077308,-1.864581,72.755271,-8.002769,-11.443061,-4.091793,-6.567038,-23.495410,23.118729,66.187532,-5.769574,-7.168275,15.418751
26.000000,-15.371872,-171.359575,73.817420,-1.959631,0.837203,177.682251,11.196968,-5.832749,3.232923,-2.417196,-16.877078,-6.586914,-4.915925,0.351256,-4.065172,29.158481,-28.228342,11.684417,2.246179,-1.209961,4.565932,-2.804280,21.881863,-1.978497,72.842151,-8.495248,-11.150087,-5.700669,-6.585058,-23.317048,23.066777,66.104852,-5.357166,-7.148003,16.114233
27.000000,-15.426448,-171.398950,73.812866,-1.927142,0.757061,177.776083,11.156110,-5.819664,3.166226,-2.416221,-16.911403,-6.436184,-4.903325,0.351712,-4.119483,29.083588,-28.201685,11.382024,2.116385,-1.008927,4.466884,-2.757962,21.811099,-2.019673,72.830881,-8.947572,-11.041937,-6.280245,-6.626749,-23.436823,23.468882,65.980652,-5.170355,-7.109418,16.079853
28.000000,-15.480146,-171.419370,73.804533,-1.899472,0.642745,177.793057,11.085039,-5.798927,3.197657,-2.413696,-16.980496,-6.446636,-5.013336,0.379804,-4.138237,29.147757,-28.203495,11.460069,2.103251,-0.955952,4.440313,-2.750524,21.729789,-1.898455,72.735934,-8.980835,-11.029792,-6.363269,-6.634214,-23.546015,23.581254,65.738836,-5.240173,-7.158333,16.057119
29.000000,-15.519041,-171.444130,73.793662,-1.922110,0.518027,177.719974,10.971095,-5.840987,3.296265,-2.415707,-17.043793,-6.266520,-5.149315,0.323721,-4.158792,29.183865,-28.291118,11.529400,2.240265,-0.998722,4.402004,-2.792024,21.642981,-1.813405,72.661888,-8.904256,-11.014550,-6.296450,-6.592872,-23.576642,23.709653,65.421239,-5.017080,-7.121012,16.130009
30.000000,-15.577108,-171.461749,73.786569,-1.960234,0.418978,177.699051,10.908371,-5.901166,3.333511,-2.417084,-17.008178,-6.274849,-5.329029,0.264572,-4.118885,29.414664,-28.346574,11.674386,2.326196,-1.048609,4.368114,-2.834804,21.575753,-1.804302,72.628243,-8.745236,-10.962771,-6.254417,-6.646870,-23.486340,23.585417,65.562931,-5.055400,-7.014517,15.932407
31.000000,-15.621229,-171.476758,73.780286,-1.976289,0.325271,177.729494,10.848378,-5.910886,3.428595,-2.431094,-17.056476,-6.440465,-5.490707,0.236817,-4.056724,29.576191,-28.414176,11.611189,2.332670,-1.110026,4.311386,-2.862650,21.576762,-1.773945,72.644512,-8.528464,-10.792194,-6.451865,-6.740893,-23.457585,23.613315,65.600149,-5.180310,-6.916999,16.129978
32.000000,-15.667997,-171.471727,73.759156,-2.010511,0.247130,177.750375,10.805960,-5.906154,3.503807,-2.441939,-17.176862,-6.553922,-5.742250,0.199662,-4.062019,30.004953,-28.604907,11.557398,2.285118,-1.193742,4.365258,-2.924417,21.554865,-1.681324,72.558459,-8.821714,-10.915697,-6.263061,-6.849008,-23.461719,23.655360,65.371706,-5.052176,-6.953221,15.896282
33.000000,-15.722889,-171.452987,73.737812,-2.062674,0.210149,177.759557,10.819914,-5.937982,3.579182,-2.442546,-17.250696,-6.580625,-5.942309,0.159150,-4.025684,30.419036,-28.826998,11.459465,2.223522,-1.303574,4.407815,-2.892712,21.544385,-1.766083,72.407792,-9.138757,-11.013543,-6.167972,-6.801597,-23.436606,23.683032,65.097939,-4.656592,-6.937111,15.661890
34.000000,-15.764199,-171.406257,73.687732,-2.210672,0.217079,177.823113,10.872348,-6.061613,3.722520,-2.453868,-17.288995,-6.673502,-6.384898,0.011631,-4.000785,31.440119,-29.263624,11.555491,2.146384,-1.533515,4.463354,-2.882303,21.618300,-1.891356,72.398591,-9.229877,-10.916693,-6.105063,-6.763671,-23.363060,23.602062,65.051227,-4.530089,-6.800911,15.623885
35.000000,-15.821366,-171.345508,73.622018,-2.421705,0.288877,177.890181,11.006424,-6.234686,3.689460,-2.498262,-17.191347,-7.009511,-6.769370,-0.265364,-4.062884,32.572045,-29.841544,11.640214,2.052266,-1.887726,4.602820,-2.856573,21.767000,-1.967385,72.353635,-9.229478,-10.958658,-6.053896,-6.741552,-23.242283,23.432979,65.084101,-4.626415,-6.749659,15.596563
36.000000,-15.839104,-171.257031,73.513240,-2.710347,0.383179,178.013262,11.142872,-6.493986,3.726410,-2.560506,-17.284893,-7.255749,-7.491564,-0.569713,-4.003723,34.387380,-30.675739,11.381684,1.836332,-2.301810,4.852360,-2.869235,21.894737,-1.980606,72.250042,-9.249245,-10.981140,-6.166856,-6.755207,-23.191030,23.363779,64.997665,-4.511192,-6.781480,15.553761
37.000000,-15.777659,-171.067691,73.347831,-3.237636,0.361495,177.978802,11.076064,-6.942365,3.952184,-2.609860,-17.391494,-7.238719,-9.013967,-1.088837,-3.885305,37.372623,-31.557697,12.037071,1.537552,-3.093636,5.123431,-2.837393,22.091046,-1.942233,72.150717,-8.978070,-10.874547,-5.908455,-6.965137,-23.079761,23.318645,64.936664,-4.384637,-6.873230,15.425482
38.000000,-15.667780,-170.805824,73.160356,-3.908535,0.183438,177.967744,10.758864,-7.483962,4.403683,-2.666899,-17.546114,-7.066214,-11.037482,-2.006542,-4.134078,41.034820,-32.339921,12.987867,1.267992,-4.235374,5.312537,-2.935912,22.334565,-1.656532,72.214982,-8.459638,-11.005574,-5.686274,-7.185843,-22.924266,22.997006,65.003867,-4.041095,-7.238836,15.369341
39.000000,-15.522598,-170.486534,72.941649,-4.727135,-0.040390,177.707629,10.385839,-8.150898,4.859828,-2.761907,-17.723955,-6.736500,-13.528515,-3.372125,-4.548210,45.639225,-33.487547,14.053566,0.765529,-5.319000,5.402578,-2.598245,22.536872,-1.762789,72.032357,-8.241094,-10.946754,-5.050986,-7.407933,-23.003596,23.367650,64.613876,-3.440459,-7.354001,14.855849
40.000000,-15.274294,-169.773960,72.726256,-5.559491,-0.483135,177.782680,9.683742,-8.433644,5.239583,-2.835848,-17.808470,-6.874781,-16.699971,-3.794248,-4.090301,50.808889,-34.564551,14.999917,-0.015475,-6.737244,5.465455,-2.371152,23.033578,-2.215693,71.816325,-7.371909,-10.797391,-3.905367,-7.445508,-23.086815,23.375457,63.933774,-2.905455,-7.638383,14.352326
41.000000,-15.044715,-168.890047,72.586399,-5.979622,-1.050187,177.602947,8.888314,-8.039444,5.363658,-2.891369,-17.780724,-7.096955,-19.678448,-4.185631,-3.954940,55.156274,-35.625013,15.000035,-0.753294,-7.784277,5.245161,-1.995747,24.044755,-2.370176,71.695089,-6.149337,-10.668029,-2.387925,-7.384036,-22.974417,23.346953,63.689820,-2.581217,-7.895386,13.528392
42.000000,-14.891753,-168.303800,72.547507,-5.992268,-1.802118,177.249325,7.990653,-7.386079,5.865169,-2.940924,-17.736531,-7.620651,-22.329963,-6.661991,-4.522175,58.687390,-36.343215,15.000035,-0.994312,-8.437684,4.873249,-2.084766,24.492783,-1.890718,71.741828,-6.608967,-10.605761,-2.608605,-7.193968,-22.722752,23.069017,63.712688,-2.654125,-7.993561,13.580408
43.000000,-14.789572,-167.712796,72.578180,-6.022109,-2.632190,176.634929,7.066042,-6.661135,6.667543,-3.036694,-17.650404,-8.275566,-24.450839,-11.393023,-6.398487,61.026203,-36.594026,15.000035,-0.854333,-8.781199,4.397007,-2.385348,25.181284,-1.578054,71.935347,-6.893998,-10.836897,-2.419397,-6.990659,-22.730680,22.580785,64.112131,-2.896079,-7.984879,13.290889
44.000000,-14.793512,-167.199540,72.605342,-5.991943,-3.453933,176.638085,6.062285,-6.079993,6.692823,-2.996401,-17.531369,-8.053233,-26.208979,-16.475388,-6.873253,62.344198,-35.408520,15.000035,-0.932566,-8.890927,3.893049,-2.814684,25.716670,-1.372816,71.771238,-7.467406,-10.982553,-2.293658,-6.598361,-22.807381,21.834757,64.535876,-2.857851,-7.919589,12.976536
45.000000,-14.859037,-166.705596,72.647583,-6.015298,-4.185318,176.724448,5.260811,-5.555571,6.521653,-2.885487,-17.247459,-7.910417,-27.857616,-22.890978,-7.393027,62.732405,-31.845955,15.000035,-0.965307,-8.809266,3.398499,-3.109203,26.189317,-1.288268,71.284587,-8.016599,-11.321202,-1.066178,-6.054503,-23.130553,20.867061,64.936535,-2.896756,-7.806996,12.342352
46.000000,-14.977461,-166.087210,72.687727,-6.082672,-4.705918,177.080732,4.720194,-5.032804,6.118750,-2.785689,-16.979340,-8.047156,-28.930957,-28.812026,-7.368994,61.321076,-26.633103,14.999683,-1.028041,-8.709286,3.061778,-3.434709,25.960776,-1.327661,70.690662,-10.030614,-11.686151,-2.286228,-5.360104,-23.567098,20.299582,65.004727,-2.569352,-7.690977,12.537023
47.000000,-15.088481,-165.155947,72.865504,-4.680928,-6.130754,177.613671,3.100704,-2.457155,5.566218,-2.272956,-17.161296,-8.533333,-29.680290,-31.322967,-7.970116,57.351808,-20.262432,15.000035,-1.168446,-6.698729,2.313643,-4.369982,26.071571,-1.828137,70.658252,-11.184934,-11.873159,-3.059689,-5.437920,-24.743105,19.540225,64.964415,-2.466106,-7.424047,12.907944
48.000000,-15.092424,-163.813972,73.019123,-3.726383,-6.570537,177.550654,2.653884,0.026919,5.647042,-2.084153,-17.265502,-9.399693,-30.022797,-32.784187,-7.915934,53.443730,-14.790285,15.000035,-0.823507,-5.595644,1.932463,-4.497007,26.355327,-1.927750,70.891817,-10.547329,-12.259130,-2.422182,-5.073370,-25.166361,18.695590,64.987904,-2.824956,-7.268505,12.854945
49.000000,-15.117562,-162.325406,72.998714,-3.540797,-6.508002,177.612185,2.838416,1.717178,5.580204,-2.259052,-17.076298,-10.336646,-30.774729,-34.398892,-6.147436,50.999288,-10.076279,15.000035,-0.872543,-5.551451,1.593124,-3.819134,27.226012,-2.189275,71.145545,-9.363926,-12.403666,-1.514590,-4.596955,-25.103732,18.310489,65.134999,-3.021470,-7.082755,12.559956
50.000000,-15.026706,-160.532010,72.924691,-2.406055,-6.854465,176.257873,2.824688,5.264941,6.838877,-3.442256,-15.376721,-11.770273,-33.471356,-32.182127,-1.379192,50.370658,-6.721510,15.000035,0.516431,-5.276713,0.036270,-1.558834,27.303773,-2.389080,71.462801,-9.359765,-12.554335,-1.841425,-2.342646,-23.366007,18.118919,64.795949,-3.205444,-7.001531,12.262648
51.000000,-15.623274,-158.988249,72.949642,-1.625640,-7.521514,178.299552,2.094881,7.259084,4.667808,-1.964279,-17.198196,-12.707663,-30.831580,-31.201428,0.749289,46.368355,-3.467744,15.000035,-0.943962,-4.134749,-0.484535,-2.680893,28.568914,-2.134588,71.847832,-9.032319,-12.611374,-0.923930,-3.088352,-24.610766,16.979150,64.418902,-2.984808,-6.682102,12.300051
52.000000,-15.993845,-157.013774,72.872251,-0.770758,-7.424869,179.386583,2.182268,9.989059,3.904471,-1.621874,-17.212364,-13.767968,-28.688844,-29.099594,2.984071,44.552658,-0.426129,15.000035,-1.861463,-3.262361,-0.562223,-2.727229,29.046039,-1.964233,72.396877,-8.391846,-12.148065,-1.543060,-3.210906,-24.955095,16.580513,63.889064,-2.661263,-6.310409,12.933502
53.000000,-16.326077,-154.846799,72.634566,-0.074027,-7.101547,179.747990,2.710487,12.813724,3.611695,-1.437260,-17.028529,-14.936128,-26.417570,-26.348331,4.669587,43.543846,-0.674943,15.000035,-2.342224,-2.560307,-0.629344,-2.381385,29.803862,-1.468258,72.825704,-7.500059,-12.002573,-0.584663,-3.200879,-25.320864,16.691423,63.372899,-2.449042,-6.013140,13.201523
54.000000,-16.599576,-152.755225,72.267270,0.350320,-6.595117,179.760774,3.500599,14.985609,3.563498,-1.266740,-16.850568,-15.000028,-24.054260,-23.910286,5.499070,43.022720,-4.626284,15.000035,-2.709525,-2.111496,-0.513965,-1.907382,29.859924,-0.758193,73.082498,-8.087760,-12.092987,0.126007,-3.174178,-25.624841,16.817379,62.749180,-2.435356,-6.007611,13.141086
55.000000,-16.836745,-150.617778,71.823514,0.227627,-5.785549,179.733017,4.495063,16.553976,3.874200,-0.961352,-16.095464,-15.000035,-21.882818,-22.615649,5.689372,43.019970,-9.971262,15.000035,-3.199326,-2.256078,0.037788,-1.401908,29.901977,-0.227634,73.121676,-7.984519,-12.118756,0.782895,-3.323957,-26.030906,17.010501,62.273785,-2.476526,-5.937511,12.902715
56.000000,-16.462906,-148.087358,71.191704,-0.732430,-2.316623,177.646409,5.406048,18.151624,5.782109,4.450224,-15.519569,-15.000035,-20.952835,-20.607599,9.007643,47.390062,-17.341027,15.000035,-2.131975,-3.989023,1.231009,2.761405,28.638339,-0.294515,72.457782,-8.309038,-12.241935,0.002161,-0.204364,-24.118084,18.134219,61.846680,-2.733793,-6.043231,11.692947
57.000000,-16.926703,-145.978570,70.882213,-1.587619,-2.188041,178.549694,4.201167,18.817460,3.627773,8.735206,-16.649631,-15.000035,-18.276133,-21.356014,7.460046,45.434545,-22.557381,15.000035,-3.062165,-4.410285,2.295639,1.299018,29.154505,-0.609401,71.385907,-8.340580,-11.769924,-0.788311,-2.396039,-26.189727,17.803966,61.391509,-2.460882,-5.949333,11.842313
58.000000,-16.720532,-143.627620,70.657808,-2.492480,-0.804231,178.382958,1.863483,19.648637,1.924510,15.702180,-16.008234,-15.000035,-16.856388,-20.983782,6.965952,46.228766,-27.439079,15.000035,-3.178131,-5.349429,4.018365,1.275577,28.945607,-0.353999,70.994544,-6.605562,-11.834758,0.565363,-3.179775,-26.846026,17.695471,61.117632,-2.610397,-6.369712,11.268683
59.000000,-16.282924,-141.294169,70.592350,-3.192788,0.606243,178.214033,-1.666920,20.560107,1.110793,24.337636,-14.088129,-15.000035,-16.856243,-19.677922,7.203813,49.147050,-30.332095,15.000035,-3.303132,-6.408511,5.704826,2.102330,28.123972,1.340042,70.834744,-4.042909,-11.953836,-1.012972,-3.549024,-26.785939,16.891775,61.227612,-3.364380,-7.421227,11.666662
60.000000,-15.666421,-138.851964,70.607829,-3.480343,1.347441,177.509833,-5.886663,22.679455,1.152850,32.331445,-11.371310,-15.000035,-17.994656,-17.415862,7.811336,52.040751,-31.571218,15.000035,-2.955354,-7.055493,6.807527,2.736606,27.395967,1.863206,70.858650,-2.661966,-11.514602,-1.480308,-4.286135,-26.721698,16.968673,61.736017,-4.091771,-7.838852,11.179732
61.000000,-15.040003,-136.746299,70.748216,-3.620850,1.351397,176.477791,-10.469755,24.731770,1.345010,39.174413,-8.709470,-15.000035,-19.216780,-15.503250,8.358581,53.106432,-32.618398,15.000035,-2.343658,-7.272289,6.857082,3.513071,26.462957,1.503787,71.003389,-1.847385,-10.782283,-2.825288,-4.871308,-26.677537,17.504557,62.232012,-4.649564,-8.052096,10.948745
62.000000,-14.521228,-134.599221,70.711440,-3.581012,0.923206,175.658911,-14.796138,27.440063,1.876685,45.129959,-8.798470,-15.000035,-20.371683,-13.677588,8.547755,53.666377,-33.958587,15.000035,-1.826060,-7.284532,6.433553,4.113905,26.108318,0.064713,71.045661,-0.433172,-10.271329,-3.771748,-5.226348,-26.957315,18.693523,61.929004,-4.377402,-8.342401,10.895397
63.000000,-14.126232,-132.277453,70.580530,-2.427729,0.272308,174.712159,-18.113528,31.096820,2.187895,50.830398,-14.245581,-14.187690,-21.233989,-9.985111,7.666632,54.030782,-35.231987,13.303752,-1.103788,-6.534071,5.984831,4.379551,26.282609,-0.741598,71.094005,-0.045876,-10.133054,-4.051562,-5.458776,-27.386788,20.007190,60.999088,-3.491616,-8.588033,10.979579
64.000000,-13.701999,-130.677187,70.812404,-1.296909,-0.569475,174.403337,-20.604309,33.214926,5.533703,55.958002,-22.651189,-9.827342,-21.491100,-7.030226,6.351015,52.657224,-35.249476,12.079218,-0.695253,-5.120611,5.291114,4.273071,26.222872,-0.610488,71.250655,-0.363913,-9.892553,-4.144704,-5.766445,-27.963571,20.723173,60.713271,-3.257256,-8.152588,10.961992
65.000000,-13.447444,-129.443824,71.234894,-0.218300,-1.642600,173.687822,-21.786102,31.635654,6.980129,59.653212,-30.621961,-7.443312,-21.303312,-4.303330,5.568995,49.683855,-34.277629,11.563089,0.306411,-3.379487,4.406400,3.506757,25.941190,-0.198837,71.469658,-1.665408,-9.481260,-4.351528,-6.010257,-28.495660,20.649544,60.784299,-3.374334,-7.311492,11.109315
66.000000,-13.155378,-128.419018,71.641791,0.296390,-2.084823,173.217317,-22.361479,26.323469,6.605847,62.363568,-35.897398,-6.165186,-20.720099,-2.628316,5.052674,47.170731,-33.137209,11.260761,1.339780,-2.198919,4.316802,1.964132,25.874488,-2.001019,71.492416,-4.061854,-9.233306,-3.202919,-6.202906,-28.931407,20.911848,60.921838,-2.725905,-6.246459,11.069225
67.000000,-12.923226,-127.518547,71.927649,0.300779,-2.196432,172.912491,-22.714778,18.152852,5.031994,63.465626,-39.053359,-6.727370,-20.159534,-1.908774,4.657380,45.492956,-32.577205,11.965816,2.163582,-1.540028,3.883109,1.391559,25.739926,-3.061821,71.856561,-4.367164,-9.487641,-3.330655,-5.543452,-29.155509,20.673591,61.238834,-2.417373,-5.963464,11.792838
68.000000,-12.786184,-126.690960,72.180647,0.407295,-2.043014,172.578540,-22.557176,8.952361,2.378744,62.408606,-40.089252,-8.422014,-19.200946,-0.989865,4.581478,43.800791,-32.080490,12.600483,2.810075,-0.877744,3.500022,1.257114,25.788749,-3.202408,72.100358,-3.786287,-10.341183,-2.316968,-4.863815,-29.274201,21.104726,61.470302,-2.541701,-6.014551,12.463682
69.000000,-12.756072,-125.873697,72.434163,0.928624,-1.584602,172.339998,-21.497197,2.371002,1.076910,60.143784,-40.505067,-8.591382,-17.449390,0.308067,4.322690,41.551152,-31.424116,12.425229,3.158139,0.043901,3.388576,1.531814,26.048923,-2.807616,72.046563,-3.329695,-10.628333,-2.344071,-4.670753,-29.009067,21.828673,61.995387,-3.380163,-6.037388,12.973447
70.000000,-12.830086,-125.103343,72.661597,1.776572,-0.858173,172.306864,-19.326307,-2.186754,0.077611,56.481040,-39.888011,-10.372646,-14.864925,1.774868,4.013464,38.576143,-30.507361,12.973178,3.390835,0.973976,3.684752,1.668842,26.410347,-1.902236,72.012283,-2.924213,-10.963366,-2.718682,-4.429604,-28.586770,22.184304,62.081229,-3.894815,-6.180915,14.044431
71.000000,-12.934306,-124.311745,72.723311,2.659008,-0.283931,171.994283,-17.182193,-4.309304,0.068256,53.685164,-38.767624,-11.074810,-12.966669,3.297725,3.437536,36.669086,-30.304716,12.296840,3.506478,1.804258,3.844004,2.086766,26.551633,-1.187530,71.828216,-4.898954,-10.486535,-5.889571,-4.414668,-28.127390,22.778158,61.839269,-3.070709,-5.924626,15.344194
72.000000,-13.116923,-123.562527,72.764236,3.777095,0.580971,171.701001,-14.417375,-5.296277,-0.953575,51.026738,-36.242510,-10.576389,-10.372049,5.053683,3.058174,34.172895,-29.622807,12.072414,3.739833,2.700656,4.424641,2.213613,26.869208,-0.502068,71.868050,-4.705735,-10.361448,-5.704571,-4.443486,-27.363287,22.237559,61.976214,-3.014789,-5.948408,15.307817
73.000000,-13.357718,-122.799301,72.779441,4.822232,1.523274,171.899190,-11.713764,-3.096009,-0.399680,49.138211,-36.493301,-6.742733,-7.748640,6.644357,2.502447,31.981473,-29.357386,11.413908,3.351456,3.478010,5.067228,2.515240,27.098637,0.062137,71.814357,-3.017958,-10.280912,-3.296002,-4.412431,-26.787589,21.442964,61.929100,-2.988991,-5.967374,14.896007
74.000000,-13.551585,-122.005808,72.768378,6.215749,2.484769,171.848538,-9.157139,-1.333162,-1.953924,47.459293,-38.037201,-6.137558,-5.144306,8.834088,2.229943,29.727572,-28.640564,10.741716,3.106637,4.407854,5.813577,2.701549,27.052346,0.393582,71.960756,-2.972064,-10.200938,-2.827261,-4.341738,-26.278979,20.578581,61.613538,-2.762354,-5.971879,15.112045
75.000000,-13.668926,-121.239114,72.813213,7.134213,3.385932,172.337571,-6.777269,0.463598,-2.234300,45.307322,-38.818380,-6.326016,-2.907231,10.341630,1.560900,27.790839,-27.708737,10.460573,2.075218,4.424702,6.850742,2.805560,27.103584,0.960944,72.012904,-3.198186,-10.111684,-2.076161,-4.742278,-25.446165,20.405351,61.621987,-2.581607,-5.942510,14.572748
76.000000,-13.482836,-120.479488,72.699052,7.747505,3.870661,172.704884,-6.492774,1.897619,-2.860353,45.906480,-40.197477,-6.079311,-3.300620,11.530474,0.529110,29.544840,-28.110893,10.223691,1.210995,4.011916,7.350562,3.132671,27.034953,1.203610,72.112973,-3.349760,-10.130581,-0.734099,-4.469041,-24.549290,20.630153,61.467830,-1.659113,-6.019525,14.304592
77.000000,-13.232048,-119.762993,72.701770,7.909008,3.451925,173.231138,-7.112769,2.902158,-3.283861,45.778339,-40.715417,-5.841890,-4.981828,12.233198,-0.362850,31.613022,-28.935792,10.768431,0.459065,3.241606,7.319317,2.697507,26.898880,1.084045,72.303023,-3.539737,-9.988725,0.028441,-4.545170,-24.069015,21.223141,61.146428,-0.418927,-6.001836,14.573660
78.000000,-13.051678,-119.099319,72.911859,7.205771,1.374164,174.054689,-8.788421,3.012460,-3.640592,43.487394,-39.809986,-5.996521,-8.711766,11.707684,-1.120844,34.046201,-30.550046,11.891567,-0.185777,1.976510,5.966768,1.192218,26.774519,0.854234,72.607185,-4.196559,-9.607090,-0.601275,-4.993756,-24.506712,21.694153,60.445036,1.055501,-5.935092,15.596846
79.000000,-12.825029,-118.432271,72.966784,7.535602,1.162543,174.241858,-9.503683,4.282568,-3.834820,44.051428,-40.194905,-6.884609,-10.394508,11.667963,-1.279609,36.385992,-32.498911,12.359577,-0.342244,1.425677,6.026425,1.108144,26.704146,0.704762,72.069171,-4.747141,-9.723100,-1.216500,-4.363833,-24.646439,21.998653,60.163516,1.348374,-6.038849,15.802794
80.000000,-12.772569,-117.724812,73.314077,7.565217,-0.134922,174.243310,-9.623028,5.289345,-3.981044,41.169686,-38.726329,-8.256533,-12.362262,10.033257,-1.929222,37.012799,-32.351734,12.965244,-0.043547,1.044902,5.750854,-0.296682,26.774056,0.609879,71.556190,-5.437886,-9.690983,-2.494224,-4.924434,-25.485034,21.630389,60.499842,1.229439,-6.279322,15.237490
81.000000,-12.593073,-117.000484,73.307568,8.254408,-0.185166,173.420899,-10.063474,6.958953,-4.010061,42.145983,-38.784246,-9.968567,-13.496288,7.127245,-4.207060,39.134378,-32.224334,13.344020,0.756048,1.280507,5.962748,-0.246460,26.611127,0.564562,71.026324,-5.794333,-10.002459,-2.237498,-4.494284,-25.974960,21.352688,61.227988,0.892015,-6.491816,13.979472
82.000000,-12.617154,-116.244233,73.643166,8.156581,-1.766588,173.042867,-10.305609,8.421854,-3.229696,39.413897,-37.730689,-9.499554,-15.380954,2.135735,-6.771961,39.268547,-29.063818,13.932512,1.601293,1.488605,5.160190,-1.451825,26.312199,0.149781,70.801666,-6.627851,-10.233769,-2.046219,-5.070766,-26.902220,20.250034,62.605855,0.619280,-6.733435,13.116832
83.000000,-12.627497,-115.514052,73.817974,8.536551,-2.679373,172.657308,-10.636515,9.962102,-3.173757,38.450553,-37.318306,-9.828795,-16.745390,-2.720552,-8.589622,38.944250,-23.328158,14.783413,2.122397,2.083270,4.667742,-1.672463,26.402035,0.058655,70.792609,-5.297657,-10.776920,-1.449389,-5.181812,-27.576819,19.212031,63.463755,-0.290592,-6.658714,12.378842
84.000000,-12.608024,-114.482522,73.980570,9.125738,-3.666150,172.361475,-11.218322,12.058309,-3.202439,37.798769,-37.184813,-9.729514,-18.244564,-6.223370,-9.276933,37.498930,-16.661181,15.000035,2.778849,2.825651,3.874776,-1.754346,26.683044,-0.471749,71.064451,-5.137638,-11.218412,-0.994968,-4.732966,-28.192997,17.952336,63.734387,-0.060825,-6.541740,11.947418
85.000000,-12.550780,-113.176799,74.144650,10.265374,-4.851691,171.964134,-12.165054,14.989340,-3.573656,37.593563,-37.191032,-10.431096,-19.802573,-7.708689,-8.690480,35.153966,-9.808709,15.000035,3.700206,4.049741,3.085486,-2.005316,27.299158,-0.537253,71.643487,-4.918221,-11.656259,-0.218323,-4.387270,-28.420890,16.801792,63.888995,-0.710190,-6.480390,12.234796
86.000000,-12.512694,-111.808598,74.266058,11.579733,-6.088688,171.526266,-13.401798,18.136444,-4.169807,37.833657,-37.227488,-11.063012,-21.379119,-8.199259,-6.805358,32.902630,-2.711239,15.000035,4.566681,5.410571,2.053662,-1.952404,27.975977,-0.151530,72.254659,-5.026412,-11.847994,-0.482945,-4.283785,-28.549398,16.170290,64.299756,-0.748644,-6.256362,12.475008
87.000000,-12.450229,-110.361528,74.227530,12.681044,-7.236499,170.864244,-14.698205,21.318953,-4.027457,38.332634,-37.156250,-12.708726,-23.385755,-9.246492,-5.653405,32.283104,3.328867,15.000035,5.671568,6.589338,1.251163,-1.907069,28.775020,0.290897,72.831154,-5.106024,-12.159200,0.606139,-4.177245,-28.559084,15.632273,64.660936,-0.993877,-6.208595,12.240061
88.000000,-12.286068,-108.780742,73.800147,14.146373,-7.162532,169.721160,-15.757953,25.018561,-4.904712,41.592802,-38.345898,-13.667384,-25.202264,-10.330330,-5.125151,34.772578,6.670016,15.000035,6.762668,7.951808,1.265369,-0.961973,29.694616,0.813629,73.022761,-5.383997,-12.495103,2.462373,-3.616924,-28.327093,15.251524,64.840584,-0.999992,-6.412956,12.110811
89.000000,-12.307157,-107.288837,73.238355,15.429477,-7.563708,168.843280,-17.037535,27.996170,-5.950124,44.279812,-39.208769,-14.945601,-26.654446,-11.220350,-4.473362,36.486389,8.858323,15.000035,7.853067,9.327550,0.895700,-0.374998,30.337638,0.752553,73.036709,-5.642226,-12.665117,2.543534,-3.102622,-28.445496,15.447088,64.594608,-0.698326,-6.576517,12.445240
90.000000,-12.304536,-105.521882,72.571516,16.170971,-8.003370,168.076926,-18.558973,30.890804,-7.068252,47.264731,-40.403485,-14.976964,-28.002702,-11.520562,-2.968336,38.013578,10.450817,15.000035,8.730443,10.288328,0.356887,0.187001,30.713909,0.605338,73.064965,-6.578285,-12.339209,1.086780,-2.687723,-28.577713,15.064623,64.621110,-0.454084,-6.292552,12.806578
91.000000,-12.245928,-103.501391,71.768528,16.337202,-8.445661,167.312280,-20.365985,33.002412,-7.897580,50.442600,-40.867344,-15.000033,-29.348230,-11.325299,-1.419634,39.434586,11.757412,15.000035,9.806090,10.801336,-0.080878,0.771938,31.567625,1.785825,73.124914,-5.562446,-12.724682,2.864463,-2.123814,-29.090961,13.966276,64.328764,-0.063553,-6.421413,13.911010
92.000000,-12.495515,-101.525033,70.771354,16.444107,-8.714788,167.064677,-21.722542,34.577621,-9.897216,53.180563,-41.744641,-15.000035,-29.484134,-10.894200,1.128759,40.372500,12.144291,15.000035,10.192699,11.130235,-0.678895,1.194764,31.863936,2.213354,73.113091,-4.648853,-12.768286,2.616182,-1.331820,-29.508340,13.156538,63.864284,0.360501,-6.305255,15.275534
93.000000,-12.928389,-99.246043,69.910812,14.502919,-7.850785,168.564170,-21.589784,32.899843,-11.584685,54.008502,-42.192671,-15.000035,-27.107472,-12.338902,4.192758,40.618510,11.465261,15.000035,8.832042,9.452243,-0.164571,0.384416,32.092965,2.123878,73.450393,-3.784319,-13.142795,3.432562,-0.381582,-30.859034,11.681218,62.745526,0.874603,-6.026136,16.783076
94.000000,-13.017710,-96.753585,68.762177,14.396938,-7.598855,168.685550,-22.045668,34.324706,-13.392025,55.167803,-42.407251,-15.000035,-25.898151,-10.623997,6.086988,42.595300,7.329181,15.000035,8.339242,9.279056,-0.239681,0.785778,32.215055,2.016052,73.387644,-4.478198,-13.222030,4.768021,0.379172,-30.981000,11.377731,62.525225,0.965262,-5.921442,16.287484
95.000000,-13.135581,-94.056678,67.761832,13.473072,-7.282993,168.689804,-21.599005,35.143895,-14.606957,55.215174,-41.800020,-15.000035,-24.379501,-10.476044,6.583956,44.128695,-2.161065,15.000035,7.660604,8.264292,-0.314652,1.508597,31.512399,1.492972,72.795138,-6.204994,-12.332660,0.456956,0.877329,-31.053117,11.109701,62.427745,0.649510,-5.900781,16.033521
96.000000,-13.405108,-91.179055,67.059898,11.339270,-5.837320,169.376343,-18.982247,34.039976,-15.404858,53.558662,-39.844445,-15.000035,-21.935841,-12.102260,6.798839,45.825320,-13.305629,15.000035,6.279098,5.992706,0.704781,1.934349,32.040178,1.321641,72.212680,-5.620126,-13.156433,5.636344,1.001175,-31.327315,11.151521,62.255637,-0.112458,-6.247608,14.761552
97.000000,-13.411063,-88.151568,66.713428,9.116984,-3.982499,169.542072,-15.845197,33.383035,-15.218744,51.545822,-35.882334,-15.000035,-20.139387,-13.747200,6.613599,47.837371,-22.691002,15.000035,5.082224,3.284075,1.969994,3.106363,30.976315,1.197538,71.115574,-7.628272,-11.564294,-1.430171,1.062312,-31.281307,12.242078,61.515668,-0.374180,-6.374567,14.964620
98.000000,-13.347115,-85.137349,66.874349,7.078715,-1.688795,169.898431,-12.203222,33.095685,-13.552297,48.753993,-29.511994,-15.000035,-18.010567,-14.846222,6.899971,49.944898,-29.475804,15.000035,3.598231,0.562189,3.771372,4.273812,30.825965,2.811319,70.427385,-8.087243,-10.247622,-6.540204,0.459752,-31.327315,13.503789,60.790548,-0.681796,-6.776955,15.064307
99.000000,-12.847659,-81.926411,67.401671,5.615154,-0.671025,169.943633,-11.665336,35.075272,-9.679895,47.071116,-21.549062,-15.000035,-18.699653,-13.692641,7.291230,53.636188,-32.005471,15.000035,2.613376,-1.694129,4.570460,5.194600,30.168526,3.960495,70.847380,-6.012657,-10.359765,-3.737245,-0.554310,-30.771191,14.207038,60.805083,-1.126062,-7.595194,13.686597
100.000000,-12.283389,-79.171693,68.221688,4.551636,-0.629316,169.668074,-12.967492,37.967598,-3.881042,46.228144,-13.048197,-15.000035,-19.404805,-12.739043,7.230632,54.688273,-32.979203,15.000035,1.910824,-3.413903,4.359400,5.751018,29.274191,5.594689,71.872592,-2.215287,-12.518530,6.492097,-1.965781,-29.615564,14.331858,62.065130,-2.329093,-8.592471,10.965210
101.000000,-11.744578,-76.563740,69.206369,3.435488,-0.907855,169.596078,-14.573322,39.406288,0.469160,45.507351,-6.907106,-15.000035,-19.378785,-11.955483,6.431319,53.757332,-33.720456,13.905444,1.468180,-4.803056,3.458995,6.567434,28.624069,5.752293,72.576518,-0.153400,-11.282588,3.565236,-2.211076,-29.303301,14.104606,62.164769,-2.675311,-8.785960,11.295289
102.000000,-11.283294,-74.077123,69.932038,2.195047,-1.023401,169.889057,-15.877640,37.753297,1.389155,46.530712,-7.818888,-15.000035,-19.082422,-11.032169,5.683349,52.928516,-34.354274,12.299268,1.271047,-6.001133,2.938802,6.657852,28.410604,5.210125,73.067410,0.850199,-10.912273,0.799122,-1.781090,-29.801051,14.206418,61.417157,-1.830957,-8.813951,12.089784
103.000000,-10.926041,-71.468675,69.983578,1.439076,-0.545704,170.113377,-17.236221,37.776834,2.077814,51.720313,-13.522035,-15.000035,-18.747689,-9.723534,5.033477,53.843723,-35.663023,11.042804,1.396639,-6.936434,2.925376,7.029552,27.708699,4.606230,73.216247,0.240824,-10.228300,-1.236473,-0.930477,-30.038052,14.728220,61.078413,-1.567369,-8.578696,11.879664
104.000000,-10.785599,-69.488090,70.505565,2.270770,-1.144597,170.644934,-17.754696,39.638883,6.508898,55.876586,-21.562769,-12.882180,-17.294362,-7.396279,2.720724,50.952617,-35.144977,10.799599,1.972064,-5.881650,2.610545,5.901107,28.004191,5.010837,73.274515,-2.083607,-9.254154,-6.449445,-0.845399,-30.627746,14.796012,60.844507,-1.416497,-7.819919,12.307288
105.000000,-10.604578,-68.183231,71.344954,2.731997,-1.751979,171.191733,-16.883734,38.125829,11.705705,58.697628,-29.255350,-10.456660,-15.274014,-5.801858,0.992847,45.992093,-33.392542,10.321950,3.093131,-4.682246,2.600284,3.767378,28.487483,3.879988,73.714619,-2.292839,-10.688669,2.514373,-1.092761,-31.310632,15.077094,61.009551,-1.219913,-7.105713,10.862148
106.000000,-10.290469,-66.983366,71.759653,2.901351,-1.939694,171.260374,-16.965488,33.085781,12.572336,62.297711,-35.232909,-8.774979,-14.789933,-4.295596,0.545610,44.404846,-32.468646,10.061246,4.035275,-3.764833,2.567776,3.044717,28.356533,2.067986,72.947226,-4.044622,-9.991185,1.568953,-1.020495,-31.612735,16.140514,61.090373,-1.047551,-6.327024,11.168160
107.000000,-10.068879,-66.043431,72.071123,2.715412,-2.304587,171.341492,-17.863972,24.143390,10.797178,64.285454,-38.822778,-8.638428,-14.405301,-3.529005,0.303099,42.616071,-31.617765,11.051872,4.801146,-3.110125,2.358626,2.051639,28.481600,1.606635,73.030445,-3.224435,-10.851706,3.482075,-1.024868,-32.101759,16.250215,61.121771,-1.161528,-6.558200,11.322364
108.000000,-9.862975,-65.175438,72.240031,2.831361,-2.436516,171.010504,-18.940077,13.392018,6.338644,64.607661,-40.925127,-9.578759,-14.089114,-2.373280,0.227040,41.413127,-31.409380,10.801031,5.440360,-2.251003,2.045512,1.836072,28.275361,1.704598,73.408448,-3.090254,-11.578260,4.356182,-0.971227,-32.278064,16.999767,60.957533,-1.026381,-6.639200,11.659880
109.000000,-9.685387,-64.361322,72.411686,3.055533,-2.764969,171.037777,-19.600587,4.918430,4.087002,62.225257,-40.995229,-10.632525,-13.702079,-1.219207,-0.083022,39.829367,-30.864508,10.627312,5.619904,-1.364628,1.819664,1.542016,28.161719,2.216793,73.594913,-3.119397,-11.773828,4.283754,-1.672647,-32.049525,17.541667,61.142105,-0.844271,-6.587828,12.372358
110.000000,-9.575806,-63.607174,72.566885,3.364689,-3.069369,171.654549,-19.374359,0.693979,4.652722,59.049820,-39.689895,-10.360043,-12.909357,-0.253930,-0.781605,37.805066,-30.215449,10.816429,5.182370,-0.601461,1.773896,1.079126,27.858928,2.864523,74.016178,-3.157510,-12.081455,3.905568,-2.557521,-31.390156,17.618963,61.428816,-0.749799,-6.767890,12.468905
111.000000,-9.541053,-62.878382,72.669923,3.795497,-3.163245,171.877283,-18.051611,-1.430497,5.124940,54.938323,-35.923773,-10.197540,-12.134508,0.876141,-1.326006,36.324350,-29.802509,10.176286,4.870778,0.188331,1.858921,0.804636,27.246007,2.994123,74.252120,-3.204233,-12.119873,3.600997,-3.401063,-30.642968,17.832777,61.320243,-0.249833,-6.814680,12.402498
112.000000,-9.566667,-62.140888,72.666973,3.798612,-3.083990,172.020690,-15.942374,-1.756552,5.721980,50.531146,-34.642682,-7.517908,-11.926064,1.341796,-2.160406,36.504165,-30.288733,9.272759,4.440006,0.420408,2.044257,0.714935,26.542996,2.167165,74.143069,-3.570097,-11.656129,3.280779,-4.171411,-29.917793,17.972463,61.068687,-0.096057,-7.087538,12.250914
113.000000,-9.432302,-61.362499,72.341174,4.046287,-2.940662,172.011616,-14.772226,-1.342697,4.619677,48.748897,-37.088112,-5.558530,-13.404447,2.070809,-3.061234,40.006351,-31.902994,8.731675,3.853795,0.723866,2.224248,1.125462,25.617903,1.276231,73.843613,-4.239278,-11.453372,3.443432,-4.360550,-29.251685,18.224160,60.232214,0.247902,-7.357694,12.034974
114.000000,-9.354562,-60.605597,72.238117,3.476019,-3.154099,172.500980,-13.125798,-1.523744,4.248062,44.780971,-37.793933,-5.534813,-15.067952,1.870086,-3.541929,42.886765,-32.785028,9.042889,2.763018,0.135405,2.788670,0.181917,24.897115,0.481806,73.470508,-4.951876,-11.145695,3.789022,-5.711352,-29.019729,18.666663,59.735195,0.775258,-7.265661,12.428167
115.000000,-9.060664,-59.820563,71.980655,3.617421,-2.876027,173.422432,-12.996951,-0.844149,3.766466,44.528390,-39.244553,-6.228726,-16.253364,2.162420,-4.531959,45.881458,-33.384134,9.693277,1.299418,-0.254369,3.349552,0.152478,24.437380,-0.321488,72.919352,-5.406369,-11.336813,4.279206,-5.780252,-27.868844,19.156229,59.602792,1.920657,-7.395837,11.395092
116.000000,-8.782686,-58.978206,72.062582,4.110143,-3.633393,174.701131,-13.694985,0.332396,2.876605,43.653344,-39.485303,-6.395270,-17.379292,2.767318,-6.284889,46.608159,-32.980648,10.596076,-0.458407,-0.504158,3.769640,-1.386444,24.581603,-0.583893,72.635271,-5.977245,-11.368068,4.883071,-7.155196,-26.756569,19.916021,60.318842,2.576890,-7.442481,10.981636
117.000000,-8.481248,-58.231848,72.011679,4.542961,-3.540285,175.460005,-14.969440,1.360675,1.853458,45.720583,-39.931434,-6.845404,-18.075858,3.083870,-7.365908,48.423217,-34.116098,11.584109,-1.150946,-0.885446,4.209923,-2.083937,24.907127,-0.860942,72.141578,-5.322030,-11.548501,4.840850,-6.469806,-26.007282,20.512149,60.492076,2.502772,-7.551321,11.500341
118.000000,-8.354089,-57.555586,72.255707,5.085167,-4.405317,175.818240,-16.108515,2.584310,1.074681,45.722488,-39.079744,-7.612333,-18.852166,2.339471,-9.242501,48.583354,-34.873122,12.248454,-0.952391,-0.968352,3.983412,-4.151967,25.250164,-0.974931,72.287307,-5.826434,-11.657552,5.691139,-6.237494,-25.723066,20.619035,60.800035,2.520754,-7.654789,12.264160
119.000000,-8.304069,-56.866288,72.541177,5.322569,-4.931942,175.551681,-16.282495,3.915815,1.317581,44.990043,-38.569703,-7.895375,-18.868951,-0.233070,-11.626835,48.449616,-34.988156,12.713951,0.059841,-1.036489,3.545180,-5.550819,25.228362,-1.336654,72.300045,-6.760087,-11.824600,5.947542,-5.340439,-26.016418,20.895487,60.947424,1.667955,-7.833657,12.643806
120.000000,-8.371612,-56.124181,72.930318,5.473710,-5.119230,175.195130,-15.214378,5.051672,1.613167,42.696622,-37.410066,-8.567420,-17.951798,-3.170553,-13.000964,47.045493,-33.249255,13.716921,1.215437,-0.988218,3.264501,-6.362641,25.208256,-1.650649,71.711263,-6.894352,-12.240500,6.814216,-4.490093,-26.715667,20.660475,61.204260,0.617091,-7.950115,12.434480
121.000000,-8.465292,-55.347538,73.294425,5.831470,-5.295596,174.814040,-14.285039,6.310489,1.497518,40.785450,-36.343238,-9.132847,-17.028877,-6.146556,-13.320208,44.981884,-29.694620,14.417568,2.193067,-0.547308,2.870082,-6.448059,25.345311,-1.725894,70.867229,-6.708426,-12.545416,6.327963,-3.957962,-27.488166,19.833664,61.898057,-0.074826,-8.057713,12.329716
122.000000,-8.581223,-54.512167,73.602277,6.417358,-5.456482,174.245118,-13.481156,7.996404,1.418517,39.471660,-35.623077,-9.544426,-16.237190,-9.587295,-13.942635,42.808839,-25.603794,14.356332,3.116252,0.213553,2.493567,-5.996501,25.602153,-1.713184,69.984270,-7.111024,-12.534988,4.913317,-3.727400,-28.210466,18.454188,62.854392,-0.105085,-7.817288,12.223378
123.000000,-8.611517,-53.649634,73.802280,6.886372,-5.762281,173.794974,-13.198679,9.528223,1.246197,38.676585,-35.178442,-9.921699,-16.178831,-12.925734,-13.581450,40.713798,-20.735440,15.000035,3.822433,0.876856,2.096538,-5.566988,26.008081,-1.642392,69.640158,-6.806362,-12.996230,5.096863,-3.768914,-28.786256,17.057315,63.547295,0.210663,-7.487249,11.444769
124.000000,-8.401188,-52.453548,73.935604,7.474576,-6.500022,173.271996,-14.132356,11.540861,0.694511,39.027216,-34.953343,-10.165814,-17.489362,-15.028873,-12.518967,39.110466,-15.135114,15.000035,4.360512,1.665592,1.478707,-5.085151,26.466869,-1.521288,69.832469,-7.164220,-13.222918,5.077554,-3.900118,-29.236570,15.866792,63.537213,1.091887,-7.154127,10.193691
125.000000,-8.137014,-51.155210,73.977411,8.026787,-7.302690,172.488508,-15.414383,13.690248,0.124724,40.066518,-34.986070,-10.749741,-19.542749,-16.546721,-10.737461,38.096927,-9.360198,15.000035,5.093966,2.442964,0.872750,-4.568731,27.034305,-1.844976,70.336004,-7.207073,-13.343501,5.533349,-4.149386,-29.665567,15.153444,63.401511,1.344916,-6.975720,9.734807
126.000000,-7.803643,-49.705252,73.822182,8.791176,-8.016658,171.646673,-17.154167,16.326056,-0.633980,42.248623,-35.498546,-11.605181,-22.113093,-17.698439,-9.234382,38.350115,-3.950945,15.000035,5.789760,3.402596,0.250914,-4.204169,27.574857,-2.179177,71.839417,-7.298043,-13.454211,5.596761,-4.253528,-30.019808,15.025414,62.892450,1.970709,-6.697756,10.276552
127.000000,-7.489255,-48.110613,73.567611,9.864355,-8.734642,170.864518,-19.102070,19.464555,-1.775527,44.827276,-36.144036,-12.960211,-24.345799,-17.623283,-7.260351,38.315193,0.677731,15.000035,6.460410,4.688489,-0.306694,-4.151302,28.106394,-2.171117,73.603751,-7.133645,-13.760821,6.135541,-4.422614,-30.409372,15.220940,62.311153,2.234152,-6.638073,11.263728
128.000000,-7.159436,-46.373487,73.024517,11.268512,-8.593768,170.365974,-20.602145,23.053524,-3.135989,48.110896,-37.098084,-14.324392,-25.983786,-16.643043,-4.404234,39.795814,3.268394,15.000035,6.864154,6.150122,-0.347279,-3.301100,28.861360,-2.156718,74.183962,-6.673802,-13.782126,6.498741,-4.056180,-30.454536,15.422663,61.982840,1.894968,-6.679239,11.228768
129.000000,-6.933861,-44.644204,72.589022,11.515610,-9.691830,169.890737,-22.955584,25.110012,-3.944995,50.351181,-37.194659,-14.988131,-27.484420,-15.663188,-2.036266,38.686618,6.907302,15.000035,7.338862,6.854425,-1.011701,-3.222571,28.921261,-0.044566,74.695372,-4.439986,-14.219026,8.430230,-4.139501,-31.327127,14.580617,61.334627,2.460827,-6.635467,13.284818
130.000000,-6.697913,-42.822334,71.794033,12.292301,-9.504613,169.814239,-24.467949,27.207259,-5.665521,53.080323,-37.784063,-15.000033,-28.329770,-13.779652,1.471993,40.756429,8.704635,15.000035,7.298010,7.784276,-1.106441,-2.393366,29.474496,0.286039,74.533483,-4.236963,-14.392703,8.961235,-3.443713,-31.251565,14.049798,61.273135,2.283487,-6.639088,13.360325
131.000000,-6.567786,-40.454298,70.962960,12.320021,-9.433662,170.279684,-25.673633,29.388917,-6.963943,54.528081,-38.709001,-15.000035,-28.017537,-11.256312,5.030892,42.566436,9.079551,15.000035,6.922286,7.857496,-1.354528,-2.106821,30.007313,0.509941,74.222990,-4.218581,-14.483850,9.975309,-2.715963,-31.392574,13.413924,61.022700,2.382842,-6.687273,13.834079
132.000000,-6.385659,-38.119549,70.122141,11.833653,-9.379875,170.562787,-26.196598,30.055151,-8.178787,54.706800,-39.283502,-15.000035,-27.114330,-9.357121,6.869206,43.821353,4.657788,15.000035,6.512716,7.458145,-1.666127,-1.836574,30.332231,0.927777,73.853073,-4.448112,-14.780335,11.052242,-2.088313,-31.664375,12.835874,60.834767,1.963896,-6.814189,13.715664
133.000000,-6.215080,-35.684958,69.296753,10.821860,-8.907078,170.621631,-25.972341,30.755198,-8.966881,54.715092,-39.114069,-15.000035,-25.895395,-9.405013,6.730185,44.996822,-3.466215,15.000035,6.204968,6.346508,-1.832995,-1.390885,30.395903,1.251863,73.510389,-5.011288,-14.983716,12.234301,-1.312929,-31.747956,12.584639,60.644314,1.433298,-6.808599,13.545126
134.000000,-5.939309,-33.107653,68.567908,9.343661,-7.918414,170.327495,-24.893497,31.371790,-9.541674,54.525950,-37.882029,-15.000035,-24.669706,-10.912339,5.110935,46.036213,-12.189541,15.000035,6.250213,4.636542,-1.674438,-0.673726,30.062337,1.816818,73.121389,-5.489867,-15.074473,12.770549,-0.422160,-31.636596,12.358745,60.448417,0.823284,-6.988008,12.735534
135.000000,-5.797895,-30.320755,68.466878,5.977456,-4.051377,171.224693,-18.963822,27.987950,-9.566046,51.131360,-34.114220,-15.000035,-19.768977,-15.226242,3.206451,46.303126,-21.177930,15.000035,4.916108,0.483351,1.609634,-0.344976,30.034818,2.900984,72.669552,-6.110934,-14.455238,11.822017,-0.265474,-31.011842,12.421334,59.930067,0.491633,-6.844656,12.640822
136.000000,-5.207454,-27.566162,68.447173,4.667666,-2.909311,170.692077,-18.231079,28.615048,-9.834840,50.973842,-29.194998,-15.000035,-19.731484,-14.686602,3.780130,48.148172,-26.544386,15.000035,5.343163,-1.090510,2.136516,0.824132,29.003480,4.080486,72.670235,-6.137215,-14.156571,11.134112,0.140438,-30.806708,12.905303,59.502928,-0.175295,-7.245243,12.849434
137.000000,-4.684927,-24.636967,69.004196,3.505531,-1.587790,170.298418,-16.097182,29.192218,-9.174254,48.427896,-22.104567,-15.000035,-19.543435,-13.016248,4.925674,50.513091,-29.048941,15.000035,5.169107,-2.696095,3.420355,1.737751,27.888304,5.937363,72.575029,-5.818614,-13.563012,10.057956,-1.225662,-30.523296,13.629149,59.919897,-1.177346,-7.678190,13.525405
138.000000,-4.005208,-22.131848,69.731975,2.728955,-0.788578,169.518798,-15.792803,30.636967,-6.984313,47.518715,-15.553572,-15.000035,-19.205097,-11.626349,5.638308,50.745843,-30.454420,15.000035,5.063608,-3.728212,3.914825,3.290269,26.375281,6.578029,72.582276,-4.839931,-13.147864,9.148857,-2.786392,-30.115892,14.344313,60.828572,-2.503601,-8.353849,11.010247
139.000000,-3.326917,-19.746931,70.369601,2.182989,-0.153848,168.730544,-16.055048,32.499058,-4.329310,47.732196,-11.385948,-15.000035,-18.406615,-10.784547,5.632686,49.808120,-31.840474,15.000035,5.030112,-4.684719,4.011435,4.951791,25.410670,5.557406,72.999402,-2.415835,-12.309029,7.163263,-3.644594,-29.935148,15.169594,60.645632,-2.415611,-8.602389,10.635455
140.000000,-2.564017,-17.445645,70.520234,0.670419,0.723352,168.821022,-17.339311,31.446211,-3.129891,51.517880,-13.077948,-15.000035,-18.546549,-10.949558,5.950943,51.161938,-33.846336,14.983787,4.319982,-6.478653,4.238490,6.259527,24.557231,4.363879,73.758468,-1.223703,-12.029993,5.607485,-3.578700,-29.940991,16.106993,59.465334,-0.879534,-8.864757,9.813256
141.000000,-1.948337,-15.110701,70.651257,0.634141,0.927194,169.084212,-18.426305,31.197815,-1.561210,56.138138,-17.151435,-15.000035,-18.178407,-8.973786,4.993406,51.491201,-35.361658,14.301906,3.755868,-6.962335,4.161803,6.457402,24.481102,4.642425,74.895538,-0.859520,-11.740496,4.736908,-3.481042,-29.951889,16.819081,58.214795,0.065225,-8.691470,9.834151
142.000000,-1.463093,-13.237095,71.046752,1.892852,0.528305,169.023006,-18.936783,30.414948,-0.144584,60.356674,-22.334384,-15.000035,-16.747574,-5.816971,3.472792,48.621835,-35.207784,14.217766,3.922219,-5.781260,4.033549,5.273321,24.587231,5.439355,76.019104,-1.482695,-11.356261,5.032178,-3.691343,-29.973329,16.595753,57.445962,0.295366,-7.943001,10.148486
143.000000,-0.944324,-11.824125,71.461141,3.053150,0.129871,168.802591,-19.179231,26.181683,-0.052059,63.935516,-28.741129,-15.000035,-15.380357,-3.467870,1.775918,45.240666,-34.522754,14.044187,4.740161,-4.132072,4.086030,3.625289,24.521520,5.645321,76.101954,-3.848173,-11.642713,5.144111,-3.626198,-30.666921,16.718724,56.833290,1.310102,-7.221977,10.635834
144.000000,-0.432040,-10.589591,71.730238,3.559608,-0.429983,168.717492,-20.076243,19.716118,0.005568,66.653719,-33.998670,-15.000035,-15.105218,-2.000816,0.363979,43.328172,-34.196814,13.595873,5.396848,-2.845834,3.964962,2.686491,24.681029,3.930779,74.577128,-5.606489,-11.466413,5.477936,-3.648539,-31.218739,16.730543,56.737326,1.520847,-6.655327,10.309602
145.000000,-0.084214,-9.711912,71.937484,3.473571,-1.025920,168.899626,-21.336314,10.775549,-0.339720,67.513531,-37.417815,-15.000035,-15.103823,-1.594544,-0.804625,41.789829,-33.888714,14.162929,5.851999,-1.979106,3.378558,1.873337,24.865007,3.697336,73.985108,-5.014765,-12.005041,5.541054,-3.237565,-31.795384,16.233671,57.060596,1.122513,-6.741620,11.036080
146.000000,0.135016,-8.763408,72.095454,3.581390,-1.391489,169.132436,-21.953770,3.730932,0.167863,66.322803,-38.772170,-15.000035,-14.687717,-0.796249,-1.809575,40.253634,-33.553376,14.261155,6.041492,-1.134794,2.750060,1.403712,25.106350,4.456587,73.896144,-4.675098,-12.396419,5.739359,-2.970895,-32.061113,16.236420,57.846539,0.225831,-6.838487,12.044882
147.000000,0.248761,-7.560968,72.271150,4.303715,-1.264855,169.559918,-21.226025,1.027755,1.616635,63.789589,-39.009919,-14.210989,-13.038330,0.849126,-3.115517,37.894067,-32.946865,13.811411,5.808259,0.031293,2.644444,1.176693,25.382532,5.128129,73.983195,-4.972576,-12.559826,5.804470,-3.021192,-31.798489,16.397206,58.836493,-0.506083,-6.901345,12.448214
148.000000,0.230939,-6.542595,72.407615,4.873255,-0.769091,169.742032,-18.882997,-1.356829,2.578039,59.087516,-37.479020,-13.929887,-11.174870,2.283823,-3.866196,35.849757,-32.411665,13.329519,5.601295,0.953712,2.815029,1.093606,25.643382,5.452772,74.342825,-4.990794,-12.965435,6.212808,-3.138633,-31.254126,16.870506,59.627360,-0.726559,-7.025116,12.229136
149.000000,0.075090,-5.568067,72.497350,5.244829,0.080439,170.020266,-15.692409,-2.710840,2.393892,54.033589,-35.167380,-11.796750,-8.971762,3.426333,-4.352623,34.097496,-32.166428,12.642080,5.125171,1.443879,3.362150,1.245354,26.008225,5.406042,74.331945,-4.669643,-12.770212,5.312922,-3.286785,-30.559643,17.206300,59.967107,-0.359979,-6.970541,12.688866
150.000000,-0.140964,-4.581506,72.560054,5.718795,0.982712,170.088117,-12.259162,-2.330762,1.547555,50.183695,-35.516721,-9.188316,-6.632862,4.760086,-4.616379,32.238476,-31.790911,12.506778,4.775661,1.860027,3.921405,1.440007,26.382936,5.206834,74.298504,-4.480479,-12.304147,4.441098,-3.364816,-29.884007,16.919610,59.973740,-0.321968,-6.776523,13.243447
151.000000,-0.380167,-3.572063,72.698760,6.394726,2.221814,170.193812,-8.502762,-1.438634,-0.573605,46.642167,-37.052605,-8.518802,-3.478988,6.464329,-4.493579,29.499440,-30.849454,12.542176,4.206457,2.148706,4.958294,1.483347,26.771668,5.297955,74.460619,-4.287110,-12.098894,4.419868,-3.501509,-28.831386,16.536691,59.834376,-0.057352,-6.488250,13.873933
152.000000,-0.513509,-2.580827,72.909892,6.944773,3.153265,170.674766,-5.466661,-0.340854,-2.221663,43.356456,-37.679613,-9.700665,-0.940632,8.332484,-3.641792,26.798068,-29.108880,12.655662,3.243943,2.159919,5.889099,1.358780,26.874628,5.674521,74.580024,-4.427817,-12.020488,4.315976,-3.698905,-27.670235,16.275562,59.837129,0.071801,-6.415417,13.807361
153.000000,-0.385947,-1.567596,72.935975,7.207083,3.616141,171.303226,-4.665267,1.054298,-2.437474,42.779343,-38.632796,-10.144240,-0.991048,9.707581,-3.299586,27.900539,-29.104833,13.250266,2.145528,1.800101,6.217024,1.621008,26.709120,5.660448,74.292268,-4.958356,-11.887904,4.857844,-3.260281,-26.380139,16.604991,59.644374,1.170022,-6.339878,13.370112
154.000000,-0.234311,-0.586051,73.210937,6.706599,2.623110,172.123050,-4.333312,1.812202,-2.187354,39.338263,-37.747980,-10.244064,-2.735718,10.277455,-2.649511,28.918901,-28.727352,14.426510,0.926053,0.668932,5.899685,0.552504,26.866764,5.773885,73.921239,-5.482396,-11.658734,5.412600,-4.226358,-25.417992,17.433875,59.667611,1.956648,-6.198930,14.156263
155.000000,0.144710,0.549502,73.173970,6.757955,2.637426,172.554943,-4.950539,2.808550,-2.853637,39.928815,-37.965197,-10.665642,-5.041289,11.680471,-1.264642,33.096392,-29.468240,14.999963,0.177361,0.107485,6.290187,0.234968,26.761738,5.119881,73.242434,-5.762877,-11.820707,5.120033,-3.877235,-24.783217,18.596247,58.985261,3.159204,-6.096189,15.600265
156.000000,0.394268,1.625510,73.207754,6.810784,2.063866,172.771735,-5.721849,4.053916,-3.222115,39.864539,-38.203697,-11.071282,-8.017201,12.084867,-0.386772,37.506177,-30.813309,15.000035,-0.287252,-0.209818,6.408322,-0.546420,26.791750,4.287256,72.492240,-6.079862,-12.091515,5.323023,-4.042649,-25.013406,19.702546,58.293199,3.241885,-6.436425,15.666217
157.000000,0.566049,2.544820,73.269063,6.970599,1.422017,172.446203,-6.375530,5.499704,-3.075997,39.796302,-38.575437,-11.216561,-10.713841,9.771291,-1.664275,41.581908,-31.897325,15.000035,-0.174619,-0.211098,6.430283,-1.373101,26.736367,3.688913,71.846733,-6.374256,-12.162419,5.087475,-4.063315,-25.537804,20.026234,58.067932,3.019068,-6.769531,15.377425
158.000000,0.605303,3.593566,73.507476,5.928063,-0.388608,172.342413,-6.949958,5.731822,-2.906314,36.605268,-37.151069,-11.043303,-14.360285,4.173996,-4.490436,45.112549,-32.501957,15.000035,0.101208,-0.846749,5.532325,-3.217554,26.571275,3.045294,71.718878,-6.378625,-11.929280,5.628204,-4.603133,-26.433606,19.006282,58.666093,2.766919,-7.012793,14.260163
159.000000,0.715375,4.520376,73.398161,6.391235,-0.390324,171.448449,-7.560140,7.546136,-2.372724,38.410313,-38.027006,-11.668800,-15.405698,-1.467243,-7.646997,47.357981,-31.257312,14.999768,0.751933,-0.530876,5.517605,-2.924303,26.672498,2.763674,71.128757,-6.768185,-12.413614,6.270944,-3.957723,-26.687175,18.151235,59.504833,3.191884,-7.137223,12.554374
160.000000,0.607211,5.511139,73.571634,5.895747,-1.915412,171.457749,-7.929358,8.155177,-2.479072,35.888993,-36.707086,-11.814556,-17.603359,-8.236449,-10.129604,47.713294,-26.915253,15.000035,1.229084,-0.371580,4.459262,-4.109335,26.537790,1.706948,71.079532,-7.347192,-12.607131,6.385330,-4.274604,-27.537012,16.202775,61.067799,2.512321,-7.559346,11.024057
161.000000,0.508334,6.566106,73.568106,5.963705,-2.635963,171.166803,-8.347308,9.425551,-2.680379,35.671585,-36.569536,-11.848631,-19.034597,-13.527912,-11.092849,47.075545,-21.409003,15.000035,1.765257,0.180913,3.682754,-4.299299,26.677216,1.528971,71.115998,-6.490842,-13.419331,6.594461,-3.882648,-28.362186,15.021505,61.887866,1.786648,-7.485522,11.143787
162.000000,0.459609,7.892143,73.536807,6.356628,-3.282304,170.886326,-8.871343,11.263524,-2.979431,35.912103,-36.662690,-12.150095,-20.303343,-17.022133,-11.200072,45.447232,-15.304919,15.000035,2.450779,0.978380,2.921831,-4.304114,26.969038,1.266240,71.442857,-6.425472,-13.686967,6.803021,-3.307175,-28.851334,14.030766,62.467974,1.598419,-7.266875,11.172272
163.000000,0.474675,9.532387,73.435223,6.898144,-3.840843,170.591443,-9.578720,13.395730,-3.794219,36.685086,-36.699334,-12.687145,-21.696895,-18.649927,-9.755496,43.921473,-9.281639,15.000035,3.373088,1.764572,2.356559,-4.512735,27.545700,1.195348,72.102537,-7.039628,-13.771360,5.642278,-2.515495,-29.005570,13.437368,62.404939,3.574867,-6.244383,14.770004
164.000000,0.433083,11.282050,73.198748,7.396596,-4.343407,170.400158,-10.528778,15.673240,-4.737420,38.111093,-37.140506,-13.345190,-23.039568,-19.196091,-6.727752,42.907494,-4.500798,15.000035,4.164426,2.547790,1.657662,-4.583991,28.092597,1.057235,72.999204,-7.339664,-13.927337,5.971072,-1.815260,-29.528626,13.197211,62.261908,2.915723,-6.000438,15.222009
165.000000,0.276723,13.119814,72.815716,7.764832,-4.447842,170.608182,-11.240692,17.733159,-5.729225,39.842454,-37.883047,-13.873692,-23.624480,-19.216228,-2.670686,42.712298,-1.319897,15.000035,4.408249,3.157474,1.282243,-4.296992,28.785627,1.038287,73.454122,-7.137313,-13.646988,6.360512,-1.264766,-29.902213,13.167348,61.949058,1.917448,-5.979834,14.885072
166.000000,0.138171,15.237661,72.186381,8.439501,-4.003362,171.016090,-12.037092,20.411324,-6.948631,42.658097,-38.812550,-14.533063,-23.694980,-17.915637,1.589032,44.523302,0.832314,15.000035,4.437658,3.963388,1.153138,-3.540117,29.297290,1.170775,73.842773,-7.768354,-13.615951,6.669821,-0.422322,-29.930514,13.231040,61.815930,1.740078,-5.903073,15.101441
167.000000,-0.184336,17.627926,71.766514,8.033248,-3.901473,171.769053,-11.664218,21.783794,-8.037363,42.274483,-38.463493,-14.938133,-22.196284,-16.311586,5.662103,44.569419,2.176771,15.000035,3.921686,3.928178,1.111117,-3.659069,29.889598,1.483590,74.528627,-9.350320,-13.712806,6.407742,-0.502018,-30.570581,12.917736,61.426972,1.929823,-5.561036,15.465739
168.000000,-0.323949,20.134738,71.105993,8.231526,-3.544222,172.089799,-11.991746,23.520320,-9.764890,43.755858,-38.380568,-15.000028,-20.739524,-12.682609,9.300973,45.900565,-0.710577,15.000035,3.671519,4.204591,1.007659,-2.606360,30.363568,2.135126,74.405397,-9.441969,-13.711746,6.881038,0.139119,-30.543049,12.599391,61.167144,1.872033,-5.567959,14.610552
169.000000,-0.493755,22.620487,70.467532,7.801151,-3.097203,172.267170,-11.710085,24.561893,-10.961764,44.421006,-37.447625,-15.000035,-18.979979,-10.960538,10.707938,46.462379,-6.594895,15.000035,3.621661,3.834404,1.107520,-1.949661,30.723916,2.594465,74.470809,-9.819089,-13.796384,8.102047,0.546359,-30.482974,12.336984,60.994026,1.824258,-5.551259,13.349474
170.000000,-0.577435,25.030115,69.866562,6.697398,-2.230145,172.422325,-10.963269,24.590520,-12.432075,44.883833,-35.618607,-15.000035,-17.354775,-11.124656,11.126324,47.259636,-13.780634,15.000035,3.640113,2.730291,1.636843,-1.366774,30.437048,2.953441,74.531222,-10.696583,-13.524303,8.097807,0.915281,-30.148032,12.496518,60.999818,1.936212,-5.445829,12.757409
171.000000,-0.620778,27.605850,69.593143,4.656075,-1.070187,173.087613,-9.938422,23.439215,-13.204406,44.688022,-31.617799,-15.000035,-15.366204,-12.558288,10.404092,47.731807,-20.862155,15.000035,3.156495,0.473004,2.937384,-0.751658,30.046169,4.968510,74.087123,-10.161287,-13.880318,8.090792,0.800294,-29.552080,11.748292,61.378464,1.453399,-5.948900,14.090860
172.000000,-0.395315,30.194145,69.558263,2.669892,0.010996,173.419997,-9.802234,22.575391,-13.399765,45.381211,-26.320100,-15.000035,-14.029396,-13.668655,9.809657,48.166446,-26.626687,15.000035,2.976404,-1.783270,4.196837,-0.033757,29.000030,6.884701,73.665858,-9.367128,-14.121151,7.844032,0.361607,-28.660297,11.319929,62.286127,0.837325,-6.730471,13.989103
173.000000,-0.025919,32.817841,69.840145,0.985121,0.459072,173.623186,-10.498196,22.458914,-12.604002,45.571692,-20.147402,-15.000035,-13.383909,-14.065595,9.407146,48.057969,-30.425706,15.000035,3.028815,-3.914872,5.105496,0.001758,27.936037,7.859085,73.364749,-9.168707,-13.958870,6.359196,-1.112677,-27.314314,11.235257,64.318498,-0.551253,-7.478629,12.371668
174.000000,0.584096,35.416737,70.224220,-0.472357,0.494369,173.653163,-13.059688,23.043163,-11.062677,47.247325,-14.321813,-15.000035,-14.185678,-13.614275,9.472728,49.088771,-32.460785,15.000035,3.442709,-5.643567,5.656536,0.152202,26.381657,8.027071,72.792174,-7.886540,-13.837887,5.050560,-2.116813,-26.025977,10.800663,65.944732,-1.461457,-8.224996,11.708002
175.000000,1.274057,37.969282,70.609909,-1.461662,0.271792,173.639405,-16.186718,24.703553,-8.702147,49.351030,-10.406564,-15.000035,-15.245442,-12.690002,9.251732,49.938604,-33.168642,15.000035,3.994488,-6.812800,5.875171,-0.312004,24.654150,6.889964,73.213153,-6.536790,-13.977799,4.339474,-2.902054,-24.969642,11.211715,67.203468,-1.677081,-8.763054,10.617203
176.000000,1.898563,40.504268,70.808059,-1.994632,0.295143,173.901306,-18.472846,25.573155,-7.287736,52.165570,-12.230891,-15.000035,-15.521169,-11.407191,8.309395,50.407797,-33.815034,14.736644,4.066351,-7.598686,6.134873,-0.098810,23.092689,5.031434,72.615429,-5.066792,-13.823285,4.111399,-3.104550,-24.307904,12.622988,67.276632,-1.346794,-8.748373,10.201233
177.000000,2.404296,42.815706,71.022540,-1.137237,-0.124915,173.909546,-20.333796,26.517313,-5.489820,55.486722,-17.606045,-15.000035,-15.593592,-8.376688,6.800833,49.809735,-33.551173,14.184826,4.270387,-6.967490,5.919699,-0.167668,22.112215,2.448102,72.484911,-3.605008,-13.994030,2.847031,-3.315405,-24.082632,14.574092,66.715164,-0.927729,-8.682811,9.922720
178.000000,2.863633,44.707355,71.289694,-0.123268,-0.818911,174.066743,-21.815949,26.910681,-1.833043,59.010594,-24.122037,-14.939377,-15.645808,-5.527574,5.396398,48.357548,-32.750870,14.174639,4.622015,-5.897551,5.647712,-0.835874,21.847870,0.296970,72.413222,-1.928102,-14.275555,0.456727,-3.443711,-24.019590,15.662573,65.898717,0.242739,-8.412093,11.106425
179.000000,3.289491,46.110770,71.630162,0.814368,-1.887137,174.145699,-23.128803,24.032533,0.415080,62.136225,-29.473147,-14.811943,-15.848378,-3.247436,4.105193,46.011853,-31.520053,14.405555,5.166541,-4.503956,4.980405,-1.694291,22.122894,-1.056353,72.290292,-0.244987,-14.606037,-1.123727,-3.355347,-24.512383,15.863601,64.942128,0.942931,-7.895494,11.876003
180.000000,3.706196,47.295827,71.939892,1.103635,-3.096174,174.271681,-24.237843,17.870358,1.294544,63.822913,-34.092934,-14.478025,-16.316661,-1.961526,3.104847,43.724047,-30.452354,14.360927,5.666463,-3.748801,4.260518,-2.742700,22.817791,-3.162889,71.371406,-2.406723,-13.918119,0.151993,-3.626563,-24.938902,16.586004,64.363844,1.733048,-7.073603,11.198874
181.000000,4.069906,48.322317,72.103566,1.172910,-3.977247,174.333159,-25.099407,10.775075,1.449097,64.362013,-37.055661,-14.045958,-16.890107,-1.048059,2.430282,42.415895,-29.859897,14.747355,5.920798,-3.077820,3.654452,-2.719924,23.476093,-2.525204,69.970452,-4.410607,-13.709405,1.150986,-3.709301,-25.319107,16.608659,64.145332,2.099528,-6.781094,11.300570
182.000000,4.302891,49.209046,72.232187,1.486995,-4.492428,174.398576,-25.194500,4.218618,0.913018,63.130844,-38.335707,-14.050720,-16.698561,0.036507,1.924785,40.685845,-29.395836,15.000035,5.959456,-2.116514,3.190569,-2.940356,24.061643,-0.799069,70.119822,-5.796056,-14.272267,2.871831,-3.938944,-25.693094,16.661799,64.453941,2.038263,-7.011122,11.213726
183.000000,4.433611,50.113380,72.352356,1.998744,-4.594773,174.445164,-23.893100,0.537579,1.663751,60.022439,-38.259660,-13.987950,-15.631801,1.305564,1.172490,38.373485,-29.265370,15.000035,5.822824,-1.029929,3.043213,-2.926374,24.722966,1.283014,70.543799,-7.140564,-14.400368,3.121800,-4.273695,-26.067274,17.008006,64.810265,1.830030,-7.073421,11.423988
184.000000,4.408799,50.932026,72.520274,2.464732,-4.069690,174.066109,-20.682161,-2.205936,1.827979,54.647896,-36.908683,-13.899411,-13.471873,2.462676,0.920870,35.456741,-28.955525,15.000035,6.011728,-0.143706,3.470133,-2.879852,25.483887,2.616602,71.118791,-7.673064,-14.324783,3.299026,-4.532597,-26.275897,16.968507,65.120267,1.780615,-7.044408,11.705294
185.000000,4.249151,51.695597,72.666836,2.894875,-3.389050,173.585390,-17.237159,-3.535965,2.147489,49.707583,-35.249708,-12.072108,-11.004793,3.609953,1.059729,32.441250,-28.093254,15.000035,6.053109,0.679903,3.764055,-2.503877,26.168470,3.790349,71.729055,-7.024619,-14.096343,3.184569,-4.544516,-26.442043,16.925911,65.243586,1.717201,-7.134864,11.955834
186.000000,4.016686,52.487594,72.857481,3.515350,-2.682771,173.374294,-13.810848,-2.285250,3.125144,45.314631,-34.617803,-9.281861,-7.833131,5.044987,1.355054,28.281088,-26.737032,14.771473,5.721583,1.382605,4.185110,-1.985939,26.793826,4.373050,72.151099,-6.484135,-13.823866,3.759384,-4.540751,-26.337988,16.607175,65.188685,1.819215,-7.086309,12.326488
187.000000,3.794426,53.240108,73.079348,4.568637,-1.671594,173.325505,-10.510843,-1.022908,1.984716,41.672996,-34.917440,-8.130469,-3.624792,6.712634,1.280683,22.835896,-24.818167,14.551047,5.087446,2.338115,5.036029,-1.465338,27.198621,5.100299,72.356531,-6.085524,-13.466324,4.278810,-4.448871,-26.089169,16.061034,64.958446,2.007412,-6.793090,13.021389
188.000000,3.862840,53.976011,73.006094,5.406448,-1.267446,173.376765,-9.850664,0.297406,1.013359,41.398429,-36.072186,-8.282681,-2.840535,8.077780,0.640770,22.479056,-25.408114,14.335310,4.283853,2.950045,5.246650,-0.790344,27.131658,5.770853,72.580172,-6.624698,-13.467826,5.195394,-3.888767,-25.733149,15.902530,64.683346,2.258317,-6.702028,13.246400
189.000000,3.969855,54.667854,73.043084,5.817576,-1.170704,173.311410,-9.316120,1.358324,0.442074,40.636531,-36.569263,-8.012752,-2.764128,9.194035,0.729458,22.633765,-25.806666,14.436923,3.389909,3.029856,5.554148,-0.377487,26.727871,6.113116,72.265211,-7.403201,-13.154219,4.220661,-3.734032,-25.370574,16.034260,64.312248,2.723331,-6.573847,13.629423
190.000000,4.243137,55.411500,73.046350,5.787099,-1.348388,173.092842,-9.195041,2.202997,0.557415,39.792221,-36.757612,-8.017198,-4.720290,10.028510,1.102127,25.977562,-27.021219,14.999965,2.522930,2.585472,5.961670,-0.295889,26.351488,6.327405,71.945927,-8.275390,-12.939945,3.987863,-3.824786,-25.122150,16.249848,64.004412,3.364927,-6.580685,13.546450
191.000000,4.592626,56.449515,72.970182,5.438391,-1.819206,172.837574,-9.710335,2.931644,0.420148,39.360358,-36.945303,-8.309178,-8.500176,11.230756,1.910594,32.147655,-28.551166,15.000035,1.571219,1.747777,6.196977,-0.220242,26.216238,5.448795,71.379541,-8.864442,-12.749901,4.007523,-4.054925,-24.946081,16.746912,63.796112,4.467788,-6.626488,13.419275
192.000000,4.897282,57.602298,72.829288,5.053761,-2.439361,172.510918,-10.503365,3.935538,0.739075,39.367216,-37.254597,-8.762452,-12.647150,12.056295,2.081256,38.687708,-30.014621,15.000035,0.867666,0.898251,6.249096,-0.374773,26.282305,4.407898,70.859518,-8.520295,-12.806146,4.516308,-4.164519,-24.820559,17.306844,63.728049,5.065406,-6.701887,13.028347
193.000000,5.195438,58.441198,72.694027,4.962819,-3.079123,171.300911,-11.317231,5.374271,1.879641,39.870027,-38.078004,-8.934617,-16.392575,9.767626,-0.602257,44.329874,-31.899394,15.000035,0.978062,0.338312,6.145475,-0.573852,26.509395,3.580280,70.602450,-7.878002,-12.822872,4.838495,-3.964688,-24.772717,17.810669,63.675600,5.189120,-7.033511,12.575341
194.000000,5.339063,59.077340,72.564000,5.082197,-3.612619,170.011508,-12.102788,6.953804,2.961382,40.955535,-38.899877,-9.566186,-18.764599,3.858043,-6.057801,48.331754,-33.031570,15.000035,1.299050,0.035058,5.923151,-0.714841,26.762047,3.413587,70.356699,-7.501685,-12.678562,4.715045,-3.506148,-25.011302,17.927490,63.840521,4.287603,-7.421638,11.663462
195.000000,5.272751,59.729689,72.639263,3.682058,-5.009317,169.823923,-12.622637,6.296052,3.507167,38.626683,-37.711489,-9.757437,-21.477748,-5.108509,-11.115838,51.304423,-33.214465,15.000035,1.188951,-1.190978,4.801624,-2.552925,27.048625,3.103946,71.078917,-7.636280,-12.966219,5.397154,-3.358175,-25.367162,16.830607,64.633431,3.239965,-7.661281,11.210723
196.000000,5.162866,60.400343,72.605896,3.336195,-5.611898,169.349003,-13.145155,6.911258,3.792422,38.820060,-37.636992,-9.895707,-22.870760,-12.189148,-14.083748,52.286802,-31.005797,14.991227,1.376412,-1.545988,4.131034,-2.963770,27.267712,3.403420,70.543498,-8.695262,-13.173551,5.956859,-2.629353,-25.638587,15.881913,65.231783,2.822393,-7.615533,11.287198
197.000000,4.983980,61.307120,72.658253,3.336989,-5.974747,169.345331,-12.991309,7.841622,3.609771,38.257058,-37.347235,-10.130255,-23.754430,-17.225498,-15.070232,51.173007,-26.950391,14.988942,1.548522,-1.455165,3.596412,-3.521240,27.482122,3.547879,70.069367,-9.515371,-12.908016,5.603783,-1.786292,-25.961858,14.285107,65.933920,2.353269,-7.375815,11.583883
198.000000,4.991338,62.593412,72.766733,3.872239,-6.495315,169.233821,-13.135005,9.813933,3.127832,37.920722,-37.112355,-10.727176,-25.061793,-19.216889,-14.074819,48.589170,-21.538704,15.000035,2.162646,-0.709151,2.976880,-3.989354,27.661972,3.343161,69.786078,-9.673378,-13.262601,5.741833,-0.883589,-26.384438,13.007633,66.430809,1.975376,-7.130834,11.819420
199.000000,5.011668,64.074457,72.904682,4.822260,-6.983718,169.199012,-13.390621,12.429539,2.432045,38.023079,-36.911022,-11.388902,-26.142093,-19.522921,-11.843417,45.468590,-15.589331,15.000035,2.785686,0.358503,2.453301,-4.435486,28.023126,3.074088,69.982426,-9.553490,-13.624312,5.849538,-0.242533,-26.660918,12.134756,67.018663,1.416625,-6.967146,12.061473
200.000000,5.011152,65.664923,72.934002,6.166010,-7.555640,169.039570,-14.114715,15.725530,1.546973,39.111675,-37.054459,-12.172787,-27.082438,-19.377663,-10.067941,42.909455,-9.540584,15.000035,3.482681,1.866444,2.004089,-4.614887,28.290575,3.136234,70.255121,-9.513274,-13.836089,6.185334,0.011363,-26.894310,11.524989,67.632520,1.281477,-6.719938,12.196352
201.000000,4.978003,67.364907,72.800571,7.557149,-8.111054,168.825417,-15.190626,19.220398,0.552266,40.982054,-37.273896,-13.338659,-27.960827,-18.844449,-7.955732,41.145613,-3.969077,15.000035,4.123051,3.434871,1.477766,-4.556404,28.773060,3.135663,70.890841,-9.382747,-13.732441,5.789294,0.087443,-27.113003,11.395062,67.839467,1.639002,-6.214291,14.469935
202.000000,4.837635,69.175619,72.515070,8.692437,-8.331684,168.863138,-16.037008,22.166255,-1.031832,42.917258,-37.587258,-14.421389,-28.301941,-18.034022,-4.970867,40.275296,0.126825,15.000035,4.479741,4.730965,1.097126,-4.178936,29.180948,3.009561,71.333157,-9.666249,-13.828014,5.393139,0.175937,-27.246415,11.220741,68.003453,1.620708,-5.864120,15.199065
203.000000,4.748624,71.084070,71.863687,9.788837,-8.169234,168.934265,-17.142677,24.997651,-2.997802,45.876431,-38.270038,-14.959067,-28.960408,-16.586455,-1.088425,41.950312,2.454163,15.000035,4.687442,5.854324,0.875277,-3.290547,29.580436,2.701307,71.551948,-10.020367,-14.009420,6.141940,0.647370,-27.493006,11.009276,67.523879,1.437533,-6.037284,13.471573
204.000000,4.557732,73.275852,71.369851,9.670200,-8.272429,169.416173,-17.678287,26.127675,-4.698641,46.780181,-37.871903,-15.000035,-28.685944,-14.833878,2.593028,42.598640,6.320317,15.000035,4.572030,6.225948,0.858196,-3.168465,29.493136,4.154089,72.256414,-7.984196,-14.624255,7.767487,0.780565,-28.050585,9.528385,66.676778,1.015206,-6.275115,14.744736
205.000000,4.506165,75.745356,70.670980,9.794219,-8.183032,169.797964,-18.373475,27.614156,-6.634375,48.023671,-37.593727,-15.000035,-28.145126,-11.570367,5.666934,44.701409,5.812511,15.000035,4.422724,6.471110,0.621848,-2.318398,29.722319,5.108423,72.464851,-7.536652,-14.933357,8.728566,1.252212,-27.960243,8.724061,66.097052,0.875129,-6.594595,14.588777
206.000000,4.345191,78.259295,69.960564,9.403743,-7.983523,169.976918,-18.356531,28.335974,-8.770236,48.542687,-36.808671,-15.000035,-26.776978,-9.772583,7.113244,45.735148,-0.002898,15.000035,4.245710,6.198506,0.527869,-1.407529,29.823580,5.411821,72.300073,-7.847082,-15.387030,9.887279,1.585403,-27.944753,8.420837,65.357998,0.991961,-6.847889,14.095656
207.000000,4.215827,80.660218,69.309080,8.247232,-7.184661,170.146410,-17.690670,28.041166,-10.335134,48.990273,-35.094301,-15.000035,-25.129232,-10.429244,6.959078,46.739961,-8.032419,15.000035,4.118849,4.914850,0.910846,-0.543185,29.737855,6.105551,71.954772,-8.183471,-15.490430,10.045396,2.008606,-27.671222,8.496202,64.788722,1.097757,-6.887546,13.573689
208.000000,4.000998,83.239764,68.924934,5.932768,-5.234217,170.817076,-15.268849,26.179434,-11.669765,48.219158,-31.855135,-15.000035,-22.370750,-12.787505,6.530573,47.823851,-16.816295,15.000035,3.315612,2.184153,2.366092,0.324804,29.521225,6.563323,71.684960,-9.681817,-14.456867,6.618966,2.130178,-27.235875,9.087205,64.295801,1.542154,-6.666992,13.481725
209.000000,4.034888,85.878283,68.799639,3.271445,-3.400059,170.995001,-13.371846,24.224810,-12.078898,47.848887,-26.830030,-15.000035,-20.527563,-15.121639,6.252929,48.944261,-24.285672,15.000035,3.152898,-1.020173,3.713789,1.261463,29.489601,7.128696,71.048413,-9.400138,-14.665540,6.839454,2.185234,-26.774941,9.697506,63.956546,1.252975,-7.023596,12.655667
210.000000,4.168430,88.628101,69.065630,0.618985,-1.792143,171.238908,-11.979698,22.703375,-11.232985,46.954996,-20.298212,-15.000035,-18.908091,-16.615796,6.582504,49.728251,-29.649066,15.000035,3.148899,-4.566232,5.024884,2.073109,29.426832,8.373079,70.706159,-7.421659,-15.018906,8.262577,1.801966,-26.003486,9.903734,64.110348,-0.002386,-7.608752,11.664694
211.000000,4.603503,91.508293,69.525784,-1.159425,-1.144892,170.963340,-12.833493,23.281188,-9.090551,47.243636,-13.730487,-15.000035,-19.211273,-15.997075,7.246642,51.310447,-31.861586,15.000035,3.751906,-6.938533,5.608152,2.770255,28.650284,9.505849,71.071438,-6.438227,-14.238839,7.528027,1.121729,-25.343451,9.136773,65.019207,-1.087776,-8.026186,11.265452
212.000000,5.174524,94.466764,69.936991,-1.905843,-0.677108,170.415580,-14.381298,25.756659,-6.704423,48.631264,-9.484302,-15.000035,-19.270945,-14.298444,7.070302,52.165461,-32.495434,15.000035,4.416366,-8.087062,6.160948,3.479562,27.384424,10.222711,71.377690,-5.458391,-13.541328,8.403305,0.209808,-25.057531,8.987885,65.955373,-1.748347,-8.252218,10.141137
213.000000,5.728396,97.145444,70.125246,-2.729898,-0.046851,170.360404,-15.948555,26.869146,-4.666564,51.845726,-10.336840,-15.000035,-18.969180,-13.348055,6.486763,52.942552,-33.689505,15.000035,4.404235,-9.255581,6.443258,4.790874,25.988301,8.591412,71.708250,-5.859490,-13.025849,7.400677,0.132470,-25.401815,10.346674,65.635256,-0.821602,-8.206629,9.401911
214.000000,6.015623,99.478143,70.301801,-1.411335,-0.357076,169.769420,-17.107315,29.398794,-2.522854,55.612213,-15.218023,-15.000035,-18.217120,-10.197793,5.078195,51.879272,-33.903000,15.000035,4.857007,-8.189574,6.180517,5.177730,25.548898,6.956191,72.349988,-5.736075,-13.306643,7.329710,-0.329602,-26.124099,12.289437,64.455252,1.394012,-7.848631,9.443193
215.000000,6.330351,101.415145,70.465899,-0.564816,-0.548469,169.719390,-18.055668,30.383188,1.443476,60.065394,-22.005550,-14.303584,-17.711461,-7.749318,3.636666,51.250324,-34.050484,15.000035,5.062197,-7.098062,6.003728,5.453539,25.021928,6.319838,72.912836,-4.247860,-13.721482,6.362650,-0.268484,-26.937091,12.918486,63.405070,2.429430,-7.707033,10.626550
216.000000,6.568641,102.816069,70.993185,0.547849,-1.614714,169.471314,-18.768957,27.952168,3.876677,62.791193,-29.160267,-12.997953,-16.694867,-5.141714,2.191736,47.320131,-32.276745,14.645143,5.695127,-5.281522,5.546766,4.088817,24.771160,5.315966,72.901457,-4.747670,-12.431661,3.636295,-1.066171,-28.584207,13.223699,62.246328,3.348931,-6.344299,11.191468
217.000000,6.899939,104.040885,71.297950,0.792568,-2.027341,169.408490,-19.571350,20.674783,3.333372,64.641163,-33.853737,-12.662129,-16.299403,-3.853256,1.177948,45.531025,-31.574817,14.438018,6.258901,-4.512868,5.315406,3.192551,24.845493,3.414492,72.749608,-6.239417,-12.258286,3.084640,-1.151316,-29.580211,13.165925,62.018589,3.853885,-6.032073,10.833058
218.000000,7.182466,105.073225,71.480644,0.734703,-2.563757,169.425834,-20.794610,11.300354,1.621144,64.758956,-36.741227,-12.991746,-16.545237,-2.972045,0.532391,44.640057,-31.200577,14.829145,6.597272,-3.958081,4.707207,2.703197,24.980336,3.200347,72.401884,-6.287275,-13.053288,3.521365,-0.895713,-30.110633,12.577175,62.335120,4.619221,-6.039958,11.376639
219.000000,7.406380,106.064117,71.664202,0.787957,-3.237012,169.350999,-21.569782,2.566701,0.201336,62.097006,-37.835580,-14.176240,-16.741229,-1.888683,0.013699,43.393288,-30.736821,14.940612,6.886852,-3.112434,3.979091,2.211537,24.887056,3.290131,71.916920,-7.645229,-13.452186,2.751048,-0.917734,-30.660139,12.352098,62.924518,5.514260,-5.987680,11.988805
220.000000,7.483016,107.009995,71.846139,0.599323,-3.502079,169.383798,-21.260354,-1.641393,2.113215,58.462253,-37.958565,-10.891403,-16.432006,-1.135388,-0.283796,42.302886,-30.344051,15.000035,6.904400,-2.685657,3.494253,1.950742,25.077659,3.918004,71.448895,-8.528104,-13.055252,2.313255,-1.154044,-30.906360,12.205729,63.970124,4.554153,-6.399909,10.933747
221.000000,7.419672,108.045208,71.981287,0.990031,-2.855479,169.175827,-18.151646,-4.349613,3.235303,52.597395,-36.189959,-11.116877,-14.568426,0.220172,-0.611446,40.617533,-30.223003,15.000035,6.930373,-1.884586,4.028497,1.583980,25.408010,5.052396,71.672447,-8.320793,-12.958544,0.843905,-1.502543,-30.708384,12.307068,64.730686,5.176351,-6.228129,12.552923
222.000000,7.251763,108.929312,71.987820,1.228715,-2.285439,169.177305,-15.339346,-4.016990,5.971700,48.694348,-35.173101,-8.954020,-12.958804,0.809341,-1.192019,39.574939,-30.808272,15.000035,6.472646,-1.473659,4.317959,1.402769,25.592613,5.623191,71.608789,-8.264814,-12.666160,2.689917,-1.813447,-30.535232,12.705892,65.093137,4.354756,-6.308865,11.622039
223.000000,7.121687,109.944415,72.002435,1.470564,-1.547155,168.901814,-12.355039,-3.772489,4.940862,44.901168,-35.595237,-6.290860,-11.363649,1.685190,-1.401214,38.981491,-31.374512,15.000035,6.011648,-1.416111,4.834168,1.409140,26.059788,5.426738,71.596522,-8.682963,-11.928445,2.408758,-2.189684,-29.935428,12.966300,65.155360,4.125681,-6.243168,11.468423
224.000000,7.055800,111.184692,71.995109,1.899653,-0.400715,169.109487,-9.326337,-2.960225,3.287502,42.207161,-36.802562,-5.172042,-9.545061,3.285128,-1.552463,38.953880,-31.952342,15.000035,4.722278,-1.389454,5.921421,1.573101,26.457916,5.362761,71.543493,-8.977835,-11.465851,2.506883,-2.621107,-29.057684,13.021243,64.979148,4.116640,-6.239896,11.584831
225.000000,7.265267,112.337804,71.757412,2.231676,0.303106,169.131061,-8.568153,-1.693963,2.727592,42.553772,-37.926695,-6.280755,-9.997084,5.223117,-0.906170,41.776210,-32.291830,15.000035,3.527250,-1.581447,6.529361,2.112323,26.691928,5.592577,71.378967,-9.021532,-11.448690,3.680073,-2.445835,-28.061048,12.950519,64.638486,4.292745,-6.303737,11.630710
226.000000,7.520786,113.741755,71.757722,1.893669,0.142648,169.505391,-6.987025,-0.907133,2.620716,39.058222,-38.271032,-6.038541,-12.049734,6.967753,-0.831392,45.296367,-31.021678,15.000035,1.975999,-2.451875,6.745032,1.670562,27.027666,5.912137,71.344037,-9.853347,-10.938140,2.870490,-3.137490,-27.062196,13.408122,64.403349,4.927122,-6.128969,12.433308
227.000000,7.960140,115.312982,71.593231,2.236578,0.415619,169.225370,-6.937059,1.045279,2.471442,39.870642,-39.490238,-6.133300,-14.596775,9.292682,-1.618951,50.276275,-28.569261,15.000035,1.352961,-2.724524,7.114401,1.556545,27.209291,5.805698,71.284225,-10.240450,-10.829592,3.307633,-2.712556,-26.058024,13.751730,64.162435,5.634860,-6.202368,13.120804
228.000000,8.311005,116.553199,71.529937,2.835539,0.130596,168.470757,-7.293321,3.278083,2.660324,40.532566,-40.259420,-6.826952,-17.776563,9.979650,-3.474547,54.903134,-27.108305,15.000035,1.261625,-2.518437,7.228823,1.125743,27.512721,5.676242,71.675548,-10.185205,-11.252264,4.426322,-2.445282,-25.567522,14.088316,64.145196,5.719585,-6.536593,12.476173
229.000000,8.596785,117.360651,71.621126,3.743583,-0.499070,167.555972,-7.927421,5.712192,2.911449,41.036272,-40.732718,-6.968868,-20.749655,8.001446,-6.093486,58.340757,-28.122669,15.000035,1.457890,-1.913759,7.112038,0.603826,27.547767,4.863233,71.238743,-10.190879,-11.320340,4.390791,-1.880606,-24.971349,14.206507,64.323279,5.773564,-6.686233,12.087226
230.000000,8.788956,118.161023,71.867198,2.857960,-2.019848,167.750445,-8.956411,5.848945,3.012840,39.091147,-39.136315,-8.062453,-24.753372,2.667929,-8.475635,61.191460,-29.028813,15.000035,1.299841,-2.284136,6.012122,-0.974314,27.496689,5.224812,71.715757,-9.170548,-11.795967,5.886821,-1.472931,-25.228560,13.465068,65.052702,4.856873,-6.833769,11.938255
231.000000,8.926032,118.600821,71.841663,3.716742,-2.561852,166.437001,-10.373469,8.309965,3.859380,41.630925,-39.790268,-9.489753,-26.354544,-2.787203,-10.611385,61.803131,-29.162579,15.000035,2.235898,-1.569255,5.555981,-0.835226,27.567052,5.286877,71.101477,-10.383207,-12.317041,6.283377,-0.429534,-24.969526,13.508978,65.665288,4.546733,-6.719893,11.863009
232.000000,8.810823,119.065988,72.001272,2.380098,-4.162156,167.218302,-11.592452,7.124079,3.195803,39.521507,-38.540534,-8.817851,-29.040923,-12.174883,-12.497524,61.717514,-28.116592,15.000035,1.675422,-1.909014,4.101087,-1.352325,27.280643,3.872079,70.039587,-11.832563,-11.559308,3.815182,-0.199879,-25.863184,12.350509,66.605990,4.073211,-6.558590,12.243575
233.000000,8.703217,119.818020,72.025597,2.278838,-4.933845,167.770757,-12.475098,7.737632,2.425576,39.530386,-38.140777,-8.878181,-30.321334,-18.601313,-12.851770,59.973378,-24.085615,15.000035,1.391843,-1.408363,3.333603,-1.564252,27.167982,3.073832,70.028919,-12.396993,-12.162467,4.158622,0.314591,-26.550170,11.418843,67.272295,3.483038,-6.745565,11.353541
234.000000,8.580362,120.846057,71.983206,2.852900,-5.288812,168.313267,-13.212380,9.316001,1.430606,40.665591,-38.179077,-9.419974,-30.889493,-22.384850,-11.602617,57.160812,-18.735366,15.000035,1.403438,-0.348992,3.044379,-2.018303,27.073325,3.038230,71.028619,-12.606053,-12.995665,5.499334,0.712798,-27.162365,10.465649,67.857021,3.275387,-6.538842,11.198080
235.000000,8.533869,122.166359,71.897817,4.034138,-5.426188,168.746836,-13.962712,11.785397,0.032645,42.527357,-38.625382,-9.945291,-30.866178,-23.809975,-9.479311,53.795601,-13.248100,15.000035,1.674572,1.270864,2.935720,-1.761232,27.528744,2.464539,71.438130,-9.664832,-13.074061,5.822118,1.302329,-27.785754,9.806640,67.849398,3.659515,-6.061211,12.284307
236.000000,8.541481,123.731649,71.747839,5.511338,-5.685029,168.789467,-14.905913,14.978207,-1.405797,44.657139,-39.061838,-11.019695,-30.848512,-23.342793,-6.551034,50.421833,-7.358915,15.000035,2.454847,3.087543,2.754583,-1.885327,27.814455,1.562156,71.571667,-10.558968,-12.597355,4.273542,1.625565,-28.439514,9.485032,67.586593,3.859780,-5.506186,12.825947
237.000000,8.541459,125.551093,71.502972,6.977484,-5.930164,168.729777,-15.905352,18.376276,-3.058561,46.843292,-39.518423,-12.132270,-30.760751,-21.753907,-2.899888,47.984989,-2.063321,15.000035,3.423589,4.777032,2.429723,-1.780618,28.252208,0.602776,71.942143,-10.861765,-13.070201,4.325090,1.816216,-28.910852,9.240107,67.289159,3.443166,-5.336555,13.144130
238.000000,8.445907,127.525139,71.060646,8.119200,-6.128273,168.702339,-16.726435,21.604732,-4.565314,48.762268,-40.056351,-13.375515,-30.535132,-19.886598,1.075809,46.954135,1.334941,15.000035,4.039561,6.138735,2.034042,-1.485203,28.912109,1.770650,72.262206,-10.954405,-13.237963,4.480367,1.845167,-29.373539,9.096976,66.830983,3.006956,-5.223455,13.327171
239.000000,8.485086,129.946005,70.529151,8.803278,-6.316498,168.703526,-17.476106,24.745611,-5.970854,50.066297,-39.621804,-14.837690,-30.305276,-17.151899,4.809108,47.284112,4.659282,15.000035,4.450661,6.972612,1.700318,-0.437639,28.900183,3.419907,72.244236,-8.372213,-14.244879,7.015817,1.913371,-29.754999,8.038275,66.380655,2.994650,-5.661963,15.541050
240.000000,8.381942,132.422841,69.975734,9.201456,-6.205341,168.975941,-17.400172,27.022803,-7.577576,50.229310,-39.324275,-14.960278,-28.732437,-14.092196,8.142017,47.823410,6.731748,15.000035,4.243045,7.404590,1.526182,0.774407,29.085801,3.526330,71.945408,-10.004878,-13.771903,4.931836,1.685411,-29.902585,7.722549,65.871287,3.257233,-5.549631,16.031105
241.000000,8.297261,135.176623,69.368386,9.020250,-5.531384,169.078261,-16.206717,28.579824,-9.197004,49.589680,-38.449778,-15.000035,-26.228789,-12.090226,9.198663,48.462340,4.620528,15.000035,4.078276,7.044878,1.616992,1.135068,29.493235,5.338449,72.764041,-7.154667,-15.868534,11.819969,1.755757,-29.793039,7.354045,65.213560,2.265363,-6.029860,15.076507
242.000000,8.436339,137.798905,68.643993,8.896760,-5.259009,168.473480,-15.907978,30.034794,-10.512529,50.043218,-37.157493,-15.000035,-24.808154,-10.673975,8.649664,48.867329,-2.280966,15.000035,4.520740,6.628848,1.325857,2.313244,29.439881,5.318484,72.972402,-7.967492,-15.527600,11.153252,2.048987,-29.520334,7.697983,64.368229,2.160322,-6.235988,14.493077
243.000000,8.392187,140.452278,68.157387,7.270745,-4.213607,168.873658,-14.479818,29.336523,-11.249893,49.278596,-34.342861,-15.000035,-22.235522,-12.063940,8.063737,48.810533,-10.969508,15.000035,4.250863,4.554154,1.564289,3.171509,29.688582,4.903213,72.961331,-8.196102,-15.400241,9.792812,2.500736,-29.342793,8.222463,63.186900,2.545319,-6.218437,14.595800
244.000000,8.423590,143.519950,68.001831,4.869006,-1.583694,169.485428,-10.885012,27.701357,-12.094886,47.162145,-29.381725,-15.000035,-18.120789,-14.093868,7.607577,48.456555,-19.447056,15.000035,3.448616,0.908251,3.373864,4.152448,30.157334,6.069898,72.543084,-6.800968,-15.798622,11.673335,2.729462,-28.965456,9.283701,61.717050,1.369163,-6.672467,12.959468
245.000000,8.620933,146.377230,68.180209,3.415554,-0.190174,169.493319,-9.326965,27.679359,-11.425641,45.980632,-23.230735,-15.000035,-15.519894,-14.279178,7.436399,47.478240,-25.863517,15.000035,3.538715,-1.429478,4.041822,5.517877,29.753349,7.138029,72.221314,-8.136454,-15.296347,7.467991,2.706405,-28.928529,10.092556,61.069746,0.559963,-7.105220,12.623685
246.000000,9.099968,149.287832,68.562877,2.028905,0.594711,169.156735,-9.472553,28.625885,-9.098763,45.632029,-16.375534,-15.000035,-14.616747,-13.613079,7.656813,47.461243,-30.240106,15.000035,3.968929,-3.686888,4.315542,6.656038,29.072307,8.468777,72.074588,-7.089579,-14.661993,5.991617,2.167092,-28.674596,9.909544,61.495970,-0.745207,-7.568336,11.944822
247.000000,9.842854,152.152586,68.954164,0.544953,0.965432,168.276784,-10.914309,30.320849,-5.797345,46.451645,-10.433522,-15.000035,-15.803410,-12.586171,8.727432,49.359141,-32.293291,15.000035,4.699685,-5.930253,4.312136,7.664605,28.154538,8.525609,72.433248,-6.087926,-14.569716,5.332168,1.059871,-28.335444,9.440022,62.933226,-1.596573,-8.110733,10.961808
248.000000,10.510722,154.894578,69.268852,-0.333036,1.458064,167.818775,-12.261432,31.520862,-3.826931,48.476711,-9.212264,-15.000035,-16.019287,-11.341323,8.913498,50.359992,-33.499308,15.000035,4.859900,-7.330125,4.339960,8.400194,27.122405,8.196462,73.861256,-3.743491,-14.263884,5.712179,0.283424,-28.620381,10.035162,63.843240,-1.751057,-8.161580,9.909069
249.000000,11.134887,157.381451,69.407624,-0.379091,1.937988,167.392534,-13.351078,31.392523,-3.234984,52.512861,-13.371869,-15.000035,-15.700921,-9.394288,8.548352,50.814968,-34.353864,15.000035,4.940542,-7.892896,4.532246,9.104150,26.190316,6.809565,74.594846,-2.992845,-14.240559,6.081982,-0.208743,-29.101814,11.379917,63.753792,-1.174524,-8.075404,9.203303
250.000000,11.596220,159.704185,69.575828,0.733028,1.906171,167.226685,-14.425015,33.038356,-0.359570,57.199675,-19.504823,-14.337853,-14.745757,-6.514240,6.782827,49.959641,-34.344151,15.000035,5.080430,-7.119773,4.686517,8.945497,25.814427,5.567854,75.095662,-2.987743,-13.801552,6.370418,-0.839928,-29.580566,12.436867,63.123133,-0.027498,-7.787797,9.020230
251.000000,11.913519,161.316741,70.203024,2.414554,1.000768,166.990673,-15.300747,32.358745,2.388179,60.987463,-26.641737,-12.565997,-12.982396,-3.304638,4.620139,45.277225,-32.294521,15.000035,5.772195,-4.963067,4.464434,7.327978,25.660116,5.241942,75.564336,-3.005593,-13.876994,6.167158,-1.656868,-30.572224,12.361962,62.236936,1.158538,-7.192313,9.923714
252.000000,12.266613,162.562883,70.626950,2.774298,0.340160,167.108917,-16.408746,26.696424,2.960897,64.131931,-32.996972,-11.086343,-12.322004,-1.773143,3.868041,42.478190,-31.155737,14.870401,6.169609,-3.946772,4.042861,6.286039,25.726128,4.524757,74.803556,-3.740503,-13.279202,5.915942,-1.771233,-31.352826,12.531644,61.383771,1.565269,-6.608326,9.406485
253.000000,12.630247,163.665378,70.876735,2.554078,-0.658036,167.168272,-18.197647,19.232151,3.322932,66.206595,-36.840917,-10.966753,-12.904510,-0.995896,3.032015,41.050403,-30.404792,14.968915,6.583110,-3.367526,3.095291,5.365883,25.966996,3.751048,74.063607,-4.955545,-13.171232,6.029317,-1.651775,-31.835819,12.526233,60.807747,2.102963,-6.333297,9.595188
254.000000,12.893608,164.728558,71.063977,2.458502,-1.595576,167.067011,-19.648584,11.829261,3.614380,66.458861,-39.170336,-11.195818,-13.351199,0.123461,2.537918,39.627354,-29.792107,15.000035,6.861994,-2.731554,2.074415,4.886150,26.124181,4.372279,73.504324,-4.964397,-13.429594,6.075229,-1.574453,-31.886998,12.440548,60.652380,2.341229,-6.271877,10.237527
255.000000,13.087134,165.761209,71.292800,2.643445,-2.049957,166.729797,-19.445349,6.456301,4.868258,64.057155,-40.860196,-11.639027,-13.015133,1.659634,2.558070,37.835382,-28.579248,15.000035,7.258994,-1.826272,1.542959,4.411875,26.136460,5.135059,73.437586,-4.927953,-13.848065,5.686000,-1.868126,-31.629879,12.726287,61.149372,2.119313,-6.331103,11.077167
256.000000,13.206768,166.677403,71.504921,2.659046,-2.228720,166.506059,-18.673937,2.619751,6.723099,60.478736,-40.443965,-11.053088,-12.025908,2.095381,0.844588,35.606241,-28.516643,15.000035,7.392771,-1.297530,1.285466,3.915633,26.227102,5.252379,73.886487,-4.800734,-14.217700,5.250369,-2.391929,-30.924556,13.232044,61.916997,1.805349,-6.396381,11.643482
257.000000,13.136590,167.475033,71.891451,2.875102,-1.697503,166.637009,-16.131242,-0.354700,7.450044,55.208146,-39.219530,-10.381630,-9.373769,3.269337,2.064114,31.828815,-26.198094,15.000035,7.382095,-0.777779,1.794348,3.458382,26.356494,4.713612,74.157536,-4.250192,-14.146217,4.391810,-2.761403,-29.968275,13.399327,62.413251,1.589966,-6.389146,12.182652
258.000000,13.097443,168.257999,72.134328,3.292803,-1.771890,166.218033,-14.246384,-2.215583,6.657714,50.512193,-36.039025,-9.494065,-7.237881,4.538974,2.267124,27.772823,-23.991113,15.000035,7.360290,-0.030306,1.703123,3.497014,26.365065,4.766691,74.225913,-3.779994,-14.045559,3.664533,-3.162224,-29.006249,14.065053,62.425047,1.904298,-6.322098,12.841967
259.000000,13.089928,169.170809,72.397006,3.955578,-1.817580,165.543200,-12.513653,-3.503042,2.942299,46.849377,-33.040473,-8.332458,-4.773132,6.734707,3.592099,23.075222,-20.349560,15.000035,7.585390,1.028667,1.536993,3.497257,26.097816,4.587909,74.653770,-3.346853,-13.654731,3.277215,-3.160000,-28.058253,14.358243,62.069078,1.835933,-6.457056,13.006961
260.000000,13.008334,169.761646,72.627318,4.391664,-1.900677,165.303382,-9.993583,-2.708039,2.549759,42.261990,-32.634330,-6.062806,-1.715774,7.348630,3.533827,17.150518,-18.447327,15.000035,7.461065,1.736534,1.487049,3.422111,25.848289,4.787863,74.942181,-3.672906,-13.509110,2.748448,-3.210403,-27.004111,14.301797,61.821634,1.833154,-6.548482,13.458694
261.000000,13.107532,170.234263,72.651476,4.902035,-1.710458,165.264536,-8.746486,-1.810613,2.740114,40.528430,-33.521616,-4.937359,-0.678856,8.201757,3.443369,15.697728,-17.710752,15.000035,7.181372,2.460276,1.661039,3.636927,25.380732,5.110167,75.099631,-3.794721,-13.528504,2.821545,-2.870091,-25.963641,14.227884,61.679982,1.588411,-6.577559,13.508129
262.000000,13.284317,170.831907,72.700161,4.817245,-1.459020,165.292887,-7.901806,-1.349714,3.239534,39.311106,-33.861445,-4.728405,0.744651,8.982943,3.587213,13.346026,-16.131037,15.000035,7.078167,2.519428,2.191168,3.246932,25.157456,5.318775,75.389921,-3.617705,-13.466536,2.829852,-2.850121,-25.010227,14.109421,61.713177,1.525956,-6.455163,13.802953
263.000000,13.427651,170.841765,72.842038,4.911889,-1.280553,165.270424,-7.438365,-1.191094,3.243397,38.529261,-33.362722,-4.496633,1.773410,8.586758,3.630128,11.207867,-15.372372,15.000035,6.969516,2.792466,2.848354,2.835297,24.828742,4.984419,75.205867,-3.685133,-13.586554,2.793943,-2.985383,-24.282426,14.273067,61.880940,1.566217,-6.461304,13.643141
264.000000,13.662380,171.016586,72.866893,4.797273,-0.967382,164.937099,-7.876420,-1.291275,2.735338,39.734386,-32.896995,-4.569987,2.218069,8.822822,3.984692,10.601976,-14.408328,15.000035,7.109392,3.006721,3.500488,2.482453,24.371030,4.653867,75.107759,-2.965781,-13.562881,2.734624,-3.126276,-24.103370,15.050820,61.934864,1.667697,-6.612101,13.785946
265.000000,13.909857,170.950186,72.902334,4.672244,-0.792550,164.679590,-8.105041,-1.468535,2.689648,39.986417,-32.637256,-4.443545,1.916265,8.659176,4.146171,10.975078,-14.436983,15.000035,7.402686,3.249406,4.064023,2.209115,24.026031,4.277966,74.833431,-2.544634,-13.285321,2.729731,-3.282376,-24.228790,15.593069,61.951967,1.356389,-6.647175,13.845600
266.000000,14.145389,170.712781,72.880453,4.425078,-0.606485,164.483470,-8.816614,-1.644486,3.376889,41.300163,-32.548860,-4.624863,1.017222,8.134846,4.093399,12.553637,-15.220774,15.000035,7.581683,3.515784,4.657169,2.087876,23.695586,4.183375,74.409945,-2.202101,-13.375718,2.976077,-3.439670,-24.815331,16.157388,61.768809,1.396068,-6.866588,13.460040
267.000000,14.506353,170.493197,72.791982,4.028414,-0.460751,164.616975,-10.150796,-1.762650,3.900920,43.443476,-33.608004,-6.335125,-0.878302,7.612924,3.575343,15.891104,-17.093836,15.000035,7.693826,3.578426,5.249842,1.938160,23.552842,4.352178,74.068436,-2.217819,-13.606643,3.437729,-3.473281,-25.345512,16.086178,61.672517,1.412880,-6.938995,13.133335
268.000000,14.862540,170.065427,72.684604,3.403438,-0.631782,165.127724,-11.613807,-1.712676,5.016233,44.949168,-35.672391,-7.804901,-3.831801,6.476827,2.712069,20.500451,-19.715397,15.000035,7.351631,3.590908,5.391277,2.044219,23.376913,4.823471,73.901520,-2.331205,-13.799926,3.800249,-3.393311,-26.178594,16.121886,61.420988,1.595788,-7.081134,12.492909
269.000000,15.241925,169.625401,72.491097,2.431620,-0.792632,165.525668,-14.415043,-0.871235,5.599292,49.174244,-36.526318,-10.268666,-7.126356,4.967221,2.084819,25.712553,-22.360308,15.000035,7.164850,3.085297,5.604576,2.214833,23.423639,5.035512,73.821504,-2.239510,-14.121308,4.248762,-3.385154,-26.927334,16.056455,61.319956,1.560396,-7.210852,12.069680
270.000000,15.596640,169.120562,72.311050,1.233397,-1.508252,166.738278,-16.688176,1.415971,8.062631,51.348304,-38.207744,-10.518910,-10.647324,2.925392,1.215259,30.165162,-25.031110,15.000035,6.286869,2.453081,5.256966,2.417299,23.478302,5.029866,73.762116,-1.982640,-14.189995,4.508791,-3.372021,-27.695005,15.945633,61.297130,1.678970,-7.209569,11.960253
271.000000,15.843713,168.656015,72.139174,-0.083924,-2.191012,167.800258,-18.624789,4.707405,10.099498,53.793467,-38.232220,-10.753518,-13.836414,0.828389,0.794265,34.276263,-26.946150,15.000035,5.661582,1.545674,4.744479,2.566586,23.617087,4.257064,73.966550,-2.341203,-14.112385,4.876433,-3.281639,-28.437926,16.055253,61.362624,1.764524,-7.256155,11.360421
272.000000,16.013773,168.306792,71.973550,-1.224354,-2.824839,168.608846,-20.331993,9.151146,11.585840,56.386565,-36.756304,-9.676932,-15.996489,-0.925172,0.276332,36.832447,-28.854988,15.000035,5.628365,0.530897,4.106207,2.291910,24.006402,3.515214,74.352428,-2.766039,-13.815401,5.078588,-2.981570,-28.963390,16.030449,61.459934,1.575299,-7.259553,10.917825
273.000000,15.968311,167.732346,71.999598,-2.738816,-4.127806,169.479306,-22.353204,13.005241,12.133927,57.202725,-32.730547,-8.637183,-17.798423,-3.240980,0.862710,37.263234,-29.655343,15.000035,5.475112,-1.073627,2.950094,1.777526,24.647626,3.418937,74.509735,-3.347018,-13.443611,4.759305,-3.071081,-29.055136,15.519131,61.744972,1.468679,-7.105558,10.857115
274.000000,15.900415,167.136228,71.976179,-3.383411,-4.531257,170.352963,-22.648301,18.225542,13.401925,56.318799,-30.851128,-8.244093,-18.254528,-4.979936,0.398490,37.586244,-30.888059,15.000035,5.204023,-1.750531,2.312315,2.061657,24.824796,3.932851,74.303285,-3.475125,-13.128303,4.858147,-2.671742,-29.147330,15.224731,61.952657,1.019022,-7.079523,10.211444
275.000000,15.770814,166.535258,71.987277,-3.687718,-4.461428,170.968956,-22.093770,22.388050,12.815418,53.771986,-28.723346,-8.809000,-18.157725,-6.009487,0.463161,37.888716,-31.481247,15.000035,5.228057,-2.209385,2.054258,2.300476,24.891036,4.314420,74.451910,-3.778405,-13.253520,4.777329,-2.316444,-29.048713,14.989463,62.297069,0.588527,-7.143808,10.234404
276.000000,15.563317,165.658677,71.927130,-3.813729,-4.100197,171.366630,-21.461317,25.370470,10.976302,51.169598,-25.791064,-9.655816,-17.986649,-7.337521,0.625642,38.682435,-32.603440,15.000035,5.325884,-2.554041,2.090091,2.770824,24.801424,4.130212,74.358938,-3.676695,-13.445910,4.938702,-2.002081,-28.965862,15.071615,62.497406,0.551744,-7.379846,10.256002
277.000000,15.279788,164.740098,71.834832,-3.988163,-3.416961,172.044588,-20.342965,27.301055,8.742986,48.218417,-22.712126,-10.890894,-17.627004,-8.276432,1.916500,39.976025,-32.756375,15.000035,5.128555,-2.904452,2.488294,3.050739,24.612305,3.564819,74.580202,-3.584204,-13.509387,5.276765,-1.933952,-28.938651,15.465281,62.724011,0.349569,-7.410544,9.741477
278.000000,15.027584,163.906252,71.432811,-3.943648,-2.852501,172.137066,-19.674138,28.834719,5.178281,46.585117,-20.164086,-12.339407,-18.465034,-8.348182,3.232606,43.094238,-33.471240,15.000035,5.306896,-3.151525,2.518620,4.020019,24.463262,5.617691,75.580374,-0.742169,-15.370398,4.841949,-1.523716,-28.501312,13.968260,63.509763,-0.844776,-8.519001,11.292703
279.000000,14.768578,162.782979,70.977396,-3.799134,-2.303584,171.948079,-18.457360,29.125149,1.059494,45.266884,-18.515311,-13.416972,-19.373989,-8.880482,4.228422,46.070169,-33.762069,15.000035,5.828333,-3.369882,2.793190,4.364423,24.426341,5.413144,75.965876,-0.373402,-15.477226,5.003654,-1.714780,-28.391934,14.159332,63.821527,-1.075569,-8.750279,11.031772
280.000000,14.489692,161.410296,70.352590,-3.394583,-1.665873,171.407884,-17.064693,28.882742,-3.278190,45.139569,-17.249218,-14.322799,-20.314183,-9.315449,5.451646,49.156284,-34.158872,15.000035,6.780088,-3.310975,3.099347,4.726955,24.447506,4.607362,75.953999,-0.481302,-15.629054,5.743455,-1.919343,-28.216840,14.231506,64.205827,-1.190948,-9.040729,10.632832
281.000000,14.173697,159.800541,69.715977,-3.039280,-0.897440,171.190111,-15.181475,27.339333,-7.313032,45.049489,-15.657884,-15.000035,-20.709321,-10.047947,6.613138,51.600939,-34.603135,15.000035,7.632979,-3.200462,3.661506,4.627956,24.655900,4.756150,75.946233,-0.154203,-15.228489,5.862192,-2.143264,-28.171653,13.869802,64.452192,-1.397711,-9.162508,10.061175
282.000000,13.806596,157.769024,69.111407,-2.810099,-0.342061,171.351948,-13.418806,24.653841,-10.031850,45.217153,-15.266142,-15.000035,-20.812888,-11.660343,7.174557,53.044974,-35.105612,15.000035,8.153758,-3.118558,3.870576,4.733599,24.926210,4.735834,75.730966,0.013549,-15.310574,5.620042,-2.142008,-28.301970,13.673715,64.521730,-1.135133,-9.053333,10.144982
283.000000,13.615260,155.543506,68.374372,-1.504446,-0.103921,171.724485,-13.526124,25.082574,-9.447718,47.130894,-20.016161,-15.000035,-21.072071,-12.080392,6.968836,54.343365,-34.741737,15.000035,8.211977,-2.077673,3.690207,5.538074,25.208823,4.138962,75.098599,0.235699,-15.681056,5.588001,-1.858289,-28.398897,13.913291,64.418970,-0.662430,-8.851802,9.261784
284.000000,13.188730,153.225613,68.002045,-0.779453,-0.465846,172.627775,-13.037784,25.219859,-7.313918,46.689657,-25.517879,-15.000035,-20.841849,-13.543047,6.496947,53.755911,-33.188702,15.000035,7.374792,-1.174402,3.479230,6.085608,24.935057,5.716631,74.029094,0.383192,-16.174836,4.941338,-2.465931,-29.146862,13.399686,64.414886,-0.525651,-8.571033,8.872514
285.000000,12.832122,150.750995,67.906344,-0.901559,-0.283670,173.791004,-11.963433,23.836776,-5.230939,45.454192,-29.879807,-15.000035,-19.887742,-16.156403,6.686558,52.541575,-30.365921,15.000035,6.380122,-0.733534,3.589193,5.782730,24.571285,4.671424,73.642239,1.510378,-15.617619,5.265614,-2.960522,-30.110209,12.609657,64.715674,0.071840,-8.023388,9.497775
286.000000,12.639049,148.143661,67.997885,-0.275835,-0.225823,174.592398,-11.942494,22.693356,-4.575878,45.732655,-34.070070,-14.988801,-19.069786,-17.628799,6.749780,50.929381,-25.731795,15.000035,6.287581,0.284796,3.484117,4.073929,24.983840,1.824688,74.063716,-0.317846,-15.708913,7.543932,-2.686096,-30.473842,11.039672,65.064819,0.796134,-7.621493,9.814649
287.000000,12.605458,145.658338,68.439889,0.045159,-0.615544,175.450730,-12.503501,20.868646,-4.712042,45.568010,-36.670900,-14.921836,-18.879111,-19.125800,6.166742,49.010992,-19.217084,15.000035,5.745226,1.120840,3.562797,2.775151,24.928164,-0.315682,74.001056,-0.586187,-16.022671,8.483679,-2.567899,-30.954154,9.542673,64.845024,1.485956,-7.271124,10.263526
288.000000,12.733814,142.864740,69.005245,0.472679,-1.431704,175.938365,-14.434099,18.903486,-4.390396,47.120392,-37.996137,-14.661664,-20.125525,-20.754051,5.564731,47.879927,-12.769948,15.000035,5.558703,2.216486,3.120452,1.088502,24.909736,-0.724048,74.458139,-0.960523,-16.399834,9.043005,-2.101870,-31.243078,8.530341,64.669686,1.869812,-7.083555,10.646592
289.000000,12.976432,139.916587,69.493568,0.786422,-2.521955,176.130861,-16.498867,16.597655,-3.739092,48.309887,-38.549311,-13.318030,-22.538345,-23.243661,4.115918,47.940032,-8.853052,15.000035,5.608802,3.219654,2.326407,-0.198885,25.158771,-1.234891,74.384052,-0.948830,-16.397032,9.314794,-1.366475,-31.280176,8.252043,64.396096,1.615824,-6.849125,10.563403
290.000000,13.177694,136.970270,69.530892,2.778083,-2.773414,175.134879,-17.666009,16.903130,-3.032520,50.524859,-40.116365,-12.391729,-24.240965,-23.913764,1.806866,50.321870,-10.904382,15.000035,6.510118,5.765221,2.105519,-0.460880,25.863973,-0.825309,73.882600,-1.478123,-16.083330,9.307628,-0.375507,-30.791111,8.819308,64.018270,1.900045,-6.967417,11.075227
291.000000,13.197628,134.421396,69.645768,2.616692,-3.253745,174.902314,-18.312982,14.523120,-2.002145,51.025963,-41.217705,-11.092625,-25.267552,-25.497863,-0.379380,53.575013,-17.171176,15.000035,6.625659,6.217557,1.933517,-0.845601,26.539142,-0.542713,73.173531,-3.044465,-15.879751,9.150614,0.239285,-30.907405,9.566226,63.565757,2.144632,-7.266734,10.940285
292.000000,13.026291,132.302332,70.128661,-2.125420,-2.765021,177.100198,-15.648184,5.926586,-0.362952,45.390302,-39.037413,-8.969434,-24.625316,-32.130641,-2.232975,57.657028,-25.103375,15.000035,3.418492,1.720432,3.123251,-1.869198,28.284256,-0.604928,72.434334,-6.247081,-14.784243,7.384856,-0.807210,-31.011893,11.701129,63.516443,2.531771,-7.007515,9.390122
293.000000,13.071318,130.829215,70.612377,-3.197481,-2.624614,177.431826,-13.885597,3.111870,0.472692,41.596146,-37.398318,-8.491178,-23.896699,-30.372673,-4.180584,61.182615,-30.284748,13.994171,1.990872,0.223291,3.654021,-1.535345,29.824602,0.653301,71.522387,-7.382173,-14.140709,7.979785,-1.283852,-30.397477,13.014998,63.349342,3.408777,-7.101368,8.849426
294.000000,13.169183,129.761398,71.059608,-3.292075,-2.762173,177.708425,-13.024344,1.938083,0.968670,39.120591,-36.056924,-8.912786,-23.349079,-22.921785,-3.707840,63.073054,-33.863460,14.283951,0.742539,-0.303775,3.644413,-0.759686,30.797723,2.141650,70.683456,-7.049625,-12.849374,8.052838,-1.442720,-29.942183,13.594575,63.031875,4.587135,-6.992629,9.277106
295.000000,13.265058,129.010582,71.450037,-2.924029,-3.102292,178.006668,-12.670191,1.546836,0.934577,37.260697,-34.738885,-9.162250,-23.383125,-12.084308,-1.294158,63.065944,-35.409647,15.000035,-0.302982,-0.496141,3.317768,-0.078517,31.485253,2.890537,70.286376,-7.564199,-12.557080,8.488825,-1.477609,-29.674986,14.182855,62.688214,5.439025,-7.207304,9.458661
296.000000,13.327485,128.547096,71.701622,-2.631572,-3.592585,178.132794,-12.614966,1.341767,0.851029,35.852442,-33.852771,-9.168027,-23.747702,-1.360392,0.841752,61.090967,-36.023377,15.000035,-0.721129,-0.793515,2.874602,-0.011194,31.929847,3.141618,70.341598,-7.344207,-12.386843,8.660404,-1.433810,-29.432631,14.306560,62.553523,5.457972,-7.272311,9.568952
297.000000,13.275956,127.413881,71.907544,-2.788718,-3.738829,177.960011,-12.120809,0.120241,1.385102,34.561925,-33.190935,-8.363336,-23.587736,2.739225,0.742640,58.226461,-36.764678,15.000035,-0.625278,-1.063089,2.605110,-0.397254,31.596718,3.749316,70.964989,-6.156695,-11.995136,7.500056,-1.099143,-29.579705,13.968276,62.759043,5.485512,-7.178501,10.251090
298.000000,13.126467,126.588583,72.068435,-2.938114,-3.367676,177.592694,-10.665224,-0.795523,1.846249,32.737428,-32.623910,-8.444889,-21.993769,4.853181,-0.673642,54.319074,-34.179489,15.000035,-0.353069,-1.203086,2.912849,-0.556756,30.489039,4.898253,71.581824,-5.407851,-12.058439,5.797029,-0.735393,-29.610619,13.477037,63.178294,5.486021,-6.906014,11.012639
299.000000,12.885725,125.472546,72.120100,-3.006948,-2.603801,177.246928,-9.541241,-1.846277,2.272775,32.712334,-32.593304,-8.171765,-19.730374,4.739730,-1.176001,50.938243,-31.435205,15.000035,0.212315,-1.199482,3.302587,-1.394506,29.103238,6.068414,72.193235,-6.273215,-10.941995,5.553664,-0.068577,-29.535592,12.895179,63.678912,5.409856,-6.576325,11.246722
300.000000,12.811059,124.509323,71.846247,-3.598973,-2.074335,176.862806,-10.170772,-3.253385,2.921433,35.320790,-33.687794,-7.787316,-18.677680,4.221089,0.807660,49.932938,-30.280670,14.985430,0.848544,-1.511291,3.471746,-1.497381,27.061390,6.777830,72.021066,-7.848731,-10.654725,4.555717,0.794138,-29.206500,12.647579,64.052933,5.652952,-6.256161,11.904957
301.000000,12.746912,123.663509,71.545935,-3.989026,-1.608805,176.418433,-11.196511,-4.253571,3.736997,38.648376,-34.610723,-7.440783,-17.858230,4.078203,3.719984,49.539109,-31.941188,15.000033,1.649902,-1.254387,3.857878,-1.589134,24.941967,5.775319,71.842955,-8.881437,-10.819699,3.309264,1.139481,-29.275461,12.610286,64.453866,5.253887,-6.068105,11.708151
302.000000,12.742133,122.890735,71.148920,-4.258313,-0.939548,175.662798,-12.800499,-4.558284,5.286028,43.541766,-34.984601,-8.673553,-17.360102,3.467833,4.879903,50.069733,-33.918221,15.000035,2.801022,-0.931972,4.465615,-1.491958,23.270340,3.990825,71.401343,-7.755725,-11.057584,2.024674,1.524874,-29.468496,12.772908,64.729184,4.845828,-6.128480,11.999996
303.000000,12.900455,121.872938,70.824391,-4.526828,-0.724278,174.966488,-15.180070,-4.759919,7.070421,48.538931,-34.787683,-9.167876,-17.808731,1.812832,4.794077,50.936665,-35.561981,14.839995,3.655046,-0.489576,4.838281,-1.412214,21.429859,1.708478,70.725933,-7.077874,-11.438572,-0.909134,1.680531,-29.838573,13.042035,64.896353,4.775076,-6.354533,12.255658
304.000000,12.986307,121.046972,70.611298,-5.010038,-0.945023,174.003406,-17.845927,-4.576237,8.989355,53.142533,-33.676275,-11.496667,-19.026564,0.784841,5.333824,52.169337,-36.368182,14.382539,4.377462,-0.268954,4.927986,-0.858418,20.458399,-1.188007,69.941656,-3.779838,-12.104143,-1.153765,1.421231,-30.229072,12.978114,65.455185,4.637642,-6.279073,11.967641
305.000000,13.069995,120.259511,70.553470,-5.481234,-1.550626,173.504889,-20.808863,-4.261778,9.566796,57.062078,-33.906640,-12.287101,-20.633371,-0.051044,6.185102,53.336821,-36.583176,14.351496,4.417083,-0.174941,4.642838,-0.227839,20.243904,-3.094072,69.468666,-0.785416,-12.715330,-1.068937,1.198936,-30.544432,12.906376,65.793300,4.787506,-6.230701,11.883540
306.000000,13.050641,119.564605,70.717943,-5.683462,-2.669074,173.540159,-23.483975,-1.945176,10.938510,59.603386,-34.683598,-11.719560,-21.932929,-0.910098,6.417021,53.178398,-36.033899,14.678369,3.883632,0.066329,3.981069,-0.190971,20.559078,-3.824109,69.770615,0.561926,-12.629735,-1.194244,0.701095,-30.586762,12.172086,66.257999,5.204920,-6.015214,11.741362
307.000000,12.969267,118.859839,71.046400,-5.359072,-3.282668,173.788404,-24.737012,1.833748,11.961306,61.312450,-35.125484,-11.007066,-21.779211,-1.675406,5.996235,51.528525,-35.262785,14.990800,3.011566,0.626122,3.684748,-0.152358,21.412576,-3.721458,70.308752,0.334330,-12.485182,-0.758168,0.514401,-30.563850,11.812419,66.187040,5.831148,-5.923152,11.339842
308.000000,12.825406,118.217778,71.486193,-5.003485,-3.473260,173.909592,-24.639446,6.535289,12.950091,61.515361,-33.778789,-9.932704,-20.637891,-1.909558,5.986212,49.008581,-33.566063,15.000035,1.807963,1.000406,3.820605,0.874442,22.562627,-2.373477,69.751196,-1.064245,-12.277154,-0.043144,0.383904,-30.453891,11.805888,65.596379,5.832472,-5.975939,11.320135
309.000000,12.646049,117.296219,71.899390,-5.479962,-3.878014,173.611171,-24.030267,10.784380,14.533442,60.151488,-31.994655,-7.716713,-20.348926,-3.245037,6.969649,47.228446,-32.426651,15.000035,1.644454,0.604913,3.421485,0.906879,23.368801,-1.250226,69.528505,-5.051336,-11.247877,0.145397,0.755471,-30.548827,11.917562,65.046207,5.648275,-5.897635,10.929022
310.000000,12.383212,116.493094,72.213089,-5.602002,-4.086935,173.497042,-22.775011,15.272457,15.416888,57.667219,-30.445619,-7.147729,-19.467132,-4.206379,7.193567,45.120858,-31.632204,15.000035,1.764415,0.236326,3.077938,0.405738,25.018056,0.660280,69.651032,-4.546911,-10.724477,1.018164,1.525715,-30.484627,11.350536,64.835011,4.650404,-5.679657,11.845001
311.000000,12.128578,115.563500,72.413856,-5.697746,-4.391258,173.067060,-21.875788,18.927897,15.062927,54.918532,-27.935074,-7.173121,-18.987549,-5.105102,7.724567,43.414926,-31.162578,15.000035,1.951945,-0.134309,2.436960,0.399832,26.227860,2.388771,69.499784,-4.086755,-10.451843,1.816057,2.200303,-30.570766,11.448921,64.973281,3.856251,-5.463561,11.950245
312.000000,11.931776,114.613032,72.424155,-5.732639,-4.510757,172.461599,-21.202058,21.925548,13.333957,52.635077,-25.195974,-7.914080,-18.985069,-5.835106,8.290418,42.936632,-31.114794,15.000035,2.380826,-0.504296,2.224448,0.316382,26.789894,3.177098,69.474628,-5.358280,-11.277781,2.842095,2.540522,-30.625243,11.334173,65.644258,3.031251,-5.897872,11.592086
313.000000,11.801458,113.583934,72.232878,-5.495831,-4.534314,172.122568,-20.784687,25.037757,11.118961,50.962951,-23.015890,-8.949440,-19.370104,-6.149579,8.949159,43.608446,-31.543757,15.000035,2.561191,-0.640443,2.284987,0.045636,27.096653,4.158989,69.370393,-5.190204,-12.506257,5.274457,2.597934,-30.719582,11.209263,66.316089,2.346301,-6.257011,10.552695
314.000000,11.709230,112.411225,71.733767,-5.152014,-4.328693,171.700477,-20.782008,28.451052,9.001180,50.835619,-20.547854,-10.204653,-20.677810,-6.090834,10.170812,46.564596,-32.862629,15.000035,2.565316,-0.698744,2.100621,1.262302,26.817638,7.006157,69.489491,-3.583158,-13.549314,2.885500,3.116136,-30.584846,9.141977,67.439403,0.549071,-7.344957,11.596683
315.000000,11.502378,111.024773,71.236908,-5.006400,-4.352213,171.331283,-20.269841,30.481447,6.466170,49.426107,-17.559025,-11.558558,-21.937202,-6.679837,11.200464,48.832110,-33.660234,15.000035,2.821949,-0.987168,2.096946,1.585283,27.167248,7.404924,69.294236,-3.814358,-12.549543,-0.515678,2.672005,-30.597670,8.697712,68.545859,0.157715,-7.698477,11.336286
316.000000,11.240821,109.447432,70.614123,-4.577517,-3.999392,170.930935,-19.213341,31.538262,2.934445,48.122815,-15.536645,-12.909052,-22.672154,-6.999049,12.317777,51.102318,-34.319839,15.000035,3.464749,-0.961492,2.433196,1.314704,26.841742,6.665635,69.989918,-5.695391,-12.612081,0.558314,2.365934,-30.421997,8.436503,69.314344,0.304382,-7.814705,10.285637
317.000000,10.908348,107.576215,69.919360,-4.100065,-3.481890,170.488874,-17.668552,31.110310,-1.405909,46.782756,-14.038933,-14.251188,-23.326421,-7.790842,13.480327,53.470658,-35.006687,15.000035,4.115301,-0.845779,2.615159,1.664244,26.800844,6.851880,71.024747,-3.534893,-13.555518,1.216868,2.323787,-30.177073,7.807242,70.037812,-0.147078,-8.153405,10.242209
318.000000,10.500380,105.212021,69.436187,-4.137948,-2.877818,170.223225,-15.334224,26.870326,-7.247193,44.796024,-11.874761,-15.000035,-23.483112,-9.371162,15.120516,54.797867,-35.385031,15.000035,4.704496,-1.007901,2.915425,2.455470,26.350132,6.223755,71.088506,-1.850545,-14.440490,2.603532,2.300727,-29.909193,6.755632,70.676612,-1.701357,-8.728810,8.861311
319.000000,10.135096,102.507353,68.806946,-3.385494,-2.655273,170.490678,-14.431911,24.402628,-10.026889,45.400886,-15.556937,-15.000035,-23.671880,-10.705023,15.875501,55.699680,-34.716827,15.000035,5.177175,-0.287514,2.913692,3.214720,25.631996,5.171297,70.805757,-2.822238,-14.338789,2.496286,2.741680,-29.736847,6.777622,70.298042,-1.064902,-8.407253,8.728811
320.000000,9.817685,99.615914,68.277711,-2.490400,-2.453450,171.870380,-14.375637,24.019815,-8.211060,46.557766,-21.431206,-15.000035,-23.192160,-12.620523,15.391983,55.953360,-33.304460,15.000035,4.647383,0.645043,2.899751,4.148331,24.922734,3.753067,70.102746,-2.770234,-13.900500,1.331895,3.297270,-29.553218,6.710544,69.615098,-0.209523,-7.830043,8.658008
321.000000,9.327054,97.003895,68.336684,-2.843098,-1.892623,173.948236,-11.772642,21.715670,-6.329866,43.001946,-26.042391,-15.000035,-20.760620,-15.970142,14.583970,53.741305,-30.462210,15.000035,3.925854,0.256836,3.323863,2.914007,25.051918,4.111911,71.376734,0.091288,-15.296099,2.162402,3.730146,-29.644384,5.473749,68.424842,0.407317,-6.836107,9.345489
322.000000,9.041704,94.148016,68.382204,-1.442080,-1.657795,174.701884,-11.186915,21.424780,-5.465946,42.875956,-31.364557,-15.000035,-19.466551,-16.653178,14.170408,52.211062,-25.573514,15.000035,3.237552,1.749043,3.990554,3.821280,24.645115,4.073014,70.674590,1.204127,-15.187119,-0.918213,3.310898,-29.387835,4.741609,67.938102,0.467161,-6.612434,10.855606
323.000000,9.007251,91.421896,68.745971,-0.878103,-1.125914,175.754170,-10.725425,20.023456,-5.458627,42.788659,-34.940922,-14.992571,-18.520367,-18.734709,12.904815,50.911240,-18.627739,15.000035,3.399126,3.202865,4.822326,2.039430,24.058776,1.511437,71.715750,0.762132,-15.550225,0.322542,3.119746,-29.835397,3.129146,68.038643,0.544547,-6.405713,12.839685
324.000000,9.295121,88.516802,69.151789,0.269722,-0.986934,176.083782,-12.225107,18.930976,-5.921572,45.370881,-37.267623,-14.914461,-19.729739,-20.347396,11.082506,51.288884,-11.953368,15.000035,3.551651,4.257816,5.181955,1.470565,24.668463,0.488059,72.079041,0.819363,-15.269607,0.501896,3.280218,-29.082481,2.766040,67.603238,0.077919,-6.018925,13.177714
325.000000,9.642639,85.226768,69.560438,0.793259,-1.347945,175.998714,-13.933407,16.584720,-5.321033,47.554437,-38.408988,-13.716850,-22.475735,-23.487970,8.781582,52.438463,-8.184938,15.000035,4.083527,5.159319,4.933874,0.347874,24.683146,0.732493,72.924318,-1.609071,-14.491763,1.369676,3.571535,-28.674254,3.500466,67.105475,0.321861,-5.819320,13.081324
326.000000,9.919038,82.217610,69.712323,2.385282,-1.486114,175.059329,-14.885240,16.417453,-4.001793,49.590602,-40.141688,-12.965203,-24.505192,-24.005057,6.277560,54.701322,-10.134390,15.000035,5.227266,7.030820,4.614416,0.382443,25.261359,0.917223,72.689523,-1.847934,-14.263153,2.107138,4.186985,-28.180343,4.883318,66.481926,0.382033,-6.094090,13.392749
327.000000,9.923691,79.801315,70.224148,-1.015233,-2.304496,176.666451,-14.809664,9.527269,-2.617034,46.272086,-38.786773,-11.007361,-26.135466,-28.303606,4.763848,57.132203,-16.693700,15.000035,3.470440,3.741500,4.095626,0.092604,26.325362,0.611580,71.955223,-1.503922,-14.876700,3.126436,3.759064,-28.282543,6.106487,65.903983,0.779536,-6.421796,14.277471
328.000000,9.975784,77.375174,70.338762,-0.900981,-2.261960,176.033132,-15.134391,7.761450,-1.439416,47.194708,-39.456907,-10.273744,-26.750791,-28.280031,1.077701,60.447645,-23.478415,15.000035,3.504306,3.754937,4.059924,1.099038,27.288329,1.334028,70.998259,-1.845291,-14.429459,3.328274,4.068397,-28.255695,7.384916,65.166446,1.153592,-6.663674,13.504438
329.000000,9.808238,75.490624,70.958215,-3.017232,-1.973654,177.108909,-12.394653,3.045268,-0.529924,41.657109,-37.217786,-9.031153,-25.170570,-29.471672,-3.003172,62.369394,-29.099509,15.000035,1.224767,1.161271,4.863377,0.568966,28.641772,2.824490,70.237178,-5.028865,-12.549989,3.691911,2.410234,-28.549789,10.010165,64.689029,3.023212,-5.868312,11.051295
330.000000,9.895293,74.026698,71.375430,-3.561446,-2.124832,177.470269,-11.544095,1.091287,0.246769,39.039343,-35.728159,-8.904819,-24.485482,-25.242771,-5.250070,63.854032,-32.668368,14.996719,0.518373,-0.154747,4.987782,0.339101,29.719611,3.764388,70.109255,-4.801229,-12.406888,5.190498,2.059073,-28.234366,10.088533,64.450587,4.383669,-5.923438,10.807419
331.000000,9.994541,72.853744,71.730918,-3.682992,-2.447560,177.844674,-11.154653,-0.237464,0.344662,36.940310,-34.415626,-9.182319,-24.443341,-17.344396,-4.473670,64.064278,-35.196603,14.998575,-0.271235,-0.766688,4.723033,1.125509,29.962592,4.006430,69.095259,-5.307950,-12.201576,7.029134,1.992560,-28.498256,10.353501,64.107951,4.819055,-6.327897,10.835299
332.000000,10.052191,71.978402,71.966141,-3.669653,-2.978318,178.309057,-11.213776,-1.285535,-0.015404,35.387599,-33.306953,-8.899062,-24.796223,-8.024651,-2.065097,62.862172,-36.513276,15.000035,-0.399694,-1.527276,3.781470,0.650050,30.726815,3.582247,69.749940,-5.283135,-11.638106,5.306178,2.724970,-28.546919,10.544649,63.680435,4.958620,-6.506250,11.349133
333.000000,9.966130,71.068078,72.225606,-3.646267,-3.152107,178.605183,-10.353038,-2.291890,-0.173559,33.173635,-32.138758,-9.046190,-23.948400,-1.214660,-0.641968,59.715866,-36.615107,15.000035,-0.976303,-2.265105,3.550558,0.903261,30.653783,4.589870,69.753300,-4.721770,-11.160557,4.033316,2.765069,-28.672376,11.332701,63.430970,5.472173,-6.258363,11.910247
334.000000,9.715883,69.921786,72.443008,-3.663600,-2.469021,178.860201,-8.391310,-3.554764,-0.466525,30.975656,-31.094043,-9.057256,-21.254772,1.950206,-0.338903,55.396799,-36.118631,15.000035,-0.791608,-2.409831,3.738653,0.357090,30.001852,3.964418,70.580538,-4.958308,-11.024918,3.727655,3.257710,-29.119794,11.213858,63.882370,4.966443,-6.108726,12.215555
335.000000,9.411721,68.821919,72.628456,-3.483561,-1.469210,179.168205,-6.129060,-4.473560,-0.675789,29.095032,-30.388499,-8.987859,-17.535440,3.259312,-0.747590,50.325326,-34.270508,15.000035,-0.513970,-2.818986,4.115212,0.514347,29.673255,3.872217,70.545322,-4.579017,-11.123942,2.251549,4.115821,-29.029875,10.916046,64.015764,4.675390,-6.000287,12.426015
336.000000,9.301699,67.703182,72.716254,-3.253460,-1.068918,179.400943,-5.813412,-5.356182,-0.827225,29.429151,-30.343918,-8.690452,-14.962501,2.770088,-1.173190,46.226355,-32.318211,14.481816,-0.250331,-2.551202,4.182896,0.385487,28.413845,3.804526,70.658068,-4.253182,-11.476290,1.436094,4.294306,-29.403838,10.745594,64.488556,3.903603,-6.099375,12.337862
337.000000,9.128585,66.683841,72.556192,-3.441595,-0.421982,179.142757,-5.974057,-6.521749,-0.311440,31.520975,-31.295947,-7.789943,-13.744173,2.142241,0.371241,45.343782,-32.188697,13.615910,0.561084,-2.620953,4.413133,0.803469,27.097842,3.322855,70.467137,-3.862230,-11.573425,1.077680,4.637652,-29.451236,10.306230,65.017766,2.938319,-6.100317,12.722414
338.000000,9.184375,65.691769,72.370279,-3.569018,-0.106561,178.724441,-6.990695,-7.564533,0.390537,34.190506,-31.859964,-7.484521,-13.781519,1.470066,1.856183,45.899605,-32.717880,14.160667,1.845463,-2.309833,4.748570,0.400118,25.604851,2.668677,70.838057,-3.368351,-11.750538,0.712592,4.720668,-29.616356,9.418081,65.461694,2.804220,-6.072740,13.001409
339.000000,9.347791,64.691597,72.153330,-3.686010,-0.011129,178.125264,-9.051795,-8.290485,1.726734,38.290775,-32.133383,-7.810865,-14.309927,0.546361,2.608060,46.667268,-33.550179,14.389211,3.167496,-1.588038,5.342383,-0.302031,23.851989,1.560659,71.383762,-3.658472,-12.003647,-0.190544,4.464133,-30.262499,8.623644,65.719609,2.831620,-6.045301,12.712101
340.000000,9.534422,63.746357,71.935683,-3.556216,-0.039157,177.623306,-11.969293,-8.108617,3.698162,43.977921,-31.924342,-8.954171,-14.752987,-0.160913,2.883087,47.011393,-34.459291,14.049150,4.141200,-0.795554,5.813361,-0.309234,22.526126,0.768612,71.062238,-3.242392,-12.198521,-0.898493,4.098778,-30.635359,8.397009,65.835674,3.311867,-6.041099,12.224138
341.000000,9.783439,62.817645,71.722943,-3.488686,-0.240472,177.243257,-15.745263,-7.489843,5.542888,50.794512,-31.368115,-10.939746,-15.656933,-0.803367,3.330177,47.764626,-35.322323,13.477575,4.883553,-0.273688,6.180088,-0.456587,21.658590,-0.596837,71.175892,-3.430675,-12.486055,-1.415377,3.564498,-30.913515,9.082341,65.719602,3.627530,-6.242238,11.992561
342.000000,10.032449,61.888313,71.520221,-3.104655,-1.601403,177.115616,-20.701707,-6.104961,6.646759,56.858115,-30.302746,-14.729995,-17.810524,-1.187952,3.411954,48.445634,-35.809449,12.861720,5.075035,0.330294,5.404622,-0.484917,21.442797,-1.424357,71.061848,-3.256487,-12.797873,-2.435092,2.730472,-31.182375,10.066166,65.395824,4.358128,-6.243087,12.304913
343.000000,10.162196,60.246313,71.380633,-3.289796,-2.914092,178.092431,-24.587510,-4.787153,9.820507,60.653343,-29.921607,-15.000033,-19.475019,-3.510996,2.872049,48.736600,-36.444605,13.610341,4.109965,0.477512,4.584461,-0.266103,21.376655,-1.480234,70.881702,-2.432029,-13.547621,-0.680835,1.993685,-31.479157,10.202823,65.130676,4.897472,-6.177934,12.029922
344.000000,10.154402,60.029769,71.410978,-3.676766,-3.402868,178.533770,-26.901643,1.220681,10.460747,64.018878,-33.104243,-12.895455,-20.227144,-4.381752,2.873417,49.357805,-36.833957,13.097383,3.225222,0.043244,4.099969,0.592976,21.510088,-1.506202,70.951472,-2.824132,-13.115275,-1.168734,1.805562,-31.291754,9.936026,64.893340,5.180899,-6.122713,11.909931
345.000000,9.974462,59.029990,71.683705,-2.721528,-4.386002,178.499063,-28.936455,7.129326,9.904187,64.843972,-32.808076,-11.804603,-19.863679,-4.115186,2.994881,46.575217,-35.151849,13.104119,3.129466,0.677768,3.397794,0.064819,22.459996,-1.061170,71.462801,-3.742888,-12.470147,-1.850918,0.915536,-30.985542,9.477934,64.703482,5.890835,-5.576370,12.153833
346.000000,9.679570,58.001602,71.890950,-2.561059,-4.465220,178.383810,-29.375325,13.303296,9.707357,64.306450,-31.086517,-10.112507,-19.029788,-4.801670,3.487090,45.082718,-34.196039,13.317982,3.244132,0.590521,3.064852,0.110579,23.233693,-0.632683,71.849635,-4.506480,-11.574816,-2.148603,1.015905,-30.712393,9.033183,64.425356,5.951759,-5.269555,12.212927
347.000000,9.255722,56.952178,71.989799,-2.762131,-4.062293,178.021856,-28.822780,19.290635,9.288977,62.608410,-27.704398,-8.108988,-18.048449,-5.831191,4.289029,44.542075,-33.921516,13.291477,3.486371,0.073035,3.179283,0.212997,23.997588,0.280581,71.963959,-4.936795,-11.003565,-1.279116,1.139846,-30.489138,9.073845,64.161151,5.202494,-5.367780,11.716528
348.000000,8.764493,55.896854,71.911180,-2.957155,-3.395901,177.301477,-27.874799,24.603067,7.822353,60.406562,-23.884046,-6.950471,-17.397617,-6.741346,5.367473,45.139508,-34.099395,13.029636,3.951166,-0.610043,3.375690,0.861704,24.811651,1.112734,71.167552,-5.761236,-10.608810,0.353698,1.488879,-30.193384,9.548170,63.744701,4.796563,-5.531682,10.646008
349.000000,8.261434,54.684818,71.518904,-3.033753,-2.729146,176.339888,-26.993452,29.083465,5.580330,58.406826,-19.201313,-7.780571,-17.700674,-7.495575,6.805016,47.456264,-35.049198,13.518430,4.283290,-1.137560,3.167796,2.868961,25.276580,4.987527,70.459733,-3.957941,-11.794477,-0.725106,2.333297,-29.723996,7.716794,64.154587,2.653763,-6.735379,11.460342
350.000000,7.849833,53.295082,70.971549,-2.886285,-2.207832,174.925163,-25.810136,31.614562,1.637882,56.241239,-14.732995,-9.652354,-18.586861,-7.841277,8.635903,50.162750,-35.837238,13.370737,5.221120,-1.453110,3.355988,3.284095,25.858307,5.546761,70.347192,-4.108185,-12.281037,-0.076424,2.221701,-29.668812,7.400712,64.816316,0.936001,-7.430866,9.673555
351.000000,7.404465,51.643425,70.321184,-2.505467,-1.483566,173.263082,-23.315389,32.082956,-3.720998,53.982004,-10.782211,-12.720929,-19.346806,-7.940733,10.885367,52.889187,-36.389909,13.698224,6.401562,-1.490360,3.872895,3.657938,26.385842,5.858208,70.203389,-4.081403,-12.522009,0.266779,2.048156,-29.436917,6.934694,65.527988,0.730309,-7.778243,9.132075
352.000000,6.907531,49.589106,69.678432,-2.478535,-0.831472,172.088541,-19.764283,30.080566,-8.485793,51.624841,-8.749773,-15.000035,-19.989710,-9.046575,12.984155,55.109409,-36.705457,14.629869,7.071811,-1.831144,4.167708,4.303992,26.912122,6.187507,70.061977,-3.643992,-12.499635,0.031481,2.004286,-28.977211,6.255802,66.156816,1.306899,-7.780192,10.000035
353.000000,6.288224,47.217113,69.220340,-2.780417,-0.212432,172.071638,-15.783763,26.386781,-11.206653,49.194209,-9.623467,-15.000035,-19.616098,-11.021080,14.302952,55.876097,-36.873787,15.000035,6.287874,-2.617594,4.442787,5.905050,27.531348,7.597974,69.307794,-3.311864,-12.639900,-0.963447,1.902384,-28.677120,6.093089,66.104470,-0.136613,-7.727749,9.441654
354.000000,5.812088,44.563922,68.568587,-2.316989,-0.106119,172.417290,-14.037353,24.578379,-12.119810,49.356726,-14.962110,-15.000035,-19.523893,-12.794759,14.701960,56.226117,-36.589586,15.000035,5.781195,-1.677628,4.462733,5.548474,27.005453,6.134844,69.903223,-4.531576,-13.285124,2.021842,1.735290,-29.365978,7.217080,66.159179,1.211754,-7.325224,9.629906
355.000000,5.361357,41.957796,68.095934,-1.571984,-0.105539,173.133150,-12.530202,24.430157,-10.835717,48.519963,-21.473917,-15.000035,-18.892773,-14.478584,14.629283,55.595609,-34.838387,15.000035,4.962759,-0.855797,4.378417,5.255015,26.894208,5.604350,70.350306,-4.378366,-13.660967,2.140928,1.804111,-29.977246,7.389719,65.891750,1.224704,-6.846696,9.798354
356.000000,4.881610,39.369980,68.084663,-1.003257,0.150256,173.915125,-10.149287,23.858617,-8.874075,46.056218,-27.082721,-15.000035,-17.151744,-15.955836,14.832843,53.456598,-31.287331,15.000035,4.255163,-0.020220,4.783298,4.698162,26.671750,5.491722,70.467212,-3.500100,-14.071933,1.476546,1.990665,-30.462234,6.162277,65.482793,0.564278,-6.377585,9.998404
357.000000,4.625647,36.832809,68.296820,-0.064854,0.347700,174.167650,-8.773545,23.548537,-7.374437,44.998925,-31.995755,-15.000035,-16.087076,-16.675693,14.668926,51.608049,-25.622423,15.000035,4.188418,0.940708,5.330550,4.284861,26.877831,5.029287,69.771147,-2.780834,-14.038793,0.604207,2.525539,-30.272604,4.817068,65.060619,1.773932,-5.935562,10.758765
358.000000,4.634225,34.154022,68.773746,0.986788,0.060860,174.577195,-9.455191,22.992587,-6.487603,45.679772,-35.180419,-14.963384,-16.224027,-17.570037,13.410754,50.089418,-17.955722,15.000035,4.433956,2.500013,5.364076,2.697795,27.127537,2.272160,69.764590,-3.597719,-14.392499,3.295545,2.997129,-30.188640,3.563715,65.475382,2.497577,-5.728188,11.682952
359.000000,4.798167,31.396034,69.472289,2.016743,-0.752015,174.681623,-10.740972,22.215916,-5.623331,46.230706,-37.245517,-14.908761,-17.717337,-18.630741,11.335518,48.798864,-10.152532,15.000035,4.624876,3.896839,4.999595,0.550959,27.118482,1.521090,71.144931,-4.223464,-14.724928,4.134655,3.110492,-30.211262,3.175407,65.968481,1.909920,-5.777838,12.900622
360.000000,5.088059,28.297731,70.100790,2.566207,-2.027132,174.484361,-12.689195,20.273007,-4.755688,46.991999,-38.226694,-13.794335,-20.865676,-21.300840,8.775856,48.463409,-4.669788,15.000035,4.570341,4.947213,4.162576,-0.670165,26.994967,1.785896,71.818264,-4.683915,-14.994777,5.824916,3.197832,-30.307393,3.848054,66.015062,1.542371,-6.123285,13.044381
361.000000,5.281710,25.221723,70.397538,2.447087,-3.129643,173.923239,-14.177817,17.584809,-3.720451,47.604895,-39.003826,-11.634274,-24.286500,-25.306886,5.584270,49.933191,-5.353143,15.000035,4.533762,5.156330,3.318469,-0.863640,27.441634,2.103583,71.576202,-5.733811,-14.852055,6.331155,3.327819,-30.344970,4.755282,65.798122,0.543524,-6.129229,14.030013
362.000000,5.423628,22.538145,70.464045,3.261341,-3.396448,172.671295,-14.912181,16.738634,-2.291971,49.249909,-40.414301,-10.840949,-26.046052,-26.069621,2.700111,52.956140,-11.134350,15.000035,5.061121,6.176621,3.202991,-0.248696,28.222099,2.499724,70.989742,-5.531772,-14.488822,5.867466,3.942783,-29.321609,5.315200,65.614533,2.317432,-5.758445,17.619038
363.000000,5.307240,20.341443,71.018499,-0.346077,-3.454775,173.812158,-13.497378,9.824189,-0.503936,44.901875,-38.391298,-9.011037,-26.232474,-30.853320,0.021945,55.576283,-18.672600,15.000035,2.930110,2.616684,3.538813,-0.372604,29.443228,3.428303,69.836847,-5.535648,-13.743033,6.538929,3.420558,-29.889041,5.826610,64.987413,3.524250,-5.159906,17.752982
364.000000,5.286080,18.476529,71.480316,-1.365543,-3.283249,173.921152,-12.226488,6.686080,0.572293,42.178214,-37.446420,-7.988794,-25.266441,-29.931033,-2.879574,58.148351,-25.180006,15.000035,1.663372,1.287054,3.988821,-0.469198,30.461431,3.124768,69.265242,-7.760868,-13.500650,8.241544,2.842505,-30.101620,7.998326,64.092064,3.340060,-6.277776,10.726552
365.000000,5.403562,17.086419,71.924925,-1.617895,-3.533572,173.940026,-11.685184,4.927609,0.952236,39.826396,-36.095702,-7.398797,-24.758741,-24.155560,-3.751227,60.150122,-29.996586,14.998911,0.771081,0.654826,3.914774,-0.784950,31.139304,3.332673,69.524680,-8.296084,-13.103527,9.604651,2.532412,-30.157051,9.230030,63.522569,4.745320,-6.221558,10.383730
366.000000,5.536748,16.045605,72.333390,-1.541808,-4.025235,173.954294,-11.329718,3.909830,1.035825,37.425250,-34.795268,-7.081244,-24.808763,-15.197255,-2.742387,60.884074,-32.985412,15.000035,-0.029804,0.337981,3.538712,-0.456350,31.333698,3.692814,69.251520,-8.421121,-12.730141,10.674408,2.327698,-30.269110,9.341546,63.251097,5.684184,-6.388157,9.928360
367.000000,5.609844,15.289707,72.619611,-1.568982,-4.358040,173.969804,-11.000874,3.225781,1.547632,35.699944,-33.845155,-7.359648,-24.761478,-6.066529,-1.612356,60.192873,-34.828828,15.000035,-1.557238,-0.679058,3.282506,1.454784,31.716742,6.500101,68.425040,-7.613852,-12.177012,7.685997,2.160232,-30.005195,9.985140,62.535265,6.269072,-6.421135,9.778050
368.000000,5.588669,14.263895,72.753763,-1.767045,-4.524621,173.898825,-10.817256,2.008233,1.739651,34.708160,-33.137704,-7.132063,-24.401435,0.577991,-0.562656,58.257361,-35.659205,15.000035,-1.436357,-0.862280,2.758386,1.083096,31.228663,5.188735,68.837023,-7.892209,-11.797671,8.603222,2.772115,-30.419654,9.588588,62.532861,6.330639,-6.694159,9.956707
369.000000,5.489901,13.245413,72.869146,-1.886833,-4.372987,173.755362,-10.023559,0.947466,2.249829,33.448024,-32.738541,-7.197718,-22.867344,4.383855,-0.702630,54.758207,-34.693628,15.000035,-1.466443,-1.096545,2.807015,0.647007,30.402053,5.587612,69.348775,-7.551277,-11.648345,7.698989,3.057613,-30.763199,9.666021,62.666385,6.762172,-6.495680,10.438502
370.000000,5.261431,12.171893,72.935879,-1.907914,-3.542595,173.605438,-8.380679,-0.162673,2.683099,32.317996,-32.749794,-7.020162,-19.731083,5.650764,-1.069945,50.313936,-32.019326,15.000035,-2.006412,-1.368716,3.544721,1.438840,29.332114,7.700969,69.045549,-6.736102,-11.554187,5.143392,3.247971,-30.914830,10.163071,62.645027,6.649473,-6.209708,10.715561
371.000000,5.054679,10.758305,72.865683,-2.223390,-2.884874,173.530875,-7.812720,-1.928856,3.021435,32.682008,-33.146488,-6.327937,-17.298415,4.216121,-0.583059,47.131584,-30.759818,15.000035,-1.028185,-1.353486,3.560699,-0.206197,28.354297,6.202135,70.517714,-6.766969,-11.925103,4.831274,4.133419,-31.151728,9.274903,63.546967,5.488765,-6.282691,11.322990
372.000000,5.003621,9.648883,72.571874,-2.658711,-2.189904,173.257956,-8.574444,-3.154466,4.271311,35.647980,-34.110607,-6.004333,-16.634583,3.177204,0.949106,47.003408,-31.341645,14.058715,-0.477885,-1.475047,3.856675,-0.509142,27.166613,5.507584,70.885732,-6.562740,-12.315620,4.254978,4.827798,-31.191763,9.014233,64.017997,4.435734,-6.473071,11.521910
373.000000,5.064523,8.597362,72.194898,-3.219775,-1.797770,172.648570,-10.184796,-4.044051,6.539399,39.605238,-34.927043,-5.965130,-17.362582,2.205635,2.249013,48.677727,-32.843019,13.433520,0.438226,-1.319596,4.210404,-0.926208,25.740041,4.751492,71.075208,-5.768772,-12.470728,3.918141,5.151650,-31.497308,8.379518,64.468612,4.057024,-6.419370,11.587595
374.000000,5.184101,7.565171,71.822309,-3.796121,-1.652762,172.022330,-12.648959,-4.244767,9.737073,44.882283,-34.657637,-6.990390,-18.142193,0.971314,2.939488,49.975405,-34.859230,12.487583,1.254890,-1.113273,4.506070,-1.293908,24.292623,3.784380,71.212748,-5.344270,-12.694362,3.265170,5.272936,-31.803239,7.654220,64.921624,4.351408,-6.325163,11.381789
375.000000,5.353054,6.559091,71.618503,-4.197881,-1.659310,171.819802,-16.069086,-3.885613,12.106364,51.524881,-32.639599,-8.348455,-18.768462,-0.038775,3.763206,50.629747,-36.020556,11.604832,1.493498,-0.816212,4.677895,-1.367063,23.033293,2.703447,71.258626,-4.685324,-12.920179,2.417709,5.223161,-31.941772,7.083707,65.335677,4.916761,-6.297490,11.172812
376.000000,5.568383,5.583191,71.484727,-4.279522,-2.709420,171.935164,-20.519930,-2.426804,14.176798,57.667034,-30.118064,-12.655710,-20.680928,-0.688253,4.327515,51.463413,-36.184061,11.232048,1.322936,-0.285158,4.162731,-1.528369,22.257339,1.106009,71.106176,-3.577200,-12.976803,1.724339,4.623431,-32.067707,7.087533,65.661436,5.623396,-6.168868,10.871265
377.000000,5.737457,4.607342,71.451074,-4.420272,-3.799806,171.830011,-25.054430,-0.893295,13.884292,63.289277,-30.133866,-13.884109,-22.539607,-1.473658,4.803931,51.977842,-36.140170,11.125508,1.122780,0.103643,3.373858,-1.094268,21.994671,-0.154974,70.866566,-3.538554,-13.015781,0.406697,4.147080,-32.139943,7.377174,65.601132,5.569011,-6.229142,10.563375
378.000000,5.789997,3.610462,71.585852,-4.586239,-4.726478,172.160915,-28.374214,2.413046,13.760139,67.674532,-31.876684,-10.802648,-23.477611,-2.623930,5.002949,51.405462,-35.782992,11.183290,0.551592,0.351859,2.646896,-0.650238,22.233401,-1.096377,70.641218,-3.043537,-12.822663,-0.514531,3.708681,-32.045383,7.435092,65.361782,5.464095,-6.097132,10.580186
379.000000,5.727712,2.596715,71.847177,-4.073296,-5.423178,172.349456,-30.115728,6.366254,12.228630,69.523164,-32.117175,-10.755228,-23.288747,-3.152733,4.939072,49.447281,-34.979731,11.330069,0.374042,1.033958,2.132744,-0.702311,22.687670,-0.925939,70.901626,-3.144322,-12.671545,-0.921395,3.360897,-31.759826,7.126875,64.969374,5.725103,-5.907258,10.759481
380.000000,5.543930,1.581179,72.079986,-4.136821,-5.417551,172.255952,-29.884731,10.731144,11.545929,69.388705,-31.184564,-11.177610,-22.691026,-4.302101,5.343702,48.218427,-34.532941,11.721960,0.638740,0.841007,1.955946,-0.714909,23.208807,-0.238748,71.076601,-3.833947,-12.175384,-0.108581,3.523412,-31.230289,7.137242,64.382476,5.580382,-5.690809,10.743427
381.000000,5.282953,0.521445,72.284418,-4.527010,-5.098512,172.049954,-29.016672,15.207585,10.660982,68.167077,-28.036245,-10.556635,-21.890529,-5.705542,6.239258,47.200449,-33.854263,12.256521,1.228610,0.175426,1.994319,-0.842727,23.757553,0.547518,71.097126,-4.993813,-12.028738,0.854200,3.683876,-30.591704,7.069893,64.145093,5.164604,-5.628483,10.320411
382.000000,4.970769,-0.604175,72.345299,-5.089938,-4.577235,171.747605,-27.839130,19.183580,9.250296,66.009557,-24.080307,-9.221309,-21.320587,-7.328364,7.357960,47.052203,-33.576841,12.648791,1.894569,-0.712279,2.122529,-0.772136,24.344445,1.666096,70.763745,-5.962388,-11.860169,2.152255,3.730925,-29.851851,6.976020,64.224235,4.596862,-5.596555,9.528317
383.000000,4.612523,-1.823006,72.201341,-5.661069,-3.859501,171.419705,-26.386653,22.375596,7.359377,63.304666,-20.265545,-8.184330,-21.083319,-9.009171,8.679793,47.974777,-33.823513,13.442324,2.458605,-1.700211,2.452511,-0.306290,24.891383,3.753303,70.620188,-4.961664,-12.310459,2.333688,3.798281,-29.185385,6.389808,64.464329,3.745679,-6.141019,9.693206
384.000000,4.286733,-3.132096,71.805906,-6.060713,-3.250914,170.745638,-25.040877,24.095784,3.746768,60.331642,-17.346582,-8.511249,-21.791560,-10.169996,10.524968,50.215984,-34.504603,14.200719,3.002053,-2.560687,2.604349,0.843663,25.434612,6.098037,70.364042,-2.973593,-12.962693,1.522664,3.627132,-28.449189,5.357181,65.046787,2.375161,-6.959688,9.835268
385.000000,3.971239,-4.573026,71.250206,-6.024575,-2.629624,170.071622,-23.022966,25.299606,-0.014370,56.760071,-15.043727,-10.352300,-22.630539,-11.021235,12.018403,52.782927,-35.126843,14.807850,3.574492,-3.014511,2.937059,1.512672,26.064401,6.280735,70.309025,-3.213119,-13.003914,0.911041,3.040587,-27.968166,6.012142,65.298125,2.151623,-7.151485,9.339537
386.000000,3.609132,-6.152531,70.592302,-5.466656,-2.012670,169.339925,-20.516884,26.338468,-3.866933,53.164656,-12.584128,-12.626347,-23.131884,-11.261912,13.447286,54.941659,-35.586826,15.000035,4.283370,-2.974119,3.353987,1.954497,26.649119,6.562160,70.730113,-2.728163,-13.270550,1.513459,2.528416,-27.664930,6.119152,65.295352,2.330705,-7.282561,8.812172
387.000000,3.189685,-7.962727,69.903183,-4.868745,-1.185234,168.848517,-17.143391,25.442622,-8.307384,49.562510,-10.293875,-15.000035,-22.953144,-11.806388,14.679960,56.436958,-36.321754,15.000035,4.752090,-2.995307,3.951050,2.528845,27.317084,7.257030,71.075891,-2.133862,-13.101977,1.042723,2.173700,-27.216851,5.755134,65.151187,2.327431,-7.457162,8.638166
388.000000,2.687160,-10.486913,69.362682,-4.616927,-0.939536,169.303131,-14.566065,22.447024,-10.785846,47.367522,-12.422374,-15.000035,-22.851339,-13.556993,15.242354,56.868066,-36.531393,15.000035,3.920238,-2.973922,4.161542,3.974594,27.449215,8.745824,70.547330,-1.945922,-13.473901,0.045931,1.828413,-27.378236,6.185871,64.292844,2.821426,-7.183789,8.514733
389.000000,2.383031,-13.275792,68.668348,-3.959517,-0.901392,170.047783,-14.003618,21.263540,-10.287277,48.117487,-18.681585,-15.000035,-22.957478,-14.937791,15.556960,57.283191,-35.788791,15.000035,3.238995,-2.243080,4.296913,4.664472,26.982340,8.959926,70.485612,-2.249661,-13.898701,1.101333,1.851463,-27.757945,6.160915,63.823057,3.053313,-7.009857,8.301020
390.000000,1.878212,-15.888335,68.434989,-3.529037,-0.941421,171.415448,-11.770799,20.331216,-8.664956,44.921478,-24.362603,-15.000035,-21.755438,-17.273670,14.899387,55.706849,-33.387672,15.000035,2.529466,-1.226322,4.690360,2.980003,26.315998,7.259140,71.213028,-3.261606,-13.931539,2.875033,1.072383,-28.905876,5.442478,63.852092,3.268310,-6.367679,9.409470
391.000000,1.758545,-18.665792,68.244797,-2.371920,-0.912336,172.278276,-11.599258,20.304112,-6.962589,44.660056,-30.531178,-15.000035,-20.833568,-18.251983,14.954498,54.152987,-29.608570,15.000035,2.156253,0.042414,4.951192,2.528996,26.037289,6.338247,71.201068,-3.061826,-14.352971,2.661768,1.303330,-28.983208,4.575145,64.048685,3.264865,-6.188840,9.963122
392.000000,1.707661,-21.261987,68.430674,-1.710188,-0.935153,173.526659,-11.506254,19.808204,-5.772896,43.805941,-35.254312,-15.000035,-19.843786,-19.942648,14.364887,52.168049,-23.836431,15.000035,1.554347,1.034710,5.589566,1.306668,25.862940,4.842213,71.125096,-2.572617,-14.748959,2.247249,1.338233,-29.489560,3.912579,63.998647,3.665217,-5.729070,11.080874
393.000000,1.959968,-23.998757,68.786460,-0.499806,-1.227793,173.982736,-13.250312,19.072134,-6.417924,45.843048,-38.344416,-14.938213,-20.681775,-21.138433,12.640214,51.403867,-16.517279,15.000035,1.869057,2.643962,5.898761,-0.073467,26.056328,2.770866,70.955994,-2.060869,-14.985903,3.693198,1.562001,-29.388726,3.229223,64.519565,3.032168,-5.903443,11.768645
394.000000,2.355442,-27.043486,69.412744,0.030921,-2.257691,173.899230,-15.822222,16.902582,-6.276976,47.975478,-39.414740,-13.808773,-23.415243,-23.702734,9.824233,50.576516,-9.318635,15.000035,2.671843,3.647860,5.589460,-2.344796,25.989269,1.704736,71.903833,-2.189280,-15.084702,4.580972,1.544089,-29.435359,3.584165,65.043611,2.393853,-6.040514,11.251472
395.000000,2.738191,-30.114508,69.977337,0.096936,-3.130977,173.505769,-17.138770,14.408129,-5.099257,48.148961,-39.869184,-12.408772,-26.301038,-27.493987,5.747055,50.345977,-5.938844,15.000035,3.390092,4.191464,5.064513,-3.765314,26.037101,1.853878,72.402997,-2.844172,-15.010391,4.982235,1.637806,-29.250565,4.196243,65.423568,2.109625,-6.078106,11.390682
396.000000,2.935397,-32.803503,70.469743,-0.565737,-3.719963,173.012321,-17.244894,11.445688,-3.504691,46.710486,-39.618560,-11.387077,-28.081138,-30.349905,2.425606,51.290479,-8.934821,15.000035,3.857238,4.000712,4.529357,-4.465504,26.360147,2.018443,72.270908,-3.572031,-14.784351,5.205527,1.871735,-29.080852,4.837911,65.177968,2.062348,-6.233471,11.639623
397.000000,3.067606,-35.188890,70.646346,0.109847,-4.050819,171.444206,-17.636134,10.950047,-1.739686,47.405532,-40.270283,-11.203109,-29.405286,-29.408469,-0.478861,54.186804,-15.147975,15.000035,4.914420,4.798263,4.119819,-3.843270,27.012655,2.382888,71.669366,-3.915795,-14.981530,5.719196,2.249751,-28.553589,5.531286,64.726431,1.823264,-6.764207,11.215564
398.000000,2.818634,-37.319919,71.171951,-3.002484,-3.611295,171.564671,-14.781180,5.148056,0.539774,41.820664,-38.288251,-9.920361,-29.087952,-33.901907,-4.520298,56.891692,-22.379415,15.000035,3.507529,1.826216,4.483192,-3.716095,28.042300,2.859909,70.938679,-5.081259,-14.348168,6.346208,1.300291,-28.556756,6.949090,64.220205,2.518364,-6.876311,10.147169
399.000000,2.764747,-39.210504,71.338606,-3.663744,-3.452861,170.454790,-14.409264,3.080444,2.029102,41.238217,-38.249800,-9.884095,-28.878924,-33.070085,-7.721965,60.471244,-27.606545,15.000035,3.615003,1.026693,4.163676,-3.176664,28.764997,2.800364,71.116660,-6.232361,-14.077217,7.935031,1.546992,-28.423016,8.448305,63.443332,3.550895,-7.030500,9.341413
400.000000,2.734932,-40.482205,71.935248,-4.879525,-3.231819,170.459004,-11.451367,0.249398,2.897009,34.811859,-35.244042,-9.783735,-27.621804,-28.762295,-8.405475,62.055089,-31.435396,15.000035,1.809684,-0.692994,4.462326,-2.245212,29.577963,5.035513,70.587287,-6.209066,-13.320570,8.746632,0.483346,-28.189340,9.525211,62.708370,5.053508,-6.878231,9.196329
401.000000,2.841476,-41.473293,72.221667,-5.330050,-3.058297,170.414253,-10.356230,-1.257904,3.369370,32.218651,-33.747370,-9.894580,-27.421350,-20.679176,-6.303169,63.466869,-34.142272,15.000035,0.796853,-1.619456,4.338741,-1.454279,29.870770,5.812221,70.441571,-6.260522,-12.757958,9.385326,0.473963,-28.009836,9.863122,62.328249,5.373592,-7.122345,9.175641
402.000000,2.974080,-42.103496,72.408998,-5.584905,-3.424953,170.481645,-9.984916,-2.163284,3.506431,30.029347,-32.653587,-9.926913,-27.821367,-10.195948,-2.911951,63.310963,-35.409565,15.000035,-0.651812,-2.395275,3.991854,-0.606046,29.776005,7.465131,70.465313,-6.274130,-12.567061,8.478222,0.125241,-28.017603,10.475860,62.105448,5.696814,-7.207405,9.037746
403.000000,2.865788,-42.863840,72.495294,-5.659116,-3.503178,170.798609,-9.438456,-3.154599,3.211822,28.583553,-31.986558,-9.522914,-27.096834,-1.418708,0.184224,61.546869,-35.432303,15.000035,-1.481053,-2.813234,3.526574,0.015756,29.713727,7.674235,70.039581,-6.460704,-11.845524,7.384883,0.808492,-27.978859,10.295421,62.043034,5.939371,-7.077140,9.405386
404.000000,2.635772,-44.005069,72.562075,-5.702889,-3.179845,170.861336,-8.581626,-4.420313,3.395702,27.589911,-31.420748,-9.055747,-25.218102,2.322932,1.093624,58.621977,-34.611833,15.000035,-0.996470,-2.692930,3.377233,-1.805993,28.914872,6.358728,71.582527,-6.446139,-11.827990,7.735976,1.697545,-28.356864,9.511663,63.038644,5.781466,-6.806606,10.095325
405.000000,2.341759,-45.188019,72.641975,-5.370218,-2.397637,171.159132,-7.491159,-5.326984,3.514223,27.483722,-31.455890,-8.759000,-22.039535,3.561693,1.115077,54.541536,-33.261805,15.000035,-1.165411,-2.625893,3.801223,-2.351007,28.257065,6.213177,72.149385,-5.840536,-11.788913,6.293606,2.538084,-28.339688,9.238978,63.806111,5.544097,-6.525735,10.395463
406.000000,1.989039,-46.613920,72.727656,-4.750722,-1.323488,171.462065,-6.494245,-6.181688,3.412890,28.345668,-31.776844,-8.519322,-18.452325,1.866394,0.384087,50.374780,-32.413356,14.920154,-1.250914,-1.955538,4.607144,-2.635271,27.136155,6.145919,72.193911,-5.999698,-12.101734,5.094274,3.224567,-28.636285,8.750478,64.672807,5.205097,-6.482214,10.603099
407.000000,1.853289,-47.591043,72.549611,-4.919971,-0.625868,171.589070,-7.114892,-7.355731,3.598927,31.067587,-32.635573,-8.262782,-17.308292,1.203692,1.958323,49.575477,-33.556655,14.057811,-0.985117,-1.935799,4.865014,-2.569219,25.958153,5.700817,71.836351,-6.021273,-12.431362,4.882136,4.114959,-28.650875,8.988525,65.284219,3.885697,-6.365178,11.068073
408.000000,1.777427,-48.617235,72.328240,-5.136659,-0.272100,171.411767,-8.563053,-8.500737,4.004956,34.513598,-33.088274,-8.064234,-17.129331,0.331016,3.364941,49.864547,-34.841994,13.998640,-0.255744,-1.689595,5.034041,-2.765800,24.757853,4.851534,71.565609,-5.826664,-12.503162,4.733863,4.608674,-28.926910,8.728092,65.815327,2.916509,-6.262962,11.204860
409.000000,1.799094,-49.597919,72.120500,-5.347573,0.012644,171.149186,-10.814242,-9.248829,5.083537,39.216310,-32.798251,-8.908780,-17.212106,-0.962929,3.613737,50.276599,-36.288276,13.251548,0.721256,-1.413643,5.293100,-2.993086,23.668658,4.007186,71.241352,-5.373817,-12.818556,4.045422,4.996444,-29.228886,8.204679,66.189888,2.671114,-6.299282,11.262173
410.000000,1.946529,-50.560838,71.971244,-5.570420,0.100996,170.916073,-14.167686,-9.550359,6.236127,45.374859,-31.573960,-10.839010,-17.761472,-2.077612,3.847754,50.870491,-37.097380,12.301762,1.523924,-1.182095,5.611116,-3.081810,22.734947,2.995788,70.627612,-4.812556,-13.411868,3.545118,4.974058,-29.633571,7.811446,66.337953,2.890092,-6.588535,10.310604
411.000000,2.106217,-51.517546,71.838915,-5.484629,-0.928313,171.116904,-18.905848,-8.464725,7.777010,51.848994,-30.038834,-14.590577,-19.412636,-2.685463,3.876662,51.329401,-37.080318,12.281491,1.763957,-0.596117,5.104112,-3.172835,21.890275,2.160827,69.733513,-4.505017,-13.861993,3.048223,4.552672,-30.116995,7.983492,66.013307,3.656984,-6.619502,10.227898
412.000000,2.205745,-52.657437,71.708500,-5.783320,-1.611527,171.710435,-22.443223,-6.460390,10.767537,57.072777,-30.454956,-14.999983,-20.974488,-4.290821,3.882176,52.538379,-37.482555,12.651199,1.331983,-0.381212,4.591728,-2.502186,21.243948,1.293150,68.834790,-4.192414,-14.269279,2.455613,4.131786,-30.783792,8.144008,65.606474,3.989795,-6.832856,9.767670
413.000000,2.181150,-53.518784,71.788609,-5.737986,-2.938275,172.189132,-25.489477,-1.736920,13.063856,61.410149,-31.254830,-15.000007,-22.308991,-5.227613,3.649602,52.187764,-36.969577,12.737173,0.685075,0.010908,3.606336,-1.857546,21.312149,0.413258,68.029005,-3.887205,-14.116938,1.450539,3.053489,-31.302265,7.870399,65.197653,4.746702,-6.616436,9.391127
414.000000,2.056366,-54.373014,71.940660,-5.387511,-3.726203,172.183885,-27.407013,3.068046,12.723022,64.716473,-31.521333,-14.420182,-22.717160,-5.455219,3.928247,51.187835,-35.926686,13.027064,0.500175,0.404232,2.956475,-1.472968,21.862099,-0.092178,68.070731,-3.487595,-13.645974,0.811798,2.290661,-31.373586,7.413828,64.504464,5.345571,-6.434050,8.892355
415.000000,1.869884,-55.347919,72.074950,-5.495082,-4.087225,172.325795,-28.037653,8.889788,13.123922,67.049051,-30.364794,-10.738465,-22.764549,-6.407942,4.440294,50.447251,-35.050253,13.662547,0.318535,0.154145,2.502668,-1.314672,22.637996,-0.392072,68.519952,-3.667978,-12.900233,0.523271,2.015698,-31.197299,6.889004,63.438094,6.062846,-6.107761,8.686980
416.000000,1.588276,-56.344992,72.128111,-5.804870,-4.035716,172.046873,-27.636007,14.322341,12.827200,67.599468,-27.412261,-9.072498,-22.712192,-7.625449,5.232218,50.386230,-34.977184,13.650112,0.588839,-0.428833,2.222237,-1.085409,23.385787,0.044511,68.967473,-4.192426,-12.359495,1.514308,2.174480,-31.154620,7.304231,62.128582,5.700888,-6.060602,7.981208
417.000000,1.262529,-57.415015,72.085726,-5.983019,-3.573984,171.577613,-26.704530,18.844210,11.085471,66.742594,-23.982819,-8.678076,-22.371707,-8.609282,6.353334,50.608194,-34.944808,13.754050,0.965532,-1.040215,2.304805,-0.801525,24.036455,1.123478,69.181811,-5.571342,-11.920224,2.718430,2.304818,-31.029850,7.962591,61.239456,5.210133,-6.021332,7.488981
418.000000,0.921091,-58.609504,71.774089,-6.037483,-2.872025,170.985357,-25.635749,22.147040,7.844173,65.167730,-20.941850,-9.717988,-22.425675,-9.423882,7.778085,52.113285,-35.512660,14.053752,1.336174,-1.520747,2.526570,-0.042475,24.369753,3.680101,69.431168,-5.268089,-12.660566,3.794672,2.838580,-30.911537,7.598906,60.729705,4.049291,-6.701534,7.702153
419.000000,0.586921,-59.926283,71.299577,-6.191233,-2.258799,170.611531,-24.626515,24.761483,4.633617,62.847712,-17.859961,-10.199102,-22.964872,-10.547080,9.138565,54.328988,-36.233785,14.817267,1.419138,-2.196690,2.796918,0.894824,24.834194,6.077376,69.186995,-4.414179,-13.328621,3.717696,3.135914,-30.762926,6.988754,60.714023,2.773082,-7.268168,8.004075
420.000000,0.255826,-61.330056,70.703667,-5.982207,-1.569843,170.166362,-22.885317,26.270118,0.321747,59.473237,-15.213080,-12.239224,-23.490026,-11.213331,10.362626,56.745789,-36.778164,15.000035,1.586847,-2.578905,3.237384,1.505660,25.407660,6.288912,68.907955,-4.588211,-13.355674,3.503343,3.019563,-30.692046,6.950463,61.177369,2.775181,-7.532730,7.492431
421.000000,-0.091998,-62.908834,69.992149,-5.392876,-0.918200,169.676153,-20.547371,27.761529,-3.581738,55.917154,-13.065396,-14.009387,-23.865694,-11.666429,11.371976,58.871443,-37.335617,15.000035,2.009985,-2.535564,3.692991,1.890037,25.941957,5.954947,68.833233,-4.733437,-13.319866,2.928985,2.978919,-30.568945,6.415733,61.873803,2.174474,-7.692926,6.703385
422.000000,-0.490873,-64.930552,69.339663,-4.984569,-0.161657,169.241534,-17.602704,27.151996,-7.165294,52.841902,-10.796450,-15.000035,-23.834746,-12.701754,12.722176,60.088118,-37.710977,15.000035,2.505888,-2.426159,4.240866,2.114482,26.171036,5.760275,68.896514,-4.126210,-13.473492,3.209261,3.071903,-30.592007,5.455351,62.640867,1.898535,-7.857585,6.328107
423.000000,-1.006191,-67.479181,68.880427,-5.072739,0.374078,169.199883,-14.260971,23.590001,-9.954764,50.273566,-10.086826,-15.000035,-23.745621,-14.652999,14.065920,60.434040,-37.623544,15.000035,2.883477,-2.427111,4.574269,2.050396,26.086415,5.699933,69.309379,-3.259309,-13.702231,3.074967,3.281736,-30.956388,4.377617,63.473228,1.341316,-7.943880,6.121640
424.000000,-1.416478,-70.131868,68.160754,-4.388091,0.447041,169.381985,-12.468532,21.933360,-11.505970,50.066878,-15.203851,-15.000035,-23.968360,-16.044589,14.719872,60.805827,-37.184824,15.000035,2.823946,-1.815052,4.630517,2.529187,26.003251,5.537573,69.274080,-3.827903,-13.935737,2.304017,3.530504,-31.235377,4.309954,64.159580,1.350141,-7.566670,5.833653
425.000000,-1.813870,-72.910208,67.699164,-3.492875,0.346615,170.071092,-11.255344,21.541814,-10.769645,49.487227,-21.855769,-15.000035,-23.476673,-17.603115,14.763107,59.799850,-35.462185,15.000035,1.841635,-0.583087,4.868103,3.783105,25.368088,6.384766,68.328085,-3.481945,-14.370332,1.619875,3.274392,-31.730924,3.924409,64.742441,1.203930,-7.104603,6.163138
426.000000,-2.162064,-75.802565,67.674780,-2.910879,0.609920,171.038635,-9.318695,20.523834,-9.003721,47.327245,-27.670293,-15.000035,-21.872033,-19.391491,15.152609,57.359799,-31.956024,15.000035,2.039439,0.710991,5.286276,1.403408,25.060565,3.405077,69.810885,-4.136769,-14.390717,2.145511,3.178487,-32.426309,2.934686,65.854013,1.598296,-6.561910,7.317991
427.000000,-2.285522,-78.749818,67.840135,-2.114311,0.816016,171.983623,-8.586445,19.830551,-7.082180,46.262541,-32.762105,-15.000035,-20.514511,-20.703688,15.391606,54.956682,-26.558337,15.000035,1.370111,1.873901,6.140199,1.283128,25.216392,1.669137,68.861844,-5.305426,-14.185045,-1.511430,3.247699,-32.669891,2.423172,65.557563,2.481775,-6.322711,9.032369
428.000000,-2.189418,-81.598550,68.289191,-1.219480,0.670935,172.927869,-8.768303,19.102550,-5.783557,45.447208,-36.486348,-15.000035,-20.280985,-22.199863,13.966759,53.121178,-19.068123,15.000035,0.869832,3.297422,6.441534,0.379860,25.370456,0.256938,68.927995,-6.209655,-13.440131,-5.208243,3.558887,-32.692311,1.704360,65.329523,2.942677,-5.911463,10.667739
429.000000,-1.830736,-84.442019,68.888050,-0.024248,-0.040954,172.967219,-10.011633,18.386823,-6.083453,45.763951,-38.881733,-14.996681,-22.138800,-24.013944,10.750935,51.912132,-11.036640,15.000035,1.070889,4.969004,6.335679,-0.959219,25.508431,0.316778,69.777247,-6.224397,-13.308621,-5.500084,3.606249,-32.315220,1.302804,65.214892,3.225254,-5.817507,11.600984
430.000000,-1.419964,-87.468785,69.461793,0.788634,-0.918249,172.462413,-11.883034,17.161067,-5.670122,47.000246,-39.515930,-14.543747,-25.046941,-27.538718,6.092889,51.361496,-5.196534,15.000035,1.970192,6.287934,5.897022,-2.250713,25.530610,0.225986,70.542426,-6.413910,-13.442315,0.422745,3.573404,-31.516699,0.772938,65.624744,3.623110,-5.521695,11.058295
431.000000,-1.161799,-90.400791,69.984591,0.211740,-1.855265,171.656833,-13.055162,14.062624,-4.035570,47.072489,-39.614100,-12.923701,-27.661639,-31.114835,1.746805,52.238912,-5.430529,15.000035,2.962751,6.199475,5.365230,-3.463602,25.904189,1.952384,71.431594,-5.994747,-13.989309,2.570440,3.588772,-30.815881,0.851682,65.605797,5.068647,-5.593723,10.675383
432.000000,-0.994590,-92.879599,70.199209,0.807256,-2.266976,170.156766,-13.819963,13.157149,-2.439024,48.215904,-40.462993,-11.971503,-28.934409,-30.621384,-1.778041,56.038775,-10.517774,15.000035,4.264741,6.868674,5.056285,-3.110692,26.795653,2.855773,71.082762,-4.991222,-14.246620,5.775628,4.132973,-29.783084,1.343332,65.091177,5.965883,-5.896820,10.433469
433.000000,-1.065911,-95.024651,70.696574,-2.413903,-2.109607,170.952664,-12.458668,6.926454,-0.651605,43.927795,-38.423502,-10.247914,-28.918444,-34.876558,-5.318217,60.556450,-17.974432,15.000035,3.045070,3.515175,5.395597,-3.738188,27.708865,4.239935,70.555369,-6.337829,-13.872037,5.854860,3.417265,-29.288182,2.412211,64.501479,6.990700,-6.269937,10.186214
434.000000,-1.158942,-97.011429,71.029526,-3.405824,-1.973056,170.970304,-11.942277,3.877324,0.414916,42.405141,-37.848312,-8.959061,-27.658351,-34.254256,-8.297187,64.639736,-23.921665,14.522545,2.358551,2.185677,5.515664,-3.470514,28.801603,3.732510,69.817340,-7.917504,-13.634647,6.578650,3.002013,-29.057674,4.639523,63.770170,7.667732,-6.255695,9.309354
435.000000,-1.020794,-98.263800,71.640861,-4.181234,-1.974401,171.432550,-10.330630,1.686724,0.942203,37.965729,-35.541528,-8.560676,-26.067373,-28.575929,-9.599281,66.117146,-27.985838,14.860215,0.878608,0.596580,5.643450,-3.070699,29.929694,4.767699,69.315417,-8.647323,-13.229182,7.835834,2.176516,-28.714187,6.928860,62.934203,8.342988,-6.467367,8.905087
436.000000,-0.696015,-99.124289,72.053981,-4.257975,-2.484380,171.886212,-10.250590,0.773716,0.998553,35.456772,-34.128451,-8.584259,-26.003799,-18.691178,-8.371230,65.667310,-30.777929,15.000035,-0.084346,-0.165256,5.091029,-2.521791,30.304767,5.997252,68.954400,-8.967586,-13.050680,8.515572,2.199852,-28.605527,7.556751,62.227156,8.581526,-6.676874,8.916971
437.000000,-0.479531,-99.770373,72.282434,-4.311707,-3.059748,172.575994,-10.406237,-0.108057,0.523409,33.491956,-32.948385,-8.482949,-26.328404,-8.295641,-5.866392,63.759071,-32.282653,15.000035,-0.887273,-0.853737,4.454575,-2.340418,30.487106,6.567643,68.797798,-9.473856,-12.663225,8.630694,2.331871,-28.555725,7.300192,62.003856,8.851257,-6.825874,9.007339
438.000000,-0.474071,-100.587738,72.392905,-4.473980,-3.389223,173.226469,-10.138038,-1.224327,0.472358,31.673127,-32.014630,-8.490770,-25.951437,-0.436245,-3.354589,60.702610,-32.598833,15.000035,-1.410833,-1.408422,4.087889,-2.500389,30.210237,6.816752,69.058356,-9.330719,-12.342767,8.322382,2.433254,-28.888039,7.294826,62.018616,9.264459,-6.749316,9.105574
439.000000,-0.641970,-101.730335,72.486740,-4.776636,-2.984559,173.494651,-9.042976,-2.591652,0.765408,30.562501,-32.239671,-7.345456,-23.982889,2.923613,-2.110131,57.136172,-31.573222,15.000035,-1.289627,-1.917546,4.156982,-2.787901,29.438949,6.733509,69.608521,-8.994633,-12.048816,7.468656,3.107230,-29.228343,6.851141,62.126137,9.588966,-6.488024,9.199387
440.000000,-0.925056,-103.192544,72.617251,-4.848661,-2.084097,173.674469,-7.211083,-4.046512,1.201775,29.152268,-32.244869,-6.769649,-20.629671,2.832356,-1.608525,52.912605,-31.337318,15.000035,-0.788673,-1.912969,4.611501,-3.279463,28.204513,6.564567,70.312303,-8.528622,-12.105163,6.549600,3.968509,-29.658946,6.049808,62.372441,9.186960,-6.410069,9.421611
441.000000,-1.113676,-104.488814,72.549492,-4.982910,-1.298892,173.636325,-7.288362,-5.282106,1.452739,31.348977,-33.312670,-6.665285,-18.306613,1.117925,-1.045232,50.372416,-32.338350,14.322658,-0.209152,-1.932625,4.835201,-3.092409,26.962003,6.374008,70.529237,-8.045313,-12.396469,5.596029,4.831278,-29.899116,5.819665,62.634283,8.455886,-6.412574,9.629934
442.000000,-1.244107,-105.453742,72.417516,-4.966533,-0.625170,173.958428,-7.448620,-6.185420,1.644074,33.306420,-34.024219,-7.119881,-16.512575,0.826839,1.161416,48.633645,-33.790455,14.428703,0.257466,-1.573479,5.325142,-3.207855,25.761136,6.091339,70.549413,-7.486453,-12.721280,4.761541,5.240055,-30.292572,5.312127,62.916294,7.400290,-6.375515,9.841572
443.000000,-1.260151,-106.420684,72.217059,-4.969133,-0.038098,173.645367,-8.462589,-6.944051,2.467498,36.585891,-34.645742,-8.124542,-15.474661,0.230143,2.721131,47.841684,-35.352940,14.960285,1.261410,-0.913115,6.026908,-3.220909,24.576808,5.500952,70.486364,-6.677704,-13.107249,3.761319,5.305889,-30.748812,4.494455,63.227164,6.914272,-6.267230,9.631604
444.000000,-1.161669,-107.382321,72.014034,-5.079967,0.495755,172.924854,-10.755670,-7.384105,3.605010,42.303828,-34.958226,-8.305482,-15.180193,-1.037593,2.826674,47.933260,-36.470400,14.790300,2.564881,-0.281584,6.668695,-2.873373,23.520945,4.696163,70.216189,-5.793634,-13.130122,2.876068,5.358032,-31.066234,3.264283,63.589416,6.880712,-6.200705,9.363666
445.000000,-0.983466,-108.354783,71.799582,-4.932652,0.530416,172.487983,-13.775461,-6.984731,5.378322,47.868933,-34.175528,-11.027993,-15.700180,-2.073345,2.339169,48.362131,-37.448599,13.883669,3.405248,0.493197,7.077674,-2.495309,22.836437,3.883839,69.984557,-4.885839,-13.307037,2.020519,5.194742,-31.554914,2.962351,63.611041,7.236865,-6.343666,9.353246
446.000000,-0.782533,-109.229124,71.622813,-4.842138,0.038341,172.281747,-17.643369,-6.034193,6.715967,53.945145,-33.839107,-13.203227,-17.293834,-2.575677,2.408114,49.645595,-37.652545,12.620520,3.609559,1.052425,7.012701,-1.930724,22.479747,3.282809,70.126515,-4.417468,-13.454837,1.377414,4.647655,-32.017902,3.130021,63.603125,7.422694,-6.426194,9.094920
447.000000,-0.700668,-110.045540,71.514255,-5.004672,-0.833594,172.341640,-21.327694,-3.886489,8.636754,58.459323,-35.326473,-13.155518,-19.191585,-3.388630,2.450645,51.068590,-37.853936,11.976584,3.287986,1.289893,6.508294,-1.313366,22.433919,3.206719,70.582806,-4.131999,-13.383872,1.391539,3.990527,-32.299852,3.257434,63.423941,7.676419,-6.485134,8.816240
448.000000,-0.792260,-110.860169,71.551204,-4.921121,-2.132885,172.867757,-24.461906,0.144827,10.433525,61.824967,-35.961335,-12.558469,-20.608293,-4.167282,2.190083,51.102335,-37.535462,11.928939,2.385324,1.588132,5.581485,-1.153999,22.700277,3.465331,71.517203,-4.314884,-13.055084,1.693661,3.033242,-32.486791,3.589590,63.165706,8.163986,-6.291405,8.573397
449.000000,-1.012973,-111.700547,71.689230,-4.651079,-2.676788,173.259404,-26.077835,4.533472,10.552027,64.030114,-34.697644,-11.598740,-20.664326,-4.785058,2.104418,50.332719,-36.868726,12.056175,1.695601,1.872709,5.034878,-0.934890,23.223234,3.712336,72.444825,-4.865293,-12.678098,1.386971,2.569484,-32.422198,3.658284,62.832235,8.594253,-6.162944,8.537486
450.000000,-1.307583,-112.591767,71.832174,-4.910664,-2.713211,173.342573,-26.297408,8.980055,10.451149,64.354418,-31.258357,-10.189136,-20.396381,-5.865769,2.631039,49.948173,-36.394103,11.976302,1.509056,1.479266,4.889600,-0.963415,23.975555,3.942930,72.826264,-4.969558,-12.301414,1.351805,2.530829,-32.345833,3.824472,62.257926,8.795134,-6.072941,8.576951
451.000000,-1.715448,-113.512588,71.939075,-5.604265,-2.530181,173.228773,-25.793993,13.165941,9.708200,63.597367,-27.245814,-8.066086,-20.171541,-7.389169,3.625943,50.041743,-36.071103,11.921748,1.804206,0.501940,4.516294,-0.890541,24.761239,4.039345,72.743229,-5.625187,-11.798646,1.333152,3.274918,-32.300921,4.304684,61.547504,8.907350,-6.044191,8.681428
452.000000,-2.193991,-114.463544,71.997982,-6.167006,-2.069761,173.238405,-24.579254,17.421830,8.733537,61.697884,-23.546812,-6.574028,-19.651100,-8.957236,4.433582,50.414791,-35.749186,12.167536,2.092196,-0.500805,4.474445,-0.970907,25.463495,4.953753,72.253040,-5.843617,-11.749782,2.824547,3.639779,-31.705485,3.837511,61.995489,7.925900,-6.049065,7.638408
453.000000,-2.639955,-115.510809,71.876383,-6.648748,-1.707096,172.981700,-23.466474,21.195697,7.587264,59.538288,-20.431874,-6.056265,-19.904594,-10.362118,5.467377,51.807552,-35.550216,12.464492,2.554976,-1.332373,4.468659,-0.992928,25.772382,5.784046,71.493332,-6.593651,-11.579059,3.456571,3.816543,-31.438336,3.796834,62.581813,7.380480,-6.017175,7.177836
454.000000,-3.089239,-116.681457,71.491069,-7.203178,-1.145071,172.482107,-22.248436,23.633284,5.407582,57.665026,-17.052010,-6.825549,-20.814786,-11.631639,7.267726,54.578215,-35.628449,13.718027,3.049018,-2.320508,4.603584,-0.209528,25.929222,8.224145,71.070516,-4.188337,-12.920997,3.261191,4.395381,-31.109097,2.231208,63.204119,6.050292,-6.919996,7.806674
455.000000,-3.516990,-117.965508,71.006334,-7.241609,-0.268107,171.872015,-20.194279,25.306032,2.446067,55.314656,-14.250975,-8.777773,-21.268634,-12.586276,8.720879,57.221686,-35.801816,14.256278,3.530408,-2.955934,5.173155,0.084648,26.418137,8.086205,70.803421,-4.103235,-13.148340,3.263888,4.205719,-30.825760,2.186875,63.909383,5.715323,-7.265113,7.005092
456.000000,-3.957414,-119.472361,70.358443,-6.773096,0.764367,171.288466,-17.703750,25.923867,-1.593345,53.057227,-12.124138,-11.587597,-21.191394,-13.163783,10.173739,59.370115,-36.380931,14.716807,3.836266,-3.097420,5.867168,0.470329,26.886112,7.990859,70.972366,-3.797032,-13.456378,3.562083,3.863273,-30.590812,2.137909,64.499751,5.451947,-7.583649,6.204070
457.000000,-4.378203,-121.232867,69.638634,-6.197595,1.668823,170.536110,-14.883778,25.026785,-6.567179,51.186455,-10.192036,-14.511060,-21.173621,-13.809815,11.652367,61.072867,-37.050631,14.915724,4.447666,-3.045634,6.381660,0.831807,27.126460,7.996785,71.382532,-3.705534,-13.545929,3.958791,3.813514,-30.324018,1.407926,64.865842,5.036833,-7.812888,5.733026
458.000000,-4.813647,-123.506081,69.185054,-6.315013,2.136347,170.454447,-12.302426,21.545308,-10.134951,49.345419,-9.028943,-15.000035,-21.334888,-15.826981,12.831393,61.741597,-37.342683,15.000035,4.629819,-3.257297,6.453790,1.106811,26.975871,8.306575,71.654292,-3.093241,-13.433476,3.981782,3.783913,-30.120099,-0.281604,65.229413,4.902078,-7.645786,5.809838
459.000000,-5.232460,-125.832403,68.587303,-5.684348,2.252728,170.742349,-10.437359,19.494880,-12.753087,48.727065,-12.365911,-15.000035,-21.328442,-17.080396,13.458410,62.130672,-36.962972,15.000035,4.268269,-2.741227,6.254150,1.582235,26.786416,8.239853,71.580089,-3.858998,-13.448228,3.711484,3.715735,-30.108570,-0.852590,65.363360,5.876619,-7.076050,6.252002
460.000000,-5.501614,-128.231192,68.052185,-4.339673,2.075960,171.301267,-9.890681,19.853029,-12.760892,49.182980,-18.594189,-15.000035,-21.035067,-17.201020,13.732564,61.825015,-35.602860,15.000035,3.155360,-1.483580,6.265833,3.193808,26.183137,8.879649,70.310678,-4.208179,-13.934914,3.305694,3.649509,-30.268089,-0.431622,64.680826,6.666510,-6.768989,6.639944
461.000000,-5.829446,-130.824292,67.981040,-3.409949,2.003162,172.300727,-8.331923,19.961279,-10.671682,46.919039,-24.037580,-15.000035,-19.748403,-18.162212,13.949725,59.820013,-33.014758,15.000035,2.429751,-0.015432,6.237255,2.649864,25.449782,7.870002,70.575334,-4.483451,-14.077769,3.320551,3.331174,-30.819002,-0.790175,64.783026,6.943145,-6.171513,7.510628
462.000000,-5.887912,-133.565307,67.870188,-2.007694,2.206786,173.111944,-8.183990,20.501653,-8.753570,47.150893,-29.652361,-15.000035,-18.816577,-18.833383,14.136332,58.494205,-29.300067,15.000035,1.992744,1.699743,6.448276,2.478591,25.387226,5.795493,70.507879,-4.805374,-14.053829,3.323633,3.632046,-30.863805,-0.686093,64.749428,6.810884,-5.962999,8.468713
463.000000,-5.880922,-136.230564,68.240118,-1.579515,2.073910,174.198073,-7.817370,19.483347,-7.164302,45.659248,-33.217358,-14.992779,-18.173774,-20.621774,13.536667,56.283549,-23.612075,15.000035,1.574741,2.811483,6.636518,0.800130,25.023002,3.899821,71.444277,-4.691504,-14.111161,3.654088,3.654842,-31.321963,-1.017683,64.824567,6.575032,-5.532166,9.610288
464.000000,-5.684974,-139.108205,68.738645,-1.161903,1.689232,175.028149,-8.368042,17.911437,-6.058463,45.019259,-35.872198,-14.929716,-18.656998,-22.677516,12.439394,54.586858,-16.945716,15.000035,1.194816,3.917785,6.374756,-0.654328,24.646372,3.056043,72.437373,-4.171723,-14.250266,4.347573,3.814782,-31.475817,-1.119035,65.096252,5.835667,-5.399412,10.227849
465.000000,-5.350112,-142.062712,69.348234,-0.888181,1.044971,175.436904,-9.186531,15.669388,-5.423913,44.454143,-37.585547,-13.164391,-20.413197,-25.636290,9.859416,53.337487,-10.113598,15.000035,1.071234,4.942184,5.911024,-2.004654,24.430087,2.787090,72.891308,-3.902677,-14.248262,4.957213,3.893045,-31.365981,-1.246207,65.344372,5.140101,-5.347825,10.365605
466.000000,-4.988287,-145.119858,69.921553,-1.549373,0.524860,175.537274,-9.735241,11.955123,-4.523144,43.519684,-37.731474,-11.475695,-22.926599,-31.019697,5.912391,52.616574,-5.603334,15.000035,1.199468,4.926300,5.448226,-3.181704,24.514876,2.962440,72.973584,-4.704024,-14.561178,4.658142,3.958383,-31.128642,-1.253911,65.818729,4.637652,-5.722458,10.663169
467.000000,-4.694523,-147.854960,70.363015,-2.513680,-0.076939,175.784587,-10.451836,8.283476,-3.549339,42.621497,-37.528184,-9.389295,-24.716723,-34.889378,2.495705,53.226831,-6.880483,15.000035,1.174920,4.383814,4.928591,-3.926469,25.049951,2.576206,72.393721,-5.475895,-14.585420,5.326248,4.111046,-30.627302,-0.627101,65.873650,5.230078,-5.863755,10.162146
468.000000,-4.460863,-150.330138,70.481795,-2.626269,0.053765,175.320429,-11.054427,5.916130,-2.709547,43.761702,-38.135682,-7.910857,-25.611702,-35.256658,0.618502,56.339410,-11.670965,15.000035,1.506344,4.565139,5.104414,-3.924727,25.760706,2.639421,71.591352,-5.576610,-14.380840,5.221299,4.762717,-30.190707,0.341514,65.242138,5.417250,-6.106326,9.912530
469.000000,-4.402506,-152.399707,70.780069,-4.174608,-0.241453,175.339736,-10.506997,2.134772,-1.396670,41.207098,-36.882041,-6.409445,-26.274949,-37.424239,-3.333143,60.199225,-17.572221,13.879309,1.128529,3.152431,5.092282,-4.479452,26.891437,3.130756,70.597785,-6.431919,-13.694369,5.317136,4.499589,-30.208311,1.766895,64.372313,5.534219,-6.289387,9.310723
470.000000,-4.155162,-153.770757,71.363890,-5.293497,-0.706771,175.170193,-9.113632,-0.471547,-0.479622,36.188121,-34.649140,-5.853876,-25.786524,-36.040743,-7.951127,62.798617,-23.370805,11.903238,0.003456,1.533093,5.151416,-5.033798,28.661444,3.179196,70.073411,-8.745484,-13.339098,6.033767,3.019545,-30.167634,4.703415,63.710878,6.417503,-6.277735,7.861485
471.000000,-3.718353,-154.948425,71.516812,-6.016590,-1.174312,174.593243,-9.750300,-2.159607,0.480917,35.273238,-34.129851,-5.573749,-25.904775,-31.602647,-10.309682,64.765131,-28.487836,11.774791,-0.303560,0.348363,4.601977,-4.516966,29.630402,3.632910,69.648928,-9.466716,-13.267824,7.111281,2.742670,-29.958938,5.523395,63.379299,7.036500,-6.640773,7.234161
472.000000,-3.445435,-155.908275,71.817321,-5.971188,-2.206344,174.585232,-9.697078,-2.831245,0.794057,32.124845,-32.830469,-5.712198,-25.821723,-23.175390,-10.139534,63.698132,-32.379198,12.456737,-1.109192,-0.145269,3.608125,-4.174733,30.654111,4.529909,69.411900,-9.671508,-12.751716,7.247120,2.098159,-29.612828,5.846316,63.456275,8.360216,-6.721490,7.887408
473.000000,-3.300436,-156.874633,71.973050,-6.071229,-1.917726,175.460013,-8.878715,-4.113626,0.425938,30.436699,-32.024793,-5.739194,-24.607131,-14.199499,-6.924514,61.452551,-35.239340,13.457396,-2.446110,-0.758666,3.748474,-3.999976,31.187730,4.640794,69.614763,-9.233839,-12.409220,7.173126,2.092147,-29.578582,6.068156,63.250468,8.785008,-6.774861,8.001250
474.000000,-3.266929,-157.816720,72.051257,-6.306686,-1.364857,176.020856,-7.689067,-5.614247,-0.043829,28.862412,-31.211789,-6.249787,-22.939672,-7.049895,-3.531131,58.613753,-36.967986,14.688419,-3.340618,-1.358447,4.018363,-4.138778,31.329589,4.333417,70.343469,-8.499572,-12.262237,6.882146,2.154531,-29.744845,6.448453,63.218933,8.646773,-6.735553,8.150692
475.000000,-3.350746,-158.686388,72.166425,-6.443242,-0.390385,175.808873,-5.582154,-6.568499,-0.001151,26.909400,-30.593336,-6.218470,-20.111837,-3.635446,-2.299405,55.619033,-38.331513,13.614658,-3.425728,-1.665096,4.556069,-4.262481,31.078645,3.845214,70.931713,-7.813332,-12.124032,6.196417,2.480548,-29.950933,6.537086,63.368986,8.298329,-6.603643,8.427899
476.000000,-3.464647,-159.484637,72.269148,-6.664929,0.613645,175.460397,-3.244848,-7.456623,0.407964,24.632522,-29.937477,-6.203520,-17.151020,-2.342148,-1.291696,52.765431,-38.770319,13.230564,-3.218656,-1.832453,5.098701,-4.330160,30.284775,3.622486,71.113307,-7.302286,-12.181673,5.435400,3.055867,-30.205777,6.187418,63.432418,8.252959,-6.422317,9.193369
477.000000,-3.566163,-160.178053,72.432989,-6.676746,1.354751,174.987345,-0.731252,-8.069267,0.546850,21.329979,-28.601352,-6.779842,-14.858214,-2.736262,-0.981015,49.800405,-38.527454,12.126183,-3.132049,-1.748303,5.511010,-4.261900,29.228510,3.856724,71.001217,-7.055086,-12.379450,5.035090,3.291831,-30.169055,6.062679,63.671351,8.070235,-6.078120,9.030881
478.000000,-3.536241,-160.801375,72.443670,-7.116986,1.855321,174.658928,0.003885,-9.141550,0.569355,20.714111,-28.395782,-6.765477,-14.353274,-3.615368,-0.012536,49.192470,-37.923888,11.926108,-3.204236,-2.053953,5.419338,-3.776498,27.893864,3.748835,70.811979,-6.986396,-12.723935,4.587301,3.870274,-30.166606,5.953577,64.163057,7.281281,-6.383853,8.651644
479.000000,-3.687529,-161.307633,72.938234,-6.752414,1.479597,174.091505,4.751010,-9.090119,0.231690,10.372020,-23.449820,-7.442754,-13.351525,-3.398540,0.163047,45.918832,-35.792107,11.318066,-3.245610,-1.137671,4.974727,-3.805221,26.252401,3.692490,70.852346,-6.333355,-12.768203,3.336345,3.402757,-30.303060,5.475611,65.229734,7.201017,-6.013702,8.279763
480.000000,-3.773547,-161.625195,73.273587,-6.117390,1.429064,173.428928,8.746454,-8.523340,0.107039,2.306629,-19.285232,-8.012394,-11.717809,-2.798145,-0.050510,42.296332,-34.699304,10.759847,-3.159581,-0.428095,4.674690,-3.666093,25.030912,2.770279,71.337166,-5.541269,-12.885288,2.059960,3.324544,-29.888604,4.325440,66.404103,6.514281,-6.251956,8.435822
481.000000,-3.778996,-161.860728,73.461390,-6.007487,1.570076,172.935691,10.218532,-8.529283,0.038754,-0.436871,-17.332090,-8.577214,-10.666538,-2.782885,0.136451,40.250001,-34.229602,10.195694,-3.353077,-0.464555,4.333513,-3.280319,23.971534,1.731242,71.848720,-4.735534,-12.898018,0.924831,3.627904,-29.615970,4.081823,66.983064,5.000297,-6.673387,7.944680
482.000000,-3.973306,-161.995625,73.930168,-3.325818,0.529083,172.695557,10.533428,-5.337573,-0.311151,-2.193015,-16.315543,-9.149703,-7.532828,0.422527,-0.605290,32.225447,-30.548404,8.974284,-3.455701,2.294424,3.704123,-3.938833,23.216402,0.088276,72.530100,-4.569768,-12.188361,-1.663457,3.378613,-29.512831,4.605384,67.344026,4.769416,-6.615988,8.325108
483.000000,-3.966025,-162.183738,74.056047,-2.920191,0.721981,172.505452,10.764839,-5.116010,-0.444688,-2.348278,-15.929103,-8.850501,-6.135884,0.847069,-0.084291,29.818707,-29.610000,8.525839,-3.580601,2.352987,3.739453,-3.934222,22.670021,-0.741355,72.477924,-4.189896,-11.742418,-3.595999,3.743954,-28.753939,6.084036,66.742628,6.263477,-5.876917,11.126165
484.000000,-4.036554,-162.369335,74.214399,-2.076890,0.633180,172.506450,10.757677,-4.343094,-0.463112,-2.285117,-16.317706,-7.980046,-3.719161,1.775225,0.216519,24.956458,-27.721967,8.754043,-3.593041,2.745138,3.792937,-4.396889,22.688502,-0.888643,72.038019,-3.652900,-12.127887,-3.124750,3.751037,-28.861156,6.469361,66.710376,4.674167,-5.993398,10.642163
485.000000,-4.111552,-162.631404,74.348468,-0.981762,0.624066,173.002732,10.843199,-3.391032,-0.997406,-2.212379,-16.567478,-7.937134,-0.516637,2.782832,-0.071782,18.839405,-25.072182,8.758404,-3.840927,3.375917,4.204854,-5.278282,22.659083,-0.886901,71.288283,-3.225472,-12.682909,-2.168546,3.551262,-28.680258,6.482711,66.948059,3.579789,-6.008095,10.103987
486.000000,-3.549986,-162.880743,74.469894,-0.257058,3.648588,173.042343,13.598876,-3.038041,-0.994679,-2.682535,-15.372136,-7.649916,3.013244,2.901855,-0.119924,16.775443,-23.067723,8.786845,-3.651184,3.259340,6.054904,-3.497173,21.191657,-0.922344,70.084182,-3.545902,-13.046577,-2.372091,5.902933,-26.977111,6.928111,66.671450,5.133287,-5.724583,11.764951
487.000000,-3.454667,-162.984586,74.480790,0.258156,4.890670,173.095089,15.080086,-2.671443,-1.098927,-2.839526,-15.585675,-7.445541,5.441396,3.206976,-0.270425,14.592160,-22.078733,8.795072,-3.301127,3.022831,7.537544,-3.887004,21.190059,-0.750271,68.921513,-3.958238,-13.361429,-1.093417,6.047803,-26.815063,7.074681,66.269501,5.722536,-5.895821,10.424165
488.000000,-3.348401,-163.040018,74.375290,0.639957,7.787865,172.766521,19.011041,-2.703840,-0.506751,-4.208109,-15.383668,-7.369736,8.100475,3.204355,-0.017615,15.733708,-22.747576,8.905949,-2.821332,2.450849,10.259265,-2.899414,20.789769,-0.659488,67.514050,-4.108051,-13.669232,-0.112746,6.716774,-26.100120,7.575166,65.934446,5.932971,-6.099144,9.028173
489.000000,-3.295336,-163.126314,74.478418,1.016938,7.572370,172.978446,18.187086,-2.276057,-0.484168,-2.919635,-16.099895,-7.272022,8.931295,3.597704,-0.210502,13.562237,-21.357592,8.832534,-2.847147,2.445412,10.696729,-4.091899,21.224589,-0.249245,67.173462,-4.752756,-13.231186,0.092800,5.306418,-26.381409,7.747622,66.025185,6.076540,-5.855156,9.044850
490.000000,-3.188868,-163.211370,74.517941,1.252089,7.345570,173.122569,17.758280,-2.036065,-0.663934,-2.739376,-16.008452,-7.266414,9.034972,3.862750,-0.310637,12.607515,-20.631411,8.784644,-2.964551,2.393521,10.765685,-4.167257,21.241844,-0.262723,67.019414,-4.934448,-13.186080,0.257135,4.508456,-26.334559,8.021462,65.981451,6.185905,-6.012445,8.839925
491.000000,-3.168967,-163.334715,74.527234,1.388063,7.251769,173.508574,17.524602,-1.952182,-1.106663,-2.660276,-16.010809,-7.153628,9.446442,3.866972,-0.818288,11.551189,-20.100999,8.951355,-3.233524,2.334168,10.873271,-4.073144,21.234587,-0.453980,67.197635,-4.731348,-13.297315,0.434707,3.943860,-26.320622,7.805639,65.885446,5.741422,-6.255734,8.426217
492.000000,-3.125764,-163.456047,74.386227,1.495897,9.577540,173.653010,20.517204,-2.276581,-1.466325,-3.683395,-15.651802,-7.046046,11.385235,3.530687,-1.082184,13.031509,-21.228849,8.983139,-3.197879,1.903722,12.753291,-2.714236,20.723516,-0.965688,67.473868,-4.226031,-13.693670,1.132608,4.474234,-25.903026,7.457442,66.176514,4.448061,-6.602650,6.322198
493.000000,-3.164480,-163.565552,74.413210,1.560265,9.102789,174.110569,19.469879,-2.209311,-1.706286,-2.628264,-16.340143,-6.832946,11.619446,3.569034,-1.602720,11.649754,-20.636665,8.924239,-3.195125,2.070035,12.788733,-3.837247,20.945137,-0.968900,68.675886,-4.147658,-13.041219,0.081864,3.345157,-26.071534,7.168936,66.209518,4.402465,-6.472034,6.654150
494.000000,-3.168027,-163.655186,74.409270,1.674589,9.056804,174.261641,19.358114,-2.147224,-1.836031,-2.544174,-16.460937,-6.808464,11.801482,3.670951,-1.643972,11.159326,-20.355516,8.956191,-2.814086,2.275857,12.959908,-4.109278,20.764950,-0.886044,69.671966,-4.223223,-12.507072,-1.329309,3.098321,-25.349626,7.597916,66.028320,5.829824,-5.962193,9.589061
495.000000,-3.166906,-163.728368,74.390090,1.843191,9.147875,174.355035,19.457493,-2.051190,-2.002335,-2.492381,-16.527941,-7.068334,11.932011,3.788074,-1.790291,11.125477,-20.374005,8.912132,-2.305589,2.475348,13.133361,-4.004117,20.667767,-0.832811,70.327214,-4.521242,-12.538849,-1.239297,2.921600,-25.074731,8.281279,66.129072,5.654705,-6.054234,9.413829
496.000000,-3.189717,-163.778448,74.394095,1.828358,9.238574,174.473100,19.528805,-2.056539,-1.925678,-2.475540,-16.662258,-6.547838,11.909237,3.704030,-2.052805,11.455726,-20.481772,8.885673,-1.819970,2.489024,13.131865,-3.523023,20.576111,-0.891679,70.488775,-4.839028,-12.489343,-1.611367,2.690228,-24.472467,9.050263,66.675508,4.826720,-5.960098,9.841841
497.000000,-3.224313,-163.816261,74.401742,1.757912,9.213164,174.569193,19.521524,-2.126540,-1.881714,-2.492510,-16.701981,-6.234580,11.673358,3.555304,-2.382742,11.986273,-20.676166,8.876463,-1.233710,2.483331,12.940451,-3.024739,20.606793,-0.648745,70.697553,-4.691229,-12.445052,-1.705002,2.602952,-23.967841,10.177018,66.763098,3.798483,-6.053230,9.960389
498.000000,-3.297308,-163.900805,74.397254,1.714577,9.046801,174.855623,19.348594,-2.222892,-1.976023,-2.497031,-16.667786,-6.109333,11.514143,3.463318,-2.598350,12.111304,-20.732810,8.833550,-0.969707,2.402995,12.646769,-2.479954,20.658404,-0.197097,70.942982,-4.885573,-12.382303,-2.233141,2.317073,-23.438882,11.152229,67.081596,3.367405,-6.065625,10.830753
499.000000,-3.385842,-164.000034,74.402481,1.784175,8.865247,175.269734,19.170260,-2.168109,-2.329436,-2.489243,-16.721983,-5.957031,11.877988,3.518386,-2.912978,11.168429,-20.307138,8.653781,-0.947683,2.417336,12.427865,-2.085979,20.561198,0.318939,71.363217,-6.308186,-11.614679,-5.458118,2.005077,-23.064164,12.271219,66.988235,3.116018,-6.101085,11.860573
500.000000,-3.487703,-164.080024,74.408233,1.829928,8.741631,175.619080,19.054211,-2.137884,-2.692747,-2.485981,-16.789648,-5.814087,12.465100,3.562980,-3.176300,9.883261,-19.762893,8.720803,-0.816004,2.436076,12.192999,-1.915105,20.976319,1.106259,72.057505,-5.837288,-11.804865,-3.240107,1.769210,-22.872862,12.947645,67.142624,2.249687,-5.994335,11.842807
501.000000,-3.598205,-164.152348,74.415630,1.903095,8.680163,175.940897,19.035718,-2.103156,-3.025092,-2.497268,-16.693684,-5.982390,13.082009,3.664634,-3.323000,8.684996,-19.201269,8.729877,-0.699685,2.432639,12.118305,-1.924162,21.103179,1.487192,72.834467,-5.585494,-12.014274,-1.727729,1.420678,-22.685681,13.609676,67.601838,1.577311,-6.174142,12.425486
502.000000,-3.655417,-164.267230,74.329340,1.858764,11.078027,176.032554,22.297585,-2.398105,-3.077181,-3.597787,-16.283207,-5.780470,15.421478,3.298456,-3.411784,9.614306,-19.863133,8.673833,-0.420064,2.176047,13.810091,-0.511840,20.541698,1.471609,72.797563,-5.471978,-12.476158,-0.876546,2.219188,-22.057444,13.637559,68.217375,0.422091,-6.611726,11.123712
503.000000,-3.749283,-164.331853,74.393678,1.957290,10.288350,176.373789,21.044685,-2.262817,-3.498659,-2.716645,-16.587563,-6.029822,15.300740,3.493465,-3.728863,8.276886,-19.074463,8.605457,-0.400466,2.381340,13.457204,-1.573275,20.869368,1.653569,73.235740,-6.193588,-12.128673,-1.763271,1.044944,-22.628535,14.175336,68.315450,0.854613,-6.534189,11.808131
504.000000,-3.775606,-164.365125,74.436623,2.082955,9.808470,176.554486,20.488232,-2.065114,-3.590832,-2.677839,-16.492482,-6.246325,14.938807,3.630971,-3.947608,7.946670,-18.773014,8.327251,-0.441675,2.523183,13.174634,-1.726226,20.784025,1.526737,73.223808,-7.528713,-11.623129,-4.376626,0.539782,-22.791532,14.465308,68.273123,1.468962,-6.526231,12.069164
505.000000,-3.779172,-164.383066,74.452978,2.052649,9.434662,176.671180,20.035323,-2.034525,-3.413845,-2.664266,-16.445060,-6.255831,14.380745,3.643604,-3.954252,8.173657,-18.735258,8.396746,-0.384349,2.508973,12.933703,-1.849899,21.119568,1.766107,73.182472,-7.055699,-11.917225,-2.503881,0.259028,-23.004776,14.500326,68.028500,1.436262,-6.455980,11.726372
506.000000,-3.768731,-164.373469,74.469870,2.124855,9.085677,176.689978,19.604832,-1.905185,-3.402435,-2.603214,-16.396395,-6.204592,13.433586,3.721260,-4.011666,9.300650,-19.099886,8.323362,-0.371345,2.563970,12.645765,-1.936960,20.982847,1.586113,73.088796,-7.431286,-11.853387,-3.535409,-0.037925,-23.060414,14.637609,67.953497,1.784918,-6.610331,11.967665
507.000000,-3.808424,-164.411759,74.461699,2.021197,8.762953,176.691291,19.280197,-2.057484,-3.427533,-2.650196,-16.312396,-6.213841,12.533714,3.524405,-4.169114,10.502348,-19.740363,8.402720,-0.298313,2.396178,12.363255,-2.145517,21.232932,1.519584,73.286393,-7.039654,-12.158501,-1.834667,-0.301908,-23.138268,14.841397,67.990257,1.343876,-6.907476,11.104070
508.000000,-3.810626,-164.410913,74.456561,1.784762,8.466931,176.719011,18.911687,-2.313363,-3.574053,-2.643655,-16.184060,-5.984695,11.561331,3.219590,-4.202108,11.840937,-20.429507,8.420124,-0.219346,2.100153,12.081813,-2.459634,21.131265,1.074484,73.747028,-7.679933,-11.877760,-3.109556,-0.473834,-22.930641,15.084387,68.025105,1.438932,-6.828939,11.501134
509.000000,-3.806333,-164.406574,74.441183,1.563754,8.256212,176.728305,18.652060,-2.541853,-3.526333,-2.668099,-16.116711,-5.961827,10.591138,2.924827,-4.264274,13.363050,-21.180582,8.516083,-0.063953,1.837351,11.921625,-2.972829,21.418944,0.887456,74.646277,-7.505150,-12.073423,-1.742906,-0.540181,-22.933728,15.617736,67.836326,1.285682,-6.973843,11.211559
510.000000,-3.764454,-164.397311,74.435580,1.443190,8.160423,176.601800,18.483279,-2.706681,-3.559302,-2.654856,-15.947385,-5.842964,9.590547,2.784813,-4.109294,15.117242,-21.748678,8.276487,-0.474044,2.245434,11.585106,-2.865698,20.938742,0.326891,75.402720,-9.052750,-11.285610,-4.023539,-0.760866,-23.321572,17.383784,67.649499,1.733065,-6.567787,11.592438
511.000000,-3.731014,-164.370716,74.428302,1.139684,7.990306,176.629967,18.253071,-3.009655,-3.454696,-2.713502,-15.812426,-6.004319,8.583577,2.371325,-4.219346,16.763808,-22.635857,8.693642,-0.203090,1.402621,11.796541,-3.450503,21.542089,0.515956,76.166062,-8.027224,-12.038483,-1.372386,-0.983486,-22.811896,16.624740,67.838941,0.660531,-7.005776,11.021414
512.000000,-3.661973,-164.351022,74.415910,0.834125,7.914187,176.590737,18.072023,-3.371349,-3.454996,-2.690925,-15.626447,-6.030904,7.627149,1.965052,-4.216401,18.456899,-23.378739,8.637303,-0.102518,1.045338,11.894284,-3.738154,21.516390,-0.121059,76.560629,-8.044694,-12.037601,-1.979485,-1.221982,-22.542573,17.185733,67.941647,0.563436,-7.040878,11.271091
513.000000,-3.560423,-164.315200,74.383271,0.454488,7.852574,176.394053,17.893870,-3.805121,-3.313332,-2.700247,-15.521800,-5.942754,6.409084,1.451502,-4.054511,20.612316,-24.304649,8.892800,0.062444,0.731413,11.915563,-3.829345,21.647205,-0.259932,76.778027,-7.595973,-12.354275,-0.886342,-1.345925,-22.554053,17.457366,67.998638,0.142257,-7.209657,10.970757
514.000000,-3.413412,-164.273286,74.335742,0.014284,7.601234,176.163395,17.460453,-4.298178,-3.058782,-2.696440,-15.390687,-5.849703,4.780335,0.892766,-3.958179,23.078075,-25.335251,9.114283,0.192565,0.338514,11.868376,-3.869980,21.583546,-0.314525,76.748370,-7.561262,-12.333947,-0.712076,-1.492265,-22.508159,17.553581,67.852438,0.126068,-7.337775,10.717598
515.000000,-3.747563,-164.238691,74.397248,0.357652,4.270473,176.554124,14.161094,-3.668488,-3.587325,-2.233570,-16.320981,-5.956995,3.210651,1.764764,-4.235684,19.907012,-24.420182,9.106111,-0.084908,0.806349,10.105023,-6.264955,22.560298,-0.170379,76.731759,-7.812908,-12.038831,-1.265275,-3.555792,-23.495029,17.222431,67.508982,0.824630,-7.193746,11.265456
516.000000,-3.139191,-164.232635,74.440092,-0.162903,5.524030,176.079808,14.683766,-4.296185,-2.949814,-2.476420,-14.935409,-5.610747,2.129529,0.906557,-3.826292,22.999597,-24.725187,9.191387,0.129635,0.360324,10.405222,-4.482850,21.341945,-0.640263,76.558259,-8.361332,-12.025098,-2.921024,-1.914802,-22.632237,17.410960,67.710240,0.839830,-7.225376,10.945487
517.000000,-2.997563,-164.199352,74.348426,-0.689067,5.573953,176.002500,14.637148,-4.918772,-2.773820,-2.564553,-14.906201,-5.625178,1.036064,0.268856,-3.688444,25.120954,-25.858499,9.253409,0.136177,-0.186339,10.619244,-4.317115,21.441342,-0.767935,76.087768,-8.519768,-12.182422,-3.019296,-1.838523,-22.605105,17.470181,67.750286,0.835096,-7.381334,10.907361
518.000000,-3.324161,-164.145112,74.394077,-0.142685,2.704251,176.359203,11.952496,-4.117142,-3.342163,-2.225100,-15.890165,-5.979897,0.179741,1.309711,-4.134511,21.601382,-24.895512,9.158476,-0.097644,0.464268,9.255395,-6.624706,22.448125,-0.868440,75.869441,-8.897156,-11.784483,-3.979153,-3.812827,-23.568258,17.246385,67.744664,1.144835,-7.191900,11.527631
519.000000,-2.672268,-164.165366,74.418271,-0.591538,3.930870,175.758816,12.319177,-4.729477,-2.707683,-2.292251,-14.481065,-6.090582,-0.935443,0.589662,-3.531540,24.556798,-25.152286,9.185623,0.385040,0.209494,9.547893,-4.945407,21.332615,-1.447772,75.788039,-8.753905,-12.110300,-3.943073,-2.080060,-22.851120,17.669831,68.118474,1.030007,-7.303296,10.747254
520.000000,-2.521912,-164.136410,74.341923,-1.131780,3.997564,175.605134,12.296455,-5.359392,-2.588688,-2.436350,-14.239124,-5.983460,-2.026737,-0.005272,-3.192111,26.614175,-26.086306,9.518554,0.499886,-0.148493,9.612507,-4.689449,21.180282,-1.817650,75.471582,-8.818302,-12.200174,-3.885876,-1.731684,-23.056939,17.955223,68.053368,1.145028,-7.346125,10.422846
521.000000,-2.860092,-164.102721,74.423552,-0.452869,1.379475,176.037007,9.972734,-4.410127,-3.214786,-2.222735,-15.213464,-6.269543,-2.262719,1.112884,-3.846068,22.514827,-24.759876,9.469486,0.125239,0.690381,8.405236,-6.829417,22.241840,-1.661234,75.425362,-8.948715,-11.810870,-4.215768,-3.525711,-24.085713,17.567648,67.962827,1.257272,-7.111283,10.954952
522.000000,-2.218818,-164.137304,74.466276,-0.889259,2.595903,175.515568,10.217546,-4.933528,-2.389609,-2.005652,-14.115410,-5.973778,-3.064410,0.440336,-3.325316,24.794169,-24.791729,9.444809,0.297568,0.317167,8.685002,-4.949135,21.304881,-1.960687,75.320710,-8.858851,-12.150228,-3.835888,-1.847562,-23.268918,17.795831,68.106357,1.074012,-7.149487,10.696898
523.000000,-2.079312,-164.134979,74.382174,-1.375821,2.485556,175.346608,10.009041,-5.516561,-2.244531,-2.178192,-13.950026,-5.907818,-4.205609,-0.135655,-2.998345,26.581285,-25.789843,9.586759,0.432966,-0.087760,8.572487,-4.647979,21.372905,-2.272817,74.978729,-8.915262,-12.208574,-3.544843,-1.468738,-23.407442,17.822952,67.739234,1.143440,-7.172446,10.678312
524.000000,-1.962876,-164.119220,74.319947,-1.830365,2.268953,175.195001,9.720686,-6.012963,-2.183392,-2.387622,-13.834357,-5.905869,-5.378375,-0.624494,-2.711721,28.206463,-26.477898,9.833164,0.415201,-0.445118,8.437597,-4.611167,21.476261,-2.318666,75.020394,-8.683533,-12.299219,-2.983512,-1.457086,-23.461690,17.626618,67.905748,1.005585,-7.293485,10.213893
525.000000,-2.348818,-164.107585,74.394071,-1.040588,-0.236917,175.676037,7.640857,-4.927018,-2.858204,-2.250538,-14.945361,-6.090001,-5.186171,0.563593,-3.369225,23.624050,-25.114112,9.759803,-0.013483,0.431892,7.270164,-6.800082,22.583677,-2.084361,75.168773,-8.872797,-12.013124,-3.274353,-3.341133,-24.305112,17.129023,68.016875,1.073765,-7.193920,10.810147
526.000000,-1.844438,-164.121640,74.419051,-1.402084,1.100496,175.219808,8.059753,-5.335798,-2.080875,-1.752776,-14.168264,-5.931174,-5.708188,0.019934,-2.889765,25.885338,-25.171602,9.751566,0.258042,0.129566,7.378379,-5.011831,21.615464,-2.464095,75.364068,-8.701255,-12.225684,-3.074059,-1.528083,-23.441889,17.545272,68.285957,0.743545,-7.300237,10.693465
527.000000,-1.836419,-164.108992,74.362594,-1.602539,1.323351,175.121310,8.335051,-5.598519,-1.893224,-1.817314,-14.349886,-5.985337,-5.882547,-0.198475,-2.669056,26.740196,-25.704135,9.795250,0.311343,-0.097199,7.352994,-4.687318,21.620539,-2.472269,75.244390,-8.591110,-12.335802,-2.910045,-1.102915,-23.435141,17.934531,68.115154,0.450609,-7.354034,10.669135
528.000000,-1.851742,-164.102077,74.343312,-1.700952,1.544923,174.991614,8.527532,-5.722353,-1.785454,-1.680914,-14.465555,-5.963918,-5.844837,-0.280973,-2.596874,27.146008,-25.863314,9.722565,0.332640,-0.326266,7.449856,-4.603266,21.572760,-2.287512,75.199078,-8.538122,-12.223507,-3.056476,-1.046062,-23.271892,18.074371,68.132278,0.225918,-7.327778,10.628833
