Frame,root_translateX,root_translateY,root_translateZ,root_rotateX,root_rotateY,root_rotateZ,left_hip_pitch_joint_dof,left_hip_roll_joint_dof,left_hip_yaw_joint_dof,left_knee_joint_dof,left_ankle_pitch_joint_dof,left_ankle_roll_joint_dof,right_hip_pitch_joint_dof,right_hip_roll_joint_dof,right_hip_yaw_joint_dof,right_knee_joint_dof,right_ankle_pitch_joint_dof,right_ankle_roll_joint_dof,waist_yaw_joint_dof,waist_roll_joint_dof,waist_pitch_joint_dof,left_shoulder_pitch_joint_dof,left_shoulder_roll_joint_dof,left_shoulder_yaw_joint_dof,left_elbow_joint_dof,left_wrist_roll_joint_dof,left_wrist_pitch_joint_dof,left_wrist_yaw_joint_dof,right_shoulder_pitch_joint_dof,right_shoulder_roll_joint_dof,right_shoulder_yaw_joint_dof,right_elbow_joint_dof,right_wrist_roll_joint_dof,right_wrist_pitch_joint_dof,right_wrist_yaw_joint_dof
0.000000,-82.370865,-51.479310,81.771618,-2.352993,-0.080210,87.518903,-1.385761,13.401580,4.333526,0.785081,-6.117219,-2.912323,-3.004493,-15.742929,-10.637411,4.822917,-3.168425,7.472919,0.345987,-1.626504,5.319994,-3.654279,14.830950,-12.276790,70.563859,-3.734148,-4.186058,9.870446,-4.460544,-22.461542,20.361272,62.797401,-3.488369,-4.372047,-3.268169
1.000000,-82.374042,-51.425368,81.767070,-2.254386,-0.084589,87.818609,-1.497760,13.339172,3.981394,1.094060,-6.270451,-2.916102,-2.725777,-15.833063,-10.978535,4.856300,-3.296862,7.448381,-0.040714,-1.430528,5.455897,-5.536828,14.536166,-12.271699,73.426289,-4.032095,-6.921707,9.791250,-5.782852,-22.231613,21.051797,65.896921,-3.094649,-6.671322,-3.250299
2.000000,-82.381815,-51.365930,81.762886,-2.214272,-0.061391,87.845100,-1.457690,13.304635,3.960358,1.188053,-6.359438,-2.962383,-2.603594,-15.876964,-11.023232,4.826639,-3.361871,7.363068,-0.070692,-1.324976,5.504164,-6.417986,14.577441,-12.123379,73.858674,-3.937631,-7.774005,9.737731,-6.182554,-22.091571,21.306884,66.963933,-3.091790,-7.346216,-3.023099
3.000000,-82.399499,-51.305884,81.758469,-2.191700,-0.043640,87.840083,-1.399817,13.277075,3.988079,1.230524,-6.425627,-3.019492,-2.512223,-15.914508,-11.027681,4.786844,-3.403840,7.339358,-0.080756,-1.194250,5.453005,-6.929806,14.673884,-11.958503,73.590794,-3.908471,-8.143091,9.776543,-6.266242,-22.018605,21.458057,67.468738,-3.148917,-7.554209,-2.952831
4.000000,-82.427585,-51.245660,81.753623,-2.171120,-0.029283,87.851830,-1.326840,13.238102,3.989645,1.224198,-6.466042,-3.053340,-2.417186,-15.962934,-11.038162,4.750051,-3.430413,7.383055,-0.146103,-1.046940,5.356038,-7.247648,14.790138,-11.885506,73.045028,-3.952495,-8.356217,9.864052,-6.224630,-21.976212,21.629747,67.711033,-3.140258,-7.579859,-3.009655
5.000000,-82.454371,-51.191634,81.749421,-2.156137,-0.011014,87.873625,-1.254647,13.191634,3.974569,1.189820,-6.496351,-3.066005,-2.330912,-16.014680,-11.049736,4.721314,-3.451803,7.420002,-0.250096,-0.918846,5.256230,-7.474735,14.936659,-11.902879,72.410100,-3.910698,-8.451142,9.913462,-6.154263,-21.914230,21.787841,67.789709,-3.152281,-7.521457,-2.930854
6.000000,-82.468408,-51.152575,81.746912,-2.149497,0.004409,87.883150,-1.199931,13.164565,3.987905,1.158256,-6.527625,-3.091664,-2.275808,-16.044418,-11.052486,4.704615,-3.480275,7.404338,-0.344418,-0.809652,5.177251,-7.702272,15.097426,-11.916766,71.839773,-3.765570,-8.471760,9.941431,-6.126692,-21.831189,21.850130,67.817420,-3.275056,-7.481701,-2.685755
7.000000,-82.471883,-51.127863,81.745195,-2.142839,0.006536,87.881593,-1.165311,13.164781,4.009779,1.150282,-6.557122,-3.143791,-2.244256,-16.046008,-11.053560,4.700659,-3.513763,7.355827,-0.418682,-0.669272,5.112046,-7.936583,15.222919,-11.941305,71.408760,-3.692715,-8.497192,10.067406,-6.116177,-21.790742,21.880120,67.795727,-3.372582,-7.529052,-2.663721
8.000000,-82.473570,-51.112318,81.744260,-2.129281,0.001752,87.884918,-1.151813,13.167267,3.984624,1.176307,-6.570182,-3.184896,-2.221196,-16.042859,-11.053335,4.714241,-3.542425,7.307222,-0.509686,-0.504392,5.049601,-8.119919,15.303447,-11.965919,71.086690,-3.741260,-8.491593,10.338488,-6.084558,-21.790453,21.948477,67.703506,-3.356565,-7.593815,-2.895650
9.000000,-82.474583,-51.101083,81.744730,-2.117604,-0.000778,87.881010,-1.162849,13.166469,3.944564,1.244040,-6.589654,-3.199670,-2.227438,-16.044179,-11.027103,4.766015,-3.567277,7.277039,-0.611083,-0.364066,4.995675,-8.234102,15.362919,-11.988649,70.836828,-3.806244,-8.404116,10.716117,-6.050324,-21.795342,22.059105,67.572468,-3.297861,-7.598641,-3.063849
10.000000,-82.474154,-51.091462,81.746006,-2.112357,0.003496,87.854707,-1.196004,13.169267,3.957911,1.359821,-6.642692,-3.172674,-2.271952,-16.049275,-10.979593,4.855701,-3.598771,7.257056,-0.684180,-0.281178,4.967717,-8.299828,15.408304,-12.020639,70.655671,-3.836251,-8.288445,11.041214,-6.043507,-21.796114,22.162939,67.452107,-3.245181,-7.543847,-3.041758
11.000000,-82.473195,-51.084828,81.745148,-2.104574,0.013410,87.810656,-1.245093,13.173530,4.008030,1.521955,-6.720864,-3.094836,-2.331042,-16.059274,-10.937546,4.959060,-3.639344,7.241746,-0.712593,-0.237460,4.975599,-8.329721,15.426221,-12.082424,70.563613,-3.869488,-8.239383,11.148790,-6.061731,-21.808837,22.236273,67.358042,-3.150208,-7.499677,-3.006889
12.000000,-82.470751,-51.084620,81.740272,-2.089537,0.026133,87.754350,-1.303188,13.174351,4.033117,1.711568,-6.809321,-2.987446,-2.388166,-16.072017,-10.887965,5.056541,-3.684236,7.252334,-0.699488,-0.202106,5.014143,-8.331659,15.419029,-12.176978,70.586918,-3.907262,-8.249241,11.053486,-6.091986,-21.840544,22.292675,67.282254,-3.038863,-7.493730,-3.045060
13.000000,-82.465118,-51.086926,81.734389,-2.071575,0.038682,87.684166,-1.349696,13.174960,4.036810,1.886416,-6.890407,-2.914369,-2.437402,-16.079522,-10.807955,5.136110,-3.725660,7.292771,-0.651861,-0.155663,5.054273,-8.296751,15.386586,-12.279541,70.728221,-3.906902,-8.227830,10.909058,-6.124663,-21.897395,22.334997,67.235986,-3.034358,-7.499987,-3.046695
14.000000,-82.461685,-51.082617,81.730312,-2.048823,0.051974,87.612352,-1.355796,13.173452,4.073698,2.008410,-6.959303,-2.908087,-2.460768,-16.086111,-10.723839,5.186634,-3.760768,7.339988,-0.591124,-0.106864,5.079795,-8.201545,15.309265,-12.407186,70.953310,-3.894934,-8.125319,10.881904,-6.162198,-21.979776,22.353435,67.246839,-3.105233,-7.484820,-2.938468
15.000000,-82.463533,-51.069683,81.728715,-2.029048,0.065018,87.559792,-1.332369,13.165493,4.132549,2.070766,-6.993608,-2.911760,-2.463474,-16.097987,-10.685682,5.215270,-3.782633,7.352342,-0.557051,-0.084824,5.085729,-8.029482,15.186552,-12.571929,71.221183,-3.919077,-8.018610,10.930823,-6.216515,-22.052193,22.363320,67.327674,-3.057375,-7.466052,-2.893788
16.000000,-82.463706,-51.054001,81.727874,-2.025862,0.068550,87.527763,-1.312971,13.164480,4.158352,2.095227,-7.015333,-2.873261,-2.479900,-16.100644,-10.681365,5.252796,-3.794313,7.360418,-0.559416,-0.085515,5.071455,-7.795092,15.054650,-12.754999,71.526069,-3.966606,-7.965008,10.917690,-6.278110,-22.095271,22.373949,67.439669,-2.896879,-7.481786,-2.980289
17.000000,-82.455921,-51.039010,81.726789,-2.044191,0.060167,87.498396,-1.306971,13.181675,4.154692,2.093712,-7.048959,-2.821391,-2.527311,-16.083760,-10.658951,5.307780,-3.802224,7.392890,-0.567821,-0.089525,5.038407,-7.539216,14.939330,-12.883110,71.888397,-3.987645,-7.939509,10.803166,-6.318144,-22.132714,22.381306,67.515252,-2.826397,-7.507042,-3.043719
18.000000,-82.447755,-51.022369,81.724828,-2.066713,0.055754,87.473398,-1.293315,13.192939,4.156792,2.066872,-7.086034,-2.788254,-2.566952,-16.071401,-10.617663,5.344909,-3.816468,7.441780,-0.563089,-0.098943,4.995371,-7.302968,14.826894,-12.958077,72.350425,-3.989472,-7.930358,10.596606,-6.317431,-22.186568,22.371977,67.541657,-2.891731,-7.506497,-3.048078
19.000000,-82.445085,-51.004547,81.721461,-2.074881,0.062298,87.473981,-1.268116,13.181790,4.158213,2.031820,-7.099245,-2.785734,-2.567860,-16.080193,-10.602814,5.356349,-3.846367,7.473312,-0.555179,-0.114703,4.958528,-7.105639,14.691182,-13.058667,72.917699,-3.976691,-7.936993,10.322004,-6.300862,-22.239244,22.294473,67.599489,-2.953774,-7.489205,-3.080471
20.000000,-82.437849,-50.990212,81.717324,-2.074947,0.062446,87.494620,-1.255362,13.180352,4.133946,2.016491,-7.093278,-2.791825,-2.570949,-16.081721,-10.619935,5.400287,-3.896555,7.471014,-0.553176,-0.130239,4.928943,-6.939155,14.554809,-13.245099,73.525026,-3.933675,-7.936800,10.059985,-6.297907,-22.258618,22.135880,67.727131,-2.941831,-7.508204,-3.180811
21.000000,-82.418633,-50.978082,81.713015,-2.080493,0.041727,87.509696,-1.259947,13.219016,4.104236,2.021411,-7.106907,-2.790312,-2.621881,-16.051628,-10.633780,5.523663,-3.957774,7.440000,-0.542640,-0.139418,4.902724,-6.788625,14.460110,-13.443894,74.065335,-3.897635,-7.902838,9.906041,-6.294444,-22.246348,21.927752,67.855518,-2.929753,-7.568707,-3.232762
22.000000,-82.402301,-50.961912,81.707871,-2.088189,0.018160,87.529361,-1.261419,13.258218,4.085437,2.018625,-7.153748,-2.768824,-2.691585,-16.029909,-10.647220,5.691176,-4.004341,7.405675,-0.531644,-0.154423,4.888701,-6.651493,14.412912,-13.518754,74.459417,-3.937903,-7.836361,9.886566,-6.265914,-22.231977,21.762210,67.905891,-2.879429,-7.581444,-3.185761
23.000000,-82.396454,-50.941336,81.701118,-2.083176,0.011728,87.563235,-1.241007,13.258727,4.051713,1.998321,-7.205908,-2.720630,-2.738334,-16.049421,-10.673682,5.856921,-4.046625,7.402167,-0.528316,-0.182319,4.888913,-6.532014,14.394024,-13.508952,74.717803,-4.025265,-7.771652,9.900030,-6.217435,-22.232180,21.690847,67.898487,-2.729908,-7.532687,-3.137226
24.000000,-82.378906,-50.924069,81.693023,-2.081674,0.004421,87.576776,-1.228148,13.272432,4.004761,1.996274,-7.247280,-2.677104,-2.806570,-16.057817,-10.685693,6.036846,-4.110637,7.440115,-0.509863,-0.212713,4.883091,-6.434574,14.414336,-13.518193,74.867329,-4.037607,-7.711311,9.849975,-6.185427,-22.232375,21.717857,67.876132,-2.567143,-7.483049,-3.041434
25.000000,-82.335210,-50.914073,81.684798,-2.103085,-0.024781,87.541315,-1.249773,13.353030,3.992871,2.038918,-7.290290,-2.677205,-2.938664,-16.004009,-10.656686,6.248252,-4.194549,7.487897,-0.448765,-0.234611,4.860027,-6.370438,14.485866,-13.538473,74.914847,-3.984357,-7.671322,9.735163,-6.186006,-22.218751,21.785332,67.837384,-2.536836,-7.483767,-2.796487
26.000000,-82.289565,-50.900584,81.677896,-2.126452,-0.058098,87.504595,-1.277334,13.447537,4.016488,2.098026,-7.340149,-2.712024,-3.056063,-15.936136,-10.632234,6.436466,-4.265123,7.517049,-0.373405,-0.252525,4.845206,-6.358484,14.570475,-13.475126,74.872472,-4.018184,-7.677063,9.680552,-6.206275,-22.188491,21.805551,67.805856,-2.594040,-7.508099,-2.575307
27.000000,-82.269430,-50.877219,81.671757,-2.119061,-0.065775,87.533681,-1.278287,13.470610,4.001071,2.137991,-7.384860,-2.720037,-3.069078,-15.932552,-10.667633,6.553650,-4.304700,7.527427,-0.339796,-0.278490,4.860625,-6.402714,14.624705,-13.348707,74.769917,-4.159096,-7.699982,9.787022,-6.235130,-22.136095,21.749499,67.837343,-2.580407,-7.491579,-2.644104
28.000000,-82.261676,-50.850809,81.664693,-2.084382,-0.055515,87.618618,-1.261843,13.440975,3.909592,2.163207,-7.423267,-2.672568,-3.004481,-15.975099,-10.738972,6.623620,-4.338956,7.524102,-0.350697,-0.311115,4.899421,-6.485850,14.668034,-13.285053,74.611709,-4.227245,-7.690329,9.972530,-6.274725,-22.059706,21.679292,67.909921,-2.501092,-7.424980,-2.905655
29.000000,-82.238197,-50.830728,81.657451,-2.054468,-0.054678,87.703518,-1.259404,13.435237,3.786166,2.192848,-7.454760,-2.594171,-2.950791,-15.992079,-10.794273,6.693965,-4.385177,7.475635,-0.369314,-0.336827,4.936533,-6.587635,14.736743,-13.319156,74.378766,-4.135496,-7.651087,10.049054,-6.302984,-21.983027,21.672023,67.897866,-2.466761,-7.357793,-3.013463
30.000000,-82.199204,-50.815433,81.651610,-2.048761,-0.068737,87.764384,-1.277185,13.470172,3.685451,2.217900,-7.476566,-2.543184,-2.941291,-15.965489,-10.823906,6.773041,-4.440582,7.378063,-0.376190,-0.349390,4.965224,-6.715045,14.808774,-13.322935,74.080177,-4.038483,-7.658316,9.963849,-6.309317,-21.927520,21.689093,67.771965,-2.500770,-7.324376,-2.849180
31.000000,-82.170266,-50.799239,81.647646,-2.052632,-0.077539,87.826170,-1.289028,13.489882,3.608065,2.210836,-7.484340,-2.537424,-2.938116,-15.949340,-10.867051,6.847412,-4.485498,7.305694,-0.395984,-0.356091,4.979671,-6.865894,14.826845,-13.246692,73.776739,-4.060807,-7.730561,9.897415,-6.310244,-21.893225,21.690261,67.659219,-2.524774,-7.330459,-2.686261
32.000000,-82.154286,-50.782949,81.644392,-2.055150,-0.076336,87.902567,-1.294089,13.481526,3.533774,2.182241,-7.479744,-2.553242,-2.925586,-15.965127,-10.947168,6.918743,-4.523466,7.293036,-0.440104,-0.364549,4.978300,-7.022744,14.793006,-13.184435,73.500608,-4.090644,-7.800139,9.913141,-6.323688,-21.871473,21.717088,67.626666,-2.513647,-7.351878,-2.650909
33.000000,-82.128596,-50.771815,81.639504,-2.064447,-0.077771,87.967072,-1.312750,13.491457,3.479317,2.165728,-7.472128,-2.577366,-2.931860,-15.970990,-11.022181,6.989386,-4.567283,7.305222,-0.476021,-0.374607,4.965335,-7.166959,14.762928,-13.207851,73.228698,-4.001595,-7.824276,9.924321,-6.323691,-21.869460,21.847753,67.571738,-2.512661,-7.391695,-2.612314
34.000000,-82.086921,-50.767380,81.633425,-2.081254,-0.090013,87.999014,-1.343648,13.540373,3.455508,2.170096,-7.466953,-2.609985,-2.958951,-15.934367,-11.044619,7.040845,-4.617723,7.293347,-0.471791,-0.376236,4.961263,-7.297213,14.751180,-13.253073,72.931524,-3.880055,-7.832754,9.884917,-6.287695,-21.887396,22.027896,67.431336,-2.527582,-7.443447,-2.508858
35.000000,-82.053965,-50.759828,81.630689,-2.083364,-0.104618,88.023723,-1.350493,13.582801,3.432331,2.169515,-7.461772,-2.638438,-2.949796,-15.890237,-11.044477,7.053282,-4.653149,7.271652,-0.446598,-0.358773,4.980539,-7.416574,14.708961,-13.272337,72.642190,-3.860567,-7.855973,9.895382,-6.244692,-21.902400,22.097310,67.322777,-2.550492,-7.469160,-2.475832
36.000000,-82.040733,-50.742257,81.634247,-2.069542,-0.114005,88.066335,-1.326218,13.590649,3.392562,2.144731,-7.446435,-2.661923,-2.890967,-15.876370,-11.085531,7.042004,-4.667144,7.264060,-0.443642,-0.334339,5.007010,-7.532765,14.615893,-13.287662,72.437674,-3.874313,-7.868842,9.965420,-6.234425,-21.887812,22.039081,67.327155,-2.581166,-7.454010,-2.541182
37.000000,-82.029557,-50.721550,81.640339,-2.062214,-0.119885,88.117193,-1.299755,13.590086,3.353785,2.098643,-7.419129,-2.702010,-2.830415,-15.881047,-11.179617,7.030543,-4.676618,7.260778,-0.472057,-0.318570,5.020384,-7.642938,14.512451,-13.341521,72.340992,-3.807125,-7.877749,10.029612,-6.250803,-21.856902,21.975449,67.360644,-2.655918,-7.436293,-2.619857
38.000000,-82.006854,-50.710928,81.642520,-2.076551,-0.121345,88.162192,-1.300183,13.598328,3.321279,2.042257,-7.386599,-2.758715,-2.807138,-15.880972,-11.279178,7.020223,-4.705538,7.258026,-0.529000,-0.315118,5.016911,-7.726762,14.428773,-13.415287,72.310154,-3.710114,-7.907027,10.077477,-6.263812,-21.850649,22.015901,67.321766,-2.759942,-7.439882,-2.712974
39.000000,-81.984550,-50.711429,81.640059,-2.087542,-0.118631,88.207031,-1.306074,13.600461,3.286250,1.981727,-7.364213,-2.804224,-2.788496,-15.875701,-11.337854,6.999309,-4.741870,7.282278,-0.615751,-0.314709,5.018467,-7.753165,14.353653,-13.462009,72.289220,-3.707787,-7.929412,10.144133,-6.271995,-21.876157,22.110676,67.266435,-2.857182,-7.430182,-2.857172
40.000000,-81.970775,-50.711954,81.638038,-2.085970,-0.119907,88.252073,-1.302621,13.599909,3.259636,1.927390,-7.349529,-2.826891,-2.755073,-15.864325,-11.357836,6.971633,-4.757520,7.310337,-0.705588,-0.315096,5.047352,-7.760012,14.283175,-13.468780,72.299342,-3.761409,-7.912485,10.180878,-6.291714,-21.890326,22.136880,67.277343,-2.893634,-7.387618,-2.965727
41.000000,-81.950772,-50.708550,81.639224,-2.092842,-0.133208,88.270797,-1.298175,13.630394,3.265830,1.880737,-7.324566,-2.841284,-2.733317,-15.826238,-11.369728,6.938066,-4.757876,7.294072,-0.751476,-0.323176,5.085226,-7.797677,14.242100,-13.474000,72.392533,-3.765710,-7.887119,10.136031,-6.308206,-21.861608,22.122791,67.330632,-2.810018,-7.365667,-2.940730
42.000000,-81.916934,-50.704771,81.641817,-2.130502,-0.154615,88.230493,-1.300877,13.695436,3.309036,1.829914,-7.297173,-2.846658,-2.758543,-15.754280,-11.367133,6.891936,-4.770906,7.221458,-0.736086,-0.339802,5.087562,-7.841110,14.229238,-13.517617,72.557571,-3.726316,-7.898456,10.124821,-6.326139,-21.803924,22.170999,67.415675,-2.643024,-7.405939,-2.830797
43.000000,-81.898558,-50.702363,81.646043,-2.175201,-0.156772,88.180009,-1.299127,13.707658,3.334658,1.761968,-7.291482,-2.797875,-2.775072,-15.712541,-11.350119,6.801172,-4.792675,7.167104,-0.732095,-0.363508,5.050945,-7.808294,14.193907,-13.625812,72.722288,-3.774252,-7.907131,10.282355,-6.392170,-21.765704,22.303756,67.582242,-2.549056,-7.435597,-2.857983
44.000000,-81.922269,-50.700945,81.655914,-2.204280,-0.128707,88.199304,-1.304180,13.609383,3.288380,1.684051,-7.309341,-2.702586,-2.733366,-15.747867,-11.328604,6.661994,-4.781160,7.144742,-0.808457,-0.383738,5.049448,-7.734466,14.111591,-13.829829,72.881219,-3.944831,-7.857325,10.452288,-6.534903,-21.788295,22.438920,67.729474,-2.596043,-7.376171,-3.060940
45.000000,-81.980163,-50.718826,81.671733,-2.235325,-0.085535,88.307345,-1.367774,13.442241,3.147254,1.615241,-7.312226,-2.617295,-2.683863,-15.835029,-11.324059,6.514463,-4.717335,7.097123,-0.968494,-0.371370,5.140259,-7.729764,14.021073,-14.188332,73.076296,-4.154977,-7.762407,10.449934,-6.708366,-21.910858,22.581114,67.569552,-2.678362,-7.296976,-3.293062
46.000000,-82.042587,-50.774378,81.687617,-2.306270,-0.060233,88.460314,-1.534167,13.302876,2.933207,1.565755,-7.270852,-2.640236,-2.719010,-15.904818,-11.367558,6.411892,-4.637155,6.991990,-1.175327,-0.276753,5.340258,-7.878228,13.962207,-14.720972,73.303462,-4.325633,-7.696541,10.305221,-6.857464,-22.178022,22.799607,66.853366,-2.621598,-7.322255,-3.406787
47.000000,-82.094604,-50.858885,81.702727,-2.422015,-0.060906,88.590054,-1.780805,13.228488,2.726591,1.547507,-7.187659,-2.711302,-2.875491,-15.926903,-11.409297,6.386312,-4.584884,6.917588,-1.424893,-0.137189,5.702818,-8.151749,14.000874,-15.204701,73.384925,-4.469594,-7.699748,10.259282,-7.075314,-22.528734,23.017816,65.672494,-2.468335,-7.562918,-3.418398
48.000000,-82.155859,-50.965929,81.719577,-2.533585,-0.056871,88.703157,-2.041523,13.147976,2.563481,1.546798,-7.081132,-2.724422,-3.068367,-15.958952,-11.409903,6.386825,-4.523578,6.895479,-1.691690,-0.043219,6.319255,-8.544625,14.187753,-15.461289,73.146299,-4.781371,-7.740351,10.328636,-7.454642,-22.883178,23.109464,64.227431,-2.282531,-7.868765,-3.509391
49.000000,-82.227820,-51.098686,81.736833,-2.615328,-0.037049,88.793003,-2.284475,13.039285,2.432150,1.552733,-6.957336,-2.678996,-3.240740,-16.010650,-11.355505,6.346930,-4.428599,6.897094,-1.904794,0.001824,7.223294,-9.149048,14.537993,-15.403940,72.649102,-5.315952,-7.825053,10.381625,-8.074743,-23.173408,23.039022,62.798364,-2.089359,-8.109987,-3.806130
50.000000,-82.301617,-51.284909,81.747621,-2.680291,-0.021783,88.824268,-2.538913,12.945335,2.310027,1.565483,-6.808808,-2.654833,-3.437020,-16.045258,-11.270000,6.264940,-4.287965,6.897810,-2.026445,0.066180,8.355043,-10.066694,15.052154,-15.138040,72.147329,-5.927924,-7.933496,10.367568,-9.001104,-23.387128,22.982895,61.660509,-1.877479,-8.260510,-4.197117
51.000000,-82.370812,-51.534647,81.755406,-2.741464,-0.029723,88.787236,-2.832086,12.900236,2.215567,1.599088,-6.628701,-2.703462,-3.714094,-16.040836,-11.168312,6.198648,-4.079522,6.910325,-2.114502,0.187204,9.661712,-11.314055,15.724561,-14.872776,71.825907,-6.413506,-7.962469,10.379446,-10.207028,-23.597016,23.274730,60.807207,-1.544780,-8.333844,-4.426761
52.000000,-82.431579,-51.831877,81.768465,-2.872918,-0.034018,88.707109,-3.245828,12.870844,2.197038,1.672506,-6.410504,-2.767729,-4.176684,-16.028016,-11.001235,6.210218,-3.812052,6.944945,-2.193244,0.218458,11.152582,-12.979300,16.545028,-14.798575,71.757250,-6.709809,-7.777826,10.630516,-11.531339,-23.788796,23.890359,59.801004,-1.131575,-8.224156,-4.406555
53.000000,-82.486212,-52.168220,81.789541,-3.067482,-0.013573,88.578404,-3.750916,12.833598,2.281741,1.767587,-6.154287,-2.769044,-4.818830,-16.018978,-10.702702,6.296345,-3.475076,7.047379,-2.208753,0.150696,12.944413,-15.045711,17.417804,-14.950760,71.811113,-6.940270,-7.435485,11.001098,-12.959705,-23.980821,24.550254,58.531689,-0.778296,-7.907093,-4.459541
54.000000,-82.536876,-52.570456,81.807488,-3.307382,0.020874,88.400900,-4.364061,12.797603,2.380929,1.900116,-5.876433,-2.652343,-5.607445,-16.002146,-10.323344,6.411026,-3.082028,7.239713,-2.195403,0.087522,15.098813,-17.395488,18.203767,-15.233296,71.816434,-7.246219,-7.179973,11.294383,-14.771954,-24.073239,25.000045,57.611737,-0.582751,-7.572546,-4.881844
55.000000,-82.585877,-53.059566,81.809413,-3.600834,0.060684,88.197078,-5.157415,12.766924,2.423670,2.129412,-5.586094,-2.498420,-6.538431,-15.989702,-9.962405,6.539654,-2.642408,7.496138,-2.248705,0.037326,17.628727,-19.908304,18.903191,-15.564360,71.616002,-7.645303,-7.220710,11.394781,-17.247121,-23.906388,25.274031,57.639010,-0.384593,-7.439007,-5.603074
56.000000,-82.716882,-54.316074,81.866616,-5.097129,0.083786,87.937284,-8.222197,12.859746,2.012668,2.417327,-3.869865,-2.226738,-10.598154,-16.193856,-8.817712,8.404563,-1.604965,7.433732,-2.485228,0.184750,21.007674,-24.126255,19.095711,-15.815153,71.101777,-8.080146,-7.325009,11.789638,-21.629975,-23.253203,25.537978,58.286867,-0.087643,-7.362810,-6.604828
57.000000,-82.738733,-55.003929,81.761795,-5.815497,0.055103,87.437996,-10.068405,13.178195,2.611296,3.530537,-3.441982,-3.604130,-12.442791,-15.966300,-8.214230,8.808204,-1.250600,8.384472,-2.471764,0.223056,24.439723,-27.336989,20.407400,-16.090483,70.905765,-8.420355,-8.247048,14.372711,-25.412772,-23.384042,26.874001,58.654632,0.976864,-7.649213,-10.048832
58.000000,-82.783306,-55.605686,81.667346,-6.303017,0.121695,87.074182,-11.654055,13.299566,2.773383,4.760821,-3.375353,-3.932639,-14.025805,-15.910823,-7.683185,9.430253,-0.817774,8.708596,-2.714979,0.108900,28.023684,-30.158147,21.213043,-17.506080,69.878969,-8.943686,-8.834564,15.531835,-28.983570,-23.112399,28.127076,58.948357,1.545065,-7.615256,-11.599712
59.000000,-82.825631,-56.171846,81.500477,-8.075345,0.263340,86.925164,-14.834930,13.327628,2.672828,6.076791,-3.136363,-4.080580,-16.971657,-15.940845,-7.371740,10.031934,-0.233932,8.959211,-3.252156,0.155691,29.079602,-31.387195,21.712323,-19.719135,68.604305,-9.368538,-9.348547,16.488336,-31.146363,-22.695390,29.670058,59.225110,2.230204,-7.568924,-12.692260
60.000000,-82.861334,-56.732452,81.275946,-10.094925,0.378651,86.904526,-18.328176,13.335768,2.395279,7.357910,-2.892583,-4.096533,-20.136957,-15.988930,-7.227362,10.652802,0.286231,9.161202,-3.941607,0.262152,29.793715,-32.349483,22.167927,-22.107680,67.044789,-9.793768,-9.880694,17.141342,-33.120936,-22.248125,31.184014,59.413828,3.202675,-7.720100,-13.574019
61.000000,-82.893741,-57.251573,80.997843,-12.453223,0.555084,86.859210,-21.988250,13.302330,2.181391,8.350398,-2.581944,-4.064761,-23.587823,-16.048178,-7.004813,11.137511,0.781339,9.329678,-4.461565,0.271422,29.793804,-33.663267,22.517862,-24.621678,65.797801,-10.574689,-10.199052,17.723864,-35.203256,-21.790834,32.833146,59.762892,4.021680,-7.815344,-14.258643
62.000000,-82.947212,-57.746118,80.676687,-14.934905,0.823505,86.759919,-25.694885,13.210820,2.076104,9.280326,-2.264604,-4.075765,-27.231889,-16.145230,-6.547523,11.661798,1.276604,9.559851,-4.776475,0.086337,29.793804,-35.691167,22.743763,-27.118197,65.224208,-11.747059,-10.224808,18.281531,-37.698765,-21.242891,34.459226,60.495122,4.444614,-7.631083,-14.931323
63.000000,-83.041847,-58.264691,80.307192,-17.792815,1.177593,86.746815,-30.083387,13.008804,1.857136,10.552295,-1.882846,-4.125282,-31.558377,-16.384758,-5.907516,12.507473,1.900548,9.865801,-5.058736,-0.157858,29.793804,-38.835568,22.896239,-29.725513,65.610203,-13.001755,-9.922749,18.601938,-40.965753,-20.349345,35.541091,61.915781,5.624715,-7.335358,-15.752424
64.000000,-83.133698,-58.630419,79.961288,-20.220737,1.433971,86.998705,-33.846391,12.672845,1.412888,11.678694,-1.559604,-4.229983,-35.098621,-16.702405,-5.563131,13.273113,2.275942,9.977399,-5.392955,-0.188347,29.793804,-41.872072,22.883644,-32.426600,66.470520,-13.198213,-9.428648,18.319373,-43.467157,-19.478699,35.680041,62.830692,8.794054,-7.391657,-16.675777
65.000000,-83.021277,-58.959651,79.651237,-22.557820,1.685767,87.189936,-37.273937,12.548990,1.022180,12.452034,-1.023497,-4.722607,-38.605100,-16.791446,-5.143321,14.190649,2.513212,9.497419,-5.436799,-0.080260,29.793804,-45.202305,22.461301,-35.222466,67.975962,-12.921875,-8.977188,18.257943,-45.849028,-18.647566,35.278364,63.226474,13.971962,-7.865247,-18.405818
66.000000,-83.105689,-59.142631,79.339164,-24.456763,1.683346,87.680977,-40.287085,12.160074,0.292429,13.459147,-0.816278,-4.821248,-41.285642,-17.047295,-4.977674,15.066158,2.518151,8.987060,-6.195369,0.381456,29.793804,-47.457770,21.671412,-36.871369,69.210341,-13.357196,-8.367908,18.577577,-48.179837,-17.884442,34.757081,63.502468,17.735904,-8.366109,-20.173090
67.000000,-83.191311,-59.318805,78.968424,-26.734106,1.731244,88.100803,-43.797485,11.811856,-0.299695,14.640203,-0.699202,-4.948533,-44.689211,-17.333811,-4.567817,16.358786,2.312610,8.517928,-6.781645,0.575056,29.793804,-50.549335,20.673012,-37.951284,71.304682,-16.012677,-8.057603,18.506818,-51.609852,-16.969783,34.269600,64.412201,19.226361,-8.522042,-20.800805
68.000000,-83.265740,-59.380955,78.619969,-28.653486,1.770134,88.400455,-46.733203,11.542891,-0.697697,15.794637,-0.703249,-5.007127,-47.594544,-17.549582,-4.145989,17.635070,2.090782,8.099541,-7.212993,0.764630,29.793804,-53.188428,19.642909,-38.333655,73.165540,-19.819763,-7.829492,18.254410,-54.861790,-16.499066,34.540062,65.040312,19.505203,-8.381375,-20.934234
69.000000,-83.344674,-59.324527,78.308046,-30.089172,2.150770,88.465154,-48.381532,11.221440,-0.550110,16.102313,-1.074676,-5.491490,-49.799299,-17.742050,-3.260222,18.421276,2.421644,8.426776,-7.396113,0.468867,29.793804,-55.077788,18.478001,-37.086513,74.022633,-21.545608,-6.533660,18.419398,-57.262346,-15.977723,35.108907,64.719498,19.378237,-6.084135,-19.499319
70.000000,-83.439279,-59.421068,77.871770,-32.011259,2.582921,88.678636,-51.404567,10.772222,-0.610328,17.584068,-1.193827,-5.287128,-53.249610,-18.199795,-2.312353,20.189337,2.239993,8.215947,-7.719846,0.380188,29.793804,-58.070904,17.903707,-36.291865,74.855595,-24.353096,-5.759325,18.697600,-60.625394,-16.056084,36.279810,64.841513,19.672388,-4.764742,-18.198686
71.000000,-83.485401,-59.448403,77.438349,-33.657853,2.835353,88.917394,-53.970362,10.458295,-0.649284,18.911218,-1.481508,-5.103458,-56.056933,-18.520504,-1.776158,21.727404,1.870167,8.014327,-7.643823,0.400896,29.793804,-60.477125,17.541007,-35.882095,74.586253,-25.826670,-5.583482,19.486103,-63.288990,-16.263900,37.236856,65.332959,19.812726,-4.272733,-17.406278
72.000000,-83.440912,-59.481019,77.016884,-35.038371,2.905468,88.994350,-56.161753,10.497935,-0.637385,20.093899,-1.851508,-5.165690,-58.382797,-18.541986,-1.510211,23.091077,1.321692,7.472160,-7.251913,0.814929,29.793804,-62.325654,17.134559,-35.701993,73.265957,-25.797548,-5.748837,20.569139,-65.513392,-16.744050,38.089458,66.145533,19.974620,-4.082448,-16.863165
73.000000,-83.385855,-59.534186,76.638472,-36.497519,2.817039,89.044683,-58.376780,10.657564,-0.760222,21.036557,-2.064646,-5.347888,-60.548807,-18.429099,-1.392487,24.102315,0.806832,6.617129,-6.758209,1.555393,29.793804,-63.894487,16.676168,-35.765435,71.139965,-24.595243,-6.019087,21.901309,-67.775728,-17.314022,38.635136,67.422778,20.147393,-3.854298,-15.763337
74.000000,-83.483499,-59.498912,76.402229,-37.868069,2.523264,89.514659,-60.246380,10.309162,-1.166184,21.443085,-1.984017,-5.265603,-61.951803,-18.728010,-1.666107,24.372471,0.448843,6.069428,-6.673915,2.493971,29.793804,-65.227241,16.339448,-36.042218,68.953232,-23.383580,-6.214709,23.472888,-69.784767,-17.962537,38.600722,68.800291,20.030100,-3.330592,-13.979160
75.000000,-83.724034,-59.441352,76.259774,-39.080597,2.070537,90.463244,-61.991166,9.402431,-1.820595,21.732791,-1.683563,-4.827952,-63.053608,-19.604526,-2.145485,24.652543,0.245097,6.216174,-6.987146,3.659723,29.793804,-66.428719,15.915516,-36.354792,67.144243,-22.592372,-6.065112,25.740481,-71.793505,-18.835478,38.245426,70.545841,19.668042,-2.656927,-11.763134
76.000000,-83.808136,-59.403622,76.133901,-40.127014,1.699065,91.289864,-63.385843,8.704587,-2.266982,21.767646,-1.312848,-4.459723,-64.150776,-20.328675,-2.561979,25.129849,0.091126,6.430563,-7.091646,4.526315,29.793804,-67.775332,15.639472,-36.611334,66.121928,-22.036311,-5.588040,27.942700,-73.759575,-19.655155,38.141941,72.270942,19.387412,-2.148869,-9.854080
77.000000,-83.555084,-59.338325,75.996172,-41.238133,1.565456,91.439673,-64.321920,8.857311,-2.214786,21.247136,-0.981289,-4.624504,-65.243442,-20.149934,-2.847087,25.251447,-0.023577,6.031886,-6.530207,4.656043,29.793804,-69.343762,15.867300,-36.596488,65.555001,-21.839503,-5.319780,28.562466,-75.551994,-20.042666,38.541760,73.263662,19.418033,-1.858154,-8.557092
78.000000,-83.221394,-59.502846,75.811601,-41.649044,1.591859,91.159561,-65.076827,9.475718,-2.249892,21.459882,-0.657034,-5.273540,-66.551758,-19.594011,-2.352192,26.351293,-0.177354,5.470061,-5.732367,4.609274,29.793804,-70.502941,15.750237,-35.987611,65.087004,-23.138984,-5.260677,27.011882,-77.045121,-20.057134,39.386064,74.648954,20.143129,-1.542547,-6.346166
79.000000,-83.017957,-59.407520,75.728488,-42.490369,1.459020,91.075160,-65.691762,9.793077,-2.225853,21.016743,-0.378248,-5.727041,-67.236560,-19.170425,-2.534307,26.265139,-0.222880,5.035281,-5.198876,4.527989,29.793804,-71.633474,15.781765,-35.014272,64.403172,-25.720006,-5.819816,24.660091,-78.375792,-19.898269,39.407009,75.345039,21.536590,-1.504706,-5.349575
80.000000,-82.978511,-59.485394,75.665873,-42.527849,1.243585,91.183836,-66.164739,9.842297,-2.519108,21.403301,-0.164611,-5.886118,-67.705377,-19.182764,-2.428304,27.005427,-0.298175,4.924375,-5.144622,4.910157,29.793804,-72.319204,15.652224,-33.959489,64.422802,-29.787859,-6.168623,21.542695,-79.018267,-19.587669,39.045794,76.442548,24.460644,-1.692096,-5.520336
81.000000,-82.905197,-59.350634,75.664002,-43.078781,1.022532,91.307560,-66.519076,9.870263,-2.512931,21.071634,-0.094354,-5.795995,-67.883071,-19.096994,-2.869374,26.762896,-0.395472,4.555036,-5.108787,5.128483,29.793804,-73.318693,15.825943,-32.961492,64.474971,-31.598108,-6.282827,20.276701,-79.671349,-19.196885,37.756883,76.781421,26.941130,-2.175623,-7.205937
82.000000,-82.827646,-59.344643,75.670832,-43.189653,0.855457,91.361491,-66.677598,9.943340,-2.636445,21.021026,0.000467,-5.769270,-67.939905,-18.960247,-2.991722,26.797629,-0.428059,4.158200,-5.006360,5.270261,29.793804,-74.128870,15.966406,-31.813959,64.490680,-31.974762,-6.276337,19.693872,-79.826354,-18.546696,36.159448,76.922499,28.957489,-2.764983,-9.524832
83.000000,-82.727534,-59.362286,75.713480,-43.088258,0.753965,91.327831,-66.592541,10.069024,-2.791655,20.971256,0.106536,-5.836893,-67.834058,-18.697829,-2.948918,26.838434,-0.391837,3.890206,-4.772753,5.259766,29.793804,-74.557300,16.063051,-30.448293,64.107923,-31.234732,-6.397871,19.520633,-79.635539,-17.871996,34.577884,76.720038,30.121172,-3.394958,-11.989538
84.000000,-82.615840,-59.389251,75.797540,-42.873073,0.679133,91.226517,-66.306534,10.260148,-2.935019,20.788811,0.279453,-5.911683,-67.572141,-18.372504,-2.900594,26.761035,-0.262465,3.790107,-4.474879,5.155475,29.793804,-74.454574,16.193742,-29.422177,63.458659,-30.017131,-6.481835,19.621964,-79.032979,-17.415077,33.661351,75.978328,30.619110,-4.090239,-14.747572
85.000000,-82.522541,-59.419531,75.916594,-42.552344,0.617847,91.110138,-65.811461,10.472906,-3.010450,20.437890,0.489314,-5.924270,-67.119258,-18.097457,-2.924773,26.534238,-0.111601,3.704514,-4.206480,5.025953,29.793804,-73.869951,16.329987,-29.190948,62.759186,-28.896365,-6.379709,19.848542,-77.814665,-17.152550,33.825733,74.435156,30.617863,-4.844697,-17.248444
86.000000,-82.477903,-59.451067,76.073635,-42.037641,0.578257,91.027674,-65.013832,10.629685,-3.001406,19.937501,0.688175,-5.935177,-66.373490,-17.939564,-2.999274,26.182275,0.036896,3.577124,-4.032796,4.895576,29.793804,-72.842171,16.322877,-29.426736,61.991576,-28.389003,-6.314953,20.115448,-75.986893,-17.033075,34.561898,72.227775,30.134395,-5.686825,-19.449104
87.000000,-82.541984,-59.482557,76.276726,-41.251184,0.513718,91.086389,-63.886591,10.573465,-2.986423,19.355708,0.858796,-5.951008,-65.217672,-18.019395,-3.178735,25.715334,0.214710,3.597392,-4.049478,4.920147,29.793804,-71.337706,16.021491,-29.568084,61.009203,-28.475655,-6.525155,20.263955,-73.736523,-16.971546,34.908007,69.772609,29.338893,-6.526127,-21.569232
88.000000,-82.626724,-59.498292,76.523077,-40.173155,0.394974,91.233462,-62.410027,10.443365,-2.999345,18.702002,0.981355,-6.034751,-63.644659,-18.201938,-3.522151,25.197661,0.386063,3.800343,-4.171825,5.137828,29.793804,-69.386833,15.540040,-29.608037,59.799932,-28.278607,-6.880879,20.128492,-71.206990,-16.810593,34.391317,67.379420,28.527477,-7.173031,-23.594084
89.000000,-82.628357,-59.469217,76.814890,-38.810517,0.258193,91.304078,-60.511398,10.485323,-2.987768,17.930988,1.038827,-6.214299,-61.678862,-18.245288,-3.964433,24.638454,0.490038,4.077084,-4.227162,5.353195,29.793804,-67.082122,15.158000,-29.870661,58.423177,-26.992330,-7.141814,19.663677,-68.460912,-16.418897,33.156781,65.147806,27.811890,-7.559507,-25.361746
90.000000,-82.560050,-59.385902,77.151513,-37.298940,0.172235,91.215053,-58.273992,10.729678,-2.883473,16.996767,1.099483,-6.401233,-59.462944,-18.077842,-4.358860,23.938053,0.581261,4.364127,-4.113177,5.217799,29.793804,-64.532433,15.107340,-30.397190,56.863989,-24.892619,-7.435010,18.900867,-65.562364,-15.714435,31.584311,62.985587,27.084289,-7.796081,-26.620729
91.000000,-82.530504,-59.268856,77.529031,-35.555879,0.130960,91.061527,-55.713494,10.981827,-2.706019,16.069167,1.099675,-6.621793,-56.877526,-17.874258,-4.736424,23.043474,0.710113,4.664230,-4.076519,4.884816,29.793804,-61.527553,15.222987,-30.768756,54.994252,-22.980812,-7.802473,18.140877,-62.474115,-14.825491,30.061561,60.810486,26.010395,-7.910366,-27.082494
92.000000,-82.566524,-59.160185,77.909690,-33.539781,0.120791,90.942771,-52.906959,11.150914,-2.446107,15.282763,0.965129,-6.793401,-53.955947,-17.804696,-5.208778,22.073245,0.841686,5.086746,-4.255035,4.535427,29.793804,-57.954046,15.412267,-31.036414,52.822989,-21.555000,-8.254346,17.712033,-59.074258,-14.178794,29.285778,58.409251,24.455707,-8.028500,-27.178735
93.000000,-82.607168,-59.047866,78.274649,-31.418646,0.163959,90.823317,-49.964623,11.297543,-2.073769,14.534211,0.685963,-6.829909,-50.942372,-17.836494,-5.734057,21.115364,0.956179,5.642431,-4.545483,4.164424,29.793804,-54.036345,15.664342,-31.550293,50.487672,-20.135048,-8.707111,17.920919,-55.393476,-13.880956,29.478396,55.600346,22.562111,-8.317556,-27.465639
94.000000,-82.619083,-58.898211,78.636909,-29.289259,0.291401,90.612145,-46.883310,11.467729,-1.627585,13.702537,0.357572,-6.674057,-47.959341,-17.864860,-6.140961,20.188793,1.038201,6.255012,-4.620768,3.778440,29.793804,-50.105090,15.811441,-32.547228,48.126998,-18.462097,-9.133261,18.960006,-51.433459,-14.147211,30.377031,52.167141,20.815024,-8.866275,-28.169732
95.000000,-82.631958,-58.687061,79.013401,-27.047236,0.427101,90.326011,-43.586248,11.640437,-1.230565,12.851949,0.011941,-6.465633,-44.802523,-17.847692,-6.459257,19.247149,1.072565,6.932017,-4.571071,3.467132,29.793804,-46.123178,15.718212,-33.690697,45.736767,-16.956763,-9.610306,20.520532,-47.257546,-14.863359,31.154610,48.406326,19.388831,-9.445465,-28.987408
96.000000,-82.675320,-58.390552,79.404396,-24.647450,0.484267,90.101695,-40.108134,11.754858,-0.927182,12.085901,-0.368170,-6.322617,-41.284583,-17.846080,-6.888436,18.209279,1.061178,7.728855,-4.810787,3.215064,29.793804,-41.956985,15.533710,-34.414892,43.268791,-15.714689,-10.136119,21.805833,-43.170204,-15.381950,31.029826,45.031523,17.823800,-9.796584,-28.957372
97.000000,-82.776517,-58.038580,79.789305,-22.237388,0.493830,90.076893,-36.641711,11.699620,-0.678219,11.344812,-0.636126,-6.054017,-37.615792,-18.002323,-7.452903,17.125805,1.121471,8.492111,-5.371424,2.855035,29.793804,-37.850760,15.764575,-34.909674,40.657633,-14.343629,-10.508925,22.441130,-39.280558,-15.907618,30.317782,41.838546,16.529611,-9.909584,-27.815860
98.000000,-82.908630,-57.589990,80.147630,-20.037928,0.461434,90.003172,-33.347955,11.700024,-0.393115,10.669445,-1.148142,-5.689202,-34.081015,-18.110424,-8.036810,15.967732,0.938083,8.874032,-5.873236,2.339882,29.793804,-34.454244,16.550791,-35.556814,38.053801,-12.934650,-10.831545,22.484421,-35.881634,-16.260362,29.338733,39.030621,15.482456,-9.640603,-25.149086
99.000000,-82.884300,-57.070774,80.510044,-17.703673,0.366430,89.844882,-29.891893,11.921551,-0.139034,10.086871,-1.646086,-5.728638,-30.472377,-17.929709,-8.519399,15.072412,0.656042,9.024505,-6.178729,1.940325,29.793804,-31.385597,17.037337,-36.300994,35.567363,-11.537394,-11.119060,23.070531,-32.860166,-16.800133,28.516878,36.609763,14.848942,-9.438381,-23.871733
100.000000,-82.876569,-56.535912,80.832970,-15.380454,0.231441,89.744172,-26.389180,12.116868,0.010506,9.370176,-2.087466,-5.643335,-26.845741,-17.729318,-8.967675,14.184322,0.332803,9.176769,-6.364695,1.591131,29.793804,-28.695373,16.960301,-36.770918,33.270985,-10.468853,-11.270084,24.317980,-30.031761,-17.411346,27.990141,34.260324,13.875489,-9.458316,-23.742595
101.000000,-82.865977,-56.035727,81.104726,-13.201225,-0.013603,89.740813,-23.163297,12.392116,0.143594,8.713773,-2.362931,-5.282418,-23.309050,-17.475379,-9.559177,13.216425,-0.203438,8.869779,-6.505576,1.323280,29.793804,-26.636174,17.133150,-36.971302,31.080988,-10.394071,-11.476806,25.530699,-27.713877,-18.717346,28.084254,31.811808,13.497213,-10.433043,-23.987606
102.000000,-82.859826,-55.512184,81.358385,-11.234060,-0.249137,89.812179,-20.017382,12.619314,0.212899,7.759710,-2.503690,-4.942060,-19.890631,-17.225151,-10.119758,12.064182,-0.545945,8.592866,-6.639145,1.177652,29.427795,-24.870421,17.603783,-36.700017,28.893544,-10.661700,-11.579653,25.866102,-25.664900,-20.652072,28.438705,29.346092,13.902303,-11.382191,-23.292601
103.000000,-82.854438,-54.996330,81.592315,-9.542410,-0.381532,89.889055,-17.040379,12.735121,0.290506,6.546061,-2.560735,-5.024998,-16.825775,-17.045567,-10.569232,10.895835,-0.654421,8.686704,-6.735542,1.148071,28.786983,-23.284477,17.926002,-36.077281,26.680116,-10.659624,-11.606891,25.186628,-23.634732,-22.677179,28.437581,26.729527,14.267210,-11.633319,-21.304535
104.000000,-82.837880,-54.411608,81.805885,-7.887038,-0.500756,89.988030,-14.043134,12.843299,0.330674,5.323542,-2.630976,-5.209060,-13.702421,-16.858331,-11.114780,9.663381,-0.809463,8.743086,-6.727765,1.353515,28.223236,-21.921842,18.193240,-35.446158,24.294484,-10.634362,-11.560864,24.253698,-21.633403,-24.974358,28.271181,23.869080,14.700459,-11.647908,-18.802741
105.000000,-82.732922,-52.994508,81.878674,-5.362718,-0.461612,90.230808,-8.942446,12.767740,0.869220,3.760637,-4.037887,-5.429641,-7.754864,-16.441826,-12.608616,6.770687,-1.706054,9.147599,-6.264311,1.391805,25.439574,-17.223978,18.920010,-35.566093,20.962590,-10.464763,-11.555345,23.300021,-16.398845,-27.664202,28.500638,20.273345,15.561440,-11.727510,-16.463150
106.000000,-82.816541,-53.224254,82.010514,-6.160381,-0.518803,90.175993,-10.087568,12.852773,0.571292,3.391238,-2.835717,-5.138577,-9.514017,-16.704896,-11.910036,7.598612,-1.181885,8.698270,-6.065343,2.005099,23.944437,-17.073385,19.072101,-34.472289,18.174322,-9.832877,-11.381246,22.675859,-15.279261,-29.635231,28.012520,16.963598,15.978705,-11.822678,-15.161645
107.000000,-82.681888,-51.932728,81.928194,-5.056065,-0.303058,90.198178,-7.153460,12.698028,1.280892,2.859459,-4.545191,-5.269975,-6.024311,-16.496650,-12.872832,5.912102,-2.471006,9.003641,-5.041441,1.857500,20.018607,-12.521106,20.283338,-33.993561,14.169250,-9.721746,-11.429913,21.427678,-10.296819,-31.765332,27.861711,12.964182,16.503527,-11.934866,-13.871554
108.000000,-82.614410,-51.400828,81.940007,-4.801305,-0.209198,89.914312,-6.035859,12.776192,1.744160,2.399537,-4.849714,-5.323019,-5.175700,-16.457800,-12.855647,5.509243,-2.812523,8.899398,-4.072114,1.891902,17.617553,-9.757455,21.239967,-32.820002,10.099796,-9.906436,-11.273215,20.481874,-7.006141,-32.992279,27.068260,8.866908,16.493804,-12.305510,-13.305714
109.000000,-82.536113,-50.885648,81.948316,-4.579823,-0.132254,89.650317,-5.034450,12.867923,2.212696,2.040784,-5.136340,-5.372973,-4.416685,-16.412569,-12.873423,5.194075,-3.168296,8.707770,-3.212420,1.962684,15.519067,-7.585778,22.064757,-31.607394,6.396979,-10.329085,-10.992407,19.985386,-4.378035,-33.866158,26.095757,5.093556,16.722043,-12.913833,-13.435562
110.000000,-82.444310,-50.411594,81.939006,-4.428586,-0.070339,89.488866,-4.239765,12.944710,2.586661,1.779274,-5.399315,-5.322923,-3.757773,-16.366841,-12.911638,4.941105,-3.531750,8.491429,-2.565381,2.008082,13.477541,-5.967370,22.980294,-30.630571,3.038536,-10.754217,-10.755661,19.976738,-2.456360,-34.447707,25.039636,1.922613,17.060303,-13.490711,-14.231547
111.000000,-82.347095,-49.962443,81.919223,-4.340922,-0.021808,89.401476,-3.626710,13.005283,2.822260,1.616554,-5.658931,-5.228039,-3.225960,-16.334964,-12.939864,4.816764,-3.866905,8.319102,-2.083411,2.004021,11.480695,-4.991260,24.046729,-29.836377,-0.068473,-11.022640,-10.606754,20.063957,-1.270056,-34.711250,23.909134,-0.634358,17.013385,-13.614810,-15.071429
112.000000,-82.240462,-49.519175,81.902701,-4.231290,0.004722,89.364597,-3.074782,13.070738,2.891599,1.552222,-5.924743,-5.149688,-2.704788,-16.301611,-13.024820,4.796967,-4.175938,8.262993,-1.697189,1.998590,9.728742,-4.738282,25.148328,-29.154208,-2.844609,-10.719416,-10.531470,20.249938,-0.640472,-34.574599,22.717163,-2.838829,16.636831,-13.434490,-15.462211
113.000000,-82.112521,-49.103078,81.887597,-4.076637,0.007609,89.346974,-2.578152,13.169594,2.873922,1.612688,-6.187271,-5.062687,-2.185443,-16.227286,-13.118340,4.845581,-4.516594,8.221062,-1.343103,2.007763,8.276929,-5.206621,26.191221,-28.627263,-4.986382,-9.582444,-10.369055,20.819419,-0.418186,-34.005494,21.568479,-4.840629,16.319052,-13.430009,-15.727901
114.000000,-81.976616,-48.733672,81.867969,-3.923704,0.023439,89.315414,-2.178715,13.263617,2.883173,1.783014,-6.417638,-4.890224,-1.748974,-16.148440,-13.130002,4.957647,-4.907732,8.103926,-0.980342,1.988303,7.015852,-6.200737,26.988063,-28.485705,-6.303503,-8.066724,-10.021639,22.089395,-0.699456,-33.152919,20.560558,-6.620357,15.963807,-13.595536,-16.537321
115.000000,-81.861901,-48.418513,81.846476,-3.822774,0.065777,89.312932,-1.934393,13.308634,2.894275,2.030837,-6.605277,-4.691594,-1.444400,-16.131099,-13.124741,5.142801,-5.290448,7.955848,-0.675615,1.931859,5.864200,-7.492800,27.400974,-28.700291,-6.897116,-7.126868,-9.679035,23.791583,-1.832195,-32.153542,19.639651,-7.988588,15.048261,-13.428252,-17.958622
116.000000,-81.781965,-48.163179,81.828719,-3.752295,0.111592,89.390090,-1.812163,13.309672,2.826293,2.296432,-6.757798,-4.550610,-1.236277,-16.183098,-13.192007,5.405073,-5.579324,7.828853,-0.541145,1.860387,4.837843,-8.923918,27.478454,-28.898001,-6.998593,-7.057764,-9.495732,25.144191,-3.893246,-31.188286,18.836656,-8.829100,13.724810,-12.705662,-19.100421
117.000000,-81.723154,-47.968808,81.808203,-3.681183,0.127295,89.538843,-1.748748,13.318975,2.685070,2.527800,-6.886378,-4.451665,-1.085988,-16.236943,-13.294892,5.725944,-5.777208,7.656166,-0.590882,1.792925,3.942951,-10.543437,27.378294,-28.732990,-6.715878,-7.422240,-9.351587,25.712730,-6.638028,-30.419795,18.322483,-9.066393,12.791931,-11.897993,-19.419816
118.000000,-81.751096,-48.570243,81.936026,-3.878649,0.005300,89.626129,-3.029529,13.501632,2.096760,3.050608,-5.830728,-4.103964,-2.958332,-16.500255,-12.485241,7.650994,-5.405251,7.014896,-0.947465,1.963683,4.262073,-13.599511,26.569146,-28.003332,-5.396471,-7.789110,-9.065719,25.694075,-10.585437,-29.502323,18.072973,-8.307334,12.145695,-11.388054,-18.955932
119.000000,-81.643820,-47.708488,81.754118,-3.630832,0.129816,89.837905,-1.785476,13.348406,2.469914,2.904013,-7.063020,-4.087076,-1.037914,-16.316536,-13.394092,6.442767,-6.178089,7.219125,-0.871670,1.652990,2.509875,-15.127004,26.554350,-27.384580,-4.771349,-8.886121,-8.927829,25.464417,-13.523716,-29.578889,17.973047,-7.356362,12.007716,-10.971850,-18.436629
120.000000,-81.687987,-48.350599,81.891704,-3.744639,0.029794,89.887749,-3.013135,13.488894,1.960267,3.507923,-6.043518,-3.788283,-2.822680,-16.600681,-12.598698,8.306995,-5.828495,6.679534,-1.168773,1.726759,3.023483,-18.505713,25.616947,-26.425853,-3.209811,-9.573337,-8.710077,25.449602,-17.437495,-28.846054,17.908117,-5.701112,11.211278,-10.732030,-18.984535
121.000000,-81.662762,-48.319131,81.886709,-3.783184,0.064076,89.938422,-3.148225,13.458182,1.932484,3.694244,-6.057107,-3.795710,-2.995672,-16.666662,-12.561894,8.647185,-5.951639,6.582821,-1.206166,1.605297,2.629262,-21.860094,25.132873,-25.540377,-1.574372,-9.581480,-8.530279,25.528199,-21.129568,-28.382962,18.162718,-3.606546,11.374873,-10.462645,-20.171237
122.000000,-81.637180,-48.308891,81.884289,-3.807746,0.078251,89.981885,-3.237448,13.445781,1.903393,3.797265,-6.056949,-3.840203,-3.036715,-16.677821,-12.567535,8.733436,-5.971648,6.513507,-1.235606,1.529981,2.249430,-25.377021,24.701060,-24.836863,0.294229,-8.510578,-8.162365,25.822987,-24.446628,-27.796809,18.723251,-1.235942,13.000204,-10.121245,-20.423895
123.000000,-81.618410,-48.328617,81.881577,-3.874960,0.087946,89.993571,-3.368850,13.443260,1.901523,3.861675,-6.028327,-3.855745,-3.128168,-16.675902,-12.559298,8.758069,-5.952784,6.460171,-1.250608,1.493280,1.967914,-29.036995,24.122249,-24.331138,2.504494,-7.166808,-7.621888,26.365244,-27.590530,-27.222305,19.225794,1.243493,15.272653,-9.543596,-19.227286
124.000000,-81.607211,-48.389861,81.882167,-3.962815,0.094442,89.958508,-3.551799,13.452822,1.920055,3.945557,-5.980492,-3.876393,-3.318825,-16.667157,-12.501469,8.815952,-5.906541,6.410659,-1.208374,1.446427,1.830851,-32.726968,23.492726,-23.951932,5.127276,-6.511265,-7.107532,26.822245,-30.790325,-26.801097,19.420248,3.868491,16.883249,-8.958910,-18.197852
125.000000,-81.606334,-48.486060,81.887412,-4.038868,0.090721,89.910242,-3.768126,13.465236,1.916571,4.067352,-5.922218,-3.940571,-3.568138,-16.650621,-12.406633,8.926267,-5.846401,6.371454,-1.111987,1.382733,1.822800,-36.384950,23.024935,-23.632946,8.179067,-6.631462,-6.780859,26.767773,-34.007737,-26.536566,19.509225,6.697866,17.497107,-8.822534,-18.821278
126.000000,-81.633109,-48.586026,81.895363,-4.100862,0.079497,89.906515,-3.997419,13.450102,1.875776,4.203694,-5.853425,-4.018656,-3.793698,-16.657363,-12.345714,9.039217,-5.772577,6.395060,-1.051286,1.366355,1.904908,-39.954257,22.714535,-23.448413,11.565938,-7.039989,-6.628070,26.171852,-37.078293,-26.328994,19.826122,9.692042,17.671492,-8.979622,-20.324930
127.000000,-81.697214,-48.669845,81.905490,-4.156472,0.072121,89.950601,-4.217147,13.397886,1.841911,4.330889,-5.772137,-4.068463,-3.960972,-16.714330,-12.343309,9.115759,-5.665036,6.487296,-1.116922,1.434161,2.068517,-43.322930,22.401251,-23.560319,15.170067,-7.470007,-6.568336,25.467298,-40.041267,-26.079663,20.420691,12.841870,17.858288,-8.921782,-21.115388
128.000000,-81.776392,-48.743427,81.915867,-4.204286,0.072458,89.984971,-4.410348,13.342402,1.858073,4.451337,-5.692865,-4.100443,-4.104268,-16.793980,-12.339999,9.172005,-5.535630,6.559277,-1.279988,1.527325,2.311041,-46.389514,21.978034,-24.011554,18.945051,-8.026275,-6.600464,24.950063,-43.059217,-25.783546,21.120601,16.203538,18.103319,-8.508274,-20.737638
129.000000,-81.842482,-48.814815,81.922054,-4.246581,0.075602,89.964748,-4.575803,13.311524,1.908206,4.571697,-5.633403,-4.129641,-4.258261,-16.853239,-12.297326,9.224380,-5.428664,6.559014,-1.407416,1.575608,2.603165,-49.169302,21.442932,-24.603053,22.806085,-8.857552,-6.787732,24.397666,-46.098702,-25.568936,21.836320,19.690920,18.438702,-7.929180,-19.680087
130.000000,-81.898886,-48.882598,81.923586,-4.294913,0.073691,89.895189,-4.723467,13.296131,1.956279,4.684160,-5.595529,-4.147080,-4.418843,-16.884315,-12.238882,9.248085,-5.344099,6.545114,-1.409306,1.573001,2.909555,-51.793437,20.879671,-25.094325,26.615973,-9.911077,-7.085291,23.509680,-48.944453,-25.580011,22.694248,23.106721,19.063592,-7.319378,-18.805384
131.000000,-81.967652,-48.949796,81.926513,-4.355234,0.067176,89.789122,-4.860470,13.277589,2.023536,4.780551,-5.568239,-4.171088,-4.587526,-16.905837,-12.159887,9.228229,-5.230694,6.599202,-1.328921,1.563841,3.208045,-54.404386,20.341688,-25.431228,30.533623,-10.955828,-7.320682,22.293068,-51.772940,-25.608143,23.634881,26.973887,19.945556,-6.720733,-18.167134
132.000000,-82.049900,-49.034521,81.938207,-4.413377,0.067321,89.650264,-4.988560,13.252603,2.140323,4.862144,-5.522878,-4.200208,-4.775362,-16.929560,-12.025479,9.178471,-5.061522,6.706603,-1.218184,1.542840,3.569743,-57.177160,19.707678,-25.769583,35.018366,-11.765654,-7.302494,21.361137,-54.682553,-25.328592,24.665869,31.369136,21.065910,-6.340069,-17.975999
133.000000,-82.127315,-49.139652,81.957901,-4.456619,0.077381,89.503089,-5.104519,13.228117,2.288012,4.924448,-5.447627,-4.260114,-4.956959,-16.950183,-11.874733,9.103289,-4.860559,6.831074,-1.074893,1.516648,4.037701,-60.146953,18.782593,-26.029868,40.135773,-12.366155,-7.138141,21.092244,-57.568973,-24.740228,25.593060,35.660062,22.259458,-6.318353,-18.155160
134.000000,-82.188541,-49.254534,81.980026,-4.519463,0.086229,89.384822,-5.246149,13.209374,2.419401,4.954115,-5.333296,-4.374745,-5.130091,-16.958357,-11.786601,8.988234,-4.637584,6.980237,-0.916741,1.509040,4.597554,-63.212588,17.728552,-25.927036,45.064488,-13.021844,-7.161791,21.190991,-60.319067,-24.235297,26.218448,38.965932,23.160263,-6.536816,-18.308833
135.000000,-82.246268,-49.379453,82.002896,-4.614437,0.083023,89.341753,-5.445214,13.182087,2.500638,4.952969,-5.179012,-4.531652,-5.307343,-16.972776,-11.788708,8.863345,-4.363522,7.169673,-0.875215,1.517506,5.197934,-66.199464,17.020714,-25.547354,48.863484,-13.913157,-7.507225,21.112934,-62.997594,-24.044708,26.574610,41.382327,23.552507,-6.597267,-18.357373
136.000000,-82.322812,-49.524522,82.027513,-4.710391,0.047244,89.412875,-5.709629,13.143113,2.501099,4.957420,-5.014777,-4.650629,-5.481122,-17.009621,-11.877673,8.785857,-4.050467,7.366534,-1.077202,1.539063,5.800231,-69.042434,16.875794,-25.392796,51.732693,-14.919667,-7.929643,20.611016,-65.718209,-24.010046,26.982830,43.850306,23.792967,-6.294835,-18.374438
137.000000,-82.430029,-49.678355,82.044560,-4.840100,-0.065481,89.578855,-6.082398,13.142352,2.384444,5.008316,-4.931034,-4.654680,-5.671018,-17.018994,-12.049587,8.732065,-3.773580,7.555295,-1.424118,1.625770,6.388303,-71.849752,17.059198,-25.967606,54.744933,-16.013151,-8.119855,19.762044,-68.443563,-23.897044,27.713817,46.951595,24.359719,-5.791913,-18.128186
138.000000,-82.462341,-49.785829,82.055074,-5.048159,-0.149087,89.721175,-6.505573,13.181200,2.293195,5.067147,-4.842707,-4.748479,-5.943006,-17.002889,-12.193163,8.737056,-3.651424,7.581301,-1.631668,1.746953,6.971318,-74.661269,17.140717,-27.277303,58.486807,-17.334995,-8.147554,18.910567,-71.098226,-23.743076,28.829631,50.412885,25.502350,-5.393153,-17.595337
139.000000,-82.477796,-49.825442,82.062113,-5.256903,-0.200650,89.736944,-6.756772,13.233283,2.317326,5.000713,-4.743029,-4.920444,-6.177870,-16.947632,-12.193891,8.663449,-3.532454,7.638151,-1.732615,1.884756,7.615361,-77.188917,17.130000,-28.649512,62.393819,-18.867329,-8.231140,18.098984,-73.574333,-23.385770,29.930254,53.647181,26.660779,-5.135581,-16.908750
140.000000,-82.490629,-49.845761,82.080841,-5.477959,-0.210613,89.674388,-6.984144,13.265394,2.415716,4.957939,-4.610075,-5.086878,-6.437383,-16.899256,-12.072006,8.557068,-3.364102,7.711756,-1.888628,1.926955,8.311409,-79.358677,17.280997,-29.659041,65.628679,-20.374642,-8.505123,17.337158,-75.929738,-22.888522,30.665674,56.315695,27.413728,-5.012869,-16.450509
141.000000,-82.511783,-49.819297,82.102567,-5.713163,-0.202615,89.509719,-7.156588,13.303772,2.645919,4.922035,-4.500746,-5.195808,-6.738707,-16.856524,-11.905832,8.487495,-3.166484,7.764407,-2.037671,1.853863,8.936005,-81.181730,17.714505,-30.353108,67.991282,-21.532803,-8.845320,16.598014,-78.066446,-22.333872,31.040232,58.466979,27.796846,-4.962016,-16.221435
142.000000,-82.506043,-49.749956,82.130742,-5.934451,-0.190998,89.182323,-7.140494,13.417087,3.058511,4.770720,-4.462849,-5.280469,-7.066552,-16.757813,-11.692362,8.442478,-2.978263,7.804944,-2.006429,1.749638,9.391694,-82.757352,18.226683,-31.083491,69.919308,-22.272630,-9.064901,15.783710,-79.878038,-21.813343,31.271731,60.463642,28.055250,-4.912923,-16.002903
143.000000,-82.510179,-49.736431,82.143652,-6.135892,-0.207985,88.916603,-7.264710,13.540514,3.360795,4.749598,-4.415236,-5.429016,-7.392438,-16.655848,-11.598557,8.408271,-2.810594,7.839608,-1.868161,1.708924,9.813635,-84.376598,18.528529,-32.210055,71.868166,-22.912428,-9.212061,14.792084,-81.587306,-21.476159,31.597135,62.642096,28.416428,-4.787409,-15.585636
144.000000,-82.548350,-49.753588,82.164752,-6.329423,-0.211559,88.801069,-7.480763,13.564801,3.507795,4.795186,-4.373422,-5.518317,-7.639704,-16.633382,-11.564595,8.310861,-2.631248,7.948849,-1.771913,1.713954,10.222435,-86.043206,18.556311,-33.572282,73.833614,-23.586175,-9.299278,13.897668,-83.365901,-21.320932,32.112814,64.898470,28.811036,-4.542270,-15.034332
145.000000,-82.576323,-49.584916,82.165241,-6.514793,-0.178251,88.548602,-7.344367,13.584924,3.844722,4.556314,-4.350208,-5.536373,-7.768473,-16.596796,-11.347884,8.153963,-2.489894,8.042565,-1.590449,1.644018,10.458723,-87.416176,18.522228,-34.891140,75.525643,-24.248906,-9.235979,13.331646,-85.016778,-21.169254,32.748787,66.924420,29.024353,-4.217513,-14.581532
146.000000,-82.614893,-49.699292,82.192934,-6.725213,-0.199454,88.678250,-7.842083,13.554042,3.720567,4.768047,-4.213783,-5.642108,-7.979657,-16.637921,-11.517763,8.030655,-2.324815,8.071684,-1.725018,1.580480,10.837144,-88.777248,18.460333,-36.205713,76.921570,-25.011755,-9.290375,12.565879,-86.652431,-21.246895,33.551532,68.697442,29.260151,-3.860201,-14.130955
147.000000,-82.626754,-49.581605,82.212776,-6.883116,-0.199825,88.488905,-7.748138,13.621281,3.947205,4.572601,-4.213753,-5.694952,-8.064020,-16.573983,-11.437184,7.885369,-2.201029,8.127131,-1.621603,1.477161,10.995493,-89.712185,18.457789,-37.163210,78.083132,-25.446085,-9.230384,12.055705,-87.872959,-21.117866,34.164333,70.380878,29.378307,-3.512456,-13.741486
148.000000,-82.721674,-49.632436,82.227546,-7.050615,-0.226153,88.759892,-8.290347,13.459800,3.653724,4.946416,-4.185057,-5.667693,-8.148289,-16.746300,-11.774283,7.801182,-2.027378,8.266641,-1.850676,1.545960,11.278663,-90.729426,18.217195,-37.892243,79.135801,-25.660329,-9.327924,11.684873,-89.033736,-21.256350,34.861070,71.810341,29.797875,-3.301290,-13.320634
149.000000,-82.738352,-49.562523,82.234502,-7.089126,-0.231847,88.802652,-8.380778,13.455899,3.596827,5.010660,-4.204788,-5.667370,-8.158303,-16.752714,-11.826062,7.782517,-2.016049,8.279822,-1.878397,1.551676,11.466790,-91.216685,18.166157,-37.984113,79.583643,-25.780549,-9.451028,11.498438,-89.590628,-21.232179,34.986257,72.350855,29.968124,-3.372455,-13.083372
150.000000,-82.715595,-49.405110,82.233852,-7.182455,-0.207944,88.512772,-8.154813,13.572265,3.933641,4.867493,-4.314039,-5.756685,-8.198398,-16.639625,-11.590822,7.679585,-2.021575,8.338461,-1.640840,1.435570,11.554416,-91.764466,18.120625,-38.532755,80.283184,-25.656996,-9.326754,11.347389,-90.194724,-20.996099,35.171325,73.192840,30.001432,-3.262178,-12.947143
151.000000,-82.727039,-49.362311,82.240480,-7.199407,-0.208882,88.476217,-8.159861,13.577717,3.968610,4.883832,-4.317929,-5.757416,-8.227525,-16.633227,-11.552586,7.680679,-2.005525,8.345173,-1.593890,1.397562,11.665213,-92.044654,18.080728,-38.646228,80.538934,-25.685905,-9.363073,11.251330,-90.485322,-20.947355,35.166663,73.483915,30.049325,-3.313469,-12.850751
152.000000,-82.732224,-49.323714,82.242602,-7.215973,-0.209459,88.469738,-8.161415,13.577784,3.971684,4.889747,-4.324542,-5.758107,-8.236957,-16.633027,-11.546100,7.687901,-2.002932,8.352551,-1.587062,1.388022,11.723534,-92.196263,18.070674,-38.727531,80.685865,-25.669005,-9.382366,11.196919,-90.624159,-20.922428,35.164491,73.618648,30.066595,-3.349156,-12.810617
153.000000,-82.737494,-49.203148,82.226318,-7.405661,-0.234869,88.461500,-8.183063,13.593151,3.951109,4.841589,-4.388665,-5.767291,-8.332311,-16.612579,-11.555796,7.757081,-2.006119,8.427034,-1.678583,1.440774,11.650168,-92.555060,18.086131,-39.422452,81.306640,-25.040766,-9.279687,11.106349,-90.846707,-20.686582,35.101893,73.887108,29.969716,-3.420712,-12.954160
154.000000,-82.737988,-49.204755,82.225710,-7.447482,-0.231757,88.469325,-8.244311,13.587741,3.940773,4.857002,-4.385150,-5.764670,-8.385248,-16.619723,-11.559643,7.768248,-2.000927,8.427049,-1.706301,1.381028,11.645648,-92.688051,18.068465,-39.500551,81.485011,-24.981963,-9.324444,11.068697,-90.933587,-20.624461,35.024076,73.971283,29.945827,-3.459300,-12.971599
155.000000,-82.737720,-49.204889,82.225227,-7.457611,-0.227426,88.471960,-8.259780,13.582388,3.938429,4.862004,-4.385054,-5.763520,-8.399664,-16.625621,-11.559556,7.773871,-2.002009,8.427488,-1.713136,1.359212,11.650393,-92.734783,18.063330,-39.525980,81.547179,-24.981791,-9.351641,11.048362,-90.966816,-20.609298,34.999037,74.003952,29.937628,-3.473672,-12.968449
156.000000,-82.734925,-49.183637,82.223773,-7.459049,-0.225892,88.475139,-8.240919,13.581577,3.939053,4.858092,-4.400375,-5.757194,-8.382125,-16.628162,-11.568261,7.777428,-2.019150,8.418025,-1.719770,1.353134,11.635994,-92.704409,18.071422,-39.513000,81.522399,-24.930692,-9.372086,11.048796,-90.926962,-20.603320,34.930889,73.939946,29.895198,-3.509958,-13.012435
157.000000,-82.699722,-48.926753,82.190573,-7.455914,-0.229945,88.548849,-8.007938,13.582635,3.905867,4.834561,-4.604479,-5.670216,-8.105275,-16.647476,-11.724035,7.793056,-2.236273,8.293485,-1.817647,1.385759,11.403727,-92.071790,18.180613,-39.187118,80.877697,-24.211644,-9.497264,11.170742,-90.214662,-20.577970,34.113831,72.906402,29.368007,-3.919632,-13.644955
158.000000,-82.698244,-48.921373,82.189721,-7.467646,-0.227416,88.575525,-8.030505,13.571136,3.880126,4.843661,-4.610421,-5.664018,-8.097661,-16.657377,-11.751960,7.787457,-2.247017,8.291276,-1.852092,1.344433,11.264758,-91.779424,18.208079,-39.148800,80.639939,-24.028590,-9.462154,11.276622,-89.827841,-20.557621,33.957488,72.540065,29.174835,-3.898333,-13.863754
159.000000,-82.690054,-48.903999,82.189435,-7.473457,-0.224944,88.586687,-8.020321,13.571761,3.874980,4.830972,-4.615031,-5.661221,-8.087413,-16.657778,-11.760660,7.793999,-2.266205,8.279531,-1.861056,1.322467,11.158292,-91.580501,18.213738,-39.091686,80.485262,-23.946269,-9.440676,11.355129,-89.579352,-20.548607,33.858761,72.319464,29.101018,-3.887887,-14.008230
160.000000,-82.608289,-48.784322,82.182938,-7.398400,-0.240147,88.679828,-7.819428,13.619752,3.827597,4.742108,-4.670348,-5.644187,-7.886347,-16.622746,-11.835768,7.878870,-2.448662,8.163997,-1.898668,1.287265,10.834790,-90.821538,18.237011,-38.533479,79.840465,-23.609754,-9.547325,11.629968,-88.647844,-20.578692,33.332211,71.534484,28.981848,-4.165873,-14.659521
161.000000,-82.615370,-48.743719,82.182688,-7.355424,-0.263203,88.843088,-7.808668,13.583953,3.680606,4.738329,-4.705202,-5.611941,-7.769361,-16.678554,-12.020301,7.945978,-2.500790,8.155371,-2.104733,1.357929,10.611245,-89.873876,18.468442,-38.225304,78.775092,-23.823145,-9.884593,11.928107,-88.088444,-20.626287,33.026171,71.215848,29.310387,-4.389106,-15.212385
162.000000,-82.595932,-48.690689,82.179534,-7.327799,-0.264082,88.870957,-7.697785,13.589754,3.677265,4.658140,-4.751692,-5.583838,-7.673081,-16.679392,-12.068372,7.946689,-2.560013,8.111459,-2.289809,1.377444,10.386671,-88.590689,19.009277,-37.490857,77.112071,-24.001249,-10.384824,12.936761,-87.308109,-20.613053,32.430145,70.458387,29.863155,-4.937998,-15.837641
163.000000,-82.573175,-48.612368,82.175696,-7.307023,-0.247848,88.859355,-7.558821,13.584297,3.711742,4.580361,-4.775461,-5.513987,-7.555549,-16.674186,-12.091871,7.899842,-2.621638,8.057922,-2.488941,1.326959,10.172015,-86.660477,19.970816,-35.916690,74.289584,-23.293605,-11.059624,14.741020,-85.763858,-20.806525,31.542295,68.294665,30.194214,-5.953722,-16.830882
164.000000,-82.535714,-48.495871,82.168186,-7.281402,-0.214212,88.791315,-7.351724,13.585044,3.811602,4.489919,-4.806973,-5.398412,-7.411631,-16.648931,-12.083142,7.834534,-2.713332,8.007508,-2.573415,1.218548,9.972373,-83.823408,21.272710,-33.280227,70.138147,-21.391753,-11.782729,16.664113,-83.196185,-21.443114,30.345964,64.347253,29.230013,-7.310966,-18.023531
165.000000,-82.489073,-48.338902,82.155627,-7.218956,-0.161396,88.648854,-7.013132,13.590533,3.974138,4.351874,-4.876593,-5.203362,-7.236851,-16.614138,-12.004491,7.797708,-2.821948,7.987270,-2.513087,1.110270,9.830574,-79.798002,22.654312,-30.178402,64.769714,-19.195497,-12.472009,18.127551,-79.559485,-22.547566,28.826786,58.991251,26.599929,-8.739477,-19.324376
166.000000,-82.350403,-47.351959,81.988358,-6.580898,0.027584,88.555420,-4.670076,13.362557,4.674866,3.435195,-6.043004,-5.166594,-4.596888,-16.368475,-12.801733,6.076644,-3.554300,8.447689,-2.151509,0.708805,8.236472,-72.578847,24.295895,-26.936458,57.359485,-16.846006,-12.177773,18.460067,-72.919182,-23.910303,26.556638,51.709030,22.545384,-9.021438,-21.027803
167.000000,-82.305205,-47.124404,81.964380,-6.332119,0.093193,88.311847,-3.979234,13.367084,4.882540,3.213064,-6.170502,-4.893880,-4.212867,-16.357150,-12.559584,6.039240,-3.669361,8.480280,-1.873725,0.447765,7.794634,-64.954573,25.242680,-24.796689,50.566011,-15.631272,-12.207501,17.912511,-65.158926,-25.027032,24.389576,44.164328,19.200500,-9.413180,-22.353070
168.000000,-82.254183,-46.820471,81.936520,-6.401881,0.191973,88.001467,-3.507268,13.353835,5.223697,2.892847,-6.278247,-4.629353,-4.192554,-16.361544,-12.240842,6.067313,-3.860634,8.447197,-1.352535,0.155445,6.776857,-55.319167,25.881723,-23.213685,43.267432,-15.401979,-11.601583,16.815895,-54.798434,-26.332881,22.309141,35.613436,15.557933,-8.790100,-22.798965
169.000000,-82.199693,-46.508026,81.900305,-6.222169,0.239709,87.761788,-2.835590,13.380013,5.519194,2.730155,-6.536094,-4.380056,-3.834986,-16.337510,-12.039172,6.103321,-4.159864,8.346359,-0.880304,-0.035932,6.584796,-46.486534,26.031261,-22.156959,38.795290,-17.011144,-11.693272,15.391094,-46.276188,-27.866443,21.446616,31.367903,12.587728,-9.151847,-21.514558
170.000000,-82.161802,-46.169391,81.863832,-6.335331,0.253568,87.493927,-2.419338,13.442478,5.848295,2.478936,-6.787429,-4.152457,-3.772552,-16.265829,-11.825075,6.087988,-4.401343,8.238532,-0.557245,-0.065378,5.925902,-35.733644,25.901419,-20.658887,34.530776,-18.438381,-11.633815,13.883160,-37.144375,-29.422662,21.586485,28.743311,10.067648,-9.679187,-17.633339
171.000000,-82.163322,-45.871398,81.829703,-6.216027,0.221972,87.248392,-1.825242,13.516715,6.152364,2.337275,-7.163840,-4.024553,-3.441792,-16.189435,-11.630607,6.014157,-4.571060,8.148697,-0.467335,-0.185800,5.844963,-25.919822,25.518804,-18.983495,33.240400,-17.958615,-11.548235,12.737396,-29.264297,-30.394967,23.671617,30.127148,10.946966,-8.518073,-13.380726
172.000000,-82.191569,-45.601243,81.800163,-6.162716,0.202451,86.906129,-1.285386,13.581941,6.572411,2.179220,-7.537799,-3.997789,-3.274986,-16.126360,-11.357607,5.969358,-4.698555,8.068319,-0.235715,-0.357365,5.710824,-16.726295,24.751955,-16.855604,34.061744,-15.446601,-11.317522,12.111822,-22.145821,-30.593858,25.929744,34.146479,12.169088,-7.460885,-9.390486
173.000000,-82.222360,-45.389098,81.781340,-6.152393,0.236816,86.474651,-0.833054,13.604162,7.050596,2.056938,-7.851848,-3.923912,-3.304012,-16.107143,-11.014476,6.027416,-4.816093,8.028864,0.473847,-0.593804,5.589180,-9.016325,23.399294,-14.602938,36.639607,-13.014558,-10.859973,12.455045,-15.769676,-30.027643,27.155089,39.646052,11.545936,-7.079134,-7.159122
174.000000,-82.332826,-46.082598,81.956047,-6.634648,0.202978,86.035095,-2.075339,13.852089,6.802447,2.065535,-6.615690,-3.462750,-5.796120,-16.282083,-9.718357,7.750447,-4.139580,7.614905,1.383248,-0.700124,7.318188,-5.456322,21.672759,-12.286964,40.230586,-12.334765,-9.723280,13.084515,-11.821317,-28.734954,26.973513,44.477792,10.232896,-6.145208,-6.204074
175.000000,-82.342237,-46.049821,81.958848,-6.725351,0.261522,85.781076,-2.004758,13.839775,7.016054,1.963240,-6.646230,-3.351088,-6.125960,-16.303265,-9.392524,7.976089,-4.182784,7.668235,2.205378,-0.776355,7.565007,-1.455103,20.288531,-10.761731,44.310740,-11.928359,-8.771727,12.912751,-7.691510,-27.810707,26.549649,48.734052,9.593466,-5.360230,-5.271265
176.000000,-82.356495,-46.050096,81.965548,-6.751244,0.216592,85.729714,-1.959818,13.891258,7.105612,1.861961,-6.658395,-3.385954,-6.123884,-16.248924,-9.345524,7.863492,-4.132008,7.750204,2.485312,-0.673007,7.564005,1.977473,19.497555,-10.475474,48.724466,-10.842898,-8.237771,12.199849,-4.352327,-27.213185,26.281969,51.552796,9.709608,-5.191748,-5.347927
177.000000,-82.382983,-46.106610,81.975967,-6.771177,0.136493,85.775925,-1.985756,13.952825,7.134381,1.747761,-6.634299,-3.493387,-6.031192,-16.171658,-9.446339,7.596506,-4.038900,7.832793,2.280954,-0.539032,7.406618,4.554736,18.886289,-11.201780,53.806212,-9.066495,-8.052582,11.686271,-2.007877,-26.754964,26.212447,53.402425,9.670727,-5.390758,-5.967119
178.000000,-82.419103,-46.225494,81.983674,-6.783558,0.071807,85.908215,-2.069615,13.965040,7.026754,1.590385,-6.566740,-3.570558,-5.914322,-16.124615,-9.625982,7.273992,-3.951455,7.908430,1.784948,-0.457331,7.140955,6.010158,18.034826,-12.499379,59.782330,-7.352147,-7.990610,11.350770,-0.508557,-26.108994,25.850745,54.906292,9.472521,-5.463873,-6.124186
179.000000,-82.461286,-46.401152,81.979597,-6.774781,0.022247,86.162480,-2.211064,13.919079,6.732532,1.396469,-6.456055,-3.591825,-5.746342,-16.125945,-9.901731,6.917179,-3.905003,7.991952,1.149155,-0.424747,6.833124,6.163518,17.039584,-14.018267,66.600382,-5.793985,-7.939876,10.367268,0.213971,-25.256516,24.908774,56.361720,9.759058,-5.446767,-6.224398
180.000000,-82.504898,-46.623680,81.961864,-6.744271,-0.029620,86.466369,-2.391642,13.859270,6.387252,1.212047,-6.329975,-3.577375,-5.556817,-16.139180,-10.254822,6.547313,-3.885886,8.075884,0.516395,-0.415278,6.503722,5.120076,16.129736,-15.377064,73.768208,-3.933840,-8.034033,8.277501,0.140475,-24.404235,23.610714,57.947742,10.388732,-5.548903,-6.984330
181.000000,-82.453096,-46.040344,81.753582,-6.013531,0.066710,86.856659,-0.985057,13.506212,6.612647,1.358329,-7.912699,-3.804705,-2.949435,-16.066925,-11.608169,4.938815,-4.841433,8.588033,0.108386,-0.712086,5.130905,5.359833,15.871768,-16.313820,80.233126,-1.872568,-8.771000,5.818855,1.175600,-24.076825,22.295542,59.647926,10.810866,-5.953621,-7.793595
182.000000,-82.507646,-46.311939,81.746233,-5.879110,0.016427,86.992062,-1.034466,13.477591,6.422264,1.199625,-7.810600,-3.680884,-2.795092,-16.045474,-11.830157,4.611932,-4.706881,8.562612,-0.320108,-0.730497,4.888172,3.590677,15.514978,-16.230987,84.076931,-0.907389,-8.936240,4.860265,0.088740,-23.465458,20.945503,61.273511,11.065762,-6.000766,-8.165085
183.000000,-82.577538,-46.576551,81.751782,-5.725221,-0.027972,87.052673,-0.985411,13.442596,6.293917,0.962215,-7.705750,-3.615273,-2.674128,-16.032670,-11.880363,4.332650,-4.526393,8.582358,-0.611303,-0.716351,4.882709,1.689376,15.354924,-15.783821,85.023855,-1.268376,-8.795614,5.718899,-1.491085,-22.950573,19.644845,62.530396,11.827950,-5.915861,-8.400028
184.000000,-82.672870,-46.806937,81.789929,-5.633294,0.024603,87.099848,-0.877784,13.275402,6.151758,0.560914,-7.722290,-3.094947,-2.739924,-16.182378,-11.775356,4.275470,-4.098639,8.318156,-0.826356,-0.937963,4.839736,-0.106847,15.237387,-17.168099,82.590463,-3.616159,-7.518278,5.775729,-3.481558,-21.879466,17.437039,64.398507,10.555270,-6.058835,-6.273399
185.000000,-82.763731,-47.078583,81.789225,-5.477489,0.020970,87.021384,-0.773771,13.216862,6.199135,0.328874,-7.667400,-3.180075,-2.700112,-16.203551,-11.602791,4.012124,-3.907028,8.449437,-0.589792,-0.970653,4.783383,-1.830425,15.631279,-17.072095,79.667969,-4.713503,-7.538055,6.801748,-4.772662,-21.740820,16.612555,64.664256,10.948636,-6.312119,-6.404771
186.000000,-82.862896,-47.340283,81.780624,-5.317906,0.034408,86.912394,-0.660833,13.137741,6.284265,0.126618,-7.624648,-3.195295,-2.645392,-16.242748,-11.462169,3.717240,-3.730954,8.430826,-0.337655,-1.005837,4.606925,-3.680491,16.005059,-16.466862,76.556770,-5.503006,-7.927517,7.460840,-5.753789,-21.824983,16.508087,64.376548,10.843532,-6.464699,-6.587594
187.000000,-82.967502,-47.568977,81.769925,-5.134091,0.063261,86.839146,-0.535101,13.022008,6.302357,-0.033659,-7.589049,-3.106168,-2.492878,-16.319187,-11.395408,3.374315,-3.560449,8.245748,-0.099766,-1.068306,4.390128,-5.727238,16.273265,-15.364022,73.534090,-6.485770,-8.266936,7.817641,-6.584509,-22.059344,16.682267,63.851013,10.164647,-6.565990,-6.466345
188.000000,-83.060884,-47.760931,81.758088,-4.912020,0.098384,86.770788,-0.372553,12.908395,6.311120,-0.134358,-7.554885,-3.034975,-2.247651,-16.403191,-11.335916,3.010506,-3.395550,8.120642,0.092200,-1.165510,4.200291,-7.824301,16.407492,-13.870229,70.676475,-7.590562,-8.401633,8.227762,-7.400524,-22.334976,16.894208,63.404475,9.261176,-6.579218,-6.051134
189.000000,-83.137459,-47.923648,81.742245,-4.674010,0.135957,86.689673,-0.189963,12.815510,6.357402,-0.177264,-7.538884,-3.045096,-1.982021,-16.477241,-11.237989,2.682881,-3.269488,8.165979,0.174828,-1.271402,4.007678,-9.762022,16.424368,-12.329568,68.040972,-8.499394,-8.451981,8.836366,-8.255979,-22.541303,16.991453,63.356241,8.554115,-6.452056,-5.612525
190.000000,-83.214813,-48.033819,81.732935,-4.411085,0.158371,86.657731,0.037628,12.725322,6.358392,-0.196907,-7.557294,-3.047661,-1.649511,-16.552040,-11.181000,2.406704,-3.173576,8.279162,0.093326,-1.320439,3.820268,-11.438438,16.317740,-11.084740,65.719834,-9.049051,-8.508403,9.545200,-9.086488,-22.666411,16.872714,63.720064,8.334838,-6.224379,-5.455214
191.000000,-83.290613,-48.129296,81.724322,-4.149946,0.175944,86.679371,0.245426,12.620316,6.272022,-0.199010,-7.598729,-2.974424,-1.309053,-16.643501,-11.191320,2.183440,-3.100504,8.328565,-0.080750,-1.341860,3.638698,-12.846910,16.188716,-10.496636,63.792369,-9.266735,-8.615290,10.234538,-9.800726,-22.730653,16.621960,64.234514,8.617437,-6.034961,-5.678126
192.000000,-83.328038,-48.230433,81.716138,-3.897580,0.165290,86.660111,0.445445,12.587129,6.225293,-0.185738,-7.630369,-2.925555,-1.002408,-16.664347,-11.219199,1.979991,-3.027621,8.365313,-0.215251,-1.344016,3.489041,-13.920217,16.162531,-10.575288,62.219478,-9.222729,-8.740853,10.764709,-10.344281,-22.754751,16.467600,64.703229,9.076019,-5.958369,-5.894628
193.000000,-83.312410,-48.330626,81.710905,-3.650603,0.110610,86.547266,0.686035,12.677429,6.317306,-0.184369,-7.646839,-2.979265,-0.758650,-16.564493,-11.182649,1.819827,-2.969048,8.418871,-0.282343,-1.316202,3.387990,-14.565554,16.263891,-11.061037,60.907331,-9.019715,-8.884220,11.065032,-10.699453,-22.759199,16.538422,65.082263,9.359757,-5.971559,-5.797281
194.000000,-83.290637,-48.417866,81.705904,-3.427716,0.059053,86.439425,0.932984,12.770153,6.423039,-0.221835,-7.669908,-3.014211,-0.603734,-16.467642,-11.078478,1.786735,-2.966966,8.380266,-0.405714,-1.288442,3.310991,-14.794635,16.388670,-11.609944,59.895548,-8.753890,-9.012547,11.182199,-10.854517,-22.744286,16.710758,65.352377,9.395677,-6.032963,-5.538699
195.000000,-83.307445,-48.491931,81.694871,-3.258058,0.062103,86.440879,1.105448,12.735284,6.384090,-0.294518,-7.707706,-2.911089,-0.531919,-16.502649,-10.991635,1.886700,-3.016948,8.224799,-0.668337,-1.294418,3.215836,-14.724312,16.411452,-11.971248,59.367021,-8.523572,-9.029359,11.211337,-10.791913,-22.669830,16.797269,65.502122,9.373547,-6.094345,-5.362942
196.000000,-83.338749,-48.555994,81.678647,-3.143947,0.095116,86.495597,1.210791,12.637478,6.275110,-0.391040,-7.734230,-2.771694,-0.496507,-16.599364,-10.970435,2.001249,-3.060087,8.111498,-0.963261,-1.302851,3.094500,-14.458686,16.293355,-12.056133,59.447617,-8.392862,-8.898456,11.188529,-10.509681,-22.506788,16.776896,65.616541,9.396516,-6.109964,-5.206921
197.000000,-83.336759,-48.602962,81.666487,-3.053476,0.097898,86.482905,1.345575,12.623008,6.279417,-0.521485,-7.722849,-2.748374,-0.452140,-16.607701,-10.957674,2.039760,-3.074280,8.149965,-1.138590,-1.262716,2.991012,-14.039415,16.068430,-11.926256,60.103595,-8.302025,-8.683113,11.092489,-10.046728,-22.299417,16.760862,65.815635,9.290210,-6.081096,-4.879918
198.000000,-83.302659,-48.634902,81.661975,-2.958578,0.069390,86.407790,1.536203,12.692033,6.395160,-0.675525,-7.677471,-2.806024,-0.394239,-16.530688,-10.892290,2.034497,-3.089538,8.246904,-1.221102,-1.198941,2.961323,-13.493265,15.783290,-11.726012,61.236505,-8.152599,-8.436099,10.907104,-9.491427,-22.100366,16.808122,66.130786,8.905185,-6.018129,-4.430625
199.000000,-83.266622,-48.676354,81.656051,-2.867177,0.057655,86.371601,1.687550,12.736038,6.463057,-0.801842,-7.624603,-2.822380,-0.336185,-16.480958,-10.818757,2.023127,-3.123581,8.262791,-1.368893,-1.176312,3.005019,-12.856941,15.479493,-11.583323,62.794710,-7.956621,-8.161486,10.643066,-8.932695,-21.873995,16.894181,66.552407,8.433006,-5.904062,-4.097048
200.000000,-83.226657,-48.745230,81.641048,-2.803554,0.070719,86.389542,1.735823,12.746414,6.455087,-0.872264,-7.584736,-2.822429,-0.286005,-16.470397,-10.810192,1.973922,-3.153473,8.186067,-1.619510,-1.181723,3.062453,-12.146353,15.185252,-11.599990,64.723801,-7.778258,-7.898960,10.363190,-8.407601,-21.564256,17.014402,67.168155,8.157928,-5.760614,-3.955558
201.000000,-83.167070,-48.822609,81.624609,-2.771227,0.072431,86.375387,1.751405,12.801374,6.505041,-0.933235,-7.551079,-2.910029,-0.259532,-16.423584,-10.837963,1.888589,-3.167742,8.088436,-1.848257,-1.143915,3.078629,-11.356327,14.887949,-11.873428,66.899859,-7.525093,-7.709849,10.138518,-7.923643,-21.217648,17.231258,68.121739,8.057327,-5.689216,-3.853037
202.000000,-83.103728,-48.881787,81.620413,-2.754001,0.053677,86.289400,1.815501,12.900946,6.660556,-1.033457,-7.496547,-3.059864,-0.288439,-16.336190,-10.805308,1.851672,-3.180675,8.009992,-1.961386,-1.047251,3.058069,-10.514511,14.549882,-12.427093,69.159968,-7.043714,-7.566350,9.952035,-7.466708,-20.951428,17.553999,69.343134,7.907617,-5.724655,-3.574287
203.000000,-83.061564,-48.934555,81.629187,-2.743397,0.041337,86.191212,1.882381,12.971468,6.803116,-1.138130,-7.410716,-3.166034,-0.383706,-16.267989,-10.688009,1.902138,-3.183837,7.951157,-1.999960,-0.941252,3.035628,-9.690364,14.172549,-13.100251,71.390503,-6.431444,-7.430218,9.666716,-7.026188,-20.805419,17.871234,70.608863,7.658030,-5.773284,-3.098836
204.000000,-83.032715,-49.010956,81.639516,-2.742874,0.042195,86.139424,1.860777,13.003495,6.841746,-1.178437,-7.318829,-3.212943,-0.508962,-16.222737,-10.560454,1.968076,-3.150359,7.909002,-2.037670,-0.846570,3.030105,-8.933995,13.806853,-13.634898,73.527628,-6.009312,-7.372153,9.219721,-6.617214,-20.731948,18.122667,71.826017,7.388743,-5.774907,-2.641455
205.000000,-82.997352,-49.106345,81.644571,-2.750080,0.036876,86.128142,1.760941,13.047881,6.820340,-1.148722,-7.248741,-3.249543,-0.613478,-16.164348,-10.493637,1.985976,-3.094519,7.883046,-2.091222,-0.737664,3.055463,-8.241235,13.487308,-13.887450,75.463748,-5.934604,-7.419676,8.766374,-6.218710,-20.715634,18.373931,72.907673,6.998310,-5.736151,-2.400099
206.000000,-82.961005,-49.189234,81.647515,-2.756009,0.023840,86.131451,1.662020,13.105485,6.803106,-1.099968,-7.200458,-3.277416,-0.683808,-16.107157,-10.488263,1.983834,-3.059338,7.870692,-2.140715,-0.614949,3.120446,-7.605382,13.211039,-13.909171,77.077462,-6.057574,-7.469399,8.485324,-5.858916,-20.755698,18.631728,73.821245,6.346912,-5.685684,-2.366508
207.000000,-82.937849,-49.254411,81.652707,-2.755419,0.021982,86.142268,1.585602,13.132155,6.788616,-1.059072,-7.159388,-3.286118,-0.741200,-16.089942,-10.510468,2.005730,-3.052914,7.869106,-2.165866,-0.505918,3.217952,-7.056533,12.989707,-13.844834,78.306548,-6.171869,-7.437705,8.320906,-5.595905,-20.824062,18.781161,74.536536,5.659186,-5.631067,-2.363080
208.000000,-82.926548,-49.328056,81.660265,-2.751328,0.032276,86.153650,1.488014,13.127396,6.765888,-1.007520,-7.134930,-3.310912,-0.815037,-16.100930,-10.533414,2.052026,-3.042433,7.875500,-2.140813,-0.403683,3.315033,-6.634759,12.847949,-13.839293,79.193769,-6.242322,-7.389417,8.159905,-5.425295,-20.907820,18.750020,75.004008,5.280425,-5.623175,-2.274450
209.000000,-82.914865,-49.420041,81.668550,-2.743338,0.038183,86.165706,1.359345,13.130456,6.748358,-0.935518,-7.114106,-3.377433,-0.902443,-16.099821,-10.541334,2.104250,-3.016380,7.883161,-2.046829,-0.286733,3.400050,-6.335748,12.799330,-13.979944,79.722241,-6.280365,-7.385739,7.996578,-5.273906,-21.052518,18.698652,75.153623,5.301049,-5.673816,-2.073792
210.000000,-82.900512,-49.516824,81.676936,-2.729287,0.034559,86.190979,1.236397,13.151564,6.727496,-0.860931,-7.063161,-3.441004,-0.988232,-16.081588,-10.524629,2.162838,-2.974728,7.896521,-1.917035,-0.164455,3.460706,-6.136232,12.821166,-14.214414,79.882887,-6.324103,-7.444122,7.932555,-5.112977,-21.280146,18.828086,75.028877,5.478715,-5.779775,-1.892425
211.000000,-82.884163,-49.606755,81.686133,-2.724408,0.043428,86.221562,1.133390,13.156612,6.688873,-0.810330,-6.964478,-3.435588,-1.089591,-16.076472,-10.476635,2.234131,-2.923262,7.893981,-1.798283,-0.102235,3.468509,-6.057488,12.915651,-14.327389,79.745389,-6.374286,-7.561214,7.964462,-5.045648,-21.480911,19.037989,74.821048,5.535122,-5.922860,-1.874662
212.000000,-82.861418,-49.697137,81.695342,-2.725711,0.058729,86.245866,1.030680,13.152356,6.636504,-0.776498,-6.860444,-3.424137,-1.195797,-16.076356,-10.450487,2.296551,-2.870376,7.872094,-1.689407,-0.074789,3.430241,-6.131411,13.071010,-14.280081,79.396830,-6.429800,-7.726994,7.999419,-5.145436,-21.575994,19.120254,74.570113,5.535237,-6.066870,-1.991155
213.000000,-82.836527,-49.787679,81.704712,-2.711862,0.057446,86.279757,0.928664,13.164478,6.575398,-0.743268,-6.786857,-3.457647,-1.254367,-16.061772,-10.507457,2.319818,-2.832729,7.838247,-1.589203,-0.025507,3.407951,-6.354749,13.262115,-14.195715,78.837151,-6.435171,-7.859997,8.031700,-5.384186,-21.607023,19.031479,74.131588,5.627956,-6.161862,-2.170470
214.000000,-82.822126,-49.871483,81.712425,-2.667071,0.034741,86.367186,0.846517,13.187354,6.481006,-0.702951,-6.737215,-3.500755,-1.221524,-16.040293,-10.645086,2.295108,-2.805171,7.808260,-1.521708,0.057171,3.448760,-6.684792,13.454236,-14.192291,78.017289,-6.391231,-7.881417,8.166622,-5.679052,-21.665534,18.907758,73.412314,5.786635,-6.170574,-2.353258
215.000000,-82.819891,-49.955550,81.715465,-2.608715,0.020183,86.504216,0.778606,13.185184,6.349769,-0.668775,-6.675201,-3.488755,-1.142515,-16.040790,-10.782334,2.248123,-2.770821,7.790951,-1.505077,0.118317,3.498883,-7.058157,13.637199,-14.218269,76.962408,-6.396581,-7.847022,8.423242,-5.995453,-21.743383,18.875035,72.530428,5.840425,-6.139489,-2.576980
216.000000,-82.814866,-50.047451,81.715268,-2.562182,0.031691,86.613333,0.713408,13.157645,6.235663,-0.661291,-6.598431,-3.450092,-1.104418,-16.061244,-10.841205,2.218382,-2.733859,7.780637,-1.507152,0.129338,3.478105,-7.419810,13.823939,-14.191648,75.775355,-6.481696,-7.854314,8.693297,-6.307750,-21.771631,18.969329,71.542051,5.703083,-6.125415,-2.827455
217.000000,-82.801050,-50.132304,81.718421,-2.517618,0.048621,86.645180,0.680815,13.139181,6.178252,-0.686613,-6.535593,-3.471415,-1.104643,-16.073776,-10.832128,2.210004,-2.706215,7.790165,-1.472972,0.123836,3.396883,-7.774170,14.011942,-14.140402,74.597762,-6.526823,-7.927871,8.892571,-6.666753,-21.712613,19.169643,70.596214,5.523848,-6.157432,-3.003306
218.000000,-82.792598,-50.189078,81.728643,-2.437390,0.046792,86.653349,0.728257,13.135051,6.134962,-0.731192,-6.485518,-3.550326,-1.040707,-16.074085,-10.834092,2.182186,-2.675262,7.844470,-1.417504,0.138679,3.364768,-8.150796,14.176901,-14.067668,73.464873,-6.442142,-7.981505,9.019681,-7.043767,-21.637805,19.383370,69.661851,5.450750,-6.236451,-3.029431
219.000000,-82.802594,-50.226498,81.741285,-2.320149,0.036859,86.715643,0.836822,13.108765,6.048206,-0.789921,-6.421888,-3.588481,-0.873342,-16.091200,-10.896497,2.106738,-2.618366,7.906050,-1.397383,0.156409,3.406966,-8.539024,14.289938,-13.954144,72.369099,-6.341271,-7.996763,9.157709,-7.362220,-21.601805,19.577757,68.687121,5.468605,-6.322368,-2.975564
220.000000,-82.819730,-50.274217,81.749821,-2.215497,0.035618,86.817456,0.925026,13.058743,5.931877,-0.873092,-6.332686,-3.554352,-0.702463,-16.123174,-10.984303,2.009815,-2.543690,7.899059,-1.417838,0.164720,3.426410,-8.864913,14.345627,-13.866694,71.339113,-6.370098,-8.050886,9.326169,-7.589012,-21.569867,19.792474,67.712802,5.460850,-6.398698,-2.983837
221.000000,-82.827204,-50.337362,81.751788,-2.150909,0.039010,86.893987,0.963108,13.022693,5.834927,-0.980982,-6.253709,-3.536550,-0.609772,-16.141004,-11.042947,1.928934,-2.483100,7.880181,-1.425874,0.181420,3.385135,-9.105363,14.360621,-13.869454,70.479083,-6.401500,-8.119431,9.435968,-7.770034,-21.495968,20.026010,66.859998,5.404479,-6.472971,-3.026572
222.000000,-82.829297,-50.400925,81.749964,-2.114070,0.029755,86.941535,0.981867,13.020094,5.759784,-1.102417,-6.192104,-3.580444,-0.563793,-16.131247,-11.080140,1.854785,-2.429064,7.903009,-1.411406,0.227454,3.325109,-9.289111,14.339750,-13.947105,69.850733,-6.292077,-8.094989,9.419223,-7.929686,-21.409289,20.245705,66.180237,5.324876,-6.516470,-2.994328
223.000000,-82.834655,-50.459594,81.743842,-2.090286,0.007702,86.990615,1.004193,13.036026,5.702825,-1.222866,-6.149898,-3.666064,-0.521601,-16.107792,-11.126511,1.775456,-2.389428,7.963209,-1.411922,0.302362,3.286698,-9.432691,14.265709,-14.032025,69.440423,-6.109331,-7.981216,9.343218,-8.043922,-21.375844,20.475683,65.621985,5.216605,-6.502738,-2.856167
224.000000,-82.840860,-50.525188,81.733644,-2.082888,-0.012255,87.046182,1.006066,13.049782,5.659882,-1.335965,-6.105140,-3.739526,-0.502269,-16.089550,-11.188186,1.707545,-2.377645,7.963857,-1.455278,0.379674,3.256256,-9.500714,14.131384,-14.074179,69.239581,-6.033853,-7.932043,9.307311,-8.109536,-21.367268,20.699278,65.208738,5.015446,-6.475224,-2.752095
225.000000,-82.837737,-50.603217,81.722105,-2.093745,-0.018761,87.094402,0.953601,13.057398,5.612528,-1.417609,-6.054100,-3.793206,-0.531209,-16.082782,-11.232325,1.668497,-2.389883,7.912507,-1.513215,0.432295,3.240157,-9.490713,13.959991,-14.111795,69.303894,-6.076109,-8.015831,9.277285,-8.188684,-21.295712,20.830991,65.119078,4.717576,-6.531369,-2.810328
226.000000,-82.829696,-50.681520,81.715471,-2.110670,-0.010999,87.147479,0.853219,13.051371,5.536589,-1.441551,-6.004553,-3.830604,-0.576191,-16.094449,-11.245879,1.643489,-2.390585,7.891540,-1.561532,0.456008,3.276849,-9.454634,13.783481,-14.226842,69.669043,-6.129960,-8.128111,9.198350,-8.282946,-21.171073,20.872534,65.383256,4.361845,-6.656458,-3.000973
227.000000,-82.822853,-50.741804,81.711304,-2.034293,0.014646,87.228151,0.670921,13.027433,5.397765,-1.056200,-6.179292,-3.862916,-0.558620,-16.155503,-11.265884,1.753130,-2.455263,7.944929,-1.588265,0.405444,3.244248,-8.797541,13.787422,-14.610722,69.899159,-6.162223,-8.205943,9.063871,-7.743710,-21.169808,21.050445,65.473326,4.101096,-6.778827,-3.038022
228.000000,-82.811826,-50.796127,81.722343,-2.167349,-0.017999,87.261330,0.604012,13.060847,5.370647,-1.357648,-5.928479,-3.921782,-0.670675,-16.086955,-11.310290,1.614591,-2.318562,7.969367,-1.591789,0.505254,3.412439,-9.222065,13.509683,-14.786094,70.864073,-6.181112,-7.991476,9.129788,-8.000770,-21.116327,21.228327,65.951337,3.774007,-6.603823,-3.101746
229.000000,-82.788533,-50.844353,81.727046,-2.178768,-0.043575,87.268074,0.537849,13.108791,5.352318,-1.351432,-5.865059,-3.986309,-0.736184,-16.030031,-11.331984,1.646591,-2.296045,7.959596,-1.559664,0.535207,3.532784,-9.219790,13.356828,-14.847112,71.837819,-6.133023,-7.970577,9.013956,-7.990176,-20.999451,21.251840,66.738755,3.571448,-6.568623,-3.079404
230.000000,-82.768852,-50.885463,81.727296,-2.206895,-0.048279,87.273904,0.461984,13.133853,5.354385,-1.352460,-5.808180,-4.012982,-0.824793,-16.000152,-11.299011,1.692129,-2.278996,7.940539,-1.499135,0.512501,3.605338,-9.147911,13.234165,-14.689290,72.934304,-6.008889,-8.159384,8.718162,-8.148469,-20.711399,20.864770,68.258902,3.306062,-6.819059,-3.220992
231.000000,-82.769716,-50.915551,81.725609,-2.240934,-0.023560,87.315810,0.384848,13.101964,5.340536,-1.351167,-5.768024,-3.959272,-0.885822,-16.035025,-11.268024,1.716133,-2.271173,7.939260,-1.465315,0.457682,3.663394,-9.021051,13.159100,-14.454740,73.995169,-5.851451,-8.394292,8.348562,-8.372284,-20.446404,20.350680,70.121242,2.921888,-7.277142,-3.391566
232.000000,-82.766867,-50.937819,81.717640,-2.156730,0.004955,87.357903,0.291625,13.074795,5.280887,-1.007002,-5.964671,-3.906983,-0.851118,-16.099485,-11.303669,1.842601,-2.374952,7.935716,-1.442474,0.370986,3.612128,-8.153414,13.275316,-14.537276,74.439343,-5.795856,-8.504743,8.149565,-7.708067,-20.450088,20.249542,70.977543,2.771639,-7.411027,-3.415486
233.000000,-82.724005,-50.967878,81.711322,-2.213497,-0.025893,87.320852,0.214634,13.157251,5.289359,-1.003562,-5.962799,-3.926875,-0.958071,-16.021595,-11.340887,1.860730,-2.409390,7.864087,-1.392808,0.378278,3.560113,-7.613392,13.333246,-14.637345,74.902402,-5.757204,-8.484267,8.107560,-7.291712,-20.464563,20.316635,71.690943,2.659326,-7.382054,-3.404796
234.000000,-82.665288,-50.995958,81.706977,-2.407840,-0.096668,87.226075,0.205817,13.305349,5.397382,-1.433206,-5.707581,-3.973462,-1.189960,-15.844118,-11.285931,1.770122,-2.347594,7.783788,-1.336747,0.455853,3.607053,-7.891147,13.203041,-14.463487,75.880608,-5.626959,-8.422573,8.071210,-7.761883,-20.305915,20.206816,73.106028,2.413521,-7.410737,-3.390986
235.000000,-82.647187,-50.985730,81.693685,-2.296824,-0.079523,87.268413,0.195347,13.306243,5.357241,-1.153145,-5.913104,-3.974441,-1.087924,-15.881201,-11.270694,1.881634,-2.457398,7.809543,-1.350898,0.334109,3.575781,-7.078865,13.364971,-14.486946,76.193745,-5.505851,-8.612721,7.829909,-7.165662,-20.259125,20.114700,73.827050,2.206680,-7.594557,-3.286521
236.000000,-82.673389,-50.953686,81.691027,-2.310130,-0.045042,87.356770,0.198481,13.226836,5.305580,-1.185127,-5.935367,-3.959368,-1.018437,-15.962789,-11.319328,1.841339,-2.455489,7.838877,-1.380600,0.267530,3.589646,-6.666619,13.431087,-14.483418,76.451619,-5.434147,-8.613515,7.750929,-6.655381,-20.358704,20.232171,73.983988,2.092387,-7.621087,-3.152838
237.000000,-82.691592,-50.930804,81.692183,-2.322444,-0.031743,87.428353,0.189406,13.176926,5.232787,-1.204062,-5.954654,-3.999892,-0.973675,-16.005684,-11.413488,1.818622,-2.451836,7.844853,-1.376155,0.272709,3.652870,-6.403859,13.453566,-14.580881,76.553074,-5.475451,-8.399704,7.949784,-5.906341,-20.663079,20.635081,73.258150,2.275586,-7.330275,-2.973706
238.000000,-82.685745,-50.933194,81.697834,-2.472219,-0.076721,87.428318,0.192721,13.221772,5.238774,-1.575285,-5.733763,-4.056081,-1.099958,-15.921031,-11.443548,1.719780,-2.351825,7.809574,-1.340345,0.405663,3.802847,-6.904085,13.260494,-14.489263,76.834130,-5.557232,-7.902204,8.383450,-5.611410,-21.029819,20.896361,72.199485,2.637992,-6.535451,-2.788259
239.000000,-82.680196,-50.925064,81.692332,-2.354236,-0.073276,87.468537,0.140795,13.225934,5.163156,-1.192487,-5.962915,-4.074983,-1.020078,-15.953310,-11.464287,1.874573,-2.445287,7.824136,-1.295836,0.377198,3.719268,-6.254912,13.361609,-14.564960,76.601569,-5.583949,-8.003661,8.378228,-4.792479,-21.189082,20.883684,71.776989,2.764657,-6.455958,-2.605193
240.000000,-82.688242,-50.913632,81.697184,-2.523982,-0.090203,87.469565,0.127804,13.234847,5.191462,-1.535762,-5.739327,-4.060589,-1.155131,-15.920478,-11.474622,1.773741,-2.345766,7.798486,-1.242966,0.431410,3.750619,-6.760111,13.221090,-14.296197,76.733146,-5.567411,-7.916021,8.333986,-5.118667,-21.172907,20.644011,71.883213,2.771328,-6.249918,-2.537079
241.000000,-82.695073,-50.895566,81.694567,-2.537868,-0.084619,87.484766,0.130011,13.222051,5.170099,-1.541965,-5.738301,-4.042207,-1.167938,-15.939203,-11.509607,1.809258,-2.361041,7.791701,-1.176195,0.420644,3.783911,-6.922380,13.195487,-14.140263,76.599957,-5.577646,-7.988652,8.216743,-5.170385,-21.178357,20.558811,71.851234,2.771367,-6.273067,-2.484842
242.000000,-82.700461,-50.871676,81.690717,-2.549976,-0.076578,87.491232,0.132670,13.208192,5.159025,-1.540273,-5.764931,-4.015118,-1.181560,-15.956609,-11.510068,1.850418,-2.384008,7.787774,-1.118129,0.411976,3.814071,-7.014405,13.189282,-14.155873,76.214406,-5.603782,-8.011812,8.355072,-5.159097,-21.223218,20.630638,71.456879,2.812365,-6.278254,-2.622707
243.000000,-82.716489,-50.835508,81.688780,-2.545296,-0.059279,87.522532,0.159412,13.166234,5.138012,-1.547646,-5.799725,-3.965793,-1.143275,-16.003893,-11.519723,1.868212,-2.402835,7.767423,-1.113546,0.399331,3.818616,-7.065835,13.181557,-14.205253,75.718610,-5.596660,-8.051868,8.528771,-5.212840,-21.217872,20.636563,71.052566,2.802445,-6.307354,-2.787755
244.000000,-82.725602,-50.793511,81.688702,-2.529672,-0.046939,87.556866,0.206071,13.134404,5.115475,-1.557351,-5.828987,-3.916222,-1.081984,-16.045427,-11.585043,1.882310,-2.432345,7.719072,-1.127828,0.389429,3.802682,-7.158194,13.166784,-14.121767,75.262394,-5.672398,-8.101073,8.561370,-5.372425,-21.147722,20.532805,70.767474,2.778386,-6.371302,-2.859008
245.000000,-82.701218,-50.760591,81.688732,-2.529724,-0.071241,87.555740,0.230607,13.186057,5.120305,-1.543906,-5.858676,-3.904391,-1.084930,-16.006731,-11.663709,1.950627,-2.479519,7.646632,-1.108895,0.414064,3.777535,-7.347828,13.133263,-13.848050,74.893434,-5.948952,-8.109138,8.483267,-5.583771,-21.083863,20.421864,70.451701,2.767339,-6.448992,-2.868927
246.000000,-82.666409,-50.737864,81.689686,-2.538346,-0.118196,87.554646,0.224987,13.276001,5.121007,-1.508162,-5.889990,-3.905140,-1.124705,-15.927122,-11.709509,2.055944,-2.509522,7.603405,-1.091573,0.459150,3.767520,-7.590897,13.084628,-13.530399,74.518006,-6.337439,-8.052587,8.565175,-5.783339,-21.065777,20.431702,69.943022,2.790142,-6.518309,-3.019450
247.000000,-82.663262,-50.712031,81.694174,-2.513212,-0.146400,87.626151,0.238250,13.295108,5.035619,-1.488951,-5.904529,-3.875061,-1.070306,-15.907603,-11.777103,2.108807,-2.490253,7.605233,-1.160407,0.483929,3.791570,-7.792018,13.045489,-13.322015,74.035132,-6.637541,-7.969424,8.807298,-5.954840,-21.067558,20.563447,69.278301,2.825408,-6.580210,-3.218379
248.000000,-82.679892,-50.677466,81.699651,-2.453777,-0.154190,87.749422,0.289448,13.256136,4.883340,-1.497983,-5.903455,-3.844636,-0.926567,-15.943029,-11.905228,2.114659,-2.466922,7.631360,-1.284047,0.479293,3.836354,-7.941660,13.055919,-13.246260,73.486702,-6.785985,-7.911322,8.963069,-6.115771,-21.046827,20.736265,68.598172,2.882121,-6.615436,-3.240917
249.000000,-82.681209,-50.637162,81.700313,-2.414488,-0.162291,87.858003,0.326776,13.238777,4.773180,-1.503791,-5.914563,-3.855039,-0.834955,-15.974643,-12.033671,2.177377,-2.505659,7.672509,-1.364569,0.455494,3.842388,-8.093296,13.124066,-13.250142,73.008076,-6.824273,-7.897405,8.985927,-6.273043,-20.981971,20.878603,68.021321,2.956888,-6.620778,-3.168296
250.000000,-82.671660,-50.595552,81.697214,-2.416944,-0.167464,87.939408,0.321289,13.239473,4.740281,-1.489600,-5.945042,-3.884945,-0.838112,-16.005058,-12.097292,2.319537,-2.594696,7.727753,-1.373403,0.412487,3.786443,-8.265308,13.206838,-13.268265,72.660577,-6.762452,-7.901580,9.006432,-6.401026,-20.884912,20.964472,67.553358,3.008704,-6.605420,-3.188964
251.000000,-82.672995,-50.558507,81.693983,-2.436906,-0.153538,87.995274,0.301462,13.211803,4.736061,-1.471262,-5.980551,-3.879117,-0.869332,-16.054513,-12.092950,2.447518,-2.654755,7.783565,-1.330839,0.353905,3.691266,-8.408438,13.267835,-13.249811,72.397744,-6.658392,-7.915916,9.063131,-6.478733,-20.791253,21.041163,67.148519,3.000084,-6.618181,-3.303108
252.000000,-82.682991,-50.523764,81.693077,-2.442504,-0.129429,88.020825,0.314308,13.165031,4.709091,-1.468992,-6.008355,-3.816185,-0.853655,-16.102060,-12.102819,2.481491,-2.659923,7.822260,-1.274934,0.304710,3.596730,-8.471934,13.301697,-13.139873,72.167936,-6.625067,-7.914229,9.047911,-6.531911,-20.729429,21.121071,66.803225,2.902703,-6.666171,-3.300740
253.000000,-82.681054,-50.486529,81.694704,-2.433126,-0.125591,88.016998,0.360298,13.159524,4.685956,-1.473422,-6.032272,-3.745696,-0.804251,-16.106098,-12.157721,2.466028,-2.665635,7.821472,-1.230377,0.292372,3.533019,-8.467657,13.321677,-12.986982,71.996539,-6.669707,-7.879176,8.948614,-6.611209,-20.697777,21.149194,66.571545,2.717187,-6.711056,-3.170670
254.000000,-82.666856,-50.449032,81.696033,-2.424397,-0.143481,88.013897,0.400760,13.195087,4.694789,-1.464809,-6.058269,-3.728015,-0.764003,-16.078199,-12.202235,2.474126,-2.704420,7.782867,-1.216546,0.304299,3.509505,-8.441783,13.334285,-12.915712,71.953195,-6.657098,-7.836774,8.905272,-6.714081,-20.667138,21.088752,66.475649,2.528708,-6.730173,-3.132879
255.000000,-82.656455,-50.420958,81.692702,-2.424943,-0.153426,88.039732,0.405047,13.212537,4.697609,-1.442913,-6.082957,-3.773043,-0.741308,-16.064701,-12.206532,2.498649,-2.737436,7.762569,-1.242565,0.310599,3.499100,-8.402604,13.328174,-12.966439,72.061446,-6.541720,-7.824968,8.973919,-6.778262,-20.618434,21.024644,66.465759,2.498731,-6.726306,-3.245570
256.000000,-82.643300,-50.401902,81.686747,-2.435369,-0.160056,88.054584,0.394399,13.228026,4.677752,-1.425382,-6.107620,-3.820842,-0.742174,-16.045846,-12.191021,2.517310,-2.746399,7.750779,-1.279617,0.314489,3.469522,-8.315790,13.311278,-13.039144,72.277574,-6.474493,-7.829138,9.008535,-6.783634,-20.550919,21.019960,66.515565,2.584076,-6.720053,-3.249434
257.000000,-82.617587,-50.382757,81.683558,-2.453336,-0.184434,88.029206,0.396824,13.285134,4.669515,-1.421786,-6.130996,-3.823825,-0.767628,-15.995907,-12.191838,2.544428,-2.773908,7.691283,-1.304220,0.336430,3.423952,-8.173779,13.297373,-13.081784,72.553200,-6.540611,-7.804101,8.950722,-6.752665,-20.500712,21.068185,66.631350,2.628038,-6.701777,-3.102512
258.000000,-82.594740,-50.357431,81.684554,-2.462656,-0.212269,88.006407,0.422108,13.346370,4.678735,-1.431152,-6.145911,-3.787453,-0.776522,-15.951651,-12.209431,2.581468,-2.830139,7.592546,-1.342994,0.365827,3.398672,-8.002712,13.275589,-13.120008,72.865244,-6.621269,-7.737387,8.911840,-6.689079,-20.503401,21.120811,66.809359,2.588935,-6.647004,-3.024794
259.000000,-82.593513,-50.327814,81.685108,-2.454817,-0.212058,88.028258,0.458759,13.345003,4.669251,-1.447817,-6.156040,-3.757024,-0.740460,-15.955581,-12.215448,2.600579,-2.865405,7.557847,-1.419194,0.377141,3.412160,-7.830217,13.226833,-13.139826,73.187260,-6.603093,-7.684355,8.956833,-6.593961,-20.536890,21.114507,67.048183,2.556527,-6.571033,-3.126569
260.000000,-82.605422,-50.298220,81.682307,-2.453077,-0.194347,88.057557,0.484293,13.307138,4.645898,-1.463596,-6.176806,-3.760461,-0.707903,-15.982202,-12.202643,2.601216,-2.861752,7.624021,-1.491168,0.379767,3.438454,-7.668402,13.161793,-13.095896,73.469162,-6.538263,-7.696388,8.981147,-6.493926,-20.550178,21.008934,67.352250,2.545028,-6.527421,-3.278518
261.000000,-82.613415,-50.272053,81.678927,-2.483811,-0.191097,88.041664,0.482613,13.300543,4.657314,-1.471897,-6.211933,-3.772432,-0.737053,-15.994191,-12.201291,2.613644,-2.865150,7.705542,-1.507592,0.401861,3.443880,-7.520454,13.107068,-13.026706,73.678501,-6.494307,-7.751350,8.869241,-6.391081,-20.555371,20.860303,67.684777,2.475014,-6.548934,-3.344479
262.000000,-82.614684,-50.253856,81.677055,-2.537988,-0.202377,87.985832,0.460268,13.329095,4.719623,-1.473845,-6.243657,-3.765941,-0.819119,-15.991889,-12.204202,2.649175,-2.898381,7.713483,-1.473303,0.438723,3.424604,-7.384165,13.068154,-13.013801,73.819243,-6.460844,-7.775669,8.637018,-6.234158,-20.612307,20.769980,67.965922,2.348691,-6.602538,-3.251135
263.000000,-82.614249,-50.246036,81.675035,-2.581841,-0.199844,87.930791,0.443004,13.342252,4.791639,-1.478315,-6.255164,-3.747104,-0.898111,-15.990351,-12.159204,2.679497,-2.920127,7.687278,-1.431425,0.458321,3.390225,-7.262803,13.027058,-13.055162,73.934209,-6.413877,-7.735096,8.446231,-6.008710,-20.714152,20.743011,68.200682,2.279327,-6.604322,-3.033457
264.000000,-82.613581,-50.241458,81.670934,-2.591985,-0.182201,87.895414,0.456021,13.329805,4.836594,-1.487430,-6.265032,-3.757976,-0.931267,-15.984629,-12.071518,2.682635,-2.901662,7.726476,-1.412088,0.458096,3.355464,-7.172136,12.974854,-13.071625,74.068026,-6.362884,-7.681507,8.458973,-5.801797,-20.776430,20.688341,68.521988,2.288002,-6.506995,-2.918133
265.000000,-82.613015,-50.233370,81.667995,-2.589412,-0.177859,87.864836,0.482597,13.329975,4.866881,-1.495076,-6.283384,-3.791190,-0.939866,-15.964633,-12.006463,2.674022,-2.881167,7.776348,-1.404868,0.465590,3.328825,-7.134745,12.918550,-13.054880,74.213912,-6.357269,-7.647770,8.597703,-5.691337,-20.759615,20.582565,68.993851,2.286757,-6.360206,-3.009551
266.000000,-82.619148,-50.225550,81.668055,-2.581437,-0.185773,87.842640,0.507601,13.337138,4.889497,-1.497127,-6.298991,-3.812189,-0.928564,-15.958761,-12.010229,2.665644,-2.885719,7.762521,-1.418625,0.487507,3.312662,-7.133213,12.868141,-13.064728,74.342292,-6.376067,-7.637734,8.682396,-5.639931,-20.727075,20.528665,69.515869,2.238390,-6.246935,-3.126684
267.000000,-82.631809,-50.227404,81.668752,-2.569613,-0.180516,87.833153,0.521613,13.320348,4.893194,-1.495454,-6.296470,-3.794688,-0.913623,-15.986063,-12.039193,2.662694,-2.890192,7.696847,-1.460412,0.498210,3.305880,-7.154205,12.839501,-13.119695,74.441842,-6.363347,-7.673746,8.559287,-5.582439,-20.731156,20.573713,69.936656,2.220073,-6.241214,-3.014705
268.000000,-82.645160,-50.237119,81.668264,-2.554557,-0.161839,87.829589,0.531701,13.285381,4.880011,-1.493960,-6.288421,-3.760496,-0.907545,-16.023736,-12.039531,2.664483,-2.873638,7.661839,-1.519482,0.493005,3.301243,-7.200693,12.833657,-13.170198,74.521674,-6.350000,-7.769433,8.300604,-5.521258,-20.747683,20.629395,70.216838,2.271016,-6.322745,-2.754224
269.000000,-82.662582,-50.244915,81.669116,-2.532571,-0.153700,87.835560,0.551546,13.256656,4.860196,-1.496053,-6.299518,-3.734003,-0.889817,-16.049531,-12.029216,2.662444,-2.861652,7.665117,-1.595786,0.500405,3.304737,-7.271186,12.816520,-13.131857,74.571992,-6.546823,-7.870392,8.116564,-5.485601,-20.747572,20.640599,70.369868,2.349067,-6.399439,-2.655782
270.000000,-82.685483,-50.252491,81.672150,-2.505014,-0.160945,87.842190,0.578787,13.240865,4.853744,-1.499674,-6.322339,-3.702510,-0.860914,-16.063271,-12.017579,2.658263,-2.870717,7.652481,-1.687661,0.534141,3.318411,-7.349702,12.751780,-12.919476,74.558065,-7.137161,-7.862470,8.167070,-5.467394,-20.752927,20.661216,70.373707,2.429380,-6.397562,-2.772729
271.000000,-82.698607,-50.278240,81.674606,-2.483659,-0.162388,87.812357,0.592029,13.235803,4.885168,-1.495159,-6.327394,-3.662113,-0.876993,-16.062479,-11.962205,2.669548,-2.866830,7.637705,-1.770459,0.563313,3.320303,-7.421762,12.668553,-12.528742,74.480016,-7.967568,-7.753059,8.371962,-5.456615,-20.788079,20.706528,70.252157,2.486513,-6.349326,-2.821958
272.000000,-82.686776,-50.326037,81.674880,-2.480289,-0.159616,87.716209,0.584871,13.264122,4.965928,-1.480851,-6.308778,-3.648503,-0.977555,-16.023535,-11.843700,2.706715,-2.819028,7.655910,-1.810195,0.569272,3.304978,-7.496942,12.645882,-12.135370,74.376785,-8.625922,-7.664372,8.559464,-5.488224,-20.825450,20.708324,70.095807,2.494026,-6.321215,-2.727467
273.000000,-82.666069,-50.373989,81.675690,-2.481343,-0.167476,87.612834,0.576432,13.313954,5.040350,-1.470197,-6.282759,-3.663578,-1.080687,-15.966628,-11.748477,2.734273,-2.759460,7.665955,-1.845854,0.563235,3.306712,-7.581980,12.713948,-11.963760,74.281101,-8.880348,-7.664117,8.636604,-5.582545,-20.828783,20.663038,69.942817,2.500425,-6.340301,-2.660928
274.000000,-82.659274,-50.405103,81.677955,-2.460795,-0.183941,87.574593,0.589594,13.346149,5.063311,-1.473617,-6.260720,-3.689555,-1.089667,-15.936932,-11.742178,2.721111,-2.736783,7.635843,-1.946823,0.558499,3.349242,-7.651384,12.829952,-12.042195,74.196973,-8.893463,-7.706199,8.644777,-5.704451,-20.815343,20.672041,69.746484,2.571727,-6.400017,-2.660223
275.000000,-82.660156,-50.431234,81.679392,-2.426316,-0.197018,87.575977,0.610354,13.360909,5.065700,-1.480222,-6.239474,-3.728877,-1.050448,-15.930115,-11.776061,2.691106,-2.745911,7.621836,-2.105632,0.551009,3.406983,-7.689246,12.942204,-12.230467,74.127353,-8.903417,-7.712958,8.711841,-5.817569,-20.825295,20.786243,69.478269,2.674821,-6.485283,-2.662149
276.000000,-82.651013,-50.465053,81.680393,-2.422380,-0.205611,87.531795,0.598952,13.394631,5.118585,-1.471563,-6.214577,-3.809888,-1.101463,-15.902248,-11.742199,2.704555,-2.743277,7.717101,-2.247005,0.544384,3.437081,-7.729557,13.008054,-12.372277,74.092130,-8.958392,-7.667173,8.882453,-5.927865,-20.878758,20.923475,69.166662,2.678933,-6.554957,-2.703775
277.000000,-82.647127,-50.507623,81.685317,-2.438432,-0.213334,87.442131,0.573946,13.431383,5.211541,-1.465427,-6.181725,-3.893507,-1.232828,-15.862360,-11.622564,2.762118,-2.698724,7.875886,-2.359173,0.557821,3.459609,-7.782026,13.008944,-12.428709,74.079678,-9.043899,-7.595767,9.056376,-6.049066,-20.970875,21.004502,68.825549,2.601594,-6.563478,-2.876083
278.000000,-82.670236,-50.543493,81.694061,-2.436160,-0.205023,87.393785,0.573143,13.408337,5.275169,-1.487142,-6.141019,-3.904256,-1.309242,-15.872644,-11.510546,2.797754,-2.636340,7.974201,-2.503265,0.577986,3.495420,-7.830459,12.943868,-12.370010,74.069782,-9.227843,-7.496500,9.119606,-6.158667,-21.078737,21.030106,68.447095,2.572495,-6.507660,-3.099152
279.000000,-82.706749,-50.574201,81.700981,-2.410751,-0.177121,87.395910,0.594953,13.334416,5.302775,-1.525670,-6.099774,-3.847440,-1.300558,-15.931425,-11.469531,2.778739,-2.579105,7.978389,-2.676415,0.581193,3.522482,-7.869945,12.845462,-12.189409,74.059454,-9.533824,-7.380775,9.081172,-6.243961,-21.179105,21.041948,68.090607,2.619424,-6.430296,-3.231101
280.000000,-82.716423,-50.615263,81.703502,-2.399085,-0.157201,87.354081,0.604252,13.305487,5.354526,-1.548696,-6.064410,-3.819524,-1.324118,-15.953109,-11.457936,2.748427,-2.531098,7.942047,-2.787571,0.571502,3.512656,-7.913247,12.766570,-12.005241,74.043205,-9.810298,-7.314946,9.028275,-6.323306,-21.249014,21.064097,67.860334,2.665141,-6.379717,-3.309076
281.000000,-82.684112,-50.664902,81.705403,-2.420249,-0.169190,87.219426,0.592522,13.374922,5.462948,-1.547185,-6.038562,-3.869695,-1.449401,-15.889301,-11.394230,2.761884,-2.506115,7.913053,-2.788755,0.568190,3.481573,-7.949939,12.740897,-11.992640,73.989213,-9.899213,-7.345465,9.008815,-6.396100,-21.279702,21.100917,67.763707,2.706683,-6.371457,-3.434750
282.000000,-82.636017,-50.701368,81.709033,-2.448482,-0.195621,87.059087,0.591139,13.480985,5.598405,-1.540637,-6.024298,-3.929287,-1.589839,-15.791947,-11.258080,2.795173,-2.514867,7.907759,-2.745482,0.567337,3.459213,-7.944966,12.759180,-12.160801,73.886220,-9.838800,-7.422453,9.014219,-6.429500,-21.292944,21.140662,67.706443,2.776301,-6.390864,-3.515469
283.000000,-82.605374,-50.717467,81.711578,-2.452108,-0.198822,86.951977,0.619685,13.529610,5.712804,-1.544872,-6.015969,-3.913159,-1.633518,-15.733563,-11.106090,2.762595,-2.526314,7.911819,-2.756046,0.548340,3.444230,-7.892406,12.776196,-12.317397,73.791807,-9.796913,-7.458276,9.038546,-6.422854,-21.318460,21.165167,67.653843,2.796606,-6.413665,-3.386614
284.000000,-82.595122,-50.735462,81.711119,-2.429999,-0.174275,86.891689,0.659335,13.513703,5.786623,-1.555125,-5.997578,-3.840905,-1.589695,-15.712435,-10.997040,2.635051,-2.496447,7.880726,-2.848865,0.510899,3.424892,-7.833867,12.755008,-12.315756,73.779348,-9.870653,-7.433698,9.095499,-6.422047,-21.350333,21.184214,67.675447,2.711875,-6.419778,-3.133856
285.000000,-82.575858,-50.775671,81.710023,-2.401785,-0.158899,86.814963,0.690210,13.520529,5.858094,-1.558562,-5.962301,-3.809871,-1.560723,-15.666229,-10.920432,2.500120,-2.439586,7.791636,-2.960336,0.478419,3.413312,-7.806428,12.713660,-12.231070,73.845663,-10.017739,-7.394365,9.185174,-6.437394,-21.357049,21.235620,67.789177,2.658901,-6.400645,-3.017685
286.000000,-82.523310,-50.828022,81.710243,-2.383603,-0.178615,86.685029,0.719321,13.615858,5.989130,-1.552288,-5.927227,-3.866507,-1.612657,-15.561840,-10.818916,2.457926,-2.413250,7.692876,-3.006918,0.465741,3.421891,-7.799099,12.699600,-12.221310,73.924695,-10.129736,-7.373357,9.274266,-6.420685,-21.334888,21.327513,67.894799,2.762384,-6.365917,-3.090226
287.000000,-82.456416,-50.869048,81.710786,-2.377788,-0.208715,86.534119,0.755066,13.744548,6.164609,-1.549482,-5.909545,-3.951784,-1.709558,-15.446485,-10.676638,2.490449,-2.424695,7.652026,-2.993643,0.463110,3.433451,-7.779297,12.714055,-12.307059,73.982560,-10.131215,-7.369202,9.324163,-6.357462,-21.314343,21.427987,67.939653,2.907177,-6.342004,-3.139356
288.000000,-82.419580,-50.892168,81.711316,-2.371980,-0.208106,86.432204,0.787926,13.792888,6.277085,-1.567756,-5.898556,-3.983815,-1.767804,-15.394934,-10.548929,2.504652,-2.424950,7.667402,-3.020994,0.456772,3.430495,-7.740805,12.704837,-12.351444,74.047440,-10.026690,-7.390470,9.281462,-6.312008,-21.296777,21.424459,68.066066,2.891419,-6.365865,-3.045558
289.000000,-82.422596,-50.905573,81.712544,-2.356631,-0.184704,86.409482,0.805493,13.754212,6.275831,-1.598686,-5.888208,-3.979159,-1.761409,-15.406687,-10.489477,2.480050,-2.402079,7.684321,-3.136792,0.458936,3.439340,-7.698445,12.661500,-12.326369,74.080614,-9.951399,-7.408002,9.204520,-6.220740,-21.324846,21.370962,68.162822,2.842705,-6.383843,-2.905387
290.000000,-82.438755,-50.914240,81.713045,-2.339656,-0.172886,86.446536,0.803150,13.709730,6.215733,-1.619533,-5.885044,-3.985061,-1.729880,-15.432790,-10.508311,2.467976,-2.388254,7.685942,-3.274575,0.476706,3.454506,-7.665542,12.623887,-12.251292,74.076837,-9.956180,-7.448314,9.050960,-6.107080,-21.359450,21.193746,68.360788,2.887868,-6.417225,-2.793199
291.000000,-82.437605,-50.912881,81.710303,-2.336344,-0.196065,86.480998,0.795648,13.737574,6.199655,-1.613779,-5.909562,-4.034921,-1.724988,-15.419796,-10.558648,2.503791,-2.411684,7.687431,-3.311896,0.510771,3.477790,-7.651916,12.644536,-12.209885,74.013542,-10.048625,-7.506934,8.806827,-5.984109,-21.399111,20.948117,68.543243,3.016509,-6.495958,-2.700164
