Frame,root_translateX,root_translateY,root_translateZ,root_rotateX,root_rotateY,root_rotateZ,left_hip_pitch_joint_dof,left_hip_roll_joint_dof,left_hip_yaw_joint_dof,left_knee_joint_dof,left_ankle_pitch_joint_dof,left_ankle_roll_joint_dof,right_hip_pitch_joint_dof,right_hip_roll_joint_dof,right_hip_yaw_joint_dof,right_knee_joint_dof,right_ankle_pitch_joint_dof,right_ankle_roll_joint_dof,waist_yaw_joint_dof,waist_roll_joint_dof,waist_pitch_joint_dof,left_shoulder_pitch_joint_dof,left_shoulder_roll_joint_dof,left_shoulder_yaw_joint_dof,left_elbow_joint_dof,left_wrist_roll_joint_dof,left_wrist_pitch_joint_dof,left_wrist_yaw_joint_dof,right_shoulder_pitch_joint_dof,right_shoulder_roll_joint_dof,right_shoulder_yaw_joint_dof,right_elbow_joint_dof,right_wrist_roll_joint_dof,right_wrist_pitch_joint_dof,right_wrist_yaw_joint_dof
0.000000,-149.202037,29.154730,81.426293,2.171801,2.951154,-1.495481,4.003404,3.359570,6.281880,-3.105826,-25.152897,9.468170,1.452257,-9.865232,-12.975243,0.083063,-15.943145,-0.217979,-0.797220,-3.202831,7.837011,24.419272,72.786922,28.050766,50.391063,2.285287,-7.306074,-3.987651,23.595187,-74.116261,-30.529757,53.425439,-1.874218,-3.686215,6.758424
1.000000,-149.272192,29.076269,81.535208,2.209968,3.026247,-0.887771,3.404927,3.383581,5.983797,-2.336330,-25.381782,8.638007,1.096228,-9.978129,-12.640050,0.834050,-15.603840,-2.131308,-1.408272,-3.129954,6.588787,21.406450,75.437821,25.149556,57.543763,1.993066,-14.435151,-7.564719,19.839755,-77.220350,-27.104658,61.607220,0.109805,-12.084141,10.743498
2.000000,-149.374783,28.884557,81.535542,2.207925,3.021942,-0.629124,2.978280,3.573621,5.869455,-1.726561,-25.564158,8.238782,0.959785,-9.885813,-12.829657,1.136427,-15.789642,-2.276968,-1.498852,-3.039927,6.552218,20.205236,75.960419,23.981805,59.625209,2.444893,-16.258200,-7.559408,18.416046,-77.930136,-25.350901,63.840638,0.430163,-14.046699,10.965354
3.000000,-149.513531,28.672072,81.549489,2.251473,3.026412,-0.352066,2.591305,3.701220,5.678156,-1.317009,-25.539657,7.949499,0.920990,-9.807453,-13.080509,1.142252,-15.765996,-2.293356,-1.564214,-3.041746,6.724596,19.159338,76.245128,23.275292,60.997995,3.384714,-17.287762,-7.026861,17.346643,-78.146455,-23.873084,65.096511,0.617092,-14.882950,10.617456
4.000000,-149.688709,28.468588,81.572431,2.366578,3.039400,0.006877,2.064686,3.721540,5.403120,-0.743481,-25.543212,7.612768,0.904741,-9.836604,-13.395015,1.060529,-15.699449,-2.187327,-1.732958,-3.138155,6.910935,18.248380,76.423021,23.019568,62.248138,4.525600,-18.036154,-6.259192,16.478007,-78.226969,-22.718686,66.030731,0.629289,-15.315613,10.104222
5.000000,-149.908543,28.307769,81.609005,2.576917,3.154686,0.599387,1.196422,3.576850,5.135315,0.242096,-26.137809,7.031322,0.845909,-10.054458,-13.881126,0.895389,-15.590171,-2.028435,-2.170212,-3.321005,7.009004,17.488858,76.529708,23.045682,63.441939,5.486873,-18.606738,-5.517034,15.657770,-78.283954,-21.948917,66.902413,0.732548,-15.524183,9.469680
6.000000,-150.136971,28.209099,81.658173,2.872584,3.362231,1.464956,-0.011358,3.381759,5.381850,1.764698,-27.301586,5.987323,0.828461,-10.470724,-14.583171,0.612070,-15.463461,-1.879226,-2.907268,-3.590376,7.033665,16.935616,76.696140,23.129831,64.484670,6.243258,-19.034778,-4.884433,14.876219,-78.379808,-21.489640,67.674880,0.964857,-15.595128,8.748391
7.000000,-150.308478,28.153557,81.705135,3.196280,3.526296,2.265782,-1.078038,3.396040,6.566858,3.403995,-28.253387,4.848348,0.948321,-10.930706,-15.227389,0.236966,-15.367593,-1.781870,-3.576952,-3.964363,7.231690,16.648246,77.038926,23.121160,65.212816,6.776973,-19.339402,-4.129463,14.130283,-78.467713,-21.236868,68.230619,1.310957,-15.571264,8.022766
8.000000,-150.408125,28.149831,81.751502,3.532247,3.589809,2.809098,-1.598842,3.853949,8.941840,4.828329,-28.881571,4.424931,1.128585,-11.402319,-15.649664,-0.053826,-15.317712,-1.707079,-3.932763,-4.359942,7.506383,16.399986,77.496501,23.016494,65.643261,7.228707,-19.586901,-3.547858,13.550989,-78.646883,-20.929774,68.614113,1.442571,-15.540606,7.393409
9.000000,-150.455880,28.235263,81.789505,3.807060,3.556022,2.913426,-1.586598,4.557378,10.845760,5.699088,-29.267593,4.782869,1.211713,-11.812011,-15.663306,-0.138925,-15.277666,-1.628964,-3.901657,-4.686641,7.771093,16.103708,77.932424,23.019966,65.848324,7.699095,-19.806883,-3.251123,12.953987,-78.922761,-20.597550,68.824995,1.069246,-15.562016,6.876638
10.000000,-150.467396,28.448007,81.766385,3.817620,3.429438,2.555719,-1.375274,4.990431,10.143178,5.666246,-29.061516,4.933557,1.176680,-11.950166,-15.274291,-0.052837,-15.252745,-1.548527,-3.538211,-4.768830,7.972166,15.891052,78.280737,23.050732,65.945702,7.837858,-19.970356,-2.774564,12.238332,-79.132830,-20.201370,68.698978,0.924700,-15.666898,6.268671
11.000000,-150.458908,28.779820,81.671530,3.506719,3.292505,2.079567,-1.174011,5.246800,7.898193,4.936868,-27.961949,4.757591,1.073500,-11.795706,-14.796423,0.132836,-15.274040,-1.515590,-3.220365,-4.556319,8.033417,15.799597,78.539034,23.077225,66.071500,7.821460,-20.059810,-2.323971,11.458280,-79.304958,-19.700233,68.270698,0.862891,-15.873134,5.720569
12.000000,-150.446200,29.217741,81.560516,3.050199,3.249269,1.926295,-0.882618,5.503452,6.958829,4.091954,-26.767621,4.829930,0.985133,-11.629505,-14.673920,0.330700,-15.309355,-1.476870,-3.384853,-4.214219,7.956691,15.709116,78.674244,23.217799,66.260150,7.923743,-20.123334,-2.212678,10.629607,-79.472058,-19.240867,67.670803,0.413954,-16.137874,5.411496
13.000000,-150.437284,29.768303,81.514072,2.660930,3.229181,2.047843,-0.416336,5.443945,7.270583,3.221047,-26.171625,5.617691,0.969591,-11.699969,-14.884608,0.527599,-15.118366,-1.284962,-3.831512,-3.783452,7.582476,15.361213,78.537709,23.382867,66.535530,8.607544,-20.376275,-2.746953,10.024347,-79.703684,-18.751533,67.149502,-0.127956,-16.388347,5.383778
14.000000,-150.472057,30.364719,81.494814,2.340796,3.284267,2.174768,-0.090939,5.186526,7.387971,2.347755,-26.134546,6.339187,0.731769,-11.913442,-15.034153,0.938216,-14.933642,-0.943066,-4.394202,-3.581025,7.478057,15.183371,78.380444,23.335784,66.736201,8.833812,-20.525251,-2.686897,9.320513,-79.695774,-18.490709,66.730019,-0.461444,-16.528255,5.021385
15.000000,-150.538898,30.964598,81.497318,2.004529,3.379314,2.261677,0.033982,5.046573,7.134859,1.723476,-26.152303,6.536183,0.334472,-12.116055,-15.075508,1.480167,-14.617269,-0.531877,-4.841338,-3.386325,7.337612,14.870910,78.185210,23.053659,66.770775,8.895299,-20.628541,-2.894491,8.774981,-79.509467,-18.163804,66.434853,-0.373995,-16.514120,4.885671
16.000000,-150.649607,31.531790,81.495941,1.654547,3.579712,2.101494,-0.034704,5.023495,6.997200,1.295596,-26.237683,6.530420,-0.479751,-12.264359,-14.675085,2.354583,-14.313894,0.137691,-5.050734,-3.218058,7.221125,14.589769,78.053790,22.645620,66.679524,8.822111,-20.608409,-3.204384,8.299493,-79.323891,-17.801981,66.269781,-0.290665,-16.414054,5.108212
17.000000,-150.783515,32.050759,81.501812,1.317589,3.910187,1.603627,-0.257899,5.021137,7.235557,1.026152,-26.413844,6.923061,-1.806167,-12.323656,-13.595248,3.638677,-13.953582,1.070844,-4.918493,-3.076671,7.045131,14.271515,78.028245,22.247226,66.645270,8.816132,-20.529669,-3.313585,7.824169,-79.182636,-17.405101,66.201089,-0.251818,-16.328923,5.471371
18.000000,-150.869524,32.495791,81.532592,0.994009,4.210016,0.815497,-0.391053,5.112785,7.674306,0.872164,-26.648924,7.529699,-3.238105,-12.123706,-11.670854,5.026673,-13.920221,2.193981,-4.468326,-2.948835,6.907762,13.937129,78.048654,21.885538,66.706428,8.731919,-20.404172,-3.255238,7.365765,-79.087717,-16.922501,66.251701,-0.199593,-16.256164,5.724640
19.000000,-150.879800,32.823098,81.592011,0.673220,4.412897,-0.043726,-0.339779,5.335154,8.156714,0.710077,-26.801150,8.016257,-4.514786,-11.594853,-8.897475,6.341901,-14.793561,3.409401,-3.883121,-2.826644,6.829478,13.597146,78.109026,21.486745,66.820970,8.493520,-20.222209,-3.223865,6.950415,-79.030008,-16.357031,66.374692,0.002163,-16.149699,5.920293
20.000000,-150.798583,33.026630,81.651896,0.375101,4.444670,-0.735868,0.050651,5.596138,8.618794,0.322640,-26.838322,8.281950,-5.267348,-11.074775,-6.217806,7.229964,-16.213746,4.317968,-3.434796,-2.720319,6.798736,13.320782,78.207913,21.055277,66.952806,8.236224,-20.049230,-3.299798,6.604135,-79.085879,-15.703517,66.510272,0.038363,-16.077487,6.248269
21.000000,-150.624442,33.112365,81.677347,0.169271,4.302068,-1.156730,0.773041,5.782827,8.968583,-0.314463,-26.804987,8.326278,-5.293162,-11.072090,-5.104381,7.278873,-17.795858,4.253056,-3.263461,-2.665646,6.787411,13.108668,78.287785,20.773491,67.103672,8.226466,-20.013687,-3.381015,6.256851,-79.298489,-15.086288,66.716769,-0.408457,-16.116637,6.644934
22.000000,-150.335026,33.054265,81.618237,0.216196,4.107337,-1.277174,1.682456,5.731377,9.187778,-1.173345,-26.715542,8.153075,-4.684795,-11.610758,-5.766328,6.501276,-18.542159,3.924204,-3.371616,-2.836493,6.587440,12.957040,78.336799,20.737267,67.274986,8.351161,-20.049262,-3.416438,5.920709,-79.535709,-14.724682,66.984731,-0.887504,-16.212246,6.979679
23.000000,-149.978554,32.854968,81.446052,0.627136,3.971404,-1.167639,2.566051,5.326969,9.238119,-2.116373,-26.621788,8.018835,-3.761249,-12.365512,-7.092213,5.510334,-17.010656,3.645867,-3.648172,-3.400688,6.031457,12.970998,78.505259,20.883440,67.379365,8.479295,-20.168598,-3.510116,5.755874,-79.783371,-14.663832,67.206172,-1.220907,-16.257973,7.277470
24.000000,-149.625874,32.535097,81.258559,1.106447,3.913146,-0.977014,3.210936,4.958226,9.164441,-2.777092,-26.594883,8.010763,-2.886029,-12.944876,-8.044310,4.532497,-15.105860,2.293572,-3.907991,-4.142433,5.298888,13.162581,78.889122,21.194459,67.362310,8.552865,-20.279510,-3.649764,5.815258,-79.941914,-14.754025,67.345822,-1.468838,-16.271823,7.449254
25.000000,-149.354565,32.170323,81.182015,1.392819,3.926565,-0.811997,3.427024,4.895667,9.090143,-2.848397,-26.635707,8.128632,-2.230020,-13.078059,-8.537503,3.756620,-14.939203,1.327589,-4.042605,-4.722918,4.790888,13.317698,79.113057,21.550978,67.199089,8.175489,-20.212475,-3.466823,5.984071,-79.773092,-14.852088,67.221048,-1.365772,-16.257740,7.151221
26.000000,-149.128914,31.819275,81.227088,1.516877,3.953905,-0.646614,3.373275,5.031642,9.053687,-2.495198,-26.606903,8.228640,-1.659940,-12.970812,-8.797191,3.074008,-14.860236,1.111329,-4.092988,-4.986999,4.633299,13.423454,78.701565,21.614952,66.688266,6.896838,-19.976743,-2.982839,6.172262,-79.370766,-14.933877,66.971569,-0.867780,-16.152837,6.763064
27.000000,-148.905790,31.464353,81.295878,1.594185,4.054549,-0.506382,3.154471,5.247466,8.994597,-1.991974,-26.551804,8.234646,-1.184795,-12.782426,-9.061936,2.385239,-14.666831,1.056871,-4.004480,-4.999554,4.496956,13.718965,77.964656,21.071528,65.644689,5.261305,-19.599786,-3.087369,6.439401,-79.165191,-14.874202,66.698812,-0.593841,-15.931725,7.093241
28.000000,-148.695385,31.085619,81.314915,1.715946,4.283118,-0.412233,2.788483,5.449862,8.969721,-1.482032,-26.558484,8.240352,-0.973578,-12.616386,-9.331098,1.862142,-14.701974,0.754512,-3.798693,-5.000317,4.251910,14.292871,77.593066,20.067251,64.347779,4.327871,-19.112276,-3.683343,6.752684,-79.322129,-14.755177,66.514404,-1.146519,-15.695100,7.766666
29.000000,-148.452330,30.699965,81.279594,1.832675,4.476965,-0.329558,2.581133,5.663720,9.023247,-1.131174,-26.708478,8.194511,-0.707742,-12.420219,-9.512898,1.374390,-15.004421,0.301825,-3.668683,-5.059375,4.022857,14.755562,77.564728,19.499541,63.508171,4.056801,-18.722214,-3.832957,6.853344,-79.429677,-14.919507,66.478197,-1.693907,-15.594176,8.005301
30.000000,-148.158896,30.337214,81.230283,1.895479,4.541512,-0.217675,2.656683,5.903854,9.062911,-0.977253,-26.922739,8.074206,-0.197222,-12.166438,-9.639274,0.816125,-15.354945,-0.037479,-3.590986,-5.076884,3.919413,14.866542,77.435583,19.629906,63.089262,3.394922,-18.394147,-3.372903,6.824042,-79.308318,-15.313098,66.397840,-1.345662,-15.544879,7.818016
31.000000,-147.874522,30.022582,81.204373,1.931610,4.556875,-0.076201,2.858943,6.121538,9.036450,-0.989336,-27.011055,7.886253,0.284148,-11.925894,-9.739507,0.431342,-15.668109,-0.258773,-3.531701,-5.033212,3.944981,14.803533,77.154193,20.111984,62.779848,2.465678,-18.152633,-2.736377,6.915716,-79.176577,-15.722862,66.053154,-1.122444,-15.614424,7.597462
32.000000,-147.644126,29.749086,81.190401,1.902541,4.609217,0.070002,3.031585,6.388434,9.007745,-1.133024,-27.007085,7.540894,0.443775,-11.668595,-9.848617,0.501259,-16.001525,-0.463943,-3.485955,-4.862092,4.066584,14.880330,76.849033,20.567199,62.391415,1.973753,-18.115796,-2.300889,7.168944,-79.147952,-16.120153,65.558963,-1.504266,-15.775164,7.519120
33.000000,-147.467291,29.502264,81.177396,1.839365,4.748842,0.226792,3.066089,6.670970,8.981440,-1.308766,-26.949165,7.212457,0.300582,-11.428959,-9.994887,0.907094,-16.394915,-0.559884,-3.506452,-4.568472,4.255194,15.187757,76.532317,20.893540,61.939618,2.036652,-18.186461,-2.111865,7.427773,-79.190859,-16.552555,65.125867,-1.806009,-15.918321,7.529476
34.000000,-147.304857,29.259676,81.159019,1.784285,4.968919,0.414597,2.993387,6.930201,8.954663,-1.495775,-26.861727,6.950241,0.064679,-11.219761,-10.159387,1.331398,-16.805822,-0.627759,-3.609127,-4.253955,4.436163,15.597130,76.259725,21.120873,61.598348,2.232712,-18.243492,-2.189484,7.621280,-79.258103,-16.936345,64.839573,-1.726547,-16.010800,7.582715
35.000000,-147.126091,29.008934,81.129158,1.756677,5.245875,0.645283,2.849681,7.155220,8.864297,-1.663194,-26.778771,6.737895,-0.141644,-11.034718,-10.352926,1.622281,-17.239812,-0.789243,-3.771181,-3.978913,4.517706,15.902402,76.089373,21.278916,61.521460,2.284853,-18.185836,-2.385429,7.756611,-79.359019,-17.181467,64.668334,-1.674611,-16.040518,7.597097
36.000000,-146.892214,28.746840,81.088376,1.733446,5.536488,0.901981,2.719977,7.382808,8.714392,-1.814060,-26.744039,6.509247,-0.200621,-10.821677,-10.563988,1.689086,-17.684634,-1.057248,-3.956212,-3.717798,4.518610,15.907043,75.966450,21.375647,61.638516,2.205507,-18.106297,-2.455631,7.762667,-79.431822,-17.280157,64.547391,-1.727064,-16.085872,7.517043
37.000000,-146.606934,28.470913,81.038600,1.707619,5.835230,1.116873,2.625397,7.640899,8.616688,-1.938788,-26.758275,6.216852,-0.207294,-10.554245,-10.679675,1.691632,-18.206035,-1.342303,-4.108810,-3.430097,4.431250,15.593573,75.683748,21.332930,61.735881,1.729309,-17.890603,-2.368948,7.630855,-79.451479,-17.233737,64.386390,-1.742949,-16.122057,7.331715
38.000000,-146.284556,28.161651,80.981648,1.701512,6.136473,1.256199,2.533465,7.929920,8.580908,-1.966917,-26.831748,5.892925,-0.265722,-10.274247,-10.692598,1.795729,-18.783637,-1.510837,-4.224905,-3.112341,4.327622,15.146006,75.057939,21.038272,61.449866,0.763297,-17.582220,-2.116172,7.374180,-79.424131,-17.048763,64.037921,-1.689202,-16.203413,6.970512
39.000000,-145.915067,27.799773,80.926412,1.718103,6.407223,1.352155,2.439608,8.251608,8.562800,-1.833837,-26.981757,5.576657,-0.294387,-9.982115,-10.631002,1.958422,-19.389775,-1.583651,-4.364137,-2.767971,4.306483,14.862731,74.029135,20.434123,60.530311,-0.335205,-17.341155,-2.196548,7.044343,-79.319506,-16.729701,63.277475,-1.631878,-16.304927,6.677782
40.000000,-145.496988,27.378115,80.863839,1.763017,6.637859,1.425176,2.318731,8.605156,8.559872,-1.453167,-27.276851,5.328113,-0.264774,-9.671750,-10.520999,2.163468,-20.062523,-1.670751,-4.538450,-2.440783,4.370767,14.842339,72.770966,19.710044,59.123374,-0.972209,-17.188144,-3.130429,6.794416,-79.119176,-16.319552,62.004321,-1.923183,-16.429091,6.814611
41.000000,-145.024884,26.888734,80.796176,1.852294,6.832630,1.498480,2.117926,8.989616,8.552012,-0.723214,-27.706664,5.075072,-0.162520,-9.372863,-10.468753,2.406858,-20.768071,-1.820095,-4.740723,-2.200970,4.469011,15.062895,71.534402,18.929581,57.628403,-0.778640,-17.179420,-4.810595,6.652530,-78.741952,-15.893372,60.375833,-2.416763,-16.585902,7.170986
42.000000,-144.499433,26.338875,80.734044,2.028807,7.000976,1.620955,1.735499,9.350940,8.550894,0.503266,-28.205862,4.769638,0.063873,-9.132065,-10.466473,2.588292,-21.525001,-2.001886,-5.028237,-2.109305,4.614452,15.331802,70.070706,18.067683,56.209865,-0.734598,-17.076873,-6.279066,6.575424,-77.994422,-15.419517,58.321380,-2.768915,-16.683514,7.291563
43.000000,-143.926024,25.744739,80.692494,2.372347,7.106309,1.774270,1.124650,9.578445,8.635062,2.391022,-28.581347,4.483918,0.472453,-9.042138,-10.451019,2.665761,-22.337997,-2.226355,-5.382510,-2.224345,4.895243,15.698616,68.156538,16.808443,54.549562,-1.657408,-16.853447,-6.724736,6.670122,-76.750795,-14.637087,55.430940,-2.233073,-16.742815,6.962922
44.000000,-143.308628,25.106788,80.715102,3.049985,7.098798,1.875668,0.293406,9.488147,9.057779,5.155531,-28.472376,4.352200,1.155534,-9.281045,-10.399756,2.504034,-23.110326,-2.487843,-5.644218,-2.686322,5.309503,16.170307,65.863309,15.053317,52.322999,-2.775108,-16.577031,-6.988511,6.836059,-75.156485,-13.626612,51.833769,-1.644360,-16.872374,6.902371
45.000000,-142.646468,24.428378,80.873108,4.274157,6.984067,1.757494,-0.864175,8.890289,10.124475,9.147299,-27.491868,4.579101,2.091378,-10.066527,-10.165295,2.014714,-23.697087,-2.758178,-5.600696,-3.720464,5.871845,16.680758,63.315772,13.045193,49.437749,-3.275526,-16.490418,-7.886709,7.015596,-73.307860,-12.468570,47.809142,-2.137304,-17.098767,7.134811
46.000000,-141.952753,23.742320,81.189549,6.009700,6.880733,1.125578,-2.945299,7.945788,11.698200,15.194789,-26.086553,5.748989,3.015668,-11.363863,-9.490563,1.211374,-23.858899,-3.122784,-4.863003,-5.316244,6.686994,16.720289,60.666546,10.524806,46.066040,-3.221585,-15.925628,-9.326512,6.923172,-70.750159,-10.966190,43.124237,-3.212269,-16.631900,7.226752
47.000000,-142.262685,23.055413,81.742591,6.294027,6.490865,0.221691,-8.441106,8.899509,11.175546,25.358385,-24.697068,7.871845,2.814854,-10.965004,-7.600744,0.463292,-21.755095,-4.653465,-3.327033,-5.868185,9.822886,14.515305,58.191306,7.900493,43.001543,-2.507690,-15.480668,-11.845866,4.835759,-66.841003,-9.012939,38.497846,-3.850566,-16.373229,8.403746
48.000000,-140.324557,22.762889,81.683344,9.458855,6.298841,-1.987587,-8.678162,4.744736,13.153687,27.770991,-25.208884,8.234907,4.267462,-14.259325,-6.821287,0.459630,-24.231894,-3.259980,-1.024977,-8.457555,8.186376,16.659079,55.126337,5.330672,40.398793,-1.816417,-15.640199,-14.721964,5.862937,-64.913353,-6.800384,35.142829,-4.373671,-16.269540,10.149510
49.000000,-139.360356,22.505701,81.700730,10.337616,6.014758,-4.080944,-11.665817,2.311402,11.999301,29.602194,-25.654652,7.279721,4.475101,-14.948190,-5.146387,0.560798,-24.597437,-2.947376,1.445774,-9.326799,8.718314,17.302686,52.142006,3.156212,38.199134,-1.109037,-15.599462,-16.736195,5.058175,-62.026123,-3.810169,31.461316,-5.155726,-16.404067,11.360006
50.000000,-138.337028,22.359726,81.589824,10.337114,5.809856,-5.943379,-14.387534,1.336536,11.925262,28.349725,-25.696005,6.575491,4.718942,-14.730348,-3.770027,0.806899,-25.018623,-2.659251,3.630111,-9.342718,9.381929,17.677033,48.900664,1.305865,37.130852,-0.590887,-15.470165,-18.091426,3.188647,-58.996872,-0.479906,28.458516,-6.584247,-16.561569,12.122248
51.000000,-137.154734,22.294264,81.359464,10.078556,5.497916,-7.497347,-16.149315,1.367151,12.952454,24.049593,-25.157202,6.994913,5.312634,-14.405468,-2.877271,1.224255,-25.685579,-2.206687,5.547947,-9.140868,10.029571,18.655384,45.703487,-0.380451,36.637869,-0.446101,-15.427318,-18.968357,1.768555,-56.073674,2.609206,25.661461,-7.424146,-16.948107,12.650997
52.000000,-135.816383,22.288436,80.978143,9.065937,5.138523,-8.984272,-17.675882,2.816805,14.188364,19.145906,-24.482410,7.767100,6.333392,-13.287551,-2.033482,1.504455,-26.464357,-1.960550,7.391122,-8.224557,10.857206,19.261224,42.915137,-2.149252,36.903638,-0.018813,-15.189977,-20.004791,-0.292732,-53.055209,6.110559,23.354058,-7.869022,-16.895154,13.904800
53.000000,-134.298444,22.323310,80.472630,7.787634,4.639408,-10.566512,-18.982088,4.730159,15.206103,14.409809,-23.823987,8.140738,7.765765,-12.006515,-1.009377,1.715476,-27.434141,-1.790379,9.210735,-7.123475,11.739815,19.866608,40.767473,-3.858346,37.565071,0.464473,-15.051708,-21.034893,-2.871097,-50.170963,9.594069,21.410420,-8.091351,-16.892122,14.679275
54.000000,-132.591462,22.402997,79.914415,6.638114,4.079671,-12.446360,-20.197112,6.436395,15.041496,10.258341,-23.424040,8.214609,9.385900,-11.072224,0.324292,1.854916,-28.454100,-1.524835,11.231275,-6.264630,12.547166,20.510370,39.237961,-5.241431,38.487815,1.025427,-14.993747,-22.122735,-5.522493,-47.532909,12.967882,19.758771,-8.561018,-16.935172,15.309251
55.000000,-130.780375,22.516628,79.383159,5.828467,3.662181,-14.246589,-21.444019,7.785023,13.758059,7.206433,-23.387102,8.474877,10.953521,-10.688555,1.630891,1.932236,-29.378460,-1.187326,13.135390,-5.820919,13.166414,21.052337,38.322959,-6.202509,39.631558,1.636929,-14.983646,-23.178382,-7.977820,-45.072237,15.972864,18.414188,-9.031230,-16.975175,16.167312
56.000000,-128.882658,22.656649,78.893435,5.301855,3.637990,-15.606621,-22.722052,9.000090,13.110735,5.657337,-23.042524,8.978663,12.256329,-10.667845,2.463549,1.988670,-30.099933,-0.787152,14.616765,-5.754449,13.418357,21.432133,37.903308,-6.491011,41.025989,1.926858,-14.972159,-23.788074,-10.018093,-42.780207,18.240951,17.192927,-9.240805,-17.055208,16.672656
57.000000,-126.896071,22.836103,78.457850,4.992250,4.076288,-16.612920,-23.837306,9.930669,13.403305,5.636394,-21.658438,9.284362,13.137848,-10.849703,2.906533,2.111343,-30.427683,-0.380331,15.754618,-6.082063,13.283291,21.631385,37.905395,-6.113188,42.625701,1.721717,-14.901436,-23.619018,-11.411123,-40.622291,19.829702,16.029440,-8.936034,-17.128964,16.544583
58.000000,-124.835408,23.095456,78.145790,4.980041,4.930283,-17.440139,-24.745695,9.975724,12.798018,7.643248,-17.965653,9.193530,13.477257,-11.323120,3.473373,2.362747,-30.109844,-0.102861,16.678466,-6.877556,12.785945,21.702832,38.231157,-5.386816,44.296287,1.167991,-14.757115,-22.690585,-12.135164,-38.689852,21.048131,15.039626,-8.164612,-17.074286,16.310447
59.000000,-122.657907,23.458712,78.022033,5.446028,6.103861,-17.938717,-25.918191,9.142130,11.855883,10.507123,-15.605910,9.127108,13.327191,-12.304311,4.031462,2.824291,-28.977071,0.707265,17.343974,-8.256257,12.182419,21.276727,38.732056,-4.498627,46.004592,0.637509,-14.668454,-21.262440,-12.078732,-37.206533,21.839858,14.128049,-7.419004,-17.002098,16.083004
60.000000,-120.325029,23.920135,78.089321,6.178835,7.470150,-18.000304,-27.307400,8.393534,12.121200,13.157145,-15.558001,9.626147,12.962665,-13.551041,4.290420,3.475232,-26.809034,1.937600,17.731446,-9.967944,11.621801,20.340780,39.431211,-3.752308,47.485292,0.083389,-14.603778,-19.393175,-11.177222,-36.132309,22.302343,13.432514,-6.577739,-16.873291,15.752510
61.000000,-117.737627,24.477077,78.265506,6.767669,8.931024,-18.091372,-27.981453,7.539985,12.349337,14.880276,-16.645425,10.181558,12.484445,-14.672310,4.253519,4.414325,-23.534590,3.970605,18.219311,-11.552653,10.909168,19.181709,40.078775,-3.208254,48.457313,-0.433162,-14.568770,-17.318971,-9.639773,-35.442900,22.926099,13.346827,-5.710398,-16.657612,15.560054
62.000000,-115.613472,25.265113,78.788513,5.326007,10.433637,-15.643567,-29.657327,6.681437,9.101984,17.445978,-18.833714,11.488884,10.944831,-13.449054,2.260374,8.861084,-19.054708,4.907902,16.308818,-11.745904,11.616464,15.685873,41.469463,-2.984048,49.148604,-0.894073,-14.204539,-15.675154,-9.673761,-34.395303,23.602236,14.635282,-4.580142,-16.073937,16.011558
63.000000,-112.648988,26.088396,79.413897,4.587230,11.944420,-14.434835,-28.904722,5.503994,7.731248,17.152212,-21.242604,13.013802,9.240156,-13.335170,-0.450493,13.319426,-12.790327,6.164106,15.190867,-11.838335,10.654209,13.668765,41.861792,-3.119255,49.433487,-1.140025,-14.115525,-14.497319,-9.188345,-33.888564,24.721656,17.144128,-4.060883,-15.315915,17.005452
64.000000,-109.652555,27.012321,80.324155,3.241781,13.315863,-12.462503,-27.335855,4.337108,5.516070,15.373805,-22.313161,14.406592,6.446485,-12.875361,-3.932780,19.454686,-4.801591,5.378867,13.063167,-11.255630,9.608842,11.758229,42.097557,-3.589551,49.173926,-1.418887,-14.012405,-13.553593,-9.028393,-33.061565,25.834781,21.070700,-3.918472,-14.582030,17.632555
65.000000,-106.567407,27.614191,81.206924,1.424448,13.470828,-9.976245,-23.974577,3.715125,2.965999,13.025195,-23.279088,14.999884,3.557740,-10.691742,-5.177693,26.800049,-1.863426,3.559283,10.604155,-9.979843,9.484201,10.573246,42.378141,-4.339784,47.784406,-1.973992,-14.096270,-12.825933,-8.173120,-32.310756,26.801550,24.697559,-3.671128,-14.181084,16.907121
66.000000,-103.628099,27.934679,81.893587,-0.411899,13.183920,-6.870052,-20.377991,3.426427,0.100825,10.651263,-24.061877,15.000035,-0.540879,-5.882302,-3.645849,33.821823,-3.922641,3.954159,7.512815,-8.471981,9.830149,9.193653,42.855909,-5.549470,45.765761,-2.339212,-14.420298,-12.051558,-7.393025,-31.439405,27.569217,28.377969,-2.652013,-14.272716,15.408555
67.000000,-100.747883,28.224605,82.349283,-1.823401,12.586225,-4.056608,-16.680225,3.153379,-2.278897,8.589953,-25.002589,15.000035,-5.396629,-1.018546,-2.518370,38.679122,-6.436540,5.407447,4.420342,-7.115309,10.172919,7.821488,43.341041,-6.923013,43.595093,-2.105838,-14.886700,-11.253628,-6.218431,-30.900998,27.843708,31.366018,-1.256647,-14.261763,13.994229
68.000000,-97.867924,28.601390,82.632786,-2.921573,11.676149,-1.868016,-12.780188,2.988624,-3.956188,6.925688,-26.119777,15.000035,-10.352610,1.642378,-3.731507,40.790050,-8.880596,5.487075,1.623311,-5.866297,10.537339,6.427509,43.691429,-8.175077,41.510031,-1.497738,-15.291419,-10.562354,-4.668084,-30.775839,27.758140,33.652564,-0.292725,-14.135222,12.665362
69.000000,-95.020801,28.995502,82.723296,-3.411626,10.700439,0.004819,-8.943917,2.486556,-5.251062,5.510969,-27.189453,15.000035,-15.200285,1.398762,-6.865263,40.522471,-10.958350,4.168178,-1.146362,-5.087073,11.093122,4.567833,43.787690,-9.374032,39.529512,-1.046712,-15.572374,-9.337471,-3.360678,-30.853054,27.334617,35.726619,0.267605,-14.170251,10.923633
70.000000,-92.171997,29.311851,82.569569,-3.278213,9.601217,1.882594,-5.027736,1.551749,-6.453765,4.273920,-28.337891,15.000035,-19.213110,-0.477805,-10.292541,37.577805,-12.227593,2.674708,-4.042669,-4.834270,11.812017,2.322545,43.639209,-10.693840,37.737741,-0.846383,-15.768105,-7.860459,-2.227177,-31.058414,26.903538,37.579995,0.731829,-14.152563,9.596379
71.000000,-89.149415,29.488382,82.122403,-2.876935,8.408303,3.699149,-0.957261,0.662910,-7.459972,3.530765,-30.131287,14.918171,-22.112876,-2.132737,-12.368011,31.868280,-12.855540,1.889151,-6.858350,-4.773233,12.245175,0.504123,43.498193,-11.933650,35.997583,-0.840462,-16.195009,-6.716095,-0.794951,-31.416562,26.557953,39.029101,1.075182,-13.992888,8.729131
72.000000,-86.078352,29.562250,81.433231,-1.901454,7.132934,6.362955,3.246080,-0.636881,-9.318698,2.659852,-31.675535,14.811265,-24.369777,-4.225166,-12.609272,24.754279,-12.879642,2.293421,-10.177122,-5.174046,12.978629,-1.869044,43.289889,-13.507323,34.187498,-0.937246,-16.542807,-5.492404,0.410898,-31.826506,25.924820,40.396952,1.298314,-13.863037,8.007018
73.000000,-82.058591,29.468429,80.580056,-1.506803,5.031091,11.448252,8.842071,-0.560633,-13.125336,1.943840,-34.306292,14.018406,-22.108279,-6.402773,-14.104700,13.986791,-13.068119,3.370868,-14.892495,-4.907629,12.643997,-2.899849,42.887694,-16.023303,31.930991,-0.859836,-16.978150,-4.260100,4.119626,-32.573647,24.842347,41.520686,1.263950,-13.998499,7.398767
74.000000,-78.711897,29.552528,79.740971,-0.400494,3.595573,15.162425,13.242775,-0.816827,-16.214970,1.516714,-35.740041,13.781431,-22.912477,-10.151030,-13.225456,8.418051,-14.114597,3.531198,-18.454804,-5.267202,13.259835,-5.510387,42.675599,-18.309355,30.150494,-0.649810,-17.229350,-3.333386,5.950810,-33.196027,23.850141,42.044845,1.063801,-14.015466,7.128361
75.000000,-75.388396,29.619902,78.981048,0.203508,3.042328,17.782799,16.495431,-0.329943,-18.235972,1.428784,-36.949561,13.117351,-24.135566,-13.823242,-14.641088,5.292236,-15.326074,2.956318,-20.774823,-5.102882,13.327010,-8.641925,42.434610,-20.380957,28.759485,-0.281848,-17.341019,-2.746807,7.018275,-33.758289,22.922011,42.322769,0.762404,-13.938698,7.278406
76.000000,-72.063512,29.624102,78.315777,0.406303,3.268618,19.609833,18.551340,0.511219,-19.625951,1.855268,-37.608350,11.969428,-24.706316,-16.466522,-18.303039,4.034471,-16.036330,2.602936,-22.219526,-4.382655,12.889716,-11.534348,41.978168,-21.879007,27.379927,0.271041,-17.748182,-2.177938,7.605837,-34.400330,22.000319,42.342822,0.305321,-13.978177,7.813553
77.000000,-68.692082,29.528615,77.794999,0.416383,4.055904,21.000866,19.541333,1.409784,-20.870055,3.000217,-37.238133,10.225263,-24.343704,-17.317091,-20.261189,4.738689,-15.642530,2.126162,-23.296551,-3.378483,12.123783,-13.382930,41.421751,-22.498336,25.785021,0.820364,-18.584084,-1.274725,7.773873,-35.072065,21.307012,42.187517,-0.172177,-14.224049,8.290249
78.000000,-65.244722,29.299557,77.474654,0.551925,5.657217,20.986938,19.344960,1.579235,-20.775188,5.116929,-35.104164,7.685700,-25.012769,-16.321512,-17.413183,6.289106,-12.492508,1.822382,-23.268921,-2.466169,10.945287,-14.151795,40.732082,-22.098247,24.248234,1.050874,-19.218163,-0.242369,6.633790,-35.528103,20.918107,42.393273,-0.909274,-14.370598,8.638872
79.000000,-62.495315,29.002890,77.697116,1.224391,7.272291,17.354155,16.770220,-0.102161,-17.039806,11.495073,-30.060561,5.070469,-28.505195,-13.768824,-9.867875,9.252179,-7.391831,0.751148,-20.479673,-1.751068,11.737021,-14.795698,40.118349,-20.591289,23.602429,0.771098,-19.329642,0.468611,2.725815,-35.378392,21.103695,42.987780,-1.667273,-14.116166,8.750196
80.000000,-58.686507,28.638992,78.275174,1.495416,8.272682,14.842526,13.640993,-0.616720,-12.386713,19.965698,-22.148715,1.719020,-28.251087,-11.843616,-7.663832,11.033455,-7.043432,-1.054151,-18.435217,-1.166954,11.225287,-13.731429,39.442447,-19.790418,23.667586,0.500452,-18.914015,0.670318,-0.061447,-34.800715,21.728782,44.320005,-1.839665,-13.593356,8.777452
81.000000,-54.897690,28.270078,79.013109,2.269017,8.948222,11.859019,8.606870,-1.718519,-7.873173,30.649671,-15.140082,1.766027,-27.003768,-9.995321,-5.065507,11.835195,-8.555633,-3.113344,-16.110657,-1.174983,10.666052,-12.421561,38.665131,-19.400213,24.379025,-0.648594,-18.042144,0.067276,-3.256473,-34.265123,23.099217,45.423032,-1.409580,-13.160557,8.840239
82.000000,-51.321501,28.002974,79.677367,3.785860,9.023105,9.730313,2.341838,-2.604813,-2.802734,41.465631,-15.964561,4.190058,-24.797820,-9.654860,-2.951118,12.538332,-10.600190,-4.341183,-14.327053,-2.307245,10.624854,-11.883117,38.261142,-19.836340,25.350278,-1.949730,-17.380904,-1.096824,-6.282745,-34.108708,24.714449,45.275429,-1.055728,-13.130271,8.679308
83.000000,-47.962266,27.831379,80.248857,5.173287,8.831497,7.884902,-4.483940,-4.047570,0.931113,49.153043,-19.541858,5.787094,-22.204935,-9.609368,-1.237605,12.814294,-12.470309,-5.193333,-12.591850,-3.793873,10.912184,-12.105681,38.353520,-20.833880,26.399419,-1.683386,-17.462082,-1.720628,-9.519885,-34.002106,26.558854,44.584203,-1.704585,-13.495206,8.104076
84.000000,-44.650203,27.764633,80.745220,6.199743,8.184007,6.044838,-10.497823,-6.129077,3.056320,51.630206,-22.244511,6.161996,-18.890531,-9.426034,0.168550,12.581593,-14.290871,-5.439439,-10.701337,-5.213249,11.343801,-12.156226,38.581754,-21.757617,27.280074,-0.376307,-18.096159,-1.725036,-12.231403,-33.653264,28.117845,43.795607,-2.307401,-14.047276,7.369897
85.000000,-41.326451,27.713183,81.063777,6.574668,7.348175,4.152949,-15.772514,-6.692264,5.354154,49.901079,-24.013861,6.768631,-15.455535,-8.712084,1.310505,12.308845,-15.964708,-5.549418,-8.576646,-6.222511,12.207303,-12.302091,38.550237,-21.919902,28.079534,0.248766,-18.021121,-1.441939,-14.918007,-32.922318,29.209714,43.003831,-2.038581,-14.163669,6.748659
86.000000,-37.989369,27.661327,81.117415,6.239145,6.176487,2.188504,-19.709920,-5.466936,7.680500,44.759555,-25.020648,7.819546,-11.781937,-7.365227,2.195666,12.222184,-17.839814,-5.751197,-6.141259,-6.683535,13.584573,-12.476774,38.482037,-21.587815,28.429395,-0.107258,-17.678490,-0.806646,-17.379097,-32.260390,30.175492,41.808466,-1.022607,-14.161386,6.175080
87.000000,-34.670466,27.665523,80.860096,5.300339,4.823885,-0.207964,-22.374011,-3.178378,9.497238,36.915199,-25.244106,8.598523,-8.071954,-5.442419,3.395166,12.349546,-20.036654,-5.728397,-3.155160,-6.639390,15.306727,-12.980897,38.654312,-21.081596,28.440465,-0.635129,-17.616970,0.363770,-19.848438,-31.895839,31.414478,40.272728,0.092803,-14.267242,5.543569
88.000000,-31.184962,27.765393,80.282599,4.115952,3.559202,-2.746092,-24.134060,-0.823587,10.045044,27.333369,-25.024396,8.742424,-4.266452,-3.546804,4.873180,12.614349,-22.581295,-5.324373,-0.156386,-6.335253,16.440064,-13.123610,38.738709,-20.608911,28.348840,-1.014816,-17.641031,1.781961,-21.724455,-31.821141,32.979726,38.738661,0.380255,-14.625634,5.119926
89.000000,-27.678099,27.939394,79.511803,2.302804,2.176680,-5.861715,-25.015346,2.598546,9.753197,17.503080,-23.980205,8.227243,-0.406113,-1.182300,6.998295,13.123239,-24.829363,-4.918704,3.141625,-5.438901,18.135978,-13.597932,38.973589,-20.089538,28.282551,-1.401542,-17.523805,3.559510,-24.240316,-31.910067,34.979724,37.405565,0.491232,-14.867010,4.572705
90.000000,-23.343053,28.092220,78.769684,0.834869,0.037484,-11.462422,-22.266055,7.141426,11.797982,7.297186,-24.370632,7.431733,6.419192,0.186011,11.522659,10.428958,-26.482769,-4.437797,7.816347,-3.967715,18.878313,-12.253438,38.934971,-19.794863,27.821474,-1.877568,-17.528716,5.471919,-25.800251,-32.630901,38.208201,36.558765,0.629904,-15.025004,3.757404
91.000000,-19.904670,28.246421,78.029180,-0.964131,-1.175972,-15.155204,-22.866968,11.372641,11.297223,2.499743,-25.340130,7.084587,10.536215,1.276705,14.426942,10.528292,-28.073572,-3.833065,10.537653,-2.801194,21.179500,-13.454365,39.702008,-19.155160,27.828656,-2.215313,-17.283736,6.906418,-30.036477,-32.556746,41.141187,36.827277,0.522965,-14.952017,3.083941
92.000000,-16.522695,28.382713,77.348977,-1.755054,-1.540508,-18.682893,-23.754937,14.481300,12.708776,0.000472,-26.472483,5.759074,13.375015,0.931137,17.310442,10.701312,-29.344511,-2.696122,12.868041,-2.849854,22.242887,-14.245585,40.654099,-18.814627,28.055410,-2.171927,-17.243171,7.779913,-33.331593,-32.120006,43.822350,37.293830,-0.230640,-15.014013,3.181046
93.000000,-13.282435,28.577602,76.684767,-2.317924,-0.993956,-21.750468,-24.324780,16.826466,14.310946,-0.532016,-27.043046,4.973033,14.865837,0.447089,19.866642,11.237242,-30.227818,-1.444587,14.549930,-3.360781,23.199975,-16.462714,42.052764,-18.800465,29.196699,-2.017657,-16.843308,8.308010,-37.674463,-30.909085,46.272568,38.656617,-1.127745,-14.720946,3.535719
94.000000,-10.141255,28.883508,75.996590,-2.696409,0.529033,-24.103662,-24.848365,18.086382,13.713286,0.736838,-26.582862,5.426711,14.828097,0.178717,21.408166,12.632033,-30.796872,-0.089398,15.524969,-4.229485,24.117506,-21.110397,43.726574,-19.511535,32.137160,-2.345197,-16.248670,9.216842,-43.162291,-28.730101,48.271238,41.300945,-1.068115,-14.223198,3.303570
95.000000,-7.113647,29.313526,75.389177,-2.980096,2.270023,-26.716216,-25.483600,19.005971,11.529502,2.456965,-20.833680,5.624568,13.920375,-0.071687,22.704464,14.901489,-30.409758,1.107060,16.805088,-5.192449,24.809935,-25.672775,45.232696,-20.810422,35.466106,-2.953367,-15.756106,10.620268,-47.447504,-26.596760,49.931528,43.534519,-0.144439,-13.798819,2.150110
96.000000,-5.174151,30.073521,74.896222,-3.285342,5.867213,-25.099978,-31.449346,18.403491,5.339877,4.157700,-7.457961,7.005932,7.844263,1.748072,19.235375,23.288112,-29.722972,2.323150,14.555145,-6.701463,26.968763,-33.968286,47.224392,-22.891620,39.963591,-3.781543,-15.071680,12.492273,-53.824520,-24.235992,50.077537,45.913566,1.159817,-13.250272,0.128280
97.000000,-2.540408,30.658254,74.959892,-2.814383,8.253656,-25.837648,-34.503599,18.368689,4.742322,7.729580,-3.254151,8.442092,4.720033,1.230193,17.482767,27.536254,-26.428941,3.688597,14.172380,-8.154853,28.010908,-39.773824,48.128774,-25.124569,44.337521,-5.239290,-14.258177,13.764564,-57.658087,-22.635617,50.923093,47.592079,2.888883,-12.741741,-1.922965
98.000000,-0.145585,31.279445,75.385153,-1.803606,11.207936,-25.822278,-37.979684,17.506910,4.371943,10.836899,-3.641712,8.333282,0.655466,0.328536,15.075541,30.775828,-22.589176,3.864504,13.483138,-10.036493,28.332926,-46.217103,48.119844,-28.448419,49.655537,-7.540770,-13.533740,14.570573,-60.827493,-21.080228,51.790657,49.414773,5.112212,-12.287912,-3.997445
99.000000,2.108818,31.852105,75.806999,-0.883154,14.433516,-25.705268,-41.285574,16.869121,4.115415,12.899727,-4.192476,7.757092,-3.296838,-1.640859,10.530870,31.854343,-20.407772,2.327150,13.153152,-11.587772,28.629880,-53.965461,47.530306,-33.350458,55.943218,-9.657141,-12.892823,14.544811,-64.262251,-20.201736,52.847390,51.390152,7.526159,-12.137401,-5.614370
100.000000,4.286143,32.342294,76.136273,-0.279025,16.881900,-26.090543,-43.391994,16.624793,4.380784,14.751387,-5.823312,7.871545,-5.141088,-3.963767,6.026485,29.756966,-19.202387,0.564336,13.192748,-12.624736,29.001765,-59.163269,46.858086,-36.790206,60.407190,-10.330038,-12.145512,13.160490,-67.183366,-19.970983,54.402764,52.816022,8.102508,-12.009604,-5.886630
101.000000,6.258778,32.695514,76.365417,0.570110,18.871711,-26.558818,-44.767416,16.161623,5.043881,15.933624,-7.670876,8.154560,-5.997150,-4.814088,4.903309,25.948840,-18.294124,0.351800,13.193633,-13.921018,29.347421,-62.506988,46.311285,-38.875722,63.379026,-10.671675,-11.836264,11.882853,-69.983040,-19.996719,55.824960,53.944971,7.357412,-11.879004,-5.517067
102.000000,8.036106,32.960659,76.538998,1.693233,20.970007,-26.734356,-46.485707,15.337050,5.498789,16.845845,-8.978743,8.201169,-7.072697,-4.924632,5.562692,22.161705,-17.518581,0.844825,12.964974,-15.479294,29.554188,-65.394956,45.591489,-40.290835,65.739580,-11.759021,-11.604290,11.147429,-72.876281,-20.150675,56.612067,55.012874,6.686351,-11.747281,-5.433474
103.000000,9.767897,33.208048,76.666999,2.840750,22.947043,-26.595280,-48.169001,14.167211,5.839485,17.688266,-10.078966,8.258446,-7.887884,-5.265671,6.224324,18.834988,-16.807830,1.319203,12.699289,-16.793818,29.701590,-67.293701,44.418530,-40.911310,67.472604,-13.289738,-11.326221,10.658213,-75.211174,-20.737047,56.765583,55.707091,6.615270,-11.746074,-5.496721
104.000000,11.425725,33.469391,76.750249,3.661419,24.828829,-26.083828,-49.728893,12.909093,5.834378,18.362798,-11.001278,8.242964,-8.437809,-5.723805,6.135602,16.017347,-16.187202,1.549476,12.388075,-17.428508,29.793794,-68.224499,42.811209,-40.766974,68.517316,-14.661968,-10.820174,9.971206,-77.060380,-21.838326,56.549387,56.043659,6.388136,-11.768729,-5.525033
105.000000,12.992860,33.723751,76.820266,4.251307,26.623464,-25.541579,-51.067115,11.812878,5.793921,18.787149,-11.811064,8.253497,-9.004699,-6.212299,5.377002,13.767953,-15.565842,1.499531,12.307515,-17.546669,29.793804,-68.238330,41.020224,-40.338715,68.825323,-15.575942,-10.670805,9.987752,-78.584284,-23.330087,56.217702,56.223921,5.706427,-11.942473,-5.754818
106.000000,14.492032,33.953997,76.882803,4.786809,28.248239,-25.163710,-52.095670,10.869204,5.813147,19.067112,-12.728644,8.317453,-9.665117,-6.522152,4.815230,12.079190,-15.002130,1.446777,12.573035,-17.494544,29.793804,-67.497493,39.204992,-39.554005,68.272693,-15.741884,-11.032805,11.165858,-79.851694,-24.968959,55.876876,56.483578,4.836060,-12.235837,-6.308315
107.000000,15.906996,34.147900,76.948446,5.313417,29.693081,-24.936318,-52.951250,10.071858,5.893804,19.403913,-13.568193,8.278995,-10.423348,-6.479982,4.974350,10.987435,-14.352413,1.521676,13.037290,-17.457781,29.793804,-66.216423,37.631422,-38.658765,66.982108,-14.559009,-11.905840,13.567825,-80.913010,-26.479491,55.640671,56.960072,4.093188,-12.597541,-7.199691
108.000000,17.226733,34.324467,77.037632,5.693344,31.027942,-24.695882,-53.627042,9.384660,5.817060,19.571448,-14.227649,8.095469,-11.191243,-6.178990,5.296332,10.283878,-13.934914,1.558655,13.388583,-17.355448,29.793804,-64.594164,36.670114,-37.843001,65.025532,-11.892713,-12.699306,16.201525,-81.859687,-27.757003,55.553156,57.564643,3.518436,-12.929058,-7.942941
109.000000,18.433987,34.486884,77.143061,5.894078,32.275740,-24.289580,-54.080963,8.711666,5.575356,19.426306,-14.805863,7.797287,-11.915484,-5.796769,5.290591,9.791150,-13.444843,1.526478,13.535557,-17.203090,29.793804,-62.741039,35.956520,-36.396084,62.703452,-10.042733,-13.193671,18.576590,-82.634477,-28.830345,55.436865,58.072044,3.170529,-13.102805,-8.450580
110.000000,19.586591,34.632865,77.215642,6.050174,33.372453,-23.888532,-54.302319,8.076322,5.424311,19.158172,-15.493463,7.537944,-12.503293,-5.530490,5.094139,9.415317,-12.795935,1.623523,13.624466,-16.976994,29.793804,-60.752969,35.508166,-35.239340,60.254119,-8.171463,-13.767503,20.225882,-83.254392,-29.832839,55.540820,58.428341,2.622003,-13.371353,-8.819997
111.000000,20.670599,34.747744,77.266461,6.173836,34.331379,-23.560299,-54.598138,7.584274,5.401628,19.192811,-16.030995,7.289980,-12.960573,-5.432957,4.678698,9.101406,-12.519967,1.690452,13.745395,-16.704005,29.793804,-58.818591,35.164078,-34.564234,57.799847,-6.435613,-14.323292,21.318352,-83.765952,-30.912726,55.995462,58.624654,1.524113,-13.707796,-9.172501
112.000000,21.696524,34.809610,77.318609,6.295263,35.184731,-23.207542,-54.879764,7.147046,5.467466,19.366988,-16.472333,6.907398,-13.329816,-5.450588,4.245257,8.876083,-12.338490,1.652871,13.841053,-16.453960,29.793804,-57.210662,34.757924,-33.827953,55.585811,-5.482636,-14.451673,21.913164,-84.052677,-32.038044,56.491682,58.699185,0.133171,-13.935970,-9.564529
113.000000,22.589672,34.822139,77.338648,6.198584,36.016138,-22.519861,-55.263221,6.702389,5.292351,19.642938,-16.866285,6.196132,-13.624553,-5.322425,3.883756,8.750689,-12.070850,1.523458,13.721354,-15.945008,29.793804,-56.036822,34.155017,-32.764742,53.952661,-5.126413,-14.476999,22.220784,-84.158319,-33.280462,56.791910,58.708515,-1.319918,-14.101629,-10.026365
114.000000,23.503129,34.822190,77.310461,6.133886,36.743129,-21.948657,-55.518636,6.271504,5.150673,19.977894,-17.597272,5.848604,-13.820921,-5.261854,3.827605,8.611553,-11.859417,1.622630,13.627932,-15.427878,29.793804,-55.128905,33.727136,-32.029803,52.241320,-4.463535,-14.314335,22.052137,-84.123834,-34.421117,57.120175,58.744606,-2.460027,-14.156650,-10.177021
115.000000,24.397004,34.818190,77.264237,6.118248,37.380126,-21.441784,-55.731734,5.818616,5.108884,20.400421,-18.400366,5.787077,-14.041994,-5.263729,4.077291,8.483434,-11.655280,1.803709,13.448873,-14.979814,29.793804,-54.243218,33.692039,-31.292539,49.857201,-3.517834,-13.990902,21.919195,-84.104695,-35.479158,57.355434,58.722162,-3.423015,-14.139956,-10.180404
116.000000,25.273943,34.779814,77.195919,6.158914,37.934956,-20.921122,-55.752611,5.284678,5.028679,20.637797,-19.329265,5.713576,-14.329387,-5.231545,4.744839,8.422467,-11.577247,2.137147,13.244343,-14.617455,29.793804,-53.871915,34.231221,-30.500616,47.082663,-0.672447,-13.970280,23.658472,-84.211240,-36.665330,57.548906,58.610871,-5.189589,-14.438356,-10.955514
117.000000,26.790211,34.563994,76.949829,8.759607,37.081015,-22.488792,-52.543921,3.758482,7.796905,18.115788,-20.460914,5.868621,-12.608890,-7.616306,6.898576,6.270749,-11.711970,3.353716,14.387049,-15.939247,29.793804,-54.138736,34.395794,-30.064229,43.783623,4.230356,-14.280661,27.487475,-84.752839,-38.565239,58.452670,58.994345,-8.014440,-15.039494,-13.366751
118.000000,27.581137,34.512526,76.803952,8.845581,37.864893,-21.667514,-53.221182,3.031997,7.472136,18.811818,-20.943826,5.673302,-13.311727,-7.657265,7.442694,6.445622,-11.601794,3.799162,14.263584,-15.320707,29.793804,-56.838970,34.521460,-31.016227,40.889129,10.548859,-14.335983,33.123047,-84.967116,-40.266106,58.939581,59.390872,-11.923408,-15.843017,-18.548362
119.000000,28.330362,34.415999,76.644439,9.037393,38.510928,-20.646447,-53.906144,2.060813,7.182771,19.655620,-21.139159,5.127213,-13.949846,-7.997965,7.625985,6.743666,-11.618907,4.086470,13.974024,-14.725859,29.793804,-61.976658,34.313696,-33.820737,40.553241,15.585346,-14.591710,38.170799,-85.263601,-41.703137,59.721064,60.207571,-14.449221,-16.463727,-23.114668
120.000000,29.073796,34.280273,76.394081,9.134054,39.171938,-19.214106,-54.727345,0.807742,6.575170,20.705421,-21.440853,4.615589,-14.464024,-8.231262,8.080867,7.123013,-11.878557,4.345173,13.239730,-14.090345,29.793804,-68.628313,33.372881,-38.073541,42.850886,19.694060,-14.617556,42.631855,-85.679491,-42.651444,61.102381,61.213337,-15.900844,-17.221429,-26.234992
121.000000,29.765573,34.152150,76.017934,9.678751,39.690251,-17.795319,-55.590968,-1.050674,6.047635,21.762699,-21.728133,4.730034,-14.949565,-8.901739,8.651872,7.706088,-12.676387,7.235114,11.982190,-13.939054,29.793804,-75.145926,31.750595,-43.751620,47.007124,19.503262,-14.681516,44.201747,-86.486656,-42.844141,64.491534,62.190785,-15.499762,-18.059703,-27.124102
122.000000,30.460915,34.009972,75.596714,10.483204,40.235772,-16.570879,-56.632452,-3.023326,5.689026,23.033771,-22.036612,5.355797,-15.461373,-9.756663,9.242500,8.451469,-13.588058,10.960694,10.584900,-14.099886,29.793804,-80.443052,29.394122,-49.999922,52.355575,17.317297,-14.818816,43.141759,-87.363030,-42.292299,69.078102,63.304242,-14.869940,-18.703729,-26.547835
123.000000,30.715984,33.777514,75.372827,8.060911,41.836803,-13.240413,-60.426438,-3.438929,3.055328,27.849555,-23.072237,5.458024,-18.228160,-7.345267,9.139603,12.648809,-14.736874,10.498235,8.566446,-12.020448,29.793804,-83.142028,26.963318,-54.407463,57.480734,16.225949,-15.646106,40.587098,-86.493281,-40.618855,71.925696,63.991257,-15.969880,-18.875977,-25.817364
124.000000,31.710470,33.432758,75.063509,8.459079,42.243153,-12.564024,-60.808040,-4.343199,3.006439,29.218887,-23.948662,5.799268,-18.193520,-7.495773,10.084454,13.068843,-15.634834,10.462526,7.825664,-11.859157,29.793804,-83.486236,25.161107,-56.829582,60.520483,15.724998,-15.616476,39.433155,-85.215435,-39.344792,72.726133,64.390980,-14.931893,-18.439655,-29.728955
125.000000,32.662991,33.071253,74.834359,8.766579,42.857090,-11.866952,-61.594011,-5.070977,3.022936,30.831822,-24.382706,5.905561,-18.283424,-7.570802,10.577712,13.061056,-16.090686,10.291445,6.900059,-11.686028,29.793804,-83.099415,23.659576,-57.945795,62.890142,14.879489,-16.132690,39.646581,-83.645229,-38.237185,70.894085,64.144116,-11.626418,-18.047498,-36.031512
126.000000,33.605996,32.674357,74.664944,9.052032,43.352247,-11.154641,-62.403702,-5.661920,3.364740,32.716183,-24.450228,5.777599,-18.058474,-7.705373,10.799369,12.693967,-15.826426,10.090759,5.678776,-12.036553,29.793804,-82.499314,23.608458,-58.742905,63.927832,16.408773,-16.051074,42.806554,-82.701119,-37.933091,70.048166,62.894390,-11.364205,-18.336724,-39.437396
127.000000,34.553617,32.238716,74.499494,9.424735,43.704170,-10.534665,-62.965397,-6.153927,3.933344,34.438801,-24.548776,5.442329,-17.580417,-7.832969,11.309688,12.017688,-15.333479,10.009510,4.360998,-12.716348,29.793804,-81.596056,24.458371,-59.200815,63.915865,18.294305,-15.925100,47.047883,-82.212590,-37.668527,70.326059,61.856946,-13.545052,-18.046891,-41.375360
128.000000,35.527676,31.761852,74.286121,9.981650,43.940824,-10.096199,-63.119622,-6.668419,4.480117,35.731909,-25.128783,5.207916,-17.048089,-7.773051,12.581869,11.258370,-14.855822,10.204419,3.534473,-13.154043,29.793804,-80.399120,24.989488,-59.214735,63.916166,18.904908,-15.895069,49.984281,-81.255892,-37.071757,70.018332,61.251005,-13.946442,-17.754515,-43.457000
129.000000,36.505091,31.252682,74.006575,10.549892,44.033939,-9.623746,-62.999711,-7.100995,5.456930,36.948841,-26.067352,5.236901,-16.458674,-7.624047,14.002579,10.389461,-14.187977,10.219677,3.175197,-13.239890,29.764895,-79.266169,24.744196,-59.419736,64.436947,19.136786,-16.088852,51.815789,-80.025433,-36.695031,69.545123,61.067792,-13.983625,-17.543698,-45.458573
130.000000,37.472939,30.756921,73.715341,10.803011,44.088335,-8.643451,-62.761249,-7.368694,7.273086,38.214758,-26.985265,5.481878,-15.682183,-7.621289,14.287556,9.648271,-13.679690,9.691837,2.590885,-13.073624,29.570590,-78.381468,24.131139,-59.919228,65.267170,19.762536,-16.458014,53.236127,-78.729227,-36.398041,69.002492,61.368553,-14.646881,-17.209553,-47.114713
131.000000,38.382998,30.321822,73.486412,10.744925,44.294784,-7.106354,-62.342859,-7.506345,9.834002,39.000978,-27.608548,5.590759,-14.737778,-7.906881,12.339235,9.712179,-13.169610,9.221292,1.632420,-12.760891,29.343432,-77.761471,23.465229,-60.256270,66.272069,20.545609,-16.780125,54.535150,-77.453901,-35.974972,68.100299,61.735887,-15.047926,-17.143049,-48.586657
132.000000,39.153114,29.915273,73.285198,10.388709,44.814549,-4.968158,-62.153813,-7.461148,12.877317,39.564977,-27.511053,4.864071,-14.082157,-8.137965,9.174948,9.752995,-12.837526,8.313431,0.355635,-12.184198,29.056178,-77.377362,22.825603,-60.857279,67.149140,21.099918,-17.328646,55.700725,-76.477259,-35.770988,67.356853,62.072998,-15.396481,-17.231920,-50.143277
133.000000,39.935517,29.520738,73.131424,10.397970,45.420828,-2.879455,-62.022428,-6.989309,16.826927,40.681600,-26.854825,2.985051,-13.523910,-8.708241,6.250461,9.747006,-12.382960,7.871398,-1.044966,-11.854381,28.753041,-77.057088,22.185657,-61.463950,67.891438,21.504007,-17.822829,56.968443,-75.525042,-35.761201,66.768152,62.325852,-15.768994,-17.265557,-51.610880
134.000000,40.837827,29.099450,72.888553,10.783081,45.961671,-0.669921,-60.960039,-5.249954,22.893636,43.381608,-26.787816,0.648189,-12.637013,-9.657852,4.072297,9.615972,-12.192768,7.995158,-2.746520,-12.002213,28.412796,-76.587581,21.688726,-61.810043,68.439588,21.886996,-18.563720,58.115539,-74.499216,-35.663758,66.074669,62.502262,-16.170177,-17.183200,-52.834221
135.000000,41.881531,28.669298,72.437239,11.460159,46.347699,1.418056,-58.444856,-2.939803,28.283340,49.292119,-27.617928,0.112262,-11.486334,-10.713338,3.231974,9.741973,-12.577328,8.163028,-4.670722,-12.572020,27.990064,-75.903797,21.560452,-61.897811,68.860765,22.296418,-18.918926,59.078930,-73.552040,-35.269044,65.260128,62.740492,-16.701175,-17.029383,-53.842900
136.000000,42.980090,28.281429,71.753192,11.701557,46.420331,2.756432,-54.987411,-0.562792,29.171263,57.087664,-29.128049,0.659124,-10.396814,-10.822083,3.925131,10.325060,-12.891446,8.456095,-6.046234,-13.085904,27.562277,-74.640669,21.882881,-61.777504,69.421653,23.119750,-19.081836,60.396405,-72.530045,-34.002997,64.230696,63.154839,-17.679144,-16.923718,-55.047729
137.000000,44.262394,28.027058,70.878792,11.974898,46.535628,2.624728,-50.428591,0.114184,26.024996,61.353520,-29.003292,-0.232675,-9.801774,-10.393046,5.667042,11.355037,-13.030311,8.814280,-6.321930,-13.443534,26.311977,-72.556232,22.065348,-61.547804,70.011720,23.950125,-19.126437,61.413038,-71.000383,-32.421627,63.462061,63.521360,-18.550749,-16.983653,-55.905887
138.000000,45.646888,27.901289,69.927484,12.022402,46.713683,1.640769,-44.812574,-0.904285,20.668192,60.617232,-25.941996,-2.572170,-9.548159,-9.591349,7.200478,12.512819,-12.887259,9.000220,-5.821894,-13.552796,24.512349,-69.837045,22.168139,-61.327852,70.272367,24.218860,-19.712064,62.203892,-69.008154,-30.675920,62.968825,63.814485,-19.418924,-17.132522,-56.693005
139.000000,47.364050,28.028333,68.581945,13.280468,47.077144,-1.018251,-37.926282,-3.156556,16.051983,56.379940,-21.977747,-4.067202,-8.295214,-10.004339,8.364861,11.748963,-12.777872,8.970616,-4.770520,-14.226525,21.927463,-67.531460,22.039658,-60.800575,70.357601,23.901588,-20.110667,62.121991,-67.280970,-29.747735,62.956545,63.625268,-19.674623,-17.412333,-56.649913
140.000000,48.629850,27.909714,67.685384,11.547380,46.826952,-0.826442,-30.960906,-3.755465,9.779125,50.063466,-16.954696,-4.468815,-8.328354,-7.945937,7.791785,14.322127,-13.203083,8.027476,-4.151297,-13.329918,20.689784,-63.576890,22.709585,-59.910390,69.643573,24.346185,-20.638547,62.775674,-64.391479,-27.602350,61.888194,63.422910,-21.168617,-17.522985,-57.351534
141.000000,50.194049,28.122702,66.030955,11.395529,47.145719,-2.484261,-24.462886,-4.996444,5.135035,43.765267,-14.703432,-4.776643,-6.973753,-7.477462,8.074640,13.905864,-13.783049,7.654056,-3.231482,-13.087842,18.252728,-61.019305,22.882080,-59.136249,69.470284,24.472544,-20.801406,62.676363,-62.546289,-26.794984,61.686082,62.929893,-21.668355,-17.872766,-57.300807
142.000000,51.282758,28.211546,64.829648,9.534848,46.890948,-2.278215,-18.559128,-5.370446,-0.715593,36.632647,-13.706156,-5.230977,-6.656485,-5.527434,8.044211,16.094205,-14.391608,7.595572,-2.655470,-11.849916,17.036734,-57.392966,23.591200,-58.120060,68.393642,25.306343,-20.992076,63.123051,-60.075837,-25.697494,61.098952,61.958825,-23.000809,-18.190230,-57.451822
143.000000,52.450210,28.381681,63.352644,8.719825,47.067223,-2.548002,-14.270320,-5.529091,-3.879538,31.129704,-15.101543,-4.958846,-5.565042,-4.715860,8.529841,16.390873,-14.837307,8.010565,-2.506908,-11.054172,15.085477,-54.780665,23.810198,-57.149395,67.896390,25.691226,-21.055243,63.242388,-58.287216,-25.274914,60.724521,61.249154,-23.655952,-18.526270,-57.312008
144.000000,53.384393,28.473359,62.354618,7.223185,47.095463,-1.700429,-11.337953,-4.715445,-5.922089,27.458230,-15.666168,-4.337080,-5.266583,-3.284134,8.919577,17.858388,-15.051705,8.199023,-2.946216,-9.753562,13.758744,-51.229117,24.513148,-55.770154,66.637791,26.740512,-21.084415,63.889391,-55.994232,-24.760809,59.928667,60.009912,-25.061904,-18.717080,-57.218800
145.000000,54.643953,28.602889,61.187607,7.231023,47.348549,-1.870082,-8.898662,-4.571073,-5.880545,25.285700,-16.889207,-3.231338,-3.750057,-3.356651,9.390899,17.129237,-15.453703,8.287029,-3.362445,-9.349609,11.867413,-48.690397,24.532759,-54.763412,66.076070,27.299957,-21.104448,64.036794,-54.150272,-24.723161,59.660186,59.273932,-25.857918,-18.922792,-56.983083
146.000000,55.642515,28.699967,60.451287,6.929790,47.386967,-1.792487,-7.587900,-4.330923,-5.805251,24.481205,-17.089753,-2.760396,-3.044470,-3.100168,9.272118,17.414189,-15.463523,8.105941,-3.626404,-8.974454,10.864613,-45.498192,25.017065,-53.136932,64.870145,28.797003,-21.117190,64.475777,-51.861387,-24.604110,58.978533,57.860172,-27.259007,-19.010481,-56.666432
147.000000,56.822622,28.848347,59.427911,7.147459,47.685631,-2.428238,-5.760781,-4.404598,-5.826248,22.809120,-17.456920,-2.132342,-1.643594,-3.505690,8.750636,16.432918,-15.738938,7.599082,-3.573615,-8.809830,9.193577,-43.272954,25.058318,-52.352082,64.252327,29.397926,-21.209269,64.637297,-50.041398,-24.719530,58.894577,56.983869,-27.860598,-19.188032,-56.428523
148.000000,57.617688,28.923079,58.913666,6.965573,47.874436,-2.593200,-5.001633,-4.403858,-6.914623,22.117874,-17.473792,-1.485243,-1.539827,-3.431206,7.697773,16.986962,-15.413734,6.983906,-3.511377,-8.595452,8.464156,-40.620392,25.777187,-51.139856,62.748668,30.695731,-21.288766,65.093485,-47.975761,-24.990995,58.326571,55.232130,-28.883026,-19.268081,-56.123275
149.000000,58.553040,29.011181,58.022565,7.105844,48.357988,-3.360194,-3.448071,-4.458541,-7.865580,20.209821,-17.946259,-1.130981,-0.678445,-3.660257,7.100450,16.166643,-15.322858,6.623221,-3.357882,-8.396369,6.971032,-38.602525,25.947725,-50.358691,62.042665,31.296033,-21.273121,65.315473,-46.380618,-25.307594,58.116891,54.202196,-29.435441,-19.452886,-55.848794
150.000000,59.094453,29.045156,57.659489,7.004714,48.805111,-3.459641,-3.011035,-4.466282,-9.254266,19.175230,-17.776489,-0.761210,-0.996508,-3.563226,6.628968,16.543198,-14.837481,6.553878,-3.393622,-8.241317,6.543909,-36.411902,26.747936,-49.386823,60.429163,32.607641,-21.179698,65.958515,-44.725656,-25.861521,57.385747,52.300073,-30.502132,-19.493490,-55.647204
151.000000,59.836000,29.093194,56.895870,7.190051,49.395930,-3.812285,-1.901913,-4.479954,-9.954330,17.502512,-18.176918,-0.423641,-0.176848,-3.746727,6.854706,15.377452,-14.998423,6.618888,-3.424128,-8.087207,5.278606,-34.828583,26.992033,-48.875177,59.513542,33.189078,-21.189007,66.218698,-43.357228,-26.364653,57.201420,51.171275,-30.994224,-19.646307,-55.450645
152.000000,60.363561,29.121181,56.420082,7.268790,49.919247,-3.835388,-1.365085,-4.477170,-10.592853,16.301005,-18.027156,-0.196716,0.255610,-3.795555,7.458097,14.452342,-14.904062,6.651785,-3.517712,-7.918868,4.430852,-33.222412,27.323928,-48.117177,58.490434,33.884285,-21.248565,66.386392,-41.852841,-26.964272,56.652635,49.820202,-31.538023,-19.786553,-55.172448
153.000000,60.786223,29.137889,55.971348,7.291873,50.488230,-3.774206,-0.997828,-4.451343,-11.275619,15.189864,-17.854985,-0.159471,0.539623,-3.771805,8.179630,13.583557,-14.782853,6.765624,-3.613889,-7.763748,3.694709,-31.679411,27.657827,-47.271142,57.435238,34.627556,-21.247902,66.569332,-40.370520,-27.679318,55.925650,48.378865,-32.168753,-19.893160,-54.919905
154.000000,61.143631,29.143450,55.517590,7.273162,51.115995,-3.710596,-0.662545,-4.357474,-11.950131,14.018912,-17.864758,-0.127447,0.710472,-3.710087,8.735028,12.744229,-14.651379,6.944961,-3.673608,-7.609857,3.035919,-30.226326,28.040814,-46.460723,56.302762,35.490933,-21.196304,66.806832,-38.913886,-28.495935,55.170891,46.745921,-32.856615,-20.061405,-54.644549
155.000000,61.496401,29.143256,55.054587,7.192791,51.765435,-3.641661,-0.340645,-4.192762,-12.456801,12.863335,-17.846033,-0.053160,0.892653,-3.645263,8.929467,11.839756,-14.684521,6.974715,-3.634886,-7.445269,2.474016,-28.830874,28.488721,-45.626128,55.045625,36.345298,-21.167217,67.045827,-37.461969,-29.385762,54.330911,44.961482,-33.582763,-20.217010,-54.410380
156.000000,62.096530,29.124692,54.131258,7.313396,52.810326,-3.933489,1.005350,-3.807031,-12.359205,9.613828,-17.530831,0.119372,2.139297,-3.886738,8.778239,8.680058,-14.449424,6.763826,-3.585887,-7.079851,-0.178490,-25.921580,28.625792,-44.980962,53.266617,37.384170,-21.192291,67.305606,-34.543391,-30.911852,53.762605,42.640219,-34.431834,-20.531214,-54.078733
157.000000,62.450421,29.072273,53.729045,7.316583,53.654126,-3.838584,0.969634,-3.581893,-12.181211,8.655958,-17.510011,0.337288,2.065360,-3.887824,8.158571,7.893740,-14.527450,6.502527,-3.546069,-7.043533,-0.876192,-23.806455,29.597867,-43.811084,50.844249,38.901715,-21.079559,67.565413,-32.191901,-32.357956,52.294595,39.577350,-35.459436,-20.542448,-53.547320
158.000000,62.779045,28.999931,53.366953,7.399360,54.446597,-3.821304,0.745136,-3.433293,-11.724943,8.111204,-17.540083,0.519020,1.925685,-3.920494,7.446024,7.279627,-14.659804,6.121339,-3.439463,-7.081617,-1.541860,-22.095742,30.368322,-42.734472,48.861828,40.074417,-20.991410,67.510273,-30.231876,-33.478090,51.073675,37.143580,-36.155968,-20.566065,-53.048522
159.000000,63.121068,28.937337,52.976781,7.522748,55.213233,-3.912835,0.552081,-3.309044,-11.197363,7.627842,-17.659135,0.654924,1.791325,-3.963659,6.733887,6.733781,-14.802857,5.870075,-3.257774,-7.164029,-2.109934,-20.559272,31.091260,-41.700456,47.002869,41.109621,-20.933775,67.423208,-28.376921,-34.464274,49.858359,34.940492,-36.738461,-20.653717,-52.612640
160.000000,63.443476,28.865016,52.522910,7.634440,55.831971,-4.094410,0.699830,-3.147327,-10.849392,6.857922,-17.798537,0.638938,1.917939,-3.980932,6.161257,6.003344,-14.947958,5.724457,-3.022018,-7.114757,-2.882166,-18.861620,31.380423,-41.005567,45.594371,41.654653,-21.046659,67.426931,-26.439124,-35.273914,49.057356,33.302551,-37.078211,-20.880935,-52.425151
161.000000,63.715345,28.783032,52.079219,7.606490,56.602682,-3.989099,0.350300,-2.956074,-10.921769,6.678173,-18.210135,0.534568,1.670742,-3.870774,5.677205,5.725047,-15.329511,5.608339,-3.039784,-7.135543,-2.890890,-17.497937,32.622384,-39.854120,43.144570,42.557601,-21.290463,67.512424,-24.747789,-36.271515,47.276001,30.833745,-37.892103,-21.035972,-52.080619
162.000000,63.950908,28.699821,51.585984,7.734893,57.158619,-4.134069,0.437948,-2.829182,-10.953297,6.141789,-18.606059,0.360337,1.751307,-3.866927,5.598050,5.168464,-15.707528,5.658511,-3.045163,-7.070632,-3.365832,-15.741742,33.130567,-39.174267,41.442873,42.878749,-21.539818,67.636331,-22.936566,-37.111013,46.310452,29.052182,-38.349238,-21.303946,-51.906801
163.000000,64.131916,28.625327,51.115638,7.772758,57.806270,-4.176132,0.289316,-2.665290,-11.154460,5.771470,-19.030399,0.019608,1.630600,-3.801917,5.726411,4.755429,-16.133281,5.874039,-3.127055,-6.984662,-3.524987,-14.069643,33.873586,-38.213693,39.399144,43.181156,-21.940530,67.745573,-21.265152,-38.019900,45.020133,27.033474,-38.928315,-21.598745,-51.739865
164.000000,64.271468,28.569466,50.665832,7.812171,58.497387,-4.237749,0.079223,-2.502404,-11.509305,5.386383,-19.627942,-0.204740,1.395037,-3.753657,6.021748,4.376352,-16.591100,6.233476,-3.198829,-6.899153,-3.510561,-12.460734,34.754881,-37.214637,37.177348,43.539946,-22.299780,67.885892,-19.633565,-38.983168,43.660847,24.799353,-39.567593,-21.913936,-51.556638
165.000000,64.387107,28.539053,50.252736,7.864181,59.193795,-4.309743,-0.144530,-2.354955,-11.692186,4.992757,-20.314651,-0.299092,1.116761,-3.756210,6.267479,4.044054,-17.066064,6.699639,-3.205845,-6.811389,-3.369028,-10.879096,35.681547,-36.047727,34.908940,44.066007,-22.535542,67.963750,-17.949674,-39.954592,42.198504,22.419237,-40.208852,-22.251153,-51.344851
166.000000,64.541888,28.493863,49.851796,7.671246,59.717711,-4.234350,-0.090348,-2.047849,-11.543554,4.478143,-20.974618,-0.388804,1.056574,-3.590154,6.611844,3.721920,-17.357927,6.301679,-3.133937,-6.623163,-3.029572,-9.335943,36.451418,-34.990718,32.920863,44.179525,-22.648567,67.204690,-16.140198,-40.879997,40.816278,20.071062,-41.133858,-22.471283,-50.092461
167.000000,64.617985,28.499517,49.465373,7.634489,60.316131,-4.356534,-0.182793,-1.863123,-11.254111,4.032511,-21.602961,-0.318331,0.860743,-3.564957,6.554545,3.385198,-17.833016,6.656970,-3.016733,-6.473577,-2.719815,-7.868328,37.212493,-33.793881,30.788321,44.488622,-22.614024,66.844493,-14.361596,-41.694569,39.172545,17.615562,-41.780035,-22.654465,-49.466323
168.000000,64.691651,28.506470,49.084720,7.656951,60.967313,-4.506293,-0.365287,-1.708969,-10.707641,3.652056,-22.118639,-0.327432,0.627899,-3.593517,6.039539,3.127544,-18.340135,7.039888,-2.917634,-6.337332,-2.385396,-6.413740,38.068193,-32.637273,28.596457,45.156368,-22.393427,66.748017,-12.536418,-42.516797,37.492100,15.140190,-42.239809,-22.799743,-49.286935
169.000000,64.776105,28.525093,48.716104,7.704263,61.638033,-4.716671,-0.589212,-1.578600,-10.014863,3.294167,-22.597981,-0.334431,0.415398,-3.686504,5.085232,2.926566,-18.739608,7.385533,-2.752208,-6.212942,-2.064512,-4.824131,38.743439,-31.339910,26.390171,45.823155,-22.307149,66.660754,-10.529175,-43.208040,35.623258,12.735107,-42.590010,-22.976811,-49.199984
170.000000,64.830226,28.514951,48.407039,7.719567,62.416824,-4.953874,-1.018551,-1.395753,-9.264714,3.022173,-23.115882,-0.218288,0.083589,-3.874731,3.527337,2.898033,-18.774414,7.318327,-2.536394,-6.040247,-1.842959,-3.150397,39.356807,-29.918551,24.247986,46.596937,-22.234815,66.559312,-8.403244,-43.804933,33.633573,10.387636,-42.859625,-23.203681,-49.213193
171.000000,64.880663,28.530875,48.114997,7.794354,63.291468,-5.321663,-1.573000,-1.230887,-8.224001,2.826888,-23.630166,-0.124130,-0.234837,-4.365839,1.151091,3.027784,-18.060709,7.399642,-2.194275,-5.860021,-1.671644,-1.481963,39.793823,-28.562424,22.043005,47.280595,-22.302716,66.531930,-6.147998,-44.301754,31.649218,8.088477,-43.101533,-23.424646,-49.355855
172.000000,64.981371,28.590432,47.766003,7.923740,64.182734,-5.835356,-2.020957,-1.089018,-7.059097,2.529882,-24.156800,-0.001319,-0.322200,-5.173963,-1.768982,3.122174,-16.211107,7.554111,-1.709282,-5.666348,-1.563860,0.203706,40.217035,-27.352193,19.904718,47.931436,-22.488292,66.523379,-3.826048,-44.741407,29.758895,5.864234,-43.449084,-23.629635,-49.549795
173.000000,65.072048,28.656083,47.411016,8.093902,65.105024,-6.375838,-2.447226,-0.941622,-5.797438,2.164455,-24.738916,0.065016,-0.231156,-6.083565,-4.579439,3.051122,-13.972195,8.136510,-1.295957,-5.415805,-1.540421,1.800671,40.954695,-26.475408,17.867287,49.301077,-22.842611,66.509821,-1.534392,-45.166975,27.989652,3.738658,-43.769655,-23.938519,-49.775789
174.000000,65.147543,28.725153,47.081363,8.333365,66.062725,-6.774046,-2.913529,-0.868599,-4.354281,1.849177,-25.305270,0.039975,-0.043452,-6.828730,-6.108450,2.946212,-11.618345,9.045399,-0.935101,-5.273584,-1.517514,3.505035,41.042374,-25.152206,16.001689,50.008483,-23.017292,66.561129,0.941832,-45.319989,26.041718,1.783836,-43.934423,-24.102296,-49.900279
175.000000,65.213436,28.783101,46.784449,8.489517,67.043018,-6.966443,-3.408984,-0.752187,-2.513700,1.645737,-25.856260,-0.121558,0.188982,-7.295640,-6.358235,2.881001,-9.474678,9.814114,-0.734042,-5.118049,-1.520466,5.118168,41.215492,-23.768563,14.273939,50.717652,-22.714289,66.786136,3.246191,-45.687791,24.189327,-0.235087,-44.563750,-24.323589,-50.198110
176.000000,65.279716,28.827298,46.531332,8.512785,68.058289,-7.119784,-3.934853,-0.435057,0.062464,1.643075,-26.089835,-0.193359,0.411356,-7.681781,-6.502169,2.792989,-8.166470,10.468132,-0.581242,-4.909520,-1.479132,6.653508,41.358851,-22.630814,12.544001,51.245314,-22.466082,67.126027,5.382055,-46.021958,22.563697,-2.200625,-45.141912,-24.560177,-50.589125
177.000000,65.354699,28.838408,46.310869,8.608428,69.068962,-7.293490,-4.418850,0.101146,3.702192,1.879338,-25.897948,-0.083351,0.580218,-8.161039,-7.002815,2.841573,-6.849145,11.063908,-0.409396,-4.717155,-1.442276,8.110915,41.650145,-21.421090,11.069136,51.978713,-21.682731,67.462291,7.482830,-46.296914,21.108389,-4.029440,-45.409645,-24.699269,-50.925593
178.000000,65.448940,28.817594,46.107879,8.818406,70.053977,-7.557146,-4.841330,0.711737,7.517240,2.278952,-25.181635,0.326667,0.702625,-8.630352,-7.394052,2.941619,-5.355148,11.487273,-0.207589,-4.670249,-1.454385,9.533287,41.921802,-20.155282,9.665113,52.846676,-20.516905,67.949850,9.471469,-46.626594,19.793501,-5.784198,-45.607215,-24.787615,-51.294946
179.000000,65.579230,28.778392,45.903024,9.113569,71.004260,-8.027968,-5.219019,1.183695,10.076885,2.729217,-23.737184,1.127591,0.780487,-8.945209,-7.113665,2.974964,-4.102063,11.643710,0.121385,-4.731946,-1.481915,10.972625,42.128836,-19.023996,8.242561,53.622657,-19.444575,68.412302,11.375386,-46.949358,18.653238,-7.395665,-45.809983,-24.792762,-51.666727
180.000000,65.733767,28.707427,45.667681,9.484009,71.880767,-8.517877,-5.504040,1.554226,11.398841,2.992315,-22.007819,1.843752,0.829585,-9.068300,-6.131313,3.029151,-2.253594,11.362687,0.424440,-4.884748,-1.484998,12.418126,42.324281,-17.953402,6.850542,54.248163,-18.437582,68.826273,13.265817,-47.193281,17.616388,-8.836988,-45.957799,-24.764304,-52.030213
181.000000,65.877789,28.596106,45.420632,9.381736,72.771723,-8.817427,-5.676392,2.158302,12.282894,3.094576,-20.355121,1.627508,0.915836,-9.173419,-6.243890,2.796741,-2.600065,11.560414,0.985480,-4.979285,-1.518068,13.891343,42.532155,-16.779009,5.752130,54.769491,-17.004540,69.192760,15.004428,-47.396670,16.658073,-10.125875,-46.065162,-24.665918,-52.353127
182.000000,65.966821,28.494486,45.259118,9.299008,73.584703,-9.103586,-5.807183,2.571262,12.225445,3.256732,-17.872305,1.176506,0.872356,-9.271445,-6.271656,2.742675,-2.571102,11.719292,1.574767,-5.105623,-1.514315,15.405208,42.629786,-15.543786,4.727650,55.288315,-15.174317,69.570312,16.735500,-47.520659,15.859127,-11.330568,-46.020660,-24.508498,-52.710479
183.000000,66.057080,28.410769,45.169401,8.964274,74.848478,-8.761778,-6.392462,2.846193,11.052639,3.217106,-14.402658,0.998370,0.379774,-9.218471,-6.406502,2.724496,-2.133949,11.351478,1.723251,-5.215309,-1.555306,16.379304,42.937445,-14.314533,3.590836,55.830605,-12.578989,69.972747,17.922741,-47.531440,15.055503,-12.492463,-45.821728,-24.260067,-53.013978
184.000000,66.151839,28.336993,45.079273,8.948842,75.809678,-8.848817,-6.513356,2.998125,10.087323,3.234745,-11.448599,0.964493,0.141084,-9.243313,-6.276371,2.785820,-1.901825,11.082277,2.044345,-5.308724,-1.688211,17.630416,43.042353,-13.381080,2.630692,56.188428,-10.181555,70.185221,19.231046,-47.719304,14.656753,-13.451024,-45.564769,-24.088547,-53.150060
185.000000,66.231722,28.298533,44.978452,9.351345,76.373882,-9.432479,-6.008929,3.118949,9.962600,3.269519,-10.296491,0.578887,0.304059,-9.412035,-6.005977,2.874749,-1.800908,11.162278,2.533914,-5.396817,-1.842857,19.493894,42.718896,-12.583152,1.693708,56.219902,-8.906206,70.071717,20.986327,-48.102444,14.335773,-14.318331,-45.361769,-24.189137,-53.058760
186.000000,66.324377,28.292906,44.914219,9.723981,77.211327,-9.833304,-5.681304,3.367779,10.153093,3.169454,-10.037099,0.037187,0.302968,-9.572270,-6.132907,2.893436,-1.705238,11.217528,2.705964,-5.545945,-1.998676,21.301951,42.052283,-12.133699,0.248238,54.866087,-9.615709,69.182324,22.389645,-48.316697,13.883072,-15.109439,-45.086652,-24.570031,-52.496117
187.000000,66.438669,28.288069,44.867340,10.246405,78.100816,-10.349041,-5.451724,3.714733,10.529132,3.252099,-9.889754,-0.432432,0.315640,-9.753269,-6.421049,2.972268,-1.551504,11.208247,2.780919,-5.520996,-2.298145,22.994710,42.030898,-11.028693,-0.672060,54.002764,-9.250485,68.193353,23.745165,-48.612584,13.033499,-15.637708,-44.865624,-24.305870,-52.021344
188.000000,66.577303,28.281739,44.854346,11.122900,78.994279,-11.281114,-5.300058,4.066575,10.833047,3.510582,-9.281503,-0.580310,0.319927,-9.921678,-6.554309,3.076621,-1.307010,11.188900,2.864386,-5.546390,-2.618920,24.578451,42.134529,-9.723982,-1.473312,53.599291,-7.675616,67.565099,24.993387,-49.002868,12.086235,-16.162309,-44.811013,-23.332307,-51.838636
189.000000,66.727686,28.286466,44.911090,12.459554,80.283218,-12.465641,-5.695361,4.459925,11.021618,3.888588,-8.582011,-0.600691,-0.089204,-10.016868,-6.719176,3.214574,-0.987660,11.100820,2.629985,-5.632247,-2.992301,25.544631,42.566743,-8.442273,-2.372673,52.941845,-5.459467,66.524895,25.428989,-49.606704,11.330172,-16.705497,-44.647478,-21.817328,-51.337754
190.000000,66.891408,28.298655,45.449346,13.086717,81.166092,-13.087802,-6.210391,5.107659,11.117770,4.874056,-7.128426,-0.383481,-0.711111,-10.175939,-6.798495,3.917343,-0.574370,10.996589,2.710269,-5.621242,-2.809087,25.965999,43.040283,-7.824733,-2.431304,52.636750,-4.554696,65.794645,25.546489,-50.320961,11.201077,-16.940010,-44.263966,-21.872212,-50.693538
191.000000,67.061090,28.321379,45.582068,14.935603,82.056972,-14.876948,-6.127880,5.670809,12.011531,5.579001,-6.601574,-0.606331,-0.885048,-10.424236,-7.205513,4.433908,-0.754305,11.104612,2.718292,-5.573471,-3.040157,26.207337,43.703720,-7.494258,-2.858294,52.442903,-4.205730,64.923236,25.676568,-51.308910,11.622715,-17.691986,-42.906456,-23.731740,-49.409483
192.000000,67.214149,28.353676,45.664641,17.972865,82.812296,-17.825045,-5.761630,6.141412,13.059194,6.242497,-6.438589,-0.924276,-0.950253,-10.703574,-7.381931,4.999731,-0.525647,11.223716,2.397102,-5.557109,-3.593944,26.309742,45.143391,-7.026611,-3.688409,52.458230,-4.880887,64.029096,25.851383,-52.755572,11.643026,-18.372140,-41.364404,-25.334655,-48.130291
193.000000,67.298257,28.434622,45.226124,23.944180,83.502706,-23.926992,-4.546713,6.210771,14.731357,6.193212,-7.006551,-1.745690,-0.261953,-11.065206,-7.648157,4.645286,-0.566847,11.827823,2.005589,-5.776105,-5.201866,27.424970,48.233314,-5.722084,-6.574799,51.996471,-10.246338,62.171653,26.827250,-55.590589,10.334237,-20.539740,-38.938454,-27.852813,-46.057533
194.000000,67.363775,28.510788,45.318314,29.670059,84.330666,-29.710075,-4.315130,6.632082,15.520490,6.578350,-6.570100,-2.337040,-0.491835,-11.300168,-8.054465,4.873120,-0.059272,12.260657,1.697899,-5.943452,-6.033772,28.453125,52.074749,-3.481248,-10.302883,48.460722,-20.681246,59.919890,27.771804,-58.088525,7.477076,-23.341820,-36.942936,-29.792619,-43.883279
195.000000,67.417365,28.608930,45.394462,34.882965,84.683086,-35.134930,-3.571590,6.978210,16.197889,6.903770,-6.304603,-2.544692,-0.365558,-11.686640,-8.659570,5.353424,0.213955,12.531436,1.668149,-6.013249,-6.813665,30.131759,55.136470,-1.322229,-13.803657,45.866090,-24.601339,58.365032,28.817972,-60.575718,4.580068,-26.084878,-35.864937,-30.605029,-42.458143
196.000000,67.490673,28.736335,45.487511,40.972141,85.117848,-41.516750,-2.999507,7.399964,16.889658,7.198007,-6.153054,-2.571278,-0.306564,-12.117448,-9.818548,5.877763,0.519581,12.664119,1.901860,-5.935355,-7.634209,31.193033,57.981804,1.831007,-18.289831,42.957498,-27.034930,56.295365,29.693691,-62.717679,1.803488,-29.350269,-33.837765,-31.153900,-41.035473
197.000000,67.601645,28.885955,45.563543,47.368204,85.577446,-48.293120,-2.458894,7.886087,17.634828,7.496714,-6.086277,-2.731287,-0.188300,-12.527747,-11.395231,6.583516,0.882001,12.716193,2.284276,-5.690797,-8.569968,31.431407,59.882707,5.670493,-23.109493,39.850626,-27.656232,55.362501,29.959218,-63.807655,-0.349077,-32.927703,-29.948088,-31.318972,-40.833121
198.000000,67.746806,29.059494,45.639089,56.809606,86.183474,-58.068565,-2.237075,8.440574,18.521798,7.891185,-5.893857,-2.879710,-0.221477,-12.851622,-13.078255,7.472555,1.373531,12.808438,2.428731,-5.348611,-9.569639,30.526574,60.709604,9.796414,-28.424734,34.076340,-27.401442,54.230660,28.092257,-63.844838,-2.420960,-37.135605,-25.038317,-30.404222,-40.999600
199.000000,68.065321,29.282537,46.855620,61.418790,86.674599,-62.767459,-3.742858,9.821713,18.683605,10.321587,-4.617507,-2.766691,-2.307124,-13.691645,-13.619552,11.230471,2.539607,12.663095,2.515465,-4.719991,-9.429951,26.293124,61.165860,12.958690,-32.310627,29.255582,-27.752464,52.688042,23.273723,-61.911574,-2.370641,-40.458342,-20.580745,-27.987938,-41.159806
200.000000,68.326765,29.439160,46.900550,72.529814,87.052668,-74.167977,-3.359764,10.476401,19.816797,11.540775,-4.606431,-2.805221,-2.314895,-14.017800,-14.345400,13.248762,2.088299,12.449633,2.480752,-4.126221,-11.041433,20.109489,60.310782,15.153463,-36.052938,22.937041,-26.736403,49.416992,16.828741,-58.596787,-0.177507,-43.218920,-14.528688,-21.455352,-39.044575
201.000000,68.644434,29.554364,46.996233,86.371878,87.327105,-88.265197,-3.045233,11.074488,20.380280,13.172880,-4.208455,-2.710479,-2.328309,-14.196781,-14.507240,15.452086,1.619047,11.926247,1.787568,-3.510273,-12.615569,10.915354,58.953883,16.759988,-38.892801,15.976499,-25.091265,43.637440,7.446712,-54.658165,1.436834,-44.842381,-14.935320,-14.777978,-36.705792
202.000000,68.960679,29.672962,47.051448,99.478939,87.465198,-101.582232,-2.417843,11.540094,20.609580,15.102221,-3.982053,-2.955408,-1.981366,-14.455972,-14.874137,17.895663,0.949747,11.699756,1.090043,-2.724270,-14.298148,0.138576,57.972972,17.191142,-40.514066,12.720361,-30.768196,37.678428,-1.345289,-49.497182,2.627220,-44.391923,-17.551293,-11.941123,-32.983342
203.000000,69.307017,29.839125,47.191015,116.847948,87.401670,-119.353670,-2.025826,12.117918,21.060589,17.699896,-3.425809,-3.383413,-2.047136,-15.004804,-15.247626,21.003725,0.491133,10.570671,0.326705,-1.706935,-15.837768,-11.244693,52.294104,12.419090,-40.460009,5.610160,-38.766781,31.316783,-11.058909,-41.936593,6.215406,-43.444668,-22.232267,0.197629,-28.488864
204.000000,69.669330,29.918104,47.295219,128.716076,87.125846,-131.437912,-1.330739,12.648190,21.499223,20.601143,-3.315370,-3.049154,-1.738633,-15.729972,-15.914681,24.219497,-0.214792,9.284321,-0.185394,-1.020106,-17.104366,-22.099917,46.606400,5.580515,-38.261630,-7.140881,-41.545391,25.165782,-19.622201,-35.308253,8.940742,-42.719411,-24.321979,6.325168,-20.410656
205.000000,70.007837,29.942435,47.341254,134.860191,86.784543,-137.657759,-0.394670,13.127457,21.910197,23.768724,-3.229661,-2.580064,-1.054471,-16.483499,-16.600558,27.337153,-0.807368,8.239102,-0.571858,-0.686128,-18.226787,-28.255239,41.818168,-0.686214,-35.959952,-14.095181,-37.450289,20.806725,-25.181222,-30.360239,10.716148,-41.368478,-29.114177,10.436947,-14.346220
206.000000,70.338207,29.924357,47.348818,137.963644,86.406678,-140.726024,0.532923,13.601301,22.230365,27.208578,-3.387174,-2.195347,-0.242076,-17.158434,-17.151158,30.399044,-1.456942,7.490145,-0.758032,-0.764856,-19.150203,-30.807660,40.101308,-4.346318,-33.514772,-12.580179,-25.907930,16.909445,-28.838794,-28.659706,11.046118,-40.753003,-36.562829,16.556655,-6.299773
207.000000,70.649683,29.851547,47.305876,141.057077,85.895035,-143.759053,1.311692,14.291010,22.976089,30.808637,-3.753278,-2.128576,0.466139,-17.791372,-17.804720,33.491167,-2.018789,7.073311,-0.683580,-1.314700,-19.741579,-31.631132,40.588573,-5.917024,-33.502846,-10.559447,-16.282992,11.796245,-30.672788,-29.555270,11.044106,-41.178316,-41.217255,21.338534,0.925935
208.000000,70.956349,29.782122,47.238368,143.938122,85.273083,-146.661907,1.863779,15.027832,23.785657,34.486619,-4.114412,-2.159200,1.045592,-18.738790,-18.898319,36.755106,-2.484546,6.799525,-0.229772,-2.066352,-20.034541,-32.604748,41.277227,-6.288587,-34.975165,-14.474327,-14.734784,7.990147,-31.559586,-31.261629,10.623163,-42.068037,-41.050837,25.098464,9.134739
209.000000,71.274203,29.709834,47.188380,145.926212,84.784136,-148.679081,2.265616,15.812004,24.333577,38.287558,-4.608709,-2.015547,1.667193,-19.921674,-20.274107,40.282110,-3.284071,6.496231,0.262719,-2.689936,-20.189759,-33.357295,42.202940,-6.224453,-35.587522,-13.636126,-14.367641,8.697559,-31.308935,-31.813891,10.231921,-43.351255,-40.081060,26.699671,14.103578
210.000000,71.595180,29.636350,47.137991,147.948577,84.502573,-150.676766,2.652609,16.902068,25.001539,42.335036,-5.429311,-1.781166,2.245653,-21.187197,-21.794452,44.316832,-4.626847,5.937946,0.397030,-3.046886,-20.356259,-34.020196,42.672898,-6.255898,-35.959385,-11.918928,-14.357507,10.518346,-30.730865,-31.864977,10.586485,-44.608208,-41.395782,27.046899,12.232911
211.000000,71.939129,29.564822,47.051150,150.018475,84.396312,-152.726103,3.102759,18.212674,25.808437,46.613213,-6.267061,-1.629397,2.684105,-22.360248,-23.008857,48.843608,-5.903348,5.344630,0.176020,-3.071757,-20.548346,-34.265676,42.640960,-6.234263,-36.296667,-11.609271,-14.101212,11.426456,-30.419193,-31.692023,10.764737,-45.000879,-42.666064,26.425788,9.323026
212.000000,72.286546,29.489240,46.921638,151.512574,84.381655,-154.152770,3.411412,19.448914,26.259876,51.211355,-6.935420,-1.681725,2.899579,-23.339125,-23.533770,53.710142,-6.721369,4.994238,-0.214229,-2.924112,-20.767253,-34.035912,42.647042,-6.089669,-36.838875,-11.562651,-13.625231,11.539068,-30.271627,-31.483415,10.479669,-44.664243,-42.246079,26.187205,9.582702
213.000000,72.612327,29.411200,46.771595,152.352070,84.467731,-154.876805,3.488110,20.458747,26.080586,56.021792,-7.574843,-1.959246,2.943494,-24.105170,-23.355536,58.650261,-7.461513,4.810358,-0.695537,-2.709718,-20.947929,-33.444359,43.029290,-5.987148,-37.490447,-12.273899,-12.412396,11.301625,-30.340479,-31.758269,10.117303,-44.401024,-40.013724,26.995660,12.946269
214.000000,72.912639,29.345989,46.649468,153.389876,84.596782,-155.852912,3.414517,21.317463,25.600398,60.633939,-8.116198,-2.240579,2.835654,-24.838635,-22.804825,63.461624,-8.817106,4.498828,-1.059582,-2.569682,-21.109234,-32.791031,43.800705,-6.197843,-38.117554,-14.559006,-10.921689,11.110619,-30.375924,-33.092758,9.652600,-44.832040,-34.553186,28.456342,18.964691
215.000000,73.163790,29.309154,46.564019,154.751487,84.647902,-157.212561,3.338891,22.000908,25.198878,64.615400,-8.587705,-2.339503,2.640339,-25.535096,-22.088425,67.785256,-9.933954,4.207343,-1.157252,-2.562691,-21.263535,-32.303069,44.769752,-6.908508,-38.815029,-20.107356,-10.182960,10.667768,-29.764878,-34.859889,9.465964,-45.918771,-24.612129,29.081941,24.320051
216.000000,73.341423,29.303211,46.486783,157.961067,84.583678,-160.343921,3.335551,22.770252,25.020812,67.762778,-8.916931,-2.629943,2.678421,-26.026922,-21.688210,71.209995,-10.500725,4.125122,-1.121723,-2.586618,-21.514599,-31.930516,47.194138,-7.300776,-39.997728,-29.266367,-12.060030,10.326475,-28.729452,-38.979155,9.211897,-47.049389,-13.449828,21.558256,16.157267
217.000000,73.439711,29.278615,46.382621,166.138620,84.318987,-168.048071,2.973174,24.111389,24.617381,70.246194,-9.038961,-4.006785,3.106169,-25.692810,-21.930112,73.355357,-10.803884,3.955446,-1.298596,-2.365379,-21.968619,-31.150013,53.288914,-5.026816,-41.225639,-34.952520,-15.229647,10.545390,-29.244247,-47.100913,9.242357,-45.617512,8.397207,-11.063773,-8.359494
218.000000,73.499793,29.317525,46.339148,170.833321,83.961572,-172.700174,2.845605,24.558403,24.468236,71.702377,-9.176217,-4.749034,3.449654,-25.732762,-22.028366,74.982288,-11.178016,3.707448,-1.022925,-2.119637,-22.486171,-31.301008,58.677861,-4.036468,-42.104124,-39.565428,-15.991518,9.973304,-31.185131,-53.001284,10.679774,-46.088993,24.445225,-23.161124,-9.975266
219.000000,73.521024,29.373449,46.328661,171.990930,83.670317,-174.203586,3.039963,24.206342,24.621208,72.267575,-9.303356,-4.839756,3.670735,-25.863775,-21.700366,76.177585,-11.184232,3.754190,-0.359624,-2.151100,-22.997464,-32.715097,62.935357,-4.825787,-42.598213,-41.439489,-14.991910,9.034244,-33.214322,-57.680135,12.279995,-44.915112,25.227813,-17.160907,-10.240680
220.000000,73.506981,29.402938,46.319017,172.733618,83.349904,-175.207447,3.037504,23.581752,24.590957,72.150874,-9.204772,-5.120758,3.769976,-25.425628,-21.155048,76.750610,-10.599166,4.409599,0.287742,-2.224277,-23.604748,-36.369914,67.660790,-6.312804,-42.149261,-38.742674,-15.600832,8.773818,-37.628533,-62.389817,13.484190,-43.340819,17.923975,-13.195914,-10.837477
221.000000,73.483938,29.437691,46.327353,174.380560,83.085646,-176.913080,2.602529,22.691579,23.937545,71.463538,-8.798890,-5.668034,3.749071,-24.591808,-20.636100,76.850194,-9.873844,5.131160,0.733256,-2.074540,-24.073567,-43.552128,70.903873,-10.955775,-40.820216,-35.851499,-16.033352,10.573853,-45.314477,-65.460724,16.882897,-41.167760,11.940279,-14.128538,-10.724835
222.000000,73.447675,29.492170,46.312901,176.559426,82.907842,-179.023967,2.150690,21.949754,23.367225,70.124029,-8.381942,-6.273290,3.769362,-24.124527,-20.597648,76.641327,-9.570896,5.350301,0.867032,-1.710104,-24.449239,-53.945107,72.096185,-18.814629,-38.831084,-32.179487,-16.237781,15.042317,-54.693710,-65.512340,23.223816,-38.927915,13.654262,-13.507785,-11.598603
223.000000,73.399389,29.518095,46.275014,178.980364,82.745930,178.697001,1.775349,21.897709,23.429262,68.400861,-8.115206,-6.412167,3.662029,-23.918583,-20.855119,76.099236,-9.169904,5.199309,0.956454,-1.302985,-24.641487,-65.875262,70.695538,-27.698430,-36.211716,-29.222261,-16.594052,19.867472,-64.157695,-63.326195,29.616923,-36.842153,18.350787,-14.021644,-13.682554
224.000000,73.353922,29.522052,46.237528,-178.972773,82.546327,176.808640,1.245786,21.828275,23.596903,66.114046,-7.772234,-6.283768,3.218409,-23.394743,-20.851157,75.007300,-8.619767,5.215364,1.031096,-1.018967,-24.744008,-75.700988,67.065696,-34.125681,-33.705816,-27.085424,-17.059682,23.946782,-71.518248,-59.770316,33.472011,-35.226725,20.031470,-14.587920,-16.134435
225.000000,73.314452,29.525968,46.221593,-176.960100,82.371740,174.898640,0.537462,21.141015,23.277006,63.084816,-7.290229,-6.579304,2.614857,-22.354584,-20.541551,73.085176,-7.873869,5.616122,1.118015,-0.765131,-24.708587,-83.315863,62.247523,-38.163013,-31.091885,-24.794282,-17.471745,27.278614,-76.958023,-55.486613,35.301737,-33.655545,19.445286,-14.554944,-18.639485
226.000000,73.280764,29.527661,46.212763,-175.492744,82.253568,173.411545,-0.038133,20.406495,23.183076,59.694904,-7.027356,-6.972732,2.148566,-21.597707,-20.491983,70.533957,-7.366438,5.919796,1.196586,-0.550238,-24.619480,-88.743084,56.822908,-40.446413,-28.828224,-24.150960,-17.682308,29.626195,-80.744126,-50.718840,36.075625,-32.367963,19.133769,-14.793203,-21.212360
227.000000,73.247606,29.531842,46.235314,-174.784555,82.168849,172.672487,-0.583517,20.077517,23.639754,56.685854,-7.011178,-6.963684,1.780242,-21.242261,-20.702872,67.690603,-6.958829,6.045394,1.186451,-0.410407,-24.324214,-92.773326,51.291606,-41.873974,-26.537723,-24.258078,-17.937656,32.024722,-83.502498,-46.030991,36.382874,-31.132494,19.282937,-15.124844,-23.859698
228.000000,73.202300,29.545268,46.273714,-174.484949,82.137216,172.329905,-1.247489,19.773304,24.028158,54.500832,-7.275913,-6.878720,1.478359,-20.856077,-20.778231,64.808018,-6.549399,6.215278,1.162684,-0.285161,-23.954681,-95.232651,46.548924,-42.760071,-24.743533,-23.627165,-18.296892,34.513936,-84.972744,-42.348580,36.419293,-30.116343,18.756688,-15.405275,-26.698958
229.000000,73.158824,29.547212,46.297404,-174.570106,82.215485,172.326816,-1.939991,19.432540,24.191094,53.438820,-7.606091,-6.978660,1.266051,-20.447481,-20.621518,62.257263,-6.503988,6.431186,1.132189,-0.231313,-23.547144,-96.396079,42.742948,-43.544379,-23.785610,-23.905298,-18.554214,37.144532,-85.303079,-39.927602,36.493550,-29.634715,18.269241,-15.535800,-29.585333
230.000000,73.118716,29.544261,46.283832,-174.927904,82.416197,172.608587,-2.538592,19.215506,24.298917,53.607436,-7.889173,-7.088016,1.174540,-20.204786,-20.409281,60.488217,-6.758417,6.509017,1.096977,-0.219758,-23.156279,-96.585500,40.109893,-44.519265,-23.769805,-25.042171,-18.785401,39.085419,-84.884983,-38.764756,36.825395,-29.905382,18.755259,-15.830186,-32.466631
231.000000,73.076236,29.545209,46.233344,-175.403776,82.698673,173.026486,-2.956215,19.136126,24.472515,54.740237,-8.071752,-7.046636,1.126088,-20.196596,-20.338992,59.728194,-7.033315,6.345652,0.970759,-0.209896,-22.800918,-96.195701,38.916382,-45.721351,-24.223223,-25.174178,-18.954031,40.529543,-83.951166,-38.550923,37.517341,-30.646034,18.677451,-16.191725,-35.317484
232.000000,73.029232,29.531002,46.166724,-176.155468,83.002903,173.823002,-3.133768,19.158168,24.867684,56.368154,-8.208969,-6.951555,1.024394,-20.180509,-20.407156,59.936276,-7.126779,6.298661,0.719941,-0.216424,-22.473477,-95.329080,38.917066,-46.989693,-24.979971,-24.795129,-19.048347,41.893208,-82.826132,-39.077039,38.437378,-31.558213,17.635878,-16.312572,-37.490932
233.000000,72.976452,29.509202,46.092859,-176.937747,83.283974,174.719413,-3.106448,19.165470,25.415962,58.151411,-8.360783,-6.889793,0.854947,-20.077444,-20.680215,60.995017,-7.189577,6.386886,0.447674,-0.231310,-22.200929,-94.064546,39.437970,-48.439797,-26.187565,-24.684529,-19.103938,43.229804,-81.609600,-39.987831,39.598619,-32.665236,16.868173,-16.126097,-38.683254
234.000000,72.916836,29.474637,46.017420,-177.951213,83.539678,175.886089,-2.924929,19.031839,25.992147,59.922616,-8.484212,-6.998004,0.672343,-19.837255,-21.162890,62.507617,-7.267171,6.677975,0.173178,-0.289649,-21.979392,-92.657390,40.124633,-50.075826,-27.713976,-24.814308,-19.079423,44.464774,-80.388185,-40.810394,41.173944,-34.068926,17.256263,-15.970784,-39.329640
235.000000,72.857612,29.424894,45.946094,-179.112636,83.782735,177.261278,-2.719907,18.755568,26.424523,61.745402,-8.689432,-7.150361,0.451188,-19.276150,-21.535129,64.377566,-7.668761,7.280688,-0.107229,-0.394146,-21.738318,-91.318270,40.853069,-51.715887,-29.342247,-24.766573,-18.953336,45.584710,-79.386442,-41.553218,42.920393,-35.636635,18.186553,-15.965808,-39.600593
236.000000,72.814745,29.361954,45.869443,179.171695,84.041569,179.232919,-2.607370,18.325198,26.681359,63.833104,-9.027739,-7.278761,0.215218,-18.413780,-21.718588,66.341894,-8.183521,8.191028,-0.306146,-0.615941,-21.463688,-90.111669,41.370316,-53.076656,-30.958089,-24.223785,-18.742954,46.451311,-78.637115,-42.391917,44.538745,-37.163329,18.553051,-15.872074,-39.792248
237.000000,72.793144,29.309446,45.795563,177.305126,84.306887,-178.721845,-2.751926,17.619537,26.558750,66.306875,-9.364590,-7.723723,0.041029,-17.590138,-21.911124,68.425416,-8.594105,9.303279,-0.403635,-0.873291,-21.149870,-89.072196,41.816197,-54.138538,-32.471911,-23.155870,-18.588051,47.175577,-78.114865,-43.145393,45.998227,-38.586559,18.492070,-15.817668,-40.041335
238.000000,72.809327,29.245996,45.736179,174.936740,84.626082,-176.203459,-3.217710,16.454225,25.814874,69.069311,-9.669548,-8.565691,-0.271830,-16.273522,-21.474502,70.464951,-8.867650,10.878052,-0.441201,-1.160688,-20.739516,-88.120628,42.106269,-54.938787,-33.713537,-22.028945,-18.765776,48.025522,-77.699433,-43.721789,47.126297,-39.780589,18.141314,-15.900035,-40.276680
239.000000,72.872788,29.179478,45.716351,172.617455,85.003971,-173.743844,-4.134037,14.766826,24.180306,72.001149,-9.871766,-9.831709,-0.846304,-14.275472,-20.126763,72.468703,-9.434575,12.791261,-0.457547,-1.392836,-20.263006,-87.038952,42.031919,-55.361835,-34.693775,-21.199398,-19.133481,48.942134,-77.158755,-44.006769,47.741141,-40.663487,17.419619,-15.920136,-40.345620
240.000000,72.974646,29.127717,45.757392,170.950504,85.380598,-171.999601,-5.596575,12.658758,21.731072,74.893980,-10.153779,-11.655495,-1.601994,-12.136355,-18.230122,74.664309,-9.933756,14.865768,-0.479311,-1.533504,-19.748519,-86.038527,41.859238,-55.205803,-35.392466,-20.555140,-19.089868,49.174084,-76.375421,-43.869014,47.722095,-41.364876,17.062134,-15.857013,-40.261438
241.000000,73.109877,29.013348,45.787129,172.339548,85.564916,-173.615914,-6.869833,12.254165,20.517337,78.033320,-11.261602,-12.503432,-2.125815,-11.644882,-17.987129,77.382751,-10.185796,14.891549,-0.310920,-1.506220,-19.436131,-85.199623,41.696775,-54.677498,-35.866782,-20.587828,-19.025922,49.081207,-75.495406,-43.439511,47.183551,-41.829045,17.091078,-15.826277,-39.974027
242.000000,73.219001,29.042247,45.747986,172.417163,85.654049,-173.663144,-7.865440,12.345286,20.023184,81.172837,-12.678497,-12.489280,-2.445877,-12.139060,-17.935377,80.391299,-10.970238,14.876746,-0.301042,-1.485566,-19.198198,-84.647723,41.612111,-53.705224,-36.034644,-20.834514,-18.946053,48.601580,-74.770538,-43.062622,46.320079,-41.998236,17.126588,-15.702972,-39.448102
243.000000,73.351908,29.041910,45.753497,173.216933,85.723620,-174.493053,-8.634843,12.311355,19.586013,83.868125,-13.445825,-13.087109,-2.925195,-12.315859,-17.773426,83.268332,-11.892598,14.866212,-0.317295,-1.410857,-19.042012,-84.227475,41.598181,-52.721964,-35.908087,-21.117012,-18.882806,47.946272,-74.272829,-42.766919,45.504616,-41.963904,17.521506,-15.665073,-38.895397
244.000000,73.512959,29.005677,45.828491,174.883827,85.669908,-176.228538,-9.285164,12.132002,19.172397,86.054004,-13.515840,-13.833047,-3.685388,-12.100679,-17.576565,85.877772,-12.078798,14.857101,-0.375591,-1.303268,-19.036516,-84.008964,41.808247,-51.477630,-35.413356,-20.849224,-18.496485,46.712118,-74.072835,-42.774616,44.637195,-41.533858,17.573233,-15.638411,-38.150964
245.000000,73.663908,28.934693,45.897827,176.942356,85.565432,-178.345394,-9.518015,12.045810,18.828222,87.603754,-13.075839,-14.334571,-4.316698,-11.479916,-17.285988,87.977522,-11.657530,14.856111,-0.449639,-1.191026,-19.044277,-83.781300,42.120182,-50.095753,-34.651069,-21.077925,-18.404734,45.483425,-74.130618,-43.004667,43.626703,-40.703136,17.168283,-15.513842,-37.478921
246.000000,73.798054,28.906739,45.949280,178.268101,85.410448,-179.667248,-9.502093,11.631962,18.324703,88.565458,-12.605368,-14.717357,-4.665341,-10.810579,-16.776024,89.403051,-11.559387,14.851678,-0.543364,-1.107496,-19.059230,-83.516623,42.399178,-48.537834,-33.730469,-21.939975,-18.492280,44.598803,-74.179379,-43.263306,42.325501,-39.761663,17.087564,-15.604493,-36.893803
247.000000,73.910427,28.902283,45.990098,178.203367,85.224378,-179.559174,-9.361882,10.822827,17.515481,88.972728,-12.366274,-14.820411,-4.811257,-9.969723,-15.953205,90.094109,-11.724990,14.845573,-0.636784,-1.155024,-19.098445,-83.348628,42.687921,-46.810643,-32.556691,-22.072163,-18.341723,43.655130,-74.159906,-43.531859,40.811774,-38.600053,16.830168,-15.628076,-36.358473
248.000000,73.979491,28.960547,45.980707,176.959656,85.072162,-178.364718,-9.110771,9.070926,15.905427,88.786920,-12.394306,-14.826259,-4.704221,-8.929263,-14.575250,90.176037,-11.603619,14.837435,-0.609437,-1.300621,-19.153092,-83.282245,42.957023,-45.182760,-31.198241,-21.667995,-18.199951,42.784308,-74.116801,-43.738660,39.362360,-37.300773,16.301969,-15.619082,-35.989062
249.000000,74.022454,29.118496,45.922342,173.350705,84.997415,-174.855808,-8.617981,6.343244,13.320513,87.967932,-11.990972,-14.816502,-4.380521,-8.211932,-12.559734,89.833476,-11.744592,14.806663,-0.427863,-1.590991,-19.120029,-83.291247,42.988391,-44.001762,-29.821897,-21.751745,-17.988058,42.053256,-74.093271,-43.919735,38.307000,-36.072329,15.889296,-15.698218,-35.664099
250.000000,74.051356,29.182070,45.875967,170.185955,84.925512,-171.992837,-7.832936,4.010831,10.241209,86.889043,-11.269796,-14.139561,-4.177060,-7.288807,-10.238684,89.295496,-12.901555,13.765672,-0.102028,-1.844644,-19.040827,-83.321396,42.977504,-43.254700,-28.520191,-21.592021,-17.683843,41.154297,-74.222723,-44.068278,37.716704,-35.011201,15.904507,-15.780373,-35.326025
251.000000,74.042726,29.261222,45.807329,167.467107,84.827326,-169.590391,-6.868321,2.365933,6.923700,85.749405,-11.004425,-12.305792,-4.034653,-6.933927,-7.532607,88.924746,-14.601852,11.736699,0.178299,-2.005575,-18.969840,-83.461135,42.913884,-42.805567,-27.361900,-21.422741,-17.453015,40.465090,-74.505206,-44.169843,37.486926,-33.945569,15.647098,-15.835397,-35.117967
252.000000,73.998445,29.341784,45.742446,165.281365,84.733966,-167.636568,-5.887532,2.182660,3.960857,84.728401,-11.162835,-9.213742,-3.825774,-8.022150,-5.091313,88.720824,-16.400240,8.736953,0.311366,-2.130667,-18.880397,-83.851282,42.778571,-42.550692,-26.242060,-21.096861,-17.286883,40.467880,-74.757759,-44.035384,37.641009,-33.008218,15.640203,-15.916036,-35.632776
253.000000,73.949581,29.390055,45.752525,163.168600,84.750132,-165.481474,-5.223622,3.262614,1.486786,83.976623,-11.360285,-5.381188,-3.744004,-9.142247,-2.289704,88.491883,-18.285829,5.757662,0.161163,-2.225187,-18.599964,-84.372575,42.772670,-42.418907,-25.285992,-20.847809,-17.045067,40.152022,-75.031185,-43.890727,37.867139,-32.206005,15.500578,-16.100675,-35.845502
254.000000,73.868072,29.381827,45.819739,161.720600,84.713332,-163.819530,-5.153125,4.995748,-0.561221,83.464973,-11.946780,-1.426420,-3.892452,-9.513471,0.979051,88.142669,-19.467706,3.621176,-0.167514,-2.303966,-18.321588,-84.894969,42.828650,-42.304276,-24.540624,-20.631971,-16.796900,39.667164,-75.309427,-43.833115,37.954566,-31.453325,14.793642,-16.226877,-35.936815
255.000000,73.768258,29.349309,45.895693,160.625364,84.680390,-162.396139,-5.464797,7.056991,-2.093966,83.178904,-13.312945,2.069361,-3.876656,-9.686243,3.982045,87.598515,-20.473200,2.449345,-0.551809,-2.390100,-18.002260,-85.405116,42.880440,-42.094008,-23.920441,-20.315389,-16.656666,39.563348,-75.435703,-43.808888,38.019958,-30.958379,14.414149,-16.407480,-36.273287
256.000000,73.686397,29.338062,45.937693,160.083332,84.750862,-161.653217,-5.776364,8.681861,-3.372807,82.913176,-14.361542,4.028349,-3.650430,-9.937127,6.422346,87.148877,-21.415846,1.666914,-0.739007,-2.411105,-17.625778,-85.747274,42.816321,-41.796902,-23.355680,-19.997793,-16.546150,39.615333,-75.499292,-43.888617,38.000352,-30.566432,13.858400,-16.472010,-36.467787
257.000000,73.622060,29.355773,45.929164,160.262227,84.841410,-161.876935,-6.010184,9.338037,-4.647680,82.710852,-14.920982,4.253197,-3.477210,-10.160452,8.315049,86.907921,-22.205409,1.221068,-0.681904,-2.374870,-17.320764,-85.867929,42.713684,-41.492013,-22.818714,-19.396335,-16.500421,39.787467,-75.545089,-43.972976,37.928501,-30.209192,13.349669,-16.483384,-36.695263
258.000000,73.585033,29.366878,45.898503,160.432091,84.976929,-162.149488,-6.290841,9.814518,-5.538087,82.859204,-15.589765,4.030948,-3.437625,-10.423548,9.500285,87.057776,-22.837771,0.962644,-0.592216,-2.294657,-17.076680,-85.686581,42.585096,-41.297120,-22.325443,-18.928659,-16.459147,40.045375,-75.580360,-43.828614,37.909896,-29.830769,13.132111,-16.501407,-37.046830
259.000000,73.588037,29.364923,45.869136,159.348162,85.213704,-161.094818,-6.626069,10.684167,-5.696601,83.289717,-15.981995,4.214316,-3.469622,-10.913188,9.849958,87.586002,-23.056642,0.773709,-0.618020,-2.259950,-16.796542,-85.406550,42.530229,-41.240692,-21.813251,-18.766273,-16.395041,40.130783,-75.620439,-43.437466,38.061263,-29.418151,13.395039,-16.518418,-36.951723
260.000000,73.609245,29.344127,45.826256,158.328203,85.498738,-160.071501,-6.828821,11.374425,-5.650525,83.627839,-15.862349,4.240832,-3.504779,-11.098998,9.710290,88.193616,-23.177581,0.760109,-0.662793,-2.199942,-16.557808,-85.266941,42.511309,-41.286929,-21.146751,-18.486047,-16.288189,39.921455,-75.801631,-42.962559,38.213648,-28.836751,13.618283,-16.461473,-36.695929
261.000000,73.624641,29.331082,45.782694,157.882926,85.719142,-159.594953,-6.880176,11.642079,-5.502227,83.763036,-15.847550,4.081140,-3.619142,-11.065524,9.222197,88.688920,-23.298615,0.915678,-0.713121,-2.115409,-16.433626,-85.392815,42.471742,-41.290355,-20.321297,-17.880677,-16.279469,39.753197,-76.151569,-42.491560,38.227128,-28.023351,13.491335,-16.390997,-36.604497
262.000000,73.619252,29.323545,45.758259,158.115232,85.816868,-159.782286,-6.944137,11.857558,-4.956393,83.759716,-16.196375,4.192389,-3.894023,-11.014625,8.435310,89.097980,-23.283707,1.004981,-0.758574,-2.038426,-16.404164,-85.763475,42.295598,-41.375059,-19.496210,-17.379582,-16.222954,39.981431,-76.504450,-41.987714,38.231041,-27.232406,13.866262,-16.384440,-36.562474
263.000000,73.598731,29.293290,45.732263,158.933561,85.850234,-160.516981,-6.964770,12.001940,-4.144927,83.522449,-16.088215,4.195157,-4.113789,-10.685372,7.519143,89.195058,-23.251128,1.068408,-0.787625,-1.997281,-16.412499,-86.392679,41.832214,-41.426911,-18.690584,-17.224163,-14.804437,40.518987,-76.715892,-41.423007,38.189285,-26.796350,14.993483,-16.366568,-36.643675
264.000000,73.564607,29.270932,45.689696,159.494391,85.866422,-161.040636,-6.742751,11.673306,-3.395488,82.946029,-15.775929,3.486424,-4.229303,-10.309662,6.595620,88.963508,-23.304812,1.318256,-0.799684,-2.047117,-16.379748,-87.120566,41.601484,-41.394696,-18.192395,-16.235056,-16.097713,40.598672,-76.941985,-40.939215,38.019234,-26.607062,15.632522,-16.682052,-36.925208
265.000000,73.514789,29.267031,45.646894,159.798319,85.940796,-161.370368,-6.391080,11.143206,-2.749173,82.296874,-15.607117,2.781445,-4.271900,-10.188135,5.585087,88.503371,-23.226758,1.421906,-0.786369,-2.058675,-16.291224,-87.678510,41.210602,-41.288439,-17.987436,-15.770932,-16.613274,41.230635,-77.156160,-40.390590,37.766780,-26.625496,15.464125,-16.725714,-37.434474
266.000000,73.455924,29.256627,45.621958,159.480850,86.055058,-161.067990,-6.113482,10.896639,-2.035606,81.849982,-15.698445,2.624624,-4.269660,-10.181189,4.596281,88.004119,-23.343363,1.431311,-0.796020,-2.055128,-16.124304,-87.907690,40.670682,-41.306006,-18.278037,-16.111574,-17.065071,42.247244,-77.309122,-39.762513,37.652657,-26.956771,15.142978,-16.772332,-38.108019
267.000000,73.399603,29.233244,45.605111,159.291061,86.173343,-160.875106,-5.982027,10.802383,-1.480552,81.669890,-15.645016,2.533201,-4.317941,-10.110192,3.780884,87.664809,-23.670442,1.469826,-0.883606,-2.036396,-15.996914,-87.977788,40.144140,-41.334399,-19.015650,-16.133277,-17.041348,42.664869,-77.368906,-39.062559,37.605816,-27.509535,14.758038,-16.728219,-38.494164
268.000000,73.353606,29.228967,45.581180,159.274015,86.316836,-160.940112,-5.904873,10.422667,-1.368052,81.780669,-15.677992,2.163345,-4.470615,-10.187466,3.264674,87.697744,-24.090627,1.382925,-0.949850,-2.011315,-15.893266,-88.156234,39.834490,-41.403787,-19.793818,-15.343077,-16.879675,42.264927,-77.399424,-38.399235,37.601831,-28.155237,14.280262,-16.656123,-38.574282
269.000000,73.302311,29.239672,45.573834,158.287637,86.487777,-160.039981,-5.949802,10.074507,-1.489912,82.379772,-16.110620,2.118325,-4.736101,-10.562176,3.049521,88.052579,-24.670843,1.040554,-0.985304,-2.035789,-15.739068,-88.280216,39.572391,-41.476730,-20.462494,-14.511172,-16.782062,42.478760,-77.438588,-37.948729,37.539775,-28.661871,13.279763,-16.588940,-38.713768
270.000000,73.271960,29.243246,45.579103,155.620883,86.704661,-157.397263,-6.059959,10.293026,-1.408549,83.431478,-16.773698,2.692926,-4.923586,-11.178525,2.987190,88.792459,-25.355973,0.608443,-1.038777,-2.155224,-15.534705,-88.278003,39.340940,-41.421938,-20.824499,-14.133151,-17.097686,43.765950,-77.274786,-37.612749,37.391177,-29.067516,12.120335,-16.566866,-39.590160
271.000000,73.232746,29.219115,45.584625,153.200431,86.863345,-154.956253,-6.311999,11.060843,-1.085116,84.888589,-18.014960,3.558716,-5.085396,-11.721720,3.010216,89.945238,-26.031603,0.295567,-1.108861,-2.264068,-15.435638,-88.423834,39.643425,-41.237243,-20.759540,-13.202232,-17.250710,44.729597,-77.085979,-37.550457,37.113438,-29.360524,11.081508,-16.579929,-40.593778
272.000000,73.207563,29.205257,45.580155,151.805361,87.033855,-153.553709,-6.459077,11.980633,-0.673780,86.388403,-19.071287,4.090003,-5.131181,-12.408700,2.841516,91.431016,-26.586916,0.009279,-1.162190,-2.298186,-15.344228,-88.801605,40.482965,-41.016761,-20.647749,-11.697867,-17.032685,44.710668,-77.009037,-37.831294,36.820283,-29.521000,9.824152,-16.409306,-41.156097
273.000000,73.212928,29.203424,45.560029,151.124536,87.203071,-152.878387,-6.507082,12.789288,-0.227300,87.816528,-19.592536,4.274522,-5.098551,-13.027830,2.547688,93.106038,-27.074131,-0.139925,-1.167423,-2.284091,-15.268782,-89.061070,41.233234,-41.112995,-21.007471,-11.260705,-16.922185,44.639835,-76.893177,-38.207580,36.851924,-29.874851,9.331877,-16.302610,-41.474486
274.000000,73.253649,29.210064,45.526424,149.968069,87.368578,-151.734926,-6.492876,13.520361,0.386179,89.269213,-20.407973,4.329224,-5.024199,-13.622859,2.138849,94.884380,-27.384793,-0.094084,-1.158109,-2.292941,-15.147046,-89.193098,41.711972,-41.543198,-22.003847,-11.999013,-16.871792,44.601081,-76.739477,-38.486856,37.257715,-30.737084,9.900181,-16.298500,-41.599554
275.000000,73.318076,29.222798,45.493090,148.307431,87.512917,-150.086810,-6.547103,14.178781,1.112035,90.992320,-21.900264,4.388603,-4.980068,-14.310595,1.559827,96.745074,-27.695208,0.128100,-1.105575,-2.317721,-14.995371,-89.166883,41.767553,-42.497833,-23.838042,-14.460894,-17.161269,44.820791,-76.529872,-38.637161,38.088191,-32.093382,11.048537,-16.330716,-41.628015
276.000000,73.368073,29.192880,45.474821,149.633799,87.545268,-151.465871,-6.886636,15.072580,1.939365,93.249308,-23.366407,4.287705,-5.208638,-14.916513,0.875891,98.825474,-28.121164,0.283963,-1.022265,-2.273185,-15.009327,-88.998144,41.568910,-43.689800,-26.075758,-16.963489,-17.348267,44.193732,-76.430254,-38.758363,39.134173,-33.764477,11.863254,-16.249025,-41.422748
277.000000,73.440081,29.148075,45.457801,151.474525,87.527183,-153.377954,-7.334189,16.201035,2.946806,96.113568,-24.766739,4.251445,-5.500540,-15.590489,0.107287,101.009789,-28.666697,0.429170,-0.934769,-2.217988,-15.081280,-88.668102,41.073435,-45.228311,-28.657845,-19.759051,-17.337569,44.339198,-76.541279,-38.725291,40.360974,-35.624105,12.315766,-16.108665,-41.448149
278.000000,73.515809,29.107913,45.441777,151.413009,87.512684,-153.324463,-7.646006,17.248671,3.982501,99.470791,-26.507529,4.201400,-5.624194,-16.214763,-0.632278,103.243985,-29.163962,0.879562,-0.966159,-2.214987,-15.125080,-88.765835,40.882743,-46.078908,-30.559264,-20.688885,-17.237586,44.863053,-76.863404,-38.542631,41.288193,-37.313163,12.754400,-16.110173,-41.572616
279.000000,73.579007,29.052427,45.427743,152.115315,87.494191,-154.004708,-7.760302,18.293736,4.929635,103.046203,-28.184299,4.033400,-5.633388,-16.604811,-1.242670,105.553238,-29.684805,1.408276,-1.064456,-2.193556,-15.199338,-89.631814,41.135374,-46.134246,-31.607322,-20.704132,-17.286000,44.815320,-77.721610,-38.565936,41.256498,-38.239309,12.524340,-16.079303,-41.329191
280.000000,73.641604,28.978863,45.424411,153.785158,87.505636,-155.634383,-7.614341,19.285451,5.658384,106.386951,-29.265172,3.678369,-5.510179,-16.744308,-1.688281,107.813231,-30.090340,1.961075,-1.126226,-2.112981,-15.254393,-91.488246,41.736370,-46.091185,-31.740067,-21.060289,-17.319925,44.527707,-79.532410,-39.158936,40.627403,-38.268146,12.070512,-15.874980,-41.020651
281.000000,73.796737,28.912491,45.452341,156.401896,87.546079,-158.195199,-7.233462,19.860110,5.964940,108.517663,-29.683049,3.327653,-5.185004,-16.687457,-1.976690,109.382659,-30.339543,2.308976,-1.125431,-1.999723,-15.500039,-93.771824,42.444090,-46.367825,-30.892768,-21.154465,-17.367084,44.695276,-81.591473,-40.083488,39.971452,-37.563001,12.693247,-15.928500,-40.509469
282.000000,73.816800,28.858981,45.318383,162.097432,87.907424,-163.991499,-6.070116,19.962592,5.921983,110.275112,-29.176434,3.330332,-4.225211,-16.560943,-2.117286,111.183875,-30.006001,1.882077,-0.770249,-1.619041,-16.781163,-96.976747,44.507022,-46.680501,-28.312364,-20.936458,-17.657378,46.700493,-83.476414,-41.920023,38.216852,-34.858157,13.927527,-15.842830,-37.756514
283.000000,73.880166,28.836313,45.298406,168.312023,87.959586,-170.218089,-5.201376,20.112394,5.662297,110.645779,-28.675996,2.819053,-3.508668,-16.472521,-1.942175,112.115656,-29.908565,2.034635,-0.568208,-1.441715,-17.308951,-102.042664,46.033911,-48.653650,-23.408716,-21.249410,-17.811564,48.031400,-88.245764,-44.416064,38.120061,-30.071936,14.677984,-15.686163,-37.724115
284.000000,73.951924,28.818980,45.287472,175.962971,87.932608,-177.847313,-4.493526,20.775690,5.234746,110.349185,-27.909307,2.674252,-2.785078,-16.598053,-1.550288,112.615080,-29.840929,1.954475,-0.492892,-1.208292,-17.744403,-108.220570,47.717921,-52.007246,-16.666778,-23.013320,-18.180620,48.615432,-94.432317,-47.285871,40.035594,-22.744465,16.713031,-15.788904,-37.918021
285.000000,74.025303,28.833261,45.288655,-175.787620,87.672561,173.921467,-4.119960,21.941477,4.723523,109.693733,-27.829606,2.744113,-2.246680,-17.241858,-0.994127,112.946897,-29.986494,1.692799,-0.533738,-0.951995,-18.341570,-115.193736,49.377155,-56.392719,-8.129949,-26.148654,-18.184911,46.070213,-101.530298,-50.477960,43.621338,-13.042571,19.582347,-15.501055,-36.355550
286.000000,74.091560,28.888747,45.290956,-169.590193,87.105665,167.730829,-4.113192,23.468342,4.114413,108.802933,-28.174956,2.564765,-2.030675,-18.290251,-0.285203,113.217639,-30.326487,1.524327,-0.722683,-0.494819,-19.156302,-123.532632,50.517490,-62.060451,3.316009,-32.016317,-17.572233,37.199095,-111.238483,-53.899929,50.588824,-0.563356,22.314491,-15.021562,-32.047384
287.000000,74.246198,28.923601,45.323926,-164.605763,86.642827,162.727527,-4.237748,25.460561,3.285627,107.790432,-28.092542,3.054622,-1.915419,-19.579832,0.503642,113.334429,-30.354464,1.157938,-0.899383,0.075809,-19.901853,-131.381639,50.976523,-68.599148,15.180495,-37.646299,-15.365593,24.146995,-121.842898,-55.671345,59.676380,13.677794,23.943261,-12.406960,-18.977582
288.000000,74.423867,28.957480,45.368057,-161.463075,86.230476,159.584898,-4.399117,27.640242,2.291934,106.595177,-28.416997,3.971011,-1.810659,-20.888315,1.346496,113.127856,-30.263742,1.014616,-0.982098,0.464365,-20.424238,-138.132844,50.377406,-76.033277,26.118338,-39.933172,-11.909232,11.868544,-131.337421,-55.695217,70.006632,27.575825,23.740938,-8.888359,-2.519890
289.000000,74.612397,28.991029,45.429665,-159.675900,85.865093,157.756582,-4.501972,30.194641,1.292162,105.059074,-28.566542,5.075313,-1.736796,-22.298951,2.281683,112.409382,-29.917619,0.917458,-0.137517,0.940969,-21.435230,-140.823652,49.050006,-80.214090,35.941828,-38.272118,-8.724469,1.838486,-137.305053,-54.237590,80.214090,39.619103,23.316288,-5.579012,9.940075
290.000000,74.782503,29.084253,45.508072,-158.738087,85.622732,156.770528,-4.535191,32.840881,0.276598,103.035842,-28.523314,6.628830,-1.624149,-24.901090,3.126336,110.957263,-29.422771,-0.059369,-0.066143,0.466690,-24.614340,-137.349353,47.477202,-80.214090,42.950972,-29.291263,-5.335061,-7.231197,-132.328222,-54.198726,80.214090,46.915948,13.759618,-2.799495,19.210457
291.000000,74.949569,29.170004,45.667484,-160.511651,85.397985,158.462554,-4.859357,35.139909,-0.763431,100.414033,-28.172696,8.210405,-1.851155,-27.350740,4.165671,108.442169,-28.571914,-0.836661,0.726460,-0.509377,-27.246569,-134.154956,46.052216,-80.214090,48.478190,-17.847616,-3.972926,-15.375965,-126.917387,-55.539048,80.214090,52.073144,0.042552,-2.586897,25.186485
292.000000,75.061500,29.238170,45.873889,-163.393996,85.217169,161.239895,-5.179750,36.913389,-1.541547,96.966242,-27.371947,9.402782,-2.101669,-29.146439,5.165123,104.772199,-27.438810,-1.236763,1.918751,-1.628209,-28.364961,-132.225045,45.253118,-80.214090,53.188660,-7.571097,-4.339761,-21.818850,-122.496410,-58.209877,80.214090,55.677704,-10.127542,-3.269014,27.425708
293.000000,75.069821,29.388541,46.095875,-166.068117,84.930085,163.716157,-5.455479,37.732673,-2.065099,92.687436,-26.057173,9.825381,-2.598128,-31.252497,5.747357,100.156774,-26.106093,-1.992510,3.137342,-2.701372,-28.260869,-131.380465,44.971844,-80.214090,57.997629,0.068957,-5.363088,-25.850412,-118.787918,-61.941845,80.214090,58.518834,-14.229676,-3.794629,26.326028
294.000000,75.028253,29.550859,46.318656,-169.360795,84.392656,166.723810,-5.904652,37.862136,-2.230205,87.740931,-24.548574,9.833884,-3.480795,-33.107587,5.923967,94.814418,-24.656764,-2.570380,4.554928,-4.061254,-27.818992,-130.847464,45.031096,-80.214090,62.365214,8.120404,-7.187143,-28.251039,-114.742575,-66.856316,80.214090,60.933388,-17.110537,-4.399350,24.417656
295.000000,74.981463,29.663208,46.540961,-172.984070,83.876278,170.009742,-6.175254,37.128167,-2.170396,82.147655,-22.103257,9.501270,-4.338156,-33.903287,6.006521,88.928223,-22.784823,-2.730965,6.054377,-5.618535,-26.531725,-130.508714,45.527268,-80.214090,66.640612,14.610688,-8.909514,-28.840911,-110.588597,-72.746494,80.214090,62.969085,-19.502463,-4.936239,22.504691
296.000000,74.932617,29.740974,46.780905,-176.082001,83.466101,172.789051,-6.266433,35.853968,-1.970431,76.063015,-19.046853,8.922297,-5.060574,-33.944152,5.905704,82.841466,-20.894182,-2.701001,7.609971,-6.889994,-24.485781,-130.036201,46.626553,-80.214090,71.148769,19.468643,-10.207398,-28.924444,-106.319879,-79.030111,80.214090,64.415651,-19.954276,-5.688211,20.822602
297.000000,74.898487,29.784054,46.988001,-179.097451,83.145308,175.671512,-6.227156,34.106512,-1.684293,69.391785,-15.914727,8.296128,-5.433072,-32.898453,5.810634,76.550937,-18.761546,-2.309540,9.036514,-7.601960,-22.096261,-128.731171,48.694905,-80.214090,75.211564,23.933166,-11.333327,-29.013916,-101.745886,-85.224143,80.214090,65.463087,-19.453265,-6.669053,19.447125
298.000000,74.843055,29.782024,47.111973,177.781495,82.813416,178.940663,-6.107361,31.889460,-1.396107,62.018022,-13.234621,7.626619,-5.267540,-30.300444,6.216883,69.819102,-16.362492,-0.778779,10.254522,-7.541771,-19.493847,-125.822221,52.171833,-80.214090,78.109026,27.611205,-12.238648,-29.047630,-96.770352,-91.308236,80.214090,65.569406,-18.230514,-7.724275,18.689337
299.000000,74.646544,29.784414,47.230116,175.628774,82.620716,-178.677220,-5.871800,29.754551,-0.974173,54.259538,-10.244479,6.679084,-4.844501,-27.551877,6.491582,62.679697,-13.972782,1.209010,10.854526,-6.660293,-16.600643,-121.531974,57.268367,-80.214090,79.231410,29.637755,-13.058535,-29.943778,-91.549786,-97.155486,80.214090,63.449117,-17.005779,-9.107181,19.390403
300.000000,74.319988,29.876241,47.454208,175.659555,82.815187,-178.843730,-5.485805,28.066781,-0.262016,46.719279,-7.588174,5.837281,-4.970922,-26.686808,4.981684,56.019384,-12.556606,1.499845,10.708575,-4.725489,-13.467019,-115.514727,64.398992,-80.214090,77.849656,28.990629,-14.267076,-31.583840,-86.923931,-102.009538,80.087854,58.841158,-15.035186,-11.086980,21.209788
301.000000,73.904413,29.994708,47.696102,175.546945,83.385097,-178.878827,-5.036882,26.600293,0.880435,39.588743,-6.131980,5.108222,-4.827988,-26.238706,2.654549,49.404691,-11.102090,1.698471,8.882393,-2.315540,-10.322927,-107.503646,74.173484,-80.214090,72.160969,24.845069,-16.153152,-33.952973,-83.721775,-105.082488,80.020878,51.594737,-10.639976,-13.216206,23.225415
302.000000,73.331124,30.047289,47.810712,174.175176,83.845592,-177.436153,-4.887476,24.881467,2.172940,33.058945,-5.264723,3.956631,-4.386947,-24.657637,1.180467,42.602315,-9.530856,3.106402,5.658320,-0.690126,-7.600703,-99.716766,84.486414,-80.214090,62.851510,16.381548,-17.557869,-36.941467,-81.724839,-105.975883,80.043397,43.155399,-3.656696,-14.741329,25.297861
303.000000,72.652107,30.034941,47.857806,171.951860,84.526288,-175.182086,-4.947961,22.853331,2.964525,28.047595,-4.395713,2.892175,-3.895335,-22.924425,-0.233388,36.453700,-8.536384,4.271326,2.349663,-0.265892,-5.180145,-93.717210,93.707846,-80.214090,51.232460,2.380076,-16.966876,-37.228093,-79.596354,-105.794146,80.092417,33.657229,4.908344,-15.499774,26.071940
304.000000,71.948141,30.000588,47.805145,167.540862,85.427410,-170.799507,-5.019740,20.368013,3.268033,24.544126,-3.764745,1.931900,-3.437732,-21.187599,-1.309143,31.581736,-7.858785,5.147799,-0.332875,-0.867994,-3.297582,-89.791450,100.701563,-80.214090,38.986184,-13.194472,-15.742030,-31.739862,-77.115862,-105.021460,80.137332,23.468424,13.858243,-15.972927,23.282392
305.000000,71.269464,29.956183,47.665718,161.516719,86.396697,-164.725585,-5.040364,18.139773,4.177415,22.056329,-3.339684,1.040866,-2.994677,-19.601309,-2.625979,27.922845,-7.468446,5.659193,-2.320324,-1.816296,-2.256866,-86.867869,105.232089,-80.167488,26.929457,-26.163605,-16.510379,-20.787549,-74.438830,-103.747930,80.155917,13.145210,23.259145,-16.690752,17.404615
306.000000,70.590848,29.885772,47.498840,153.920017,87.276212,-157.019204,-5.082941,16.454289,6.073291,20.262478,-3.133492,0.499451,-2.745080,-18.120413,-4.361410,25.369375,-7.471230,5.867981,-3.545381,-2.703829,-1.671729,-84.991930,107.299888,-80.154264,15.731661,-34.252162,-19.144247,-9.696541,-71.654053,-102.248977,79.299377,3.370188,30.094910,-18.427780,11.372066
307.000000,69.908094,29.799786,47.293153,141.031840,88.036055,-143.973462,-4.940786,14.801310,7.920105,18.606349,-2.761407,-0.083676,-2.493140,-16.372051,-5.437789,23.317072,-7.193949,6.186115,-4.455147,-3.573649,-1.495366,-84.437442,108.023226,-80.123207,4.571972,-37.402775,-21.518612,-1.699288,-67.966857,-100.005280,75.992917,-5.693536,32.913804,-20.265269,6.377670
308.000000,69.187689,29.699096,47.004497,121.183086,88.580633,-123.977360,-4.701526,13.088265,9.337688,17.218390,-2.748683,-0.735492,-2.123641,-14.489002,-6.173824,21.543182,-7.325011,6.715989,-5.037107,-4.316962,-1.426333,-84.950478,106.220657,-79.261545,-3.980970,-39.596157,-23.502444,2.844034,-65.505093,-96.402854,72.271038,-12.544629,34.612049,-22.198753,2.504813
309.000000,68.515861,29.614246,46.839491,81.229604,88.850699,-84.002712,-4.291476,11.415615,9.543430,15.920746,-2.615021,-1.687384,-1.714284,-12.948469,-6.797765,20.032564,-7.352041,7.171348,-5.341854,-5.186761,-0.711579,-84.696757,103.542758,-77.141878,-12.820718,-41.005997,-25.284595,7.393050,-62.384790,-92.313668,66.989403,-19.586233,35.868496,-23.895869,-1.503680
310.000000,67.927784,29.536501,46.696568,44.746197,88.459875,-47.555458,-3.815987,9.851169,8.792670,14.965716,-2.296819,-2.395324,-1.232902,-11.815963,-7.259520,18.828632,-7.231067,7.565011,-4.834761,-5.774471,0.103178,-83.513577,99.275516,-73.780837,-21.179758,-39.852938,-26.493815,11.436126,-59.906879,-88.667166,61.762047,-26.648053,35.760391,-24.995040,-4.988927
311.000000,67.473119,29.443967,46.551952,30.359416,87.878320,-33.085109,-3.378665,8.826408,9.161958,14.483283,-2.068546,-2.627147,-0.756860,-11.115897,-7.970177,17.946023,-7.066007,7.897134,-3.740901,-5.806279,0.360389,-81.859981,93.373003,-69.619517,-28.451699,-37.457188,-26.668014,14.723089,-59.512695,-85.664827,58.184824,-33.320876,33.971544,-25.657568,-9.546410
312.000000,67.167550,29.349399,46.421921,23.724987,87.448192,-26.210114,-2.931709,8.282606,10.761104,14.289072,-2.004785,-2.838894,-0.367158,-10.538017,-8.535172,17.387336,-6.922822,8.328401,-2.788782,-5.335825,-0.030034,-80.878462,86.716826,-65.654927,-34.405968,-36.049148,-25.366471,17.436073,-61.361586,-82.264424,56.844553,-39.132633,31.706694,-25.510354,-16.021276
313.000000,67.019546,29.274860,46.271405,18.790666,87.301169,-21.032473,-2.677596,7.904304,11.939182,14.497908,-1.898623,-3.221294,-0.124814,-10.048381,-8.921387,17.208347,-6.749429,8.687805,-2.149997,-4.487509,-1.141961,-81.419987,79.843866,-62.589005,-38.546586,-34.022736,-24.191176,20.710986,-64.800238,-77.669783,57.126418,-43.947199,31.251302,-24.791073,-22.112297
314.000000,67.062402,29.212970,46.157768,13.854019,87.321143,-15.963156,-2.609095,7.737908,12.727483,15.317973,-1.920587,-3.397692,-0.016809,-9.849119,-9.442147,17.627605,-6.908584,8.516377,-1.546159,-3.559069,-2.342139,-82.408855,72.784811,-60.036782,-41.078981,-34.071815,-23.277800,23.333869,-68.522944,-72.530503,56.913354,-46.873153,31.474420,-23.764521,-26.431845
315.000000,67.280728,29.154053,46.098804,10.464248,87.526321,-12.413386,-2.656887,7.802867,13.665533,16.689265,-2.329268,-3.402403,-0.060743,-9.889804,-9.789590,18.612110,-7.255000,8.222365,-1.020438,-2.780117,-3.424006,-83.810205,66.142746,-57.603343,-41.935080,-33.247452,-22.837265,27.262164,-72.048141,-67.046715,55.291659,-47.937054,30.214704,-22.937544,-30.403938
316.000000,67.647338,29.141381,46.069241,5.197812,87.898556,-7.133018,-2.636639,7.981139,14.040881,18.431643,-2.797743,-3.403574,-0.094252,-10.078487,-10.145367,20.119816,-7.828724,7.834520,-0.205151,-2.075916,-4.866733,-85.014326,59.379766,-54.734619,-41.320923,-31.570425,-22.976389,33.099701,-74.410827,-61.800713,52.649837,-47.956899,28.962369,-22.210677,-33.821314
317.000000,68.127406,29.159722,46.063891,-2.403574,88.507886,0.339325,-2.550645,8.290871,14.239547,20.688677,-3.387445,-3.310904,-0.091893,-10.585023,-10.838588,22.155158,-8.505524,7.507094,0.505723,-1.549541,-6.934544,-86.573986,53.661279,-51.166200,-39.684588,-28.739606,-22.698687,38.084896,-75.915422,-57.246493,49.634189,-47.333710,27.606889,-21.645995,-36.365157
318.000000,68.759352,29.182503,46.114889,-29.826560,89.415926,27.644073,-2.551881,9.109057,15.281039,23.770086,-4.013709,-2.790685,-0.331715,-11.481572,-11.705653,25.196873,-9.151959,6.877262,0.834078,-1.105644,-9.945772,-88.354644,48.765058,-48.867784,-38.606661,-28.049073,-21.796126,41.680987,-77.268666,-52.774836,47.185214,-46.283599,26.031080,-20.505058,-38.591744
319.000000,69.439787,29.202777,46.115384,-134.094000,89.272004,131.876203,-2.315820,10.293385,16.738179,27.886368,-4.614624,-2.181135,-0.240004,-12.526809,-12.412444,29.201873,-10.263950,6.117399,0.785428,-0.669305,-13.184802,-90.096035,45.277659,-47.510038,-38.284908,-29.280649,-20.894317,43.346296,-78.293748,-48.831095,45.515226,-45.523508,25.954135,-19.713126,-39.769671
320.000000,70.114982,29.222640,46.095508,-154.625787,88.204019,152.474376,-2.336930,11.557889,17.597393,33.042584,-5.158053,-1.941321,-0.085705,-13.430354,-12.446590,34.089023,-11.414400,5.474443,0.440557,-0.162282,-16.567133,-92.383670,43.106628,-46.666499,-37.827299,-29.668942,-20.281897,44.459627,-79.460297,-45.312718,44.035278,-44.810166,27.079839,-19.621832,-39.891744
321.000000,70.764405,29.237372,46.048543,-159.772181,87.300600,157.660865,-2.359657,12.925675,18.207377,39.431280,-6.565359,-1.690360,0.462603,-14.499611,-12.356289,39.932558,-12.913600,5.023469,0.193723,0.265321,-19.621412,-94.777139,41.354319,-45.857579,-36.808115,-30.412008,-19.762379,45.450240,-81.267312,-42.459103,42.324220,-43.335955,27.293041,-19.115835,-40.203678
322.000000,71.362460,29.238868,45.965627,-162.413049,86.682521,160.309880,-2.346845,14.888931,19.173593,47.804105,-9.021597,-1.026063,1.281509,-15.915039,-12.370817,47.341322,-14.753022,4.367493,0.013689,0.567166,-22.191833,-96.844091,39.879607,-44.940360,-35.121123,-32.576994,-19.746919,46.633820,-83.294594,-40.075517,40.797823,-40.994235,27.673422,-18.393853,-41.320681
323.000000,71.824574,29.209533,45.863646,-162.280421,86.228510,160.144364,-2.239227,17.514022,19.930209,57.923645,-11.624955,-0.197551,2.202913,-17.195302,-12.133977,56.216924,-17.143976,3.694512,-0.143251,0.942663,-24.142139,-99.153467,38.850051,-43.890621,-31.864301,-35.985057,-19.719955,46.686515,-85.540538,-38.064040,39.388209,-37.846672,30.532274,-18.513378,-41.568623
324.000000,72.125894,29.153165,45.763135,-161.111564,86.052245,158.977487,-1.669124,20.100545,19.944723,68.770784,-14.749375,0.825081,3.373118,-17.896916,-11.311480,65.773192,-19.431960,3.341375,-0.381873,1.317030,-25.347165,-101.733789,38.241464,-43.022709,-26.385955,-39.453167,-19.439125,46.348557,-88.094824,-36.679082,38.126642,-32.966164,34.051809,-18.750833,-41.742568
325.000000,72.332525,29.073149,45.690939,-159.390987,85.994106,157.276713,-0.842764,22.215260,19.012982,79.808008,-18.134957,1.927792,4.618267,-17.895748,-10.039974,75.541353,-21.537815,3.186634,-0.631383,1.678927,-25.927907,-104.110060,37.252173,-43.043647,-19.220255,-44.511687,-19.975267,46.364441,-90.818587,-35.874831,37.566307,-25.999651,38.563856,-18.666810,-41.370736
326.000000,72.547501,28.978491,45.633540,-158.086430,85.842574,155.922445,-0.034948,23.371956,17.123761,90.373067,-21.144512,2.662646,5.706423,-17.235595,-8.489545,84.948688,-23.176331,3.060239,-0.880125,2.042008,-26.093766,-107.138060,36.343624,-44.220376,-9.831478,-49.511789,-21.889197,46.263740,-94.320760,-35.243967,37.983508,-16.716973,44.778877,-19.645043,-40.408099
327.000000,72.837734,28.924549,45.582357,-158.389830,85.762576,156.056598,0.958199,23.457576,14.882113,99.842886,-24.011189,2.811822,6.681040,-17.172661,-7.155592,93.868034,-25.019936,2.627427,-0.989561,2.072580,-25.793823,-110.678831,34.982357,-46.279934,1.086593,-55.133082,-22.693736,45.042874,-98.526804,-34.723620,39.457303,-6.039709,51.204941,-20.897567,-40.494081
328.000000,73.257053,28.939638,45.527753,-160.431915,85.746538,157.861984,1.818720,23.310648,12.586372,107.740872,-26.409418,2.719510,7.233039,-18.461088,-5.916364,102.043013,-26.746420,1.555652,-0.796991,1.796156,-24.689662,-115.177002,33.294198,-49.088139,12.898663,-61.653611,-22.669056,42.368049,-103.792005,-34.704440,42.003324,5.492408,58.579206,-21.455666,-38.870149
329.000000,73.802894,28.945416,45.471719,-163.053539,85.816545,160.348530,2.253916,24.257340,10.203767,113.176918,-27.790390,3.152722,7.144875,-20.442241,-4.323258,108.526925,-27.780181,0.288978,-0.404732,1.244835,-22.831290,-120.666193,31.331027,-52.162728,25.133752,-67.724454,-21.019706,37.994440,-110.631832,-35.202710,45.460185,18.440049,65.656471,-20.845604,-34.907389
330.000000,74.360335,28.938812,45.434231,-164.154137,85.635289,161.465982,1.719400,26.507156,7.639420,115.206850,-28.442185,4.389238,6.037073,-22.293473,-2.401052,112.381733,-28.150087,-0.704602,0.067228,0.988234,-20.725019,-126.916608,29.706221,-55.871320,37.564019,-69.997288,-18.156636,34.773811,-118.681422,-35.545141,50.158648,32.390434,70.393036,-18.505709,-30.415273
331.000000,74.833220,29.014960,45.464396,-167.041707,84.730523,164.586573,-0.195383,28.850979,5.481062,113.572358,-29.184545,5.693180,3.606941,-24.451606,-0.662319,113.072163,-28.215267,-1.186273,0.191916,0.975895,-18.818435,-133.799718,29.059562,-61.846215,49.349179,-69.493705,-15.346240,31.739250,-128.088300,-35.404053,57.271949,47.483321,70.240293,-13.658902,-25.205490
332.000000,75.243562,29.161951,45.620686,-171.648731,83.105246,169.559643,-3.126408,30.719633,4.217707,109.199603,-29.868632,6.439815,-0.089313,-27.311285,0.645152,110.984529,-27.962619,-1.680564,-0.275109,1.047165,-17.269015,-140.328122,30.026601,-71.040531,58.154669,-66.450787,-11.773757,26.724870,-137.083085,-34.656390,67.347366,60.652257,62.668372,-7.473543,-19.368699
333.000000,75.661439,29.304013,45.899987,-175.045926,81.472648,173.324890,-6.030161,32.517817,3.815985,103.206979,-30.047460,7.457373,-3.891014,-30.252650,1.543222,106.653479,-27.157283,-2.124698,-0.761665,1.417880,-15.955375,-144.962391,32.087655,-80.214090,63.619981,-58.326926,-8.346161,21.503208,-143.153907,-33.968962,77.531943,68.449936,49.499819,-3.148792,-13.379502
334.000000,76.079285,29.416060,46.155053,-176.627190,80.166053,175.222721,-7.952446,34.215611,4.101873,96.097340,-29.826753,8.208672,-6.516867,-32.865351,1.731375,100.531785,-26.266821,-2.424294,-0.970131,1.769450,-17.890987,-142.344271,33.760416,-80.214090,66.481052,-41.618443,-6.354934,16.160543,-140.979667,-34.673609,80.214090,70.136699,31.619719,-2.439097,-8.745145
335.000000,76.449734,29.528761,46.442923,-177.837905,78.858490,176.627439,-9.555857,35.187646,4.350395,88.672685,-29.251282,8.476815,-8.532365,-35.374352,1.601674,93.657111,-25.259180,-2.756412,-2.481150,1.654429,-20.252103,-138.707905,35.567916,-80.214090,67.814681,-24.735021,-6.131694,11.844678,-137.124981,-36.414402,80.214090,69.747768,12.093598,-3.987919,-5.199877
336.000000,76.762909,29.662728,46.756342,-178.632028,77.879695,177.359546,-10.540624,35.731773,4.331537,81.530923,-28.783244,8.656112,-9.777599,-37.865329,1.401198,86.815680,-24.376366,-3.453018,-2.758638,1.572378,-22.348080,-134.967393,37.763641,-80.214090,68.619666,-7.481666,-6.243446,6.517908,-133.130687,-38.939096,80.214090,69.522938,-6.787897,-4.628237,-0.090080
337.000000,76.959759,29.762322,47.083196,-179.168939,77.217600,177.705152,-11.261193,36.289994,3.890905,75.137149,-28.332258,8.909977,-10.491685,-39.807405,1.545039,80.766700,-23.847262,-4.213168,-1.747991,1.783812,-22.772056,-132.971311,40.040048,-80.214090,69.803024,1.856201,-6.287569,3.339239,-130.845032,-41.459924,80.214090,70.547091,-11.787391,-4.057015,3.414776
338.000000,77.055836,29.801133,47.300065,179.941875,76.832524,178.503930,-11.825072,36.127712,2.419920,69.262332,-27.789029,8.996460,-10.463311,-39.778086,2.961442,75.044040,-22.897214,-3.524283,-0.561929,2.084038,-22.254396,-131.720034,42.317653,-80.214090,71.475689,5.856976,-6.152664,1.736349,-129.434134,-43.885782,80.214090,72.016599,-6.618261,-3.624760,4.046721
339.000000,77.038103,29.838479,47.405320,179.514704,76.945804,178.798452,-11.814678,35.463749,0.203279,63.832134,-27.054789,8.724477,-9.942279,-38.913592,5.031264,70.101093,-21.873225,-2.516713,-0.160371,2.096377,-21.592441,-129.645337,44.640853,-80.214090,72.909961,9.757976,-6.415297,0.583617,-127.101720,-46.914681,80.214090,72.902338,-6.413741,-3.882367,4.736959
340.000000,76.920056,29.861152,47.482589,179.471945,77.436845,178.670676,-11.440319,34.875086,-1.919999,58.771292,-25.888394,8.471890,-9.491280,-38.054515,6.993744,66.185803,-21.029386,-1.803682,-0.488067,1.559880,-20.818038,-127.287883,46.798025,-80.214090,74.249682,14.281612,-6.581227,-0.481145,-123.643704,-50.894898,80.214090,73.119395,-14.473620,-4.270392,6.127396
341.000000,76.695281,29.886347,47.566545,179.536204,78.086341,178.495313,-11.084834,34.616485,-3.226118,53.960728,-24.430972,8.454432,-9.209724,-37.472511,8.205368,62.771194,-20.185787,-1.262034,-0.295122,0.967270,-19.782021,-125.156742,48.859881,-80.214090,75.446509,18.832759,-6.579400,-1.439245,-120.029032,-55.382766,80.214090,73.048853,-21.807657,-4.291211,7.241850
342.000000,76.374024,29.895338,47.661883,179.355941,78.783908,178.706943,-10.936271,34.801672,-3.157942,49.516918,-22.934320,8.492004,-8.926775,-36.928982,8.556541,59.212529,-19.122571,-0.547625,0.390444,0.655281,-18.529178,-123.217391,50.996515,-80.214090,76.670192,22.545485,-6.609157,-2.594897,-116.891461,-59.866430,80.214090,73.103153,-23.458857,-4.408268,7.577502
343.000000,75.953150,29.908955,47.720978,179.932448,79.507668,177.912078,-10.546886,34.637392,-2.656529,45.327236,-20.772304,7.847233,-8.776150,-36.405803,7.888519,55.106820,-17.847701,0.082089,1.236047,0.278174,-17.207728,-121.751892,52.905132,-80.214090,77.795800,24.760189,-6.830973,-3.688701,-113.831557,-64.440615,80.214090,73.507937,-23.505676,-4.355951,8.275860
344.000000,75.431281,29.932868,47.810897,-178.771500,80.340055,176.210800,-9.934957,34.458096,-1.380240,41.345812,-18.100898,6.860011,-8.738538,-36.426970,5.710007,50.591279,-16.569344,0.229852,2.327917,-0.315331,-15.792943,-120.852397,54.368504,-80.214090,78.700937,26.341080,-7.129502,-4.790439,-110.419830,-69.192794,80.214090,73.860498,-23.714063,-4.379313,9.458421
345.000000,74.796039,29.905772,47.901830,-177.903703,81.106135,175.130116,-9.444582,34.325426,0.788873,37.420414,-15.475496,5.871730,-8.505961,-36.211040,2.953158,45.671259,-15.134950,0.594569,3.568304,-1.004932,-14.374254,-120.130801,55.542811,-80.214090,79.373492,27.699964,-7.456272,-6.347177,-106.820142,-74.139593,80.214090,73.673549,-23.621314,-4.644804,10.921101
346.000000,74.046576,29.830521,47.958818,-177.203388,81.883830,174.317461,-8.974027,33.984433,2.949968,33.558236,-12.452488,4.810366,-8.197482,-35.438744,0.418317,40.694482,-13.653371,1.225846,4.794344,-1.579883,-12.867839,-119.398728,56.842631,-80.214090,79.518196,28.101353,-7.958477,-8.304892,-103.269872,-79.093836,80.214090,72.563657,-22.508330,-5.244983,13.072662
347.000000,73.189121,29.707000,47.952348,-176.073260,82.788957,173.132018,-8.411381,33.273963,4.345197,29.629398,-7.844593,3.290416,-7.785219,-34.009076,-1.386076,35.824742,-11.871160,2.034575,5.816189,-1.758714,-11.346721,-118.413747,58.549775,-80.214090,79.067260,27.127886,-8.656648,-10.521826,-100.166609,-83.590054,80.214090,70.651087,-19.248887,-6.063854,15.546125
348.000000,72.288162,29.573199,47.937858,-174.639683,83.836339,171.652791,-7.805556,32.201665,5.291887,25.817381,-3.715821,1.819099,-7.389758,-32.390239,-2.750376,31.202295,-10.078547,2.901462,6.594186,-1.605520,-9.692782,-116.884795,60.905166,-80.214090,78.052513,25.201767,-9.325507,-12.406789,-97.100442,-87.604881,80.214090,68.035740,-14.401879,-6.807841,17.730227
349.000000,71.387845,29.459444,47.909206,-173.411033,85.019111,170.383835,-7.183389,30.780329,6.201773,22.247229,-1.260708,0.539082,-6.957934,-30.710730,-3.813960,26.801806,-8.358342,4.034769,7.105956,-1.487214,-8.063009,-114.848579,63.723158,-80.214090,76.049949,23.529829,-10.276285,-14.675961,-93.754721,-91.348719,80.214090,64.532911,-12.467443,-7.818871,20.305229
350.000000,70.503306,29.387307,47.819754,-172.612134,86.278461,169.558475,-6.617937,28.899558,6.775089,18.865297,0.345691,-0.651552,-6.542732,-28.831485,-4.324667,22.772650,-6.540616,5.426623,7.096624,-1.365504,-6.619042,-112.579529,66.944692,-80.214090,72.832752,19.528443,-11.580321,-16.313997,-91.380862,-94.182974,80.214090,60.593866,-11.153381,-9.148761,22.776167
351.000000,69.674933,29.355007,47.651389,-171.381721,87.605607,168.368568,-6.200047,26.556204,6.569045,15.830150,1.144185,-1.883164,-6.102053,-26.683464,-4.318758,19.266085,-5.245423,7.161493,6.362777,-0.848661,-5.246229,-109.536427,70.998758,-80.214090,68.532909,11.840394,-12.757305,-16.517440,-90.411781,-95.584714,80.214090,56.541611,-4.365874,-10.049677,24.764234
352.000000,68.927842,29.329929,47.423860,-162.516892,88.974621,159.540234,-5.878969,24.057796,5.961036,13.228732,1.230928,-3.274528,-5.616682,-24.421130,-4.362293,16.414722,-4.716109,8.673981,5.190561,-0.514121,-3.923580,-106.093950,75.497803,-80.214090,62.853607,3.091338,-13.751520,-16.089788,-89.066985,-96.472372,80.210928,51.088671,2.995626,-10.667874,26.406497
353.000000,68.276787,29.304835,47.176209,-33.185003,89.531093,30.228489,-5.676659,21.628477,5.668503,11.141377,0.989143,-4.320100,-5.187313,-22.327612,-4.828060,14.264487,-4.323209,9.677053,3.878724,-0.796827,-2.799630,-103.020624,79.747950,-80.214090,55.919278,-6.276763,-14.304120,-15.356767,-87.357402,-97.263294,80.173860,44.151934,6.152947,-11.831916,27.425851
354.000000,67.744952,29.287323,46.922520,-6.305291,88.353537,3.396243,-5.603633,19.268930,5.777778,9.467435,0.552219,-4.558783,-4.860636,-20.299018,-5.482434,12.621484,-4.104363,10.346692,2.454147,-1.144493,-2.112985,-99.902650,83.671381,-80.214090,47.975163,-16.704998,-14.172920,-13.759595,-85.937392,-97.292227,80.148759,36.777618,11.817913,-12.152266,27.799328
355.000000,67.297816,29.280123,46.673462,-1.888586,87.291221,-0.839012,-5.584965,16.992315,6.772976,8.146104,-0.143491,-4.422229,-4.536164,-18.258460,-6.276636,11.244339,-3.863739,11.131696,0.945729,-1.545066,-1.924258,-97.013767,86.975520,-80.159353,39.351148,-26.820350,-13.988395,-11.767466,-84.792311,-96.612500,80.119021,29.047497,20.833236,-11.586218,27.588372
356.000000,66.919285,29.262483,46.359953,-0.234108,86.420951,-2.241630,-5.483590,14.699858,8.165545,7.087941,-0.942550,-4.321128,-4.181395,-16.107075,-6.703412,10.107841,-3.799138,11.901320,0.066298,-1.784372,-1.789215,-92.812989,88.244248,-76.961622,31.620764,-34.146339,-14.438615,-9.709954,-83.684625,-95.771376,78.966925,22.055326,26.576860,-12.070575,25.967993
357.000000,66.589993,29.233745,44.420946,0.176989,85.990020,-2.801465,-2.732295,11.915968,10.474023,4.432233,-3.293266,-4.725153,-0.890266,-13.728737,-9.025835,6.596659,-5.858150,12.394326,0.538363,-0.889767,-4.742769,-76.279676,88.998144,-62.227907,20.511265,-38.710521,-14.668550,-4.969401,-76.002582,-97.248650,72.259515,12.150040,31.939966,-11.756770,22.112912
358.000000,66.310024,29.268062,44.289091,-1.818642,84.914563,-0.868414,-2.411486,9.891956,10.385343,3.897583,-3.644938,-4.852644,-0.564257,-11.918555,-9.103419,5.978945,-5.828814,12.309628,0.662540,-0.253376,-5.006281,-69.685340,85.366532,-55.578380,14.732185,-42.159312,-16.243751,-1.320105,-73.062950,-94.850543,68.403026,6.719015,37.026445,-12.961271,19.155851
359.000000,66.082054,29.319483,44.171011,-2.384670,84.069785,-0.342157,-2.109205,7.772068,9.714114,3.239552,-3.274554,-4.418901,-0.353251,-10.256170,-8.756632,5.207250,-4.851947,12.632694,0.573624,0.502530,-5.383602,-61.883017,81.412016,-47.384516,7.437630,-43.493921,-17.719647,2.490974,-68.764541,-91.923459,62.827468,0.510512,40.613162,-14.417049,15.340868
360.000000,65.904534,29.323739,44.141120,-3.037403,83.707057,0.138173,-1.954830,5.933412,9.298779,2.340253,-3.097699,-3.943637,-0.432646,-8.620862,-8.083128,4.091292,-3.651995,11.510208,0.332622,0.890736,-6.409190,-55.634363,78.507902,-40.345671,-1.099958,-44.320643,-18.766641,3.058948,-64.349193,-88.582711,57.156775,-6.573902,44.161999,-16.386396,11.561162
361.000000,65.717435,29.321983,44.045231,-2.610864,83.214294,-0.237220,-1.761060,4.241929,8.928375,2.190821,-3.094592,-3.890906,-0.453459,-7.297151,-6.769411,3.641446,-2.345142,11.877842,-0.155270,1.098579,-7.205856,-53.334526,75.381738,-36.602120,-8.305940,-44.797394,-19.822765,4.108157,-62.070102,-84.223636,52.873956,-12.586831,45.551676,-17.882229,8.462491
362.000000,65.572512,29.314709,43.981540,-2.661867,82.951065,-0.178863,-1.626241,2.874375,8.407541,1.888551,-2.850643,-3.947724,-0.542126,-6.199598,-5.847585,3.138898,-1.099564,12.238914,-0.652154,1.221789,-8.036586,-52.431247,72.943859,-34.079284,-15.875661,-44.696785,-20.383733,6.266214,-60.215720,-79.487208,48.668373,-18.966214,45.008901,-19.241252,4.346985
363.000000,65.469688,29.298696,43.955863,-2.907222,82.768951,0.086116,-1.469741,1.795138,7.731439,1.524013,-2.877492,-4.037766,-0.498908,-5.356694,-5.017779,2.604458,-0.663348,12.615357,-1.045671,1.211775,-9.060336,-52.980439,70.580135,-33.424398,-23.519343,-45.601440,-20.657917,8.853775,-58.750965,-74.094978,45.597353,-25.544778,44.381442,-20.345218,-0.859679
364.000000,65.432036,29.276824,43.975830,-3.422758,82.684573,0.742941,-1.285175,1.074394,7.507665,1.123821,-2.800726,-4.118163,-0.324684,-4.713901,-4.000161,2.109157,-0.510142,12.697163,-1.315643,1.155529,-10.464109,-55.256695,67.336540,-33.989296,-29.959539,-46.176962,-20.756569,12.937146,-57.623547,-68.005701,44.032956,-32.021112,45.350489,-21.204858,-8.033961
365.000000,65.471941,29.262665,44.089830,-4.111561,82.842511,1.482883,-1.035652,0.663079,7.522726,0.864152,-2.673075,-4.038489,-0.030710,-4.444313,-3.552351,1.707805,-1.055094,12.687446,-1.185829,1.107774,-12.392904,-58.212835,62.630301,-35.642587,-34.845846,-46.209426,-20.704585,18.350642,-57.704320,-61.683063,43.046844,-37.436810,44.629894,-21.576306,-14.256413
366.000000,65.589172,29.265448,44.346789,-5.764518,83.380874,3.136460,-0.623141,0.619166,7.991723,1.167343,-2.232747,-3.902493,0.370199,-4.455604,-3.449341,1.826141,-2.301494,12.140328,-0.788452,1.165406,-14.735252,-61.487166,57.154272,-38.021676,-38.709066,-46.799411,-20.297645,22.893763,-58.546496,-55.412450,42.600177,-41.455041,43.118171,-21.234940,-18.592535
367.000000,65.769190,29.274204,44.709954,-8.565965,84.361470,5.867086,0.023458,0.903177,9.478988,2.154233,-1.215850,-3.794144,0.971771,-4.815680,-4.166488,2.671380,-3.097049,11.277610,-0.265594,1.241973,-17.498390,-64.948610,51.963495,-39.820351,-40.880349,-47.170598,-20.022278,26.898163,-60.002877,-49.427081,42.325036,-44.020552,41.725496,-20.806549,-22.624401
368.000000,66.029084,29.281303,45.149922,-13.553642,85.799214,10.713889,0.855798,1.382038,11.820716,3.656320,0.028595,-3.645263,1.826180,-5.568920,-6.366543,3.930106,-3.953833,10.642675,0.270083,1.349827,-20.554015,-68.461267,47.468213,-39.995744,-40.949276,-45.549166,-20.092601,32.005734,-61.294377,-43.729470,41.336588,-45.078692,40.486944,-20.676755,-27.233936
369.000000,66.397786,29.272988,45.683676,-23.937606,87.808842,21.197002,1.570149,1.739371,14.529079,5.766242,0.902166,-3.645534,2.613781,-6.654989,-9.018557,5.506058,-4.404453,10.275388,0.463783,1.182100,-23.852370,-72.630709,43.135452,-39.917845,-39.669274,-41.972991,-19.548046,38.887648,-62.463938,-38.582926,39.195597,-45.253780,38.860819,-19.855141,-31.470510
370.000000,66.922504,29.275346,46.233657,-99.692164,89.375971,96.803164,2.087531,1.963415,16.513239,9.535294,2.445040,-4.078721,3.597081,-8.063554,-11.740771,8.137897,-4.482479,10.397486,0.887135,0.875440,-26.368785,-75.992985,39.070676,-40.823798,-37.477627,-36.832437,-19.457640,42.049681,-63.974502,-34.567775,37.139051,-43.830342,35.560980,-18.918833,-34.860691
371.000000,67.901367,29.360792,47.618231,-151.841504,88.631855,148.680040,1.080645,3.353730,17.411947,18.290917,2.545877,-3.938676,3.263012,-10.462293,-14.711266,16.119632,-4.346570,8.574336,1.104405,0.877113,-27.101740,-80.066264,35.517865,-41.095602,-33.391723,-36.270606,-18.997266,45.048841,-66.252056,-32.024483,35.053559,-41.591768,32.974572,-18.649833,-36.865509
372.000000,68.708712,29.378536,47.542384,-168.495739,87.208987,164.898725,1.532033,4.767370,19.468204,27.502669,0.471835,-3.652248,4.732495,-12.464013,-16.608489,23.592115,-5.540590,6.917692,1.352712,0.378149,-28.880809,-86.339465,32.556797,-40.620846,-25.884522,-40.817716,-19.001542,45.277905,-71.342159,-29.987563,32.845007,-35.400017,33.792778,-19.654713,-38.736448
373.000000,69.491953,29.368448,47.222152,-170.483045,86.497716,166.697479,2.201685,7.395974,21.610346,39.663315,-2.843825,-2.618710,6.349365,-14.455663,-17.175761,33.713056,-7.946819,5.186654,1.186533,0.499676,-29.191481,-92.830248,31.452280,-40.631419,-16.820497,-46.247098,-19.443720,44.497777,-77.786374,-28.637489,31.758238,-26.267296,36.899008,-20.890496,-38.938021
374.000000,70.078361,29.323712,46.779180,-166.117778,86.303638,162.364152,2.805461,11.118455,22.538972,54.003058,-7.205642,-1.034216,7.640704,-16.434685,-16.740116,46.445368,-11.897387,3.147448,0.836863,1.084502,-28.629995,-99.336291,31.182300,-42.043175,-6.322507,-50.841551,-19.867663,43.311131,-84.864663,-28.355011,31.742249,-14.700010,40.122058,-21.762006,-37.888005
375.000000,70.449144,29.275283,46.358809,-159.258878,86.160354,155.658887,3.181739,14.835384,21.521969,68.280541,-12.058610,0.451129,8.295365,-17.893902,-14.970475,60.310441,-15.922271,1.318571,0.472165,1.886497,-27.110889,-106.808265,31.572321,-45.116801,6.064708,-54.945409,-20.912450,41.318461,-93.804070,-29.357772,33.213455,-0.515367,43.960358,-21.728751,-35.941774
376.000000,70.795947,29.240847,45.980334,-155.118859,86.030215,151.671902,3.551860,17.472585,18.954245,80.699238,-16.948288,1.440686,8.598275,-18.841324,-12.177549,73.890243,-19.720390,0.342741,0.103096,2.420322,-25.237325,-115.039729,32.232452,-50.240075,19.676329,-59.746110,-19.743615,37.826390,-103.518156,-31.427063,37.781772,14.633866,49.501659,-20.980080,-34.727643
377.000000,71.318161,29.225805,45.725471,-153.506685,85.765799,150.347622,3.432637,19.638256,15.531732,91.179788,-21.510320,2.241375,8.582216,-19.488796,-9.095934,86.589751,-23.275758,0.089444,0.196890,2.404468,-22.633411,-124.116312,32.272002,-56.629764,33.687302,-59.760733,-15.655010,35.280649,-113.853892,-34.662390,45.129085,29.675102,55.950594,-18.513931,-32.294337
378.000000,72.126371,29.208770,45.571482,-154.528969,85.191847,151.671189,2.521413,21.943801,11.749842,99.551851,-25.551840,3.093288,7.798424,-19.570251,-5.485167,97.865245,-25.709266,0.303713,0.293787,2.453718,-20.074116,-133.428702,32.798329,-65.900868,47.027577,-55.213084,-11.816084,29.999663,-125.150950,-37.076186,55.389286,44.737059,56.583503,-12.805355,-26.815101
379.000000,73.257875,29.226685,45.523578,-156.227323,84.364816,153.590727,0.596883,24.012560,7.500413,105.609628,-28.254155,4.009105,6.076831,-20.005911,-1.778196,107.303016,-27.134805,0.069365,0.029720,2.792815,-17.877271,-141.519839,33.757093,-78.631269,57.407323,-47.232367,-7.790814,22.163547,-135.965980,-37.936349,69.146684,58.439672,45.942847,-5.725708,-15.501319
380.000000,74.602139,29.270884,45.588726,-158.443728,83.498740,155.909806,-1.877445,26.044701,3.523240,109.318824,-30.082820,5.156637,3.586222,-21.360795,1.898605,114.265855,-28.144001,-0.760386,2.126720,3.524983,-19.052350,-140.762740,35.054662,-80.214090,62.371997,-32.007028,-4.314883,14.025298,-138.214219,-38.220007,80.214090,65.380811,26.275360,-0.480957,-4.255576
381.000000,75.913513,29.298601,45.707402,-163.127519,82.483102,160.842213,-4.822362,27.026715,0.035533,111.076409,-31.304475,5.506803,0.709016,-22.899000,5.058506,117.952559,-28.972826,-0.876208,1.814097,2.964079,-21.615472,-136.940061,36.052768,-80.214090,64.734559,-16.550901,-3.526442,8.445054,-134.315233,-39.476116,80.214090,67.073482,10.071297,0.872224,2.341274
382.000000,77.047849,29.311368,45.794645,-167.967023,81.051170,165.905751,-7.691693,26.638518,-2.617793,111.545056,-31.949409,4.727773,-2.183298,-23.838330,7.261013,118.506309,-29.493242,-0.119174,1.535324,2.447650,-23.443583,-134.631894,37.186046,-80.214090,66.248593,-4.522188,-3.803601,5.344974,-131.471948,-40.918465,80.214090,67.492002,1.740782,-0.319996,4.054437
383.000000,78.047645,29.312557,45.929608,-172.764894,79.408738,170.998812,-10.303389,26.345184,-4.241983,111.543451,-32.236703,4.432378,-4.961492,-24.883158,8.578292,116.983218,-29.284832,0.840088,1.459791,1.752552,-24.888188,-133.169797,38.410378,-80.214090,67.448398,2.134786,-4.327221,3.395067,-129.597894,-42.871277,80.214090,68.000175,-3.993838,-1.142686,5.380407
384.000000,78.776830,29.343632,46.097478,-176.927429,77.677046,175.471177,-12.218251,26.318633,-4.919148,111.420043,-32.559467,4.936767,-7.079606,-26.428772,9.248980,114.604017,-28.965903,1.013002,1.647769,1.010903,-26.159879,-132.224881,39.825426,-80.214090,68.849652,6.331300,-4.516595,2.065410,-128.481855,-45.142861,80.214090,68.902716,-7.287656,-1.566770,6.108732
385.000000,79.248375,29.373008,46.262750,179.894706,76.000705,178.811342,-13.148750,25.627951,-5.275078,111.085172,-32.397657,5.264811,-8.318392,-27.442964,9.668979,112.158851,-28.465553,0.831740,1.730753,0.164226,-27.319005,-131.292273,41.448651,-80.214090,70.128100,10.844028,-4.680537,1.048081,-127.089630,-47.668368,80.214090,69.896188,-10.542895,-1.904501,5.934436
386.000000,79.466838,29.347917,46.439040,177.392661,74.561654,-178.643012,-13.366568,24.626587,-5.681227,110.623117,-31.953964,5.416592,-8.882917,-27.792502,9.987573,110.161191,-27.921914,0.875164,1.495424,-0.940003,-28.105791,-130.484398,43.016391,-80.214090,71.208779,15.564164,-4.942295,0.033939,-125.193242,-50.736254,80.214090,70.468154,-15.087881,-2.314724,6.027168
387.000000,79.437190,29.323435,46.624205,174.957344,73.259711,-176.060213,-13.721599,24.087415,-6.167656,110.235230,-31.446949,6.263555,-9.343944,-28.443372,10.114045,108.758407,-27.703024,1.011457,1.083967,-2.452524,-28.532388,-130.174390,44.047579,-80.214090,72.505122,18.521663,-5.064630,-1.168195,-123.086334,-54.319733,80.214090,70.779031,-18.406656,-2.612454,6.334935
388.000000,79.310179,29.304159,46.769923,173.061182,72.314925,-174.109689,-13.983254,23.837039,-6.739927,109.518361,-31.014550,7.068820,-9.875838,-29.262795,10.195179,107.710867,-27.481273,0.874916,1.120555,-4.051344,-28.631315,-129.834465,44.728587,-80.214090,73.680010,20.385482,-5.197943,-2.185159,-120.551295,-58.351945,80.214090,70.869107,-19.966497,-2.714359,6.324098
389.000000,79.162097,29.242787,46.833321,171.986054,72.110523,-173.182372,-13.715486,23.824246,-7.405780,108.201268,-30.483773,7.448978,-10.032755,-29.459446,10.341596,106.680130,-27.170494,0.673872,1.788851,-5.457366,-28.126067,-129.128046,45.307831,-80.214090,74.720309,23.091307,-5.351792,-3.435772,-117.444652,-62.811116,80.214090,70.870541,-21.698010,-2.642872,6.479539
390.000000,78.950912,29.191828,46.837255,171.171666,72.499688,-172.577159,-13.238841,23.933043,-8.081173,106.592301,-30.244207,7.803528,-9.863011,-29.303564,10.594355,105.453292,-26.803928,0.675475,2.832457,-6.649157,-27.016726,-128.326919,45.895289,-80.214090,75.674056,26.055449,-5.475396,-5.326961,-114.137310,-67.398866,80.214090,70.906673,-23.413786,-2.407722,6.761339
391.000000,78.693914,29.164624,46.809584,170.491845,73.397267,-172.107218,-12.724119,24.384161,-8.603523,104.800899,-29.899262,8.222932,-9.481889,-29.204618,10.850503,103.867138,-26.368895,0.509804,4.095754,-7.591784,-25.501131,-127.615937,46.400938,-80.214090,76.716480,28.050723,-5.573820,-7.318835,-110.961744,-71.856985,80.214090,71.003259,-24.357640,-2.192660,7.031039
392.000000,78.423846,29.166591,46.783155,169.884655,74.772357,-171.733371,-12.102647,24.780854,-9.011878,102.853141,-29.346861,8.463942,-8.931326,-29.056523,11.198994,101.961330,-25.809784,0.220724,5.908463,-8.750024,-23.579935,-127.365420,46.275218,-80.214090,77.609739,30.296096,-5.815679,-9.998345,-106.948666,-77.083739,80.214090,70.979462,-25.007787,-2.085058,7.476147
393.000000,78.087085,29.201287,46.712500,169.180083,76.132258,-171.249385,-11.604848,25.016036,-9.010468,100.831542,-29.080893,8.584010,-8.447917,-28.985352,11.439991,99.878662,-25.492132,-0.076864,7.839537,-9.786650,-21.583384,-127.576882,45.977183,-80.214090,78.349264,31.952451,-6.407122,-13.076393,-103.123105,-82.253407,80.214090,70.830605,-25.082724,-2.214364,8.575153
394.000000,77.703345,29.247153,46.618515,168.256296,77.349277,-170.458514,-11.322905,25.355648,-8.516906,98.701862,-28.829402,8.777462,-8.064498,-28.970425,11.437148,97.722283,-25.270631,-0.372109,9.041050,-10.254272,-19.861073,-127.653913,46.500570,-80.214090,78.616413,30.738829,-7.268881,-15.669697,-100.475027,-86.260815,80.214090,70.326551,-23.025316,-2.898842,10.538671
395.000000,77.313721,29.302815,46.574703,167.257101,78.626535,-169.563751,-10.948622,25.582048,-7.807529,96.330434,-28.194259,8.832916,-7.724692,-28.880287,11.293212,95.668219,-24.833202,-0.726251,10.027122,-10.209620,-18.178694,-127.120790,48.080034,-80.214090,77.706195,27.356718,-8.419342,-18.122819,-98.294864,-89.865065,80.214090,69.078443,-18.068147,-4.102496,13.078980
396.000000,76.916057,29.365990,46.573064,166.663411,79.824299,-169.048702,-10.433989,25.861396,-6.836115,93.641941,-27.473912,8.820567,-7.460322,-28.747522,10.849120,93.792342,-24.466450,-0.979241,10.914985,-9.763795,-16.592326,-125.656370,50.631359,-80.214090,75.765649,22.401038,-9.608842,-20.358014,-95.663793,-93.640787,80.214090,66.753303,-13.083238,-5.343767,16.001702
397.000000,76.507401,29.401284,46.609706,166.243728,80.989259,-168.649966,-9.669449,26.277246,-5.679355,90.608005,-26.613689,8.768774,-7.028146,-28.239303,10.194994,91.852322,-23.837476,-0.838164,12.095209,-9.289557,-14.888503,-123.631519,53.594613,-80.214090,73.050526,16.161061,-10.520745,-22.993482,-91.792476,-98.528641,80.166217,63.435942,-10.465919,-6.535987,18.563944
398.000000,76.038992,29.453436,46.613324,166.486470,81.757839,-168.920591,-8.945150,26.728960,-4.209645,87.334740,-25.731457,8.852544,-6.842819,-27.917761,9.213114,89.908778,-23.476322,-0.825592,12.649204,-8.290560,-13.582491,-121.011978,57.167454,-80.214090,70.399320,11.770168,-11.146293,-25.258793,-88.987953,-102.182751,79.975177,60.646240,-7.971907,-7.147858,20.537365
399.000000,75.596035,29.519290,46.644825,167.437430,82.522613,-169.969690,-8.143300,27.176300,-2.775309,83.701421,-24.232131,8.712085,-6.664721,-27.629754,8.193371,87.640254,-22.919659,-0.703692,13.003762,-6.776832,-12.348771,-117.456714,61.720451,-80.214090,66.479816,8.898446,-12.085140,-26.770763,-86.436850,-105.634046,79.809108,56.949359,-5.151427,-8.076201,22.084947
400.000000,75.176698,29.580185,46.709099,169.448610,83.380175,-172.187140,-7.292990,27.456015,-1.587353,79.627957,-21.946262,8.245097,-6.398553,-27.378467,7.132554,84.774382,-22.135193,-0.614370,12.678656,-4.787885,-10.730915,-113.107338,67.720363,-80.214090,61.844583,4.166781,-12.443266,-27.274851,-83.102242,-109.031491,78.076855,52.227031,-2.646988,-9.053745,23.559530
401.000000,74.776691,29.680583,46.801725,172.464317,84.332363,-175.326350,-6.550543,27.410540,-0.705169,75.064325,-19.661154,7.573793,-5.851657,-27.359072,5.779920,81.048944,-21.233634,-0.508717,13.498884,-0.812778,-6.609768,-110.131930,75.379723,-80.214090,55.149413,-2.027182,-12.268369,-28.078110,-63.556864,-121.577572,57.923754,41.124607,3.907218,-9.381027,27.800063
402.000000,74.367481,29.827803,46.825761,178.997440,85.096705,177.906612,-5.840283,27.365914,0.335163,69.867569,-17.856913,7.141474,-5.231069,-26.708070,4.568334,76.357697,-20.351706,-0.060759,9.715347,5.611266,-5.415449,-103.227306,84.994212,-80.214090,50.190931,-9.842765,-12.223657,-31.015722,-30.379701,-129.001441,24.627883,34.595970,11.454627,-8.177080,35.037197
403.000000,73.990810,29.906899,46.833253,-174.363113,85.374231,171.271768,-5.844199,27.101262,1.038547,64.021296,-16.233818,6.598575,-4.835251,-26.279421,3.021527,70.922171,-19.458299,0.419200,4.319445,7.924523,-5.905231,-94.756225,93.289217,-80.214090,44.846131,-18.319322,-11.568811,-31.853017,-11.296812,-129.001441,7.068033,31.105689,16.233072,-7.719681,37.804827
404.000000,73.636812,29.978874,46.946573,-170.979971,85.412966,167.758409,-6.163521,27.009455,2.391294,57.740917,-15.189666,6.112073,-5.063097,-26.500492,1.538303,65.353504,-18.788262,0.778096,2.055457,8.661927,-5.893048,-89.370594,97.616189,-80.214090,39.040350,-24.292194,-11.542324,-31.784941,-5.636334,-128.903059,3.351646,25.819240,23.330019,-7.283857,38.377511
405.000000,73.263335,30.016631,47.078511,-166.958159,85.411994,163.742261,-6.326566,27.010929,3.991724,50.611388,-13.761702,5.767794,-5.094579,-25.938415,0.563273,59.324168,-17.788589,1.668310,0.523457,8.208634,-6.095739,-85.166141,100.851390,-80.214090,31.680443,-28.285827,-12.034085,-31.140885,-2.678690,-125.686942,2.149483,20.261529,26.153687,-8.134094,37.588652
406.000000,72.799623,30.008882,47.188368,-163.443191,85.314215,160.369181,-6.343299,26.664697,5.587526,42.706178,-11.512151,5.353749,-4.934194,-24.582168,0.292825,52.750620,-16.529169,3.115901,-0.256591,7.049565,-6.593153,-82.411580,102.346601,-80.214090,24.445812,-33.975888,-12.305507,-29.123882,-1.150210,-120.786172,2.031869,15.373012,30.049246,-8.662354,35.803247
407.000000,72.239321,30.007529,47.275880,-158.858844,85.218678,155.636776,-6.280354,25.688478,6.484263,35.262231,-9.186735,4.333387,-4.845625,-23.390662,-0.213369,46.014284,-15.640887,4.026770,-0.419963,5.731588,-7.189621,-80.901712,102.529097,-80.214090,17.659063,-39.761458,-13.130908,-25.629718,-0.347909,-115.496313,2.150528,10.583256,34.055460,-9.591636,32.952647
408.000000,71.653146,30.004281,47.393388,-153.471622,85.437377,149.852705,-6.036214,24.104433,6.685840,28.729463,-7.251569,2.844231,-4.671472,-22.646599,-1.209696,39.434804,-14.604736,4.485726,-0.301110,4.067557,-7.993386,-80.346398,102.040158,-80.186469,10.213066,-44.966544,-14.272263,-21.305950,0.233008,-110.072569,2.336971,4.923803,36.453099,-11.020274,29.885510
409.000000,71.030003,29.939482,47.454956,-148.881763,85.876944,144.966228,-5.811702,22.264419,7.136865,23.377198,-5.885238,1.546203,-4.257606,-21.866292,-2.511106,32.957145,-13.305175,5.054792,0.021120,1.890540,-9.022350,-80.216433,100.102856,-79.191570,2.959406,-49.605813,-15.246485,-16.687516,0.485708,-104.018795,2.345186,-1.637757,38.930442,-12.720240,26.307857
410.000000,70.355821,29.790559,47.424814,-144.746374,86.472017,140.847433,-5.667141,20.114260,7.704145,18.993754,-4.609921,0.345582,-3.780028,-20.367458,-3.119539,26.797330,-12.383711,5.815481,0.253827,-0.364074,-10.010062,-79.663700,96.977881,-76.530077,-3.789759,-53.113067,-16.078547,-11.982618,-0.020011,-97.822898,2.171417,-9.146767,41.738804,-14.058858,22.632704
411.000000,69.656122,29.615328,47.282040,-138.524444,87.219110,134.883664,-5.520523,17.331912,7.280576,15.292643,-3.335668,-0.916008,-3.457175,-18.061706,-2.239033,21.504482,-11.355137,6.837719,0.653424,-2.242319,-10.815800,-78.058134,92.287583,-71.925799,-9.828721,-54.482739,-17.127504,-7.227727,-1.817430,-92.265146,2.195452,-17.460421,44.612002,-15.016034,19.042916
412.000000,68.956858,29.441789,47.101396,-123.844894,87.995221,120.637124,-5.283776,14.549729,7.022703,12.041268,-2.229486,-2.289254,-3.282244,-15.550406,-1.071202,17.269259,-10.451351,7.998457,1.381804,-3.379317,-11.435288,-74.926007,85.860286,-65.556422,-15.069916,-53.788180,-18.365617,-1.720406,-5.476971,-87.730119,2.883002,-25.891528,46.627417,-16.062383,14.763910
413.000000,68.322212,29.362348,47.001198,-85.475285,88.294056,82.674217,-4.581746,12.113362,6.764350,8.540676,-1.007768,-3.753867,-2.959747,-13.304985,-1.128760,13.478259,-9.388909,9.246555,1.682915,-0.902913,-12.597187,-58.829136,77.776675,-47.432597,-22.923578,-48.105282,-17.488727,7.582984,-17.982218,-86.162713,13.139021,-35.214553,47.411717,-15.888944,5.959734
414.000000,67.560881,29.305029,45.321244,-67.970982,88.087297,64.956717,-2.158177,9.688916,8.756262,5.038515,-3.588479,-4.255321,-0.370604,-11.265113,-4.120869,8.061153,-9.638335,8.965909,2.309716,-0.456801,-15.771289,-60.647531,71.065721,-44.695457,-27.145255,-49.541835,-17.478077,12.568347,-26.008821,-83.547816,16.614008,-42.143958,50.456325,-18.517618,-0.319819
415.000000,67.060345,29.219836,45.133588,-41.718125,87.340157,38.876787,-1.678161,7.857334,9.898558,4.028584,-3.368793,-3.892714,-0.147332,-9.834892,-6.287695,6.530288,-9.116113,9.125348,2.508444,-0.816366,-16.744788,-63.184106,63.471705,-43.103295,-30.370303,-47.250873,-17.894452,17.797747,-35.424592,-76.602894,21.792536,-46.436274,49.008277,-19.513709,-7.731702
416.000000,66.632146,29.119259,45.012742,-30.703635,86.544934,28.033380,-1.165417,6.221918,11.174953,3.586207,-2.937620,-3.632043,0.064526,-8.566046,-8.342332,5.772735,-9.029996,9.039060,2.031003,-0.939590,-17.936300,-65.950715,56.836255,-42.097509,-32.680222,-45.105237,-18.180097,22.804477,-45.076629,-67.672872,27.587064,-47.918422,47.166182,-19.460076,-14.424251
417.000000,66.268200,29.024810,44.958448,-26.113174,85.951601,23.709055,-0.740644,4.630897,11.598716,3.700126,-2.170952,-3.634422,0.375854,-7.340526,-9.241472,5.536886,-8.936778,8.972675,1.202532,-0.629650,-19.109264,-68.980539,50.973118,-40.337974,-33.826474,-43.657459,-18.207886,27.066317,-53.537297,-58.705483,31.623226,-47.175936,44.732753,-19.318167,-19.715601
418.000000,65.956759,28.944594,44.949505,-24.805600,85.616225,22.486380,-0.302106,3.354167,12.026043,4.415616,-1.325676,-3.967692,0.903745,-6.384359,-10.061166,5.777055,-8.828805,9.025125,0.837451,-0.273111,-20.239007,-72.113909,45.550713,-37.949911,-33.659141,-42.934456,-18.858861,31.301548,-59.254978,-51.295643,32.427723,-45.533606,42.260030,-19.591404,-23.841863
419.000000,65.763217,28.906786,45.077875,-27.805761,85.768949,25.445878,0.058345,2.400574,12.170901,5.146224,0.274399,-4.458468,1.514210,-5.768172,-10.708736,6.299059,-8.619161,8.970459,0.590404,0.354337,-21.453932,-75.792902,40.928594,-35.913435,-32.772699,-40.545697,-18.905981,36.507658,-64.360012,-43.967796,33.362756,-43.284579,39.595047,-18.969264,-27.747725
420.000000,65.714639,28.916088,45.284063,-34.153731,85.968550,31.535535,0.631821,2.016022,12.297150,6.567539,2.005685,-6.258395,2.397316,-5.413800,-10.721012,7.664149,-8.747907,9.608865,0.642949,1.292690,-22.143656,-78.316424,36.822011,-35.469179,-32.132403,-36.924122,-19.221231,38.946821,-67.451752,-37.173199,34.092391,-41.935149,38.456673,-18.832095,-31.565504
421.000000,65.853417,28.968054,45.630664,-46.643820,86.620176,43.588338,1.225890,1.846491,12.609508,8.032311,2.945494,-6.738426,3.328144,-5.660332,-11.327007,9.249499,-7.959232,9.221435,0.916573,1.987089,-23.878196,-81.539147,34.516597,-35.815063,-30.739628,-36.946880,-19.112865,41.971352,-70.046117,-32.656446,33.887232,-40.498876,37.837677,-18.846925,-34.416999
422.000000,66.414350,29.095581,47.021824,-54.338855,86.664372,51.089225,0.624846,2.540157,12.977275,12.562382,4.129933,-7.177698,2.884110,-6.815847,-11.715934,14.765078,-7.345570,8.581916,1.107858,2.926840,-23.966867,-83.270040,33.753081,-36.490549,-29.679067,-38.445113,-19.048706,43.657763,-70.667582,-30.834701,33.153055,-39.492669,35.815623,-18.448918,-36.462162
423.000000,67.055804,29.222897,47.252312,-80.695095,86.776118,76.920541,1.033111,3.514079,13.990889,16.495824,4.019008,-7.566300,3.775161,-7.974347,-13.319465,19.782313,-7.700359,7.270072,1.328140,3.622518,-25.909653,-86.979488,33.717768,-37.856078,-26.909168,-41.649780,-18.911952,44.563965,-72.765017,-29.309882,32.323877,-37.436359,36.461268,-18.678508,-37.860613
424.000000,67.929924,29.370564,47.308254,-104.852219,86.132269,100.589114,1.199121,4.829390,15.139907,21.944827,2.975085,-7.258528,4.507551,-9.484261,-15.156224,26.840531,-8.838864,5.329805,1.825212,4.549787,-27.393888,-90.913479,33.523849,-38.783252,-22.266062,-43.357259,-18.727773,45.135891,-75.883313,-28.523425,33.018234,-33.733348,39.729482,-19.464082,-39.123686
425.000000,68.914133,29.505178,47.114915,-113.790701,85.350233,109.443928,1.638622,6.433800,16.369025,29.531911,0.847762,-6.471917,5.375392,-10.740830,-15.606596,36.133559,-11.033151,3.307908,2.224294,4.955137,-28.206058,-94.780609,31.745845,-39.469672,-15.831014,-46.179087,-19.589666,45.856254,-79.473062,-27.710262,33.048273,-27.629314,41.547914,-20.312650,-39.724722
426.000000,69.851631,29.577893,46.755853,-117.617311,85.029678,113.325743,2.011697,8.310852,17.742168,39.868371,-2.895391,-5.340101,5.926438,-12.434395,-15.407674,47.836302,-14.268223,1.669484,2.158945,5.197489,-28.330885,-99.088799,30.667840,-40.235637,-7.614473,-49.493542,-20.153675,45.432677,-84.459360,-27.188517,32.482146,-18.873011,42.396852,-21.020764,-39.213110
427.000000,70.633370,29.631710,46.372682,-120.310225,85.104632,116.137913,2.174603,10.751911,19.039426,52.712706,-7.936318,-3.354654,6.192175,-14.697336,-14.881536,61.179405,-18.123781,0.368499,1.759386,5.300243,-27.218985,-105.336147,31.196797,-42.651741,2.977606,-50.435988,-20.948528,45.188911,-91.486177,-27.889098,32.886978,-7.419423,44.467585,-21.589825,-38.136805
428.000000,71.335232,29.632872,46.025902,-123.578779,85.285897,119.771419,2.315625,13.831261,19.501471,66.407218,-13.307834,-0.738764,6.367614,-16.350189,-13.441357,74.453802,-21.658450,-0.383122,1.160831,5.416432,-26.097132,-111.451557,32.085237,-46.519117,14.749990,-52.950283,-20.288671,44.057934,-98.866012,-29.546418,35.381582,5.553230,47.887136,-21.233766,-37.983522
429.000000,72.083127,29.600430,45.753765,-129.404423,85.293771,126.033914,2.021608,16.941094,18.183866,79.835226,-18.690796,1.772644,6.194070,-17.226014,-11.155501,87.107288,-24.857087,-0.121910,0.978909,5.001170,-24.569171,-118.325514,31.977597,-52.184346,27.507187,-55.893630,-17.296768,41.372764,-106.656150,-32.634005,40.452786,19.346337,54.498499,-21.007690,-36.431450
430.000000,73.034817,29.566711,45.575738,-134.893289,84.988469,131.850010,1.120260,19.994259,15.007652,92.122723,-23.940119,3.815993,5.614765,-18.009114,-8.273633,98.962256,-27.502341,0.005100,1.327838,4.655519,-23.154469,-124.551546,31.820827,-59.175973,39.902699,-55.106161,-13.297712,37.946479,-114.296276,-35.868776,47.336524,33.175612,60.377342,-17.441532,-31.567225
431.000000,74.221951,29.501244,45.535928,-140.787127,84.516629,137.967733,-0.624791,23.298781,10.389491,102.834283,-28.533795,5.390992,4.174780,-19.309179,-4.401157,109.627569,-29.326910,-0.514278,0.717349,4.614541,-21.682967,-130.360990,33.495097,-70.506492,50.274478,-51.444254,-9.769313,33.129249,-122.961232,-37.642467,58.461276,47.469279,58.089728,-10.519419,-26.040436
432.000000,75.569737,29.422647,45.652136,-147.633188,83.868021,144.890226,-3.672022,26.721612,4.272046,111.555560,-32.412106,6.754004,1.320922,-21.219326,0.830357,117.990220,-30.345451,-1.212470,1.531351,5.206368,-20.252112,-134.853261,35.645268,-80.214090,58.248181,-43.496123,-6.376478,25.755708,-131.278381,-37.644984,74.328250,60.187682,48.553059,-3.263887,-17.027117
433.000000,76.815099,29.319018,45.785883,-153.060211,83.711849,150.442188,-6.730032,30.311328,-2.636790,116.831328,-35.688514,8.226649,-1.293334,-24.282560,6.840660,122.037285,-31.107328,-1.918472,2.641836,5.254488,-20.525268,-132.736216,36.547649,-80.214090,63.676057,-29.094263,-4.359312,19.873651,-131.179206,-37.340747,80.214090,67.177267,35.428441,0.513876,-9.899295
434.000000,77.689850,29.223350,45.985162,-160.604260,83.590691,158.164333,-10.076156,33.831044,-9.278264,118.015970,-38.068083,9.626761,-4.051016,-28.786447,12.801990,121.458467,-31.771735,-2.635362,2.455128,4.631220,-20.254381,-130.361100,37.522549,-80.214090,67.157528,-21.208815,-4.013171,19.323829,-129.531259,-37.629896,80.214090,70.268071,30.946668,0.043183,-10.301006
435.000000,78.238112,29.189199,46.281382,-168.637246,83.181170,166.422312,-13.260380,37.136463,-14.294267,115.206303,-39.564291,11.311442,-7.016280,-33.610845,17.570592,117.082461,-31.744605,-3.223325,2.143304,4.069581,-20.054284,-127.920660,39.167313,-80.214090,69.344042,-16.071575,-3.777569,17.546648,-128.054736,-38.555725,80.214090,71.920130,27.664708,-1.314415,-9.696913
436.000000,78.687352,29.270077,46.681044,-174.694853,82.561064,172.773885,-15.382554,39.082069,-17.183424,109.207116,-39.146553,12.986310,-9.893589,-37.885680,20.605897,110.137340,-30.050421,-3.902372,1.182693,3.292576,-19.724359,-125.829146,40.848991,-80.214090,71.237077,-14.003477,-4.241454,16.580918,-126.627049,-40.154740,80.214090,74.263172,19.470620,-1.779507,-7.219584
437.000000,78.974032,29.335493,47.051954,-178.154377,81.534721,176.397753,-15.788645,39.343403,-18.190522,100.860263,-36.657373,13.446018,-11.802883,-40.244752,22.032616,101.538548,-26.985572,-3.963315,0.572044,3.015323,-19.252394,-124.548745,42.823193,-80.214090,73.667483,-12.771958,-4.997884,16.336020,-126.075443,-41.768891,80.214090,77.147458,14.720372,-2.272797,-5.219040
438.000000,79.215944,29.417774,47.421083,-179.882334,80.774000,178.233412,-14.689826,38.431712,-18.046816,91.006001,-32.258137,13.344050,-12.246925,-40.910070,22.328930,91.685270,-23.420621,-3.826294,0.168031,3.211921,-18.437435,-122.957516,45.287822,-80.214090,76.071649,-10.938113,-5.945829,16.549734,-125.431028,-43.544911,80.214090,79.598827,13.905562,-3.357061,-4.641095
439.000000,79.338312,29.442567,47.818553,179.156267,80.039235,179.239044,-13.234498,36.908484,-17.403534,80.076899,-27.451063,13.039228,-11.933886,-40.063168,22.102478,81.026015,-17.606001,-2.913564,-0.710251,2.818460,-17.349490,-121.818732,47.549325,-80.214090,78.129325,-9.559290,-6.606913,16.190139,-123.944765,-46.209232,80.214090,81.802812,11.220642,-4.047089,-3.348374
440.000000,79.171598,29.356778,48.313689,179.384112,79.085710,178.964617,-12.235696,35.479544,-16.594529,68.048314,-20.750543,11.739675,-11.989684,-38.602330,21.192289,70.030899,-11.753687,-1.555568,-1.509541,1.926155,-16.017634,-122.224405,48.811038,-80.214090,80.492646,-8.301537,-7.280443,15.068557,-122.579411,-49.360319,80.214090,83.924857,9.566122,-4.235946,-1.763690
441.000000,79.019988,29.272133,48.782092,-179.614889,77.934994,178.042522,-11.778708,33.960455,-15.271992,55.017256,-14.631826,10.181424,-12.139285,-36.865809,18.517159,57.948691,-8.973756,-0.709366,-0.896457,1.252893,-15.662776,-121.799307,48.981366,-80.214090,82.178159,-10.278740,-7.649709,14.688725,-120.448692,-53.247636,80.214090,84.482453,12.345014,-4.726156,-1.883657
442.000000,78.592080,29.269755,49.164930,-179.413943,76.938941,177.655541,-11.050959,31.311121,-13.932096,42.109523,-10.758842,8.066114,-12.028071,-34.892001,14.956043,45.144907,-5.383087,0.840277,0.183287,0.720036,-15.436258,-120.296475,49.323180,-80.214090,82.951999,-13.479165,-8.055616,14.771392,-117.790150,-56.727057,80.214090,84.231505,16.303755,-5.258605,-2.575330
443.000000,77.722687,29.255283,49.402907,-179.983255,76.757494,177.919104,-9.851972,27.763722,-13.272364,30.466810,-5.922279,5.290823,-11.051461,-32.167677,11.818730,32.936617,0.334973,3.570709,0.862376,-0.267821,-14.810997,-119.152828,48.999456,-80.214090,84.326403,-14.623741,-8.520384,14.539118,-114.658481,-59.830299,80.214090,83.893786,18.324779,-5.538631,-2.013292
444.000000,76.692551,29.189646,49.350828,178.534712,77.476445,179.396980,-8.778852,23.373505,-13.047544,21.434020,-1.244231,2.682972,-9.401731,-28.211442,10.113958,22.722084,4.756794,6.871164,0.986744,-1.461790,-13.591396,-119.355029,47.657860,-80.214090,86.592496,-15.974957,-9.055946,14.769249,-112.751793,-61.994478,80.214090,83.653036,21.086864,-5.445272,-0.928806
445.000000,75.640863,29.110464,49.040818,176.028807,78.923268,-177.770656,-8.109093,18.450562,-12.256545,15.352278,1.987202,0.614305,-7.967136,-23.816687,8.894305,15.441569,6.687707,9.659321,0.746270,-2.371383,-11.760857,-120.089848,46.424768,-80.214090,89.495306,-17.670691,-9.259953,13.572586,-112.338935,-63.086441,80.214090,83.634328,26.074556,-4.853725,0.738601
446.000000,74.559766,29.082620,48.533383,172.325498,80.874574,-173.654649,-7.719614,13.707265,-10.359524,11.536119,4.437311,-1.329241,-7.066322,-19.704017,6.904478,11.035012,9.144432,12.026778,0.362774,-3.123285,-9.727403,-120.473131,46.001327,-80.214090,91.480842,-20.704274,-9.459715,12.266002,-111.852250,-63.574970,80.214090,83.689147,29.620854,-4.023045,2.668880
447.000000,73.475075,29.054821,47.700012,168.277261,82.794268,-169.003925,-7.899203,9.865910,-7.868640,9.369271,6.383790,-1.682967,-6.647853,-15.727634,4.930495,8.687112,11.132549,12.859596,0.243063,-3.181006,-8.316519,-119.337106,46.313013,-78.534867,91.021191,-23.121594,-9.745286,11.903361,-110.917669,-63.800408,80.214090,82.984893,30.799936,-3.760504,3.672717
448.000000,72.522169,29.075691,47.282472,160.454513,85.091221,-160.737121,-8.227420,6.837617,-5.161846,7.336943,7.787600,-0.794547,-6.652771,-12.530750,2.742416,6.857118,12.470535,13.007090,0.493820,-2.824280,-6.845600,-116.423894,47.364896,-77.232330,87.723234,-24.901606,-10.452451,11.039348,-108.994581,-64.258051,80.101460,80.376389,31.650875,-4.209023,4.351554
449.000000,71.410048,29.084802,45.605645,134.279708,87.633733,-134.694880,-5.372129,4.147366,-0.416763,3.939999,6.353184,-0.339288,-3.582387,-9.279553,-0.496007,3.729474,10.350897,12.774730,0.681607,-2.542755,-6.971559,-112.301574,50.412735,-75.703413,79.607378,-27.548644,-11.330665,10.697399,-105.699937,-65.764333,79.394727,73.727145,33.606453,-5.086419,4.495841
450.000000,70.411515,29.108959,45.260587,53.277415,88.059813,-53.753868,-4.926723,2.030195,0.310815,2.457534,7.067282,-1.422289,-2.830581,-6.310550,0.098385,2.630696,10.373929,13.629431,0.751651,-2.097122,-5.628617,-107.749895,53.348555,-73.651064,70.512216,-30.337890,-12.367178,11.222902,-101.327994,-67.416904,77.976657,65.320173,35.925928,-6.371951,3.824441
451.000000,69.534892,29.128072,45.020184,24.849692,86.388312,-25.493960,-4.838841,0.557474,0.366673,1.568699,7.923241,-1.639206,-2.333465,-4.288327,1.330370,2.087863,10.717315,13.821943,0.909807,-1.884933,-4.667002,-102.789702,55.852113,-70.499771,60.575507,-34.532180,-13.189055,12.374336,-96.415121,-69.376574,75.816623,55.300671,38.756204,-7.730681,2.995514
452.000000,68.811476,29.112917,44.836268,18.078858,85.135712,-18.857797,-4.635022,0.184389,3.094466,0.677274,7.468263,-1.475644,-1.928168,-3.425111,0.630750,1.639008,10.463642,13.965888,1.208901,-1.606231,-4.439877,-94.920751,58.572697,-65.470983,47.084059,-39.912149,-14.115642,17.368160,-88.835080,-72.488723,71.457760,41.728832,42.353638,-9.110576,-0.390859
453.000000,68.156791,29.120642,44.660276,14.343147,83.865190,-15.479815,-4.271130,0.180875,4.927453,0.775655,6.023763,-1.420603,-1.584772,-3.313297,-0.552236,2.090457,9.822416,14.082269,1.449594,-1.372592,-3.896371,-91.327962,58.103661,-63.349158,39.237722,-43.133256,-15.541517,19.065698,-85.486846,-71.848925,69.204604,33.543438,45.366591,-10.771079,-1.361940
454.000000,67.705745,29.132608,44.496271,12.168258,83.474761,-13.327218,-3.913788,0.529564,5.884762,-0.269859,4.481149,-1.278311,-1.333515,-3.642260,-2.576390,1.346578,8.785966,14.254919,1.323756,-0.758444,-4.526225,-81.963957,60.159002,-58.262675,23.662897,-44.379731,-17.080843,24.659124,-76.104310,-73.696020,62.856885,18.346600,45.463450,-12.699179,-6.244564
455.000000,67.362469,29.131982,44.370514,10.825120,82.758137,-12.103144,-3.456213,1.066996,7.506749,0.269042,2.860204,-0.901766,-1.237163,-4.120544,-3.184214,1.775626,7.949841,13.877464,1.211811,-0.530841,-4.348007,-79.497036,58.436981,-57.226149,16.074883,-45.948578,-18.440635,25.907041,-73.310019,-71.483264,60.702336,10.710733,46.612551,-14.454623,-7.906665
456.000000,67.174345,29.131189,44.288418,9.525780,82.461260,-10.882130,-3.048221,1.516687,7.978919,0.499765,2.488499,-0.671790,-1.206570,-4.338105,-3.027660,1.761373,7.294781,13.650808,1.017857,-0.200876,-4.390492,-77.010301,57.188221,-56.287702,7.422546,-46.190975,-19.657336,27.391618,-69.875301,-69.262449,58.263856,2.074879,46.986514,-16.219876,-10.667144
457.000000,67.110258,29.138279,44.232634,8.543546,82.362535,-10.010955,-2.686139,1.644122,7.416616,0.577119,1.950516,-0.569357,-1.225356,-4.447534,-2.760666,1.835282,6.499787,13.613184,0.829531,0.016855,-4.604809,-75.089529,55.950885,-55.960057,-1.205240,-45.201335,-20.582579,29.001683,-66.507253,-66.738858,55.987853,-6.649698,46.382322,-17.512984,-13.625058
458.000000,67.155403,29.149264,44.211176,8.164614,82.423078,-9.712267,-2.494077,1.428951,6.270574,0.651314,0.895827,-0.446133,-1.332547,-4.536005,-2.510407,1.985342,5.768012,13.644666,0.696173,0.002884,-5.131904,-74.284926,54.601444,-56.251392,-9.013309,-43.038545,-21.125845,30.384079,-63.897164,-64.291635,54.356602,-15.088306,45.410345,-18.408859,-16.480447
459.000000,67.304230,29.160580,44.232351,7.838990,82.611389,-9.422051,-2.469054,1.181815,5.598093,0.953014,0.233080,-0.428017,-1.544436,-4.591582,-2.406068,2.174118,5.205715,13.481248,0.583074,-0.159640,-5.892536,-73.851065,52.412666,-56.430576,-15.806714,-41.729905,-21.281529,32.117513,-62.309869,-61.574545,53.110127,-22.621341,44.090422,-19.388289,-19.924884
460.000000,67.525411,29.180276,44.272432,7.120323,82.902197,-8.731732,-2.536716,0.995250,5.535485,1.418944,0.401816,-0.559914,-1.843536,-4.521332,-2.409870,2.401027,4.724262,13.103862,0.489388,-0.231758,-6.879614,-73.804900,50.282049,-56.424862,-21.661412,-40.177693,-21.299750,33.508580,-61.801915,-58.633534,52.081555,-29.058473,41.801318,-20.138213,-23.444735
461.000000,67.776972,29.202726,44.326875,6.843193,83.247116,-8.457401,-2.587849,0.657055,5.555096,1.913658,0.411030,-0.837075,-2.157587,-4.377629,-2.157612,2.597699,4.315052,13.001126,0.241501,-0.323532,-8.046841,-73.693827,48.365164,-56.048194,-26.984438,-39.183132,-21.138631,34.342693,-62.213263,-55.444074,51.200345,-34.566201,39.211897,-20.445971,-26.674356
462.000000,68.039376,29.215038,44.408771,6.532007,83.651182,-8.109120,-2.586218,0.324221,5.614562,2.448009,0.406573,-1.418325,-2.394708,-4.173482,-1.776446,2.767115,3.793645,13.111314,-0.095441,-0.306527,-9.369969,-73.432218,46.526661,-54.692467,-31.144901,-37.539601,-22.071903,37.378340,-63.120927,-52.004948,50.097498,-39.056497,36.871772,-21.093494,-30.518924
463.000000,68.327975,29.221913,44.556668,6.053720,84.162773,-7.598556,-2.604991,0.044773,5.482027,3.053913,0.765946,-1.722527,-2.538469,-3.970865,-1.352248,3.124640,3.253758,12.879371,-0.494969,-0.256237,-10.855761,-73.552053,44.794737,-52.235846,-33.965404,-33.668147,-22.977877,41.521495,-63.688509,-48.473613,48.875703,-42.354594,34.741504,-21.400999,-33.915472
464.000000,68.613982,29.218388,44.751292,5.991215,84.841680,-7.475968,-2.583491,-0.168283,5.635272,3.721567,1.398544,-1.639108,-2.494774,-3.907824,-1.217518,3.730870,3.067236,12.585511,-0.787619,-0.178355,-12.621440,-73.905959,42.776334,-49.809394,-36.247544,-29.707816,-23.092839,44.885292,-64.307160,-45.006705,47.313140,-44.885698,32.381169,-21.535803,-36.123569
465.000000,68.865758,29.203337,44.983214,6.404403,85.713287,-7.802841,-2.346320,-0.129840,6.740347,4.367599,1.762314,-1.765290,-2.156822,-4.109988,-1.814574,4.427841,3.379130,12.556922,-0.875120,-0.128674,-14.722715,-74.408982,40.415524,-47.614184,-38.044082,-26.551264,-22.626825,47.166660,-65.073869,-41.804695,45.601437,-46.645097,29.996070,-21.441968,-37.769461
466.000000,69.071323,29.209751,45.266175,5.761950,86.771713,-7.306046,-1.952094,0.097873,7.905643,5.017682,2.459940,-1.767476,-1.465220,-4.511806,-3.022899,5.081355,3.046190,12.391573,-0.673496,0.010928,-17.004550,-74.972589,37.943528,-45.273492,-39.141663,-24.840056,-22.231590,48.619103,-65.862496,-39.035433,43.917471,-47.723925,28.505603,-21.289695,-39.270606
467.000000,69.228005,29.223189,45.618105,1.366839,88.099570,-3.095411,-1.329757,0.661920,9.827167,5.713045,2.719891,-2.133872,-0.477590,-5.065079,-4.795895,5.960730,1.901051,12.166839,-0.472671,0.315952,-19.482903,-75.775157,35.608146,-42.585202,-39.191885,-24.095442,-21.575126,48.929877,-66.951591,-36.801920,41.750928,-47.952791,27.479350,-20.881623,-39.876106
468.000000,69.398302,29.232463,46.040505,-64.228732,89.689952,62.260646,-0.674694,1.422728,12.350045,6.892364,3.107118,-2.504996,0.581165,-5.885629,-7.409969,7.439481,0.995013,11.932752,-0.270404,0.762820,-22.270899,-76.855467,33.054629,-39.878155,-38.390034,-24.440577,-20.456268,48.780494,-68.173682,-34.656168,39.527712,-47.579016,27.434549,-19.900069,-39.711867
469.000000,69.689530,29.237825,46.472830,-160.991324,88.160694,158.641744,0.274374,2.166952,14.853961,9.202728,3.968256,-2.660849,2.002499,-6.942548,-10.218344,9.727582,0.687834,10.850034,-0.049726,1.214065,-25.086224,-78.822589,30.617313,-37.549262,-36.493892,-26.617020,-19.659793,48.423862,-70.002424,-32.324212,37.386888,-46.067734,29.000908,-19.224136,-39.430037
470.000000,70.375544,29.256305,47.731838,-160.888551,87.114865,158.480564,-0.268708,3.642206,16.351734,16.497458,4.743153,-2.908997,1.674895,-8.850645,-12.408929,17.589187,-0.190624,9.083155,-0.061195,1.956901,-25.751691,-81.076306,28.821619,-34.876531,-33.656607,-28.635676,-19.453139,47.584347,-71.390011,-30.513443,35.088885,-44.302315,30.812107,-19.099285,-38.230884
471.000000,70.941800,29.278684,47.684455,-163.924191,85.632001,161.293023,0.616988,4.738127,18.436002,24.225373,2.913123,-2.928146,3.119540,-10.335854,-14.018048,24.771076,-2.308732,7.620297,-0.004171,2.418193,-27.867252,-86.190485,27.243292,-33.347541,-27.505933,-30.573928,-19.428261,47.538410,-75.314269,-28.778773,32.975617,-39.324923,32.155639,-19.430228,-37.997978
472.000000,71.573442,29.258204,47.365603,-163.947917,84.870191,161.334750,1.768130,6.579896,20.648236,35.183643,-0.607465,-2.220772,4.790244,-11.735989,-14.561417,34.714173,-5.366416,6.303410,0.092702,2.422149,-29.129490,-92.667205,25.804477,-33.203609,-18.924871,-32.544000,-20.428852,48.185202,-80.210217,-28.127009,31.391997,-31.923884,33.217577,-20.162703,-39.305515
473.000000,72.104931,29.202020,46.900249,-160.729923,85.001225,158.463265,3.213349,9.691717,22.537051,49.563958,-5.753666,-0.581151,6.424115,-12.936532,-13.954899,48.066937,-9.657344,4.931903,-0.222959,3.034675,-28.738280,-98.719845,25.977305,-33.495326,-9.798732,-36.190362,-21.249946,48.807289,-86.170609,-27.709579,31.173540,-22.934254,36.027137,-20.685143,-40.407119
474.000000,72.401083,29.090831,46.408236,-153.802288,85.389002,151.952700,4.406979,13.308140,22.366165,65.719110,-11.592172,1.076052,7.575243,-13.706429,-12.307781,63.623185,-14.241291,3.669922,-0.596026,3.676497,-27.659500,-105.043269,26.737914,-35.382391,1.013969,-39.292391,-21.434838,49.347649,-92.167092,-27.825489,31.791894,-12.495858,40.466897,-21.796136,-40.714665
475.000000,72.619873,28.987131,45.981658,-142.998524,85.422656,141.339370,4.928841,15.964655,19.341416,81.260058,-17.330510,1.450893,8.092435,-13.944198,-9.657644,79.708062,-18.641258,2.538547,-0.936505,4.605046,-26.136535,-112.209995,27.973612,-39.035200,13.808581,-43.760605,-20.569468,47.741486,-99.541456,-28.858871,33.564677,0.656823,45.285250,-21.793681,-40.932040
476.000000,72.973466,28.930861,45.631203,-133.563553,85.354150,132.062113,4.978429,16.935883,14.368681,94.644237,-22.229124,0.949800,8.312674,-13.577090,-5.775733,94.765992,-22.186888,2.448453,-1.108726,5.193954,-23.937697,-119.573745,28.990625,-45.057829,27.257794,-49.256042,-18.892795,44.427167,-107.442912,-31.324955,38.088488,14.899322,51.048134,-21.529424,-40.608900
477.000000,73.681241,28.894380,45.382920,-121.736236,85.034503,120.423337,4.695138,18.662440,8.703831,104.789718,-25.461902,0.827780,8.185227,-13.088436,-1.286071,107.343485,-23.946003,2.065592,0.179255,5.732744,-20.723675,-127.375761,28.837431,-51.789107,40.868423,-52.167957,-15.014375,39.713766,-116.657842,-35.384509,45.344294,30.161791,58.702764,-19.111682,-34.003783
478.000000,74.711519,28.973264,45.258752,-110.096145,84.237335,108.775704,3.621795,23.306258,3.354940,110.016910,-27.175154,2.997608,6.654350,-14.842773,3.489269,115.629434,-24.147606,-0.488487,4.088237,6.952223,-18.134519,-133.747671,27.236161,-58.326694,54.296005,-50.122418,-11.298530,34.180381,-126.443631,-39.998776,58.482047,45.033425,60.726809,-13.352878,-25.867130
479.000000,75.687647,29.095247,45.396942,-110.124451,83.771293,108.824410,0.098362,28.472975,-1.284295,109.640205,-28.321858,7.051803,2.762057,-18.974353,8.708464,118.138189,-23.532903,-3.697402,4.643590,7.667957,-16.191479,-138.412663,28.204809,-69.492107,64.467963,-46.223367,-7.631634,27.752114,-134.838671,-40.104484,72.894299,58.828119,50.173747,-5.805674,-17.457181
480.000000,76.464212,29.151303,45.736372,-121.691672,83.691778,120.660378,-5.178663,31.209641,-4.511848,104.331973,-29.418612,9.403891,-1.840560,-22.415395,12.759532,114.497890,-21.977423,-4.586977,3.373924,6.911911,-15.416200,-139.844490,31.464807,-80.214090,69.487927,-38.076693,-5.313544,20.967197,-137.778344,-39.522306,80.214090,68.528299,34.619773,-1.176117,-7.432418
481.000000,77.088100,29.109097,46.102431,-135.689006,83.305979,134.855414,-10.139521,32.828201,-5.784940,95.881875,-29.616803,10.831343,-5.267830,-24.938390,14.595732,106.601372,-20.233479,-4.218134,3.349172,5.984004,-17.518291,-135.425207,33.765802,-80.214090,72.812351,-21.763880,-3.798645,15.284802,-133.280787,-40.027904,80.214090,73.156059,21.486826,-0.317021,-2.882998
482.000000,77.682465,29.109594,46.589693,-149.407632,82.467190,148.822359,-14.442266,33.749262,-5.677456,86.025495,-27.907065,12.043772,-8.059598,-27.713148,14.888166,96.952630,-17.206025,-3.749779,3.190480,4.830668,-19.145065,-131.420052,36.499667,-80.214090,75.103872,-8.985245,-3.896085,10.777740,-129.549127,-41.866703,80.214090,76.026713,9.574716,-1.053234,0.576381
483.000000,78.101319,29.236001,47.109327,-157.370813,81.217902,156.823824,-16.567519,33.793334,-5.127371,74.999903,-24.737682,12.283044,-10.026112,-30.660012,13.876219,86.885662,-14.194358,-3.823697,2.569949,3.824859,-19.734717,-128.625576,39.669609,-80.214090,76.884277,-2.618193,-4.432412,8.579623,-126.760866,-44.931969,80.214090,78.035560,-0.156871,-2.094112,1.829392
484.000000,78.318357,29.345399,47.599080,-161.881849,79.913606,161.178570,-16.830074,33.340435,-4.939163,63.212342,-20.317103,11.566633,-11.314021,-32.736390,12.628376,77.010376,-11.983470,-3.764699,2.251715,3.378132,-19.974130,-125.707460,43.709932,-80.214090,78.681853,3.180730,-4.909485,6.625228,-123.787685,-48.736098,80.214090,79.609406,-6.129596,-3.015744,1.246334
485.000000,78.377962,29.448360,47.923660,-164.355335,78.932753,163.207740,-15.801081,31.983881,-5.894759,52.108111,-16.221759,10.547826,-11.817095,-33.266317,12.016901,67.686027,-10.275588,-3.117009,1.924863,3.043310,-19.577078,-122.841963,48.219254,-80.214090,80.112259,8.654597,-5.501959,5.565744,-120.363684,-53.202362,80.214090,80.961511,-10.634585,-3.389789,0.749199
486.000000,78.282863,29.542458,48.167750,-165.207863,78.678008,163.410566,-14.341854,30.361997,-7.837146,43.373832,-13.001490,9.471016,-12.005327,-33.204439,12.012298,59.688784,-8.647133,-2.272062,1.815985,2.508715,-18.272827,-120.560038,52.301166,-80.214090,81.512523,12.607737,-5.988203,5.064767,-116.480735,-58.294285,80.214090,81.843274,-13.144756,-3.495472,0.599780
487.000000,78.112644,29.549980,48.292592,-165.627344,79.107674,163.373145,-13.011652,28.857932,-9.807706,37.495297,-10.586831,8.471456,-11.582449,-32.093058,12.952492,53.023158,-7.004026,-1.144243,1.921790,1.975906,-16.167823,-118.735312,55.482081,-80.214090,83.319155,14.987542,-6.144322,3.751299,-112.745195,-63.349110,80.214090,81.990315,-11.967681,-3.750047,0.695152
488.000000,77.822167,29.563853,48.311573,-164.908532,79.962067,162.345776,-12.017114,27.601927,-11.129589,34.090598,-8.931047,7.802791,-11.032643,-30.874282,13.738155,47.793019,-5.775795,-0.435069,2.187465,1.565781,-13.661599,-117.263502,57.799035,-80.214090,84.567181,15.069035,-6.426724,1.205717,-109.336268,-68.104199,80.214090,81.429153,-8.526908,-4.236418,2.230975
489.000000,77.397770,29.596439,48.322418,-163.272282,80.926154,160.750664,-11.528347,26.888786,-10.612844,31.830536,-7.775100,7.237534,-10.401836,-30.294928,12.920898,43.387018,-5.080622,-0.150664,2.502735,1.237078,-11.200619,-115.742965,59.968883,-80.214090,83.876977,12.688683,-7.283439,-1.705136,-105.932074,-72.743775,80.214090,79.673508,-4.243504,-4.980446,4.670485
490.000000,76.798636,29.584524,48.271653,-162.597821,81.754451,160.373318,-11.176888,26.357318,-8.239639,29.529763,-6.752191,6.797346,-9.589714,-29.613484,11.411944,39.249166,-4.088067,0.519716,2.690328,0.821727,-9.155846,-113.925636,62.572306,-80.214090,80.860205,9.048507,-8.560934,-4.178534,-102.201521,-77.324414,80.214090,75.732789,-0.470132,-5.912045,7.227169
491.000000,76.055473,29.520956,48.154727,-161.750985,82.530991,159.578122,-10.395317,25.534874,-5.662676,27.004958,-5.504412,5.913921,-8.813005,-28.413199,9.783506,35.539032,-2.788849,1.529649,2.847682,0.557739,-7.513918,-111.573927,65.850824,-80.214090,75.256424,5.277399,-10.296220,-5.803308,-98.532247,-81.717579,80.214090,69.170077,0.947306,-7.329561,10.109422
492.000000,75.209713,29.460573,48.018438,-160.541929,83.413129,158.221836,-9.411416,24.282702,-3.872421,24.858267,-4.486816,4.954741,-7.772932,-27.014049,7.847203,32.013691,-1.784738,2.690931,2.553016,0.686953,-5.983462,-108.847568,69.982070,-80.214090,67.763707,-1.384352,-11.947515,-5.267702,-96.463492,-84.829508,80.214090,61.580774,5.692259,-8.652238,12.178767
493.000000,74.330294,29.383221,47.937903,-158.561275,84.546784,156.062461,-8.324501,22.964657,-2.695352,23.134611,-3.821705,4.385921,-6.344549,-25.743567,5.498128,28.666949,-1.100491,3.667931,1.432792,1.019400,-4.371894,-105.412536,75.530609,-80.214090,58.546667,-11.003661,-12.687425,-2.948391,-94.936795,-86.455578,80.214090,53.393337,17.196241,-8.399248,12.895418
494.000000,73.381543,29.280895,47.806519,-157.800129,85.487701,155.023089,-7.558672,21.659073,-1.707812,21.863606,-3.464479,4.292480,-5.259374,-24.601564,3.038954,26.171989,-0.848927,4.114733,0.518795,0.447050,-3.387035,-103.143677,79.054631,-80.214090,50.566773,-20.222269,-12.932860,-0.288654,-92.957201,-87.115416,80.214090,46.024355,23.449127,-8.416483,13.398937
495.000000,72.444624,29.178956,47.689527,-155.941480,86.532939,152.967043,-6.756771,20.349043,-0.778103,20.627772,-2.812364,4.261194,-4.133013,-23.400974,1.064272,24.339135,-0.452922,4.657004,-0.292150,-0.485755,-2.726091,-100.854642,81.860767,-80.214090,42.232275,-28.187098,-13.076303,3.315306,-90.898213,-87.769556,80.214090,38.221646,23.552441,-9.144139,13.915505
496.000000,71.524370,29.088888,47.527012,-148.777750,87.492347,145.824441,-5.965557,19.109520,0.306288,19.223733,-2.127047,3.872622,-2.878579,-21.900301,-0.514202,22.845953,-0.253110,5.207104,-0.834847,-0.533614,-2.063259,-96.411904,83.940225,-77.075796,33.991215,-33.367100,-13.569961,5.848211,-89.118853,-88.182919,79.546289,30.525119,27.516353,-9.428765,13.629716
497.000000,70.662355,29.022846,47.400710,-130.501301,88.311232,127.650844,-5.344715,17.825283,1.428130,17.806877,-1.456775,3.354534,-1.683585,-20.332186,-1.833747,21.322399,0.032205,5.655269,-1.018652,-0.348492,-1.207097,-88.013906,84.855893,-68.953225,25.340654,-37.135151,-14.425894,9.429390,-83.488312,-88.726363,74.303620,22.335912,33.719073,-9.590483,11.902878
498.000000,69.860607,28.977326,47.243071,-99.157753,88.697079,96.270871,-4.946092,16.598265,3.020910,16.412439,-0.596423,2.749012,-0.800461,-18.850149,-3.171589,19.651305,0.254967,6.083293,-0.681708,0.114639,-1.464982,-74.457074,83.905329,-56.345591,15.989557,-37.965685,-15.344204,13.376476,-73.635914,-88.975795,65.407783,13.683696,34.688150,-10.506387,9.781380
499.000000,69.123197,28.959370,47.061190,-66.990395,88.599914,64.015034,-4.866837,15.221056,4.633019,15.117719,0.350852,2.047656,-0.272246,-17.235967,-4.152169,17.743488,0.766727,6.595052,-0.428757,0.764155,-1.801316,-63.656257,81.890471,-45.854960,7.252479,-39.653599,-16.053880,14.677064,-65.409416,-88.035961,57.118085,5.681729,35.468332,-11.623397,8.359908
500.000000,68.454361,28.951108,46.771044,-44.439685,88.134845,41.298707,-4.803534,13.459503,5.501534,13.711665,0.921685,1.204298,0.105502,-15.431580,-4.762833,15.745283,0.723398,7.197823,-0.189818,1.451902,-2.134993,-59.507210,79.228220,-40.966163,0.699713,-41.301327,-16.929829,13.283255,-61.810336,-85.702304,52.571044,-0.524998,38.218709,-12.830077,8.034644
501.000000,67.958981,28.975093,46.623638,-31.488184,87.338772,28.188264,-4.710801,11.749073,5.958603,11.627055,1.947597,0.234667,0.291429,-13.752164,-5.203544,13.298237,1.424015,8.189235,-0.040341,2.277763,-2.748640,-49.174049,77.354003,-29.970310,-9.798797,-40.519759,-16.386647,10.855366,-50.417448,-84.100413,41.019951,-10.603080,39.822462,-13.155439,7.546767
502.000000,67.501420,28.971425,46.168479,-23.008753,86.584789,19.637673,-4.543201,9.983478,7.319302,10.057461,1.782527,-0.066797,0.346416,-12.192854,-6.163490,11.569241,1.347244,9.136769,0.124947,2.820482,-3.639347,-48.749509,74.431741,-28.348842,-15.151625,-40.758853,-17.549898,10.343807,-48.995788,-80.801097,38.687428,-15.893749,41.222377,-14.802031,7.097489
503.000000,67.115647,28.918883,44.721255,-15.867103,85.998358,12.170844,-2.507280,7.940731,9.285477,6.578722,1.760548,-0.239409,2.277194,-10.441068,-6.855575,7.246575,1.287527,10.847288,0.727228,2.588445,-6.686067,-47.784372,72.326881,-27.667800,-21.952370,-41.747055,-18.102537,10.816233,-46.786700,-77.923046,36.217744,-22.191261,43.201268,-16.185701,5.367063
504.000000,66.983736,28.930825,44.521853,-10.615534,84.840770,7.222954,-2.205927,6.823618,10.728764,5.146933,2.331278,-0.249506,1.934692,-9.406583,-6.552930,5.845380,1.900772,12.176962,0.443921,2.686581,-7.706909,-47.021338,69.759434,-27.784603,-28.729456,-43.065275,-18.677625,11.758592,-44.550998,-73.742096,34.222414,-28.455092,44.487088,-17.341780,1.975818
505.000000,66.951209,28.924796,44.372022,-7.147958,83.823136,4.030138,-1.934532,6.001314,12.285031,3.927271,2.308829,-0.379367,1.390242,-8.924934,-7.271277,4.705133,2.068459,13.476913,0.238091,2.579888,-8.941043,-47.031965,66.930834,-28.734213,-34.663620,-43.808096,-19.303998,13.517359,-42.868719,-69.220955,33.155545,-34.550819,44.907449,-18.576880,-3.301865
506.000000,67.027026,28.902876,44.280925,-4.720066,82.913523,1.961411,-1.766024,5.174325,12.106915,2.926165,2.310054,-0.154960,0.884144,-8.631182,-6.942278,3.659414,2.017553,14.214372,0.124819,2.377253,-10.474670,-47.892074,62.351465,-30.695881,-39.079539,-44.349641,-19.630794,17.229407,-41.795905,-64.531573,33.451326,-40.027712,45.095819,-19.380535,-9.105378
507.000000,67.183816,28.892389,44.259369,-4.143049,82.298440,1.907166,-1.620595,4.645178,11.195181,1.993676,2.396124,-0.067608,0.467958,-8.199339,-5.191376,2.798753,1.915576,14.169768,-0.079950,2.262517,-12.501499,-49.971815,56.717744,-32.823072,-41.514405,-43.649130,-19.788699,21.231442,-42.163697,-59.818687,34.440034,-44.247123,44.559642,-19.425418,-13.836325
508.000000,67.366236,28.899944,44.376886,-5.224918,82.043474,3.008367,-1.479069,4.275768,8.878033,1.162966,3.281120,0.159255,0.244066,-7.779955,-2.974832,2.280528,1.401729,13.432344,-0.001550,2.346262,-14.850971,-52.634800,50.527820,-34.249645,-41.677729,-41.942208,-19.792693,25.324762,-44.155476,-54.498161,35.343398,-46.228442,42.312021,-19.056916,-18.104644
509.000000,67.516595,28.908303,44.636732,-7.460673,82.290066,4.884882,-1.177662,4.074569,6.608099,0.717824,3.787690,-0.046590,0.464939,-7.641742,-1.659267,2.396624,0.683324,12.494982,0.211553,2.693906,-17.344878,-55.653928,44.324595,-34.681624,-39.983197,-38.958125,-20.092801,30.635045,-47.217275,-48.464693,35.829738,-46.088798,39.874757,-18.913859,-22.928856
510.000000,67.622840,28.918561,45.022663,-12.608948,83.092635,9.307067,-0.550151,4.435020,6.458211,1.112857,4.647514,-0.880835,1.262590,-7.982978,-3.238938,3.221332,-0.634579,11.090380,0.585100,3.333270,-20.056813,-59.275168,38.653400,-34.991599,-37.428822,-36.385101,-20.291930,36.693265,-51.035921,-42.429985,36.284092,-44.454976,38.376985,-18.436405,-27.514420
511.000000,67.726296,28.929240,45.558792,-23.236988,84.587436,19.216435,0.175891,5.130264,8.113540,2.001305,6.150764,-1.624374,2.188423,-8.633328,-7.321137,4.858800,-1.707551,9.521193,0.854013,4.397750,-23.030817,-63.884200,33.547239,-35.165758,-33.900759,-34.005244,-20.001272,42.852030,-56.511927,-36.853925,37.011180,-41.598407,37.596223,-17.337583,-32.524316
512.000000,67.904484,28.923029,46.137980,-44.177172,85.955261,39.736963,1.187796,6.166695,11.712186,4.038173,7.166892,-2.451962,3.548898,-9.143051,-11.671280,7.466176,-1.967138,7.776187,1.062365,5.322789,-25.875675,-69.117246,29.863698,-33.751492,-29.495489,-33.089360,-19.893725,46.492698,-61.896971,-32.629624,36.073726,-37.700336,37.432302,-17.195001,-35.938522
513.000000,68.507427,29.031476,47.771797,-65.608629,86.385743,61.346714,0.982955,7.572396,14.433153,9.418906,9.546838,-2.844766,3.027989,-10.708906,-14.396389,14.793355,-1.390311,5.957659,0.425454,6.285499,-26.429738,-75.935769,27.352141,-31.602466,-21.563479,-32.322972,-20.577220,48.264972,-67.843313,-29.971000,34.947431,-31.392793,36.558208,-18.325362,-37.263214
514.000000,69.119757,29.022700,47.780150,-92.648468,86.407516,88.398059,1.622766,8.266789,15.568691,17.025597,10.356892,-2.763128,4.051239,-11.603375,-15.391871,21.850021,-2.719369,3.765005,0.490930,6.422833,-27.811402,-84.874376,25.481706,-31.547711,-11.208251,-34.242207,-22.234182,49.179008,-76.310985,-28.353611,34.122010,-21.206703,36.302937,-19.103525,-37.379648
515.000000,69.746941,28.993475,47.434539,-107.997942,86.085892,103.729659,1.825966,8.784317,15.278305,27.520967,10.475458,-3.897950,5.027674,-12.772502,-15.159492,30.340435,-4.899230,1.638733,0.541793,5.971252,-28.051841,-94.929241,24.294571,-33.380354,1.286037,-39.392214,-22.896135,48.180615,-85.560940,-27.813960,33.983251,-8.653254,39.053283,-20.212256,-36.741787
516.000000,70.177448,29.005334,46.959728,-114.469145,85.353353,110.102116,1.611169,9.313762,13.420328,37.955307,12.155055,-6.620496,5.653842,-14.165196,-14.725895,39.477042,-7.020830,-0.617729,0.666166,6.360021,-27.170624,-104.938856,25.250429,-36.792651,14.669599,-45.966275,-22.351169,46.185285,-95.981028,-28.403774,35.664919,5.674102,45.227467,-21.678261,-35.100247
517.000000,70.471621,29.107240,46.477556,-117.316375,84.384555,113.000496,1.487223,9.392833,10.508953,45.219646,15.266878,-10.113739,5.363958,-14.964893,-12.814327,48.699959,-7.825853,-2.358588,0.694477,7.046504,-25.936194,-114.189213,27.034404,-42.419672,28.779726,-51.826413,-20.680991,43.067867,-105.997200,-29.690689,39.940866,20.471035,52.383248,-21.552843,-34.009254
518.000000,70.851713,29.204047,46.038651,-118.919899,83.729046,114.931492,1.769114,9.023087,7.139458,48.886147,15.143854,-12.347163,4.606208,-15.389514,-9.819524,57.384743,-7.310106,-2.639782,0.994524,6.971050,-23.906432,-123.401492,27.737082,-50.011547,43.388606,-55.686614,-17.512277,38.952507,-116.429877,-32.252085,47.569846,36.385555,57.710099,-18.295205,-30.936953
519.000000,71.465343,29.144683,45.783618,-119.830268,83.255803,116.589852,1.912641,11.423759,6.029560,51.249942,8.854042,-10.875348,3.450140,-17.002487,-7.871358,66.307449,-8.879377,-3.775362,0.219881,6.938060,-21.043888,-131.850272,30.041781,-62.280090,55.764987,-55.887538,-13.098269,32.178073,-127.245167,-33.588732,58.592682,52.369970,58.582669,-11.588000,-23.661765
520.000000,72.316986,29.118246,45.853558,-120.907149,83.133194,118.761042,1.037269,16.312681,7.288736,54.809908,0.267284,-6.205605,1.584237,-20.043899,-6.021048,75.682615,-12.724762,-5.605127,-1.136116,6.424438,-16.789085,-139.778155,32.872857,-79.272398,63.536120,-52.286058,-7.570689,22.771665,-137.348779,-34.561403,72.938101,64.455368,50.741219,-3.538451,-12.276101
521.000000,73.410207,29.128262,46.048507,-123.384458,83.091373,122.484609,-1.045477,21.184738,7.482032,60.067839,-5.033422,-1.092206,-0.653263,-22.400586,-2.746514,84.208043,-16.141255,-6.915700,0.289007,6.444917,-16.601828,-137.912857,34.646012,-80.214090,66.924434,-37.763423,-3.448199,13.961466,-137.860374,-36.273120,80.214090,68.976919,31.309259,1.313905,-0.541999
522.000000,74.615473,29.030821,46.215484,-128.010519,82.849102,128.082429,-4.094987,24.402989,5.097300,66.461367,-7.943402,2.167366,-2.926182,-23.085686,1.640540,91.362338,-19.085917,-7.298119,-0.481011,6.268300,-17.356820,-134.174476,36.714439,-80.214090,68.628423,-25.462033,-2.256376,10.089190,-134.862058,-37.948862,80.214090,70.120737,16.494355,1.381119,3.600426
523.000000,75.814998,28.980210,46.317604,-133.691998,82.330830,133.921135,-7.176603,25.906559,1.420466,72.949576,-10.501574,3.831524,-5.037054,-23.398826,6.202569,97.007333,-21.328396,-7.035407,-0.486160,6.450706,-18.330124,-130.421451,39.641656,-80.214090,69.320218,-13.327045,-2.312939,7.155474,-131.812447,-40.022941,80.214090,70.843391,5.692377,0.400768,5.911492
524.000000,76.880348,28.977284,46.398896,-139.719183,81.700572,139.652921,-9.953992,27.035251,-2.225125,79.284030,-13.338363,4.976148,-6.633227,-24.113604,10.259864,101.232529,-22.727818,-6.226648,-0.327085,6.403470,-18.461576,-128.313081,42.356073,-80.214090,70.343408,-7.943155,-2.820676,6.008627,-130.321170,-42.398638,80.214090,72.624138,-1.368566,0.199135,8.732043
525.000000,77.790201,28.986481,46.538696,-145.459499,81.138569,145.057972,-12.358619,28.638435,-5.434703,85.254886,-15.973891,6.004729,-7.684782,-25.661236,13.458848,104.328353,-23.920424,-5.398184,-0.243205,6.099619,-17.981752,-127.553318,44.931030,-80.214090,71.839008,-5.574498,-3.428170,6.434073,-129.653793,-44.819544,80.214090,75.121883,-2.283083,-0.227943,9.448391
526.000000,78.487331,29.078162,46.695727,-151.725619,80.487370,151.122933,-14.301428,29.699032,-8.750939,90.330789,-19.162444,6.912640,-8.470352,-28.036228,15.992263,106.320173,-24.900933,-4.308366,-1.110150,2.587707,-17.314444,-132.340748,36.940870,-80.214090,83.850838,3.451647,-4.713517,3.421022,-127.519400,-49.920425,80.214090,78.104443,-3.670997,-2.064791,7.500905
527.000000,78.916347,29.082012,46.785524,-157.204537,80.005976,156.343975,-14.871793,30.624441,-11.523119,93.997309,-22.595898,7.326304,-8.559540,-30.577493,17.904824,107.544873,-26.027361,-3.575725,-0.157888,0.152245,-17.164817,-132.908610,36.557283,-80.214090,85.825616,7.732276,-5.574781,2.016443,-123.815169,-56.071499,80.214090,78.900761,-11.292029,-2.680576,7.623411
528.000000,79.199982,29.082540,46.886286,-162.355500,79.760189,161.304818,-14.577203,31.004858,-14.043017,96.313884,-25.597700,7.500615,-8.375434,-32.565290,19.904604,108.137584,-26.873002,-2.648960,1.354384,-1.715248,-16.721773,-132.345324,38.016341,-80.214090,85.664950,10.467855,-6.306614,1.103723,-120.197123,-61.899184,80.214090,79.181721,-14.351800,-2.795389,7.633163
529.000000,79.426003,29.180428,47.039607,-165.628772,79.875945,164.433560,-13.754747,30.917534,-16.404993,97.632315,-27.985682,7.334439,-8.577805,-34.875745,21.666856,108.377876,-27.594442,-3.082077,4.444811,-2.432251,-16.011580,-128.264355,43.484604,-80.214090,80.669855,8.496138,-6.971066,1.227553,-115.226097,-68.292869,80.214090,78.670255,-13.703619,-2.880954,6.856207
530.000000,79.540688,29.301336,47.159639,-167.946124,80.264651,166.622007,-12.726423,30.605361,-18.356308,98.058731,-29.628964,7.606408,-8.826746,-36.491973,23.267862,108.141456,-27.915799,-3.375738,5.518762,-3.047369,-15.229001,-125.794859,46.491544,-80.214090,79.206726,8.034300,-6.789597,0.331330,-111.501745,-72.893623,80.214090,78.136579,-13.314080,-3.038775,7.329146
531.000000,79.550493,29.319280,47.187731,-170.444246,80.658865,169.070723,-12.253922,30.403945,-19.706199,97.698903,-30.657509,8.174306,-8.946003,-36.603749,24.499892,107.532722,-27.955645,-3.092730,6.079198,-3.654246,-14.305999,-123.743876,48.821209,-80.214090,78.943784,7.418828,-6.735297,-0.700064,-108.320073,-76.627804,80.214090,77.605798,-13.251232,-3.283832,8.010255
532.000000,79.418135,29.356909,47.138241,-172.445441,81.021518,171.005406,-12.103102,29.695784,-20.558977,96.715212,-31.181787,8.322597,-9.495850,-36.409795,25.244751,106.590457,-28.052277,-3.053221,5.771912,-3.914982,-13.523769,-121.931390,51.577832,-80.214090,78.945847,7.300117,-7.098085,-2.308432,-105.885766,-78.997524,80.214090,76.968609,-12.060733,-3.675472,9.067021
533.000000,79.289341,29.386297,47.032279,-173.694929,81.629016,172.131588,-12.019237,29.002407,-20.574838,94.775295,-30.918788,8.415530,-10.386786,-36.267710,25.309840,105.119924,-27.758024,-3.922428,3.895868,-3.552672,-13.182590,-119.388169,56.153003,-80.214090,78.365219,6.950614,-7.971442,-2.747724,-103.504031,-79.438413,80.214090,75.522809,-9.541254,-4.221680,10.235156
534.000000,79.106814,29.397830,46.942988,-174.233848,82.184980,172.586202,-12.508471,29.053835,-19.647891,91.985156,-30.530741,8.968169,-11.113621,-35.432194,24.654514,102.811245,-27.065386,-4.315622,2.928046,-2.684644,-13.183721,-115.401852,60.510961,-80.214090,76.920784,5.983951,-8.706100,-2.528713,-101.994791,-79.699483,80.214090,73.573404,-8.371068,-4.831696,11.792950
535.000000,78.726310,29.375029,46.923780,-173.999915,82.586084,172.222337,-13.135580,29.469172,-18.065610,88.274109,-30.178644,9.485211,-11.432763,-33.866185,23.494495,99.588263,-26.202759,-4.035425,2.105034,-1.806613,-12.628566,-111.807635,64.955359,-80.214090,74.566541,5.195897,-9.266290,-2.442466,-100.962395,-80.179311,80.214090,71.073186,-6.997773,-5.429990,13.851304
536.000000,78.220898,29.384932,46.988297,-172.963120,82.987036,171.089232,-13.437438,29.968271,-15.955706,83.144262,-29.076447,10.023779,-11.414311,-32.659717,21.612670,95.017384,-24.895640,-3.860682,1.195386,-1.056292,-11.901084,-108.505143,69.238700,-80.214090,72.040860,2.757073,-9.930742,-1.767322,-99.526443,-81.008140,80.214090,67.545585,-4.194123,-6.041004,15.892245
537.000000,77.577913,29.416570,47.126010,-172.619700,83.251036,170.748065,-13.455610,30.806171,-12.963369,76.281772,-27.616316,10.736167,-11.185067,-32.244439,19.008958,88.924739,-23.421936,-3.655562,0.532413,-0.706911,-11.301439,-105.826008,72.628892,-80.214090,69.342273,-0.351956,-10.369852,-1.498100,-97.755272,-82.423130,80.214090,63.058711,-2.280524,-6.769044,18.047533
538.000000,76.825857,29.463148,47.267541,-170.955318,83.666913,168.994759,-12.297377,31.165067,-9.625141,67.249715,-25.320157,10.876695,-10.096318,-31.323674,16.207610,80.771440,-20.823013,-2.586866,0.011625,-0.359434,-10.589168,-103.301632,76.361098,-80.214090,64.493330,-4.404944,-10.581344,-1.822766,-95.800220,-84.583048,80.214090,56.619003,0.492755,-7.254332,20.267873
539.000000,75.911605,29.515183,47.396019,-169.456531,83.705378,167.222739,-11.027881,31.019895,-6.038977,56.899021,-22.103044,10.423296,-9.295791,-30.772990,12.750404,71.018005,-17.758738,-1.685485,-0.068612,0.029729,-10.153372,-101.407340,79.235822,-80.214090,59.280475,-8.690243,-10.763524,-2.338312,-94.345205,-86.249716,80.214090,51.048830,5.034526,-7.491404,21.938409
540.000000,74.830645,29.588050,47.558019,-167.438710,83.655953,164.730972,-9.921183,30.506555,-2.398014,46.197340,-17.780823,9.316132,-8.635590,-30.532144,8.471854,60.162471,-14.823027,-1.011873,0.099213,0.442605,-9.859334,-99.929861,81.258761,-80.214090,53.925710,-14.059483,-11.081046,-2.487300,-92.972706,-87.405302,80.214090,45.947830,10.442160,-7.603745,22.806406
541.000000,73.630619,29.648706,47.700438,-164.386676,84.100799,160.937069,-8.577343,28.952916,0.183728,35.893204,-12.814007,7.420027,-7.387187,-29.710373,4.174455,48.511856,-10.951262,0.293433,0.218806,0.534039,-9.395541,-98.882131,83.055899,-80.214090,47.488516,-21.712804,-11.320202,-1.352182,-91.416495,-88.324188,80.214090,39.722837,16.107386,-7.730727,22.817719
542.000000,72.345501,29.631734,47.712833,-160.801829,85.092619,156.634699,-7.508546,26.365252,1.277812,27.181853,-8.600909,4.921095,-5.830096,-27.794263,0.884519,37.521637,-7.508693,2.423737,0.334428,0.488076,-8.619357,-96.847793,84.390115,-78.420639,40.155153,-29.613276,-11.699090,0.893239,-90.379317,-89.037328,80.204719,32.335745,21.400062,-8.179900,22.128631
543.000000,71.188343,29.534703,47.618949,-150.967900,86.991950,146.780881,-6.522397,23.464258,1.841407,20.625761,-6.114921,2.760400,-3.738610,-24.824044,-0.475526,28.366397,-4.795636,5.075149,0.342689,0.603842,-6.945728,-91.227606,85.631728,-71.948011,30.650641,-34.987422,-12.335172,2.834713,-87.522133,-90.692488,77.292080,22.607819,27.448275,-8.759473,20.384216
544.000000,70.192009,29.439881,47.299799,-96.959965,88.693991,93.132954,-5.559682,20.935578,3.459880,16.509991,-4.730430,1.395386,-1.935358,-21.787566,-0.828391,22.431675,-2.721145,7.411809,0.958094,1.571081,-5.958612,-75.068410,84.031879,-54.855636,19.656309,-35.481648,-13.166621,6.297518,-77.853460,-92.391996,67.999936,11.280559,32.456936,-9.116659,16.568599
545.000000,69.367462,29.318699,46.855131,-41.550209,87.936548,38.102256,-5.631809,19.060382,6.006755,14.243465,-3.676193,0.511388,-1.664680,-18.993943,-1.671447,19.566510,-1.679284,8.434145,0.824249,2.998630,-6.237721,-61.983646,80.732508,-40.884389,10.021711,-35.201091,-14.434842,8.549388,-68.848498,-90.618032,58.494464,2.378494,36.286879,-10.360267,13.597171
546.000000,68.652666,29.225203,46.453840,-27.479156,86.528142,24.243080,-5.707447,17.505017,8.682091,12.727371,-3.166602,-0.298785,-1.629044,-16.917690,-4.395822,18.120056,-1.516140,8.615105,0.082415,4.018933,-6.727735,-52.947982,77.889046,-30.731801,0.445116,-35.630833,-15.111589,8.135590,-60.196759,-86.288799,48.451887,-5.850367,38.742599,-11.489062,11.875390
547.000000,67.934567,29.120389,46.009260,-20.601523,85.274216,17.349398,-5.675957,15.819046,10.918185,11.704523,-3.053518,-0.836456,-1.466517,-15.127868,-7.268936,16.934580,-1.077875,9.084273,-0.142769,4.541973,-7.286455,-50.978240,74.528531,-26.772327,-6.359234,-36.348996,-16.343003,6.675870,-56.816256,-80.516046,43.331891,-11.912057,41.843706,-12.777993,10.640785
548.000000,67.223543,29.012778,45.682833,-15.343107,84.110010,12.087995,-5.528008,13.951387,12.259917,10.523081,-2.322442,-1.305445,-1.209934,-13.376499,-8.638691,15.341305,0.335816,10.298969,-0.216254,4.527619,-7.689999,-49.176795,70.910764,-23.256997,-13.403126,-37.649167,-16.906620,6.220722,-52.870288,-74.471984,37.900225,-18.491101,44.101299,-13.490064,9.263103
549.000000,66.548169,28.913355,45.456371,-11.598511,83.094954,8.408179,-5.346574,11.968897,12.658974,9.319516,-1.851121,-1.515779,-1.075138,-11.817094,-8.666114,13.675971,1.762541,11.265147,-0.186975,4.175199,-8.063527,-48.202643,67.212996,-21.526577,-19.992259,-38.703940,-17.288334,7.486724,-49.556861,-68.594538,33.627251,-25.040110,45.020977,-14.003184,7.682726
550.000000,65.952992,28.792807,45.098859,-9.275994,82.235477,6.298503,-5.076432,10.008251,12.286115,8.751999,-1.585587,-1.252396,-0.832056,-10.249827,-7.639135,12.230296,2.519176,11.845110,-0.070249,3.933425,-8.688703,-48.986861,63.996837,-21.540012,-24.515060,-38.596347,-18.052641,8.649723,-48.496737,-63.471213,32.131303,-29.800330,45.685773,-14.756907,5.875563
551.000000,65.501529,28.675428,43.880066,-6.411999,81.865290,3.302519,-3.125653,7.867316,13.479124,6.950459,-1.701794,-0.933904,1.339261,-9.006628,-7.224733,8.140115,2.750377,12.587656,0.441704,2.825384,-10.981687,-50.584149,61.779614,-23.036476,-27.911713,-36.829357,-18.615563,11.919735,-48.090269,-59.038898,31.764638,-33.687371,46.006454,-15.139983,1.952312
552.000000,65.195960,28.633001,43.812177,-4.529151,81.313244,1.606006,-2.637565,6.384043,14.182895,6.854139,-1.061255,-0.760659,1.468827,-8.607634,-7.041429,7.121345,3.216236,13.210548,0.735665,2.296039,-11.416931,-51.552482,58.288616,-25.682594,-30.544698,-37.139738,-18.850178,17.789957,-48.170435,-55.129267,32.718344,-36.538900,45.075393,-15.736469,-3.812323
553.000000,65.042436,28.619754,43.758377,-4.736122,81.030461,1.805590,-2.289318,5.239472,13.938977,6.703286,-0.300702,-1.084171,1.384335,-8.171807,-6.821583,6.644262,3.503608,13.336716,1.211531,2.125318,-11.984231,-52.871641,55.895154,-28.715123,-32.683637,-37.046632,-19.101855,22.298915,-49.421995,-52.305322,34.425168,-38.619857,43.384084,-16.432236,-9.265346
554.000000,65.036505,28.620470,43.701950,-6.335098,80.945329,3.209371,-2.029355,4.392849,13.045534,6.341167,0.221714,-1.550801,1.269507,-7.844148,-7.505107,6.458962,3.703362,13.384757,1.778861,2.170274,-12.575672,-54.596499,53.542488,-31.314003,-33.354355,-36.048444,-19.833355,26.672642,-50.897494,-50.393426,36.291322,-39.686459,41.569003,-17.238810,-13.808945
555.000000,65.150619,28.616938,43.663952,-8.509747,81.007169,5.319528,-1.833124,3.809798,12.155726,5.802475,0.159910,-2.036875,1.170189,-7.654672,-8.433118,6.412362,3.902600,13.658317,2.099863,2.287723,-13.035188,-56.773079,51.415772,-33.413340,-32.687796,-33.570602,-20.932872,31.203948,-52.048784,-49.604174,38.456117,-40.007806,40.480264,-18.110909,-18.141223
556.000000,65.376163,28.592902,43.662214,-11.019768,81.174266,7.848140,-1.701793,3.593876,11.541094,5.299715,0.078992,-2.573548,1.012985,-7.503807,-8.928036,6.450131,4.126790,13.774883,2.057095,2.449860,-13.342787,-58.655308,49.551035,-36.343997,-32.211650,-32.703940,-21.361784,34.749800,-53.478879,-49.785672,40.973147,-40.103524,40.030485,-18.472742,-21.937567
557.000000,65.676355,28.577179,43.690965,-13.297324,81.482916,10.082108,-1.673946,3.625452,11.241890,4.957310,-0.030915,-2.962815,0.815119,-7.617880,-9.545835,6.430110,4.383890,13.926054,1.986298,2.578353,-13.692784,-60.212885,48.101402,-39.852398,-32.207334,-33.990331,-20.824530,36.916018,-55.493026,-50.651081,43.749892,-40.326171,40.099829,-18.174672,-24.849056
558.000000,66.017181,28.549352,43.743876,-15.109300,81.927879,11.857814,-1.801288,3.776021,11.045711,4.857717,-0.154255,-3.003903,0.591081,-7.942596,-9.907827,6.294289,4.391804,13.929575,2.059718,2.560052,-14.036612,-62.142830,47.665370,-43.257569,-32.176710,-34.665484,-20.152507,38.419193,-57.890587,-51.930102,46.660868,-40.713603,39.919792,-17.931034,-27.097423
559.000000,66.369802,28.503668,43.823433,-16.259863,82.452416,12.962767,-2.039370,3.915755,10.752559,4.929173,-0.205782,-2.754908,0.402218,-8.428956,-10.154423,6.137345,4.207259,13.897787,2.244699,2.396138,-14.231289,-64.149376,47.677131,-46.800238,-32.202139,-35.535497,-20.385446,40.664757,-60.496877,-53.058607,49.641941,-41.168047,39.582551,-17.874398,-29.048057
560.000000,66.712695,28.451374,43.928981,-17.549055,83.004851,14.323772,-2.356319,4.068213,10.279731,5.039483,-0.231997,-2.546776,0.270717,-8.853990,-10.108601,6.027131,3.951652,13.699379,2.311756,2.165355,-14.337400,-66.183495,47.589401,-49.804196,-32.179132,-36.719131,-20.793956,42.933719,-63.020127,-53.684464,52.135968,-41.492863,39.718254,-17.897105,-30.573976
561.000000,67.027110,28.395864,44.035718,-18.864479,83.618252,15.830502,-2.692190,4.184475,9.873167,5.211232,-0.353871,-2.455311,0.136720,-9.112791,-9.556057,6.004759,3.795884,13.693559,2.222355,1.881665,-14.478708,-68.343365,47.399986,-52.059517,-31.741819,-36.988647,-20.930922,44.931088,-65.303582,-53.853928,53.876406,-41.337930,40.173639,-17.877506,-31.884050
562.000000,67.313868,28.369784,44.136631,-20.488139,84.243295,17.676429,-2.946475,4.268665,9.542548,5.523249,-0.352104,-2.297399,0.075716,-9.252184,-8.922004,6.006181,3.574467,13.612490,2.056845,1.652620,-14.661013,-70.539195,46.892869,-53.659312,-30.914877,-36.554100,-20.930695,46.555338,-67.307778,-53.555838,54.983204,-40.836861,40.904374,-17.803733,-32.936945
563.000000,67.572141,28.353223,44.270933,-22.489452,84.870774,19.934132,-3.173148,4.306671,9.278972,6.099332,-0.089281,-2.140412,0.040378,-9.290650,-8.210727,6.103935,3.293523,13.383034,1.831903,1.436793,-14.882086,-72.547592,45.754068,-54.267936,-29.700132,-36.511118,-20.965460,47.954321,-69.133686,-52.729436,55.125934,-39.670674,40.737963,-17.924465,-34.387936
564.000000,67.792308,28.337038,44.388112,-24.620815,85.482198,22.223011,-3.196104,4.238559,9.127784,6.814295,0.378506,-2.072749,0.077288,-9.226488,-7.245633,6.346485,3.155748,13.048861,1.585515,1.192886,-15.096526,-74.550115,44.478926,-53.895380,-28.071418,-36.600989,-21.053437,49.171526,-70.726636,-51.377537,54.366513,-37.731806,39.704361,-18.057753,-36.264241
565.000000,67.993754,28.335145,44.524202,-27.459529,86.127469,25.200908,-3.099869,4.095253,9.225226,7.784325,0.701162,-2.136165,0.196183,-9.051919,-6.092202,6.816793,2.949577,12.680970,1.307092,1.037009,-15.445033,-76.408882,43.085147,-52.721902,-26.175945,-36.958519,-21.132102,50.133264,-71.939548,-49.419031,52.759151,-35.652638,39.081075,-18.218094,-37.736590
566.000000,68.230027,28.359121,44.686273,-33.491122,86.840921,31.281143,-2.935838,3.984938,9.501867,9.150056,1.030198,-2.200058,0.367728,-8.760489,-5.121850,7.798141,2.168396,12.198522,1.067075,1.046298,-16.040209,-78.314314,41.936248,-50.878916,-24.307286,-37.209966,-21.136242,50.662122,-72.943552,-47.123951,50.104133,-33.645406,38.765876,-18.243203,-38.229505
567.000000,68.670964,28.413129,45.933953,-42.655156,86.990191,40.790933,-4.827095,4.745871,9.093991,14.230922,1.778444,-2.338037,-1.501104,-8.624994,-5.021315,12.975767,1.425896,11.377879,0.579927,1.757285,-15.122070,-79.407950,41.166274,-48.324340,-23.465603,-36.079245,-21.155181,50.554502,-72.539765,-45.126746,46.950772,-33.105766,37.514111,-18.264641,-37.406866
568.000000,69.053549,28.491658,45.960385,-58.282078,87.455142,56.224806,-4.630931,5.174141,10.038490,18.022801,1.509351,-2.417856,-1.246844,-8.890320,-6.608879,16.548172,-0.128741,10.405746,0.481352,2.014201,-16.182059,-81.480646,40.750053,-46.272998,-23.139288,-35.172547,-21.239078,50.712102,-73.201145,-43.126450,44.068855,-32.761740,36.223922,-18.489758,-37.570067
569.000000,69.503999,28.571999,45.969951,-76.590419,87.598195,74.257292,-4.365618,5.853089,11.147529,22.698689,1.612320,-2.362304,-0.978335,-9.312688,-8.364588,21.044182,-1.747000,8.939096,0.403514,2.230167,-17.183417,-83.920806,40.524684,-44.538970,-22.857230,-33.410314,-20.888231,50.720309,-74.084555,-41.244500,41.803159,-32.871139,34.372999,-18.416712,-38.726059
570.000000,69.981503,28.645429,45.888868,-89.118372,87.475838,86.606536,-3.823914,6.721836,12.218171,28.037740,1.531990,-2.317650,-0.519165,-9.507558,-9.218887,26.377484,-3.624674,7.433724,0.356202,2.540919,-18.066610,-85.973128,40.315854,-42.643863,-22.670907,-31.898421,-20.570564,50.747551,-75.245694,-39.745417,39.356957,-32.852469,32.022737,-18.589668,-38.765473
571.000000,70.448261,28.705218,45.770970,-95.894032,87.295745,93.390317,-3.514680,7.688957,12.665574,34.344155,0.967602,-2.228254,-0.189401,-9.317761,-8.880850,32.633838,-5.781801,6.298040,0.163183,2.892903,-18.732581,-87.773224,40.377862,-40.794001,-22.396294,-30.073545,-20.011653,50.782774,-76.252608,-38.479452,37.187078,-32.859699,30.786538,-18.683863,-38.344487
572.000000,70.888436,28.760022,45.603478,-96.631830,87.170768,94.148670,-3.276969,8.779274,12.729114,41.355436,-0.524891,-1.900584,0.158975,-9.178553,-8.346786,39.764156,-8.322825,5.481352,0.065663,3.227134,-19.243319,-89.175558,40.496045,-39.289878,-22.061238,-28.337948,-19.603000,51.024344,-77.072428,-37.679944,35.524920,-32.815248,29.676069,-18.582581,-38.063493
573.000000,71.284199,28.805631,45.429870,-93.312248,87.044731,90.774789,-3.275092,10.244459,12.705792,49.212578,-2.795031,-1.297754,0.501598,-9.410368,-8.248985,47.732934,-11.050024,4.507112,0.149944,3.598853,-19.586315,-90.149884,40.317196,-38.129654,-22.113053,-27.855683,-19.356857,51.238273,-77.664947,-37.132450,34.370461,-32.918520,28.612197,-18.373952,-37.937179
574.000000,71.618247,28.835940,45.286474,-88.074458,86.897972,85.352532,-3.518945,11.890310,12.466472,57.692955,-5.570864,-0.831602,0.831425,-9.841101,-8.292115,56.273625,-13.974124,3.680783,0.286719,3.913343,-19.666965,-90.960607,40.079820,-37.307286,-22.570140,-28.104094,-19.145404,51.070537,-78.094846,-36.467162,33.613202,-33.464146,28.288058,-18.365383,-37.901843
575.000000,71.947289,28.882056,45.172399,-82.930469,86.731042,79.865604,-3.941905,13.429702,11.917688,66.560480,-9.678042,-0.344293,1.118484,-10.652938,-8.540109,65.284382,-17.085546,2.977310,0.599065,4.227831,-19.705941,-91.382815,39.598582,-36.536984,-23.372554,-28.519122,-19.117575,50.984398,-78.388551,-35.815767,33.058068,-34.299123,27.653380,-18.430833,-37.825301
576.000000,72.305888,28.928259,45.090017,-78.658260,86.620891,75.261124,-4.376052,15.329347,11.554383,75.959224,-15.069019,0.601736,1.364764,-11.907824,-8.968113,74.800284,-19.864167,2.182623,0.917184,4.467595,-19.768845,-91.576356,38.892521,-35.719656,-24.537190,-28.950518,-18.994911,50.899584,-78.449811,-35.186522,32.974750,-35.659113,27.812694,-18.266817,-38.129640
577.000000,72.734565,28.971449,45.043147,-77.038265,86.483509,73.409143,-4.658461,18.228300,11.415655,85.915078,-19.911364,2.085770,1.644908,-13.619975,-9.524392,85.037522,-22.762268,1.172555,1.447453,4.829885,-20.025107,-91.599742,37.813119,-34.788216,-25.850326,-29.232936,-18.763489,50.769295,-78.495621,-34.968369,33.099476,-37.132177,28.477488,-18.351687,-38.085849
578.000000,73.216689,28.980044,45.032555,-78.406302,86.349419,74.601390,-4.529772,21.275679,10.766394,95.906777,-24.049853,3.348952,2.121467,-14.972936,-9.530932,95.640701,-25.493512,0.459261,1.727899,5.109653,-20.334163,-92.584744,37.132849,-34.292034,-26.621668,-29.455146,-18.345895,50.042030,-79.214273,-34.744940,33.254156,-38.067745,28.919823,-18.539850,-37.649048
579.000000,73.773509,28.968421,45.063776,-82.463259,86.324943,78.552105,-3.823933,23.000000,9.125749,104.851853,-27.692915,3.511530,2.901271,-15.329441,-8.628801,105.711316,-27.723999,0.590881,1.578140,5.432839,-20.728029,-94.751895,36.956152,-34.363170,-26.273132,-30.488656,-17.803786,49.253017,-81.490051,-34.725863,33.102918,-38.128151,30.761488,-18.325657,-36.978217
580.000000,74.462754,29.073712,45.152202,-88.406079,86.120676,84.304619,-2.555713,23.685284,6.821307,111.578004,-30.064669,3.298961,3.764028,-15.725351,-6.926007,114.210598,-28.946212,0.035336,1.976944,5.939718,-21.187209,-96.804497,37.582286,-34.454900,-24.804829,-31.924649,-18.872706,49.122703,-84.780891,-35.388593,33.086867,-36.051972,33.326443,-18.706724,-36.453109
581.000000,74.476254,29.072699,44.696867,-104.779325,85.812043,100.897441,0.440115,25.495242,5.162591,115.203626,-33.893895,3.801276,6.565206,-15.995804,-5.008697,118.922705,-32.099779,-0.632553,1.640718,6.571885,-24.205620,-97.389639,38.996354,-34.374583,-22.706014,-32.336117,-19.010807,49.374194,-86.454752,-35.356273,32.130880,-33.010646,35.216257,-17.924057,-36.841590
582.000000,75.554079,29.071978,45.215428,-103.172612,85.777837,99.260165,0.931351,29.387654,2.421249,114.880681,-32.634859,6.119368,5.656034,-18.672941,-2.032526,119.318979,-29.781865,-2.135705,1.697895,6.922461,-23.193120,-102.053265,40.161188,-36.151672,-13.890873,-37.432483,-21.744343,48.225920,-92.671672,-36.610005,33.817738,-24.159137,42.196564,-20.390039,-37.737434
583.000000,75.492513,29.218623,45.430189,-128.879650,85.404526,125.159185,0.225339,32.058896,0.810480,112.047846,-33.365010,9.333304,4.459066,-22.838828,0.615172,115.670387,-29.824824,-3.193809,1.518269,5.172727,-23.349476,-113.391795,34.790699,-41.666579,2.343346,-41.039076,-21.368009,49.143348,-100.323007,-36.195488,37.527392,-11.650032,43.851679,-22.761875,-39.957662
584.000000,75.496906,29.302177,45.727983,-147.728124,84.922828,144.305437,-0.695096,33.503079,0.078398,106.016154,-32.875910,10.933271,3.275055,-26.745486,2.409645,108.309158,-28.305549,-3.841010,1.529349,3.515936,-23.349162,-121.361055,31.970900,-46.648683,18.006844,-46.558739,-21.579655,47.411352,-108.546302,-37.255301,41.040247,3.959916,48.774671,-23.485295,-39.933029
585.000000,75.575501,29.379714,46.096870,-159.817462,84.262200,156.704092,-1.993773,34.225388,-0.054271,97.902736,-30.364811,11.800491,2.015537,-29.660004,3.309826,98.670948,-24.425851,-4.106275,2.189464,2.113096,-22.805255,-129.401089,29.180897,-52.526016,35.590388,-51.766519,-19.078141,43.104538,-118.037185,-38.565464,47.020600,22.621102,57.502809,-22.872869,-35.284283
586.000000,75.752127,29.493278,46.522704,-166.730612,83.586659,163.860896,-3.365975,34.068420,0.225032,88.165024,-26.776025,11.832625,0.817516,-31.802648,3.376491,87.526115,-19.446693,-4.083776,3.095777,1.183131,-22.085184,-136.057942,27.856713,-61.478738,51.169598,-56.531393,-14.539772,35.904740,-127.570244,-39.000749,56.581335,42.358730,66.448575,-18.195101,-28.124156
587.000000,75.925308,29.558790,46.970835,-173.526135,82.689028,170.890982,-4.914395,32.277558,0.432190,77.013750,-22.878168,10.901652,-0.314908,-32.269304,3.489465,75.170432,-13.065064,-2.614625,2.161965,0.569305,-20.003242,-142.655741,30.193927,-77.177094,61.694722,-57.037547,-8.812623,24.618109,-137.755517,-37.726147,69.759775,60.860168,66.003342,-8.659213,-17.695669
588.000000,75.953019,29.554740,47.378972,-177.846939,81.368389,175.508989,-6.676437,30.478107,0.682141,64.584534,-16.536016,9.744668,-1.270065,-30.617515,4.527973,61.770127,-3.480105,0.577978,4.252162,0.143057,-20.814433,-142.190127,31.321523,-80.214090,67.713143,-41.458815,-3.221103,11.878893,-138.950281,-37.837359,80.214090,70.428744,47.495185,-0.099065,-3.743592
589.000000,75.801069,29.450828,47.803810,-179.395808,80.014064,177.399429,-8.128596,29.334300,1.380095,50.871266,-8.167737,8.486493,-2.381378,-29.007889,5.140877,48.461210,5.958637,3.495585,3.617490,-1.319692,-23.092315,-137.953593,31.549282,-80.214090,71.155278,-18.825789,-1.297081,3.427217,-133.018385,-40.846826,80.214090,71.982223,19.324185,1.942499,6.382875
590.000000,75.355864,29.436630,48.263073,-179.151566,79.214578,177.059054,-8.945827,27.729402,1.252066,37.468420,-1.747360,6.393381,-3.946607,-28.597696,4.162423,36.500203,12.441604,5.371920,3.772412,-2.569264,-23.165275,-134.852482,32.196822,-80.214090,73.694347,-2.593429,-1.559169,-0.968361,-127.662164,-45.151707,80.214090,72.447898,0.949167,0.878774,9.598070
591.000000,74.687064,29.462346,48.491716,-178.527297,79.366259,175.739593,-9.131662,24.835534,-1.951613,26.009304,2.327333,2.952219,-5.385150,-27.881717,3.352753,26.420043,15.630306,6.722464,5.081611,-3.068618,-21.045201,-132.392712,33.772775,-80.214090,76.095151,5.270106,-1.976949,-4.748456,-123.555854,-49.555908,80.214090,73.686622,-6.069341,0.366221,10.770873
592.000000,74.036860,29.394853,48.491195,-177.941726,80.598187,174.692676,-9.194853,22.043811,-7.058660,17.478428,6.088912,-0.231999,-6.140960,-26.528431,3.810184,18.230238,16.883333,8.271721,6.426003,-3.148235,-17.745216,-129.906564,36.127060,-80.214090,77.884695,9.097251,-2.680403,-7.603638,-120.143629,-54.285018,80.214090,75.163875,-7.781465,0.312352,11.919650
593.000000,73.528290,29.326591,48.284730,-177.300960,82.645441,173.729039,-9.272876,19.928421,-11.139462,12.479124,8.644329,-2.033547,-6.787272,-25.774274,3.364409,12.878019,17.108400,9.276138,6.910879,-2.761679,-13.872206,-126.673221,39.855875,-80.214090,78.379733,11.019538,-3.753003,-9.581213,-116.974202,-58.609143,80.214090,75.528512,-6.087767,-0.281927,11.632971
594.000000,73.157758,29.135910,47.619507,-175.519313,84.651144,172.050103,-9.548567,18.855053,-11.865829,9.744060,9.698870,-2.730297,-7.119568,-24.612551,2.666248,9.688530,15.882346,9.288415,4.567071,-2.657517,-10.728509,-123.204305,44.994517,-80.214090,78.132248,12.942150,-4.840989,-11.222982,-113.051051,-61.567339,80.214090,74.575844,-7.073405,-1.385669,10.950004
595.000000,72.861701,28.972954,47.063306,-170.296691,86.862544,167.856642,-9.806234,18.171080,-10.637880,7.071855,10.223238,-2.720796,-6.976698,-23.208580,2.821693,7.702798,15.581594,10.228815,1.910428,-2.495213,-8.055390,-119.183987,50.522581,-80.214090,76.735604,11.853035,-5.997537,-12.547694,-109.185601,-64.760821,80.214090,72.255635,-9.431158,-2.688587,12.059778
596.000000,72.366494,28.903839,46.638942,-151.307938,88.780878,149.643253,-9.735581,17.319205,-8.569079,4.346565,9.981089,-2.887840,-6.928923,-21.977604,2.376748,5.925125,15.635293,11.679539,-0.208306,-1.767984,-5.432647,-115.800120,56.381627,-80.214090,74.052330,6.038934,-7.438276,-13.647795,-107.795302,-67.283920,80.214090,68.377119,-4.730638,-4.496557,13.755741
597.000000,71.739548,28.851646,46.409038,-37.838089,89.054565,36.256690,-9.405855,16.061560,-7.846004,2.295234,10.199143,-2.965304,-6.938267,-20.708346,1.600466,3.847362,15.236402,12.816848,-2.234907,-1.226265,-2.822640,-112.983405,63.681918,-80.214090,68.927346,-5.365066,-8.984386,-12.077533,-107.027637,-70.012315,80.214090,61.681137,5.477934,-6.359832,14.386392
598.000000,71.133858,28.584820,44.489193,-9.793768,87.566828,8.021120,-6.520961,14.417578,-4.892333,1.489821,7.173841,-2.195372,-4.292175,-18.923060,-1.108558,2.068523,10.867714,12.749664,-3.409245,-1.307448,-1.786644,-112.417906,68.567716,-80.214090,64.125081,-16.225213,-9.636512,-9.177035,-107.005418,-72.311302,80.214090,54.724736,13.042368,-7.598644,15.524323
599.000000,70.459771,28.550163,44.367060,-6.201964,86.014635,4.691085,-5.728847,12.931230,-2.694118,1.093378,6.870678,-1.853632,-3.812028,-17.588065,-2.844914,1.508354,10.495182,12.693799,-4.204691,-1.392808,-0.002336,-110.368412,72.561109,-80.214063,58.076579,-28.187969,-10.219170,-4.591283,-104.713548,-75.147353,80.214090,46.909237,23.558239,-8.251423,15.343513
600.000000,69.721544,28.546971,44.312337,-5.140603,84.854185,4.022274,-4.837289,11.349765,0.136071,0.430141,6.161258,-1.815859,-2.994360,-16.150648,-5.313044,1.174056,10.855977,12.629699,-4.449493,-1.013084,1.215730,-102.898692,75.891830,-74.031492,49.959378,-37.669907,-11.223086,1.200539,-99.560007,-78.434272,77.799748,37.629923,34.678380,-8.602655,12.761118
601.000000,68.949240,28.540185,44.267052,-4.992406,83.832485,3.927680,-3.963620,9.674237,2.231878,0.237727,5.829574,-1.657284,-2.159336,-14.404613,-7.099050,1.223077,10.800184,12.308019,-4.276034,-0.780667,2.219738,-95.429183,76.374431,-66.550727,43.534888,-43.177970,-12.378746,5.173552,-93.336113,-79.424322,72.811319,30.677487,40.491400,-9.301516,10.694470
602.000000,68.255299,28.530955,44.153571,-5.140558,83.174042,3.628474,-2.942566,7.657550,2.119065,-0.554756,6.326458,-1.354388,-1.362142,-12.362338,-7.794436,0.578354,10.887408,12.221489,-3.208673,-0.117034,1.542369,-78.194096,75.757514,-52.443275,32.140524,-43.004340,-14.375890,13.921647,-79.234538,-80.534412,61.830820,20.453258,39.974994,-10.253743,5.802672
603.000000,67.499721,28.530660,44.056928,-5.648082,82.339551,3.715730,-2.337567,5.767509,1.670009,0.107104,6.681332,-1.684312,-0.795009,-10.311613,-7.468814,1.109040,10.597799,12.392598,-2.572574,0.443548,1.885265,-75.092158,73.342339,-50.688569,27.526641,-44.534732,-15.957388,16.811577,-76.291786,-78.005063,59.369992,16.441382,43.016788,-11.527910,3.292786
604.000000,66.837990,28.542295,43.997097,-6.508223,81.832208,4.370724,-1.867521,4.200683,1.512670,0.208174,8.083302,-1.990591,-0.214919,-8.366292,-6.967439,1.240143,11.036875,12.453850,-2.212804,0.981423,1.962826,-71.657290,70.880882,-49.131965,21.059814,-46.202705,-17.750448,20.392906,-72.544204,-75.338045,56.576158,11.102553,46.446437,-12.972781,-1.161302
605.000000,66.319776,28.553435,43.936247,-6.568052,81.549575,4.460960,-1.492259,2.952241,2.396782,0.195437,8.505658,-1.869708,0.302398,-6.805889,-6.712096,1.251017,11.267507,12.559777,-2.206797,1.222426,1.641329,-68.991208,69.046956,-49.090376,13.207259,-46.781052,-19.522223,23.821417,-69.356616,-73.005426,55.022047,4.550909,47.455676,-14.341288,-5.097013
606.000000,65.960836,28.575704,43.851426,-6.465892,81.338383,4.204825,-1.336799,1.704189,2.666699,0.331685,9.070313,-1.538304,0.680221,-5.483192,-6.461178,1.289407,11.459930,12.584041,-1.967684,1.332363,1.143539,-67.674286,67.269556,-50.122964,4.982240,-46.322240,-20.783559,26.680604,-67.236867,-70.855911,54.558489,-2.317699,46.669870,-15.587223,-8.477159
607.000000,65.784663,28.618342,43.762314,-6.965932,81.161423,4.267131,-1.300635,0.504217,2.198234,0.316574,9.539514,-1.840331,0.897200,-4.334472,-6.584617,1.387499,11.566929,12.457494,-1.420210,1.489743,0.688130,-67.410962,65.136208,-51.568635,-2.904128,-45.663230,-21.616041,29.525613,-66.145806,-68.443966,54.558397,-9.083393,45.446043,-16.781406,-12.621058
608.000000,65.801179,28.681773,43.694404,-7.912381,81.028245,4.841874,-1.413700,-0.577903,1.396147,0.255988,9.738028,-2.409152,0.939558,-3.223680,-6.630249,1.478012,11.322469,12.203881,-0.866490,1.775942,0.190080,-68.221582,62.911691,-53.069931,-10.027850,-43.616393,-22.114337,31.825338,-65.963686,-65.977087,54.578119,-15.501143,43.313484,-17.727816,-16.165743
609.000000,65.983027,28.752923,43.645847,-8.063484,80.975051,4.810802,-1.654790,-1.669933,0.470510,0.364623,9.762229,-2.717738,0.809803,-2.229686,-6.197914,1.555452,10.894771,12.655975,-0.420752,1.934438,-0.329567,-69.786980,60.313815,-53.965150,-15.962164,-40.777332,-22.569988,33.710149,-66.155348,-63.442041,54.082599,-21.198003,40.793674,-18.928160,-19.697443
610.000000,66.298735,28.814545,43.625569,-7.937074,81.008858,4.690736,-1.916410,-2.560132,-0.125380,0.662221,9.653572,-2.998575,0.552988,-1.345131,-5.240642,1.658427,10.654946,13.113206,-0.268405,1.975684,-0.864988,-71.149575,57.336433,-53.947139,-20.851548,-37.716247,-23.054950,35.727210,-66.415387,-60.408809,52.758536,-25.841094,37.419512,-20.268117,-23.615253
611.000000,66.704929,28.869525,43.656385,-8.271867,81.198364,5.087191,-2.135106,-3.187422,-0.454520,1.099554,9.153305,-3.320414,0.176943,-0.584149,-4.328202,1.839954,10.097330,12.891853,-0.295096,2.041100,-1.536951,-71.940074,54.173639,-53.297407,-25.041914,-34.751897,-23.526899,37.971334,-66.545959,-56.887990,50.839734,-29.547429,33.178375,-21.190339,-27.475618
612.000000,67.123592,28.921539,43.734938,-8.979463,81.616041,5.840591,-2.255266,-3.678275,-0.800259,1.671268,8.484401,-3.824357,-0.262064,0.007196,-3.744851,2.166921,8.810935,12.785562,-0.383286,2.009790,-2.519799,-72.445419,50.720705,-52.319481,-28.496536,-32.476002,-23.884866,41.131092,-66.659662,-53.191133,49.233434,-32.967588,29.530398,-21.953656,-32.062428
613.000000,67.509848,28.969797,43.863261,-9.388072,82.333167,6.454451,-2.233287,-4.176884,-1.452954,2.323291,7.492305,-4.215088,-0.730583,0.388351,-2.829296,2.647218,7.502016,13.118972,-0.513898,1.740346,-4.067460,-73.801335,47.527219,-50.940913,-30.773458,-28.633946,-23.653732,44.181475,-67.324410,-50.765504,48.532025,-36.309672,26.326921,-22.628258,-36.101655
614.000000,67.868823,29.004204,44.068739,-9.418761,83.347630,6.833931,-2.024279,-4.499276,-1.686565,3.178587,6.310780,-4.076627,-1.063143,0.454880,-1.757377,3.195021,6.092543,13.300806,-0.781699,1.458198,-5.943849,-75.605044,44.359862,-49.614470,-32.626683,-25.001013,-23.330845,47.037983,-68.496737,-49.433737,48.120954,-39.221753,23.459067,-22.659019,-38.552911
615.000000,68.201804,29.037970,44.356912,-10.614313,84.669965,8.346543,-1.652460,-4.254824,-0.549775,4.369487,5.462171,-3.961110,-1.109851,0.065316,-1.856775,3.933989,3.928095,13.071316,-1.083883,1.387462,-8.228824,-77.616569,41.545360,-48.343669,-34.122898,-22.067344,-23.199748,49.348137,-70.242710,-48.184577,47.478776,-41.804326,22.075257,-22.722887,-40.412115
616.000000,68.547708,29.065546,44.723821,-12.866685,86.286173,10.753955,-1.111048,-3.625820,1.512628,5.972875,5.328330,-3.713672,-0.804087,-0.988267,-3.295441,5.144373,2.624989,12.417391,-1.204295,1.327071,-10.939685,-79.502978,38.863408,-46.849306,-35.140203,-19.836550,-23.040928,51.049431,-72.579912,-46.781748,46.705735,-43.829980,21.372150,-22.741378,-41.670322
617.000000,69.000083,29.093215,45.134026,-32.031823,88.211438,29.600075,-0.862892,-2.593477,3.255440,8.213063,7.219945,-3.307066,-0.388271,-2.394189,-6.019350,7.170465,0.937939,11.352437,-0.820965,1.714624,-14.171436,-81.150673,36.153568,-44.813732,-36.179358,-17.776720,-22.485775,52.834775,-74.728328,-45.144176,45.664111,-45.549220,20.498989,-22.264986,-42.503639
618.000000,69.858813,29.206628,46.557552,-80.114439,88.876517,77.444515,-1.674121,-0.811212,5.410207,14.401042,6.668900,-3.402062,-1.201301,-4.872416,-9.109480,13.645833,-0.089833,10.203988,-0.558584,2.282713,-15.590451,-81.851887,33.970103,-42.322779,-37.483074,-17.724247,-22.173651,53.335841,-75.324098,-43.299294,44.239777,-47.379622,20.680075,-22.064052,-42.685677
619.000000,70.706367,29.218343,46.722361,-147.162354,87.957059,144.340466,-1.586753,1.112816,7.910448,21.858400,3.644990,-3.360383,-0.743314,-7.496815,-11.380058,20.707680,-2.326052,8.540819,-0.126990,2.555568,-19.085598,-83.292798,32.356689,-39.375965,-37.929219,-20.060542,-20.899267,52.686150,-76.606883,-41.562060,42.169578,-47.988062,22.082435,-21.042220,-42.028288
620.000000,71.603769,29.195765,46.569821,-157.495444,86.856095,154.489298,-0.940235,3.671081,10.533733,32.068770,0.596280,-2.874993,0.607607,-10.194869,-12.817706,29.757714,-5.218978,6.571874,0.298050,2.770926,-22.121707,-85.290512,31.445105,-36.873791,-37.028296,-22.639514,-20.161004,51.825874,-78.082326,-39.829818,40.215993,-46.943924,23.636097,-20.033978,-41.249681
621.000000,72.352058,29.114243,46.282554,-158.439045,86.573909,155.502800,0.008440,6.901464,12.606717,45.604268,-3.568752,-1.645389,2.486301,-12.780630,-12.980080,41.230143,-8.876044,4.772352,0.614407,2.792673,-24.067427,-87.762781,30.794454,-35.017448,-35.270206,-25.363083,-19.843269,51.133344,-79.608341,-38.305057,38.759377,-45.324210,26.495412,-19.461004,-40.249082
622.000000,72.760016,29.022041,45.996898,-153.823807,86.818956,150.976428,1.234044,10.232224,13.104944,61.329580,-9.051369,-0.164856,4.560607,-14.755666,-11.765628,54.737573,-13.132972,3.448379,0.966680,2.825730,-25.020199,-90.375294,30.338625,-33.674038,-32.723228,-28.593016,-19.393745,50.633627,-81.526121,-37.040457,37.468055,-43.099894,29.853066,-19.316929,-39.018770
623.000000,72.872007,28.925994,45.773438,-147.988749,86.925176,145.017507,2.634093,12.779617,11.915211,77.360819,-14.924839,0.777914,6.407688,-16.171291,-9.649436,69.315232,-17.459792,2.235132,1.501388,2.959842,-25.812741,-93.651032,29.345078,-32.413213,-28.259209,-30.768978,-18.536010,50.440544,-83.946249,-36.337235,36.604179,-39.620486,31.418242,-18.631127,-39.075782
624.000000,73.006040,28.827667,45.611507,-137.896256,87.201843,134.737180,5.032658,14.668511,9.789078,92.156423,-20.272225,1.042183,8.911833,-17.514818,-7.215933,83.723496,-21.301825,0.753923,1.639176,3.212228,-25.934771,-95.917596,29.952442,-31.362354,-23.143130,-33.840083,-19.297351,50.591717,-86.630732,-36.055981,35.350908,-34.537207,34.488122,-18.379744,-38.732145
625.000000,73.336864,28.727940,45.485288,-127.884751,87.483374,124.622765,7.690491,16.729855,7.145560,105.138898,-24.816586,1.671690,11.489235,-18.928505,-4.387323,97.216623,-24.191808,-0.751352,2.050276,4.112312,-25.912223,-96.535066,32.179473,-30.591068,-18.194229,-36.349758,-21.158604,50.691314,-89.717240,-36.469891,35.371928,-28.042452,39.305990,-18.329588,-37.762203
626.000000,73.852313,28.628072,45.347348,-116.678032,87.388426,113.221949,9.734321,20.119990,3.888672,114.806423,-27.945050,3.564645,13.207080,-20.370986,-1.205661,108.613477,-25.934969,-2.248889,1.909510,4.476709,-25.512797,-101.951700,32.117264,-33.219472,-7.144418,-40.250657,-21.586733,51.544531,-93.705141,-36.334626,37.433712,-18.317469,42.897263,-19.631856,-38.576796
627.000000,74.466205,28.485885,45.216042,-99.437602,86.948017,95.824972,10.984954,25.475685,0.284958,118.265750,-29.940633,5.973728,14.197265,-21.646497,1.761725,115.498950,-26.767851,-3.249802,2.106692,4.717345,-24.201105,-107.320276,32.895800,-37.917628,4.718173,-44.720981,-22.338463,51.596905,-98.793092,-37.802146,39.659610,-5.314212,45.617857,-20.926122,-39.301868
628.000000,74.850810,28.528509,45.201913,-100.431210,86.243906,97.079232,9.701739,29.981802,-2.892653,115.122756,-31.653863,8.055424,13.027362,-23.016686,4.024399,116.165248,-26.830072,-3.620387,1.819539,4.102352,-22.308781,-117.269772,30.186793,-45.257855,22.234989,-51.084105,-21.197980,49.276851,-107.005063,-38.997638,44.074968,11.687536,50.123613,-21.387291,-36.843939
629.000000,75.230956,28.698340,45.427662,-115.970932,86.297549,113.073670,6.022935,32.550667,-4.477420,107.333144,-31.807699,9.494736,9.684145,-25.419551,5.611522,110.942790,-25.737439,-3.295461,1.471682,3.671966,-20.975340,-125.875919,30.424460,-53.890346,38.447316,-56.856936,-17.147547,42.491765,-117.609082,-39.841494,51.925953,30.616470,56.142775,-18.327387,-31.281027
630.000000,75.692785,28.924316,45.861259,-143.552562,86.056616,141.082944,1.046820,33.978839,-4.270822,96.923424,-29.622698,10.885862,4.569365,-28.809038,6.510400,102.164132,-22.062817,-3.335029,0.596220,3.168922,-19.989339,-134.307296,33.138582,-68.637473,52.620296,-59.542277,-11.834879,32.057291,-129.105137,-38.751338,64.207890,50.862704,59.759900,-11.455781,-23.506120
631.000000,76.152623,29.361796,46.459740,-162.407459,85.061056,160.145730,-2.867532,33.515520,-2.718262,84.491387,-26.902937,11.692923,-0.647590,-32.488013,6.553508,91.404645,-15.770589,-3.494373,2.009521,2.684776,-17.831109,-141.366556,34.641497,-80.214090,63.435881,-56.491023,-5.902364,22.328409,-139.077487,-37.506051,79.427928,68.687709,56.590204,-2.847893,-12.859992
632.000000,76.526189,29.736030,47.023976,-167.573767,83.551848,165.485820,-5.240407,33.177289,-0.420531,69.822258,-22.621392,11.577901,-4.349342,-34.691777,4.735408,78.973960,-10.010856,-3.483253,3.946246,2.123345,-19.332593,-139.731423,34.254529,-80.214090,70.960939,-39.448290,-2.165047,14.486169,-137.414158,-38.109133,80.214090,78.532115,41.127141,1.049008,-5.206082
633.000000,76.713669,29.824054,47.564077,-170.643483,81.543031,168.749480,-6.968130,33.150904,2.478553,53.498768,-15.527212,10.515085,-6.952626,-34.535981,2.686610,65.234700,-4.491603,-2.126811,4.383190,1.808734,-20.179896,-138.790673,34.916572,-80.214090,76.235033,-24.944500,-1.586099,11.118214,-136.184328,-39.979638,80.214090,82.017321,30.131414,-0.211502,-3.118971
634.000000,76.479948,29.936463,48.090303,-172.070986,79.898681,169.776887,-7.871787,31.517713,3.411242,37.644830,-9.755535,7.956300,-8.850861,-33.504916,1.538385,51.261946,1.057748,-0.157686,3.616287,1.590724,-19.883408,-137.407464,36.909055,-80.214090,79.327613,-14.870421,-2.580420,9.722975,-133.960637,-42.347897,80.214090,82.914139,22.978901,-2.497282,-2.780944
635.000000,75.965130,30.086440,48.654473,-172.320572,79.686326,169.202423,-8.172811,29.532157,1.559062,24.154843,-4.188588,4.364112,-9.678789,-32.336284,1.457607,37.938696,5.943544,2.020035,3.205042,1.484606,-18.224709,-134.192221,39.815833,-80.214090,81.745780,-6.489000,-3.686148,8.227718,-130.075803,-45.228857,80.214090,84.169985,15.920172,-3.031418,-1.722466
636.000000,75.330848,30.114841,48.950368,-172.767214,80.643274,168.887118,-8.642719,27.562214,-2.864539,15.086798,1.850755,1.512286,-9.414296,-30.757575,2.866646,26.463834,11.320534,4.513373,3.178177,1.760923,-14.596753,-130.781662,43.251353,-80.214090,82.926030,-5.227729,-4.558924,8.475131,-127.346350,-47.647683,80.214090,84.991548,15.617909,-2.673279,-0.122197
637.000000,74.815345,29.996911,48.799142,-174.529372,82.212446,170.486301,-9.246731,25.198960,-7.763592,10.025393,5.876127,-0.009830,-8.509197,-28.639284,5.994921,17.945588,16.492738,7.091747,2.337622,2.256305,-9.924805,-127.173328,47.229061,-80.214090,82.403487,-10.690852,-5.776551,11.139178,-125.696026,-49.092394,80.214090,84.009845,24.501833,-3.188652,0.276682
638.000000,74.462724,29.801658,48.341677,-177.324892,83.976161,173.658170,-9.714454,22.635769,-9.833290,7.615010,7.481430,-0.287447,-7.558742,-26.107584,8.459092,12.878190,18.670891,9.094487,0.529236,1.755582,-5.328805,-124.110671,50.608386,-80.214090,79.752567,-20.503716,-7.440759,17.032105,-123.319147,-51.029156,80.214090,80.387932,33.116452,-3.988852,-0.767783
639.000000,74.089921,29.748234,47.864330,-178.555898,85.651724,175.216187,-9.739747,20.205936,-9.012764,5.676572,8.173914,-0.705938,-7.072979,-23.901883,6.540781,10.198370,17.915496,9.984581,-0.732404,1.011332,-1.130994,-122.439310,52.784843,-80.214090,75.317630,-31.048254,-8.805368,23.617471,-121.149319,-53.689983,80.214090,74.188661,40.997582,-4.928738,-2.971442
640.000000,73.634201,29.663306,47.449347,-178.965261,87.168880,176.290719,-9.547178,17.935541,-6.709095,3.497402,8.205211,-0.934492,-6.542605,-21.510497,3.290897,8.018788,17.278254,10.603759,-1.589725,0.218319,1.961954,-119.896103,53.532407,-76.833720,70.488030,-38.974005,-9.989700,29.956574,-116.956539,-56.245952,76.330670,65.981663,50.132998,-7.438347,-8.857551
641.000000,73.005223,29.309231,45.540950,163.031503,88.871267,-165.420171,-6.417776,15.280509,-2.083764,1.592543,4.927461,-0.591326,-3.143666,-18.542922,-0.307504,4.651668,14.694850,10.783184,-0.716375,-0.736196,0.946501,-113.059124,52.602282,-69.318251,64.953241,-40.195127,-11.191022,35.854518,-108.803459,-59.125635,69.605317,56.215288,52.183349,-10.729660,-16.209741
642.000000,72.320086,29.257673,45.370224,40.920578,89.129689,-42.820653,-5.894749,12.406265,-0.962419,1.210055,4.232428,-0.214676,-3.193133,-15.852639,-0.511579,3.404133,13.103253,11.440770,-0.065241,-0.994524,1.745133,-107.606646,50.687421,-62.860068,61.091480,-40.380638,-12.421442,39.654221,-102.363758,-60.109169,64.206804,49.824017,51.778909,-13.273196,-21.336843
643.000000,71.611792,29.254925,45.150629,15.168497,87.890444,-16.466306,-5.185100,9.547923,-1.722939,0.526968,4.360190,-0.048917,-3.200295,-12.855385,0.965241,2.060612,11.337657,11.229410,0.438602,-0.859769,0.973749,-98.415752,49.283674,-55.811699,52.320075,-36.640922,-13.832521,46.260284,-89.811940,-61.654192,55.142228,37.156444,50.315856,-15.949933,-28.909783
644.000000,70.725071,29.218626,44.972336,9.087769,86.443214,-10.230108,-4.368282,7.179386,-1.130940,0.876971,4.161582,-0.139513,-3.121999,-10.372631,1.241727,1.900507,10.704757,11.151765,0.309178,-0.597408,1.478243,-96.152712,48.527306,-55.195589,47.863630,-34.975305,-15.084512,46.324607,-86.567238,-59.316020,52.249888,31.950167,51.722448,-17.521011,-29.511536
645.000000,69.813961,29.163897,44.819981,7.034265,85.411347,-8.321084,-3.654037,5.074535,-0.497593,0.767690,5.034291,0.130437,-2.820580,-8.435490,0.129488,1.805766,10.573678,11.110301,0.136320,-0.629368,1.591615,-94.019460,48.421769,-55.048449,41.963846,-32.302785,-16.894070,46.765848,-83.542475,-57.472436,50.223354,26.394732,49.177823,-18.801327,-30.391695
646.000000,68.940341,29.090983,44.663802,5.541540,84.549616,-7.163802,-2.881089,3.167996,-0.313828,0.529605,5.335284,0.264183,-2.230160,-6.892013,-1.350546,1.889690,10.619339,11.009216,0.252098,-0.663650,1.516310,-92.202390,47.332050,-54.754778,35.813994,-30.831846,-18.499111,47.552033,-81.127778,-55.316841,48.971773,21.152939,45.434299,-19.095742,-31.395391
647.000000,68.103081,29.021496,44.515261,3.398166,83.859525,-5.293148,-2.236543,1.604003,-0.157920,0.486748,5.482746,-0.199000,-1.511911,-5.496513,-2.721008,2.068188,10.869885,10.852977,0.563659,-0.444618,1.322368,-90.521740,44.912831,-54.397378,29.945014,-31.656359,-19.363786,46.921224,-79.237803,-52.397509,48.134857,15.715391,44.900243,-19.103264,-31.679848
648.000000,67.351454,28.949827,44.370365,1.544137,83.337856,-3.544792,-1.751962,0.355406,0.159649,0.589743,5.647557,-0.939727,-0.806776,-4.129672,-3.102681,2.200703,11.360675,11.061998,0.860158,-0.194329,0.951064,-89.219114,41.879418,-54.322547,24.691477,-33.685346,-20.165567,45.938527,-78.194567,-49.717428,48.128262,10.369180,45.697900,-19.329710,-31.478033
649.000000,66.765600,28.885561,44.261765,0.233694,82.981971,-2.318652,-1.542392,-0.628645,0.679073,0.739465,6.209454,-1.201734,-0.258020,-2.914515,-2.726480,2.258005,11.647732,11.409796,1.143059,-0.002949,0.550486,-88.330643,38.952794,-54.379039,19.642931,-35.062103,-20.863801,45.281774,-78.150266,-47.784256,48.451893,5.850466,43.763546,-19.553105,-31.707726
650.000000,66.382211,28.844830,44.173524,-0.520540,82.732986,-1.755488,-1.523145,-1.503615,1.008337,0.881834,6.136766,-1.165497,0.101867,-2.015103,-2.393301,2.432124,11.727871,11.710179,1.486747,0.144805,0.235365,-87.564589,36.136653,-53.678856,14.331120,-35.068828,-21.806813,44.368024,-78.290231,-46.035168,48.634584,1.517658,40.368436,-19.746015,-32.243616
651.000000,66.214019,28.808761,44.082701,-1.675782,82.524874,-0.969240,-1.613804,-2.237491,0.618287,1.031281,5.929798,-1.283323,0.320327,-1.310015,-2.371711,2.715854,11.802210,11.713259,1.895852,0.373105,-0.048189,-86.882048,34.160447,-52.307730,9.052608,-33.628737,-22.592973,43.461877,-77.929829,-44.356324,48.594095,-3.297707,37.685787,-20.262173,-32.982119
652.000000,66.244513,28.783160,44.020331,-2.932875,82.369383,0.057549,-1.762620,-2.728038,0.511155,1.217114,5.725295,-1.652013,0.406467,-0.859108,-2.877924,2.985194,11.712167,11.744668,1.970798,0.586350,-0.206464,-85.680618,33.078309,-50.482738,3.653255,-31.571419,-23.835663,44.670988,-77.010772,-43.084649,48.234574,-8.117896,34.754448,-21.086744,-35.438788
653.000000,66.438270,28.772229,43.989187,-3.770780,82.286884,0.860084,-1.890163,-2.886213,1.367290,1.450774,5.467354,-2.130579,0.318112,-0.736599,-3.849361,3.164749,11.598508,11.904367,1.823951,0.708594,-0.404189,-83.728960,32.709704,-48.335838,-1.964934,-29.238998,-24.815086,46.588126,-75.748690,-42.470465,47.404744,-12.944804,30.811660,-21.624898,-37.657992
654.000000,66.762400,28.766045,43.963534,-4.334482,82.328041,1.511821,-2.022822,-2.838838,2.203753,1.762628,4.941004,-2.271409,0.030358,-0.751677,-4.497063,3.232913,11.057790,11.808655,1.659275,0.779703,-0.907070,-81.759086,33.679598,-46.804325,-7.424748,-25.265747,-24.464051,47.445547,-74.554513,-42.547762,46.829396,-18.065482,26.590239,-22.000492,-38.144793
655.000000,67.156142,28.766996,43.949994,-4.345506,82.502334,1.719549,-2.204685,-2.845253,2.441304,2.191027,4.379079,-1.954937,-0.402103,-0.853748,-4.641132,3.293117,10.158697,11.729970,1.612847,0.740899,-1.575450,-79.646774,34.342485,-46.431868,-13.281483,-21.869904,-24.305194,48.667492,-73.759233,-43.006723,47.083410,-23.098604,22.303607,-22.258249,-38.625836
656.000000,67.546356,28.769758,43.970904,-3.763334,82.794629,1.390023,-2.426254,-2.962991,2.130727,2.759446,4.030455,-1.744262,-0.977688,-1.035606,-4.258649,3.442889,9.910633,11.828049,1.620241,0.546888,-2.308409,-77.926892,34.127716,-46.640517,-19.102253,-19.689523,-24.146845,50.121219,-73.292260,-42.978170,48.076657,-27.969269,19.115760,-22.350228,-39.578115
657.000000,67.908084,28.782049,44.015795,-3.680789,83.242791,1.534752,-2.637650,-2.898156,2.064947,3.403337,3.955850,-1.912947,-1.561912,-1.269729,-4.081725,3.619973,9.379679,12.021718,1.600449,0.441926,-3.152690,-77.334148,33.916486,-47.170581,-24.046219,-17.147197,-23.916394,52.002540,-73.175245,-42.296213,49.225740,-32.587567,17.330780,-22.654974,-40.900266
658.000000,68.209147,28.812551,44.079798,-3.623954,83.833129,1.774472,-2.745856,-2.592128,3.099064,3.996256,3.804752,-2.024482,-1.993622,-1.723962,-4.525418,3.897875,8.661870,12.401120,1.409029,0.453659,-4.094463,-77.425303,33.904591,-48.292040,-28.315212,-15.389494,-23.943423,53.875456,-73.569689,-41.457281,49.951670,-36.371782,15.370975,-22.734174,-42.611908
659.000000,68.460232,28.852624,44.161099,-3.518310,84.573804,1.953855,-2.742316,-2.108267,4.830133,4.709505,3.338805,-2.030254,-2.211662,-2.334604,-4.979715,4.385419,8.009952,12.650656,1.108029,0.462535,-5.291365,-78.466251,34.418170,-49.040673,-31.739534,-14.071072,-23.614462,54.807067,-74.290854,-40.594738,50.037624,-39.276839,13.400391,-22.422355,-43.485789
660.000000,68.696970,28.901047,44.277200,-4.522570,85.468056,2.898724,-2.675098,-1.500997,6.369206,5.851591,3.585419,-1.930757,-2.134079,-2.977794,-5.384459,5.236761,6.868767,12.421034,0.985588,0.564547,-6.777982,-80.376020,35.027706,-49.283052,-34.106826,-13.118193,-22.900468,55.530514,-75.386628,-39.543817,49.387694,-41.244521,12.227567,-21.984842,-43.497882
661.000000,68.955326,28.957129,44.474688,-7.418651,86.571477,5.520943,-2.496807,-0.702455,8.270256,7.443940,4.231035,-2.029393,-1.715668,-3.789483,-6.236378,6.661034,5.643577,12.180199,1.039957,0.731860,-8.656046,-82.893348,35.286284,-48.952068,-35.433423,-12.515502,-22.233762,56.094107,-76.944929,-38.484824,47.918555,-42.175861,11.431296,-21.442935,-43.232690
662.000000,69.402570,29.024434,45.815927,-18.707587,87.477551,16.587096,-4.333223,0.968035,9.565115,12.073860,5.701553,-2.325189,-3.202441,-4.997928,-7.421503,11.675347,5.388004,11.624104,1.068192,1.589793,-9.450217,-84.977505,35.519439,-47.472014,-36.524590,-12.218587,-21.837810,56.215513,-77.779619,-37.919960,46.080069,-43.708112,10.364669,-20.993756,-42.413692
663.000000,69.760805,29.111010,45.945188,-47.631435,88.310229,45.030692,-4.031704,2.382999,11.269111,15.595578,5.386547,-2.772458,-2.446423,-6.253309,-9.178706,15.614009,3.481149,10.543904,1.222849,2.169273,-12.176347,-88.247048,36.212188,-45.570670,-36.273509,-12.614912,-21.376701,56.035118,-79.997505,-37.715492,43.755595,-43.740057,10.066001,-20.298644,-42.035511
664.000000,70.233202,29.168805,46.098116,-94.858586,88.274502,91.803702,-3.844307,4.273145,13.111182,20.697804,3.542642,-3.241705,-1.873373,-7.801428,-10.873816,21.108107,0.981827,8.995707,1.407955,2.782574,-14.764724,-92.612106,37.059988,-44.132209,-34.705639,-14.050685,-21.004925,55.998805,-83.273871,-37.970982,41.838344,-42.671904,10.686025,-19.625819,-42.054141
665.000000,70.814788,29.224145,46.070984,-115.272611,87.634926,111.827648,-3.288526,6.287185,14.626864,27.779501,1.065799,-3.077974,-0.787216,-9.553588,-12.046263,28.247403,-1.799474,7.166702,1.554055,3.373888,-17.189341,-96.837691,38.062848,-43.402242,-31.873949,-17.058981,-20.920644,56.424633,-86.994385,-38.511888,40.457618,-40.149898,12.383211,-19.328387,-42.344366
666.000000,71.440786,29.235643,45.937979,-121.027143,87.242376,117.462575,-2.789996,8.710676,16.085681,38.001045,-2.142555,-2.227946,0.546168,-11.502697,-12.544256,37.334787,-5.040484,5.457912,1.481426,3.777833,-19.190873,-101.462966,39.284011,-43.032005,-26.695963,-19.905792,-20.720424,56.933568,-91.195402,-39.218106,39.630619,-35.563791,15.187330,-19.105644,-43.005139
667.000000,71.960324,29.184839,45.755279,-118.265093,87.110146,114.809835,-2.398764,11.552433,16.782400,51.385822,-5.837726,-1.205106,2.089344,-13.081000,-12.103529,48.341576,-8.803056,4.144166,1.269596,4.101742,-20.631592,-106.202038,40.233369,-43.375635,-19.513669,-23.513730,-21.029664,57.080263,-95.804243,-40.088644,39.478784,-28.706547,19.131956,-18.965280,-43.099709
668.000000,72.294027,29.119575,45.581189,-112.266552,86.745749,108.838012,-2.142534,14.514787,16.142783,66.697931,-10.117314,-0.561894,3.625160,-14.400042,-11.440399,60.981828,-12.950624,2.663079,1.164086,4.776828,-21.755384,-111.677179,41.405768,-45.108758,-9.674931,-26.642413,-21.728901,56.553977,-101.446409,-41.255965,40.366391,-18.911959,23.731076,-19.028472,-41.745911
669.000000,72.544712,29.038465,45.442137,-108.227637,86.328280,104.658324,-1.356165,17.161837,14.714876,81.930790,-14.616335,-0.133718,5.169467,-15.762415,-10.307759,74.355850,-16.846120,1.035084,1.308436,5.361992,-22.834540,-117.540206,42.191639,-48.623000,2.622238,-30.511189,-21.443536,53.628774,-107.755496,-42.654726,43.110651,-6.599885,28.729924,-18.786541,-39.681671
670.000000,72.882330,28.940278,45.357153,-107.485435,85.968275,103.790528,-0.169370,19.174513,12.313683,95.693102,-18.597900,0.204869,6.611134,-16.898834,-8.310659,87.582245,-20.268960,-0.031782,1.556304,5.576697,-23.435789,-124.343703,41.198670,-53.852265,16.841172,-38.326647,-20.127591,47.279645,-115.681657,-43.726191,48.343160,8.262759,35.348674,-18.306710,-35.976536
671.000000,73.432982,28.873423,45.327422,-108.946028,85.813309,105.243800,0.932628,20.344815,8.843417,106.910731,-21.671130,0.735842,7.730584,-17.862075,-5.263594,99.675416,-22.779767,-0.613316,1.670699,5.421895,-23.457369,-131.596859,39.494080,-60.599603,31.496646,-46.652996,-17.348378,38.609284,-124.708094,-43.898705,55.555625,24.820197,41.440738,-16.110425,-28.492272
672.000000,74.231017,28.790027,45.314965,-110.671857,85.594184,106.987494,1.703733,22.691714,4.945028,113.946939,-23.070938,2.325075,7.998316,-18.956705,-1.523422,109.185287,-23.816072,-1.731248,1.496022,5.351060,-23.062813,-138.695597,37.549327,-68.846934,46.114077,-51.948554,-12.346930,26.929759,-133.846477,-42.783410,64.845515,41.883041,43.722575,-11.298678,-17.487750
673.000000,75.077039,28.663382,45.334658,-109.964612,85.023121,106.502660,1.795278,27.547630,0.857421,114.994445,-23.162087,5.191462,7.325087,-20.584001,2.159205,114.229149,-23.813620,-3.647462,1.609310,6.178091,-22.670648,-144.233023,37.300619,-80.214090,56.979047,-53.161087,-7.294597,14.190781,-141.545316,-40.334214,76.860460,57.070680,43.415517,-5.099699,-2.905813
674.000000,75.811493,28.759193,45.459870,-113.820455,84.614469,111.183747,0.669321,31.548869,-2.029358,110.178246,-23.744531,7.628416,5.684186,-23.098498,5.216877,113.479618,-22.641447,-4.854542,2.722852,5.355300,-26.436539,-140.213894,35.867099,-80.214090,63.219985,-40.217899,-1.848244,0.791419,-138.006390,-40.818536,80.214090,64.940530,30.291759,1.459300,12.529034
675.000000,76.444906,29.019490,45.813361,-125.901341,84.310568,124.146466,-1.612716,32.795396,-3.255060,101.790446,-24.288233,8.834613,2.598765,-25.782646,7.486321,108.078031,-20.965868,-4.697901,1.760992,3.597060,-28.265377,-138.856448,33.721190,-80.214090,68.848218,-25.854945,0.301961,-9.244244,-134.744196,-42.463945,80.214090,69.531947,11.504868,3.465558,24.343824
676.000000,76.996118,29.134798,46.286139,-137.597908,83.934821,136.417005,-3.700598,33.777440,-2.961135,91.346438,-23.694117,9.861683,-0.568546,-28.331982,8.392759,99.780868,-19.602506,-4.490447,1.075635,2.038946,-27.919261,-139.079645,33.523740,-80.214090,72.505381,-15.408842,0.459121,-14.906031,-132.926041,-45.240004,80.214090,71.890644,0.799276,3.370900,27.392371
677.000000,77.536738,29.193497,46.838927,-149.520306,83.120946,148.773081,-6.037392,34.783090,-1.754871,79.878338,-21.824164,10.759576,-3.730572,-30.921895,8.149216,89.842300,-17.385896,-4.381817,1.367808,0.542430,-27.726596,-138.426051,34.742628,-80.214090,74.226794,-7.786667,-0.233372,-20.444979,-130.174239,-49.235685,80.214090,72.244830,-0.180577,2.107232,26.359660
678.000000,78.017223,29.236746,47.382355,-158.515892,81.567390,157.824234,-8.337532,34.555843,-0.795989,67.675953,-19.424737,10.885074,-6.631160,-32.735772,7.112596,79.199056,-15.699309,-4.319893,1.490796,-1.206619,-27.647392,-137.216725,36.649532,-80.214090,73.878987,-4.482910,-0.500064,-26.438470,-125.835649,-55.007533,80.214090,70.659345,-0.532145,0.494894,27.555813
679.000000,78.381634,29.215863,47.967988,-163.087500,80.147893,162.268056,-10.054862,34.279620,-0.170622,55.340180,-16.424190,10.107808,-8.569797,-33.916107,5.666619,68.728266,-14.303139,-4.040739,2.227731,-3.661504,-26.678738,-136.193207,38.887689,-80.214090,72.297641,-1.317211,-0.903041,-32.939144,-119.780672,-63.605447,80.214090,66.866131,-0.815583,-0.616203,29.077942
680.000000,78.606242,29.142782,48.562810,-166.077823,79.745605,165.159206,-10.441777,33.388837,-0.573321,43.089068,-12.254941,8.225410,-8.756389,-33.755655,5.469729,58.196593,-12.172549,-2.232335,7.018271,-9.779508,-23.003982,-138.635532,37.567256,-80.214090,68.733232,1.258790,-2.146382,-41.107695,-108.848394,-81.924895,80.214090,58.322780,7.369468,-2.293542,28.080263
681.000000,78.443485,29.164413,48.894474,-168.702395,79.443928,167.229106,-10.841381,32.012540,-2.029910,33.624905,-10.441190,6.519975,-9.132662,-33.062279,6.436726,49.152657,-10.824573,-0.537209,10.821561,-11.248724,-18.882920,-138.074774,39.296206,-80.214090,67.396721,-0.252582,-2.511132,-45.060483,-102.244701,-91.893010,80.214090,53.019688,15.400704,-3.303828,29.519418
682.000000,78.175008,29.222983,49.193999,-169.933214,80.182000,167.806511,-10.949189,31.420677,-3.188479,27.265410,-9.481271,5.589669,-9.147995,-33.377594,6.973339,41.808968,-9.352111,0.596828,14.629280,-11.359236,-14.329805,-135.742128,42.497488,-80.214090,64.909419,-5.234694,-1.862448,-47.348077,-95.359324,-101.048919,80.067152,46.130360,20.734877,-4.318169,30.886481
683.000000,77.778345,29.241544,49.193135,-171.324736,81.190098,168.743814,-11.181559,31.246763,-3.369123,23.420970,-8.520803,5.048227,-8.766871,-33.535686,7.357160,35.875644,-7.538239,1.736004,16.931312,-10.085672,-10.500276,-132.082130,46.675310,-80.214090,60.703457,-9.753331,-2.053260,-48.369303,-90.112209,-107.298474,79.874718,39.061428,22.958233,-5.235314,32.398791
684.000000,77.294606,29.321072,49.155441,-169.002636,83.004042,166.196667,-10.784158,30.572343,-4.984223,20.377723,-5.837713,3.842006,-7.653691,-32.803080,8.248108,31.142370,-4.963627,3.050619,18.380162,-5.966878,-5.046237,-127.996871,55.792827,-80.214090,50.820299,-16.727842,-2.332252,-47.325558,-76.002787,-117.970057,66.395654,26.882564,28.534430,-4.455092,35.678753
685.000000,76.582617,29.409710,48.974940,-162.894307,84.442724,160.056612,-10.443236,29.772979,-5.994968,17.379754,-2.887778,2.531543,-7.136048,-31.401494,8.701195,27.878018,-3.396760,3.912564,15.970837,2.279715,-0.302857,-123.661490,67.296372,-80.214090,43.937039,-30.092406,-1.678203,-45.556938,-46.577102,-128.999925,33.939569,17.678292,41.825305,-0.453438,39.917118
686.000000,75.675452,29.492772,48.747301,-151.767980,85.586164,149.028591,-9.716548,28.967652,-5.800451,13.779322,-0.557536,1.229887,-6.509278,-29.875251,7.962458,24.188821,-0.007082,5.122892,9.203297,6.447372,0.723070,-115.580926,77.292340,-80.214090,37.527330,-40.926586,-2.175426,-41.692346,-19.043940,-129.001441,6.151034,16.694661,48.235462,1.205460,39.711700
687.000000,74.615043,29.413781,48.263437,-147.038105,86.253458,144.047008,-9.310309,27.624055,-4.065562,11.323627,0.971532,0.184831,-6.521461,-28.727922,5.669819,20.485788,3.079680,5.809230,7.605689,5.555436,1.393086,-113.349715,77.946249,-80.214090,34.127894,-45.429439,-3.836668,-37.801597,-13.107511,-126.787504,0.888161,14.587896,48.472008,0.399636,39.635670
688.000000,73.578858,29.288429,47.949326,-139.405447,87.147322,136.329268,-8.832374,25.823909,-2.487635,9.440232,2.833553,-0.947846,-6.265569,-27.049274,3.651023,16.664724,4.798940,6.789757,6.670288,3.864481,1.841143,-111.142703,77.606515,-80.214090,29.859169,-48.813091,-6.372155,-31.815800,-8.024015,-121.648688,-3.658784,11.629498,50.234371,-0.385693,37.639380
689.000000,72.550076,29.158208,47.691938,-123.315280,88.277554,120.348049,-8.096566,23.364224,-1.605302,7.723229,4.620054,-2.055196,-5.765702,-25.189599,1.953248,13.360187,6.764200,8.336066,6.480901,1.691783,2.194607,-108.268914,75.774720,-80.214035,25.033337,-51.417012,-9.684480,-22.421091,-2.858242,-115.734987,-8.099541,6.772331,53.693849,-2.027918,31.811275
690.000000,71.532565,29.036492,47.187689,-81.334092,88.986138,78.507556,-7.403761,20.701842,-0.930231,6.790478,5.250976,-1.965680,-5.219218,-23.112416,0.053924,11.216880,8.843324,9.516811,7.046514,0.327589,2.819697,-104.771782,72.547127,-77.576435,21.790841,-52.292417,-12.507335,-13.192389,-0.508566,-111.274997,-10.522134,1.342035,55.184155,-4.785812,26.155079
691.000000,70.586127,28.979185,46.914035,-20.634661,88.447605,18.060453,-6.745057,18.066774,0.055571,5.869483,6.041263,-1.656814,-4.606815,-21.253302,-1.712848,9.501725,10.694603,10.519635,8.385206,-0.339776,3.053729,-98.247333,67.231949,-72.570999,17.550834,-51.280592,-15.230622,-0.760407,0.787840,-106.661634,-10.910640,-5.665084,55.859982,-7.536571,18.552177
692.000000,69.691467,28.934425,46.540552,-6.994076,87.407337,4.411704,-6.001059,15.621840,1.428116,5.118542,6.267532,-1.555266,-4.013382,-19.262274,-4.248282,8.263112,11.469599,11.157873,10.279054,-0.229553,2.734922,-91.825056,60.524260,-67.129524,13.418942,-49.503609,-17.415277,10.006859,-0.597144,-102.188434,-8.676239,-12.549888,57.369108,-9.667624,11.222087
693.000000,68.858892,28.895295,46.209693,-4.438483,86.319652,1.689816,-5.292680,13.278139,2.357451,4.505694,6.563841,-1.764457,-3.495872,-17.042157,-6.206743,7.314212,11.923284,11.494519,12.020669,0.016452,2.212413,-86.821185,53.772734,-63.233543,9.078194,-46.695958,-18.617151,18.852953,-4.771036,-97.670592,-3.790671,-18.845062,56.114908,-11.559063,4.533190
694.000000,68.079168,28.699499,44.379199,-2.286877,85.619713,-1.263355,-2.468952,10.629781,5.039369,3.035380,4.856747,-1.591602,-0.865903,-14.223952,-8.830302,4.901065,9.955031,11.533515,9.148793,-1.944464,-1.958344,-81.581876,51.965053,-63.605215,3.741104,-43.728924,-17.744589,26.352799,-29.587177,-87.172372,22.447227,-23.102859,51.069246,-11.775619,-1.780537
695.000000,67.391241,28.693220,44.206804,-1.981601,84.643425,-1.276076,-2.408089,8.248456,5.104902,2.616875,5.647280,-1.601273,-0.613675,-12.353430,-10.068476,4.557560,9.793966,11.637866,3.877342,-0.883003,-3.229709,-75.665198,54.185957,-61.333856,-0.898177,-42.478480,-18.451256,28.678188,-57.576200,-72.764027,49.325809,-18.528563,48.960807,-12.900588,-7.245250
696.000000,66.818023,28.732499,44.028029,-2.952358,83.513468,-0.414933,-2.327714,6.181729,4.993872,2.774779,5.711168,-1.540354,-0.391278,-10.347182,-10.185526,4.422060,9.324711,11.870058,3.513940,0.278920,-2.793559,-74.227327,52.121088,-60.831673,-4.228780,-42.262878,-19.688498,30.572927,-60.998364,-68.066974,51.799198,-19.840438,48.244471,-14.454828,-10.394047
697.000000,66.437185,28.778487,43.869343,-3.183296,82.656551,-0.227890,-2.294537,4.350753,5.709472,2.614591,5.666821,-1.715343,-0.117099,-8.791107,-10.855454,3.998928,8.901061,12.339964,3.324738,1.283037,-2.594550,-72.807624,50.439718,-60.805670,-8.779570,-41.615113,-20.729684,32.332268,-62.980389,-64.253167,53.710760,-21.539775,46.521320,-16.035157,-14.424122
698.000000,66.249663,28.816473,43.735817,-4.205969,82.003499,0.802366,-2.357409,3.024204,6.920654,2.526681,5.497875,-2.347183,0.047789,-7.385668,-11.331426,3.749977,8.490391,12.390925,3.143069,2.159829,-2.636665,-71.851848,49.547743,-60.533112,-13.475773,-40.104309,-21.215387,33.149654,-63.991571,-61.529527,54.775402,-23.691893,44.088287,-17.260569,-17.998704
699.000000,66.255999,28.848323,43.621567,-5.328315,81.495064,1.953794,-2.467009,1.891344,7.097318,2.389052,5.058091,-2.877874,0.021948,-5.950005,-10.853602,3.729849,8.594153,12.020546,2.969169,2.828082,-2.728862,-71.042348,48.964854,-59.868760,-17.454591,-37.354069,-21.675609,34.710635,-64.441592,-59.621391,55.097456,-25.921922,40.887131,-18.296760,-21.307694
700.000000,66.406763,28.866747,43.541402,-5.839774,81.127348,2.548885,-2.604905,0.917400,7.027875,2.254280,4.546000,-3.163619,-0.086293,-4.747475,-10.311397,3.765710,8.484109,12.359744,2.773590,3.189499,-2.822030,-69.969831,47.882082,-59.240526,-21.061435,-34.778483,-22.073261,36.980662,-64.301074,-57.886932,55.378979,-28.598588,38.743183,-19.048745,-24.653114
701.000000,66.656399,28.852770,43.512523,-5.066378,80.970252,1.979249,-2.681544,0.110287,7.360605,2.221495,3.601845,-3.376133,-0.311765,-4.060854,-10.078739,3.731023,8.178535,13.495887,2.564906,3.098313,-3.089856,-68.515342,46.111280,-59.148803,-24.641197,-33.817677,-21.922551,39.458682,-64.244090,-56.831190,56.087055,-31.907642,37.679514,-19.899442,-27.389088
702.000000,66.958475,28.819725,43.514737,-3.962849,81.041647,1.014045,-2.709264,-0.538618,7.095338,2.364283,2.848617,-3.582586,-0.668039,-3.708160,-10.054206,3.578776,7.415555,14.698308,2.469177,2.837377,-3.763070,-67.972376,44.925860,-59.714589,-27.796771,-32.361887,-22.271642,42.113772,-64.854374,-56.890620,57.296251,-35.206224,36.244272,-20.556967,-29.573790
703.000000,67.275184,28.701127,43.562874,-3.840407,81.335752,1.107905,-2.696539,-0.791628,6.403157,2.570154,2.683915,-3.849377,-1.120842,-3.195939,-9.669869,3.379055,6.412760,14.998771,2.215445,2.635255,-4.858548,-68.464095,44.601549,-60.587494,-30.800871,-30.442635,-22.211753,43.890075,-65.992974,-57.258879,58.795320,-38.333976,34.845750,-20.841957,-31.737533
704.000000,67.584133,28.652823,43.660486,-3.689691,81.859768,1.324787,-2.644782,-1.027025,5.618142,2.780467,2.653736,-3.927963,-1.495123,-2.987490,-8.869350,3.322521,5.418370,14.998974,1.673388,2.438667,-6.267378,-69.414099,44.592567,-60.628468,-33.611115,-28.515939,-21.871574,45.395780,-67.180149,-56.995108,59.878014,-41.265186,34.282236,-21.123972,-34.110357
705.000000,67.858756,28.652874,43.817696,-3.684007,82.587566,1.537970,-2.574881,-1.511979,3.771253,3.086462,2.650039,-4.337437,-1.670123,-2.965935,-7.883729,3.621026,4.880491,14.998597,1.132366,2.353146,-7.922952,-70.503788,44.179856,-59.655794,-35.925651,-26.450580,-21.858106,47.568986,-68.439841,-55.925995,59.800628,-43.605143,33.537021,-21.580430,-36.520506
706.000000,68.121660,28.644082,44.046772,-4.742441,83.547823,2.693360,-2.488155,-1.931903,1.735686,3.690644,3.213062,-4.880364,-1.562227,-2.833051,-6.940366,4.289899,4.743212,14.744013,0.699037,2.490825,-9.879978,-71.769674,43.337270,-57.684568,-37.514544,-24.051978,-21.801909,49.403574,-69.691227,-54.155470,58.186689,-45.148852,32.120877,-21.826554,-38.540743
707.000000,68.424523,28.625619,44.361672,-7.255381,84.811283,5.329430,-2.354835,-1.923388,1.496598,4.732432,4.007715,-4.920297,-1.180868,-2.684702,-6.610258,5.330476,4.155304,14.086483,0.318337,2.760213,-12.129842,-72.987620,42.163956,-54.842137,-38.480053,-21.937442,-21.693738,50.888184,-70.714233,-51.735883,55.365346,-46.175368,30.680810,-21.935846,-39.765607
708.000000,68.772024,28.631014,44.742972,-13.061698,86.304444,11.115260,-2.056841,-1.739298,2.011572,6.166458,4.842301,-4.991799,-0.546785,-2.523985,-6.474163,6.831389,3.274960,13.375524,0.151790,3.092208,-14.662318,-74.257523,40.762511,-51.666959,-39.005619,-20.333926,-21.597825,51.766895,-71.519273,-48.843929,51.981773,-46.655622,29.446021,-21.862642,-39.859553
709.000000,69.208163,28.654230,45.181966,-36.955195,88.038777,34.776833,-1.879645,-1.342477,2.589437,8.124066,5.549822,-5.731290,-0.050047,-2.407916,-6.884258,9.230878,1.765555,12.811610,0.276342,3.557771,-17.655103,-75.583440,39.418248,-47.949226,-38.954338,-18.778111,-21.560863,52.392185,-71.808251,-45.635728,48.190434,-46.576894,27.594598,-21.271688,-39.773868
710.000000,69.951946,28.787026,46.630213,-83.101125,88.383787,80.753849,-3.159322,-0.425863,3.915939,14.076259,6.212142,-6.362356,-1.339145,-3.359724,-8.525486,16.689984,0.382005,11.699885,0.366696,4.463236,-18.820813,-76.042545,38.395010,-43.874331,-38.944209,-17.482223,-21.593028,53.032772,-70.782056,-43.169541,44.814094,-46.959610,26.250570,-20.733767,-39.145576
711.000000,70.696944,28.839549,46.750337,-128.368196,87.367712,125.744848,-2.464670,0.928807,6.050713,19.875331,5.489963,-6.714379,-0.395538,-4.695017,-10.858811,23.450083,-2.121242,9.759236,0.560173,5.055871,-21.850197,-77.585608,37.839743,-40.375318,-38.448231,-17.743938,-21.080923,53.201628,-71.047122,-40.846399,41.789467,-46.336376,26.871779,-19.962650,-38.558860
712.000000,71.567458,28.867465,46.654281,-139.954769,86.189113,137.281223,-1.401965,2.820102,8.665348,28.605667,4.368122,-6.538060,1.013954,-6.415206,-12.275190,32.726035,-5.057660,7.373540,0.567036,5.540462,-24.312758,-79.627588,37.768798,-37.486397,-37.571344,-18.579580,-20.277404,52.648403,-72.386393,-38.999933,39.286743,-45.182815,27.309898,-19.656509,-38.261275
713.000000,72.364014,28.872743,46.400511,-143.686008,85.877587,141.223561,-0.267036,5.121330,11.270110,41.569634,0.675797,-5.350773,2.804913,-8.207105,-11.716839,44.885271,-8.777156,5.815228,0.511914,5.591907,-25.745814,-81.865275,37.494310,-35.450202,-36.308623,-19.644510,-19.872017,52.328483,-74.693111,-37.709864,37.554166,-43.515589,26.137872,-18.977860,-38.366733
714.000000,72.844201,28.861162,46.119189,-141.671193,86.110698,139.376794,0.865524,7.992176,12.748352,58.010347,-4.859155,-3.690654,5.104085,-9.899692,-10.226877,59.064539,-13.025878,4.306480,0.464269,5.594128,-26.257079,-84.674709,36.770870,-33.681148,-34.292273,-21.085398,-19.794723,51.650649,-77.344038,-36.446692,36.683324,-41.771856,27.660007,-18.682183,-37.746450
715.000000,73.017752,28.822768,45.887813,-133.377069,86.345819,131.004809,2.447361,10.768533,12.378038,75.236733,-10.460141,-2.655688,7.976075,-11.758976,-8.534340,73.824086,-17.174919,2.269734,0.429043,5.138575,-26.319091,-89.454072,35.070242,-33.121954,-29.491865,-22.697788,-18.636219,51.230732,-79.844249,-35.222903,35.379495,-38.822170,31.311728,-19.127506,-37.484464
716.000000,73.219991,28.854913,45.692095,-125.043433,86.293231,122.485449,4.206141,12.649159,10.262955,91.254046,-15.470163,-1.996668,10.537262,-13.619868,-5.848469,88.194626,-20.276446,-0.213299,0.892820,6.089726,-25.952671,-92.868518,35.558272,-31.497557,-24.122994,-23.818779,-18.443536,51.415048,-83.988336,-35.195811,34.740121,-33.400598,34.605095,-19.241924,-37.421985
717.000000,73.670149,28.842601,45.481896,-114.160485,86.366775,111.493383,6.516496,14.617679,7.303883,104.862918,-19.622288,-1.211400,12.798730,-15.135919,-2.153641,100.737060,-21.872310,-2.481409,0.918663,6.899853,-25.007927,-96.137617,38.854849,-31.545437,-17.472326,-27.932436,-20.537397,51.034931,-88.981307,-36.041481,34.020332,-24.947917,39.315877,-19.894287,-36.717809
718.000000,74.268866,28.863916,45.318592,-108.486253,86.288202,105.544134,7.807732,17.870334,3.663345,115.069249,-22.273996,2.049914,13.205056,-17.273989,2.115589,110.686706,-22.101015,-4.399318,1.598932,6.423087,-23.823094,-105.318150,36.003744,-36.126933,-3.534401,-31.149303,-20.637709,52.383244,-94.426539,-36.456766,37.267776,-13.482126,43.054296,-21.929999,-38.399901
719.000000,74.897367,28.723833,45.237318,-99.420760,86.437451,96.242946,8.025555,23.443108,-0.468287,119.050443,-23.570870,5.875352,12.282842,-20.365816,6.234444,116.059572,-21.095879,-5.939206,1.403622,5.830027,-20.834063,-115.592701,35.160981,-42.999866,11.293277,-39.864642,-22.019565,50.636287,-104.756572,-37.598900,41.624064,2.140298,50.108054,-23.375457,-38.824294
720.000000,75.459695,28.754866,45.357493,-96.628863,86.282014,93.848181,5.908282,27.636328,-4.126370,116.063151,-24.588034,8.428977,9.785807,-21.954458,9.484330,115.774275,-19.083767,-6.231411,1.490388,5.223783,-18.627297,-125.450645,32.656968,-50.127472,28.050885,-48.165739,-21.139541,46.462341,-116.448442,-39.031300,47.794392,21.962511,58.304592,-21.846369,-33.775518
721.000000,76.047480,28.966218,45.561621,-116.576523,86.261004,114.526945,1.743570,28.465450,-5.875518,108.125439,-25.188640,8.994284,5.414689,-23.126167,11.439597,111.061089,-17.990869,-5.230188,1.017518,4.604399,-18.335878,-133.950528,31.304126,-58.989052,44.903009,-53.954154,-16.970534,40.135220,-128.275187,-38.440605,57.673141,43.762928,64.440676,-16.191669,-29.195439
722.000000,76.666725,29.147580,45.999292,-142.049790,85.733745,140.566195,-2.931423,28.869659,-5.852455,97.813432,-24.460332,9.595003,-0.316866,-25.557357,12.386507,104.363726,-16.631903,-4.710021,-0.746914,3.867967,-16.757668,-142.559777,32.222756,-73.355023,57.324077,-59.227644,-12.384281,32.095704,-140.107930,-35.212675,70.132806,65.247301,64.332145,-7.202154,-20.441108
723.000000,77.243596,29.306749,46.490079,-153.473286,84.595006,152.165150,-6.279419,29.353551,-4.581749,86.227341,-23.337906,10.391926,-5.263052,-27.286128,12.018962,96.406358,-15.403414,-4.508092,1.553406,3.524550,-16.592681,-145.889904,32.771982,-80.214090,64.247095,-51.239608,-6.015249,20.121012,-144.554410,-34.647323,80.214090,76.782084,52.344476,1.065785,-7.154179
724.000000,77.720612,29.378685,46.793541,-159.500918,83.006220,158.272462,-8.515146,29.135763,-3.368319,73.855819,-21.500143,10.297176,-8.326556,-27.648607,10.526063,87.105887,-14.248824,-3.754424,2.493712,3.190613,-19.109975,-143.715909,32.846335,-80.214090,67.674395,-34.519318,-2.215671,10.342385,-141.594452,-36.277051,80.214090,77.394663,35.245323,2.577073,1.308721
725.000000,77.924812,29.440516,47.094065,-162.870836,81.229458,161.513270,-10.331868,28.563622,-3.004726,61.864445,-18.019801,9.568264,-10.245332,-27.899263,8.700244,77.428773,-12.537233,-3.019320,1.928376,2.800646,-20.448065,-142.260246,33.331053,-80.214090,69.328476,-24.181568,-1.966665,6.422523,-139.104753,-38.770356,80.214090,75.112847,24.018628,-0.801415,3.027813
726.000000,77.862608,29.480410,47.516844,-164.748847,80.129858,163.230708,-11.622725,28.406494,-2.831216,51.203169,-14.716262,9.286125,-10.778807,-27.820045,7.500235,67.800269,-11.150789,-1.964369,1.678994,2.103354,-20.713662,-140.131699,34.238686,-80.214090,70.827368,-16.083666,-1.907807,3.124281,-135.855318,-41.918425,80.214090,74.805659,13.793348,-1.674367,6.099355
727.000000,77.560949,29.573175,47.874367,-165.880818,79.821504,164.086195,-11.782922,27.654060,-3.358697,41.348913,-12.139588,8.859665,-9.974254,-27.074677,7.583889,57.823739,-8.994950,-0.006826,-0.468081,0.799600,-18.086838,-142.306062,28.784466,-80.214090,82.111851,-6.078824,-1.974654,-2.827708,-135.546265,-44.485572,80.214090,76.509020,12.173755,-0.567415,10.530075
728.000000,76.935589,29.649487,47.975305,-166.744927,79.644376,163.945387,-11.765236,26.463665,-4.713723,33.975547,-10.318056,7.395751,-9.663508,-27.308020,6.959879,49.244329,-7.352361,0.413008,1.194748,0.332951,-16.469941,-141.050359,29.434584,-80.214090,84.657579,-3.727876,-2.453841,-4.684292,-133.497413,-47.328068,80.214090,77.468436,13.016546,-0.595076,11.677513
729.000000,76.302862,29.724398,48.066229,-166.079499,80.242922,162.250271,-11.360433,25.090058,-6.924725,28.658436,-7.856105,5.898224,-8.987008,-27.452637,6.208856,41.739528,-5.701866,0.694981,2.498657,-0.313241,-14.941315,-138.533025,30.683081,-80.214090,85.689777,-0.969451,-3.415669,-5.606514,-129.595080,-50.811615,80.214090,77.672167,9.978416,-1.371530,11.964005
730.000000,75.671768,29.739758,48.166415,-164.735540,81.561476,160.664149,-10.911125,23.944157,-8.107055,25.038565,-5.856968,4.658970,-7.678924,-27.170817,5.483845,35.745594,-3.512877,1.705696,3.315900,-1.479953,-13.209833,-135.598994,32.460529,-80.214090,85.125460,1.012359,-4.813818,-6.252029,-124.274896,-55.611766,80.214090,76.797213,4.457360,-2.328479,12.787437
731.000000,74.936730,29.666644,47.952926,-163.983900,82.530107,159.976872,-10.637184,23.275106,-6.905549,22.594201,-5.003784,3.962077,-6.994898,-26.539760,4.292187,31.933665,-2.179860,2.349031,3.546986,-1.693031,-11.478274,-133.368938,35.685952,-80.214090,83.408071,0.975816,-5.843651,-6.315221,-120.868954,-59.024070,80.214090,75.512809,3.953705,-2.869216,13.530607
732.000000,74.284196,29.596192,47.902867,-159.182613,83.960458,155.645604,-10.022807,22.683251,-5.439913,20.329551,-3.369979,2.753625,-6.293393,-25.270400,3.763167,29.441244,-1.289604,2.823060,4.307437,-1.089510,-10.416502,-127.415895,43.865036,-80.214090,75.333421,-2.424517,-7.801860,-3.972439,-114.939885,-63.952079,80.214090,71.590580,5.693008,-4.118510,12.394195
733.000000,73.594850,29.518154,47.645327,-151.757450,85.028796,148.551914,-9.064860,22.095498,-3.575587,18.035808,-1.976720,1.858904,-5.757958,-23.657137,3.173500,27.294846,-0.437299,3.339736,3.250844,-0.132674,-9.738220,-122.828398,50.034438,-80.214090,69.773258,-3.918348,-8.935479,-1.828667,-111.273487,-67.050922,80.214090,66.657264,5.986423,-5.513686,11.600491
734.000000,72.786576,29.444203,47.324607,-143.869646,85.856691,140.639810,-8.132727,21.139883,-2.271460,16.201286,-1.284350,1.111520,-5.420967,-22.393337,1.730605,25.341872,0.183107,3.654042,2.287868,0.595877,-8.407802,-120.152371,54.638710,-80.214090,65.733884,-7.086220,-9.979409,0.331888,-110.114903,-68.730889,80.214090,63.145174,7.840077,-6.256505,12.492584
735.000000,71.944237,29.375038,47.162822,-131.267949,86.760528,127.827180,-7.312985,20.071619,-1.671750,14.762800,-0.196114,0.438978,-4.875446,-21.253015,-0.157096,23.132071,0.631397,4.239018,1.704841,1.521778,-6.762769,-117.207235,59.548390,-80.214090,61.318454,-11.568920,-11.171861,3.058810,-109.483479,-70.310275,80.214090,59.515516,13.547389,-6.607486,13.145314
736.000000,71.076560,29.254594,47.034538,-113.460767,87.569330,109.879053,-6.662641,19.058212,-0.363644,13.613414,0.812112,0.303433,-4.170492,-20.116715,-2.336365,20.714137,1.082674,5.041311,0.897941,1.751799,-4.962517,-114.578042,64.116898,-80.214090,56.673686,-18.912632,-12.179675,6.425998,-108.626885,-72.104948,80.214090,55.142245,19.547839,-6.969476,13.210400
737.000000,70.227695,29.153705,46.882290,-84.907956,88.127138,81.295876,-5.961846,17.741346,1.152356,12.384044,1.388814,0.271573,-3.435014,-19.037978,-4.403309,18.376107,2.079201,6.147210,0.195210,1.587854,-3.071790,-112.049895,67.929161,-80.214090,51.921305,-28.207877,-13.066053,10.618543,-107.466920,-74.097963,80.214090,50.035657,25.928378,-7.491060,12.231476
738.000000,69.463044,29.112130,46.785152,-47.043306,87.863677,43.619949,-5.179717,16.199028,2.211409,11.076912,2.061611,0.011738,-2.620927,-17.998298,-6.296596,16.332579,3.126296,7.193951,0.154764,2.010996,-1.233988,-105.821719,71.536697,-75.963308,45.502314,-34.543436,-13.849008,14.038693,-103.912394,-77.275900,78.357761,42.755161,32.864159,-8.278626,9.521637
739.000000,68.798113,29.065451,46.646848,-26.652123,87.061050,23.471852,-4.524909,14.646705,3.434304,10.077327,2.434860,-0.175444,-2.017132,-16.871039,-7.999255,14.615357,3.896872,7.974274,0.495926,2.569541,-0.117346,-95.832718,73.273573,-68.247680,38.191156,-38.533964,-14.744445,17.905122,-96.093535,-80.265945,72.668350,34.443346,37.813836,-9.630701,5.692279
740.000000,68.251187,29.015592,46.466675,-17.158594,86.194742,14.215164,-4.047491,12.986687,4.219090,9.137102,3.035502,-0.285803,-1.765768,-15.368566,-8.359448,13.013566,4.809194,8.683636,0.778907,3.386735,-0.067687,-84.212763,73.621605,-60.278414,30.318875,-39.471786,-15.686218,21.051022,-85.577817,-81.843391,65.349542,25.709923,40.523103,-11.145303,2.003338
741.000000,67.791766,28.975868,46.253711,-11.949015,85.351195,9.183968,-3.710540,11.186657,4.574299,8.162204,3.441393,-0.318049,-1.800591,-13.619477,-8.031235,11.513098,5.245878,9.420707,0.809135,4.073785,-0.038249,-73.782265,73.178968,-53.592926,22.087821,-40.450231,-16.715633,24.111346,-75.250960,-81.834286,57.841102,17.307841,41.272367,-12.667109,-1.429994
742.000000,67.406905,28.974169,46.033400,-7.843783,84.597379,5.208039,-3.477518,9.210472,5.000463,7.041278,3.743148,-0.417986,-1.892706,-12.093207,-8.185469,9.712125,5.926881,10.576767,0.615452,4.468706,-0.549681,-64.636464,72.367555,-48.851183,12.984046,-41.434970,-17.938635,27.365836,-65.196184,-80.511108,51.023542,8.634782,41.491162,-14.117520,-4.607174
743.000000,67.017245,28.792372,44.160050,-4.861053,84.168444,2.120234,-1.030413,6.679248,6.759517,4.876989,1.673978,-0.307144,0.545425,-9.732629,-9.338350,6.207793,3.943008,11.102783,0.799630,3.793651,-3.258094,-61.018362,72.754560,-48.848837,5.167792,-42.277843,-18.859935,26.603781,-60.411678,-78.948422,48.673683,1.611836,42.921018,-15.320338,-5.255713
744.000000,66.792166,28.815743,43.945745,-3.133029,83.260236,0.613126,-0.855939,4.782046,6.694102,4.147966,1.685135,-0.506579,0.295739,-8.286377,-8.642723,5.106977,4.021988,11.723151,0.584039,3.771286,-3.566624,-58.104085,71.811222,-48.486010,-3.370429,-43.749062,-19.533754,25.607750,-55.738531,-77.068781,46.467857,-6.112518,42.981489,-16.219594,-4.969691
745.000000,66.641873,28.854725,43.742919,-2.293177,82.394753,-0.111401,-0.738935,3.058848,6.552942,3.754329,1.328319,-0.703759,0.082079,-6.980448,-8.288247,4.415944,3.674525,12.186746,0.601700,3.826437,-3.999407,-57.524092,70.494007,-49.257569,-10.612468,-44.004829,-20.062648,24.751460,-53.623685,-75.204474,45.835723,-12.771896,42.717034,-16.997445,-4.555453
746.000000,66.557330,28.880635,43.593600,-2.631162,81.772726,0.286302,-0.727435,1.613524,6.051576,3.199675,1.218904,-1.244705,-0.138005,-5.568101,-7.384877,3.990307,3.583707,12.563680,0.748422,4.001079,-4.616818,-58.377401,69.222936,-50.526919,-17.825271,-43.240695,-20.663366,24.642966,-52.873918,-73.840424,45.719428,-19.739499,42.167788,-17.817050,-4.908634
747.000000,66.514879,28.889322,43.501192,-3.309306,81.411622,0.972566,-0.801467,0.495092,5.565814,2.657937,0.766597,-2.209428,-0.256836,-4.283988,-6.691351,3.874500,3.526978,13.378262,1.012972,4.011967,-5.522132,-60.570254,67.194069,-51.975093,-24.484944,-42.423903,-20.649731,24.185022,-53.840230,-72.924557,46.176747,-26.553779,41.561954,-18.484871,-5.376577
748.000000,66.504419,28.881854,43.445823,-3.667341,81.299593,1.306666,-0.962854,-0.348804,5.209296,2.360083,0.637041,-3.309820,-0.210470,-3.304303,-6.193772,3.921456,4.023043,14.776513,1.335468,3.837680,-6.639128,-64.062878,64.610284,-52.980282,-29.336171,-40.432411,-20.905221,25.240143,-56.433707,-71.820190,46.843736,-32.371470,40.244735,-19.525755,-8.030070
749.000000,66.535372,28.676271,43.475571,-5.513415,81.368249,2.949567,-1.144820,-0.400435,4.951226,2.237429,1.253916,-4.358257,-0.107290,-1.942748,-5.473101,4.005647,4.793333,14.999737,1.657622,3.723913,-7.816293,-67.175778,61.334627,-53.549127,-32.669577,-37.764864,-21.475957,28.221638,-59.876218,-69.314843,47.476184,-36.805516,38.240863,-20.704323,-13.031158
750.000000,66.578740,28.507456,43.568745,-7.332161,81.587658,4.525394,-1.234869,-0.146698,4.615273,2.022946,1.952604,-5.149989,0.129459,-1.098259,-4.869368,3.957997,5.356481,15.000035,1.770154,3.682940,-9.085139,-69.762316,57.812285,-53.450175,-35.186170,-36.034353,-21.912294,31.096048,-63.271976,-65.010881,48.148896,-40.212906,37.517208,-21.352000,-19.074732
751.000000,66.651160,28.482953,43.709594,-8.046913,82.010497,5.194782,-1.224048,0.111536,4.562695,1.770371,2.712626,-5.179793,0.531455,-1.241410,-4.561027,3.815593,5.186166,15.000035,1.627939,3.617453,-10.524615,-71.832635,53.956558,-51.616860,-36.138227,-34.723039,-22.512686,34.982439,-66.368299,-59.726794,47.579928,-42.194802,36.720005,-21.761609,-25.295315
752.000000,66.769576,28.656194,43.948877,-8.032919,82.738497,5.430513,-1.001756,0.291207,5.053739,1.796550,3.979112,-4.729426,1.089572,-2.352161,-4.415931,3.952029,4.429960,14.998959,1.359369,3.568421,-12.262767,-73.444348,49.318378,-48.214404,-35.915078,-33.058706,-23.188316,40.432978,-68.706041,-54.215002,45.777588,-42.780753,35.028120,-21.821587,-30.729844
753.000000,66.973752,28.625301,44.360158,-12.070149,83.897309,9.534431,-0.503928,1.079424,5.356206,2.316789,5.921753,-4.636060,1.719553,-2.901636,-4.795482,4.677668,4.059651,13.659297,1.448610,3.749747,-14.624448,-75.445020,44.274461,-44.241058,-35.367191,-30.569645,-23.333017,44.201310,-70.694459,-48.839626,43.332383,-42.876888,33.371836,-21.818057,-33.789380
754.000000,67.322183,28.616127,44.923040,-24.526711,85.614542,22.075379,0.238106,2.346070,7.127291,3.289287,8.188506,-4.856141,2.554614,-3.599784,-7.184733,6.202196,3.228859,12.389760,1.644940,4.306473,-17.763988,-77.428916,38.724051,-40.172577,-34.542384,-27.630670,-22.538458,46.687751,-72.428453,-43.674712,40.819618,-42.604152,31.520910,-21.167969,-35.497630
755.000000,67.914879,28.641510,45.581251,-56.232220,87.055137,53.611488,1.299147,3.763956,9.799751,5.679016,10.129282,-4.948698,3.740369,-4.554207,-10.313909,9.047441,2.916845,10.776793,2.070793,5.003258,-21.303819,-79.314766,33.667495,-36.936495,-33.274762,-26.829753,-21.868239,48.755588,-74.277358,-38.935166,38.750382,-41.524760,31.339449,-20.517202,-36.996925
756.000000,69.066811,28.792948,47.114170,-88.667474,86.979829,85.780601,1.318320,5.214703,11.050895,12.411024,13.131955,-5.080440,3.431547,-6.801107,-12.659365,17.374919,2.477996,8.171674,2.321118,6.375012,-22.832667,-79.953006,29.938229,-33.717266,-32.555496,-27.946371,-21.680335,49.902383,-74.903379,-35.203102,37.324296,-41.377781,32.958634,-20.123390,-37.294578
757.000000,70.184040,28.873289,47.248667,-120.494172,86.041013,117.123971,2.299283,6.100944,12.409924,20.665012,13.660578,-5.686194,4.571610,-8.916748,-14.022329,25.910241,0.437323,5.424080,3.020882,7.434643,-26.376756,-82.438956,28.552352,-30.726490,-29.495888,-29.093853,-21.693606,49.851741,-77.410837,-32.342366,36.085218,-38.387528,35.003470,-20.003018,-36.788741
758.000000,71.262777,28.910926,47.053897,-132.107091,85.237194,128.556282,3.244192,7.105947,13.591913,32.637263,11.965450,-5.993199,6.222430,-10.939215,-13.547179,36.784329,-2.574944,3.180607,3.449222,8.202553,-28.632694,-86.596547,28.707493,-29.037361,-23.756793,-28.908390,-22.486892,50.232415,-81.713194,-30.580625,35.113214,-31.966781,35.915245,-20.318674,-36.642469
759.000000,72.006601,28.878075,46.681052,-132.079981,85.060209,128.702380,4.120647,9.360385,14.786188,48.551628,8.296803,-5.174517,8.432651,-12.982657,-12.484872,50.186734,-6.673823,0.802257,3.600261,8.118798,-29.354917,-93.555936,27.868620,-29.306658,-13.522331,-30.556344,-22.983996,51.593128,-87.109186,-29.678371,34.060565,-22.129355,37.903749,-21.442199,-37.580500
760.000000,72.391284,28.810093,46.292531,-126.231141,84.966884,123.131017,5.105670,12.762365,14.874989,65.702540,3.236192,-3.133856,10.749888,-14.816291,-10.973041,64.471501,-10.744329,-1.705525,3.750070,7.458652,-28.614364,-103.552908,25.885794,-31.598911,1.500260,-34.634814,-23.127635,52.065426,-94.079791,-30.299563,33.512962,-8.848537,41.924401,-22.561052,-38.461854
761.000000,72.708887,28.773859,45.915455,-121.992906,84.557687,119.078155,5.978207,15.371530,12.724730,80.914642,-2.146649,-1.568044,12.122117,-15.492035,-7.794597,78.318323,-13.571872,-3.506766,3.946465,7.261685,-28.133450,-112.483271,24.470394,-35.284081,18.389173,-42.860072,-23.135213,48.906712,-102.834420,-32.018492,35.426559,7.861901,46.242491,-22.798647,-38.493700
762.000000,73.148322,28.795907,45.569164,-120.050035,84.638958,117.566347,6.814436,15.375007,8.587539,92.943117,-6.612152,-1.176340,13.191894,-15.262896,-3.575843,90.373184,-14.227005,-3.030358,4.361730,5.559810,-25.794694,-122.031466,21.930882,-40.744739,35.300450,-50.131355,-20.488662,45.678557,-112.286561,-36.737921,41.196730,25.264166,52.996947,-22.156270,-36.404659
763.000000,73.974031,28.849313,45.316344,-118.653139,84.854693,116.533138,7.229210,16.047499,4.411749,101.245458,-8.952740,0.138617,12.865258,-15.767570,0.906839,100.587376,-12.090733,-3.775505,4.694719,4.565332,-23.337636,-129.929473,21.779600,-49.156916,50.433120,-54.058755,-16.020243,39.737935,-122.096079,-39.262154,50.360798,43.330051,61.249612,-16.492784,-27.594034
764.000000,75.047714,28.818983,45.333219,-118.941587,85.046100,117.184245,6.294146,19.330142,0.172179,105.686618,-10.562515,3.306567,10.541224,-17.757776,5.607524,108.463356,-10.375785,-5.543153,3.209032,5.095717,-20.003566,-136.388824,26.121819,-64.499061,61.258860,-53.574453,-9.993689,29.185999,-131.685911,-38.529032,64.314694,58.803605,63.790258,-7.693254,-18.605932
765.000000,76.224405,28.743437,45.668826,-122.132824,84.886253,121.025515,3.387768,23.244104,-4.654455,106.223676,-12.050220,6.596781,6.610530,-19.501331,10.222865,113.070435,-11.384964,-6.811714,1.637057,5.424834,-16.766762,-141.114604,29.355391,-79.990647,67.575897,-48.608920,-4.567079,18.270404,-138.604974,-37.988607,78.571259,69.413519,55.337291,1.037064,-5.815046
766.000000,77.333182,28.694773,46.031335,-127.353642,84.419231,126.897539,-0.139337,26.519553,-8.507941,103.195921,-14.397600,9.053849,2.139970,-21.217033,13.846180,114.027317,-14.327524,-7.535083,1.482899,5.409894,-18.050892,-137.153422,31.244499,-80.214090,69.311824,-33.896439,-1.043040,9.164270,-134.462587,-38.919012,80.214090,73.060580,36.781607,4.418902,3.469944
767.000000,78.339350,28.746644,46.409744,-134.051239,83.697035,133.866729,-3.965275,29.163726,-11.112391,98.505931,-17.058905,10.899344,-3.097282,-23.856686,16.805037,112.443417,-16.968198,-8.049061,1.603619,5.308899,-18.630007,-133.920161,33.209688,-80.214090,69.853410,-25.997204,-0.565622,6.152400,-131.050580,-40.583799,80.214090,73.916000,27.227140,3.901577,5.870493
768.000000,79.262131,28.816333,46.732530,-140.985081,82.976947,140.658645,-7.103123,30.660081,-12.963376,93.265051,-19.058801,11.936053,-7.327989,-26.112877,19.001818,108.794006,-18.695959,-8.315719,2.665026,5.395680,-19.256431,-130.658951,35.827662,-80.214090,70.410241,-16.886132,-0.336578,2.793477,-127.750260,-42.571627,80.214090,74.553618,21.297315,2.553359,7.379774
769.000000,79.927826,28.858563,47.056067,-150.092000,82.101900,149.590860,-10.046086,31.150174,-14.854806,88.589568,-20.784226,12.877125,-9.590581,-27.783989,20.414443,103.625281,-19.399764,-8.056422,3.317490,4.985020,-19.717175,-127.966859,38.624658,-80.214090,71.365962,-9.030749,-0.266343,-0.171944,-125.247283,-44.722470,80.214090,75.994809,14.722126,2.154261,9.548713
770.000000,80.340642,28.883716,47.370127,-158.973311,81.197607,158.216813,-12.288663,30.640314,-16.872179,84.137364,-21.843309,13.620147,-10.341642,-29.178001,21.571682,97.567394,-19.007966,-7.639886,3.622691,4.158966,-20.036889,-125.394842,41.537522,-80.214090,72.213705,-2.482560,-0.437466,-3.182680,-122.669965,-47.187339,80.214090,77.011517,8.583278,1.415519,10.658385
771.000000,80.560893,28.872722,47.656983,-167.419115,80.420893,166.325935,-13.747192,28.921920,-19.007559,79.672340,-21.560885,13.884239,-10.232764,-29.869513,22.983807,91.087293,-18.036216,-6.555837,3.648525,3.182433,-20.172130,-121.894179,45.290158,-80.214090,72.131886,3.612672,-1.458777,-4.811985,-119.145178,-50.091781,80.214090,77.033578,3.164566,0.123139,10.473198
772.000000,80.649024,28.919783,47.831616,-172.891035,79.742197,171.274833,-14.332141,26.793743,-20.915842,75.200519,-20.154659,13.608465,-9.974404,-30.237777,23.963975,84.552544,-16.764774,-5.695140,3.495156,2.553084,-19.627189,-118.557645,49.007188,-80.214090,72.527388,8.016150,-2.106076,-6.554638,-116.012976,-53.218894,80.214090,76.483331,-0.824503,-0.356215,11.791014
773.000000,80.641586,28.975460,48.007658,-176.014782,79.560933,173.947614,-14.537742,25.606861,-21.681095,70.765766,-18.152525,13.273893,-9.708968,-30.663448,24.118050,78.382582,-15.009626,-5.143266,3.140219,2.595515,-18.496523,-114.798213,53.401151,-80.214090,72.503448,11.490702,-2.130511,-9.278370,-113.163114,-56.476044,80.214090,74.851346,-3.537182,-0.402421,14.318989
774.000000,80.535507,29.075247,48.139107,-177.867410,79.778066,175.578823,-14.551127,25.341568,-20.954433,66.290107,-15.894385,13.018786,-9.244934,-31.194799,23.165066,72.484700,-13.236942,-4.425117,2.283676,2.763376,-17.040598,-111.084209,58.268480,-80.214090,70.988390,12.653695,-2.014011,-12.440346,-110.333407,-59.812021,80.214090,71.942806,-5.078957,-0.643751,16.994347
775.000000,80.250210,29.117334,48.084804,-177.838161,79.931688,175.360068,-14.024264,25.157124,-19.690023,61.348028,-13.924713,11.967951,-8.833039,-31.029208,21.540281,67.082546,-11.999422,-3.545944,1.259882,2.900103,-15.814852,-107.670740,63.179585,-80.214090,68.012620,14.610391,-2.527553,-16.148461,-107.149938,-63.514161,80.214090,67.787708,-8.425443,-1.337325,19.732934
776.000000,79.850805,29.213822,48.028529,-176.443903,80.473616,173.888453,-13.071394,25.067856,-17.957039,56.088349,-12.062404,10.747298,-8.657454,-30.899202,19.392166,62.467537,-11.078804,-2.801013,0.638350,3.211539,-14.537209,-104.368822,67.860743,-80.214090,63.352081,16.405588,-3.876586,-19.352668,-104.066347,-67.456710,80.214090,63.072187,-10.548904,-2.232920,22.347095
777.000000,79.329711,29.289916,48.007232,-174.526455,81.220274,172.119687,-12.183599,25.423721,-15.397608,50.493516,-10.266953,9.986257,-8.858912,-30.450216,17.109767,58.799562,-10.175668,-2.268956,0.246947,3.607864,-13.234594,-101.150573,72.350056,-80.214090,57.804314,15.207134,-5.592863,-21.487312,-101.210597,-71.368394,80.214090,58.182700,-7.435779,-3.095833,24.437666
778.000000,78.682929,29.360732,48.009071,-171.224815,82.055277,168.927536,-11.099882,25.564304,-12.921774,44.679290,-8.324904,9.281702,-9.482767,-29.613351,14.823237,55.725147,-9.455995,-2.090755,-0.123991,3.641250,-11.908320,-98.401149,76.251303,-80.214090,52.584107,10.110952,-7.002715,-22.730132,-98.234280,-75.468966,80.214090,52.453667,-4.069598,-4.095988,26.752867
779.000000,77.909732,29.421031,47.984612,-166.802973,82.954733,164.460334,-9.799131,24.973958,-11.234043,39.077718,-6.137095,8.138095,-9.833875,-28.350469,12.631931,52.128417,-8.330303,-1.813354,-0.286069,3.807403,-10.587524,-95.708497,79.693274,-80.214090,47.416727,3.422952,-7.962460,-24.022839,-95.729131,-79.265534,80.214090,46.505904,0.295153,-4.481575,29.404429
780.000000,77.001470,29.443178,47.967219,-162.448555,83.889877,159.876442,-8.738392,23.896516,-9.894467,34.405797,-4.347252,6.893791,-9.514852,-27.127899,10.111845,47.222869,-6.909612,-1.300473,-0.452204,4.012767,-9.275395,-92.899336,83.092967,-80.214090,42.164708,-3.395476,-8.478185,-25.499314,-93.465955,-82.320117,80.214090,40.666779,7.516814,-3.853227,31.387561
781.000000,75.972086,29.369327,47.959533,-160.170960,84.946113,157.100997,-7.950350,22.562622,-8.239090,30.956992,-3.608389,5.942707,-8.442589,-26.164856,7.156218,41.141481,-5.446342,-0.472115,-0.441004,3.543733,-8.047847,-90.326800,86.068935,-80.214090,37.021025,-11.723925,-8.158645,-26.220753,-91.270267,-85.016061,80.214090,34.713760,12.942357,-3.311094,32.941036
782.000000,74.851203,29.216310,47.832921,-161.055727,85.923978,157.452797,-7.537674,21.077858,-6.328178,28.794199,-3.100734,5.286541,-6.945734,-25.213508,3.854660,35.034048,-3.672070,0.752709,-0.204276,2.916003,-7.240847,-88.180276,88.120457,-80.214090,32.256115,-17.776293,-7.994011,-26.913758,-89.371605,-87.023871,80.214090,29.413069,16.753389,-3.130037,34.314915
783.000000,73.732036,29.070333,47.693133,-161.689970,87.079494,157.881006,-7.201382,19.620625,-4.387856,27.361031,-2.181800,4.645594,-5.182880,-24.182841,0.412767,29.944844,-1.586694,2.316833,0.026638,2.450097,-6.542332,-86.198073,89.714289,-80.214090,26.864107,-23.316826,-8.155090,-26.999569,-87.433586,-89.064888,80.214090,23.911796,22.493328,-2.556088,35.383494
784.000000,72.657603,28.943819,47.508281,-161.977224,88.243991,158.194392,-6.797336,18.141838,-2.241611,26.062991,-1.300760,4.190946,-3.648830,-23.010830,-2.811294,26.178252,0.292685,3.935902,0.343756,1.913456,-6.024915,-84.579503,90.594980,-80.214090,21.070828,-29.590319,-8.544805,-26.098199,-85.493587,-90.986056,80.214090,18.263494,28.678899,-1.932613,35.729727
785.000000,71.621346,28.849876,47.312900,-153.301292,89.305422,149.701984,-6.328811,16.671489,0.006723,24.258163,0.023751,3.458595,-2.509621,-21.571230,-5.510719,23.209183,2.333378,5.462924,0.699660,1.535621,-5.586406,-83.190659,90.767422,-80.214090,15.057683,-35.190678,-8.998939,-24.146616,-83.697241,-92.644078,80.214090,12.254433,33.637637,-2.145295,34.823071
786.000000,70.611811,28.750518,47.084433,-9.842771,89.581312,6.707496,-5.880696,14.916247,2.082710,21.917444,1.512168,2.943344,-1.683404,-19.645987,-6.512251,20.264777,5.357861,7.239333,0.915710,1.217429,-5.392296,-81.899910,89.896641,-80.214090,9.028174,-40.152073,-9.936675,-20.114963,-82.030271,-93.567895,80.214090,6.191319,38.670339,-2.909584,32.558511
787.000000,69.614428,28.707874,46.871796,-2.560602,88.626152,0.035257,-5.785490,12.590287,2.579795,19.207223,3.174087,1.979721,-1.257352,-17.130949,-5.982020,16.936923,8.157661,8.969998,0.797047,1.124469,-5.543777,-80.750642,88.088130,-80.214090,2.713337,-44.772051,-11.275226,-15.008999,-80.578385,-93.272565,80.182726,-0.040162,44.310593,-3.909217,29.142962
788.000000,68.712974,28.650728,46.553493,-2.985899,87.697630,0.923722,-5.726999,9.968245,2.447851,16.315280,4.015197,0.831215,-1.127501,-14.506314,-4.991275,13.315150,9.228752,10.195293,0.484270,0.989266,-6.131545,-80.367407,85.171332,-80.214090,-3.235173,-49.082006,-13.107720,-11.275403,-79.866283,-91.127277,80.119328,-5.963045,48.809102,-5.936579,25.577701
789.000000,68.101960,28.559837,46.187848,0.830995,86.416730,-3.016907,-4.852518,7.547177,3.559701,12.937422,4.378369,-0.081374,-1.145051,-12.609596,-4.156347,9.883892,8.949552,11.874067,0.512142,0.668591,-6.692514,-79.781295,81.540123,-79.263082,-9.154910,-52.389771,-15.633794,-5.925946,-79.421904,-87.416354,79.925152,-12.226530,51.687528,-9.211781,20.118759
790.000000,67.665839,28.525269,45.894629,-0.936766,85.199067,-1.317097,-4.515926,5.552129,4.377304,10.545445,5.354928,-0.451194,-1.501084,-10.737561,-3.577621,7.422353,8.218627,12.694010,0.345143,1.037761,-6.183971,-76.580894,77.183282,-72.815772,-14.265925,-53.263557,-17.851010,0.222126,-77.048413,-82.691625,75.194406,-18.046828,53.454795,-12.308324,13.471789
791.000000,67.347813,28.496686,44.210148,-1.628087,84.144439,-0.878697,-1.904904,3.239400,6.281184,7.008814,4.744896,-0.326452,0.392310,-8.971128,-4.603147,4.457629,5.361651,12.627651,0.222864,1.289702,-7.852751,-72.241770,72.099292,-64.752652,-18.812791,-51.408939,-19.128587,6.281794,-73.356034,-76.815483,68.428291,-23.288075,53.187229,-14.581119,6.890794
792.000000,67.234004,28.523719,43.973860,-5.718136,82.948537,3.132383,-1.681269,2.113173,6.892144,5.653473,5.535323,-0.705634,0.174129,-7.659813,-5.927634,3.960089,4.552997,12.598090,0.271377,2.129606,-7.895059,-69.315191,65.271098,-57.297979,-22.407706,-47.483578,-19.529114,11.931516,-69.733991,-69.951389,61.877211,-27.539032,50.245156,-16.562326,-0.564384
793.000000,67.171144,28.531426,43.792358,-9.440576,82.085596,6.754983,-1.722929,1.026259,5.937032,4.401689,5.881173,-1.511539,-0.157366,-6.136306,-5.821824,3.939651,4.586349,12.587057,0.512062,2.886389,-8.188285,-68.945418,58.362307,-51.982162,-24.939946,-42.372349,-19.940158,18.244064,-67.675195,-63.337867,56.716057,-31.055965,46.318187,-18.000380,-7.914498
794.000000,67.107308,28.516373,43.671578,-11.389597,81.479980,8.549566,-1.811723,-0.018697,4.434931,3.563115,5.215985,-2.323990,-0.343846,-4.881276,-5.488145,4.206898,4.707073,13.297160,0.794758,3.287360,-8.644956,-70.609949,52.278934,-48.638815,-26.442022,-38.816696,-20.681087,24.020744,-68.044810,-57.141639,52.618766,-32.841991,42.747968,-19.440318,-13.920185
795.000000,67.062891,28.466618,43.614885,-12.755162,81.345061,9.860072,-1.880038,-0.598042,4.452320,3.067534,4.980642,-3.168661,-0.249060,-4.189360,-6.350938,4.240412,4.759093,14.632243,1.015999,3.424765,-9.415808,-73.443296,46.782524,-45.633430,-26.923960,-34.462239,-21.280025,30.880341,-69.374061,-51.057457,48.727386,-33.948222,38.616677,-20.624940,-21.116194
796.000000,67.086697,28.408390,43.650576,-15.529463,81.535641,12.486248,-1.821513,-0.972073,3.295656,3.088351,5.621446,-4.438509,-0.067209,-3.481669,-6.378257,4.478862,4.622278,14.756550,1.280457,3.586323,-10.528383,-76.907281,41.844631,-42.442901,-26.710418,-30.004116,-21.606626,36.947410,-71.521404,-45.615459,45.011828,-34.780539,34.366616,-21.201889,-26.852807
797.000000,67.225981,28.349257,43.817765,-20.505551,82.129964,17.132224,-1.605442,-1.264703,0.934750,3.684293,6.663169,-5.741950,0.117177,-2.810298,-6.347726,5.300795,3.787353,13.823100,1.611940,3.855479,-11.994815,-80.955111,37.859844,-39.331276,-26.440492,-25.920790,-21.560185,40.795740,-74.555080,-41.441814,41.793299,-35.353278,29.710046,-21.174152,-30.731599
798.000000,67.542118,28.301561,44.124782,-27.951416,83.324370,24.713724,-1.413869,-1.298133,0.003855,5.079046,8.164770,-6.862533,0.170518,-2.492613,-6.575677,6.911817,3.094697,12.958096,1.491021,4.128084,-13.844673,-85.233166,34.775461,-37.017966,-26.264417,-21.323994,-21.136063,43.992623,-77.818196,-38.504153,39.716993,-36.491604,25.070032,-20.770651,-33.019798
799.000000,68.083519,28.263432,44.513798,-39.541583,84.595394,36.321897,-0.914445,-1.154210,-0.209752,7.568799,9.510992,-8.239424,0.487620,-2.475101,-7.178306,9.280613,1.769590,12.049216,1.364000,4.416741,-16.006941,-88.713646,33.010560,-35.820825,-26.486946,-18.926774,-20.729395,46.837114,-80.728588,-36.627023,38.433328,-37.425137,24.100396,-20.669394,-34.499381
800.000000,69.009686,28.484377,45.916453,-50.268214,85.163232,46.900010,-1.835648,-0.886473,0.868796,14.134102,10.774610,-9.150188,-0.874146,-3.738979,-8.991094,16.654554,0.343532,10.549156,0.924471,5.127563,-16.669574,-90.434765,32.392432,-35.318184,-27.845725,-18.220990,-20.420439,49.338602,-82.105308,-36.310590,38.374055,-39.450111,23.842076,-20.595638,-35.839792
801.000000,70.028341,28.505111,46.083325,-71.189387,85.937623,67.764906,-1.371671,-0.218544,2.642793,20.380651,9.894743,-9.589160,-0.515990,-5.032612,-10.519574,23.549457,-1.964980,8.552125,0.780281,5.316671,-19.142350,-92.684663,32.834987,-34.912017,-28.379651,-19.416324,-19.887416,50.298018,-84.557510,-36.625773,38.287616,-40.372828,25.087293,-20.254986,-36.557160
802.000000,71.150225,28.511652,46.090096,-91.385435,86.158786,88.098518,-0.851617,0.829051,5.015518,28.910193,7.783322,-9.602629,0.206147,-6.478873,-10.839744,32.352431,-5.038867,6.749131,0.477947,5.323809,-21.269226,-94.949199,33.989132,-34.495372,-27.979125,-21.060309,-19.412784,50.825285,-87.083642,-37.330928,38.138294,-40.183239,27.142123,-20.028918,-37.212332
803.000000,72.216910,28.500521,45.964527,-105.795896,86.236848,102.911219,-0.657911,2.855762,8.165337,40.746009,4.018251,-8.429422,1.288104,-8.152758,-10.274048,43.205540,-8.895525,5.161468,0.171471,5.141585,-22.865783,-97.291188,35.064572,-34.229746,-26.881820,-22.161216,-19.143523,51.587271,-89.654723,-38.523780,38.200599,-39.075147,29.427470,-20.016783,-37.497619
804.000000,73.048896,28.480691,45.783556,-110.685200,86.380961,108.384524,-0.072987,6.140972,11.125599,55.188055,-1.519468,-6.349266,3.168486,-9.693550,-9.231907,55.872546,-13.190531,3.993052,0.090264,4.810840,-23.641400,-99.408854,35.356918,-34.017084,-25.135585,-22.762954,-18.665012,52.248447,-92.022360,-39.976732,38.083888,-37.306589,31.323750,-19.923891,-37.307586
805.000000,73.691982,28.495145,45.658967,-112.435192,86.402936,110.457411,0.799498,9.242212,12.122799,70.745843,-8.151984,-4.417517,5.258611,-10.743155,-7.651491,69.780109,-17.509383,2.789725,0.018378,4.913038,-24.201307,-100.657632,35.518640,-33.432362,-23.224675,-23.932066,-18.401723,52.847291,-93.642051,-40.413707,38.164922,-35.377023,33.032991,-19.543318,-36.966264
806.000000,74.266654,28.503472,45.590639,-115.701332,86.253730,113.780899,2.208639,11.123587,11.216980,85.665346,-14.110833,-3.697746,7.397083,-11.151718,-5.546511,84.107831,-21.121761,1.875717,-0.432705,5.549705,-24.677911,-101.444736,36.463644,-32.646685,-20.982543,-24.778632,-18.164997,53.218174,-94.994503,-39.794448,38.267805,-33.300727,34.782564,-19.072284,-37.076067
807.000000,74.948376,28.582934,45.584008,-118.574689,86.030258,116.605758,4.095736,11.511796,9.015958,99.402311,-18.660562,-3.556170,9.519577,-11.053322,-3.173042,98.208886,-23.741862,1.128226,0.088427,6.429789,-25.111926,-100.509266,37.213978,-31.383299,-19.345548,-25.042607,-18.587404,53.726292,-95.582057,-39.749741,38.895667,-31.094020,36.767509,-18.775150,-36.980338
808.000000,75.959611,28.614551,45.549324,-115.801636,86.213695,113.772467,6.995070,11.784878,6.370715,110.659870,-21.244999,-3.558849,11.873843,-10.927842,-0.819248,110.478583,-23.832086,0.336957,0.417407,6.878539,-25.348275,-98.108933,39.848915,-30.872042,-18.645418,-26.256673,-21.116080,54.115124,-95.220111,-40.253512,38.444085,-28.677745,41.476006,-19.530817,-36.679977
809.000000,75.813913,28.547394,45.082772,-129.092973,85.828896,126.845556,10.958513,14.488494,2.907769,118.636233,-25.824619,-1.063522,14.873896,-12.821372,1.836426,119.429642,-25.082929,-0.160486,0.373466,6.392523,-26.076634,-99.537856,38.765483,-32.441903,-15.875125,-27.766355,-19.318012,54.123546,-95.349933,-39.330623,39.585830,-25.726678,42.778414,-19.125122,-37.444463
810.000000,77.604395,28.353733,45.378846,-112.060247,85.950242,109.433343,10.708546,23.337669,-1.213213,120.348575,-25.038939,4.334672,12.095987,-16.534763,4.435117,122.610160,-21.094993,-3.134364,0.800636,7.210123,-23.501139,-104.532842,41.167288,-36.709402,-7.389114,-31.998248,-20.103589,53.075091,-98.621101,-41.202331,41.162453,-17.392614,46.536541,-21.516701,-35.570758
811.000000,77.751464,28.376433,45.592180,-126.631202,85.257036,124.112717,8.020773,29.687769,-5.559777,117.300508,-28.226556,8.360768,8.776955,-19.767455,7.799497,120.151756,-22.569494,-2.727201,0.909715,5.757368,-22.131215,-115.581977,38.667248,-44.291403,7.462401,-34.952728,-20.385296,51.353269,-105.262135,-43.116710,44.024121,-3.729109,48.117962,-23.105968,-32.914600
812.000000,77.816749,28.636983,45.924687,-143.032174,85.161091,140.676340,4.198638,32.594581,-8.052385,110.319467,-29.981675,10.259572,4.590481,-24.871186,11.083421,113.683028,-22.713598,-2.587872,1.267528,4.310964,-20.962718,-124.671211,38.002124,-52.980312,24.912917,-41.003767,-19.970495,47.556531,-114.572865,-44.640136,49.833477,14.963566,55.315988,-22.547858,-30.699057
813.000000,77.976727,28.982085,46.366784,-159.453023,85.400620,157.122472,0.062305,34.541011,-8.948274,101.323582,-29.348244,12.178478,-0.206520,-31.553620,13.284552,104.722264,-19.639171,-3.602051,1.853817,2.876639,-19.680096,-132.970997,37.099774,-64.297154,45.865014,-49.488207,-16.058740,39.082336,-125.435577,-44.165161,59.809999,39.722372,63.450914,-17.692589,-25.317460
814.000000,78.202909,29.383409,46.898106,-174.670178,85.516020,172.275773,-3.313281,34.199160,-9.277369,90.586907,-26.142872,12.551190,-4.267846,-36.825870,14.245130,93.816890,-12.800388,-4.090188,1.096399,2.074750,-17.385193,-139.371690,37.834692,-78.660843,64.622947,-60.163325,-8.762522,27.668601,-134.620228,-40.612120,72.307873,64.485141,68.726190,-6.961199,-18.507574
815.000000,78.375411,29.767144,47.417554,178.609309,84.984242,178.628231,-5.728645,32.568989,-9.671077,77.896204,-20.453336,12.135834,-6.529046,-38.326381,14.237003,80.754952,-3.164279,-2.515704,4.990894,1.809719,-16.881420,-137.714891,36.861455,-80.214090,77.751930,-57.937257,-2.051868,17.813413,-136.641363,-39.483370,80.214090,81.776161,55.947879,4.213830,-4.632340
816.000000,78.438395,29.723361,47.776222,175.698486,83.340111,-178.715590,-7.988281,31.442667,-9.577041,62.713199,-12.922182,11.718966,-7.076729,-35.876784,13.811007,65.665343,5.849983,0.563935,5.784255,1.072140,-18.169102,-133.534542,37.924567,-80.214090,82.466195,-43.727954,-0.983145,12.796360,-132.061434,-41.613255,80.214090,84.311876,35.870340,2.841798,0.968833
817.000000,78.084230,29.658073,48.276320,174.275898,81.602490,-177.476287,-9.343498,30.378291,-9.002491,46.145735,-5.593776,9.935758,-7.295122,-33.962791,12.683997,49.817641,12.498896,3.704988,6.472280,0.991732,-19.166382,-128.220286,41.706194,-80.214090,80.950418,-25.827245,-3.951533,10.075218,-126.392405,-44.799006,80.214090,81.617926,25.444775,-1.862115,-0.295994
818.000000,77.224731,29.858410,48.901883,174.972039,80.673948,-179.157696,-9.409345,27.792402,-10.533871,30.959574,0.126213,6.958820,-8.278431,-33.501849,10.013829,35.581211,16.875678,4.902944,7.661811,1.642799,-17.928502,-123.483250,45.393225,-80.214090,81.221529,-16.023644,-5.875580,9.107414,-122.290111,-48.022510,80.214090,81.365872,23.136839,-2.936905,0.728271
819.000000,76.255274,29.857990,49.261022,174.144753,80.799000,-178.799239,-9.211275,24.426956,-13.871132,18.761621,3.930173,3.655922,-7.561958,-30.936850,9.151092,22.954456,19.452468,7.335194,6.847738,1.536969,-14.663561,-121.817489,48.066606,-80.214090,81.730774,-22.741356,-6.432153,11.032837,-120.957104,-50.580939,80.214090,81.140701,30.266487,-1.923647,1.047973
820.000000,75.326389,29.688624,49.042633,168.972902,81.659932,-173.197069,-9.562238,20.286546,-15.505296,12.113802,4.958287,1.789378,-6.292273,-27.810326,9.849315,14.444991,21.118219,10.649729,4.539279,0.734814,-10.727154,-122.023228,50.395103,-80.214090,80.465195,-34.515951,-7.313314,16.304925,-120.801990,-51.933975,80.214090,78.768959,43.407024,-2.736167,-4.304315
821.000000,74.661702,29.532990,48.421159,162.410202,82.983231,-166.424700,-9.480184,16.116479,-14.736910,9.439741,5.354451,-0.058754,-5.620839,-24.916337,8.839201,10.197596,21.172857,12.346532,1.612975,0.378635,-7.471214,-121.210600,54.140857,-80.214090,75.964135,-40.139857,-9.331952,21.796121,-118.923497,-52.631215,80.214090,72.923751,52.520490,-4.976860,-10.575325
822.000000,74.192631,29.375672,47.826335,156.316483,84.770918,-159.486212,-9.479581,13.237963,-11.926734,8.607626,6.835108,-0.859719,-4.713682,-21.363336,7.437307,8.116772,19.632689,12.229169,-1.059132,0.060946,-4.924837,-117.423642,57.379053,-77.355827,67.800740,-42.509257,-11.299473,25.321733,-113.569551,-54.030758,75.980554,64.342677,55.703526,-6.866446,-12.587368
823.000000,73.587787,29.064366,45.946878,143.211375,86.804490,-145.568638,-6.341357,11.352510,-5.668578,6.328532,6.211222,0.693331,-1.238573,-17.571722,4.293887,5.449697,16.643988,11.408218,-1.322355,-0.176105,-5.603757,-108.469859,58.059914,-70.691659,57.047591,-43.083221,-12.626061,27.960021,-104.865971,-56.378154,68.911527,54.445658,57.223526,-8.409827,-13.327726
824.000000,72.960293,29.058316,45.656991,109.382592,88.257571,-110.907285,-5.901020,9.281911,-0.689607,5.078676,6.796490,1.152442,-1.567145,-14.778450,1.128533,5.051269,15.934591,11.283546,-0.835195,0.120442,-5.569431,-97.279775,56.196676,-62.335776,47.350679,-43.010029,-14.668077,31.727878,-93.969264,-57.622508,60.635325,45.090672,57.917873,-10.906850,-16.470626
825.000000,72.127056,29.000354,45.412746,40.707422,87.993900,-42.224945,-5.120724,6.779088,0.655825,3.772893,7.429739,0.073158,-1.914760,-12.263317,-2.778381,4.292206,14.920285,11.563760,-0.073852,0.553202,-4.702463,-90.565412,53.425661,-58.019363,41.109160,-42.878753,-16.095822,33.227648,-87.509005,-56.742384,56.323792,38.607562,57.994829,-12.564075,-18.532057
826.000000,71.278405,28.927681,45.189092,18.177761,86.421113,-19.881951,-4.410215,4.062890,-0.699753,2.726709,8.245532,-0.081842,-2.117983,-10.053829,-4.825488,3.221728,13.716617,11.518163,0.735209,0.881196,-4.193417,-83.453150,51.333380,-54.874508,33.325490,-41.226445,-17.436278,33.834110,-80.770532,-56.557822,53.707939,29.995814,55.804073,-13.461412,-19.059382
827.000000,70.409429,28.865948,44.947866,11.539806,84.903199,-13.344037,-3.774822,1.878353,-0.630689,2.490440,8.456283,0.565787,-2.095011,-8.119997,-5.426913,2.885667,13.067602,11.361876,1.204868,0.932691,-3.680088,-78.283585,48.524164,-52.637758,26.303574,-42.088578,-18.341723,33.282856,-76.406219,-55.586368,52.785123,22.423103,54.628724,-13.984973,-18.279473
828.000000,69.488454,28.783724,44.725326,7.769228,83.854910,-9.594228,-3.154057,0.267934,0.116763,1.944629,8.469168,0.413763,-1.709021,-6.404340,-6.095647,2.852598,12.855033,11.813664,1.665065,1.257121,-3.573568,-74.012510,46.418860,-51.482653,19.257980,-41.409774,-19.236149,33.805430,-72.887749,-55.269546,52.516215,14.113100,52.651493,-15.073384,-18.254883
829.000000,68.545634,28.683829,44.540539,4.712300,83.157263,-6.495952,-2.564725,-0.702527,1.302948,1.266134,7.986213,-0.556006,-1.092892,-5.051485,-7.034127,2.783555,13.029068,12.625512,1.894568,1.684223,-3.810943,-71.150449,44.557805,-51.213513,12.426985,-40.151745,-20.010912,34.789002,-70.574330,-54.789442,52.545041,5.983227,50.007206,-16.265515,-19.307136
830.000000,67.713630,28.568131,44.373107,2.634018,82.759439,-4.400500,-2.072365,-1.079847,3.239482,0.899796,7.437429,-0.944002,-0.411732,-4.387269,-9.176934,2.569260,13.009793,13.043986,1.993449,1.999111,-4.137208,-69.822401,42.657827,-50.918155,6.080153,-38.849300,-20.533792,35.737793,-69.271772,-53.667474,52.212541,-1.769952,47.434134,-17.661614,-21.189776
831.000000,67.054027,28.447199,44.229659,0.537702,82.591899,-2.232957,-1.740716,-1.186055,4.265623,0.871178,7.249983,-0.749967,0.037184,-3.911692,-10.288276,2.400284,12.497291,12.495387,2.005513,2.325239,-4.597221,-70.167442,41.583097,-50.811816,0.635275,-35.831637,-20.828121,36.984887,-68.919976,-52.659871,51.838667,-8.685503,44.100151,-18.848655,-23.395894
832.000000,66.564846,28.355333,44.107181,-1.348362,82.467624,-0.304248,-1.499236,-1.438408,3.457468,0.894122,7.326161,-0.733892,0.227880,-3.362867,-9.528006,2.301525,11.910731,12.226235,1.948819,2.582358,-4.885870,-71.239604,40.474093,-50.540825,-4.413318,-32.765609,-21.736988,38.886698,-69.297467,-51.275504,51.247500,-14.537159,39.832864,-19.914257,-26.013846
833.000000,66.253507,28.287455,43.999895,-2.866742,82.354867,1.267329,-1.220201,-1.690847,2.400839,0.757197,6.893921,-0.933656,0.290107,-2.948887,-8.398734,2.260742,11.523354,12.502461,1.871313,2.740408,-5.115532,-72.904702,39.386481,-49.929216,-9.055461,-29.637509,-23.183154,41.328378,-70.115368,-49.404343,50.549387,-19.553484,35.890370,-21.108852,-29.019356
834.000000,66.171479,28.239158,43.918011,-4.121857,82.298064,2.613969,-1.065975,-1.718438,2.214278,0.841801,6.416552,-0.994512,0.252127,-2.902193,-8.124912,2.365377,11.411593,12.608328,1.741905,2.717854,-5.412643,-74.661583,38.077044,-48.809228,-13.014046,-25.796986,-23.250765,43.533068,-71.321996,-47.713793,50.033355,-23.560809,31.590537,-21.856513,-31.910384
835.000000,66.307241,28.216448,43.866333,-4.999773,82.320600,3.559011,-1.083442,-1.589144,2.831672,1.202647,6.347113,-0.825001,0.107198,-3.224203,-8.822758,2.594908,11.470331,12.508822,1.596872,2.628041,-5.713360,-76.062728,36.489808,-47.361396,-16.405167,-21.960692,-22.956612,46.121146,-72.711537,-46.241552,49.535783,-26.675726,26.871622,-22.144057,-35.032611
836.000000,66.604942,28.199524,43.843621,-5.905340,82.381074,4.466206,-1.217804,-1.376783,3.671321,1.594073,6.365183,-0.859431,-0.124472,-3.647012,-9.721904,2.806974,11.242101,12.382136,1.456585,2.540269,-5.990010,-77.171288,34.941188,-45.843359,-19.429194,-18.561239,-22.891014,48.434367,-74.004116,-44.871754,49.052533,-29.498740,22.976000,-22.454445,-37.488630
837.000000,67.016160,28.187001,43.836141,-6.784477,82.457288,5.265379,-1.452124,-1.217481,4.050131,1.979082,5.924882,-1.058562,-0.460149,-4.005900,-10.185693,3.029631,10.782628,12.206413,1.272282,2.493564,-6.235478,-78.001341,33.852316,-44.653827,-22.035230,-15.271067,-22.814451,50.071639,-75.140393,-43.796327,48.565507,-31.928682,19.844971,-22.526196,-38.868537
838.000000,67.474133,28.194213,43.851906,-7.590640,82.602293,5.940267,-1.817932,-1.140113,3.893468,2.425443,5.380013,-1.178722,-0.869880,-4.297553,-10.283054,3.318208,10.278151,12.068804,1.064510,2.464971,-6.391568,-78.768166,33.226654,-43.692826,-24.263444,-12.283562,-22.487028,50.825845,-76.062011,-42.859427,47.932007,-34.057161,17.656338,-22.438922,-39.591410
839.000000,67.936260,28.210914,43.910259,-8.572912,82.869214,6.880434,-2.222476,-0.912125,4.315186,2.954822,5.079225,-1.457335,-1.258700,-4.612118,-10.396497,3.736773,10.096244,12.030875,0.800314,2.475281,-6.622952,-79.040622,32.174200,-43.126303,-26.567202,-11.153099,-22.427951,51.688495,-76.415883,-41.753810,47.605667,-36.105725,16.926341,-22.425265,-40.459309
840.000000,68.391323,28.233841,44.007084,-10.374398,83.325431,8.657309,-2.524092,-0.382742,5.875152,3.608810,4.931648,-1.941667,-1.524540,-4.996352,-10.948570,4.285046,9.766137,11.903006,0.576288,2.583197,-7.267363,-79.419807,31.190711,-42.569475,-28.590347,-10.327658,-22.158472,52.401375,-76.308697,-40.583478,47.443382,-38.090841,17.248789,-22.518102,-41.126393
841.000000,68.830091,28.277144,44.149360,-12.913326,84.033683,11.183723,-2.639015,0.324036,8.328367,4.620623,4.699975,-2.439939,-1.587436,-5.530583,-12.067245,5.055344,8.847866,11.649394,0.407663,2.748500,-8.288617,-80.150665,30.406370,-41.882327,-30.179242,-9.329837,-21.699089,52.889078,-76.391377,-39.418914,46.841601,-39.819699,17.778113,-22.495288,-41.257044
842.000000,69.274968,28.325745,44.352528,-15.598363,85.027807,13.843127,-2.632435,0.952638,10.840649,6.313455,4.540014,-2.772134,-1.396944,-6.292491,-13.474397,6.175078,7.686725,11.508786,0.338985,2.833396,-9.613846,-80.944271,29.562971,-41.331517,-31.660276,-9.306165,-21.391808,53.092922,-76.784024,-38.251911,45.998452,-41.315510,18.227699,-22.430266,-41.331910
843.000000,69.741672,28.372389,44.604778,-19.812358,86.481786,17.993109,-2.996037,1.407048,12.812537,8.966596,5.084525,-2.977345,-1.289799,-7.095533,-14.239802,7.818708,6.897692,11.360509,0.433541,2.804521,-11.372192,-81.702579,28.873474,-40.612680,-33.386678,-10.074943,-21.074158,52.677769,-77.150176,-37.496243,44.968053,-43.173291,18.433687,-22.094935,-41.022628
844.000000,70.325863,28.487340,45.824555,-30.034258,87.294544,28.195537,-4.869022,2.793849,13.950751,14.884323,5.744578,-3.367084,-2.619270,-8.227426,-14.266494,13.033330,5.668797,10.550857,0.381105,3.400612,-11.503911,-82.357294,28.592053,-39.405561,-34.895262,-9.867266,-21.015787,52.176669,-76.965242,-37.171710,43.912140,-45.282245,18.054721,-21.951060,-40.287854
845.000000,70.802647,28.556401,45.987284,-62.597858,88.131071,60.451666,-5.246347,4.147075,15.405843,19.689337,4.657220,-3.778928,-2.363810,-9.140450,-15.364181,17.614822,3.039412,9.326301,0.670602,3.745880,-13.386361,-84.078973,28.729456,-38.268580,-35.930716,-10.466891,-20.683753,52.116157,-77.927042,-36.836450,42.665214,-46.572482,18.141049,-21.371148,-39.976923
846.000000,71.291167,28.629819,46.021661,-100.243710,87.848559,97.720165,-5.081783,5.984578,17.089082,25.049919,3.186100,-3.947314,-1.625787,-10.359180,-16.811573,23.311881,0.537508,7.572697,1.021012,4.159718,-15.171906,-86.252073,29.075665,-37.101294,-36.282983,-11.250207,-20.319055,52.038436,-79.389119,-36.515305,41.709237,-47.111554,18.856213,-20.891698,-39.807207
847.000000,71.792382,28.672320,45.964858,-114.639050,87.080289,111.937715,-4.615343,8.106842,18.282046,31.645653,1.325138,-3.967837,-0.771366,-11.313260,-17.010695,30.517575,-2.280173,5.849447,1.176913,4.648442,-16.598126,-88.628186,29.797486,-35.843532,-36.110715,-12.524409,-20.088179,51.590847,-81.327438,-36.452371,40.789480,-47.004423,19.926238,-20.610620,-39.475809
848.000000,72.311670,28.688279,45.816401,-115.301730,86.466379,112.613767,-3.909658,10.322575,18.597263,40.186408,-1.212579,-3.950876,0.026467,-12.013529,-16.029383,40.008881,-5.699255,4.267824,1.236469,5.145009,-17.734337,-91.187486,30.708353,-34.711260,-35.290990,-14.216065,-19.942312,51.461138,-83.699952,-36.569652,39.740930,-46.077867,21.213459,-20.383323,-39.212888
849.000000,72.760183,28.692085,45.617574,-109.364288,86.102798,106.737639,-3.097034,12.852555,18.368771,51.619882,-4.759105,-3.793349,0.850407,-13.070451,-14.857391,52.225368,-10.096116,2.683041,1.264243,5.616415,-18.514561,-94.056896,31.874837,-33.632985,-33.654832,-15.999252,-19.655543,51.322130,-86.385002,-36.768264,38.697376,-44.365866,23.506419,-20.201056,-38.730786
850.000000,73.042750,28.688315,45.413610,-101.319494,85.871773,98.785907,-2.006942,15.566245,17.564156,65.058030,-8.518607,-3.240756,2.002413,-14.396049,-13.522726,65.904598,-14.386856,1.095735,1.246418,6.029047,-19.066538,-97.228672,33.272785,-32.695825,-31.301609,-18.595938,-19.427114,51.045839,-89.399731,-37.098565,37.767207,-41.893795,26.740588,-20.103074,-37.991906
851.000000,73.256445,28.663689,45.258367,-95.051623,85.653440,92.591238,-0.489224,18.350686,16.257078,78.816838,-12.640340,-2.166472,3.458398,-15.508329,-11.732674,79.722706,-18.131459,-0.274058,1.244225,6.425032,-19.681178,-100.669222,34.611270,-32.221967,-27.818435,-22.066000,-19.483338,51.039825,-92.860609,-37.472159,37.150703,-38.183073,30.153079,-20.030057,-37.532033
852.000000,73.570997,28.633437,45.193350,-91.948698,85.387376,89.483491,1.141279,20.631602,14.036931,91.728471,-16.503115,-0.918786,5.003869,-16.025878,-9.438600,92.967522,-21.222748,-1.284189,1.220819,6.822174,-20.331795,-104.069072,35.667221,-32.333870,-22.875091,-26.189650,-19.788190,51.275442,-96.322299,-37.777694,37.002410,-33.007220,33.863794,-19.855517,-37.486718
853.000000,74.140579,28.615329,45.212325,-92.123865,85.026906,89.575524,2.452501,21.971341,10.807044,102.770407,-19.315661,-0.064664,6.284440,-15.617878,-6.737960,104.832503,-23.104457,-2.078398,1.164710,7.579120,-21.062719,-106.754231,37.164060,-33.124707,-16.549376,-30.512426,-21.689906,51.695246,-100.060687,-38.065501,37.621894,-26.220837,39.274380,-20.569931,-36.997591
854.000000,74.952984,28.575483,45.232195,-90.760097,84.844362,88.135991,3.732214,22.870262,7.297257,110.937729,-21.371003,0.740030,7.530902,-15.087429,-4.152398,113.925213,-24.019894,-2.570508,1.185233,8.490294,-21.711452,-108.114388,39.187958,-34.547667,-9.589831,-35.275093,-24.049294,51.640537,-104.061340,-38.637236,39.114099,-17.433307,45.026782,-21.750480,-37.191944
855.000000,75.668663,28.584272,45.253533,-94.561050,84.679409,91.706445,3.909266,24.940788,4.064080,115.351745,-22.416140,3.160326,7.437641,-16.078849,-1.771213,118.855878,-23.861985,-3.342285,0.975994,7.946754,-21.757697,-115.293866,35.295354,-38.312430,4.604227,-41.692981,-23.653763,51.219295,-109.562183,-37.748953,42.359208,-4.385668,49.003301,-23.017575,-37.270751
856.000000,76.152599,28.609911,45.304376,-100.485659,84.864084,97.475591,3.160986,28.035241,1.765106,114.623552,-22.678900,6.048278,6.458048,-18.856689,0.454116,118.029111,-22.864321,-4.621863,1.164970,7.180268,-21.899205,-121.024942,32.829270,-42.310358,19.146270,-48.747982,-23.269432,49.207094,-115.376061,-37.178998,45.927647,10.501043,56.272467,-22.837514,-34.421551
857.000000,76.406729,28.741917,45.556453,-116.407469,85.276916,113.453000,0.635543,30.074931,0.682967,109.723567,-23.001017,8.259519,4.167951,-22.204130,2.181257,112.442385,-21.395115,-4.763619,1.193948,5.983218,-21.903978,-127.608233,30.097983,-47.395284,35.231219,-56.299327,-21.456226,45.164424,-122.597511,-35.900690,50.833068,27.533742,65.086136,-21.237254,-30.024146
858.000000,76.617754,28.935918,45.902118,-138.395744,85.290069,135.680385,-2.679345,30.929907,0.688805,101.996028,-22.627235,9.578329,1.378646,-25.483142,3.173954,103.830828,-17.359780,-3.775830,1.118541,4.689964,-21.477465,-133.993736,28.388042,-54.361349,50.628019,-62.062309,-17.702425,39.002948,-130.574816,-34.324170,57.287826,45.857733,70.213566,-16.838453,-24.514667
859.000000,76.799679,29.173571,46.305075,-155.790611,84.876683,153.435912,-5.665114,31.568595,1.509452,92.479655,-20.846139,10.604289,-1.022265,-28.716963,3.547784,93.602811,-10.150535,-2.463781,0.894493,3.509608,-20.050570,-139.617413,28.329098,-65.331504,62.872533,-65.073398,-12.376802,31.548616,-137.586060,-32.509972,65.570608,62.153656,70.677022,-9.651530,-20.093699
860.000000,76.913577,29.390046,46.772528,-165.690543,84.074837,163.749579,-8.108254,31.469817,2.318294,81.545669,-17.314069,10.927832,-2.821198,-30.287869,3.659265,82.562015,-2.184017,-0.562956,1.492458,2.225176,-17.355637,-144.887724,28.434822,-78.520217,71.243033,-63.456617,-6.380481,23.580270,-143.803049,-32.055826,74.918767,74.734420,63.803345,-1.899342,-12.787125
861.000000,77.000368,29.438648,47.085929,-169.742241,82.765093,168.067476,-9.616075,30.206932,2.554889,68.646516,-12.708826,10.358778,-3.804463,-28.960538,4.107083,70.340881,4.255837,1.714390,4.209705,1.837062,-17.627849,-144.084753,28.574581,-80.214090,76.374390,-49.114080,-2.647466,16.104451,-143.053039,-33.078712,80.214090,80.425047,47.281155,1.391723,-4.591896
862.000000,76.943815,29.362160,47.398007,-171.602279,81.422127,170.120769,-10.195940,28.869164,2.513521,54.445436,-8.108007,9.613802,-4.425700,-26.946826,5.163825,57.624564,8.203614,3.969516,4.242159,1.272095,-18.466893,-141.163590,29.333067,-80.214090,79.202867,-34.348506,-2.594740,14.183309,-138.971359,-35.540657,80.214090,81.367757,30.001292,0.235403,-0.675970
863.000000,76.556307,29.492143,47.933474,-170.629669,80.758011,168.667974,-9.978491,27.635753,1.857744,41.172247,-4.868894,8.384367,-5.874605,-27.815353,4.535616,46.643447,8.849069,3.662518,4.436248,0.968591,-18.159060,-138.284078,31.047366,-80.214090,80.851278,-22.715370,-3.109944,12.532052,-134.505877,-39.039288,80.214090,81.269573,17.890979,-1.376808,0.676174
864.000000,75.988495,29.629102,48.493296,-168.618486,80.818266,165.589118,-9.356600,25.541313,-1.371988,29.889659,-2.219217,6.008280,-7.307043,-28.773770,3.378591,36.959950,7.821684,2.920893,5.204995,0.727183,-16.719277,-135.553095,33.179037,-80.214090,81.984209,-13.869638,-3.911081,10.177620,-130.369638,-43.137122,80.214090,81.456365,10.051201,-2.027620,2.073468
865.000000,75.362521,29.568121,48.783055,-168.627975,81.423744,164.914962,-8.942608,23.115891,-5.751427,21.925542,-1.223849,3.852829,-7.738270,-28.364143,3.539068,28.502094,7.696812,3.902580,5.902495,0.417968,-14.444127,-132.796827,35.536658,-80.214090,82.488058,-10.461223,-4.841675,9.335713,-127.127975,-47.045547,80.214090,81.526108,8.894365,-2.390145,2.389839
866.000000,74.834275,29.404178,48.810849,-168.180212,82.632353,164.437146,-8.612050,21.445448,-8.422053,17.280980,-1.007410,2.644797,-7.568149,-27.290963,4.335087,22.773526,7.658824,5.237062,5.687949,-0.090692,-12.026810,-129.674597,38.027522,-80.214090,82.008695,-8.995677,-5.911242,9.315721,-123.456721,-50.981509,80.214090,80.673728,7.906052,-3.229612,1.908346
867.000000,74.398112,29.233050,48.643154,-165.042172,84.118944,161.703227,-8.374743,20.742018,-8.580850,14.902723,-0.392520,2.211808,-7.408809,-26.153959,4.407922,20.020577,6.864759,5.990904,4.906625,-0.538260,-9.905660,-126.494434,40.993235,-80.214090,80.528770,-6.863887,-7.094630,9.082708,-119.290292,-55.139113,80.214090,79.072683,3.984705,-4.124338,2.350366
868.000000,73.975211,29.054546,48.177391,-160.021676,85.314147,157.062623,-8.274556,20.495166,-6.817537,13.713463,-0.253386,2.170551,-7.362975,-25.346180,2.907795,18.599300,5.861574,5.903172,3.566347,-0.478417,-8.360535,-123.922513,44.671083,-80.214090,79.013609,-3.954097,-7.898809,7.771579,-116.097561,-58.112499,80.214090,76.953959,1.773199,-4.812643,3.373523
869.000000,73.565876,28.874996,47.712868,-149.964851,86.620937,147.199259,-7.956101,20.159662,-4.894253,12.770932,0.299789,1.717092,-7.048880,-24.727503,0.836280,17.023210,5.742383,5.823458,1.375603,-0.334248,-7.565663,-121.012060,49.765380,-80.214090,76.020135,-0.366204,-9.065612,5.289024,-112.397477,-60.773336,80.214090,72.666990,-0.741055,-5.915756,4.929943
870.000000,72.993845,28.751421,47.527307,-131.457858,87.863486,128.768552,-7.796384,19.339093,-3.861823,11.550987,1.523321,0.831001,-6.650174,-24.155524,-1.121451,14.511510,5.880264,6.562341,0.582034,-0.116200,-6.560531,-117.332582,55.995090,-80.214090,69.324473,1.429095,-10.654508,2.802547,-109.072705,-65.353750,80.214090,65.705983,-3.424693,-7.278536,7.205212
871.000000,72.281516,28.620356,47.311607,-97.199809,88.620053,94.598401,-7.746786,18.308807,-2.681150,10.223280,2.147991,0.288207,-6.144652,-23.184129,-2.551312,11.756420,5.930272,7.830672,0.448566,0.251303,-5.342168,-113.485512,62.347517,-80.214090,61.241689,2.241325,-12.396281,0.908291,-106.198008,-70.446571,80.214090,57.873832,-3.260514,-8.868254,9.080094
872.000000,71.537817,28.520465,47.087607,-51.143377,88.562185,48.893138,-7.671575,17.115129,-1.322549,8.810632,2.266980,0.065283,-5.610104,-21.875774,-2.942538,9.625342,6.928955,9.146060,0.001090,0.291891,-4.024494,-109.908549,68.638777,-80.214090,52.866521,-0.344904,-13.901301,-0.507693,-103.457190,-75.696849,80.214090,49.750333,-1.276635,-10.265801,11.279836
873.000000,70.828050,28.467244,46.888188,-27.100424,87.898717,25.104867,-7.389571,15.902221,0.102053,7.713096,2.331070,-0.107752,-5.172822,-20.536412,-3.760659,8.433786,7.311245,10.020829,-0.483949,0.203577,-2.576869,-107.081472,74.306516,-80.214090,45.018818,-8.388039,-14.459625,-0.481858,-101.217652,-80.232962,80.214090,41.959355,6.232331,-10.589826,12.603024
874.000000,70.164067,28.423628,46.694666,-16.390382,87.019358,14.411174,-6.758286,14.731842,1.999548,7.291875,2.733727,-0.077830,-4.624231,-19.345911,-6.007688,7.856693,7.216460,10.400040,-0.713714,-0.014797,-1.329933,-104.993005,78.764280,-80.214090,37.941004,-17.669926,-14.354870,0.623043,-99.219399,-83.879449,80.214090,34.468037,16.021146,-10.130651,13.533795
875.000000,69.573545,28.378898,46.429241,-11.187231,86.220806,9.232915,-5.991701,13.391557,4.364151,7.444130,3.029860,0.126566,-4.077429,-18.055810,-8.228790,7.624756,6.822177,10.235468,-0.915372,-0.423850,-0.597662,-103.758367,81.294469,-80.214090,32.586856,-24.397077,-14.633433,1.902962,-97.748620,-85.968401,80.214090,28.346279,21.921009,-10.292746,14.573689
876.000000,69.033301,28.382123,46.252006,-8.139726,85.464826,6.186400,-5.244455,11.649342,5.492212,7.479185,3.537888,0.114008,-3.704389,-16.548111,-9.536529,7.337077,6.606599,10.014128,-1.101193,-0.575524,0.032388,-102.161530,83.355014,-79.609987,27.234988,-30.493533,-15.441451,4.647181,-96.661609,-87.394374,80.135167,22.186377,27.877672,-10.925508,14.132916
877.000000,68.502653,28.412172,46.123248,-6.070745,84.841705,4.155387,-4.725479,9.541028,5.545942,7.343382,4.215731,0.126235,-3.403803,-14.778677,-10.327840,6.747293,6.251077,10.220620,-0.987826,-0.216360,1.054305,-97.427505,84.439170,-74.588541,22.016877,-34.688253,-16.618245,8.948021,-94.292633,-88.399853,77.670555,16.253431,33.277993,-12.026128,12.016158
878.000000,67.996418,28.321096,44.386956,-3.591639,84.460177,1.727932,-1.469194,6.775229,7.520696,5.061489,2.983321,0.157913,-0.369114,-12.121826,-11.800327,4.336821,3.480093,10.690977,0.475336,0.822385,-1.995329,-78.263504,83.269582,-57.570749,13.828777,-33.720903,-17.326508,14.993572,-83.018456,-91.088496,68.757349,7.606630,34.851979,-12.912343,8.929824
879.000000,67.540514,28.390110,44.293332,-4.662470,83.774317,2.730645,-0.967737,4.980669,7.084776,4.776572,3.247597,-0.368891,-0.134951,-10.160168,-11.897683,4.298213,3.007624,10.785804,1.011242,1.722374,-2.047376,-72.240240,80.299420,-52.246388,9.883855,-34.812651,-18.737261,17.366277,-79.035896,-89.490470,65.397784,3.354770,37.205058,-14.626486,6.649985
880.000000,67.231405,28.455511,44.204319,-6.052697,83.216467,3.927075,-0.609614,3.348644,5.651550,4.328079,3.690424,-0.594436,0.163103,-8.403607,-12.313999,4.172743,2.937634,10.463617,1.296546,2.678432,-2.205152,-65.463204,77.430296,-46.572236,4.551103,-34.620914,-20.049824,19.547170,-73.615376,-87.266663,61.051912,-1.874739,38.632271,-16.395212,3.360824
881.000000,67.020589,28.493887,44.101742,-6.351595,82.800069,4.276501,-0.407482,1.992291,5.256964,3.913405,3.993876,-0.692415,0.318349,-6.831113,-11.904647,4.034774,3.759556,10.349384,0.996959,3.266814,-2.490844,-59.345915,74.890586,-42.137930,-2.010846,-34.340716,-20.885663,21.527812,-67.683732,-84.298857,56.517432,-7.771919,38.721152,-17.897655,0.355558
882.000000,66.853857,28.508911,43.977672,-6.102023,82.369758,4.179296,-0.274427,0.888810,5.064377,3.641596,3.935441,-1.302068,0.296083,-5.359002,-10.708757,3.961859,4.776023,10.698347,0.528490,3.490458,-2.859276,-56.417106,72.872292,-41.243172,-8.046386,-34.275470,-21.751984,22.494089,-63.941881,-80.912900,54.123146,-13.013272,38.834048,-18.974826,-1.174134
883.000000,66.788363,28.525630,43.872884,-5.686861,82.083323,3.931275,-0.305161,0.008626,4.380418,3.214713,3.880305,-1.953027,0.122991,-4.175371,-9.335237,3.542429,5.278170,11.755336,0.061716,3.499341,-3.294635,-54.861220,70.771627,-41.593018,-14.272153,-34.008960,-22.318840,23.254649,-60.908560,-77.730941,52.339767,-18.529263,38.415569,-19.417956,-2.213335
884.000000,66.844606,28.544119,43.769404,-4.848613,81.866212,3.329330,-0.396255,-0.407188,4.706152,2.820241,3.658763,-2.148960,-0.191938,-3.628296,-8.606728,3.136166,5.369283,12.770022,-0.342619,3.256736,-3.797843,-55.039983,68.451691,-42.892902,-19.814333,-32.882498,-22.473117,24.051068,-59.054710,-74.987978,51.514567,-23.847988,37.892670,-19.647382,-3.246235
885.000000,67.000496,28.561777,43.653142,-4.001849,81.657514,2.601186,-0.528335,-0.489072,5.411905,2.547994,3.198009,-2.031781,-0.659212,-3.583921,-8.587474,2.819367,5.269556,13.293354,-0.489334,2.923020,-4.225617,-56.445684,65.686633,-44.608843,-24.196720,-31.384245,-22.339841,25.574344,-58.519722,-72.541267,51.546102,-28.522023,37.274101,-19.936009,-5.368714
886.000000,67.199856,28.575724,43.545154,-3.454648,81.417681,2.090414,-0.755259,-0.460609,5.434082,2.378461,2.822451,-1.993548,-1.225270,-3.731433,-8.477537,2.540932,5.223815,13.388527,-0.497927,2.580561,-4.509052,-58.224214,62.169789,-46.437005,-27.606563,-31.081630,-22.141907,27.290564,-59.065960,-69.954661,52.168001,-32.513107,36.819019,-20.152466,-8.291136
887.000000,67.407364,28.587776,43.471000,-3.467740,81.141185,1.993688,-1.049677,-0.289460,4.867024,2.178931,2.715966,-2.266686,-1.752918,-3.998917,-8.273570,2.268925,4.650726,13.691334,-0.432232,2.414161,-4.588382,-60.052150,58.975965,-47.970048,-29.949297,-31.065790,-22.239699,29.173186,-60.382888,-67.156059,52.774765,-35.767617,36.790438,-20.330505,-11.367025
888.000000,67.623860,28.594419,43.409452,-3.693829,80.873101,2.118393,-1.372245,0.014019,3.963325,1.934408,2.487261,-2.423302,-2.185991,-4.306898,-7.703221,2.128473,4.123128,13.629257,-0.419263,2.417820,-4.635492,-61.764349,56.414316,-49.219429,-31.794333,-31.024399,-22.584579,31.634045,-61.991104,-64.292414,52.813014,-38.122967,36.324671,-20.614530,-15.201920
889.000000,67.840314,28.587598,43.359500,-3.792704,80.712580,2.194052,-1.673146,0.482598,3.629584,1.783875,2.003243,-2.461938,-2.410343,-4.714080,-7.287545,2.147222,3.662198,13.441063,-0.372804,2.410103,-4.918170,-63.265242,54.175155,-49.633861,-33.197072,-31.169893,-22.519207,34.838917,-63.135461,-61.476846,52.337158,-39.899827,36.411916,-20.998744,-20.054516
890.000000,68.010819,28.561196,43.367589,-4.216723,80.770521,2.652924,-1.918951,1.196566,4.252618,1.831281,1.704168,-2.752458,-2.404817,-5.125020,-7.161271,2.365742,3.281082,13.279856,-0.229606,2.432536,-5.615379,-64.721500,52.513052,-49.149071,-34.078686,-30.438397,-22.710008,39.137353,-63.928767,-59.073808,51.305605,-41.114535,35.891155,-21.418184,-24.776998
891.000000,68.149251,28.546411,43.444100,-5.342151,81.099588,3.758489,-2.059404,1.963158,4.856735,2.155668,2.239637,-2.888845,-2.158576,-5.412993,-6.892258,2.887085,3.008327,12.913886,0.054139,2.558657,-6.881157,-66.691518,50.853641,-48.497492,-35.044126,-30.053942,-22.892737,42.481345,-65.012684,-56.775073,49.901478,-41.901776,34.263302,-21.348788,-28.362285
892.000000,68.256968,28.540629,43.609339,-6.805037,81.779575,5.147778,-2.028810,2.657830,5.515912,2.851071,3.251976,-2.859385,-1.706778,-5.689947,-6.559985,3.728834,3.088149,12.630096,0.413712,2.675539,-8.714531,-69.415704,49.127980,-47.414545,-35.620079,-29.552552,-22.678035,43.950259,-66.241668,-54.148527,48.218417,-42.569683,33.351715,-21.381986,-30.970485
893.000000,68.363482,28.547642,43.884802,-9.468332,82.868662,7.513301,-1.773287,3.381213,6.624525,3.898902,3.975950,-2.980623,-1.030334,-6.181984,-7.295369,4.768893,2.155021,12.262307,0.918304,2.792773,-11.010758,-72.359919,46.956598,-45.573939,-35.574887,-28.440443,-22.610086,45.058324,-67.678425,-51.186899,46.094737,-42.902713,32.453917,-21.423319,-33.028070
894.000000,68.513262,28.571212,44.233674,-15.797457,84.244358,13.260335,-1.316333,4.174213,7.766053,5.319900,5.173501,-3.337445,-0.127027,-6.872506,-9.376919,6.291908,0.800473,11.424977,1.593802,3.119033,-13.748311,-75.383951,44.543389,-43.492527,-35.167104,-26.994484,-22.447922,46.174835,-69.651619,-48.020376,43.792256,-42.905315,31.034402,-21.272843,-34.039692
895.000000,68.775827,28.607401,44.653445,-31.357477,85.879462,28.346513,-0.897864,5.119585,9.089818,7.188972,6.656478,-4.031289,0.575014,-7.508693,-11.589550,8.806978,0.360368,10.012607,2.173758,3.759277,-16.933694,-78.600116,41.832440,-41.773249,-34.802058,-25.915230,-22.107842,47.591303,-71.800246,-44.476778,41.885408,-42.932640,30.050848,-20.945380,-34.780413
896.000000,69.323581,28.767076,45.994458,-49.905745,86.278926,46.516981,-1.389330,6.380066,9.409637,12.550956,8.544274,-4.666928,0.004246,-8.726620,-12.528665,15.775422,-0.033104,8.378853,2.387252,4.888704,-18.348118,-80.929484,39.808870,-40.197033,-34.737673,-24.924009,-21.983959,48.607041,-72.899394,-41.444352,40.484379,-43.402440,29.275062,-20.923957,-35.315725
897.000000,69.936460,28.814560,46.235195,-81.347976,86.475855,77.584731,-0.787083,7.393127,10.257621,17.946532,9.099820,-5.329291,0.603798,-9.669270,-13.590408,22.768926,-1.732346,6.714232,2.571082,5.725522,-21.324503,-84.605826,38.421153,-39.218693,-33.308514,-24.766833,-21.437553,50.047094,-75.757999,-38.385653,39.499018,-42.420037,28.523934,-19.656099,-36.658271
898.000000,70.698458,28.822562,46.209279,-100.756288,85.882467,96.873661,0.465984,8.794501,11.975022,25.679635,8.793774,-5.777310,1.960532,-10.948080,-14.425899,31.670078,-3.949787,4.330170,2.558678,6.380789,-23.580492,-88.714308,37.506481,-38.132075,-31.089242,-27.469848,-21.360973,50.524279,-79.233063,-35.538140,37.981005,-40.501014,29.688449,-19.356365,-37.493620
899.000000,71.436852,28.787616,46.048784,-108.785245,85.510482,105.128588,1.555919,10.398903,13.549415,36.658732,7.344923,-5.359816,3.632733,-12.476934,-14.250765,42.361048,-6.990549,2.192983,2.325418,6.551405,-24.960508,-93.888880,37.184871,-37.032551,-26.879719,-31.040372,-21.095668,49.771121,-83.509021,-33.743614,36.097495,-36.871250,32.446984,-20.262890,-37.522365
900.000000,71.987402,28.709662,45.823881,-110.000312,85.486948,106.722827,2.431795,12.479731,14.663054,50.578258,4.452819,-4.010570,5.633866,-13.800581,-13.094711,54.160374,-10.718089,0.503841,2.160786,6.497694,-25.497520,-99.351051,36.978002,-37.287686,-20.994383,-33.229615,-21.596741,50.324598,-88.497422,-33.435658,35.246693,-31.174110,34.623448,-20.559390,-38.304568
901.000000,72.358090,28.626433,45.612541,-107.234683,85.359430,104.050066,3.335411,14.752326,14.676792,65.643609,0.957570,-2.849676,7.709848,-15.143781,-11.786106,66.666690,-14.340863,-1.507934,2.199869,6.616068,-25.266224,-104.921582,36.826515,-38.752595,-13.967126,-36.731326,-23.125187,51.196783,-93.956758,-33.613810,35.396052,-23.956347,37.811166,-21.076386,-38.807533
902.000000,72.697556,28.596276,45.447925,-105.866689,85.007800,102.615770,4.082310,16.126068,13.236889,79.853265,-2.890469,-2.417772,9.420140,-16.474565,-10.083057,79.240221,-17.706041,-3.475038,2.247767,7.120455,-24.710779,-110.847611,36.864850,-40.979574,-5.184894,-42.161214,-23.790790,51.082582,-100.191184,-33.685366,36.612662,-15.165134,43.477812,-22.593540,-39.452771
903.000000,73.157012,28.634283,45.321912,-105.871062,84.756531,102.665770,4.663745,16.381237,11.078516,92.474320,-7.624637,-2.151150,10.684987,-16.999192,-7.474997,90.972403,-20.554561,-4.115322,2.338627,6.713702,-24.265010,-117.237479,35.239630,-44.221168,6.332798,-46.808864,-23.770453,50.321982,-105.945619,-34.382643,38.054635,-4.240832,47.807646,-24.045700,-39.982848
904.000000,73.921692,28.624117,45.249844,-108.591276,84.768876,105.622024,4.647332,16.630998,8.833707,103.113324,-11.585965,-1.335337,10.963477,-16.389961,-4.286603,101.108574,-21.924682,-3.519382,2.180008,6.545984,-23.056772,-123.394498,34.404698,-47.587994,18.258098,-51.849779,-23.120404,47.389717,-113.004681,-34.996967,40.768016,8.790365,51.721078,-24.132691,-38.115403
905.000000,74.940932,28.544414,45.189732,-109.823411,84.777914,107.112978,4.174834,17.941727,6.355605,110.776270,-14.174297,0.345636,10.395082,-16.115925,-1.499228,109.012162,-22.542056,-3.449737,2.045900,6.231016,-21.637723,-128.542316,32.653980,-51.418248,29.908896,-57.524434,-21.552834,44.265110,-119.474857,-35.409866,44.697390,21.898445,58.147634,-23.124000,-34.943115
906.000000,76.034731,28.495061,45.194265,-113.542306,84.641955,111.089326,2.473804,19.964047,3.587631,114.261415,-15.870235,2.391040,8.280018,-16.943937,0.885195,113.871568,-23.011483,-4.052914,2.371382,5.891558,-20.418031,-133.012907,30.380408,-55.497298,41.547955,-62.492761,-19.291441,41.088424,-125.832876,-35.939690,50.465095,35.078363,65.389342,-20.669358,-31.311021
907.000000,76.983267,28.501546,45.351487,-125.371869,84.114825,123.312648,-1.179021,21.962434,1.044521,113.516002,-17.649113,4.425845,4.324046,-18.156653,2.809809,115.182521,-23.443412,-4.266463,2.444957,5.527772,-19.770078,-137.778808,28.801111,-61.921812,53.263171,-64.999926,-15.260207,36.565507,-132.476054,-35.938676,58.627776,48.568266,70.505427,-15.598958,-26.635680
908.000000,77.744097,28.524944,45.648140,-139.045020,82.970546,137.553367,-5.863968,24.161567,-0.495888,109.364975,-20.335855,6.387655,-0.218546,-19.409755,3.632978,113.010882,-23.855228,-3.509730,2.398688,4.944082,-19.102313,-142.283195,27.888202,-71.984054,63.060220,-65.166288,-10.246710,29.457298,-139.103660,-35.602231,69.185780,61.601053,70.570730,-8.225296,-19.482000
909.000000,78.363740,28.562742,46.035314,-148.715654,81.642293,147.607135,-9.955755,26.134180,-0.604952,102.705343,-22.573569,8.264168,-4.114451,-20.660052,3.650279,108.327442,-23.555292,-2.837113,4.189770,4.441718,-17.790925,-145.253071,29.010655,-80.214090,68.689874,-62.544070,-6.064602,21.309005,-144.748306,-35.552815,79.251149,72.571463,62.850513,-0.437825,-8.933492
910.000000,78.855157,28.633171,46.330437,-154.532186,80.535536,153.770440,-12.339666,27.559195,0.332617,94.070392,-23.194487,9.732703,-5.813044,-21.927714,2.699862,101.616590,-22.645764,-2.114355,5.233130,3.901573,-19.346984,-142.414335,28.934730,-80.214090,73.942467,-49.428262,-2.525730,14.748441,-141.796271,-35.806034,80.214090,78.175367,47.695146,2.363439,-2.477318
911.000000,79.157513,28.710768,46.613362,-159.603854,79.237775,159.052405,-13.728877,28.014463,1.527604,84.428658,-22.409234,10.543604,-6.462104,-23.223068,1.460515,94.194169,-21.611019,-1.599060,5.306526,3.116566,-21.242751,-138.529596,29.653399,-80.214090,77.191246,-34.032633,-0.954182,9.090400,-136.966412,-38.047159,80.214090,79.179432,29.853835,1.468047,1.923870
912.000000,79.196602,28.840739,46.936372,-162.867999,77.784757,162.176871,-14.219844,28.113383,2.555927,74.300410,-20.201222,10.887824,-6.890223,-24.815341,0.378180,86.918392,-20.492343,-1.599618,5.601524,2.769923,-22.379977,-135.231585,31.684537,-80.214090,78.365813,-20.387104,-0.604865,4.746245,-132.949345,-41.030866,80.214090,79.452271,14.070981,0.075516,5.472180
913.000000,79.031479,28.928205,47.286761,-164.781742,76.523078,163.956691,-14.147815,27.597024,2.459109,63.765499,-16.822749,11.065638,-7.175113,-25.214222,0.393047,79.697960,-18.722151,-1.121828,3.029476,0.615150,-20.036415,-139.571637,25.466654,-80.214090,91.327279,-3.143265,-1.868476,-1.939892,-132.451179,-45.103035,80.214090,81.484061,12.556264,-1.300956,5.923516
914.000000,78.742617,28.933764,47.595757,-165.646508,75.777477,164.632819,-13.419237,26.973628,1.734610,53.074695,-13.257887,10.634675,-7.208925,-24.116735,1.849550,72.523215,-16.129780,-0.042105,4.193523,-0.142360,-18.833022,-138.390083,26.762894,-80.214090,93.264799,4.307995,-3.166756,-3.257213,-129.344904,-49.886298,80.214090,82.749613,10.674177,-1.608425,5.961029
915.000000,78.364056,29.029825,47.950915,-165.416024,75.637533,163.989276,-12.423294,25.997935,-0.173316,42.728427,-8.599577,9.713560,-7.293024,-23.062771,4.025858,65.032888,-11.995071,1.079688,5.729292,-0.650801,-17.517622,-135.504205,29.116236,-80.214090,93.383214,10.373133,-4.063149,-4.133899,-124.390381,-55.556991,80.214090,82.937184,6.787245,-2.181916,5.667177
916.000000,77.864981,29.253101,48.202971,-164.866231,75.945732,162.316672,-11.124911,23.818451,-4.059888,33.282228,-4.538602,8.194028,-7.663218,-23.358241,5.586353,57.016121,-6.947722,1.040572,6.101462,-0.582946,-16.194136,-131.854357,33.798173,-80.214090,92.259853,13.792927,-5.177595,-4.809304,-118.464932,-60.316629,80.214090,82.171158,5.688281,-2.782805,4.845186
917.000000,77.342248,29.474548,48.397917,-164.511552,76.820585,160.942506,-10.175823,21.533360,-8.258244,25.836842,-2.502589,6.794113,-7.660606,-23.951788,6.418094,48.183508,-2.335115,0.953832,6.070221,0.127592,-14.695709,-127.183573,40.785822,-80.214090,89.359522,13.355731,-6.311435,-4.281103,-112.820279,-64.308492,80.214090,80.357852,7.370321,-3.208782,4.122589
918.000000,76.789129,29.633844,48.673603,-163.803779,78.290769,159.706695,-9.802818,19.518797,-11.247143,20.298347,-0.381280,5.102120,-7.077719,-24.052328,6.842368,38.615205,2.876134,1.798851,7.429143,1.030403,-12.251369,-120.262952,51.082029,-80.214090,81.364683,4.717903,-7.199642,-0.041235,-107.304874,-70.480223,80.214090,77.018347,9.289938,-4.086849,3.701424
919.000000,75.972742,29.530653,48.376155,-164.576278,79.350778,159.786125,-9.697147,17.223022,-12.515300,16.447329,0.849961,3.827747,-6.793542,-22.997899,6.858387,29.634391,6.270737,2.708343,6.428681,1.626389,-10.476740,-117.752584,56.364241,-80.214090,79.987751,2.103536,-7.174706,1.476312,-105.410801,-72.689564,80.214090,75.108633,11.143374,-4.469495,4.045765
920.000000,75.157565,29.379278,48.110396,-165.086279,80.993707,160.449815,-9.721206,14.693719,-12.740416,13.290899,2.960946,2.059897,-6.074075,-21.246451,6.813912,21.321305,9.102684,4.823419,4.686927,2.244141,-8.674105,-115.491259,60.888876,-80.214090,79.213303,1.550145,-7.841379,2.626586,-104.231747,-74.214138,80.214090,73.347079,13.257602,-4.862973,4.283112
921.000000,74.375397,29.177672,47.749692,-164.103981,83.099525,160.175555,-9.516494,12.640922,-11.256726,10.416003,4.886188,0.846272,-5.619551,-18.890042,6.508328,15.471159,11.227957,7.098086,2.594543,2.400830,-6.489441,-114.104505,65.040968,-80.214090,77.247233,-0.713648,-9.185273,4.619092,-103.351779,-75.343106,80.214090,71.741520,16.082872,-5.018014,4.583848
922.000000,73.632205,28.998601,47.330943,-160.884915,85.369542,157.934225,-9.270477,10.554273,-9.836781,7.661630,5.367670,0.821512,-5.674797,-16.071036,6.159521,11.687196,11.786952,9.081443,0.703850,2.129735,-4.297364,-112.743187,69.011125,-80.214090,73.303509,-5.970445,-10.504586,6.718788,-102.260984,-76.880521,80.214090,68.715132,18.656911,-5.450641,5.603769
923.000000,72.886330,28.870839,46.942434,-152.711400,87.611936,150.540965,-8.928461,8.270288,-7.831961,4.960512,4.494057,1.287763,-6.145843,-13.605527,3.885015,8.881003,11.519365,10.563930,-0.810048,1.619340,-2.296610,-111.750316,72.342837,-80.213400,68.206617,-15.180751,-11.118523,8.197923,-101.550419,-78.392759,79.645941,63.872364,23.574176,-6.123365,6.364700
924.000000,72.048944,28.576383,45.109171,-34.204378,89.151243,32.202618,-5.624684,5.542107,-3.932747,2.286071,0.898076,1.630518,-3.186803,-11.297375,-1.604077,4.918099,8.836693,11.465633,-0.757590,0.654860,-1.757632,-106.135320,75.235360,-74.034750,60.580096,-26.017773,-11.493316,10.091616,-96.509029,-81.481309,73.794170,56.033137,30.328222,-6.961428,5.606105
925.000000,71.334481,28.477168,44.824198,-2.673075,86.717437,1.050008,-5.014862,2.908499,-3.189132,1.306816,0.683572,1.547039,-3.171359,-9.056743,-3.862443,3.217831,8.311391,11.440037,-0.608977,0.437670,-0.242644,-99.117724,75.658292,-67.374461,54.046160,-32.780451,-12.242774,10.212600,-90.401174,-82.480968,67.270239,48.673041,36.998069,-8.158337,4.921116
926.000000,70.626527,28.405452,44.526911,-0.006393,85.158856,-1.103856,-4.803123,0.615819,-2.669946,0.062503,1.220128,1.360905,-3.418791,-6.666625,-5.271728,1.536282,7.132043,11.244551,-0.539086,0.582948,-1.030776,-81.868116,76.297687,-53.288231,41.876563,-34.615617,-13.527837,12.587800,-72.244789,-83.843229,51.887485,35.325148,39.649545,-10.130223,1.122396
927.000000,69.806927,28.339875,44.304878,0.595365,83.391938,-1.497901,-4.427156,-1.075914,-0.718466,0.394868,0.500085,0.879541,-3.105496,-4.536514,-6.332837,1.379624,5.044731,11.892669,-0.436637,0.356020,-0.509429,-78.940389,73.644903,-51.557492,36.453044,-37.482794,-14.842397,13.484527,-69.451952,-81.449596,49.440147,29.330632,41.624836,-12.105127,0.712723
928.000000,68.981427,28.267923,44.146338,0.765424,82.185748,-1.565161,-4.082036,-2.369884,0.649903,0.303327,0.547214,0.259888,-2.602343,-2.755434,-6.670824,1.505149,4.898022,12.459716,-0.314159,0.347017,-0.123212,-75.310526,71.443656,-49.652265,29.558952,-39.260235,-16.326655,14.825262,-66.365028,-79.403353,46.835099,21.764770,42.036669,-14.426995,-0.485153
929.000000,68.208891,28.213125,43.945962,0.989084,81.308678,-2.209619,-3.521756,-3.328992,1.148309,0.064215,0.477155,-0.290346,-1.866539,-1.527035,-7.114674,1.847833,5.847292,13.049296,0.251139,0.354786,-0.007936,-71.761055,69.279360,-48.141175,21.886503,-40.404916,-17.915958,15.930610,-63.563748,-77.268755,44.837695,13.572747,40.939331,-16.374807,-1.530013
930.000000,67.498958,28.201178,43.782410,0.544185,80.845670,-2.116136,-3.010549,-3.836142,1.522749,0.011996,0.241581,-0.759899,-1.146889,-0.730767,-7.451526,2.061457,6.516365,13.476035,0.746991,0.628515,-0.264815,-69.160563,67.644302,-47.842644,13.861736,-39.564977,-19.515146,17.274260,-61.457639,-75.253802,43.856238,5.311087,39.114175,-17.794683,-2.728579
931.000000,66.892922,28.212580,43.665272,-0.189842,80.701390,-1.573460,-2.560216,-4.019408,1.636299,0.253690,0.339454,-1.322623,-0.595972,-0.197232,-6.873720,2.107612,6.717556,13.809719,1.058837,0.937175,-0.767691,-68.018569,66.289779,-48.490887,5.932638,-37.570108,-20.714256,18.444694,-60.274767,-73.222640,43.877330,-2.619869,37.266704,-18.738255,-4.400077
932.000000,66.446811,28.226709,43.619695,-0.903930,80.764803,-1.030258,-2.177571,-4.026132,1.626865,0.652927,0.820975,-1.762944,-0.224252,0.040387,-6.213567,2.174094,6.770023,13.812785,1.377382,1.041190,-1.199970,-67.848067,64.324515,-49.215502,-1.443214,-36.647407,-21.229039,19.674268,-59.804426,-71.039978,44.498532,-9.859417,35.782367,-19.311496,-6.356090
933.000000,66.208607,28.244674,43.602890,-1.842173,80.971628,-0.299017,-1.856535,-3.948412,1.414694,1.001140,1.246771,-2.083050,0.039533,0.028537,-6.331500,2.340429,6.966941,13.421232,1.793354,1.183618,-1.801790,-68.519911,62.353514,-50.093430,-7.708779,-35.092938,-21.725922,21.857042,-60.009277,-69.152947,45.629495,-16.158110,33.807305,-19.773220,-8.458931
934.000000,66.181105,28.264067,43.613675,-2.890880,81.246408,0.484115,-1.657059,-3.964808,0.496782,1.264269,1.456483,-2.261983,0.143377,0.029961,-6.684855,2.649012,7.146805,12.918415,2.215550,1.314354,-2.457348,-69.643621,60.318589,-50.845608,-12.817061,-32.540838,-22.254308,24.370704,-60.574052,-67.170478,46.809083,-21.424500,31.744998,-20.238110,-10.704698
935.000000,66.339654,28.293648,43.660280,-3.554987,81.558892,1.044832,-1.654621,-4.116620,-0.516675,1.588204,1.560027,-2.214200,0.061815,0.111470,-6.869493,3.031152,7.322698,12.722938,2.370215,1.299133,-3.036977,-70.485319,57.867740,-50.899847,-16.831359,-29.815326,-22.514276,26.720173,-61.102947,-64.836684,47.557443,-25.600944,30.120175,-20.637184,-13.358255
936.000000,66.650045,28.319377,43.696523,-3.718390,81.865870,1.249198,-1.726041,-4.260882,-0.725045,1.938940,1.604318,-2.224433,-0.126378,0.233975,-6.843342,3.372594,7.570623,12.714389,2.216464,1.151869,-3.518881,-70.540828,55.170477,-50.354934,-20.027435,-27.694389,-22.699616,29.407151,-61.604338,-62.059433,47.828147,-28.789435,28.151489,-20.950588,-16.466582
937.000000,67.049688,28.338736,43.733948,-3.849676,82.189907,1.430847,-1.866854,-4.285836,-0.248282,2.267708,1.488255,-2.272298,-0.409964,0.356391,-6.915854,3.636695,7.562235,12.592101,1.939951,1.050803,-4.027521,-70.306805,52.947001,-49.970531,-22.771424,-25.505364,-23.130921,33.108444,-62.079910,-58.988403,48.120185,-31.500877,26.488348,-21.306553,-20.194586
938.000000,67.478013,28.363645,43.794721,-4.077947,82.616665,1.771344,-2.159868,-4.144264,0.729204,2.624289,1.322265,-2.249709,-0.805311,0.362945,-7.245143,3.850419,7.232783,12.425402,1.567368,1.023697,-4.673574,-70.450341,51.658684,-50.350563,-25.250269,-22.458774,-23.327674,36.707411,-62.843703,-56.390472,48.757913,-33.998841,24.922792,-21.715082,-24.005108
939.000000,67.908204,28.387487,43.888533,-3.804638,83.118119,1.612765,-2.516698,-4.014034,1.546614,3.051065,1.186918,-1.927615,-1.246601,0.198512,-7.441435,4.076387,7.037106,12.188493,1.256632,0.900902,-5.294147,-70.417898,50.473493,-51.895163,-27.845353,-21.185952,-23.164377,39.919143,-63.998565,-54.955043,49.911594,-36.149422,22.696353,-21.816925,-27.575113
940.000000,68.311411,28.410611,43.994811,-2.967333,83.685092,0.902396,-2.844693,-4.002979,1.901118,3.605957,1.087613,-1.339497,-1.606197,-0.045667,-7.131154,4.285785,6.947109,11.901726,1.013820,0.703673,-5.983689,-70.753089,49.390010,-53.580420,-30.509372,-21.648629,-23.173350,42.997950,-65.023162,-54.320553,51.673082,-38.218699,21.777481,-21.712705,-30.552522
941.000000,68.660432,28.433111,44.118789,-2.422142,84.415018,0.587047,-3.062347,-3.821568,3.022954,4.384296,1.005587,-1.200586,-1.830779,-0.342719,-6.753513,4.598932,6.313982,11.915937,0.625291,0.566911,-6.906107,-72.001327,48.313439,-54.645161,-32.810272,-21.312890,-22.889221,45.108280,-66.182641,-53.557115,53.190901,-40.059418,22.059371,-21.696374,-32.866618
942.000000,69.000947,28.465098,44.293973,-2.027204,85.360361,0.449385,-3.065334,-3.433475,4.989486,5.637618,1.247552,-1.389705,-1.949847,-0.762530,-6.303506,5.360216,5.973740,11.777681,0.133124,0.464896,-8.139800,-73.626762,46.447858,-54.731013,-34.507926,-20.139492,-22.378031,46.786444,-68.085539,-51.924686,53.859334,-41.606480,22.308813,-21.644328,-34.421476
943.000000,69.404548,28.509501,44.531828,-2.406085,86.540207,0.785925,-2.900074,-2.922940,6.718279,7.517638,2.255156,-1.489265,-1.876095,-1.396520,-6.317893,6.718568,5.408994,11.442848,0.015480,0.502347,-9.647406,-75.216003,43.737099,-53.305880,-35.452951,-19.022480,-22.125530,48.787382,-70.658840,-49.455911,53.046135,-42.612266,21.077718,-21.634517,-36.179584
944.000000,70.024633,28.567338,45.885479,-12.706705,87.656033,10.887468,-4.925646,-1.476142,7.504651,12.751312,4.099333,-1.783116,-3.939607,-2.480762,-7.424764,11.883719,4.755114,10.609445,0.173508,1.300952,-9.972945,-76.247014,40.662674,-49.907752,-36.066500,-16.425761,-22.022864,50.854320,-72.069144,-46.511840,51.243672,-44.133670,18.905912,-21.460359,-37.777175
945.000000,70.576674,28.636524,45.983258,-43.809855,88.661261,41.442334,-4.669212,-0.144668,8.811543,16.887117,3.332463,-2.425178,-3.678749,-4.078593,-10.269498,16.425939,2.155610,9.545406,0.593907,1.940237,-12.087839,-78.507144,37.980397,-45.966896,-36.124819,-14.516763,-21.676218,52.364137,-73.952767,-43.413376,48.518993,-44.809265,17.845631,-21.074653,-38.792066
946.000000,71.156263,28.678772,46.053714,-102.110243,88.436282,99.253389,-4.509158,1.866586,10.345797,22.067733,2.140003,-2.993058,-3.504750,-6.064837,-13.476725,22.549123,-0.377555,7.735976,1.059760,2.805958,-14.138650,-81.568154,35.350655,-41.804412,-35.691601,-13.328123,-21.121339,52.886527,-76.223545,-40.226047,44.810173,-44.753121,15.818206,-20.498397,-38.987328
947.000000,71.728188,28.680581,45.980522,-117.707947,87.589153,114.646000,-3.838532,4.256786,12.120785,28.137289,0.532477,-2.831093,-2.839216,-7.805356,-15.162113,29.841431,-3.003124,6.077753,1.287232,3.480168,-15.911134,-85.107162,33.453758,-38.222971,-34.986941,-13.256127,-20.771401,52.485414,-78.371482,-37.422060,41.078298,-44.372935,14.733749,-20.172902,-38.894642
948.000000,72.280020,28.635523,45.812851,-120.323039,87.002647,117.385102,-3.228732,6.976953,13.896100,36.207427,-2.107815,-2.435915,-2.216374,-9.271152,-15.279046,38.977465,-6.061608,5.193426,1.211890,3.963145,-17.306286,-89.159746,32.583161,-35.383266,-33.820303,-12.671035,-20.316814,51.931718,-81.147879,-35.256463,37.795350,-43.461406,13.040369,-19.573123,-38.802387
949.000000,72.741646,28.585234,45.591325,-114.004188,86.622871,111.156402,-2.599813,9.839081,14.757416,46.366083,-4.854042,-2.409107,-1.273310,-10.967714,-15.192830,49.991285,-9.708836,4.055388,1.107243,4.500526,-18.263962,-93.086490,32.442907,-33.562371,-32.685566,-13.057676,-19.995218,51.676764,-84.250295,-33.747278,35.583650,-42.273940,12.224915,-19.014883,-38.702533
950.000000,73.030752,28.550962,45.396006,-103.746423,86.352549,100.825465,-2.130887,12.606999,14.712279,58.672172,-8.703407,-2.464097,0.035533,-13.115678,-14.855344,62.261279,-13.563491,2.493081,1.242478,4.907271,-18.677432,-97.072083,32.290611,-32.499030,-31.243201,-15.751439,-19.595268,50.727228,-87.693147,-32.983817,34.327838,-41.000260,14.075561,-18.624888,-38.073387
951.000000,73.209536,28.495330,45.239508,-94.445883,86.104863,91.505181,-1.527473,15.456467,14.182853,72.093972,-12.625791,-2.253891,1.631614,-15.022711,-13.787772,74.627139,-16.938656,0.987156,1.347286,5.164619,-19.045574,-101.246558,32.367836,-32.040697,-28.457189,-19.785619,-19.691912,49.548040,-91.421235,-32.706969,33.648019,-38.885360,18.100737,-18.675626,-37.487811
952.000000,73.421586,28.428805,45.149064,-89.974959,85.771280,87.015948,-0.706101,18.430559,13.148433,85.234955,-16.102854,-1.489736,3.039238,-16.374807,-12.090589,86.812756,-20.005829,-0.461036,1.351189,5.579112,-19.688649,-105.716063,33.239932,-31.794251,-23.064878,-24.784593,-20.278193,48.966777,-95.835368,-32.886401,32.781005,-33.982667,21.734063,-18.833606,-37.695954
953.000000,73.759145,28.352723,45.100221,-87.898182,85.418293,84.885091,0.544420,20.961678,11.392869,96.672851,-19.141834,-0.392641,4.421481,-16.662631,-9.758134,98.086386,-22.524186,-1.324620,1.350646,5.949847,-20.450918,-110.047140,33.983760,-32.763933,-15.561744,-31.693946,-21.298589,48.742395,-100.697322,-33.560667,32.458924,-25.746279,24.852485,-18.319119,-38.607989
954.000000,74.299878,28.284624,45.115739,-90.232367,85.138192,87.126793,1.579655,22.796653,9.061532,105.782575,-21.687085,0.831996,5.289399,-15.958204,-7.239250,107.665337,-23.747108,-1.524558,1.163147,6.444947,-21.349308,-115.579710,34.848674,-36.098472,-4.544143,-37.293724,-23.238950,49.580555,-106.243401,-34.237057,34.461293,-15.179580,30.923996,-19.619290,-40.298328
955.000000,74.990237,28.298751,45.183989,-95.334641,84.874391,92.127199,2.036871,24.323922,6.505120,111.926631,-23.247030,2.405933,5.510929,-16.047673,-5.149702,114.607227,-24.070210,-2.081258,1.209555,6.455466,-21.955785,-121.987752,33.259285,-40.661506,9.029554,-43.208361,-24.345072,49.193966,-112.178924,-34.677963,37.938682,-2.553034,39.057515,-22.153032,-40.938754
956.000000,75.704831,28.374770,45.207277,-99.803663,84.777939,96.555583,2.224975,26.311190,4.310133,113.794394,-24.202596,4.414011,5.309464,-17.682530,-3.150161,117.252150,-23.744359,-3.254434,1.535126,6.402723,-22.410657,-128.298014,33.170537,-45.845603,23.738203,-49.684063,-22.652256,45.006473,-119.181146,-35.729563,42.411459,13.264261,47.450663,-22.968178,-38.195541
957.000000,76.163036,28.514832,45.318636,-111.743746,84.796530,108.604327,1.111440,28.446466,2.688368,111.450498,-25.290611,6.671364,4.023462,-20.136163,-1.134593,115.283758,-22.677727,-3.739129,1.805457,5.993021,-22.999059,-135.287579,32.290320,-52.970385,39.471124,-53.878841,-18.499047,38.647212,-127.121582,-36.346152,49.177003,30.524686,54.553090,-20.517658,-32.595435
958.000000,76.487589,28.727055,45.567280,-128.282509,84.627055,125.371501,-1.169157,30.191168,1.743887,105.687130,-25.147209,8.537638,1.829830,-23.393977,0.696003,109.672983,-20.895179,-3.818138,2.334020,5.369590,-23.479001,-141.306806,31.683496,-62.716675,53.233863,-55.138270,-13.558533,31.247538,-134.782773,-36.790250,58.892295,46.543050,59.537728,-15.645091,-25.399062
959.000000,76.738441,28.902784,45.982513,-143.520264,84.288192,140.892362,-3.730316,31.752163,1.430034,97.541836,-23.660182,9.930905,-0.608386,-27.167697,2.102456,101.818381,-18.461095,-3.727276,1.874499,4.706461,-22.580576,-147.351906,33.418077,-79.150124,62.603055,-51.651625,-8.242442,19.560716,-142.672092,-36.455366,71.837539,60.818654,58.023311,-8.152427,-14.019318
960.000000,76.905984,29.133987,46.399713,-151.324187,83.684434,148.833836,-5.464989,33.047652,1.674189,87.544891,-21.755322,11.078288,-2.477217,-30.403382,2.865738,92.290650,-14.484316,-3.689563,4.033260,3.779244,-25.373104,-143.615096,33.725483,-80.214090,67.766166,-31.552865,-2.850919,5.965879,-140.183376,-37.685862,80.214090,67.921703,37.899080,-0.581746,0.352422
961.000000,76.998311,29.435337,46.839467,-157.223766,82.781630,154.718912,-6.903515,32.527123,1.459296,76.034615,-18.386929,11.413381,-4.373600,-32.863213,3.497749,81.688475,-7.826310,-2.918785,3.432867,1.860306,-27.598209,-139.444295,32.409593,-80.214090,72.609972,-12.478943,-1.800894,-2.531778,-134.423314,-40.212462,80.214090,72.079779,9.794131,1.857466,12.995710
962.000000,77.016133,29.568124,47.251782,-163.087166,81.637368,160.633193,-7.863719,30.976936,0.787237,62.627528,-12.788539,10.550690,-5.677709,-32.757895,4.762976,69.742986,0.516217,-0.602370,4.207049,0.161590,-27.595371,-137.746501,31.930038,-80.214090,77.161583,-0.113631,-1.995643,-7.316729,-130.715805,-43.546127,80.214090,75.262285,-5.007619,1.661518,16.689468
963.000000,76.794022,29.520229,47.707075,-166.642812,80.349295,164.519983,-8.245872,30.384479,0.905024,47.609731,-5.693310,9.019639,-6.180549,-31.234940,6.176871,56.894028,8.328089,2.342838,5.766893,-0.348854,-26.451866,-136.088459,33.338662,-80.214090,80.856654,7.094567,-2.507652,-10.717896,-128.066798,-46.839713,80.214090,77.636192,-4.288702,0.631469,14.284568
964.000000,76.156497,29.573044,48.228449,-166.857450,79.456655,164.543212,-8.002593,29.289569,-0.012867,32.879424,1.624590,6.562614,-6.853550,-30.364323,7.128606,44.396404,15.078319,4.141454,6.240362,-0.522189,-24.765472,-133.489149,36.054472,-80.214090,83.250963,12.318300,-2.857453,-12.158247,-124.186021,-50.589876,80.214090,79.401523,-4.122315,-0.048826,12.266796
965.000000,75.361812,29.541633,48.591933,-165.917092,79.378977,162.752532,-7.354566,26.760799,-4.428677,19.933798,8.019516,2.762287,-7.224982,-28.642706,9.193432,32.220939,19.958767,5.310720,4.201722,-0.666970,-22.349419,-130.581729,40.701108,-80.214090,84.634097,18.117376,-3.449987,-13.747508,-118.813845,-54.050425,80.214090,80.160910,-6.381738,-0.227501,11.057132
966.000000,74.616784,29.283500,48.663718,-165.411414,80.176139,162.060349,-7.455212,23.630149,-10.341314,11.288387,11.160820,-0.172367,-6.592154,-25.941248,12.251542,21.780076,22.784358,7.503494,3.672526,-0.868545,-18.708252,-127.466438,44.994001,-80.214090,84.751002,21.105189,-3.992907,-14.547683,-114.951892,-57.881940,80.214090,80.028541,-7.392370,-0.472144,10.500702
967.000000,74.099791,29.026449,48.471230,-165.218401,81.663337,162.255415,-7.875850,20.270608,-13.325918,6.915372,12.013602,-1.732130,-6.046244,-23.391511,14.198245,15.087219,24.555348,9.528484,3.106692,-1.183333,-14.684586,-124.349359,49.315820,-80.214090,82.868732,21.762735,-4.898991,-16.500873,-111.561619,-62.025125,80.214090,77.804782,-5.729237,-1.098627,11.329719
968.000000,73.786920,28.742725,48.087767,-164.478621,83.655727,162.476478,-7.950473,17.309094,-12.006311,5.030605,12.384597,-2.942193,-5.430382,-20.523928,14.379111,12.011661,24.551820,11.192776,2.027661,-2.261606,-10.657662,-121.733355,54.228567,-80.214090,76.902732,21.263040,-6.461108,-20.795595,-106.722983,-68.246055,80.214090,70.904467,-6.202745,-2.040057,14.429342
969.000000,73.596275,28.559223,47.586262,-163.261698,85.443631,161.934219,-7.998496,14.349995,-10.703493,4.533430,12.387487,-2.018120,-5.331145,-17.693096,12.062944,10.627501,23.995320,12.010843,1.660551,-2.758446,-7.161417,-118.484097,59.955523,-80.214090,68.423039,16.728463,-7.839616,-24.103748,-102.138341,-74.770600,80.214090,61.639916,-5.696865,-3.875708,17.981766
970.000000,73.323578,28.477052,47.153553,-157.860341,87.141769,156.987598,-8.154641,11.299035,-9.900247,4.659926,12.984401,-1.312575,-5.331016,-15.304862,7.448166,9.555372,23.497208,12.216415,1.158387,-1.991829,-4.181709,-112.939425,67.684579,-80.214090,58.779242,8.294612,-8.072136,-25.822924,-97.602317,-80.646803,80.214090,51.800995,2.091596,-4.880203,20.822166
971.000000,72.826791,28.409353,46.799347,-143.837504,88.688500,142.589051,-8.094041,8.209317,-8.874286,4.437783,14.046457,-1.729414,-5.482832,-13.265137,1.707768,8.078148,23.087431,12.787232,0.480803,-1.477002,-1.786402,-107.470732,74.407022,-80.214090,50.970109,0.218014,-8.238274,-26.931875,-93.667596,-83.893711,80.214090,43.967164,10.268853,-4.809673,23.750936
972.000000,72.131479,28.200161,45.263526,-40.543046,89.191872,38.671425,-5.753180,5.142417,-7.337402,2.821930,12.673663,-1.783264,-3.110386,-10.411886,-2.957075,4.970774,20.610955,12.975809,-0.887836,-1.433127,-1.240726,-103.023418,80.808870,-80.214090,43.298813,-6.858774,-8.497955,-28.216372,-90.958742,-86.783441,80.214090,35.342015,15.407664,-4.825515,26.553870
973.000000,71.438628,28.166530,45.088521,-11.949417,87.703614,10.528566,-5.519311,3.072668,-5.720604,1.833967,12.399984,-2.125885,-2.859023,-8.062918,-3.576788,3.909673,19.463992,13.241723,-1.767500,-1.255093,0.647179,-97.554684,85.632834,-80.214090,36.284618,-13.442232,-10.019624,-27.650223,-87.189339,-89.682713,80.214090,28.006007,20.012734,-5.037580,28.226604
974.000000,70.702064,28.183874,44.923985,-6.111350,86.500512,5.117095,-5.209328,1.621259,-3.063010,0.987982,11.523320,-2.043989,-2.540588,-6.419421,-3.793487,3.207747,18.819534,13.154026,-2.415737,-1.186387,2.053111,-92.088674,89.825771,-80.214090,29.021245,-20.858722,-11.432860,-25.336882,-83.400810,-92.542124,80.214090,20.852477,25.086890,-5.137017,29.279184
975.000000,69.936204,28.233337,44.756499,-3.525295,85.336420,2.365722,-4.753017,0.551846,-1.475047,0.950146,10.447158,-2.016929,-1.935927,-5.440960,-4.368498,2.912515,18.203598,13.188296,-2.385010,-1.018168,3.032726,-87.827012,91.734379,-80.214090,23.629231,-25.391433,-12.663603,-24.436219,-80.532384,-93.672356,80.214090,15.759712,28.750547,-5.534021,30.181100
976.000000,69.242322,28.286901,44.601262,-3.062454,84.538445,1.444667,-4.094873,-0.049827,-0.653749,0.436948,10.245912,-2.169968,-1.237067,-4.854607,-5.198399,2.255361,17.548353,12.988884,-2.110995,-0.669710,3.529341,-83.268011,94.489438,-80.214090,15.444651,-31.021934,-14.274744,-22.797271,-77.830368,-95.442652,80.214090,8.694144,33.279851,-6.172710,29.494871
977.000000,68.605608,28.361145,44.467020,-3.294055,83.793556,1.254439,-3.506458,-0.322637,0.116607,0.644626,9.691565,-2.211521,-0.745412,-4.397460,-5.535409,2.348639,16.675239,12.730221,-1.813288,-0.249802,3.590849,-80.728321,95.008498,-80.214090,8.589169,-34.885741,-15.816828,-20.984353,-76.471440,-95.583286,80.214090,2.795863,36.445138,-7.392673,28.410925
978.000000,68.071610,28.439167,44.372302,-3.234431,83.330996,1.042814,-2.936261,-0.520452,0.711095,0.704471,9.252746,-2.334281,-0.460607,-3.935730,-5.108215,2.483504,16.450195,12.838438,-1.750858,0.118890,3.124401,-79.563815,94.350532,-80.214090,1.685194,-38.340007,-17.587457,-16.915696,-75.850050,-94.767133,80.214090,-3.257973,40.021319,-8.960329,25.762762
979.000000,67.660993,28.505671,44.279492,-3.143946,82.999863,0.847327,-2.354230,-0.544608,1.585368,0.804960,9.054517,-2.636341,-0.247554,-3.605324,-5.155659,2.661978,16.471640,12.995801,-1.748898,0.260710,2.175865,-79.542860,92.066374,-80.210975,-4.631779,-41.915563,-19.333556,-10.869177,-76.080774,-92.504653,80.210634,-9.204431,43.018874,-11.102402,21.491969
980.000000,67.404085,28.560442,44.180754,-2.820469,82.770950,0.352440,-1.823604,-0.463961,2.428691,0.903134,8.779396,-2.602823,-0.101102,-3.578994,-6.379849,2.791141,16.130146,12.849819,-1.655826,0.388073,0.951710,-80.585072,88.320363,-79.965703,-10.018622,-43.151697,-21.140725,-3.556433,-77.283686,-89.020710,80.191004,-14.726318,44.157405,-13.705575,16.569747
981.000000,67.286545,28.598940,44.101688,-2.351475,82.626186,-0.237867,-1.504958,-0.435273,2.584077,1.068805,8.325084,-2.407320,-0.149892,-3.548288,-7.461696,2.919507,15.581376,12.478552,-1.703602,0.503438,0.134509,-81.207199,83.765925,-77.040477,-14.244900,-42.413316,-22.436999,3.557760,-77.976069,-84.454743,77.855250,-19.332415,44.575590,-16.171226,10.876230
982.000000,67.284721,28.632453,44.048890,-1.137404,82.626376,-1.368529,-1.419794,-0.610745,2.228175,1.064792,8.193206,-2.350726,-0.351343,-3.519429,-8.076049,2.846623,15.344249,12.528507,-1.683675,0.543573,-0.336534,-79.321323,77.955845,-70.505509,-17.685656,-39.378100,-22.653576,11.168044,-76.553621,-79.055949,72.312913,-23.127591,42.475113,-18.174375,3.481052
983.000000,67.365664,28.669330,43.994439,0.009722,82.588628,-2.534306,-1.483924,-0.765451,2.056659,1.327113,8.056521,-2.404223,-0.595838,-3.503017,-8.275596,2.888126,15.070840,12.685599,-1.262054,0.711927,-0.814478,-76.835735,71.301369,-63.038282,-20.078340,-36.183733,-22.516468,17.389696,-74.151655,-73.229060,65.875938,-25.768381,38.710831,-19.881853,-4.133713
984.000000,67.527622,28.705645,43.931240,0.301278,82.650810,-2.856795,-1.681586,-0.700470,2.183020,1.528312,7.901825,-2.467834,-0.849441,-3.462050,-8.476523,2.972621,14.679304,12.354339,-0.947656,1.039627,-1.362460,-75.407413,65.413739,-56.914095,-21.883675,-31.561597,-22.398026,23.367011,-72.160962,-66.847444,60.264043,-28.315632,35.638185,-21.098980,-12.112119
985.000000,67.733943,28.732258,43.881574,0.479141,82.666047,-3.026652,-1.907344,-0.481342,2.738391,1.881644,7.195454,-2.432750,-0.961881,-3.485632,-8.942921,3.311808,13.978156,12.179300,-0.451537,1.334604,-1.745172,-75.427623,60.109169,-53.005396,-23.025167,-28.357275,-23.041194,28.404510,-71.937478,-61.115638,55.935790,-30.016991,33.305935,-22.179596,-17.895738
986.000000,67.969245,28.749716,43.879586,1.299255,82.884228,-3.740509,-2.246043,-0.305226,3.402075,2.015979,6.193858,-2.302633,-1.112315,-3.606493,-9.370027,3.577836,13.665789,12.335153,0.111376,1.378305,-2.146108,-75.771523,54.321949,-49.991111,-23.892982,-25.260324,-23.282662,32.798732,-72.291576,-55.909862,52.092753,-31.050552,28.688570,-22.600483,-23.115088
987.000000,68.216431,28.743047,43.916214,1.840439,83.188556,-4.223238,-2.619660,-0.120615,3.714077,2.236437,5.324348,-2.304021,-1.250700,-3.696722,-9.573198,3.853487,13.582210,12.302392,0.783111,1.302551,-2.641162,-76.944656,48.675674,-47.509433,-24.264259,-22.446080,-22.983921,36.126653,-72.644232,-50.965454,49.402560,-32.141784,25.047711,-22.595992,-27.474176
988.000000,68.463618,28.724304,43.979338,1.672436,83.567246,-4.014144,-2.973990,0.122869,3.850364,2.593120,5.166754,-2.359914,-1.370039,-3.709686,-9.623006,4.127941,13.412558,11.985696,1.336514,1.197343,-3.175830,-78.143525,43.464807,-45.524959,-24.314159,-20.574497,-22.295568,39.112313,-73.225645,-46.712118,47.472024,-33.022503,21.785959,-22.430329,-31.082736
989.000000,68.671882,28.704703,44.054377,1.022834,84.026749,-3.327137,-3.232760,0.382351,3.862616,2.862012,5.396477,-2.490991,-1.515570,-3.660283,-9.514723,4.365431,13.156151,11.764824,1.582947,1.127669,-3.773964,-79.584019,39.656092,-43.696316,-24.189153,-17.701960,-21.955508,41.408001,-74.080990,-43.446464,46.187235,-33.531680,18.672185,-22.025702,-33.926397
990.000000,68.847567,28.679061,44.132325,0.688922,84.494398,-2.954076,-3.391168,0.515358,3.546207,3.044439,5.608885,-2.344842,-1.662885,-3.649277,-9.195904,4.579899,13.285067,11.570638,1.521531,1.074367,-4.284509,-80.747145,36.971196,-42.554773,-24.132732,-15.196703,-21.778200,43.242816,-75.058349,-41.044075,45.695912,-34.027255,16.839136,-21.797746,-35.618477
991.000000,68.984157,28.650084,44.213995,0.286308,84.969409,-2.528948,-3.451288,0.671094,3.467242,3.182232,5.504039,-2.254294,-1.764960,-3.783982,-9.333386,4.748641,13.194130,11.522463,1.327362,1.078119,-4.731090,-81.549289,35.227390,-42.054629,-24.033393,-13.230622,-21.607358,44.999711,-75.950201,-39.598332,45.338242,-34.143819,15.336572,-21.568535,-36.661686
992.000000,69.082725,28.622773,44.284129,-0.644266,85.391366,-1.609830,-3.445378,0.839176,3.449680,3.341626,5.564365,-2.278007,-1.812658,-3.953971,-9.616666,4.907476,13.029804,11.471317,1.142433,1.111484,-5.062350,-82.111318,34.208593,-41.721312,-23.813393,-11.684932,-21.502288,46.311121,-76.349398,-38.909559,44.966581,-34.020042,14.806928,-21.482198,-37.095297
993.000000,69.153380,28.607249,44.343346,-1.993528,85.741148,-0.220833,-3.395754,0.941154,3.328981,3.518113,5.598226,-2.249726,-1.813847,-4.078516,-9.635030,5.073336,12.763225,11.399786,1.024655,1.178222,-5.311757,-82.334980,33.993080,-41.625058,-23.321316,-10.888221,-21.333835,46.708467,-76.320773,-39.096577,44.605671,-33.616470,14.859876,-21.440339,-36.927698
994.000000,69.194841,28.599328,44.402638,-3.556073,86.027555,1.430120,-3.325528,1.009997,3.393691,3.737245,5.597330,-2.209175,-1.794512,-4.157400,-9.399643,5.246385,12.575301,11.312455,0.983195,1.248597,-5.531777,-82.197256,34.609644,-42.146379,-22.715865,-10.891666,-21.192001,46.782698,-75.907444,-40.198525,44.607962,-33.012821,15.141211,-21.348323,-36.651673
995.000000,69.202346,28.595343,44.449234,-5.500660,86.252046,3.405157,-3.227580,1.107228,3.767409,3.929247,5.745442,-2.267832,-1.727299,-4.270224,-9.398510,5.409115,12.661778,11.244968,1.026524,1.302841,-5.742603,-81.813597,35.897579,-43.289811,-22.340956,-11.585250,-21.191705,46.381229,-75.174838,-41.891763,45.100395,-32.543761,15.923811,-21.368255,-36.356475
996.000000,69.178391,28.596666,44.477767,-7.894123,86.410136,5.742355,-3.098536,1.225252,4.255590,3.993021,5.782300,-2.370894,-1.595040,-4.419475,-9.758247,5.522141,12.655182,11.202544,1.195649,1.344620,-5.914101,-81.202056,37.612861,-44.558085,-22.159649,-12.614449,-21.247658,45.521722,-74.210716,-44.047193,45.770464,-32.277504,16.998068,-21.416693,-35.881470
997.000000,69.126540,28.604680,44.489565,-10.184807,86.488154,7.943535,-2.960573,1.274729,4.578286,3.955894,5.638512,-2.390353,-1.465846,-4.505212,-9.977478,5.586310,12.629085,11.161677,1.386901,1.368438,-6.045582,-80.271627,39.682269,-45.764719,-22.213727,-13.830473,-21.202338,44.795611,-73.071604,-46.588666,46.495270,-32.194448,18.243338,-21.472274,-34.883501
998.000000,69.052911,28.612003,44.490337,-12.641961,86.499570,10.328906,-2.837071,1.301755,4.781780,3.871591,5.551167,-2.485056,-1.381028,-4.463036,-9.935071,5.603420,12.588051,11.158633,1.506081,1.399634,-6.154055,-79.191167,42.042485,-46.692853,-22.427047,-14.592165,-21.189771,43.685805,-71.929009,-49.256797,46.922990,-32.096039,18.791759,-21.525621,-33.623372
999.000000,68.971473,28.617820,44.483617,-14.639167,86.453261,12.276884,-2.706621,1.317032,4.988828,3.803180,5.485993,-2.621927,-1.316620,-4.407088,-9.887221,5.609183,12.485865,11.258875,1.579612,1.430420,-6.200316,-77.863398,44.405604,-47.362451,-22.738069,-14.912480,-21.299305,42.611095,-70.719396,-51.798461,47.140675,-32.051718,18.909741,-21.620815,-32.268836
1000.000000,68.891561,28.616413,44.464886,-16.017917,86.352821,13.606790,-2.551444,1.341414,5.190680,3.769914,5.489706,-2.773009,-1.264689,-4.392564,-9.967041,5.636540,12.494035,11.341830,1.620904,1.465845,-6.171858,-76.324953,47.236625,-48.088715,-23.090996,-14.856082,-21.482852,41.279833,-69.251780,-54.506685,47.391927,-32.126765,19.395605,-21.791732,-30.460287
1001.000000,68.816704,28.608462,44.442597,-16.864041,86.211534,14.437436,-2.381948,1.399801,5.391711,3.746948,5.500526,-2.937474,-1.235452,-4.399554,-10.084514,5.663218,12.589312,11.397510,1.530720,1.518502,-6.070010,-74.468132,50.939978,-48.937585,-23.704916,-14.725166,-22.165567,39.149572,-67.446288,-57.747036,47.486610,-32.288930,20.199868,-21.914225,-27.342248
1002.000000,68.758303,28.598961,44.441098,-17.061633,86.021140,14.632705,-2.185077,1.483826,5.590694,3.700163,5.380432,-3.037614,-1.203996,-4.459229,-10.276829,5.657738,12.470912,11.522277,1.285573,1.565741,-5.849297,-71.692186,55.181214,-49.714345,-24.950425,-16.579046,-22.809144,35.417649,-64.932061,-61.435858,47.122305,-32.638602,21.477960,-21.859539,-22.242540
1003.000000,68.729681,28.563359,44.469574,-17.547464,85.967181,15.204890,-2.121738,1.586572,5.672131,3.455147,5.131287,-3.069502,-1.333416,-4.503604,-10.280202,5.500528,12.316272,11.213455,0.821558,1.530503,-5.666446,-67.260465,60.811012,-48.599012,-27.355859,-20.551397,-23.796439,26.636863,-60.532763,-65.814911,44.663826,-33.330674,22.494986,-21.667728,-14.639899
1004.000000,68.719006,28.549725,44.509923,-17.874241,85.795163,15.576385,-2.016519,1.759621,5.758783,3.351260,4.822963,-3.008891,-1.359602,-4.593564,-10.332708,5.394343,11.996193,10.863839,0.369809,1.446920,-5.541449,-61.643079,66.817494,-46.153685,-29.502363,-24.401797,-23.919095,16.972868,-54.323186,-70.231919,40.925452,-33.752889,23.272331,-21.299136,-8.177827
1005.000000,68.740094,28.541318,44.530869,-17.700529,85.970363,15.513634,-2.108766,1.823939,6.008251,2.957580,4.662965,-2.992799,-1.579438,-4.898460,-10.628519,5.176343,11.754634,10.969434,-0.275530,1.129646,-6.023579,-49.853759,74.020297,-37.420612,-33.336207,-28.979431,-23.352461,6.245313,-40.003991,-74.138684,29.728784,-36.415372,23.780934,-20.921682,-0.644355
1006.000000,68.736559,28.555575,44.630143,-17.204962,85.725769,14.976113,-2.028900,2.040776,6.226260,3.207178,4.132947,-2.892446,-1.483282,-5.159705,-10.826406,5.367777,11.312219,11.057159,-0.702571,0.934159,-6.426831,-42.260983,79.139694,-33.704231,-33.667362,-30.818466,-23.440552,2.116095,-31.038729,-76.311436,24.079598,-35.517909,24.106823,-20.941129,1.953220
1007.000000,68.694896,28.663832,44.795337,-20.849494,86.514886,19.071947,-3.310837,1.968417,5.644577,3.429961,3.959264,-2.408050,-2.379437,-5.642053,-11.429351,5.461691,11.214425,10.983386,-0.880749,0.387918,-7.863832,-24.104875,83.437475,-18.949327,-37.210461,-31.994221,-23.268031,-3.742207,-7.610001,-76.428861,4.976220,-39.906330,24.921513,-20.991514,5.973413
1008.000000,68.702912,28.623813,44.811395,-18.720607,85.846981,16.505329,-2.512051,2.369042,6.072496,3.644057,3.457830,-2.650975,-1.611312,-5.806371,-11.560834,5.750859,10.487150,11.274370,-0.488630,-0.041502,-8.559042,-18.227719,85.619836,-16.065366,-35.473602,-30.913002,-23.433966,-3.552047,-0.218984,-75.408546,1.033459,-38.126772,24.383085,-20.899899,5.564266
1009.000000,68.750381,28.555125,44.733253,-16.981203,85.979522,14.107277,-1.937971,2.611564,7.097032,2.780433,3.596149,-2.867952,-1.531651,-6.115481,-11.353895,5.629250,10.231003,11.534793,1.250758,-0.449332,-9.066547,0.212548,84.878399,-0.470104,-39.152533,-26.681149,-24.401640,-2.050024,20.114752,-71.635270,-15.138629,-43.472361,20.050741,-21.718466,3.977753
1010.000000,68.685418,28.572851,44.808099,-16.498743,85.492835,13.465350,-1.567837,3.029256,7.619554,3.201024,3.192570,-2.680443,-1.039916,-6.326356,-11.465289,5.897997,9.946007,11.518743,1.580153,-0.469930,-9.752453,5.055458,83.997899,2.592123,-38.304466,-23.687549,-24.818713,0.617736,24.818674,-69.558373,-17.313838,-42.857501,16.402872,-22.379315,1.021009
1011.000000,68.622994,28.651768,44.820124,-16.345902,85.496916,13.125050,-1.395921,3.212838,8.105421,2.883486,3.245268,-2.433021,-0.972522,-6.671477,-11.631215,5.831113,9.884514,11.685299,2.007100,-0.251231,-10.159941,11.815875,81.198682,7.123651,-39.116668,-17.184322,-26.393220,7.073932,29.359814,-67.025131,-19.746386,-43.840027,8.766117,-24.183096,-5.199949
1012.000000,68.533379,28.731734,44.783771,-16.457024,85.490089,13.039484,-1.199109,3.395291,8.521590,2.557380,3.215191,-2.358117,-0.899072,-6.982892,-11.850774,5.713222,9.851666,11.932963,1.951749,0.270893,-10.321996,19.159036,77.288563,11.747665,-41.107384,-7.427307,-27.387035,16.951502,31.613111,-65.474289,-20.054269,-45.128409,-0.398614,-25.071184,-13.271668
1013.000000,68.392611,28.794995,44.721279,-16.594650,85.238812,13.025675,-0.940515,3.679060,8.867040,2.752535,2.714547,-2.390723,-0.614253,-7.236884,-12.144497,5.750008,9.592569,12.021497,1.904022,0.514282,-10.445732,22.491519,74.101146,13.158910,-42.267154,-2.327515,-27.826652,23.667678,31.928652,-64.041472,-18.251404,-45.579727,-3.963639,-25.187774,-18.434769
1014.000000,68.242627,28.857520,44.684142,-16.673461,85.223749,13.012322,-0.817383,3.818372,8.999396,2.673543,2.578222,-2.336949,-0.543941,-7.498311,-12.380831,5.688162,9.520666,12.009671,1.629310,0.523095,-10.299977,24.883293,70.467574,12.347442,-44.172674,-1.137502,-29.295600,29.042514,30.676326,-62.579737,-15.064218,-45.387280,-7.829934,-25.329818,-22.730480
1015.000000,68.084806,28.908139,44.668257,-16.524636,85.278034,12.869387,-0.756102,3.845409,8.860576,2.615543,2.630861,-2.258598,-0.513364,-7.696825,-12.489400,5.613915,9.531604,12.015167,1.308978,0.373764,-10.074093,25.886571,67.436158,10.418195,-45.709395,-2.641099,-31.544628,31.348478,28.310815,-61.308229,-11.618804,-44.434933,-12.405633,-25.101121,-25.603770
1016.000000,67.937577,28.946424,44.671977,-16.018339,85.387093,12.408320,-0.745224,3.781468,8.613964,2.672334,2.613537,-2.144625,-0.488414,-7.868221,-12.542995,5.531154,9.434002,12.020038,1.036577,0.226177,-9.715410,25.792300,64.593891,7.535938,-46.681481,-5.754585,-34.118782,31.786929,25.341445,-59.689850,-7.622088,-43.639704,-15.374913,-25.105091,-28.565939
1017.000000,67.829698,28.958958,44.687155,-15.256547,85.529961,11.716231,-0.757781,3.680792,8.403613,2.819878,2.668865,-2.045285,-0.434442,-7.984340,-12.501311,5.450692,9.310519,11.996818,0.747136,0.051357,-9.418507,24.877950,62.092922,4.627565,-46.788387,-8.883703,-36.541082,30.979293,22.346311,-57.991168,-4.049510,-42.901094,-17.520154,-25.497146,-31.190578
1018.000000,67.791641,28.944480,44.702274,-14.403485,85.714814,10.992523,-0.785566,3.577252,8.300538,2.953252,2.792699,-1.996173,-0.335544,-8.028682,-12.441071,5.388216,9.280972,12.014199,0.480375,-0.190570,-9.360235,23.463879,60.105064,3.231355,-45.872093,-9.937347,-38.195313,29.860515,20.331598,-56.361580,-1.874395,-41.953361,-19.465093,-26.044078,-32.928021
1019.000000,67.833716,28.903911,44.740620,-13.388331,85.920467,10.177776,-0.822692,3.499977,8.339512,3.033960,2.925185,-1.986902,-0.215715,-8.003802,-12.379947,5.390924,9.401752,12.073536,0.188526,-0.530388,-9.338828,22.138060,58.458681,2.713643,-44.737643,-9.538937,-39.000517,29.145855,19.417144,-54.711478,-0.793246,-41.039878,-20.937441,-26.642201,-33.644235
1020.000000,67.938226,28.845680,44.794765,-12.646187,86.103820,9.599603,-0.861047,3.470117,8.333071,3.113083,3.021146,-1.923402,-0.135159,-7.888699,-12.294052,5.523130,9.524274,12.043118,-0.136230,-0.814871,-9.344889,20.924841,56.942290,2.284832,-43.874369,-8.444381,-39.575001,28.865134,18.773962,-53.017858,-0.119321,-40.355548,-21.911800,-27.513100,-34.145803
1021.000000,68.092585,28.784409,44.827512,-11.879209,86.241213,8.867234,-0.880170,3.424670,8.193649,3.215269,3.091719,-1.844228,-0.093635,-7.744664,-12.266666,5.736503,9.660713,11.992415,-0.365530,-1.020067,-9.370635,20.207304,55.424045,1.923196,-43.274170,-7.208535,-39.981981,28.437703,17.971862,-51.565510,0.382416,-39.890951,-22.626334,-28.310174,-34.243338
1022.000000,68.259811,28.737727,44.839433,-10.798146,86.338009,7.753958,-0.934283,3.305658,7.911776,3.334355,3.068826,-1.678423,-0.102508,-7.662928,-12.394679,5.946037,9.765157,11.967057,-0.369034,-1.115943,-9.349533,20.017121,54.279404,2.080164,-42.621729,-6.337908,-40.155813,28.142907,17.419513,-50.584651,0.651782,-39.533295,-23.021019,-28.932248,-33.972637
1023.000000,68.411386,28.702259,44.855523,-9.381513,86.359042,6.317874,-1.030877,3.147552,7.654518,3.431334,3.044142,-1.493192,-0.119717,-7.675982,-12.693964,6.089950,9.731987,11.957739,-0.256684,-1.147722,-9.274080,19.882049,53.839929,2.285209,-42.063713,-5.824427,-40.347632,28.172638,17.128677,-50.028591,0.842103,-39.232248,-23.299589,-29.397138,-33.731214
1024.000000,68.546587,28.678897,44.875878,-7.727833,86.293988,4.741081,-1.119644,3.029472,7.675000,3.435713,2.982583,-1.435197,-0.112916,-7.766639,-13.088553,6.099607,9.668730,11.968798,-0.130319,-1.164453,-9.121531,19.482111,54.064574,2.038605,-41.647604,-5.312268,-40.327332,28.549759,16.828510,-49.847660,1.170048,-39.104127,-23.623247,-29.502992,-33.806032
1025.000000,68.644369,28.653234,44.881976,-5.844542,86.163076,3.006901,-1.188639,2.969925,7.887846,3.360289,2.811368,-1.375952,-0.099117,-7.889179,-13.396242,5.991612,9.413958,11.974456,-0.019797,-1.184445,-8.938070,18.944486,54.834306,1.420459,-41.313431,-4.719004,-40.031407,29.312846,16.533661,-50.086727,1.716307,-39.129474,-23.979353,-29.292004,-34.156168
1026.000000,68.701535,28.626662,44.866377,-3.746183,86.012091,1.041281,-1.266875,2.922172,8.031575,3.233968,2.589228,-1.235664,-0.137437,-8.021971,-13.574689,5.820024,9.105576,11.984018,0.111553,-1.248464,-8.729299,18.342270,55.815165,0.538502,-41.044229,-4.032312,-39.544183,30.478609,16.215009,-50.711371,2.389260,-39.246547,-24.391987,-28.806541,-34.784039
1027.000000,68.710434,28.599933,44.845349,-1.950052,85.842933,-0.704015,-1.352324,2.891313,8.008580,3.104650,2.518686,-1.183149,-0.218457,-8.141555,-13.734312,5.641066,8.833613,12.051644,0.237423,-1.326546,-8.493461,17.735684,56.765596,-0.357801,-40.803277,-3.269044,-39.024166,31.828552,15.854597,-51.564004,3.016410,-39.272153,-24.696950,-28.242861,-35.539014
1028.000000,68.692112,28.574342,44.835380,-0.533241,85.642495,-2.112580,-1.401842,2.880778,7.837467,2.963524,2.415943,-1.177602,-0.304763,-8.246927,-13.883028,5.508492,8.608091,12.081561,0.318219,-1.406726,-8.212866,17.158718,57.643252,-1.128645,-40.539427,-2.579269,-38.569382,33.169625,15.491567,-52.292376,3.454319,-39.116623,-24.857241,-27.756919,-36.302493
1029.000000,68.657935,28.549665,44.838014,0.189198,85.432788,-2.821072,-1.446003,2.926098,7.565316,2.842957,2.350492,-1.119915,-0.378878,-8.306446,-13.989710,5.438443,8.385042,11.849456,0.334234,-1.445459,-7.936669,16.640666,58.448422,-1.692518,-40.161376,-1.883690,-38.145698,34.457348,15.133082,-52.794439,3.686420,-38.816371,-24.898620,-27.417657,-36.877670
1030.000000,68.630832,28.519955,44.850978,-0.431944,85.240722,-2.192086,-1.467698,3.122539,7.383023,2.716462,2.230547,-1.097646,-0.430862,-8.266265,-14.095779,5.454385,8.010175,10.962810,0.302251,-1.377356,-7.691066,16.188604,59.127978,-2.156377,-39.767943,-1.360776,-37.748068,35.652857,14.691274,-53.074528,3.812418,-38.492105,-24.944838,-27.112649,-37.365533
1031.000000,68.560481,28.516319,44.862145,-0.152463,85.068393,-2.457725,-1.507909,3.192812,7.208939,2.614616,2.262687,-1.019123,-0.477093,-8.269460,-14.235027,5.461807,7.971987,10.824322,0.248831,-1.324691,-7.484349,15.764579,59.667604,-2.623237,-39.405564,-0.887911,-37.342512,36.746766,14.163803,-53.289744,3.961888,-38.215305,-25.147129,-26.707756,-37.863844
1032.000000,68.367451,28.589100,44.901130,3.459847,85.108226,-5.856562,-1.959941,2.840343,6.904607,2.704767,2.675901,-0.899223,-0.815812,-8.685139,-14.817030,5.546843,8.273114,13.266012,-0.085732,-1.370489,-7.558594,16.005326,59.158147,-3.609071,-39.310105,0.635364,-36.382498,37.495078,13.861051,-52.280693,4.563139,-37.977874,-27.893053,-24.993754,-40.734869
1033.000000,68.245059,28.621587,44.909897,5.053086,85.056803,-7.352479,-2.086606,2.750263,6.963647,2.651061,2.048951,-0.716790,-1.000360,-8.911663,-15.096888,5.608060,8.104269,13.319560,-0.365353,-1.228056,-7.824297,16.173283,59.365013,-4.354649,-39.215876,1.575260,-35.867485,38.464524,13.452842,-52.813212,5.378992,-37.707606,-29.400877,-24.229838,-41.885186
1034.000000,68.149078,28.664118,44.911483,5.509455,84.978410,-7.838272,-2.189891,2.720628,6.923837,2.656506,1.895713,-0.672790,-1.150132,-8.989793,-15.212836,5.609046,8.050677,13.322536,-0.517139,-1.086240,-7.858839,16.165625,59.755904,-4.838011,-39.104691,2.152263,-35.423448,39.388314,12.855256,-53.422304,5.954343,-37.438569,-30.284765,-23.489647,-42.747070
1035.000000,68.062270,28.711739,44.908690,5.895970,84.886366,-8.258893,-2.256107,2.683985,6.904048,2.649353,1.816056,-0.668250,-1.280364,-9.035848,-15.210483,5.588948,7.992297,13.387502,-0.622074,-1.004325,-7.797723,16.088818,60.051010,-5.248024,-38.980996,2.582732,-34.984461,40.236931,12.256253,-53.948290,6.563840,-37.188089,-30.792849,-22.587762,-43.577778
1036.000000,67.991912,28.756765,44.914696,6.229034,84.784785,-8.618167,-2.305169,2.669585,6.967442,2.617596,1.770927,-0.684181,-1.401468,-9.067088,-15.183070,5.574809,7.944545,13.477848,-0.752224,-0.979607,-7.703121,15.958798,60.292969,-5.612275,-38.855621,2.939124,-34.657220,40.980110,11.576790,-54.483712,6.986358,-36.907658,-31.269453,-21.832672,-44.080152
1037.000000,67.946297,28.801376,44.931224,6.548146,84.673190,-8.964240,-2.330161,2.671442,7.094239,2.557857,1.588500,-0.676965,-1.509439,-9.114046,-15.179440,5.572472,7.909266,13.555979,-0.839608,-1.000138,-7.599238,15.704779,60.491686,-5.914627,-38.696683,3.278497,-34.363655,41.581720,10.992675,-54.864570,7.393028,-36.578272,-31.570104,-20.984701,-44.587625
1038.000000,67.924792,28.842524,44.947246,6.817324,84.543983,-9.290224,-2.334421,2.673671,7.173635,2.494270,1.414608,-0.602324,-1.591532,-9.170997,-15.210374,5.580576,7.853954,13.634823,-0.813221,-1.080419,-7.484328,15.336647,60.658309,-6.221498,-38.475408,3.546033,-34.013027,42.057136,10.484947,-55.137559,7.850033,-36.266918,-31.779190,-20.054489,-45.115302
1039.000000,67.919642,28.878483,44.969141,6.919482,84.417114,-9.462677,-2.351659,2.676526,7.175609,2.437271,1.276142,-0.542219,-1.697017,-9.213057,-15.209224,5.613106,7.759991,13.668674,-0.739832,-1.181264,-7.368326,14.902655,60.720812,-6.515037,-38.192089,3.772500,-33.685547,42.413381,9.974624,-55.430496,8.304281,-35.995814,-31.866254,-19.232773,-45.578358
1040.000000,67.919105,28.917825,44.998291,6.903472,84.275161,-9.492795,-2.392011,2.654730,7.058367,2.404630,1.140236,-0.484389,-1.811191,-9.257877,-15.212471,5.658690,7.658509,13.735382,-0.695580,-1.257414,-7.252573,14.415845,60.718715,-6.775368,-37.898288,4.037394,-33.459539,42.671494,9.502062,-55.781134,8.724465,-35.709025,-31.736201,-18.691057,-45.920158
1041.000000,67.926377,28.939471,45.025811,6.863546,84.098542,-9.503859,-2.442814,2.620899,6.852507,2.394223,1.126719,-0.410996,-1.907586,-9.293303,-15.193112,5.673545,7.540462,13.745195,-0.642238,-1.341229,-7.118851,13.900717,60.775255,-7.030713,-37.570494,4.277593,-33.209913,42.904356,9.050031,-56.112705,9.136447,-35.399231,-31.503817,-18.330549,-46.127939
1042.000000,67.934805,28.943479,45.045155,6.866548,83.904839,-9.508607,-2.503359,2.600164,6.723386,2.366977,1.083572,-0.352932,-1.990493,-9.342700,-15.195096,5.646919,7.431423,13.668652,-0.617498,-1.446190,-7.007636,13.390749,60.880461,-7.326742,-37.218172,4.511688,-32.905037,43.160785,8.606771,-56.397343,9.571986,-35.083233,-31.191811,-17.977206,-46.297706
1043.000000,67.931873,28.933883,45.052570,7.079937,83.694335,-9.653955,-2.569630,2.575699,6.724396,2.301022,0.996524,-0.280718,-2.087621,-9.372900,-15.034911,5.597261,7.646550,13.597431,-0.660530,-1.573177,-6.904274,12.902553,61.009285,-7.691333,-36.870546,4.674235,-32.577444,43.446594,8.185557,-56.630997,10.007053,-34.769891,-30.956005,-17.647563,-46.453264
1044.000000,67.918062,28.915522,45.058739,7.161493,83.494785,-9.678474,-2.659485,2.595242,6.824621,2.205976,0.864609,-0.202994,-2.186095,-9.412431,-14.970122,5.509673,7.556561,13.561324,-0.698544,-1.678540,-6.827591,12.425872,61.187191,-8.036847,-36.486894,4.866317,-32.181860,43.818495,7.767841,-56.821679,10.399319,-34.462467,-30.779383,-17.357237,-46.625641
1045.000000,67.886686,28.888968,45.064563,7.284421,83.280628,-9.756405,-2.751554,2.590770,6.841440,2.113106,0.777967,-0.122682,-2.279141,-9.459360,-14.889380,5.433836,7.411608,13.670026,-0.724724,-1.775631,-6.742192,11.967244,61.387186,-8.359261,-36.078832,5.079610,-31.749267,44.261313,7.344069,-56.995845,10.768962,-34.157831,-30.629358,-17.095233,-46.810783
1046.000000,67.844027,28.858429,45.071694,7.393012,83.066750,-9.822405,-2.845447,2.550716,6.718893,2.052718,0.678201,-0.036856,-2.361898,-9.519973,-14.821372,5.381638,7.117747,13.804893,-0.751718,-1.855577,-6.656730,11.514713,61.641071,-8.646030,-35.616052,5.263641,-31.256428,44.741588,6.858741,-57.206758,11.127526,-33.849161,-30.470396,-16.848758,-46.944833
1047.000000,67.794210,28.828052,45.085055,7.506182,82.854004,-9.871820,-2.954257,2.472329,6.488193,2.064909,0.649053,0.085219,-2.437873,-9.581979,-14.715417,5.370266,6.923593,13.850697,-0.809995,-1.911927,-6.590329,11.034680,61.948764,-8.912561,-35.100916,5.505015,-30.614270,45.288563,6.326876,-57.450190,11.501830,-33.526947,-30.277385,-16.610072,-47.081016
1048.000000,67.744476,28.793368,45.108333,7.431856,82.654029,-9.735038,-3.055228,2.459279,6.412855,2.114356,0.669823,0.147066,-2.494763,-9.655122,-14.779623,5.381982,6.626399,13.804333,-0.861756,-1.911881,-6.599451,10.536824,62.260535,-9.156110,-34.276283,6.197251,-29.266411,46.059285,5.777971,-57.704034,11.870952,-33.158683,-30.060609,-16.330834,-47.191611
1049.000000,67.691582,28.756586,45.140252,7.325560,82.459821,-9.523538,-3.150685,2.483368,6.460347,2.162415,0.662872,0.178765,-2.539348,-9.725656,-14.881261,5.405441,6.282548,13.794985,-0.938047,-1.854163,-6.721558,9.945540,62.679785,-9.192393,-33.001043,8.232911,-27.052938,47.507394,5.200173,-57.968218,12.198712,-32.750579,-29.849665,-16.034709,-47.338993
1050.000000,67.642707,28.719831,45.178202,7.177588,82.241861,-9.229656,-3.218864,2.518423,6.568573,2.193995,0.606404,0.162778,-2.571171,-9.768242,-14.936958,5.432835,6.002639,13.804632,-1.108294,-1.739441,-6.893787,9.205736,63.456132,-9.247225,-31.951553,11.353350,-25.708424,48.991820,4.418221,-58.224651,12.640431,-32.304893,-29.650503,-15.883385,-47.329495
1051.000000,67.603624,28.691944,45.226532,7.387996,81.986459,-9.286830,-3.243044,2.468440,6.661977,2.196364,-0.057366,0.293866,-2.618639,-9.859387,-14.958311,5.447093,5.579959,13.872617,-1.326385,-1.677633,-7.114375,8.452544,64.412318,-9.206982,-30.780565,15.151586,-24.628414,50.398788,3.493464,-58.348865,13.139337,-31.770833,-29.460170,-15.799314,-47.182445
1052.000000,67.565787,28.664145,45.281109,8.008811,81.688413,-9.736930,-3.154014,2.432595,7.227907,2.137366,-1.809482,0.226721,-2.679321,-10.056001,-15.151193,5.443943,4.893263,14.057710,-1.620873,-1.801063,-7.294954,7.837587,64.892466,-9.765550,-29.871269,17.044288,-24.021577,51.485358,2.399146,-58.209973,13.794513,-31.150990,-29.388661,-15.579600,-47.026682
1053.000000,67.521012,28.628960,45.332295,8.386767,81.321279,-10.015802,-3.046239,2.416219,7.710747,2.127430,-3.408571,0.169331,-2.726381,-10.201243,-15.362224,5.396309,4.064464,14.120952,-1.840819,-2.000474,-7.459225,7.159694,65.105356,-10.764155,-29.223063,16.848610,-23.993939,52.034044,1.283714,-58.093307,14.587913,-30.430429,-29.244937,-15.296675,-46.901027
1054.000000,67.489678,28.593105,45.374650,8.701187,80.906175,-10.267214,-2.963736,2.313819,7.771926,2.100896,-4.756996,0.552025,-2.757068,-10.316272,-15.607575,5.275813,2.814003,14.163505,-1.999628,-2.195412,-7.639203,6.222195,65.432488,-11.596904,-28.384625,16.831744,-23.835159,52.287229,0.141738,-58.220355,15.447327,-29.560840,-28.790388,-15.183137,-46.515624
1055.000000,67.468679,28.566509,45.419037,9.239263,80.468225,-10.559984,-2.795971,2.233761,8.328795,1.961623,-7.308812,0.794144,-2.796937,-10.495480,-15.904338,5.166577,1.162193,14.327444,-2.359233,-2.421612,-7.922912,5.132483,65.654722,-12.686778,-27.534412,16.571695,-23.712340,52.381937,-1.149950,-58.363345,16.363339,-28.534295,-28.200891,-15.020143,-46.194926
1056.000000,67.442060,28.549790,45.508578,9.602449,79.960348,-10.711348,-2.624190,2.175862,9.008482,1.854844,-10.313671,0.952027,-2.877072,-10.654644,-16.118519,5.047710,-0.864745,14.634141,-2.694674,-2.612176,-8.202682,3.855365,65.816516,-13.933706,-26.542843,16.298404,-23.545943,52.442554,-2.627234,-58.509969,17.386204,-27.384132,-27.522715,-14.864831,-45.793440
1057.000000,67.409182,28.547066,45.627108,9.745893,79.350479,-10.700649,-2.415367,2.100146,9.664021,1.749274,-13.754869,0.987125,-2.976726,-10.767106,-16.082813,4.926677,-3.053692,14.835357,-3.001015,-2.712503,-8.498240,2.420707,65.879838,-15.402708,-25.361396,15.896678,-23.395691,52.459090,-4.333680,-58.585743,18.612820,-26.074425,-26.753730,-14.704745,-45.198739
1058.000000,67.370021,28.558603,45.755768,9.476698,78.616578,-10.477883,-2.231499,1.925019,9.738643,1.679008,-16.887076,1.060904,-3.077970,-10.801534,-15.893466,4.788763,-5.554653,14.913124,-3.154210,-2.654222,-8.829838,0.866903,65.881006,-17.041032,-23.872595,15.531218,-23.217290,52.534683,-6.328475,-58.606909,20.152914,-24.600919,-25.895950,-14.568599,-44.390970
1059.000000,67.293900,28.530079,45.925054,9.091534,77.817202,-10.191183,-2.248824,1.701514,9.325821,1.679572,-19.363890,1.347993,-3.314665,-10.646621,-15.147022,4.680887,-7.607875,14.548421,-3.266858,-2.534814,-9.269123,-0.806967,65.795766,-18.902052,-22.102338,15.258335,-23.006539,52.708768,-8.626276,-58.605031,22.013058,-22.928762,-24.991336,-14.414185,-43.556147
1060.000000,67.195868,28.537858,46.097231,8.380630,76.893443,-9.476926,-2.260662,1.569720,9.210565,1.569224,-21.604496,1.153750,-3.453033,-10.392649,-14.361624,4.512394,-9.920565,14.493359,-3.452325,-2.330089,-9.667810,-2.672800,65.465485,-21.065234,-20.108413,14.568563,-22.870554,52.784173,-11.207998,-58.538416,24.110305,-21.005021,-24.032898,-14.194731,-42.719469
1061.000000,67.054379,28.573215,46.280298,7.549031,75.777327,-8.571778,-2.323745,1.401271,8.837936,1.492727,-23.171618,0.856350,-3.498776,-10.023181,-13.348075,4.381432,-11.960066,14.693668,-3.694602,-2.083625,-9.981094,-4.802820,65.111148,-23.401049,-17.924272,13.939177,-22.736788,52.756883,-13.943839,-58.449822,26.466331,-18.879647,-22.889873,-14.006078,-41.919866
1062.000000,66.860235,28.611848,46.477965,6.802082,74.510026,-7.694909,-2.453748,1.204242,8.307788,1.426131,-24.442293,0.555322,-3.543611,-9.601521,-12.213092,4.384613,-13.621157,14.907906,-3.974899,-1.892392,-10.207993,-7.267005,64.821043,-25.893992,-15.598088,13.313793,-22.581247,52.644417,-16.833184,-58.267005,29.063968,-16.547042,-21.555944,-13.762043,-41.225280
1063.000000,66.605133,28.601339,46.668634,6.090695,73.124279,-6.892731,-2.648127,1.131406,7.958486,1.379311,-25.174979,0.253076,-3.635748,-9.065822,-11.001497,4.486985,-14.997598,14.981660,-4.202196,-1.789741,-10.368561,-9.947229,64.444904,-28.606917,-13.148171,12.396582,-22.424170,52.517728,-19.880860,-57.877650,31.888005,-14.060052,-20.133436,-13.438670,-40.624142
