Frame,root_translateX,root_translateY,root_translateZ,root_rotateX,root_rotateY,root_rotateZ,left_hip_pitch_joint_dof,left_hip_roll_joint_dof,left_hip_yaw_joint_dof,left_knee_joint_dof,left_ankle_pitch_joint_dof,left_ankle_roll_joint_dof,right_hip_pitch_joint_dof,right_hip_roll_joint_dof,right_hip_yaw_joint_dof,right_knee_joint_dof,right_ankle_pitch_joint_dof,right_ankle_roll_joint_dof,waist_yaw_joint_dof,waist_roll_joint_dof,waist_pitch_joint_dof,left_shoulder_pitch_joint_dof,left_shoulder_roll_joint_dof,left_shoulder_yaw_joint_dof,left_elbow_joint_dof,left_wrist_roll_joint_dof,left_wrist_pitch_joint_dof,left_wrist_yaw_joint_dof,right_shoulder_pitch_joint_dof,right_shoulder_roll_joint_dof,right_shoulder_yaw_joint_dof,right_elbow_joint_dof,right_wrist_roll_joint_dof,right_wrist_pitch_joint_dof,right_wrist_yaw_joint_dof
0.000000,-11.713521,-186.950421,78.465623,-1.251661,1.848664,75.290602,-10.015612,6.509200,-1.045165,4.915790,-1.888724,-6.547155,-0.467579,-2.534341,2.774684,8.843113,-18.565388,1.083934,2.118524,4.186298,21.316247,13.869578,26.604751,-15.894584,40.587122,-18.138667,2.391308,-18.561162,9.914726,-36.787699,21.923616,41.513323,-2.313620,-0.276387,19.137048
1.000000,-11.731533,-186.878729,78.487736,-1.073133,1.807637,75.738478,-9.911521,6.292550,-1.476069,4.995823,-1.866275,-6.417555,-0.064379,-2.660768,2.377354,8.748327,-18.611543,1.140482,2.045980,4.625878,21.148234,13.379126,25.905144,-16.729799,43.123981,-18.693611,0.509419,-19.077159,10.502376,-37.045679,22.072829,43.809202,-2.620045,-2.961905,17.711060
2.000000,-11.747345,-186.785340,78.519040,-1.031935,1.764383,75.795535,-9.826032,6.264804,-1.540267,5.046993,-1.882278,-6.353926,0.103022,-2.659533,2.411445,8.681699,-18.486486,1.205281,2.338968,4.692769,20.991142,13.418741,25.582188,-16.747059,44.142259,-18.572618,-0.068341,-18.914481,10.964943,-36.824640,22.129915,44.699903,-3.047897,-3.697205,16.711844
3.000000,-11.774504,-186.670935,78.530741,-0.997827,1.759842,75.896398,-9.771582,6.168012,-1.637073,5.144452,-1.975737,-6.336016,0.387956,-2.737606,2.350180,8.449631,-18.496040,1.366541,2.672942,4.514656,20.757911,13.597903,25.442613,-16.686000,44.873728,-18.291134,-0.144040,-19.306877,11.459843,-36.639699,22.488966,45.184785,-2.973335,-3.583894,18.136340
4.000000,-11.798046,-186.527264,78.531611,-0.996017,1.779324,75.953133,-9.726485,6.072252,-1.680927,5.255242,-2.131856,-6.321215,0.624389,-2.811564,2.422256,8.220773,-18.583135,1.381048,3.161365,4.170785,20.467297,13.761047,25.474210,-17.028411,45.597359,-18.173993,0.050152,-20.131860,11.996152,-36.645840,23.400093,45.353498,-2.425227,-3.094665,21.216034
5.000000,-11.848754,-186.354160,78.532243,-1.044187,1.827133,75.965337,-9.735157,5.951794,-1.664852,5.398326,-2.292433,-6.309645,0.763046,-2.935158,2.431039,8.023741,-18.690574,1.476824,3.593783,3.728745,20.208783,14.147797,25.523679,-17.870369,46.475435,-18.623062,0.362978,-21.658707,12.543122,-36.902047,24.674163,45.225548,-1.951426,-2.470600,25.018411
6.000000,-12.072548,-186.808932,78.593594,-1.977995,1.734316,76.914948,-12.237105,5.879455,-3.060852,6.685278,-1.655147,-6.184008,-1.476619,-2.902850,1.964011,9.837652,-18.843414,1.398094,3.136969,3.567075,21.489437,11.496355,25.376757,-18.624241,48.321328,-20.311386,1.578075,-24.302412,9.967244,-37.228810,25.228328,45.537349,-1.280196,-1.454071,28.793875
7.000000,-12.109810,-185.962939,78.550273,-1.336805,1.936835,76.217058,-10.077160,5.515673,-1.874741,5.799837,-2.604829,-6.158860,0.890743,-3.258972,2.783707,7.614456,-18.715856,2.120053,3.735783,2.636224,19.955665,16.290467,24.915130,-18.751087,49.817033,-22.782118,2.280153,-27.178511,13.494556,-37.381700,25.654483,45.096881,-0.452413,-1.173196,31.117444
8.000000,-12.245724,-185.675669,78.566515,-1.491740,1.947145,76.007707,-9.924280,5.467878,-1.738391,5.703786,-2.888987,-6.159153,1.014026,-3.225578,3.923825,7.317416,-18.490618,2.648647,3.899081,2.039509,19.625635,19.159108,24.507931,-17.984566,51.004636,-24.418240,3.253603,-28.844722,15.062288,-37.500860,24.930298,44.548707,0.719738,-0.784542,32.029674
9.000000,-12.406171,-185.380459,78.562236,-1.673134,1.975682,75.719229,-9.854062,5.415125,-1.635912,5.747662,-3.333956,-6.221111,1.073835,-3.118960,5.393450,7.120946,-18.741817,3.469884,4.028942,1.462100,19.494108,21.585804,24.221183,-17.250027,51.918993,-23.391789,3.193596,-28.574253,16.375628,-37.529748,23.885166,44.184166,1.891924,-0.724501,31.196360
10.000000,-12.573133,-185.109198,78.541225,-1.797991,2.029001,75.266849,-9.807830,5.368112,-1.397307,5.995214,-3.883052,-6.261207,1.005738,-3.081182,6.629132,7.199147,-19.622369,4.546891,4.306052,0.891149,19.566298,23.489885,24.328181,-17.248010,52.125572,-19.397281,1.781445,-26.881888,17.537925,-37.514742,22.915025,43.811292,2.638289,-0.949046,29.377607
11.000000,-12.726024,-184.881616,78.507972,-1.879208,2.127818,74.667291,-9.812132,5.324491,-0.906379,6.416470,-4.438975,-6.154492,0.823459,-3.192755,7.385252,7.493637,-20.394166,5.423969,4.666863,0.347747,19.911675,24.763607,24.634486,-17.866926,51.649747,-13.669640,-0.061661,-25.171482,18.287661,-37.503261,22.199727,43.446085,2.673182,-1.136170,27.884189
12.000000,-12.961476,-185.292423,78.540421,-2.697243,1.974059,75.112342,-12.270273,5.514212,-1.839399,8.322854,-4.397234,-5.885405,-1.488885,-2.915235,7.163825,9.650709,-20.593094,5.169543,4.067572,0.179219,21.771527,21.817171,24.980088,-18.187110,51.984198,-9.322500,-0.937015,-23.766931,15.250463,-37.400425,21.675669,43.754513,2.258028,-0.791468,27.111107
13.000000,-13.105772,-184.559393,78.469193,-2.010350,2.208448,74.213414,-10.243423,5.063021,-0.251702,7.550065,-5.237136,-5.545183,0.543150,-3.604343,7.527178,7.714099,-19.806051,4.851621,4.050381,-0.442012,20.872279,25.258328,23.740331,-18.345026,52.290443,-7.294957,-2.551997,-20.646265,17.742863,-37.391481,22.169141,43.375833,1.125287,-1.518218,25.521217
14.000000,-13.373286,-185.033584,78.539956,-2.813930,1.958267,74.912319,-12.731327,5.279324,-1.215836,9.350605,-4.967824,-5.182640,-1.625643,-3.224593,6.813894,9.748312,-19.123522,4.013583,3.133610,-0.297563,22.589519,21.816500,23.382953,-18.239785,53.050551,-6.917701,-3.378622,-17.524363,14.536598,-37.302648,22.242158,43.586944,0.768739,-1.581236,24.310651
15.000000,-13.473839,-184.368622,78.496879,-2.220014,2.210218,74.147537,-10.617421,4.853764,0.350724,7.998443,-5.356320,-5.125240,0.423286,-3.809958,6.997872,7.646322,-18.681913,4.037631,3.000330,-0.723445,21.585365,24.585570,22.332188,-18.259146,52.713266,-5.991393,-5.516134,-14.188205,16.951389,-37.110077,22.717013,43.114302,0.689255,-2.441486,22.608860
16.000000,-13.701141,-184.867430,78.574657,-3.083026,1.958407,74.924170,-13.119723,5.101272,-0.766961,9.655429,-4.910941,-4.999351,-1.776590,-3.448825,6.320153,9.581736,-18.625774,3.770890,2.337698,-0.347074,23.230085,20.494468,22.481009,-17.726294,52.573988,-6.898636,-5.713413,-13.656467,14.100419,-36.710436,22.484831,43.107718,1.614273,-2.154412,22.653516
17.000000,-13.758826,-184.221721,78.528297,-2.444661,2.256467,74.173102,-10.887518,4.635750,0.617615,8.120268,-5.194031,-4.933980,0.264589,-4.088590,6.860351,7.487128,-18.381820,4.116515,2.793119,-0.573552,22.167377,22.666039,21.799969,-17.141186,51.897857,-9.787684,-5.863656,-13.820595,17.108956,-36.460482,22.893896,42.340766,2.371844,-2.544401,22.805068
18.000000,-13.959819,-184.748673,78.604448,-3.376805,2.023954,74.941816,-13.441597,4.892170,-0.607748,9.719482,-4.796850,-4.777979,-2.018547,-3.703143,6.292007,9.410996,-18.286059,3.948811,2.557108,0.074029,23.781962,18.220984,21.760185,-15.921786,51.875130,-14.203969,-4.450915,-14.678396,14.321105,-36.212850,22.752914,42.241838,3.166520,-1.960114,23.702486
19.000000,-13.983475,-184.138799,78.564662,-2.700774,2.289963,74.138901,-11.120876,4.497032,0.747177,8.086437,-5.103382,-4.751298,0.019401,-4.235922,6.989057,7.363396,-17.974235,4.171898,3.158347,-0.082111,22.867041,20.473854,21.138365,-14.637454,50.817267,-18.462071,-4.490177,-14.804327,16.952581,-36.045534,23.251048,41.492665,3.060663,-2.487450,23.504754
20.000000,-14.131960,-184.684360,78.644091,-3.690839,2.025237,74.909794,-13.688581,4.850586,-0.522804,9.581837,-4.671731,-4.689764,-2.319857,-3.709752,6.648461,9.255793,-17.809525,3.870246,2.786432,0.490025,24.500819,16.506943,21.168978,-12.910323,49.891909,-21.619898,-4.368613,-13.706757,13.433999,-35.677217,22.897000,41.674256,2.827158,-2.359862,22.844100
21.000000,-14.115645,-184.078562,78.589261,-2.910687,2.274580,74.195434,-11.292061,4.443039,0.762978,7.993974,-5.033639,-4.711013,-0.089022,-4.270738,7.104143,7.164395,-17.619434,4.208626,3.334529,0.027983,23.436017,19.467240,20.893882,-11.597486,47.570608,-23.316249,-5.968050,-10.774460,15.767975,-35.062551,23.253828,41.265773,1.912358,-3.523112,20.071395
22.000000,-14.166571,-184.038806,78.601223,-2.960041,2.308349,74.124459,-11.255832,4.402478,0.892989,7.863657,-4.965604,-4.677705,-0.054955,-4.362070,7.096941,6.928846,-17.430240,4.265946,3.783016,0.000826,23.495600,19.397734,21.002249,-10.758015,45.179639,-24.620826,-6.967173,-7.984548,15.662139,-34.587204,23.283273,40.837592,1.341728,-4.430662,17.629504
23.000000,-14.193775,-183.981848,78.611308,-3.030685,2.314267,74.162750,-11.302559,4.372783,0.888610,7.863511,-4.965976,-4.723478,-0.046080,-4.416069,7.006010,6.812715,-17.298767,4.296424,4.193045,0.009195,23.582142,18.839624,21.175465,-10.352405,43.326690,-26.131827,-7.196263,-6.941417,15.296115,-34.220750,23.438718,40.492039,1.356298,-4.989606,16.522424
24.000000,-14.210095,-183.901739,78.625530,-3.029935,2.244721,74.477820,-11.309644,4.295727,0.634812,7.888047,-4.976116,-4.747486,0.182858,-4.451540,6.758000,6.677873,-17.160268,4.320720,4.292470,0.061987,23.697645,18.317109,21.468427,-10.351783,41.860474,-27.658597,-6.886342,-7.370273,14.925486,-34.006364,23.535620,40.188925,2.119940,-5.063988,16.608628
25.000000,-14.230497,-183.830738,78.637195,-3.056545,2.182865,74.806529,-11.370349,4.218878,0.401316,7.942384,-5.008436,-4.715342,0.330290,-4.505635,6.391497,6.623873,-17.036667,4.278004,4.241945,0.055170,23.752130,17.977930,21.901131,-10.625175,40.792366,-28.448559,-6.454607,-8.109022,14.490619,-33.914809,23.480517,40.022460,3.153829,-4.830111,17.071148
26.000000,-14.243509,-183.754277,78.645778,-3.108156,2.161616,75.049927,-11.453207,4.139326,0.262691,8.002359,-5.022999,-4.622844,0.391192,-4.593801,5.980764,6.622394,-16.997388,4.152451,4.148796,-0.032054,23.754601,17.845449,22.388450,-10.996685,40.114135,-28.256581,-6.222897,-8.498317,14.062415,-33.920878,23.307133,39.912661,3.759562,-4.671072,16.991135
27.000000,-14.258042,-183.673000,78.650272,-3.167100,2.168528,75.232501,-11.524675,4.048685,0.165589,8.046071,-5.036870,-4.537988,0.447327,-4.674756,5.677426,6.592301,-17.058172,3.962080,4.075167,-0.119069,23.716382,17.821598,22.729333,-11.323103,39.880696,-27.482808,-6.262526,-8.373735,13.770905,-33.991901,23.069724,39.829674,3.754995,-4.798979,15.984512
28.000000,-14.285789,-183.594179,78.656304,-3.236661,2.191682,75.371289,-11.606618,3.946165,0.075055,8.084691,-5.024596,-4.477401,0.444463,-4.752341,5.435917,6.624893,-17.095344,3.875128,4.057345,-0.144827,23.617177,17.801302,22.906125,-11.680765,40.093658,-26.324070,-6.451395,-7.814941,13.677447,-34.068615,22.815823,39.847105,3.394983,-5.208883,14.178791
29.000000,-14.315252,-183.511877,78.663641,-3.270514,2.199972,75.539926,-11.640936,3.834752,-0.060257,8.111130,-5.013564,-4.493862,0.550163,-4.826672,5.291348,6.542206,-17.087778,3.884776,4.066085,-0.084824,23.562636,17.670884,22.996663,-12.094764,40.623930,-24.995185,-6.707525,-7.306410,13.699392,-34.137876,22.554763,40.006692,2.950848,-5.769784,12.302634
30.000000,-14.337793,-183.426213,78.672612,-3.283467,2.206161,75.665350,-11.618476,3.744483,-0.138106,8.106168,-5.012595,-4.532731,0.725657,-4.893631,5.206845,6.364674,-17.005793,3.921162,4.152512,-0.008238,23.490286,17.499086,23.055589,-12.466226,41.275277,-23.703786,-6.913998,-7.142602,13.742504,-34.194038,22.334954,40.269300,2.581010,-6.214625,11.101508
31.000000,-14.355466,-183.343565,78.683150,-3.300909,2.210567,75.730939,-11.569804,3.685762,-0.161336,8.062249,-5.016572,-4.571076,0.815182,-4.947730,5.066404,6.320008,-16.876127,4.082014,4.284922,0.052599,23.368678,17.398816,23.120803,-12.707351,41.809989,-22.543564,-7.041403,-7.381578,13.750492,-34.230613,22.168031,40.593935,2.366035,-6.390156,10.779483
32.000000,-14.368869,-183.278656,78.688687,-3.309067,2.218413,75.801965,-11.522997,3.630161,-0.190880,8.013535,-5.026601,-4.614998,0.947149,-4.990875,5.037736,6.157440,-16.804454,4.118105,4.379389,0.137937,23.322893,17.377871,23.172998,-12.790744,42.068358,-21.724877,-7.162623,-8.002325,13.696314,-34.304065,22.050158,40.824351,2.287275,-6.383677,11.069953
33.000000,-14.378306,-183.233082,78.690439,-3.296320,2.225047,75.901101,-11.491891,3.566940,-0.239456,7.997804,-5.015864,-4.633154,1.189141,-5.025649,5.131158,5.789727,-16.761621,3.982767,4.408566,0.276371,23.384845,17.431635,23.172679,-12.791122,42.127104,-21.442546,-7.181767,-8.548275,13.644592,-34.372002,21.944445,40.908759,2.412314,-6.183753,11.420008
34.000000,-14.389275,-183.204603,78.691584,-3.297825,2.228167,75.956911,-11.491605,3.530363,-0.251503,8.009557,-4.998893,-4.613975,1.281676,-5.053963,5.138031,5.655145,-16.757733,3.878676,4.464242,0.450369,23.439633,17.506661,23.171294,-12.821822,42.175790,-21.587813,-7.119884,-8.941532,13.627173,-34.412259,21.918306,41.029769,2.575304,-6.026037,11.650889
35.000000,-14.395508,-183.191872,78.690690,-3.334065,2.242238,75.939621,-11.531694,3.526643,-0.211020,8.027204,-4.987977,-4.586412,1.196973,-5.085121,5.040696,5.771011,-16.821535,3.747271,4.572241,0.616463,23.460298,17.517004,23.198941,-12.817201,42.301349,-21.832363,-7.020355,-9.277624,13.661282,-34.422494,21.936650,41.164707,2.537862,-6.027990,11.824056
36.000000,-14.391783,-183.189285,78.693181,-3.368720,2.248846,75.891445,-11.568216,3.552967,-0.152293,8.038961,-4.960677,-4.585774,1.077457,-5.104981,4.865706,5.924579,-16.949123,3.555754,4.669576,0.757133,23.462349,17.475860,23.267126,-12.742457,42.501098,-21.898782,-6.968437,-9.417682,13.735946,-34.409783,22.004218,41.250781,2.239593,-6.213366,11.833801
37.000000,-14.376394,-183.195233,78.695750,-3.389905,2.242322,75.867670,-11.593364,3.592534,-0.111629,8.050763,-4.938912,-4.599579,0.944958,-5.102498,4.709294,6.149858,-17.075420,3.384786,4.699572,0.845173,23.458146,17.432888,23.375470,-12.634107,42.707424,-21.804443,-7.010361,-9.295031,13.810879,-34.333179,22.087633,41.259001,2.007694,-6.388322,11.734776
38.000000,-14.356555,-183.207178,78.693771,-3.393068,2.233160,75.894724,-11.619371,3.613200,-0.123126,8.080320,-4.933309,-4.606524,0.845300,-5.129503,4.465923,6.371037,-17.173913,3.242116,4.670387,0.890253,23.515947,17.314294,23.476132,-12.546359,42.926974,-21.738506,-7.086784,-9.040857,13.815661,-34.209409,22.167259,41.208898,2.074644,-6.442860,11.651346
39.000000,-14.336830,-183.225548,78.691280,-3.380375,2.219091,75.970387,-11.661295,3.613075,-0.185101,8.143163,-4.922578,-4.593326,0.796375,-5.153554,4.269728,6.523124,-17.263892,3.050080,4.587004,0.925750,23.608873,17.141642,23.541721,-12.510281,43.125528,-21.775029,-7.143978,-8.807310,13.807167,-34.143019,22.249514,41.142785,2.233737,-6.453780,11.638327
40.000000,-14.391968,-183.837807,78.759521,-4.304078,1.874286,76.843799,-14.386139,3.994779,-1.590429,9.984040,-4.580104,-4.559276,-1.523199,-4.638582,3.676096,8.539803,-17.268702,2.599953,3.845678,1.438097,25.193242,13.086741,23.686247,-12.289137,43.980968,-22.043160,-6.540989,-8.654486,10.301489,-34.121665,21.933932,41.699090,2.620647,-5.946304,12.023182
41.000000,-14.291744,-183.257318,78.684592,-3.358326,2.195772,76.135521,-11.800158,3.602881,-0.347753,8.378478,-4.948219,-4.590163,0.749821,-5.147940,4.074282,6.750144,-17.279212,2.934170,4.307773,1.005070,23.917453,16.317771,23.455542,-12.471292,43.737752,-21.951320,-7.117445,-8.693432,13.300196,-34.099969,22.337884,41.420453,2.473961,-6.403555,11.785753
42.000000,-14.261824,-183.260560,78.683859,-3.283664,2.205179,76.044024,-11.659326,3.628878,-0.273123,8.306474,-4.917235,-4.625895,0.848308,-5.144135,4.167718,6.683412,-17.176384,2.991581,4.360356,0.982162,23.793973,16.846129,23.557218,-12.577423,43.325710,-21.928744,-7.227535,-8.750828,13.852153,-34.174240,22.306600,41.158553,2.328501,-6.479808,11.774966
43.000000,-14.304060,-183.871341,78.754061,-4.198834,1.870322,76.750147,-14.322045,4.078273,-1.573909,10.123636,-4.597162,-4.635225,-1.420312,-4.554198,3.859120,8.518491,-17.129281,2.644395,3.758195,1.439421,25.280291,13.067189,23.675164,-12.379811,43.888866,-22.130930,-6.571716,-8.787904,10.480208,-34.215904,21.912085,41.775114,2.419299,-5.983250,12.140041
44.000000,-14.195719,-183.299851,78.684163,-3.272931,2.215028,75.856377,-11.685848,3.743169,-0.181029,8.429766,-4.953671,-4.658062,0.791864,-5.004240,4.558946,6.682327,-17.130635,2.977606,4.372045,0.923502,23.901830,16.451653,23.384447,-12.550319,43.581931,-22.000237,-7.072931,-8.841233,13.534134,-34.190926,22.252990,41.646641,2.156751,-6.455811,11.853478
45.000000,-14.162402,-183.317125,78.679228,-3.203653,2.238984,75.694520,-11.532869,3.784106,-0.052671,8.314144,-4.931396,-4.643220,0.903732,-4.970062,4.776984,6.505721,-17.096749,2.971639,4.477043,0.825124,23.811880,16.930562,23.374328,-12.578509,43.289674,-21.973653,-7.093437,-8.769866,13.997240,-34.243713,22.136522,41.450721,2.228695,-6.386787,11.816735
46.000000,-14.133079,-183.349645,78.673524,-3.190723,2.233571,75.622451,-11.506105,3.838224,-0.031337,8.278930,-4.926575,-4.634520,0.910803,-4.896480,4.945731,6.441492,-17.103176,2.926298,4.433789,0.747093,23.820596,17.016557,23.253159,-12.428263,43.253761,-22.054771,-7.033944,-8.544421,14.025034,-34.264494,22.036465,41.371733,2.342986,-6.185920,11.773610
47.000000,-14.106205,-183.393836,78.673643,-3.198309,2.210913,75.565314,-11.508000,3.912729,-0.024984,8.239975,-4.906400,-4.614098,0.819817,-4.793123,5.106329,6.534046,-17.112945,2.826737,4.345827,0.663086,23.803926,17.078827,23.110208,-12.202648,43.276762,-22.153497,-7.067588,-7.995314,14.006385,-34.267827,22.022736,41.414982,2.328548,-6.173536,11.526101
48.000000,-14.082848,-183.449650,78.674006,-3.209996,2.194183,75.527861,-11.537353,3.975240,-0.031828,8.210285,-4.866565,-4.605801,0.722854,-4.711761,5.153318,6.616943,-17.097020,2.797730,4.275297,0.595444,23.805105,17.061334,22.992635,-12.104444,43.340549,-22.057456,-7.164736,-7.232570,13.990489,-34.263361,22.055825,41.428331,2.337207,-6.211492,11.246100
49.000000,-14.053544,-183.505154,78.670788,-3.216623,2.181552,75.509377,-11.559606,4.030813,-0.056283,8.169973,-4.828389,-4.613278,0.670373,-4.632823,5.229118,6.620496,-17.101187,2.707586,4.252755,0.548029,23.829176,16.971733,22.957237,-12.161689,43.404247,-21.864796,-7.253588,-6.615380,14.000339,-34.247637,22.119127,41.410928,2.372339,-6.226134,11.067394
50.000000,-14.017586,-183.556044,78.666478,-3.208391,2.167975,75.534839,-11.562263,4.071930,-0.107874,8.116298,-4.786853,-4.640772,0.700419,-4.559664,5.315643,6.516802,-17.107476,2.600606,4.249155,0.520620,23.877913,16.872717,22.986940,-12.252267,43.378453,-21.826973,-7.297728,-6.481136,14.056569,-34.205550,22.159191,41.405331,2.374823,-6.244379,11.035542
51.000000,-13.981138,-183.606052,78.662890,-3.198469,2.146503,75.610992,-11.581006,4.101756,-0.204183,8.080201,-4.743549,-4.674707,0.736078,-4.485527,5.401617,6.449534,-17.112730,2.476175,4.219252,0.518732,23.942685,16.792925,23.055319,-12.324274,43.299919,-21.903139,-7.317363,-6.610878,14.113561,-34.159538,22.202542,41.410436,2.352235,-6.276618,11.046777
52.000000,-13.946991,-183.656037,78.660536,-3.210430,2.110875,75.697325,-11.637779,4.147001,-0.319746,8.076856,-4.715700,-4.700445,0.649167,-4.383310,5.465756,6.608022,-17.116903,2.401617,4.190489,0.542654,23.989798,16.746167,23.130750,-12.372476,43.216393,-22.013244,-7.330564,-6.682182,14.153407,-34.107639,22.251431,41.424756,2.361218,-6.289131,11.058583
53.000000,-13.910706,-183.697724,78.652716,-3.217683,2.083926,75.790900,-11.702429,4.181607,-0.437891,8.109223,-4.709612,-4.757202,0.622244,-4.301064,5.496270,6.667068,-17.154257,2.332898,4.155875,0.562012,24.024825,16.760118,23.184993,-12.379999,43.173141,-22.050502,-7.340386,-6.575569,14.192255,-34.048855,22.291880,41.442938,2.395985,-6.290318,11.000832
54.000000,-13.864619,-183.727598,78.644568,-3.215532,2.069934,75.837591,-11.743119,4.224046,-0.513639,8.146866,-4.711616,-4.826528,0.619557,-4.225105,5.562358,6.685457,-17.193960,2.235603,4.167185,0.558072,24.074243,16.822841,23.227226,-12.347432,43.172950,-22.022424,-7.339679,-6.368986,14.222439,-33.979648,22.346856,41.454979,2.419753,-6.297373,10.929461
55.000000,-13.812858,-183.745670,78.642720,-3.214318,2.065436,75.830235,-11.749720,4.275985,-0.521619,8.153977,-4.693379,-4.860496,0.606476,-4.153289,5.649572,6.707192,-17.183521,2.173901,4.234412,0.534643,24.136157,16.899705,23.265701,-12.324731,43.201517,-21.969805,-7.315326,-6.217776,14.227495,-33.908935,22.441737,41.431224,2.425131,-6.302619,10.915658
56.000000,-13.764498,-183.757031,78.649366,-3.220835,2.071573,75.821810,-11.749172,4.311415,-0.516158,8.121914,-4.629513,-4.848736,0.608400,-4.108335,5.668972,6.682212,-17.122591,2.133870,4.315125,0.502058,24.196900,16.949661,23.325110,-12.348602,43.269532,-21.890488,-7.305121,-6.188057,14.197801,-33.844670,22.550098,41.371887,2.440243,-6.276637,10.996048
57.000000,-13.724212,-183.766413,78.659850,-3.233543,2.078672,75.852500,-11.742746,4.326950,-0.551351,8.048236,-4.550530,-4.865282,0.635670,-4.087576,5.596626,6.607029,-17.037074,2.126895,4.362220,0.474233,24.233255,16.986954,23.389380,-12.384840,43.378501,-21.783864,-7.330820,-6.261058,14.171965,-33.787471,22.617026,41.342476,2.475153,-6.267232,11.057153
58.000000,-13.687755,-183.773804,78.676051,-3.255471,2.067407,75.925010,-11.725116,4.347595,-0.620479,7.924107,-4.443669,-4.911800,0.640797,-4.042265,5.565218,6.580310,-16.907488,2.132065,4.369473,0.473853,24.241129,17.029794,23.455146,-12.399383,43.465814,-21.714459,-7.341560,-6.333896,14.138303,-33.749273,22.668814,41.324868,2.519054,-6.268604,11.080993
59.000000,-13.652140,-183.774757,78.690404,-3.280829,2.057736,76.015182,-11.696993,4.361445,-0.696988,7.779541,-4.340740,-4.990339,0.644325,-4.001033,5.535209,6.578416,-16.801787,2.141561,4.383552,0.481071,24.227910,17.049662,23.535905,-12.416837,43.525319,-21.701570,-7.346081,-6.412935,14.074445,-33.727075,22.724121,41.379762,2.622062,-6.264070,11.089165
60.000000,-13.621190,-183.771050,78.699726,-3.297764,2.049709,76.145776,-11.680559,4.349636,-0.817403,7.670921,-4.258749,-5.079789,0.696819,-3.978390,5.481494,6.523506,-16.730746,2.130795,4.360517,0.503322,24.233178,17.012722,23.588063,-12.413252,43.586886,-21.681495,-7.319907,-6.389870,14.027387,-33.730555,22.689895,41.395014,2.690533,-6.244354,11.059579
61.000000,-13.597171,-183.762014,78.710496,-3.305286,2.033981,76.293682,-11.667274,4.326737,-0.952130,7.589688,-4.180778,-5.148092,0.752108,-3.964825,5.363939,6.503152,-16.644012,2.177740,4.322463,0.553379,24.242730,16.927908,23.590502,-12.391137,43.631368,-21.612573,-7.310146,-6.318917,13.992865,-33.768438,22.573065,41.356956,2.656552,-6.209381,11.060422
62.000000,-13.571632,-183.747315,78.720927,-3.299508,2.025169,76.418047,-11.632787,4.301636,-1.054255,7.507879,-4.118287,-5.173250,0.861477,-3.959085,5.298316,6.392836,-16.559573,2.179564,4.328343,0.608739,24.233409,16.803645,23.576401,-12.438176,43.650752,-21.587347,-7.336996,-6.221744,13.921911,-33.829070,22.518121,41.442265,2.657344,-6.224750,10.951067
63.000000,-13.546279,-183.736789,78.728461,-3.295807,2.017442,76.501782,-11.610832,4.292427,-1.126712,7.457250,-4.075702,-5.182535,0.939369,-3.943973,5.278646,6.315046,-16.489685,2.147252,4.367623,0.664508,24.223992,16.673170,23.539820,-12.498638,43.588348,-21.642236,-7.390230,-6.196188,13.847829,-33.932281,22.536894,41.517155,2.522177,-6.399682,10.828468
64.000000,-13.523088,-183.726573,78.737748,-3.304114,2.003877,76.518798,-11.598378,4.315114,-1.155355,7.434037,-4.060050,-5.169972,0.863158,-3.906643,5.226652,6.500991,-16.409179,2.248282,4.476310,0.718990,24.204857,16.563617,23.495996,-12.547151,43.478232,-21.719986,-7.420335,-6.191987,13.771121,-34.025544,22.532804,41.573292,2.363444,-6.580816,10.784164
65.000000,-13.495284,-183.714116,78.749847,-3.316891,1.987776,76.494747,-11.579036,4.362202,-1.144062,7.416644,-4.052047,-5.155856,0.754946,-3.837683,5.322438,6.722352,-16.327723,2.307882,4.605188,0.755481,24.175420,16.488432,23.463512,-12.605720,43.396785,-21.825142,-7.382663,-6.107164,13.668391,-34.086312,22.529977,41.603095,2.369002,-6.624341,10.733950
66.000000,-13.466449,-183.697307,78.750867,-3.306484,1.993993,76.504668,-11.556789,4.368250,-1.144699,7.426357,-4.054971,-5.151924,0.827418,-3.814291,5.451651,6.640002,-16.347795,2.157826,4.651475,0.755889,24.161680,16.454358,23.422474,-12.618363,43.381004,-21.845431,-7.341517,-6.061740,13.640394,-34.131388,22.469449,41.554089,2.373286,-6.627366,10.690656
67.000000,-13.444576,-183.674347,78.743368,-3.274278,2.014715,76.554874,-11.530120,4.329415,-1.180522,7.452748,-4.069901,-5.133110,0.978055,-3.845502,5.445962,6.473412,-16.421983,1.986833,4.628392,0.734230,24.140298,16.456969,23.389763,-12.637884,43.450938,-21.763759,-7.370996,-6.095360,13.646705,-34.156021,22.408104,41.569460,2.399693,-6.634645,10.658028
68.000000,-13.427170,-183.648574,78.743064,-3.241417,2.022620,76.592816,-11.487810,4.304260,-1.209905,7.460635,-4.074380,-5.104748,1.042961,-3.856785,5.440996,6.489545,-16.444944,1.925890,4.599096,0.722074,24.114560,16.481165,23.383101,-12.700323,43.542514,-21.681276,-7.397761,-6.157887,13.666645,-34.167393,22.388018,41.572950,2.443791,-6.641304,10.675018
69.000000,-13.413624,-183.627236,78.746235,-3.218845,2.012208,76.628117,-11.447983,4.300691,-1.243059,7.458811,-4.081848,-5.101452,1.051944,-3.839324,5.460652,6.592718,-16.433462,1.877259,4.566366,0.726546,24.091551,16.505314,23.405979,-12.775997,43.600881,-21.640220,-7.402388,-6.252589,13.704080,-34.159463,22.392239,41.536774,2.474897,-6.634707,10.748417
70.000000,-13.402937,-183.607459,78.746790,-3.203510,2.001754,76.653161,-11.414365,4.302489,-1.264691,7.456961,-4.093478,-5.117920,1.057756,-3.823232,5.466168,6.677447,-16.435313,1.829211,4.552782,0.745224,24.055704,16.527089,23.445652,-12.843869,43.630244,-21.602857,-7.399434,-6.338630,13.803210,-34.132409,22.384265,41.531334,2.482244,-6.645319,10.825869
71.000000,-13.394758,-183.592343,78.747261,-3.186026,1.996740,76.667049,-11.378653,4.301387,-1.276214,7.450603,-4.107006,-5.120855,1.068823,-3.816334,5.458232,6.733344,-16.452944,1.785780,4.555568,0.777697,24.013004,16.550172,23.482624,-12.874185,43.635142,-21.593197,-7.404322,-6.348563,13.927562,-34.112072,22.400434,41.536231,2.426160,-6.660530,10.899774
72.000000,-13.391808,-183.589756,78.750706,-3.180839,1.991066,76.658028,-11.362078,4.309356,-1.267495,7.439311,-4.101850,-5.100812,0.991944,-3.809609,5.381481,6.912628,-16.435412,1.865502,4.583260,0.816235,23.949497,16.565217,23.513379,-12.871145,43.637396,-21.594917,-7.416289,-6.327489,14.057971,-34.079195,22.422271,41.575696,2.347975,-6.695679,10.966467
73.000000,-13.387023,-183.592534,78.751457,-3.178684,1.992535,76.642417,-11.357255,4.314087,-1.256741,7.436392,-4.094296,-5.092597,0.956506,-3.804203,5.375621,6.982509,-16.422244,1.891553,4.600316,0.849116,23.882842,16.582381,23.565828,-12.915579,43.615894,-21.588944,-7.425695,-6.280936,14.149883,-34.039655,22.447355,41.592591,2.309302,-6.716466,10.973471
74.000000,-13.380519,-183.601618,78.749526,-3.170613,1.995439,76.621737,-11.346824,4.322715,-1.238706,7.438394,-4.095409,-5.103668,0.960582,-3.796703,5.409774,6.978920,-16.406664,1.880700,4.595584,0.876577,23.830269,16.620429,23.674788,-13.127431,43.550321,-21.535955,-7.429341,-6.295526,14.208619,-34.002065,22.468763,41.564809,2.308303,-6.730859,10.933328
75.000000,-13.375540,-183.620036,78.745580,-3.162613,1.990015,76.599512,-11.344421,4.342481,-1.222456,7.447108,-4.090833,-5.135624,0.957348,-3.777975,5.446031,6.976794,-16.397368,1.847175,4.570258,0.902152,23.792831,16.687108,23.841549,-13.538078,43.455938,-21.459618,-7.441852,-6.468986,14.164297,-33.997209,22.570242,41.529060,2.358548,-6.706140,10.950828
76.000000,-13.372350,-183.645201,78.743786,-3.152186,1.980343,76.568318,-11.351677,4.366398,-1.210441,7.462350,-4.079538,-5.149367,0.944432,-3.752060,5.500448,6.976304,-16.396677,1.781171,4.534428,0.919694,23.783135,16.771272,24.004585,-13.976733,43.374795,-21.407075,-7.478635,-6.800313,14.068533,-34.008260,22.662172,41.561455,2.426671,-6.735013,10.956341
77.000000,-13.371678,-183.673203,78.743458,-3.136383,1.970812,76.527340,-11.356499,4.389684,-1.191267,7.481986,-4.077595,-5.142178,0.932687,-3.729205,5.554631,6.978521,-16.387970,1.736871,4.495760,0.933676,23.812561,16.848383,24.093612,-14.275425,43.345719,-21.378545,-7.456292,-7.059248,14.000637,-34.009715,22.651320,41.557005,2.482102,-6.774888,10.904375
78.000000,-13.372098,-183.696795,78.741843,-3.125004,1.954180,76.476280,-11.356848,4.425217,-1.162235,7.502252,-4.090868,-5.147068,0.905808,-3.695540,5.621587,7.003974,-16.369124,1.695822,4.468891,0.952694,23.834507,16.934441,24.112321,-14.444766,43.358136,-21.333748,-7.458036,-7.137130,13.962801,-34.010408,22.629136,41.506612,2.548694,-6.802512,10.819221
79.000000,-13.373107,-183.718264,78.739482,-3.121829,1.941788,76.419832,-11.365653,4.460595,-1.130384,7.525946,-4.108022,-5.148978,0.865257,-3.666018,5.682279,7.037688,-16.370457,1.646211,4.469471,0.966703,23.834013,17.012845,24.084997,-14.511874,43.389330,-21.283361,-7.459483,-7.136182,13.988850,-33.996385,22.601436,41.445345,2.618091,-6.806143,10.761981
80.000000,-13.370708,-183.738375,78.737026,-3.121502,1.933817,76.365665,-11.377423,4.494937,-1.102515,7.548521,-4.127769,-5.156514,0.823923,-3.636703,5.745195,7.070438,-16.376874,1.592814,4.491295,0.979333,23.827847,17.061338,24.042353,-14.511418,43.407502,-21.243707,-7.440072,-7.127494,14.117747,-33.955377,22.535132,41.321494,2.681360,-6.752823,10.752742
81.000000,-13.363585,-183.753610,78.731722,-3.125787,1.928398,76.337402,-11.388390,4.522032,-1.095161,7.558436,-4.145403,-5.165769,0.792789,-3.609283,5.775657,7.088579,-16.388296,1.529594,4.507936,0.991449,23.834046,17.065535,23.998740,-14.480880,43.393561,-21.211646,-7.423769,-7.097892,14.353709,-33.867107,22.427474,41.209571,2.735751,-6.706570,10.735780
82.000000,-13.352135,-183.769131,78.724438,-3.141520,1.923009,76.351914,-11.416757,4.540160,-1.125798,7.557372,-4.151349,-5.174049,0.769714,-3.579532,5.778895,7.084133,-16.427368,1.419147,4.502291,0.997502,23.834842,17.051987,23.992431,-14.480749,43.349066,-21.161774,-7.429544,-7.061929,14.611342,-33.754173,22.397396,41.214707,2.757880,-6.704769,10.746309
83.000000,-13.335097,-183.783531,78.714222,-3.168319,1.923182,76.409951,-11.473812,4.543027,-1.193072,7.571685,-4.171885,-5.190938,0.777540,-3.560093,5.755883,7.012451,-16.536347,1.250859,4.455472,0.987749,23.865205,17.040110,24.001042,-14.506663,43.275481,-21.136347,-7.432272,-7.047945,14.839578,-33.633846,22.457450,41.195371,2.712822,-6.709662,10.853542
84.000000,-13.304545,-183.792508,78.697479,-3.196687,1.937016,76.488566,-11.554075,4.533446,-1.266949,7.641878,-4.241165,-5.208996,0.851962,-3.544164,5.852282,6.815510,-16.666575,1.025747,4.385851,0.930428,23.935309,17.047676,24.005024,-14.550612,43.208115,-21.240369,-7.426061,-7.052159,14.984545,-33.517118,22.636678,41.172350,2.553411,-6.732384,10.945746
85.000000,-13.262199,-183.802319,78.676772,-3.243850,1.954250,76.525904,-11.712562,4.549325,-1.292863,7.859952,-4.390616,-5.217964,0.822638,-3.496905,6.037205,6.785125,-16.814985,0.868000,4.351794,0.798160,24.029415,17.083469,24.034864,-14.605038,43.171662,-21.368284,-7.394762,-7.018872,14.980572,-33.424350,22.905152,41.151268,2.258774,-6.756827,10.998021
86.000000,-13.169919,-183.767128,78.642404,-3.304236,2.058781,76.353268,-11.886181,4.587003,-1.080071,8.239001,-4.660372,-5.204704,0.670300,-3.497537,6.150616,6.946204,-17.112720,0.848407,4.543129,0.437927,24.118752,17.165218,24.140320,-14.675479,43.188710,-21.396070,-7.373780,-6.924807,14.818015,-33.323175,23.237671,41.073506,1.830666,-6.818582,11.003680
87.000000,-13.210668,-184.284174,78.648484,-4.299893,1.742322,77.236469,-15.039728,4.890827,-2.473072,10.941852,-4.835044,-5.095239,-1.666152,-2.962725,5.328172,8.984270,-17.459746,0.662534,3.949454,0.566049,25.803879,13.334251,24.292591,-14.536265,43.979448,-21.539430,-6.743046,-6.900762,11.053871,-33.357773,23.021320,41.418144,1.753334,-6.443038,11.288364
88.000000,-13.167447,-183.574831,78.545290,-3.442474,2.201686,76.542794,-12.751395,4.321664,-1.123955,9.907916,-5.541983,-4.998334,0.577635,-3.738291,5.763734,7.185093,-17.622194,1.084199,4.404745,-0.436873,24.676290,16.692578,24.068226,-14.822462,43.761695,-21.218964,-7.324504,-6.932179,13.880416,-33.347367,23.428160,40.747082,1.433583,-7.023054,10.682938
89.000000,-13.226676,-183.831358,78.538096,-4.320614,1.672842,77.447226,-15.681051,4.712792,-2.671514,12.976375,-6.287393,-5.036291,-1.020080,-3.082575,5.089655,8.555560,-17.921597,0.791619,3.905919,-0.390008,26.312776,13.266132,24.371209,-14.781786,44.327272,-21.074547,-6.760725,-6.942676,10.694025,-33.459638,22.884759,40.614043,1.968300,-6.617418,10.623943
90.000000,-13.240826,-183.270025,78.466910,-4.187860,1.725395,77.435144,-15.329576,4.468872,-2.592576,13.680532,-7.405079,-5.004327,-0.129855,-3.324949,5.119162,8.104083,-18.396660,1.112956,4.010612,-1.124721,26.215893,13.673790,24.415283,-14.838398,44.437713,-20.704055,-6.792648,-7.053977,11.194064,-33.466175,22.534064,40.294148,2.417045,-6.694544,10.281699
91.000000,-13.306835,-182.674170,78.416151,-4.292485,1.742201,77.534041,-15.272161,4.233443,-2.660070,14.331603,-8.347179,-4.817992,0.631626,-3.573142,4.883320,7.407887,-18.494368,1.693922,4.228871,-2.002249,26.100221,13.842773,24.653720,-14.605576,44.332248,-20.282416,-6.928334,-7.093390,11.936306,-33.269418,21.869245,39.785739,3.190739,-6.754999,9.803902
92.000000,-13.422400,-181.954050,78.364873,-4.571690,1.773428,77.739475,-15.295273,3.935724,-2.768856,14.885989,-9.298579,-4.470539,1.403192,-3.843612,4.885640,6.459489,-18.465101,2.057700,4.530422,-3.010287,25.899381,13.865201,25.022774,-14.177712,44.075890,-20.063537,-7.069770,-6.970361,13.028114,-32.803110,21.119160,39.236107,4.283414,-6.693945,9.317570
93.000000,-13.593829,-181.160867,78.298604,-4.987714,1.832328,77.873734,-15.345323,3.628848,-2.895515,15.313520,-10.299696,-4.054028,1.964279,-4.141664,5.101960,5.676478,-18.458079,2.263598,5.089422,-4.156179,25.670342,13.654704,25.548254,-13.671557,43.711332,-20.112600,-7.186839,-6.741686,14.357334,-32.206271,20.643873,38.884199,5.192966,-6.536335,8.979708
94.000000,-13.756321,-179.879355,78.196806,-5.270222,2.773300,77.037641,-13.465972,2.714107,-1.524743,13.157133,-10.812692,-3.576235,2.760521,-5.440853,5.935050,4.676935,-18.429742,2.850035,6.875660,-6.497583,23.897761,15.826472,26.612661,-13.428644,42.592961,-19.902418,-7.740752,-6.288346,18.749050,-31.100061,20.718938,38.163617,5.092669,-6.782307,8.511351
95.000000,-14.027043,-179.469776,78.211278,-6.721930,1.998611,77.463597,-16.195348,3.422789,-2.862924,15.997710,-12.233866,-3.260697,0.159976,-4.443616,5.559006,7.778722,-18.493748,2.985775,7.192350,-7.116818,25.212093,11.631065,28.046840,-12.636486,42.439285,-18.763921,-7.684735,-5.775763,16.338677,-30.364682,20.796606,38.814500,5.218216,-6.130164,9.227205
96.000000,-14.287007,-178.541291,78.183734,-7.482481,1.955073,77.155270,-16.440424,3.401638,-2.752250,16.495233,-13.428610,-2.813047,-1.630359,-4.372973,5.742824,11.061995,-18.490995,3.819894,7.717899,-8.567921,25.314544,9.945484,29.624586,-12.368112,42.004420,-15.453026,-9.081795,-5.057867,16.026146,-29.667456,21.418768,39.460677,4.589619,-6.155468,9.819588
97.000000,-14.563449,-177.566731,78.254759,-8.037887,1.658062,76.947627,-16.162702,3.518011,-2.757244,16.512536,-14.407511,-2.291622,-3.636057,-3.981217,6.049525,15.367340,-17.087170,5.501939,7.751051,-9.758646,25.377638,8.748353,31.526784,-12.580272,41.336834,-10.432761,-11.343546,-3.754999,15.886871,-29.195753,22.252884,39.719575,3.620371,-6.511692,10.265870
98.000000,-14.844596,-176.542044,78.439087,-8.533106,1.014094,77.068870,-15.589048,3.827492,-3.108819,16.148842,-15.143028,-1.783970,-5.929748,-3.152431,6.526979,20.514950,-13.745097,8.505407,7.028327,-10.427883,25.489303,7.591205,33.043721,-12.805946,40.743690,-6.036916,-13.202739,-1.521598,15.608464,-28.855541,22.795859,39.694973,2.890494,-6.905005,10.440580
99.000000,-15.077159,-175.456929,78.700650,-8.983065,0.037450,77.701194,-14.802424,4.296071,-4.024534,15.448073,-15.608929,-1.413053,-8.293034,-1.770929,7.567733,25.709426,-8.972849,12.200725,5.517093,-10.388827,25.568152,6.399965,33.585796,-12.501129,40.237211,-4.960889,-13.902908,0.536203,15.390271,-28.564435,22.663457,39.591513,2.824224,-7.086079,10.297777
100.000000,-15.206376,-174.326122,78.991163,-9.390552,-1.237368,78.886045,-13.920371,4.972294,-5.492478,14.529458,-15.856682,-1.402501,-10.572236,0.421785,9.301827,29.851164,-5.872151,14.931671,3.395692,-9.521588,25.701172,4.994849,33.966572,-12.108147,39.479928,-5.879967,-13.948298,2.031409,15.332069,-28.398743,21.970710,39.501122,3.674939,-7.024948,9.575069
101.000000,-14.898475,-173.169363,79.281783,-9.749460,-2.790334,80.103647,-12.824340,6.365821,-7.113030,13.387071,-16.080321,-1.992696,-12.698619,3.186808,9.771691,31.993436,-5.586575,15.000026,1.316071,-7.978203,25.989245,3.429064,34.847632,-11.974501,38.298800,-6.638082,-13.920788,3.501460,15.343803,-28.417009,21.345424,39.553373,4.533230,-6.999600,8.323362
102.000000,-14.917961,-171.920645,79.538620,-10.011736,-3.773693,81.417811,-11.501227,6.912412,-8.427793,11.702848,-15.922964,-2.270932,-14.769075,3.760586,9.901598,31.360534,-6.305032,15.000035,-0.727030,-6.326477,26.282290,2.075181,35.627981,-11.821603,36.739427,-7.105410,-13.990011,4.763384,15.345813,-28.800766,20.963464,39.830887,4.403495,-7.075586,7.138919
103.000000,-14.963236,-170.545328,79.744273,-10.172360,-4.163245,82.808917,-9.798223,6.836934,-9.532586,9.447014,-15.396131,-2.639688,-16.360390,2.989480,9.588190,27.926933,-6.579911,15.000035,-2.800540,-4.754434,26.537851,1.401753,36.067620,-11.140396,34.754157,-7.240389,-14.063916,5.670447,15.239407,-29.351331,20.559255,40.119111,3.432675,-7.081354,6.442486
104.000000,-14.972578,-169.017160,79.841954,-10.243467,-4.045077,84.222863,-7.784924,6.305694,-10.461470,6.930105,-14.625749,-3.418473,-17.475022,1.590246,9.349338,22.626199,-6.536344,15.000035,-4.910060,-3.286324,26.532310,2.013665,36.530263,-10.041812,31.858140,-6.366043,-14.395628,6.356138,15.226028,-29.886558,19.921324,40.344380,2.423195,-7.009827,6.146089
105.000000,-15.092701,-166.786063,79.775149,-9.021184,-3.998427,85.846617,-3.406171,5.689559,-11.208221,3.993341,-14.496604,-4.556949,-14.735213,-0.578621,8.065721,13.541116,-6.137118,14.999710,-7.322105,-1.338553,24.876312,7.783982,36.764750,-9.267423,27.643504,-3.299536,-16.167833,7.232367,19.543719,-30.468033,19.357694,39.954042,1.847176,-7.551894,5.543160
106.000000,-15.156108,-164.959598,79.672050,-8.842394,-3.302501,87.387502,-1.453011,4.485355,-12.316319,2.732691,-14.222640,-5.432371,-15.532805,-2.898119,4.874563,9.703940,-7.056148,14.419455,-9.177540,0.501263,24.300063,10.935135,36.243514,-8.762184,25.259288,-0.369076,-17.410711,7.479277,20.687793,-31.015216,18.188394,39.861250,2.242324,-7.586569,5.390465
107.000000,-15.110697,-163.041008,79.533732,-9.098255,-2.789953,88.661850,-0.279850,3.635835,-13.477374,2.429801,-14.272401,-6.090133,-16.081557,-4.462251,0.607579,7.490524,-7.704335,13.581024,-10.196664,2.972053,23.576681,13.244544,34.579445,-9.075932,25.270617,0.241849,-17.532974,5.645885,21.113692,-31.171091,17.074515,40.439279,2.737886,-7.339717,5.737060
108.000000,-14.994825,-161.088979,79.291087,-9.468045,-1.899292,89.692457,0.250202,2.298125,-14.757471,3.473392,-14.617665,-6.352320,-15.688962,-5.073923,-1.038071,6.650742,-7.225743,12.844438,-10.297439,5.212688,22.900014,15.030326,32.747888,-10.110085,26.676680,-0.059282,-17.070390,2.651095,20.968771,-31.116071,16.401371,41.237704,2.537642,-7.076666,6.136932
109.000000,-14.778915,-159.164655,79.030240,-9.741313,-0.605091,90.374710,0.007664,0.347597,-15.843652,6.545236,-14.576798,-6.851412,-14.753408,-5.442140,0.415659,6.998495,-7.350298,9.825552,-9.388215,6.872853,22.510263,16.623956,31.280426,-11.563707,28.709423,-0.775102,-16.195342,-0.216399,20.154886,-30.993534,16.498139,41.926621,1.407851,-6.948444,6.128696
110.000000,-14.542989,-157.805526,79.037184,-10.898455,0.996009,89.466460,-4.821598,-2.392256,-15.142347,16.095571,-12.830350,-8.702836,-17.518225,-6.220702,3.499064,11.259621,-10.076036,6.335846,-6.782934,8.598116,24.229189,13.540199,29.413212,-12.891906,32.499201,-1.857581,-14.359387,-2.951668,14.241553,-31.929133,16.837492,43.255332,0.259099,-6.308283,6.573508
111.000000,-14.224498,-155.761707,78.987789,-10.100842,2.485183,89.247869,-8.332691,-5.400325,-14.718994,27.244609,-8.709721,-12.824053,-16.751423,-7.310713,5.297627,14.837727,-14.077245,4.382773,-4.846113,9.459590,25.769776,14.259531,28.033390,-14.784904,35.364691,-2.004123,-13.192885,-4.696840,11.243566,-32.603218,17.855831,43.591541,-1.141948,-6.161687,6.604741
112.000000,-14.119712,-153.626764,78.731525,-9.052027,4.104165,88.357777,-12.493674,-8.288809,-13.183122,38.062827,-6.507683,-14.999319,-15.558553,-8.555137,7.021616,17.918043,-18.159424,3.087139,-2.735027,9.427235,27.261802,15.820561,27.214419,-16.503557,37.357061,-1.412028,-12.402002,-6.632129,7.705615,-33.839298,19.022914,43.559398,-2.872266,-6.023492,6.078541
113.000000,-13.771638,-151.497781,78.379691,-8.306256,5.515312,86.806739,-17.354467,-8.978903,-10.849999,45.515062,-8.503875,-14.968496,-14.355876,-9.333131,8.556703,19.823820,-21.864173,2.053038,0.101034,8.415892,27.643184,18.138356,27.479533,-18.168720,39.040815,-0.493044,-11.397795,-9.417356,4.803817,-34.386622,19.081267,43.057755,-2.940383,-5.911312,3.731000
114.000000,-13.353893,-149.241269,78.233695,-7.953739,6.397392,85.351888,-21.833999,-7.224891,-8.268879,46.954207,-10.661715,-13.418171,-12.456814,-9.791445,9.450852,19.647717,-23.910035,1.825440,2.949348,7.098986,27.094310,20.482549,27.908833,-19.455446,41.032163,0.446986,-10.468750,-11.722958,3.183207,-34.087442,17.614199,42.012514,-1.903497,-6.136721,-1.331314
115.000000,-13.151422,-146.722114,78.360963,-7.913854,6.641258,83.985079,-24.871099,-4.020573,-5.287648,42.079409,-11.231200,-10.371987,-9.659558,-10.000502,9.842907,17.428309,-23.999104,2.699889,5.584889,5.866974,26.432735,21.923874,27.990206,-19.652630,42.948042,0.888328,-9.968905,-13.113459,2.322411,-33.275975,15.484047,40.167096,-0.600011,-6.585460,-7.170556
116.000000,-12.984547,-143.905580,78.554636,-7.768249,6.280625,82.928393,-25.834963,-0.906928,-3.346899,32.773252,-10.669511,-7.944797,-5.880768,-9.825742,9.832247,14.382854,-22.749161,4.395593,7.624798,4.552312,25.653366,23.191858,28.127556,-19.072508,43.768190,0.529267,-9.992510,-13.365349,2.440340,-32.396513,13.907175,37.664426,1.160654,-7.279896,-10.170133
117.000000,-12.873496,-140.903318,78.675365,-7.521019,5.307437,81.497764,-25.177028,1.556386,-2.951548,22.704935,-8.896131,-7.755139,-2.091044,-8.875041,10.530575,11.861091,-20.221260,6.640928,9.719807,3.091822,25.208948,23.223821,28.868563,-18.174730,43.827063,-0.176832,-10.424241,-13.344859,2.821796,-31.585790,13.487084,34.846194,3.080202,-7.863869,-10.266106
118.000000,-12.805003,-137.817919,78.764462,-7.146960,4.074624,80.141306,-23.530384,3.362201,-3.183462,15.521284,-6.771724,-8.778139,1.045649,-7.602620,11.644085,11.143740,-17.041827,8.994211,10.951132,1.178554,24.845501,22.569920,30.059574,-17.360493,43.584667,-0.896894,-11.001936,-13.049415,3.161470,-31.004353,14.177556,32.582430,4.852746,-8.152984,-7.579394
119.000000,-12.788837,-134.775209,78.864253,-6.994878,2.686269,79.277496,-21.270978,4.806707,-3.091575,12.061150,-5.240606,-8.460641,2.279886,-5.796831,13.436909,13.787882,-13.235093,11.240405,10.415924,-0.935594,24.267596,21.310506,31.003205,-16.878762,43.847369,-1.009272,-11.393211,-12.261657,3.145507,-30.753200,15.306200,31.203651,6.464970,-8.052134,-3.759893
120.000000,-12.798476,-131.791806,78.908265,-7.168455,1.355713,79.063323,-19.004209,5.757603,-3.617023,11.854563,-6.038274,-5.563301,1.189573,-3.391457,15.816543,19.914226,-8.065474,14.612141,7.959026,-2.935078,23.351227,19.278318,31.343000,-16.776449,44.995323,-0.918678,-11.034335,-11.447183,3.169256,-30.758565,16.076407,30.827919,7.800474,-7.563853,-0.230018
121.000000,-12.432717,-128.882647,78.936630,-7.360961,-0.375037,79.466321,-17.735054,7.147459,-5.190870,14.325637,-9.658812,-3.878755,-1.995930,-0.020276,15.946808,28.571525,-4.368181,15.000033,4.195572,-4.458459,23.142313,15.287907,31.784979,-16.500883,46.932620,-1.478336,-10.222442,-9.969907,2.896098,-30.685236,16.366154,31.472532,8.220465,-7.056595,1.102375
122.000000,-12.595662,-126.032639,78.858477,-6.738034,-1.449829,80.090377,-15.759625,7.392706,-5.970521,16.660973,-13.484837,-3.160434,-6.383151,-0.202227,13.547829,36.634662,-5.818790,14.824265,0.806106,-5.773488,23.754288,10.761070,33.051063,-15.827872,48.103499,-2.265271,-9.940888,-6.827308,4.179140,-30.564144,16.372206,32.837296,6.844065,-7.110235,-0.902974
123.000000,-12.463858,-123.250079,78.768957,-6.384127,-2.262296,81.176018,-13.625036,7.535133,-6.942187,17.794081,-16.632161,-2.734132,-11.396557,-0.975940,9.301466,41.026429,-8.495334,13.214040,-2.117198,-6.405772,24.035159,5.458825,34.578946,-14.141625,48.624970,-3.055970,-10.151342,-1.957897,6.295377,-30.549329,16.233971,35.002541,3.935861,-7.278633,-3.489780
124.000000,-12.326941,-120.409644,78.768927,-6.378880,-2.577104,82.659331,-11.367020,7.142342,-8.071439,17.615504,-18.725309,-2.328463,-15.831322,-1.165720,6.753679,40.002454,-9.857466,13.277648,-4.861064,-6.207016,23.727620,0.349670,35.653932,-12.068257,47.314414,-3.072936,-10.941164,3.735824,8.607077,-30.831365,15.743376,37.842974,1.471551,-7.189686,-4.570120
125.000000,-12.122998,-117.408264,78.872788,-6.226324,-2.434386,84.167221,-8.165594,6.462978,-8.991068,15.934109,-19.616932,-2.470963,-18.822072,-1.838171,4.539069,34.061296,-10.185734,13.451930,-7.317052,-5.445216,23.432298,-3.432287,36.309152,-10.358966,43.467095,-2.942244,-12.112086,8.096223,10.571850,-31.299485,15.079012,40.926415,0.811453,-6.808310,-2.707386
126.000000,-11.793485,-114.212441,78.977931,-5.857253,-1.956824,85.382687,-4.370747,5.685090,-9.774037,13.889190,-19.619421,-3.352050,-20.536654,-2.806266,2.603408,25.730533,-10.352525,13.287804,-9.321162,-4.397768,22.946941,-5.268878,36.822998,-9.535276,38.801990,-3.083429,-13.749687,10.064018,12.551776,-32.060775,15.087420,43.209092,0.753067,-6.191972,0.754221
127.000000,-11.366603,-110.912347,79.088682,-5.464287,-1.359546,86.878056,-0.906485,4.844516,-11.064150,12.497728,-18.421008,-4.943423,-21.391481,-3.600104,1.355064,18.340952,-10.258382,13.363265,-11.373809,-2.997832,22.881487,-5.824597,37.090263,-9.437930,34.180821,-3.605238,-15.148190,10.526431,13.348675,-33.243811,15.170760,44.756375,0.254898,-5.571077,5.094894
128.000000,-10.922398,-107.592070,79.235244,-5.098240,-0.552170,88.240699,1.497330,3.787772,-12.035733,13.253162,-16.155409,-7.081657,-21.336959,-4.597434,0.347777,14.400892,-8.914310,12.855933,-12.981757,-1.562071,22.967220,-5.066878,36.797569,-9.235796,30.941758,-4.768212,-15.849111,9.709834,13.471946,-34.155966,14.735146,45.565606,-0.052521,-4.998797,8.504038
129.000000,-10.491329,-104.253948,79.342115,-4.774069,1.020188,89.450972,1.678960,1.473059,-12.668289,18.133975,-12.595142,-9.563586,-19.923418,-5.919044,0.912753,13.821802,-6.156911,11.028242,-13.628131,-0.828104,22.928639,-3.346518,35.784341,-8.840132,29.938942,-6.425735,-15.630224,8.438136,13.522624,-34.195738,13.728502,45.963297,0.241423,-4.570986,9.595948
130.000000,-10.084311,-100.944209,79.236007,-4.703093,3.029343,90.128346,-1.271529,-1.737369,-12.710498,27.528017,-9.812957,-12.093552,-18.415168,-7.360142,3.146946,15.923449,-7.184780,7.427971,-12.630524,-0.335026,22.898961,-1.493258,34.477364,-9.290215,30.845565,-7.570758,-14.617173,7.105529,13.451542,-33.659182,12.596210,45.917729,1.578292,-4.373213,8.331871
131.000000,-9.691741,-97.593707,78.813064,-3.939180,4.400713,90.284289,-5.619996,-3.848803,-11.447588,38.284662,-11.734077,-12.654280,-17.128310,-8.502231,4.276199,20.853403,-13.300873,4.283969,-10.272860,0.431273,23.505386,1.059398,33.208441,-11.230253,33.190676,-6.887523,-13.510144,6.360507,13.619939,-32.693455,11.821755,45.677583,3.656371,-4.612744,5.173326
132.000000,-9.331772,-94.336569,78.227365,-2.916171,4.847076,89.809966,-10.813915,-3.633228,-8.649476,45.835689,-15.066045,-11.856702,-15.207317,-8.468863,4.961809,24.933126,-19.087288,2.268297,-7.651360,1.495438,24.695645,4.788465,31.528799,-12.991926,36.434941,-5.308988,-12.512077,5.007208,12.361543,-31.996069,11.765394,46.033265,5.087982,-5.015276,1.227964
133.000000,-9.041108,-91.204041,77.729827,-2.537952,4.883970,88.418408,-16.316782,-2.126782,-5.500304,46.965211,-16.410481,-10.886507,-13.365067,-7.720350,6.150790,27.079181,-23.245601,1.050992,-4.247920,2.419395,25.168340,9.077658,29.912892,-14.685385,40.207613,-3.478577,-11.776269,2.089466,10.365428,-31.566877,12.353136,46.324744,4.174834,-5.596371,-3.401487
134.000000,-8.825837,-88.049924,77.490264,-2.204385,4.583881,86.683798,-20.211286,-0.572850,-3.773775,41.007660,-15.655483,-10.309874,-10.604255,-6.773935,7.319576,27.066337,-25.621310,0.780653,-0.521410,2.904769,25.342988,13.570537,29.016228,-16.666473,43.702620,-2.513218,-11.178302,-1.768020,8.704536,-31.191787,13.184577,45.572579,1.854970,-6.269887,-7.385136
135.000000,-8.683161,-84.763408,77.408290,-1.861614,3.569135,84.434484,-22.420284,1.888246,-2.831832,30.643832,-13.317574,-9.908769,-6.974093,-5.145719,8.822475,25.346086,-26.423541,1.194927,3.372318,3.356172,25.728655,17.457330,28.808891,-18.175569,46.881831,-0.718071,-10.828540,-6.052425,7.174033,-30.771764,13.565361,43.753891,0.921519,-7.003026,-8.668589
136.000000,-8.622909,-81.175625,77.365941,-1.403102,2.278512,82.118207,-23.709269,4.581541,-2.076022,20.396996,-9.936812,-10.050693,-2.363439,-3.547364,10.815837,22.599218,-26.054670,2.065110,6.831285,3.526991,25.958335,21.505711,28.569476,-18.266625,48.724705,0.476024,-10.543599,-9.071587,6.701796,-30.323192,13.515871,41.293319,2.177606,-7.877539,-7.595330
137.000000,-8.578217,-77.467203,77.444077,-0.942617,1.055001,79.437118,-24.169605,7.233514,-0.738802,12.722519,-6.344805,-11.164128,2.337276,-2.389759,13.262842,19.532651,-24.320909,3.364375,10.302872,3.225587,26.301153,24.618780,28.309343,-16.588077,49.603819,0.069971,-10.453330,-10.998718,6.636175,-29.862526,13.121242,38.896613,4.811240,-8.299276,-5.903809
138.000000,-8.516893,-73.799407,77.618599,-0.835288,0.122030,76.954605,-23.782019,9.261814,0.887559,8.477840,-4.695722,-11.810376,6.055545,-1.823196,15.325867,17.371449,-21.206766,5.419143,12.969817,2.191276,26.170227,26.811201,28.328614,-14.589719,49.765253,-1.165212,-10.326139,-11.913926,6.832613,-29.554444,12.827475,36.965445,7.144275,-8.176813,-4.223452
139.000000,-8.435440,-70.221126,77.739054,-1.238858,-0.845532,74.665178,-22.332726,10.862532,1.795824,7.407007,-2.499150,-11.086620,7.848185,-0.944710,17.526866,17.852591,-17.128499,7.921372,14.297312,0.744014,25.238201,28.121789,28.505472,-13.321539,49.837203,-2.072312,-10.007485,-12.215317,7.018938,-29.522185,12.960437,35.694603,8.193521,-7.751939,-2.630369
140.000000,-8.349905,-66.772550,77.835965,-1.751559,-1.817803,72.742188,-20.742762,12.190174,1.550994,9.238493,0.257262,-9.174734,7.479359,0.403272,19.798022,22.023638,-12.365543,10.348998,13.849031,-1.044680,24.101350,28.323370,28.810257,-13.198408,50.165721,-2.369454,-9.587859,-11.822007,7.020423,-29.691625,13.610181,35.155349,8.150124,-7.433729,-1.660926
141.000000,-8.234964,-63.598371,78.042990,-2.207881,-2.575711,71.686017,-20.397720,13.025627,0.948675,13.505278,-0.729143,-7.101021,4.200292,1.500571,19.579400,30.308541,-9.995976,11.213743,11.756890,-3.335251,24.030462,25.861593,29.801673,-13.618161,50.632991,-2.543241,-9.162051,-10.793675,6.164026,-29.459224,14.649911,35.061321,7.988078,-7.209531,-1.866918
142.000000,-8.090959,-60.640442,78.173500,-1.837716,-3.457251,71.513116,-19.227502,13.294257,0.457511,17.659521,-4.551698,-5.638237,-0.193830,1.981491,16.763222,39.438977,-11.748265,10.685221,8.939183,-5.168536,24.851461,21.959857,31.847809,-13.843163,50.571974,-2.343512,-9.196483,-8.818039,6.266308,-29.265718,15.799500,35.067226,7.438901,-7.361223,-2.617130
143.000000,-7.966297,-58.018816,78.222680,-1.627251,-3.998376,72.320526,-18.162248,12.895439,-0.374444,20.398816,-8.387878,-4.327580,-5.661870,3.247772,14.515679,45.835972,-13.775298,11.317810,5.592148,-6.655860,25.378493,16.578703,34.139683,-12.273408,50.647509,-2.681609,-9.519442,-4.874781,6.841290,-29.547228,16.337847,35.634699,5.911819,-7.548436,-2.455695
144.000000,-7.804738,-55.608994,78.324896,-1.678980,-4.071179,73.648650,-17.313759,11.927526,-1.502357,22.010624,-11.025499,-3.591048,-11.493917,4.125883,12.146478,47.266016,-14.583453,12.098269,2.185237,-7.641381,25.428864,10.409566,36.160452,-9.201678,49.843200,-4.271595,-9.886256,0.931660,7.962267,-30.094182,15.985018,36.885945,4.659194,-7.505821,-2.014402
145.000000,-7.538806,-53.331745,78.546995,-1.441789,-3.756592,75.726573,-15.785151,10.360174,-2.771487,22.067716,-12.351180,-3.704023,-16.124127,3.165229,8.528207,43.105607,-13.989879,11.973649,-1.247695,-8.309093,25.787659,4.385274,38.255220,-6.115208,46.542699,-6.052845,-10.630798,6.718244,9.400727,-30.621934,15.564650,38.711094,3.444906,-7.225114,-1.973181
146.000000,-7.136949,-51.125300,78.827232,-0.695013,-3.014352,78.622202,-13.361793,8.157414,-4.444484,20.792194,-12.584667,-4.435507,-18.643942,0.951594,4.624263,34.341406,-12.141621,11.370936,-4.760274,-9.016443,26.804760,-0.881783,40.665451,-4.302081,41.121956,-6.632536,-11.803362,10.668183,10.579008,-31.150253,15.573644,40.867819,1.727400,-6.818420,-1.457762
147.000000,-6.638096,-48.854455,78.994942,0.248573,-1.880132,81.507485,-10.539832,5.799047,-6.010986,19.354693,-12.536214,-5.416294,-19.828068,-0.994277,2.424723,24.048002,-10.075233,11.426364,-7.780135,-9.536670,27.420332,-4.543931,42.868873,-4.211968,35.288767,-7.003994,-13.555513,11.999083,12.446482,-31.942216,16.051136,42.447563,0.134174,-6.379989,-0.224619
148.000000,-6.145646,-46.553871,79.053575,1.047393,-0.396933,84.991135,-8.160120,3.104872,-8.021558,18.326647,-12.318108,-5.986785,-20.474551,-3.403745,0.905968,15.596769,-6.867308,12.640612,-10.760899,-9.858207,28.126075,-7.517325,44.753797,-5.115985,29.295996,-7.845761,-15.018227,12.144213,13.875658,-32.493652,16.339011,43.543060,-1.332945,-6.004034,1.785300
149.000000,-5.702539,-44.197500,79.030657,1.430800,1.188562,88.019107,-6.259274,0.635348,-9.711566,17.949006,-12.431229,-6.096448,-20.754785,-6.175168,-0.882377,11.039965,-3.163271,13.653213,-12.651888,-9.641504,28.209672,-9.429599,45.881997,-6.323475,24.488749,-8.818645,-15.986640,11.453851,15.440232,-32.825414,16.466772,44.161698,-2.170415,-5.678243,4.493607
150.000000,-5.302652,-41.842592,78.818941,1.660213,2.861675,90.343088,-4.814273,-1.715993,-11.064635,18.792132,-13.042883,-6.080189,-19.983469,-8.741280,-2.361605,9.593374,-0.375815,13.795102,-13.071999,-8.978936,28.050853,-10.462171,45.693166,-7.318719,21.726103,-10.443564,-16.250161,9.717163,17.125205,-32.910348,16.222101,44.421191,-2.112887,-5.330769,7.768062
151.000000,-4.912478,-39.534768,78.497595,1.942844,4.533589,92.495859,-4.125248,-4.113953,-12.384413,21.569252,-13.306516,-6.627641,-18.524247,-10.751095,-1.994918,10.361958,3.513996,12.017987,-12.727995,-7.928889,27.754016,-10.396815,44.650862,-8.419002,20.946689,-12.124812,-15.847055,7.256531,18.811009,-32.850833,15.812190,44.702786,-1.271148,-4.963377,10.605495
152.000000,-4.484027,-37.569499,78.373122,1.681621,5.391946,93.807504,-5.933568,-5.582147,-12.724219,27.348930,-11.990592,-8.848875,-18.969892,-11.780620,-1.598320,14.018897,3.123973,8.817802,-11.526931,-5.837870,27.592631,-9.903563,43.450300,-9.851173,21.944368,-12.635858,-14.915552,5.125275,18.962014,-32.977608,15.629179,45.681077,-0.394967,-4.554748,11.860297
153.000000,-4.048717,-35.826907,78.391802,1.534407,5.834564,94.296469,-8.669872,-5.971365,-11.556149,33.514540,-9.993549,-11.390246,-19.424860,-12.151910,-1.485667,17.799857,-0.410862,7.027353,-10.043564,-3.958110,27.622861,-7.975150,41.975525,-11.339168,24.174094,-11.627806,-14.068240,4.136183,17.206035,-33.309449,16.631350,47.304476,-1.317604,-4.350451,10.893212
154.000000,-3.676045,-34.300879,78.472579,1.359759,6.336857,94.100806,-11.571254,-5.448141,-8.821054,37.084253,-9.726416,-11.774806,-19.175778,-12.319719,-1.200009,19.464572,-2.995787,5.952602,-8.402418,-2.766931,27.619190,-5.349458,39.980478,-12.738492,27.719257,-10.322468,-13.299138,3.270591,13.934756,-33.875648,17.628896,48.352221,-3.650715,-4.598866,7.294854
155.000000,-3.405888,-32.968283,78.694659,1.203897,6.466534,93.569478,-13.898970,-4.514700,-6.272120,36.506463,-10.400561,-11.120588,-18.317852,-12.027315,-1.088178,19.447577,-4.281632,5.745570,-6.851403,-1.677271,27.611591,-2.515936,37.527983,-14.188006,32.500301,-9.529346,-12.581474,2.431187,10.364769,-34.274589,17.641178,47.799122,-5.815502,-5.419226,0.255646
156.000000,-3.221507,-31.797299,79.009748,1.102024,6.019425,92.670544,-15.192590,-3.153498,-4.353630,31.964835,-10.684217,-9.984748,-17.069488,-11.013270,-0.999882,18.267858,-4.369888,6.020347,-5.341750,-0.482511,27.695099,0.384584,35.155383,-15.696514,37.546827,-8.842126,-11.865595,0.250808,7.301015,-34.479447,17.020145,45.322676,-6.230213,-6.605043,-6.512835
157.000000,-3.075441,-30.660591,79.268390,1.195450,5.284831,91.535293,-15.169766,-1.554223,-2.772395,25.077314,-10.860713,-8.678358,-15.550278,-9.683525,-0.924628,16.870856,-4.285582,6.305368,-3.995913,0.279294,27.845124,3.963604,33.688337,-17.171420,41.047692,-7.603817,-11.023019,-3.028185,5.082135,-34.317671,16.498950,41.209260,-3.921878,-7.837459,-8.896064
158.000000,-3.000378,-29.581097,79.372579,1.175842,4.272582,89.777551,-14.506103,0.285740,-1.352946,18.342569,-11.195939,-7.902798,-14.593520,-7.965706,-0.478446,15.931536,-4.448095,6.264133,-2.580688,0.921700,28.055233,7.129893,32.591634,-18.210982,43.649181,-5.466362,-10.718137,-5.956668,3.094200,-34.052000,16.311805,35.697775,0.856111,-8.536136,-8.144457
159.000000,-3.001426,-28.600049,79.302591,1.104067,3.194614,88.004144,-13.515764,1.906978,-0.664346,13.577824,-11.359658,-7.327327,-14.180604,-6.246452,0.182085,15.911476,-5.240189,5.991489,-1.452798,1.399024,28.198834,9.989059,31.592214,-18.716441,45.222536,-3.743506,-10.891877,-7.289648,1.386896,-34.050272,16.287592,29.600698,5.444941,-8.727611,-6.126102
160.000000,-3.035551,-27.750582,79.088843,0.916338,2.190907,86.555245,-12.631003,2.987948,-1.221138,11.868357,-10.861429,-6.601649,-14.371263,-4.658134,0.908955,16.890667,-6.876205,5.404548,-0.910852,1.761088,28.269953,12.444676,30.657010,-18.961643,45.948305,-3.093586,-11.016598,-7.631853,-0.071745,-34.447048,16.667849,24.188094,8.128005,-8.838048,-4.787972
161.000000,-3.041873,-27.041632,78.850883,0.497080,1.647394,85.510278,-12.893363,3.627151,-1.718657,12.905140,-10.600699,-5.883134,-15.104811,-3.634809,1.536782,18.343180,-8.925420,4.574051,-0.828621,1.673714,28.373881,14.213961,30.037874,-19.245672,45.997533,-3.099240,-11.051983,-7.209849,-0.896530,-34.879833,17.584225,20.498685,8.779765,-8.999229,-5.292308
162.000000,-2.990261,-26.497212,78.644460,-0.358157,1.538968,85.006613,-14.201157,4.374925,-0.965661,14.365141,-10.407112,-5.572929,-16.353522,-3.121369,1.997617,19.744935,-10.714680,3.548380,-0.922940,1.180097,28.556153,15.052502,30.052781,-19.415299,45.328407,-3.088675,-11.028548,-6.153572,-0.521066,-35.106564,18.803793,18.758795,7.971158,-8.948307,-6.946970
163.000000,-2.932055,-26.066095,78.555721,-1.707106,1.554769,85.122635,-15.709100,4.684277,-0.680441,14.984298,-10.602963,-5.487543,-17.826621,-2.944912,2.006078,20.504715,-12.044917,2.800084,-1.289386,0.744147,28.738397,15.335084,30.530775,-19.071729,43.856457,-3.598895,-11.201054,-4.093247,1.213169,-35.230997,19.735565,18.762781,6.575797,-8.766497,-8.049691
164.000000,-2.949926,-25.607499,78.669947,-3.289059,1.501728,85.665669,-17.053644,4.650689,-0.969963,14.682193,-11.063643,-5.714170,-18.877055,-2.990558,1.587735,20.145189,-13.110055,2.628863,-1.977693,0.684651,28.941878,16.060700,31.000576,-18.082711,41.600046,-4.177410,-11.909221,-0.737956,4.331123,-35.395143,19.780349,19.957273,5.657558,-8.595994,-8.420794
165.000000,-3.023646,-25.102308,78.914505,-4.983327,1.325013,86.246392,-18.210072,4.627038,-1.356886,13.819033,-11.485616,-6.305905,-19.531481,-3.020196,1.013734,18.905132,-14.080651,2.776997,-2.726519,1.073141,29.183653,18.154508,31.030956,-16.427640,38.949266,-4.252547,-12.889494,2.947183,8.720684,-35.775322,18.931954,21.665334,5.280564,-8.561722,-8.586124
166.000000,-3.086684,-24.633417,79.168910,-6.851016,1.217158,86.516970,-19.422591,4.781705,-1.262006,12.727106,-11.881138,-6.621517,-20.365628,-3.118470,0.368783,17.495984,-15.005294,2.873226,-3.188313,1.508381,29.498921,21.549962,29.991822,-14.539864,36.822810,-5.875909,-13.178923,5.090727,13.675442,-36.200908,17.720666,23.438665,5.118577,-8.540299,-8.922951
167.000000,-3.116052,-24.248318,79.349583,-8.935303,1.311330,86.383725,-20.913413,4.963764,-0.726891,11.791910,-12.654432,-6.572256,-21.768399,-3.448377,-0.446539,16.424645,-15.865322,2.905580,-3.375681,1.651780,29.793770,25.197568,28.627143,-14.008368,35.913493,-7.581377,-12.959513,5.619204,18.074832,-36.406834,16.774938,25.051650,5.260335,-8.341420,-9.408908
168.000000,-3.132414,-23.940767,79.399854,-11.244188,1.538821,86.118052,-22.910247,5.115778,-0.005606,11.314248,-13.506483,-6.472636,-23.815251,-3.785132,-1.094335,15.855094,-16.617618,3.049823,-3.431365,1.557351,29.793804,28.069156,27.629976,-15.065179,36.597912,-6.591087,-12.749215,4.736869,21.283037,-36.167416,16.311014,26.536485,5.440144,-8.165908,-9.734150
169.000000,-3.174322,-23.673195,79.297584,-13.639497,1.777900,85.953448,-25.401588,5.190759,0.559781,11.521531,-14.246742,-6.522973,-26.318578,-3.862597,-1.145693,15.828702,-17.084475,3.176465,-3.371750,1.432584,29.793804,29.624839,26.182606,-16.298985,38.667682,-5.005506,-12.350390,2.945255,23.052293,-35.182352,16.008980,28.083991,5.698285,-8.014070,-9.203121
170.000000,-3.234074,-23.411193,79.020870,-16.139722,1.977291,85.838975,-28.519025,5.173641,0.771034,12.729003,-15.015046,-6.629996,-29.342472,-3.838076,-1.030324,16.538343,-17.447174,2.951894,-3.280820,1.352699,29.793804,29.863858,24.466386,-17.296471,41.333170,-3.970817,-11.950989,1.699687,23.258432,-33.814607,16.066680,29.611858,6.353740,-7.817386,-8.388709
171.000000,-3.279532,-23.191275,78.478551,-19.208238,2.097096,85.701070,-33.079969,5.185501,0.488809,15.444943,-15.789610,-6.827586,-33.669465,-3.788337,-1.174701,18.530438,-18.098277,2.271205,-3.183885,1.385416,29.793804,27.950193,23.093179,-18.281739,44.387125,-2.614743,-11.852377,1.515633,21.218449,-32.492887,16.695446,31.107414,7.579522,-7.712878,-8.162184
172.000000,-3.314976,-22.884038,77.676755,-22.085924,2.086650,85.531736,-37.804581,5.395797,0.062696,18.992470,-16.298571,-7.173173,-38.022495,-3.719164,-1.625008,21.355582,-19.027167,1.492756,-3.030527,1.501687,29.793804,25.069144,22.668279,-19.250302,46.567830,-1.149961,-11.727300,1.879585,18.063861,-31.677840,17.858428,31.960613,8.255419,-7.712417,-8.398505
173.000000,-3.360179,-22.434822,76.645178,-25.030070,2.187421,85.119066,-42.982572,6.048566,0.179236,23.512341,-16.835513,-6.983290,-42.845743,-3.779660,-2.153922,25.109529,-19.591638,0.661238,-2.539321,1.469618,29.793804,20.241877,22.755603,-19.621989,48.715768,-0.478976,-11.442822,2.871718,12.885029,-31.283837,19.617357,33.111258,7.784163,-7.732070,-8.898607
174.000000,-3.379341,-21.666385,75.549406,-27.197723,2.596967,84.534740,-47.259342,6.566683,0.544473,28.713217,-18.136058,-6.052040,-46.825106,-4.098616,-2.407270,29.172325,-19.437429,-0.183027,-1.866419,0.919897,29.793804,14.103136,23.552751,-19.330634,51.007661,-0.185890,-11.228247,5.032868,6.332770,-31.158828,22.256930,34.930014,6.293208,-7.795438,-9.930609
175.000000,-3.372149,-20.595248,74.424469,-28.591349,3.059669,83.971653,-50.844382,6.848369,0.714999,34.889272,-19.978238,-4.996643,-50.074675,-4.370580,-2.265019,33.994121,-20.433621,-1.402404,-1.100981,0.110264,29.793804,6.339745,25.388614,-18.359373,53.516496,0.383169,-11.014068,8.296055,-1.731254,-31.144184,25.468442,37.824604,4.009745,-7.715996,-11.002295
176.000000,-3.345141,-19.290902,73.210436,-29.229505,3.356421,83.601889,-53.900810,6.988901,0.682505,42.139655,-22.194372,-3.971958,-52.682301,-4.483529,-1.898638,39.956450,-23.800417,-2.637711,-0.223996,-0.536254,29.793804,-2.450992,28.284290,-16.815369,54.708381,0.188219,-10.579420,11.756957,-10.279710,-31.588484,28.256435,40.446789,1.317561,-7.409868,-11.471531
177.000000,-3.296483,-17.787713,71.920341,-29.136722,3.454514,83.457502,-56.062609,6.991804,0.570078,49.583369,-24.800960,-3.182591,-54.466842,-4.715295,-1.672656,46.738517,-27.926002,-3.778780,0.640220,-0.850362,29.793804,-11.204727,31.797806,-15.173224,52.779737,-1.719895,-10.435809,14.630334,-18.108700,-32.969924,29.975603,40.971976,-0.372132,-7.208198,-11.421513
178.000000,-3.225255,-16.111101,70.732510,-28.431052,3.481983,83.687220,-56.942307,6.563424,0.276395,56.145261,-27.412003,-2.683986,-55.351645,-5.208353,-1.310365,53.750303,-31.172041,-4.174326,1.108174,-1.069345,29.793804,-19.644966,35.765739,-14.780128,48.171405,-3.709441,-10.832400,17.610417,-24.807795,-35.408210,30.588811,38.803182,-0.928261,-7.182427,-11.980343
179.000000,-3.128301,-14.197066,69.897932,-27.202924,3.465730,84.300389,-56.101101,5.610111,-0.307869,60.861753,-29.673829,-2.249645,-55.192508,-5.826674,-0.603002,60.264439,-32.509832,-3.156810,1.071928,-1.300350,29.793804,-27.569106,40.414649,-16.022567,41.904560,-4.011012,-11.272892,20.013737,-30.048464,-38.744815,29.973903,34.260260,-0.328786,-7.358746,-13.448704
180.000000,-2.958952,-11.891609,69.682133,-25.442183,3.124809,85.046565,-52.932064,4.612987,-1.308110,62.914607,-31.594450,-2.001363,-52.762429,-6.342694,-0.365749,64.254554,-32.524429,-1.437241,0.771965,-1.238626,29.793804,-33.906063,45.614991,-17.306678,33.821796,-4.165083,-11.727848,20.796741,-33.290929,-42.833616,28.108293,28.241113,1.166421,-7.684755,-14.397576
181.000000,-2.667777,-9.037420,70.333463,-23.359141,2.655684,85.424349,-47.025805,4.203321,-2.076630,61.363444,-32.853022,-1.759103,-46.682803,-6.743161,-1.187375,62.870949,-33.019464,-0.225319,0.794164,-1.099342,29.393169,-37.794510,50.992983,-17.400626,24.727559,-4.783980,-12.905678,21.164203,-34.427169,-47.100301,25.576217,22.742787,2.903729,-8.546777,-15.289332
182.000000,-2.263522,-5.503759,72.163016,-21.269753,2.497607,85.144151,-38.251098,4.043390,-2.452507,54.928279,-31.678964,-1.662538,-37.082029,-6.880084,-2.391532,54.845654,-32.265363,1.062807,1.774966,-1.377892,27.927918,-38.905669,56.149223,-16.311614,15.988281,-4.432655,-14.155974,21.818068,-32.940305,-50.959802,23.269790,18.849406,4.089607,-9.364644,-17.448079
183.000000,-1.776437,-1.227658,75.299072,-19.741044,2.653340,84.458115,-27.372483,3.521131,-3.271117,42.793864,-25.134218,-2.944869,-26.027389,-6.393004,-2.564059,41.618371,-24.954615,4.619647,3.255375,-1.968128,24.631947,-36.642473,59.078070,-14.158030,9.983780,-3.565959,-15.405912,21.787270,-29.203877,-52.885004,21.834831,17.399996,4.439748,-9.724063,-19.223550
184.000000,-1.285344,3.604063,79.301381,-18.416447,2.721191,84.166080,-15.871341,2.756771,-5.356762,27.459386,-10.820986,-6.979014,-15.314426,-5.224954,0.145020,27.182917,-7.647379,11.752847,4.034454,-2.389770,20.281523,-32.489581,57.786809,-11.198639,8.248073,-4.337935,-16.430666,19.823482,-25.097651,-51.570981,20.231727,18.692836,5.463380,-9.445479,-17.838719
185.000000,0.325160,8.596350,83.730823,-17.023532,1.311583,83.780656,-6.782900,4.140714,-8.097348,15.585821,9.502721,-14.996309,-7.779282,-0.867217,1.528332,18.150155,16.119217,15.000014,4.542833,-1.639837,16.035346,-28.870004,51.869157,-8.018854,10.133303,-6.357258,-15.965963,13.829525,-21.911049,-47.520799,16.949232,21.683542,5.278981,-8.354890,-18.570516
186.000000,-0.310017,13.717841,88.903093,-15.914727,0.415964,84.486457,-2.297630,3.838631,-7.745067,10.705183,23.627416,-15.000035,-4.384117,-3.173274,3.713126,18.008704,26.353988,15.000035,3.243470,-0.091798,12.988344,-26.125680,46.368259,-5.160792,12.063104,-8.925326,-15.201482,10.065986,-19.955151,-43.917502,14.390104,24.634493,3.071475,-7.824142,-18.621298
187.000000,-0.408252,17.787713,94.509083,-15.082497,-0.508190,86.371079,-2.672945,5.645613,-11.000738,15.478098,26.372561,-15.000035,-6.096272,-4.347035,10.030467,29.736188,24.817455,14.958913,0.922914,1.636202,12.874096,-23.953473,44.278006,-4.019094,12.689340,-7.649842,-14.265203,8.687763,-19.307478,-41.988974,12.703240,26.172894,0.234709,-8.153550,-22.276329
188.000000,0.623589,21.049660,99.421620,-13.057755,-0.112971,87.919835,-6.751499,4.605562,-16.209927,31.613145,20.461488,-15.000035,-10.902909,-3.495122,14.892148,46.533017,19.199991,13.321808,-0.405748,1.013235,17.058444,-23.681077,43.887794,-4.573811,13.434749,-7.178279,-13.501944,9.293933,-20.063491,-40.302918,11.986901,27.874591,-2.436298,-7.849998,-27.792216
189.000000,1.185971,23.872486,102.529347,-10.234221,1.961295,88.293151,-13.746557,-0.204832,-18.415751,55.089359,7.231069,-14.860461,-16.126256,-8.471278,16.789689,54.817913,12.232311,10.106841,0.047314,-1.302563,23.412225,-24.779931,42.621921,-5.720999,15.284210,-11.453919,-13.753694,10.631337,-21.513957,-39.023770,11.988707,31.011955,-2.846355,-6.811263,-31.140680
190.000000,1.745608,26.603168,104.123366,-8.802082,4.009214,88.487758,-22.581410,-2.510674,-18.223713,73.158095,-3.332118,-14.503876,-21.826556,-14.696115,17.714553,50.949147,6.610983,5.708430,0.789837,-3.658319,27.851413,-24.573308,41.329495,-7.204968,17.927933,-14.306011,-14.303231,12.494914,-22.282690,-38.271247,13.390572,35.003350,-1.613752,-5.738074,-30.092792
191.000000,2.532085,29.541975,104.572797,-9.582930,6.037499,89.529378,-32.987956,-2.991575,-18.163683,80.572217,-7.561846,-13.793290,-26.309421,-18.541710,18.663126,38.159942,6.128218,4.586898,0.507102,-6.041270,29.042405,-22.270206,40.569626,-8.522332,21.207853,-13.494609,-14.326564,14.028429,-21.831685,-37.982644,16.006989,38.716268,-0.759657,-5.032736,-26.631478
192.000000,3.537472,32.946694,103.847837,-9.754734,7.979997,91.212278,-39.723547,-4.766536,-19.630416,76.607982,-7.374638,-14.835832,-26.756375,-19.506172,20.994523,23.902930,10.438408,8.948262,-0.317349,-8.526924,29.793801,-18.638666,39.398700,-9.397943,24.732388,-12.676683,-13.719206,14.592689,-19.704952,-37.763102,19.067117,41.179415,-1.633317,-4.510311,-23.906651
193.000000,4.397091,36.987633,102.226174,-9.458527,9.568221,93.203304,-42.413713,-6.302779,-19.052937,64.229125,-3.740428,-14.965964,-25.865909,-19.017601,21.509464,14.250017,13.858923,14.996749,-1.464559,-10.953605,29.793804,-14.734441,37.990844,-9.931541,29.794706,-12.361646,-13.016573,14.631571,-16.924966,-37.511932,22.543659,43.174927,-4.100032,-4.291158,-23.040345
194.000000,5.771913,41.402811,99.810839,-8.680415,8.872455,93.771162,-41.923602,-4.078232,-16.978018,48.586397,2.373528,-15.000035,-25.232291,-14.250636,16.780515,10.136020,15.224452,15.000035,-1.367518,-11.524519,29.793804,-10.778483,36.896457,-9.285984,35.282722,-12.203986,-12.287553,13.785291,-13.451584,-37.103913,24.813063,44.010013,-6.263215,-4.416104,-22.896590
195.000000,6.280760,45.472339,96.075439,-7.679006,7.875115,93.882764,-40.894371,-2.075662,-12.488164,35.408233,8.082877,-15.000035,-24.997263,-11.495448,12.192526,8.026461,17.358579,15.000035,-0.597612,-11.071836,29.793804,-6.589112,35.916191,-7.629690,38.602518,-13.003720,-11.979865,12.103284,-8.766386,-36.896262,24.381446,43.477439,-6.448023,-4.756352,-22.261941
196.000000,6.463845,49.904436,91.359860,-5.472240,6.947097,94.489837,-37.287352,-1.264511,-7.455933,25.687665,10.805516,-15.000035,-21.636772,-10.874051,7.501669,6.388663,20.650385,15.000035,0.220778,-10.101175,29.793804,-0.920889,36.095702,-5.872875,39.343081,-12.386406,-12.182449,9.917358,-1.844666,-36.503564,21.869677,41.827635,-4.707255,-5.280563,-21.342144
197.000000,6.637090,53.931922,85.755801,-4.108090,5.885732,96.073332,-36.152847,-1.382447,-2.886596,24.110373,12.228769,-15.000035,-19.009784,-10.249638,6.601750,7.194092,21.839588,15.000035,-0.282069,-8.943374,29.793804,1.594328,36.319558,-4.754622,39.923197,-12.099178,-11.991527,9.580940,1.343978,-35.972595,20.656978,41.839201,-3.869709,-5.364310,-20.793065
198.000000,5.891465,57.370019,79.986519,-3.583882,3.816875,96.639963,-35.420364,-1.469038,-2.131026,25.675335,13.210653,-15.000035,-19.439038,-9.336077,11.560574,14.109102,4.143946,11.635066,0.202441,-5.620124,29.793804,3.470778,35.352636,-1.767539,39.625356,-12.429811,-11.382832,8.280987,7.048239,-38.175717,16.573101,38.436606,-2.919544,-5.939776,-17.714524
199.000000,7.009939,60.801977,75.536233,-2.533328,-1.236612,95.012038,-33.852450,4.266671,-5.924623,29.797786,1.974727,-11.535734,-24.581070,-1.309007,9.169587,32.409381,-15.824032,-0.704913,1.530177,-1.030114,29.793804,3.342367,34.128457,-0.421387,41.260053,-11.733742,-10.631913,9.628863,7.370677,-38.314653,16.797218,39.999616,-3.472170,-6.375354,-18.170065
200.000000,7.295666,63.202709,72.237611,-3.522545,-2.872116,93.689229,-38.565984,7.015698,-4.430994,41.611538,-13.334841,-2.496504,-32.420019,1.423469,6.564771,49.711445,-23.821191,-3.494633,0.777778,-0.791555,29.793804,0.173076,31.527258,-0.648067,46.516392,-9.468406,-9.209424,11.111160,1.348422,-36.777410,19.933911,46.511153,-5.152086,-4.993299,-19.031386
201.000000,7.503429,65.193635,70.244187,-5.091978,-1.937087,93.392697,-43.422774,5.762158,-5.513782,51.293826,-18.883629,-0.666099,-36.049643,0.804911,6.566002,57.829197,-30.247940,-4.484852,-0.152835,-3.218200,29.793804,-4.467040,29.637349,-3.398060,51.168844,-10.221685,-7.637725,9.286674,-3.837318,-33.842850,21.202202,51.053526,-5.410531,-3.002365,-21.017334
202.000000,7.492921,67.032051,69.611913,-6.809441,-1.471616,93.328224,-44.838126,5.036564,-6.052507,53.889899,-22.381796,-0.447254,-36.278130,-0.296544,5.994815,58.663839,-35.241092,-5.559607,0.504641,-4.368288,29.793804,-9.005295,29.431883,-7.969057,49.655923,-9.130753,-7.927264,8.441540,-5.406207,-31.334995,20.876139,49.133434,-3.910190,-3.314654,-23.920605
203.000000,7.443143,68.716812,70.335281,-8.426800,-2.140819,92.807817,-43.623783,6.272558,-5.824358,51.419013,-24.489515,0.126962,-35.400611,0.360522,5.584526,56.094981,-34.093804,-4.175286,1.619317,-4.321556,29.793804,-11.851636,30.346435,-10.516472,43.174100,-3.469470,-10.246088,11.331327,-5.846691,-30.111610,21.583473,42.855974,-2.941176,-5.490582,-20.718458
204.000000,7.397725,70.319569,72.129935,-10.044465,-2.601511,92.753501,-41.171930,6.658711,-6.109141,45.974464,-22.526196,-0.013490,-34.111129,1.405973,6.754194,51.933825,-28.089148,-0.224820,1.497580,-4.609711,29.793804,-13.821470,31.437821,-11.262510,36.066250,-2.685133,-11.886129,15.969551,-7.575995,-29.400249,23.538466,37.190930,-2.594277,-7.508751,-14.737571
205.000000,7.160225,72.070444,74.457830,-10.651860,-2.612690,93.517453,-36.254634,6.100829,-6.248800,37.858960,-18.782826,-0.624566,-30.710422,1.779772,8.989734,46.305455,-20.818242,4.013438,0.960518,-4.596025,29.793804,-15.472931,31.348495,-11.618951,31.240735,-5.719664,-12.759989,15.137502,-7.918850,-28.155764,23.637615,33.791780,-0.730096,-8.221033,-13.378611
206.000000,6.723759,73.971957,76.674110,-10.735452,-3.007354,95.081314,-30.588825,5.521576,-6.874013,29.013148,-14.797827,-1.682949,-26.417488,1.967658,11.264123,40.259809,-13.301338,8.673436,0.091844,-3.526562,29.648598,-17.306263,31.423539,-12.695591,28.141952,-8.753378,-12.905650,12.658426,-7.040952,-27.184720,22.384996,32.421897,1.205701,-8.002467,-13.807135
207.000000,6.210458,76.017487,78.369766,-10.535802,-3.804734,96.980069,-25.392531,5.416458,-8.009041,21.548557,-11.510572,-3.532057,-22.114722,2.328618,13.824657,34.672830,-7.798156,12.708818,-1.082070,-1.696591,29.115963,-19.154658,32.099318,-14.075629,25.826596,-10.207687,-13.135945,10.229589,-5.563631,-27.280949,21.159974,32.341612,1.164299,-7.602004,-13.364220
208.000000,5.730511,78.109002,79.400408,-10.150529,-4.649432,98.299901,-20.880599,6.022493,-8.743121,15.983254,-9.870180,-5.291668,-18.855364,2.245625,15.780918,30.339212,-6.906150,14.056269,-2.384901,0.058646,28.698611,-20.697017,33.566090,-14.812247,23.553257,-10.297378,-13.624863,8.972972,-4.354987,-28.129019,20.313789,32.886999,0.704279,-7.354136,-11.520701
209.000000,5.314788,80.144989,79.836172,-9.723190,-5.388021,98.854199,-17.045150,7.111388,-8.217398,12.074989,-10.094523,-6.090183,-17.513992,1.286558,15.205010,27.676963,-8.818964,13.399788,-3.875155,1.539115,28.382178,-21.556147,35.027515,-14.626311,21.784832,-10.679241,-14.090504,9.231769,-3.769473,-29.254708,19.990002,34.169401,0.941723,-6.959960,-9.146192
210.000000,4.938313,82.096827,79.930747,-9.324564,-5.925715,98.846111,-13.802025,8.122954,-7.416931,9.598786,-11.403923,-6.168909,-17.702850,0.358004,13.052242,25.861077,-10.723480,12.885251,-5.532660,2.927119,28.100629,-21.606733,35.913838,-13.852838,21.513286,-11.425503,-14.162948,10.097353,-3.970356,-30.592786,20.041633,36.325401,1.076987,-6.296415,-7.301897
211.000000,4.557243,84.143114,79.955131,-9.166264,-6.130808,97.973796,-10.687498,8.904504,-6.434886,7.742535,-12.771503,-6.074615,-18.861943,-0.250440,10.404618,23.740693,-11.877766,13.282737,-6.860605,4.362495,27.409039,-20.528202,36.190932,-12.913537,23.474390,-11.155851,-13.614795,10.369656,-4.689422,-31.969995,19.943606,38.871809,0.104001,-5.802941,-6.906019
212.000000,4.191016,86.443394,80.001533,-9.369322,-5.895427,96.461045,-7.533518,9.179227,-5.165610,6.051710,-13.500722,-5.981870,-20.398493,-1.122303,7.009104,20.738360,-12.206401,13.848666,-7.967916,5.847211,26.136789,-18.068246,35.631888,-12.177372,27.026417,-10.616121,-12.715540,9.825827,-5.563674,-33.182930,19.321410,40.799619,-1.684826,-5.709167,-7.554423
213.000000,3.886631,88.975096,80.012345,-9.570080,-5.270917,94.865765,-4.378559,8.855089,-4.323936,4.925918,-13.730300,-6.004544,-21.553121,-2.234254,3.253569,17.281890,-12.197695,13.828217,-9.363947,7.358658,24.887422,-14.376110,34.354182,-11.882002,30.833690,-10.539989,-12.083432,8.880014,-6.493803,-34.090939,18.140678,41.466249,-2.480900,-5.966673,-8.990067
214.000000,3.689483,91.617680,79.912221,-9.590091,-4.354711,93.567647,-1.631810,8.005029,-4.553280,5.088353,-13.825824,-6.346959,-22.034298,-2.680589,1.295807,14.342487,-12.281563,13.631025,-10.978207,8.813865,24.051637,-10.084557,32.740102,-12.512617,34.083546,-10.459449,-11.756330,7.516800,-7.264523,-34.760643,16.852464,40.928993,-1.549113,-6.316207,-10.386786
215.000000,3.649050,94.262987,79.683274,-9.381530,-2.934554,92.828900,-0.150788,6.301617,-6.019862,8.013077,-13.793335,-7.238342,-21.673087,-2.247779,2.752288,12.851431,-12.259273,13.715398,-12.320795,9.722376,23.860298,-6.062411,31.230890,-14.140746,36.523163,-10.107135,-11.446509,5.327650,-7.649047,-35.111035,15.429565,39.527568,0.568369,-6.558728,-11.210607
216.000000,3.761987,96.873373,79.324108,-9.150072,-0.569567,92.402486,-1.276730,3.134222,-7.646797,15.596897,-12.509590,-9.210983,-20.396331,-2.105056,6.845059,12.773255,-11.807107,12.508609,-12.733238,9.591364,24.074776,-2.953272,29.736089,-16.071679,38.615875,-9.774530,-11.270699,2.619540,-7.571488,-35.336421,13.865125,37.599932,3.075380,-6.539480,-11.753995
217.000000,3.911049,99.524260,78.856516,-8.430859,1.958411,91.573219,-4.390312,-0.237104,-8.059873,26.979800,-10.522667,-11.074626,-18.901642,-2.959678,10.519373,15.548436,-12.678627,7.809965,-11.602609,8.752879,24.686713,0.123418,28.489812,-17.728299,40.037766,-9.962481,-10.635519,1.105217,-6.764263,-34.779402,12.683878,36.120608,4.600620,-6.628463,-12.671081
218.000000,3.994118,102.001846,78.344464,-7.450738,3.620118,90.175271,-9.407704,-1.512919,-6.532466,39.341350,-11.426007,-10.496117,-18.391210,-3.292238,13.038527,20.590707,-15.935385,4.517788,-9.338731,8.322162,26.117074,3.164807,26.733941,-19.204117,41.251030,-9.230400,-9.791987,2.192540,-6.494692,-34.130834,13.039993,36.140816,4.610615,-6.741211,-14.875367
219.000000,3.977126,104.367924,77.869552,-6.815739,4.490658,87.981802,-15.148286,-0.775165,-4.048681,47.759586,-13.940009,-9.069402,-17.566307,-2.748954,15.520833,23.770764,-19.639951,3.183353,-6.316318,8.026145,27.346030,6.520241,25.170885,-21.323745,42.870331,-6.078523,-9.250240,3.141341,-7.781201,-34.097711,16.009825,39.072210,2.419499,-6.391403,-15.553543
220.000000,3.870720,106.797910,77.769291,-7.094032,5.243741,85.239054,-20.668672,0.096350,-2.108274,49.115320,-15.157163,-8.114507,-16.574543,-2.358090,18.240391,24.144029,-21.697742,2.628097,-2.365690,7.467270,27.216181,9.945965,24.897593,-23.866228,43.716148,-2.745688,-8.579032,-1.511788,-9.059772,-34.651971,19.457607,42.303156,-1.060788,-5.286393,-11.097643
221.000000,3.743456,109.508860,78.238314,-7.197573,5.707539,83.234403,-23.887128,0.935938,-0.891097,43.241798,-14.374833,-7.054549,-13.467388,-2.899543,19.799762,20.997598,-21.522052,3.006073,1.167541,6.579177,27.249108,13.206277,25.771463,-25.061308,42.662000,-2.594457,-8.171265,-8.326901,-8.833038,-34.661130,20.701868,43.006081,-3.789574,-4.755945,-6.200241
222.000000,3.575574,112.541604,78.920531,-7.179037,5.672800,81.725307,-25.117990,1.759563,0.053246,33.389817,-12.556662,-6.011759,-9.139882,-3.755318,20.209396,16.219206,-19.561805,4.443724,4.094145,5.639255,27.329880,15.956162,26.962409,-24.869021,41.217835,-3.984606,-8.322613,-11.524452,-7.286156,-33.969642,20.245642,41.960349,-3.725679,-5.133407,-5.152862
223.000000,3.359286,115.782523,79.528677,-7.014314,5.167131,79.972006,-24.794941,2.575471,1.230143,22.932657,-10.642653,-6.254180,-4.829314,-4.209987,19.985555,12.024432,-15.999512,7.094979,7.157260,4.688559,27.528367,17.667505,28.582967,-23.554508,39.898922,-6.612744,-8.483652,-12.855413,-5.022334,-33.063201,19.334430,40.077607,-1.684871,-5.677835,-6.071664
224.000000,3.188330,119.096518,79.979080,-6.759117,4.242413,78.209042,-23.522092,3.665523,2.930058,15.022280,-9.143701,-7.407916,-1.174814,-4.027376,19.321350,9.722414,-11.680667,10.197571,9.826626,3.642458,27.570325,18.304878,30.264107,-21.911684,39.121876,-9.715255,-8.189570,-13.756201,-2.524858,-32.049344,18.953838,37.940219,0.762836,-6.201902,-6.886729
225.000000,3.048613,122.312748,80.208474,-6.756144,3.013543,76.599912,-21.720048,5.118284,4.667215,10.782634,-8.077311,-7.463741,0.783374,-2.894207,19.693069,10.515377,-7.717018,12.914287,11.344044,2.357989,27.080674,17.870932,32.090916,-20.547284,38.910324,-10.961478,-7.833410,-14.339815,-0.759596,-31.340849,19.241838,36.215756,1.879805,-6.668905,-6.049659
226.000000,2.901524,125.515664,80.028200,-7.186078,1.363964,75.031373,-19.287754,6.505522,4.800457,9.133443,-7.154264,-6.487401,0.617688,-0.418877,21.486856,14.960612,-4.669049,14.969755,11.267697,1.015169,25.869150,16.875195,33.366372,-19.386076,39.344721,-10.576394,-7.704392,-13.914281,-0.102256,-30.873924,19.890749,35.507073,2.002287,-6.863403,-3.658580
227.000000,3.064561,128.664017,79.542094,-8.130479,-0.575279,74.246671,-18.082461,7.991925,2.729576,10.356728,-6.448804,-3.505071,-1.513047,3.368730,21.615018,22.597828,-3.056549,15.000035,8.965274,-0.436721,24.309753,14.775149,34.147770,-18.144382,40.476903,-10.409097,-7.435773,-12.432745,-0.616860,-29.990493,20.329372,35.803695,2.862113,-6.603304,-1.130125
228.000000,2.788368,131.766021,79.060209,-8.073185,-1.656511,74.752260,-18.238039,7.948674,1.174451,15.877118,-9.971279,-0.788110,-4.994543,4.858719,20.003739,32.581201,-5.148162,14.980642,5.122218,-2.371502,23.915569,10.968668,35.020398,-17.825441,41.833102,-10.521509,-7.406397,-9.980278,-0.776960,-28.751552,20.224064,36.803576,4.197947,-6.055503,-1.559271
229.000000,2.444986,134.710383,78.601080,-7.559722,-2.351540,76.268884,-17.565078,6.949481,-0.306367,20.237965,-14.511010,0.016975,-9.538027,5.139846,16.840207,41.345208,-8.403927,14.799698,1.572323,-4.032057,24.329938,4.608917,36.443113,-18.158831,43.825086,-8.570903,-8.024512,-6.008296,0.442713,-27.665393,19.959541,37.937961,4.145150,-6.058202,-4.881010
230.000000,2.243226,137.577510,78.342503,-7.514627,-2.970909,78.181388,-16.146914,5.999148,-1.942156,21.807882,-17.724170,0.931284,-14.274347,5.815078,13.709554,44.493532,-10.907886,14.628915,-1.562765,-4.541950,24.168363,-2.404507,36.701851,-16.967845,45.192814,-7.002991,-8.747878,1.195188,2.429133,-27.868927,20.352526,39.261932,1.779552,-6.449356,-8.028835
231.000000,2.070048,140.494251,78.417724,-7.593328,-3.005839,79.993357,-13.781248,4.682048,-3.216639,21.050677,-19.179188,1.245062,-18.358167,5.446194,10.842028,41.208099,-12.119414,14.364989,-4.129767,-4.506403,23.979199,-9.057898,35.171550,-14.372091,43.767466,-8.847236,-9.937650,10.085699,4.129735,-28.758368,20.640876,40.713467,-1.073982,-6.711428,-9.167891
232.000000,1.992845,143.499231,78.731114,-7.347622,-2.487611,81.793475,-10.093349,2.959808,-4.467733,18.277291,-18.752196,0.572677,-20.710681,3.471991,7.221389,32.568552,-11.723792,13.285738,-6.521571,-4.318797,24.007630,-13.529443,34.366691,-13.240047,38.170461,-9.953938,-11.585255,14.170260,5.571145,-30.078053,20.799367,41.861512,-2.393879,-6.661172,-5.763856
233.000000,2.016288,146.749127,79.035348,-6.910876,-1.664868,83.391785,-5.962631,1.106070,-5.955891,15.561601,-17.370814,-1.017787,-21.834885,1.682125,3.958749,22.351808,-10.825440,12.658072,-8.585819,-3.992126,23.671170,-15.705595,35.175317,-14.328921,31.276526,-9.193194,-13.409378,12.909784,7.351963,-31.290131,21.406702,42.535830,-2.131179,-6.123971,-1.300092
234.000000,2.072440,150.144577,79.345983,-6.455818,-0.730817,85.443620,-2.169977,-0.749168,-7.954611,13.520247,-14.827562,-3.250532,-22.352914,0.192799,0.821186,14.029668,-9.539111,13.104851,-10.568513,-3.445426,23.682071,-16.649752,35.999919,-15.658188,24.079169,-9.791309,-15.037838,10.722816,8.545936,-32.357461,21.329130,42.874450,-1.189153,-5.260933,3.274652
235.000000,2.117349,153.569221,79.661781,-6.154311,0.292237,87.313337,0.464823,-2.490916,-9.608625,13.467876,-11.469674,-5.664234,-22.431217,-1.038794,-1.518431,9.679798,-7.838198,13.299543,-11.753891,-2.762033,23.668810,-16.276747,36.589467,-16.591329,18.466629,-11.612205,-15.950583,8.169378,9.512891,-32.907968,20.664416,43.077464,0.121765,-4.436263,6.469443
236.000000,2.147287,157.002413,79.790652,-5.925440,1.839927,88.861624,1.160264,-5.019679,-10.882046,16.964086,-7.372569,-8.295678,-21.492170,-2.289626,-1.652256,8.820595,-6.205716,12.871602,-11.714343,-2.553581,23.514651,-14.795390,36.581605,-16.675483,15.955093,-14.305014,-15.831069,4.540842,10.515931,-32.578872,20.177060,43.590339,1.249622,-3.862715,7.894242
237.000000,2.147657,160.433197,79.544365,-5.885201,4.028875,90.163810,-0.814320,-8.153129,-10.768480,24.397748,-3.839499,-10.416235,-19.773048,-3.792962,1.007683,9.701910,-4.460041,10.859542,-10.692741,-2.923270,23.223801,-12.610256,35.617927,-16.301904,16.783897,-19.185781,-14.402721,0.401534,11.163137,-31.830659,21.005005,44.307936,1.333779,-3.641202,7.812717
238.000000,2.232256,163.870716,79.029125,-5.486316,5.391169,90.916690,-4.745741,-8.244591,-7.033814,34.242221,-5.028561,-9.787672,-18.762149,-4.928414,2.584648,14.098972,-6.053739,5.876004,-8.877530,-2.716533,23.299075,-9.765590,34.925725,-16.658183,20.777091,-19.973379,-12.820666,-1.854701,11.507419,-31.251247,23.483153,44.816758,0.238269,-4.041389,6.961094
239.000000,2.411602,167.122781,78.424412,-5.059132,5.675460,90.868203,-9.939115,-6.187564,-3.466889,42.519270,-9.416907,-8.489106,-18.471480,-4.860571,3.007072,20.046431,-11.328894,2.697383,-6.639674,-2.071391,23.950753,-6.272055,34.760096,-17.109656,26.906635,-14.532551,-11.853625,-3.284164,9.951943,-30.926540,26.000242,45.827848,-2.116911,-4.542325,7.593056
240.000000,2.535585,170.254898,77.978182,-5.136347,5.684955,90.059947,-15.386336,-4.691274,-1.710071,45.129211,-12.339638,-8.338972,-17.464700,-4.295074,3.658086,23.144465,-15.967046,0.983993,-4.057732,-1.768376,24.081779,-1.791958,34.397430,-16.718667,32.744774,-9.104623,-11.257837,-5.395738,7.527263,-30.569529,26.746046,46.426992,-4.805325,-4.801892,7.832022
241.000000,2.577582,173.465145,77.917159,-5.033120,5.542377,89.380541,-19.301138,-2.796155,0.279847,41.143796,-12.924670,-7.085945,-14.687396,-3.865060,4.110819,23.260274,-18.742352,0.268137,-1.507661,-1.737070,24.102612,3.345799,34.262520,-16.232470,36.173676,-7.124814,-10.693522,-7.183821,6.218725,-29.963633,25.636336,45.291712,-5.364728,-5.346421,3.568582
242.000000,2.556789,176.753104,78.098541,-4.919808,4.686747,88.391324,-21.670174,-0.132376,2.567455,32.665240,-12.021456,-5.310951,-10.974388,-2.663081,4.718910,21.379749,-19.379873,0.610472,1.493993,-1.281254,24.296754,7.835748,34.242884,-15.890481,38.211558,-7.323389,-10.300734,-8.482779,5.650151,-29.307365,23.907921,43.029738,-3.905675,-6.490751,-2.439574
243.000000,2.472197,180.160868,78.334439,-4.615267,3.391709,86.635556,-22.211789,2.386246,4.772184,22.136097,-10.118127,-4.713006,-6.804678,-0.849622,6.211359,18.841710,-18.220219,1.894083,5.146416,-0.687738,24.689382,11.591581,34.315799,-15.266496,39.259897,-8.047799,-10.060091,-9.674906,5.630940,-28.861859,21.958505,40.458783,-0.780235,-7.658718,-5.661540
244.000000,2.366652,183.790350,78.498203,-4.216006,2.138105,84.617855,-22.025801,4.205529,6.766081,13.934810,-7.995686,-5.953830,-2.791956,0.742775,8.023106,17.108915,-16.314762,3.856319,8.376009,-0.365632,24.617486,15.080018,34.145779,-14.104812,39.845544,-8.207368,-9.947122,-10.451098,5.804189,-28.621797,20.271762,38.744159,2.295067,-8.226066,-5.972965
245.000000,2.288190,187.346506,78.633296,-3.985577,0.837512,82.169998,-21.198225,5.982648,8.405421,8.909780,-5.603083,-7.638072,0.246890,2.242380,10.074063,16.609985,-13.390426,6.239457,11.393346,-0.273277,24.309448,17.923914,33.913238,-12.421308,40.010285,-8.666405,-9.858605,-10.969422,5.474817,-28.830003,19.120444,37.764949,4.498966,-8.071019,-4.812653
246.000000,2.230568,190.774906,78.556812,-4.145900,-0.512625,79.930284,-19.920612,7.674182,8.917289,7.188793,-2.811204,-7.757795,1.446670,3.863793,12.176108,18.831952,-10.377128,8.750728,13.222524,-0.402033,23.612999,20.236355,33.501241,-10.804203,39.656946,-9.890802,-9.517354,-11.182782,4.553350,-29.413154,18.651592,37.417265,5.204336,-7.645713,-3.132960
247.000000,2.216410,193.965423,78.314453,-4.881366,-1.645366,78.688376,-19.640684,8.835504,7.535440,9.113365,-0.073158,-4.148929,0.043094,5.576176,13.882892,24.291281,-8.166524,10.804149,12.959592,-0.995055,22.829200,21.676898,33.365508,-9.750715,38.530965,-11.359205,-8.756314,-10.973063,2.734488,-29.957664,18.701557,37.414257,5.408705,-7.236152,-2.237768
248.000000,2.227432,197.055423,78.067148,-4.691758,-2.261890,78.885756,-19.882013,8.970139,6.092578,14.963095,-3.243827,-0.771706,-2.221105,6.242921,14.007606,31.959763,-9.638752,11.252352,10.963752,-1.954934,23.088331,21.165896,33.830682,-10.747614,38.307270,-11.586047,-8.472546,-10.094246,1.539297,-29.837644,19.111615,37.774416,5.305460,-7.106545,-3.998799
249.000000,2.257198,199.871457,77.857226,-4.416416,-2.909297,80.313753,-19.785668,8.659318,4.402476,19.679295,-7.750112,0.187378,-5.898291,6.150334,11.984036,38.879667,-12.777028,10.806688,8.287956,-2.600259,23.739501,17.300157,35.057735,-13.481396,40.326349,-9.172591,-8.694865,-8.733808,0.994745,-29.059361,19.873579,38.803575,4.460869,-7.051940,-7.491237
250.000000,2.285311,202.470112,77.851105,-4.510705,-3.407463,82.595435,-19.273522,7.776669,2.206095,21.801388,-10.370776,0.543251,-10.211248,5.586530,9.648994,41.318980,-14.271521,10.563243,5.163593,-2.806516,23.835699,11.904542,35.913708,-15.509223,43.006262,-5.603899,-8.895731,-5.873286,1.144643,-28.609374,20.794327,39.937195,2.379829,-6.916651,-9.549746
251.000000,2.329457,204.958987,78.087497,-4.399918,-3.305171,85.062681,-17.879316,6.279939,0.381737,22.233902,-11.176782,0.014332,-13.799772,3.947730,7.751752,38.297663,-14.120987,10.079270,2.195379,-2.880478,24.077190,7.141864,35.804323,-15.433728,42.778486,-5.466575,-9.582677,-1.514214,1.934957,-28.936185,21.316739,40.071538,0.454112,-6.862827,-8.827956
252.000000,2.478798,207.319045,78.439772,-3.909016,-2.572449,87.860951,-15.826711,4.169273,-1.510772,21.806863,-10.537524,-1.313135,-16.145548,1.292384,5.868940,31.031602,-12.883676,9.118495,-0.543372,-2.984358,24.919585,3.562171,35.740802,-14.551388,38.303670,-7.540823,-11.122566,2.606986,3.208254,-29.659810,21.411156,39.309849,-0.022899,-7.009776,-5.915095
253.000000,2.750976,209.719896,78.731930,-3.101228,-1.329390,90.704398,-13.349178,1.697143,-3.605958,21.466060,-9.396864,-2.931251,-17.425812,-0.632070,6.001824,22.004539,-10.570710,9.408271,-2.613942,-3.213568,25.633485,1.157861,36.282563,-14.206630,32.286130,-8.741908,-13.156072,4.415097,5.303802,-30.135443,21.932390,38.752260,0.475572,-6.898145,-2.854732
254.000000,3.042351,212.144899,78.902209,-2.241973,0.361771,94.215400,-11.098417,-1.337481,-6.315511,21.730474,-8.002857,-4.186255,-18.299921,-2.363424,7.131169,14.251317,-6.810306,11.667344,-4.531647,-3.581542,26.790249,-1.217850,37.125930,-14.306717,25.781164,-10.727919,-14.753605,4.649863,7.118939,-30.652509,22.179388,38.282247,1.173932,-6.207749,0.279329
255.000000,3.242715,214.584136,78.890371,-1.560178,2.294116,97.485127,-9.269496,-4.405417,-8.635226,22.951396,-6.764676,-5.639572,-18.792468,-4.682623,7.014895,9.514012,-1.830362,14.627023,-5.618314,-3.740076,27.765265,-3.480455,38.143670,-14.555058,20.035825,-12.753713,-15.816693,3.727633,9.088214,-31.283561,21.885207,37.583427,1.499295,-5.488393,3.159568
256.000000,3.548737,216.986632,78.584367,-1.369787,4.200680,100.428662,-8.611940,-7.273255,-10.828654,25.689376,-5.772008,-8.043596,-18.510306,-6.784688,6.640320,8.047810,3.939771,14.986195,-5.900960,-3.584550,27.949622,-5.347818,39.356691,-14.860613,15.904534,-14.155121,-16.217972,2.549748,11.663511,-31.940632,21.057784,36.497905,1.661593,-5.173382,5.465857
257.000000,3.583780,218.993855,78.069419,-1.611565,5.502604,103.015930,-9.673774,-9.784200,-13.132254,30.052334,-5.039254,-10.969963,-18.416454,-8.784108,6.750346,10.519238,3.899407,12.244175,-5.625737,-2.789742,27.903746,-6.873774,40.372873,-15.104244,13.551203,-16.101828,-15.821629,2.144981,14.033652,-32.565000,20.178819,35.402441,2.384271,-5.045566,6.616528
258.000000,3.790127,220.643926,77.555943,-2.438089,5.411715,105.460459,-13.010916,-10.212542,-14.755669,34.962809,-6.013571,-12.898499,-20.367880,-9.483599,5.011982,16.527046,-0.985201,8.986660,-5.612941,-1.058953,27.921115,-8.265953,40.661103,-15.346072,13.638292,-17.182437,-15.049844,3.267793,14.318493,-32.942757,19.743915,36.157536,3.297284,-4.921573,5.767575
259.000000,3.982362,222.091770,77.167135,-3.217907,5.015859,106.946298,-16.338355,-8.322970,-13.926447,36.077127,-8.668189,-12.117825,-21.735472,-9.633578,3.689035,20.590273,-4.527031,7.519674,-5.574197,0.308625,27.980143,-8.186779,39.745892,-15.554523,16.838327,-15.372830,-14.584691,5.336509,11.924861,-32.829287,19.936704,40.399176,2.098937,-4.841588,2.896934
260.000000,4.029235,223.416948,77.076012,-3.665448,4.564228,107.139593,-18.077142,-5.853811,-12.950924,32.157060,-11.059498,-10.110693,-21.906387,-9.137600,3.169627,22.081351,-6.362995,6.789896,-4.927505,1.450196,28.034105,-7.454109,37.991889,-16.420203,22.449042,-13.045427,-13.657135,6.502048,8.389063,-32.494768,19.281619,45.449677,-0.925687,-4.714807,-2.714904
261.000000,3.960337,224.646044,77.260965,-3.588932,3.896030,106.612548,-18.246422,-3.008389,-12.075473,25.488237,-11.912447,-7.367580,-20.905128,-8.056062,2.835890,21.743033,-6.716448,6.717350,-3.808072,2.720931,28.219463,-6.288916,35.911700,-17.952071,28.878241,-11.477224,-12.382155,5.454150,5.493447,-32.059317,17.605016,48.072893,-3.822897,-4.766797,-11.578187
262.000000,3.829171,225.804114,77.504295,-3.269076,3.223189,105.587241,-17.737122,-0.183386,-10.468855,19.107347,-11.283467,-4.391249,-19.395562,-6.699909,2.937891,20.567849,-6.486808,6.858867,-2.570046,3.461468,28.475943,-3.702107,34.184530,-19.141491,33.857063,-10.931894,-10.902923,2.591000,3.712856,-31.788718,15.807006,47.207296,-4.484115,-5.393826,-17.807022
263.000000,3.658471,226.868629,77.682447,-3.121804,2.407194,103.398904,-16.760557,1.655672,-9.987302,14.076161,-8.351278,-3.363161,-18.350922,-4.669695,4.188664,19.166677,-6.050471,6.549050,-1.023056,3.834023,28.580343,-0.783713,32.550243,-19.947484,38.166896,-11.481065,-9.180701,-1.551386,1.986927,-31.444470,14.866574,44.663153,-1.973095,-6.581438,-19.146446
264.000000,3.516700,227.844214,77.767438,-3.103372,1.686932,100.819357,-15.380408,2.634950,-10.711872,11.322715,-5.114025,-3.307444,-17.687273,-2.576514,5.964064,18.124679,-5.882604,5.851676,0.121434,3.595639,28.487315,2.412966,31.696995,-20.556928,41.390315,-11.461172,-7.108198,-6.022812,0.112564,-31.327011,14.807802,41.212474,3.051044,-7.594653,-15.233525
265.000000,3.410003,228.674459,77.815074,-3.181397,1.306797,98.759204,-14.076659,3.964521,-9.519216,10.561271,-5.353377,-2.830710,-17.364632,-1.121501,7.568283,17.772183,-5.983362,5.412643,0.452674,2.731226,28.384806,5.461964,31.063697,-20.746467,43.547056,-10.871313,-5.378899,-9.605948,-1.824090,-31.647429,15.457987,37.153115,7.445219,-7.605574,-9.879594
266.000000,3.310538,229.378319,77.843940,-3.203571,1.133400,96.946312,-13.119267,5.094519,-8.059341,10.549181,-6.245985,-2.935207,-17.050539,-0.032981,9.095830,17.625541,-6.174480,5.279327,0.571709,1.609679,28.361537,7.955426,30.431498,-20.840116,45.127838,-10.135170,-4.436773,-11.779097,-3.373027,-32.225454,16.828521,33.039582,9.316965,-7.179249,-6.133687
267.000000,3.226095,229.931903,77.845436,-3.317980,1.088700,95.850143,-12.774416,5.660583,-7.092846,11.019985,-6.748515,-3.464526,-16.755321,0.504154,10.059846,17.404148,-6.637646,5.134420,0.424907,0.478566,28.364247,9.254951,30.122128,-21.069887,46.489239,-9.288694,-4.113169,-12.840192,-4.252735,-32.804948,18.510989,29.570174,9.054320,-7.069817,-4.455930
268.000000,3.138915,230.352020,77.831048,-3.567528,1.068640,95.518051,-12.881701,5.802246,-6.694128,11.548730,-7.073232,-3.935959,-16.598984,0.595758,10.334728,17.181261,-7.202949,4.820405,0.093935,-0.418947,28.342599,9.165310,30.174994,-21.218725,47.499471,-8.872506,-4.022943,-12.988794,-4.446817,-33.305351,20.181326,27.049385,7.938629,-7.176594,-3.897964
269.000000,3.031697,230.673671,77.838415,-3.848529,1.012203,95.579100,-13.059294,5.767742,-6.706701,11.778808,-7.258191,-4.192843,-16.410697,0.488717,10.220693,16.769431,-7.656358,4.540548,-0.175024,-0.950823,28.318914,7.941592,30.433776,-20.879265,47.766102,-8.941841,-4.083648,-12.279981,-4.114780,-33.674021,21.405509,25.665312,7.112632,-7.157398,-3.391778
270.000000,2.939605,230.918479,77.869219,-4.098331,0.936756,95.661619,-12.980844,5.789057,-6.658602,11.444844,-7.361906,-4.331647,-16.135432,0.392672,10.093735,16.121685,-7.929980,4.367713,-0.172541,-1.231825,28.293902,5.990928,30.837993,-20.037355,47.075785,-9.127382,-4.645258,-10.554124,-3.526545,-33.858245,22.048242,25.537982,6.797547,-6.947858,-2.563988
271.000000,2.894741,231.079435,77.916253,-4.338613,0.870302,95.730151,-12.787747,5.854342,-6.556196,10.775078,-7.311250,-4.458516,-15.920066,0.334442,10.024348,15.456877,-7.971010,4.434933,0.058815,-1.428649,28.272410,3.728755,31.350141,-18.834322,45.429941,-9.507585,-5.928663,-7.678895,-2.889763,-33.864932,22.293780,26.561168,6.707592,-6.638181,-1.680692
272.000000,2.878414,231.184483,77.961820,-4.590272,0.815036,95.903085,-12.688008,5.867685,-6.582577,10.109054,-7.151315,-4.633193,-15.834803,0.237205,9.864226,14.947287,-7.838956,4.778837,0.294954,-1.579310,28.273949,1.452014,31.913724,-17.592073,42.942397,-10.301414,-7.705614,-3.911763,-2.371168,-33.852214,22.368460,28.445049,6.405622,-6.257036,-0.950717
273.000000,2.865987,231.259608,77.990985,-4.822732,0.740210,96.227601,-12.715868,5.831229,-6.772160,9.591069,-6.985738,-4.856191,-15.790661,0.094439,9.549951,14.550038,-7.705791,5.159268,0.400671,-1.621088,28.297653,-0.737436,32.664949,-16.650522,39.760061,-11.140623,-9.423817,-0.395908,-1.967855,-33.956289,22.324528,30.736340,5.512649,-5.975832,-0.540250
274.000000,2.847710,231.312442,77.998966,-5.005326,0.640765,96.681362,-12.865343,5.754901,-7.103448,9.296743,-6.844215,-5.090740,-15.711452,-0.075908,9.102952,14.217830,-7.723008,5.343097,0.362222,-1.557647,28.316296,-2.753913,33.562132,-15.927151,36.188238,-11.851902,-10.717545,2.294559,-1.592683,-34.105556,22.078071,33.070912,4.164710,-5.906506,-0.683072
275.000000,2.824281,231.330633,77.992481,-5.162202,0.551493,97.136152,-13.135145,5.641927,-7.448131,9.230645,-6.720383,-5.212874,-15.694004,-0.251035,8.659556,14.027538,-7.821341,5.371675,0.275525,-1.459586,28.312939,-4.502422,34.426243,-15.342456,32.628241,-12.956124,-11.542246,4.112041,-1.267606,-34.224261,21.678899,35.245730,2.776888,-5.929825,-1.332931
276.000000,2.800243,231.337237,77.982765,-5.267917,0.476853,97.536105,-13.408957,5.519829,-7.769060,9.300532,-6.643165,-5.227624,-15.712456,-0.403323,8.265747,13.985962,-7.940618,5.323684,0.145224,-1.364722,28.300242,-5.810506,35.090735,-14.750137,29.425138,-14.387496,-11.990795,5.284914,-1.028584,-34.264655,21.122285,37.133109,1.836977,-5.938166,-2.058036
277.000000,2.776344,231.349874,77.975404,-5.298377,0.429787,97.811613,-13.571833,5.422588,-8.013064,9.415019,-6.638571,-5.218493,-15.699658,-0.515677,7.975486,14.020244,-8.066524,5.240949,0.000363,-1.293042,28.287073,-6.607275,35.532683,-14.235959,26.906904,-15.663140,-12.226715,6.060552,-0.904908,-34.254256,20.534305,38.597693,1.637598,-5.927014,-2.756951
278.000000,2.746211,231.383395,77.974379,-5.253005,0.441259,97.868678,-13.542623,5.365856,-8.082881,9.502246,-6.702402,-5.217830,-15.618582,-0.583887,7.868859,14.068953,-8.200866,5.168702,-0.026125,-1.278266,28.269876,-6.975809,35.737336,-13.922456,25.375351,-16.405104,-12.342971,6.549145,-0.919048,-34.244325,20.039514,39.569417,1.799596,-5.910425,-3.297861
279.000000,2.716540,231.423736,77.980083,-5.148232,0.499082,97.740551,-13.338548,5.355304,-7.993524,9.503209,-6.785774,-5.215438,-15.475820,-0.608542,7.899495,14.092623,-8.332926,5.071605,0.087524,-1.306257,28.240423,-7.018581,35.651890,-13.782145,24.939353,-16.632930,-12.270151,6.725315,-1.058172,-34.216833,19.660889,40.064466,1.996836,-5.925236,-3.640991
280.000000,2.578343,232.028866,78.016514,-3.454457,0.950065,97.388418,-9.681740,5.244069,-7.240161,7.646437,-7.086973,-5.185104,-11.492047,-0.976231,8.010460,11.157287,-8.145097,4.956846,0.269315,-1.378231,27.199835,-3.202576,35.221558,-14.167427,24.570246,-16.609159,-12.392676,6.482487,2.388280,-34.235036,19.665966,39.570209,2.058586,-6.412273,-3.995904
281.000000,2.684088,231.510592,78.019071,-4.401843,0.642918,97.467983,-12.121451,5.430992,-7.736590,9.114070,-6.847785,-5.040811,-14.403151,-0.614442,7.935345,13.829706,-8.605142,4.720762,0.364881,-1.244381,28.213544,-5.664639,34.755926,-13.961518,26.337450,-16.638090,-11.488256,5.909762,-0.820697,-34.120835,19.302086,39.414908,2.388823,-6.076818,-3.834374
282.000000,2.570078,232.112265,78.037238,-3.033122,1.012085,97.408581,-9.045734,5.231401,-7.263721,7.482183,-7.152626,-4.949616,-10.852980,-1.036958,7.793090,11.110618,-8.526287,4.594467,0.325132,-1.216495,26.850245,-2.079799,34.026824,-14.787667,27.854039,-16.362787,-11.238028,4.810682,2.023744,-34.015899,19.630928,38.634634,2.656126,-6.485647,-3.777454
283.000000,2.692516,231.610584,78.033918,-3.884765,0.724989,97.760516,-11.478451,5.309899,-8.012007,9.050772,-6.955697,-4.790986,-13.673691,-0.782286,7.534458,13.953693,-9.101960,4.316278,0.334654,-0.973755,27.844342,-4.482576,33.473145,-15.026252,30.734926,-16.176021,-10.149082,3.569368,-1.227830,-33.762561,19.434617,38.207235,3.143504,-6.166898,-3.335795
284.000000,2.604684,232.236290,78.042859,-2.542917,1.067139,97.958335,-8.500621,5.086480,-7.818711,7.438693,-7.238074,-4.695969,-10.137627,-1.211833,7.168868,11.320055,-9.071948,4.129542,0.369804,-0.770816,26.213402,-0.910141,32.616626,-16.203350,33.193254,-15.756751,-9.770773,1.970991,1.717971,-33.562515,19.893377,37.342645,3.403916,-6.508381,-2.917542
285.000000,2.758475,231.769156,78.033608,-3.338591,0.852551,98.476859,-10.863600,5.036479,-8.708252,8.996858,-7.056237,-4.482235,-12.958684,-1.083577,6.817831,14.415440,-9.841688,3.781205,0.698761,-0.416449,27.037514,-3.410415,32.120180,-16.460606,36.358760,-15.507695,-8.611158,0.433713,-1.236530,-33.249716,19.717682,37.074270,3.785641,-6.149057,-2.293781
286.000000,2.715395,232.412696,78.034389,-2.047491,1.149752,98.859200,-7.963695,4.874781,-8.750763,7.322244,-7.316459,-4.371751,-9.447619,-1.437631,6.219043,11.801034,-9.839523,3.542320,1.232427,-0.043971,25.284669,0.064320,31.411074,-17.144425,38.491009,-15.049335,-8.329023,-0.934682,1.925164,-32.939581,20.095627,36.452877,3.859245,-6.454151,-1.804861
287.000000,2.914711,231.961727,78.021079,-2.701157,1.011713,99.683022,-10.185162,4.662311,-9.886133,8.816541,-7.071378,-4.224098,-12.076462,-1.501469,5.619815,15.001792,-10.755035,3.120435,1.922024,0.407832,26.108200,-2.375513,31.102752,-16.589655,40.603719,-14.978226,-7.457885,-1.786618,-0.743755,-32.652921,19.793120,36.551798,4.003434,-6.007081,-1.090030
288.000000,2.924378,232.612467,78.025520,-1.464577,1.242319,100.446228,-7.456830,4.554716,-10.332972,7.105648,-7.168780,-4.254379,-8.478513,-1.791732,4.570707,12.218911,-10.682286,2.816876,2.847341,0.980582,24.177934,1.182473,30.704648,-16.497118,41.377030,-14.754532,-7.707652,-2.122882,2.606832,-32.301023,20.088406,36.300434,3.860859,-6.312336,-0.791668
289.000000,3.176846,232.174063,78.020281,-1.978270,1.203387,101.650331,-9.509467,4.139212,-11.751129,8.432123,-6.733148,-4.242282,-10.871497,-2.109967,3.676618,15.457690,-11.685240,2.288669,3.893502,1.534048,24.948892,-1.434288,30.635980,-15.533846,42.276515,-15.104192,-7.430685,-2.010769,0.174778,-32.101141,19.747055,36.826881,3.922691,-5.994041,-0.532600
290.000000,3.365536,232.244682,78.006601,-1.720114,1.348357,103.008992,-9.463921,3.715521,-12.992342,8.356658,-6.474256,-4.348715,-10.491189,-2.571218,2.346429,16.006705,-12.288743,1.812413,5.075130,2.088603,24.637751,-1.965440,30.536160,-14.680030,42.593227,-15.627761,-7.655668,-1.691088,-0.119483,-31.934423,19.679788,37.589857,3.544137,-6.023705,-0.262916
291.000000,3.600349,232.272434,77.986562,-1.248818,1.500722,104.644347,-9.242060,3.289391,-14.494324,8.183777,-6.069709,-4.554700,-9.757087,-3.049126,0.733412,16.350940,-12.780962,1.335448,6.278396,2.723651,24.313114,-2.129684,30.546071,-13.850544,42.184870,-16.227128,-8.060777,-1.192804,-0.030732,-31.882520,19.626695,38.297117,2.951694,-6.096206,0.086839
292.000000,3.888567,232.215691,77.955633,-0.734048,1.645678,106.616461,-9.143625,2.809007,-16.288483,8.024875,-5.485292,-4.891935,-8.899723,-3.567246,-1.193011,16.545725,-13.187883,0.925641,7.424024,3.434822,24.147534,-2.377611,30.554807,-13.001178,41.253031,-16.746239,-8.522587,-0.519513,-0.035287,-31.857379,19.376009,39.110630,2.311291,-6.089327,0.385667
293.000000,4.242605,232.032514,77.921581,-0.293321,1.791843,108.831786,-9.260517,2.270561,-18.238658,7.760078,-4.586204,-5.339884,-8.083344,-4.132804,-3.348910,16.549121,-13.432672,0.653068,8.578697,4.239239,24.179621,-2.797428,30.413774,-12.220656,40.010347,-17.265410,-9.045202,0.229965,-0.260854,-31.854281,18.859723,40.152783,1.652058,-6.065379,0.376266
294.000000,4.646730,231.703687,77.907544,0.043809,1.918053,111.293532,-9.518672,1.704064,-20.222264,7.116953,-3.189903,-5.950150,-7.334581,-4.753642,-5.702791,16.302463,-13.409787,0.581103,9.688529,5.177392,24.430072,-3.314684,30.014279,-11.602645,38.595954,-17.749742,-9.586632,1.278477,-0.697088,-31.799015,17.963809,41.465327,1.209117,-6.021659,-0.254421
295.000000,5.079381,231.226635,77.917659,0.266370,1.988916,113.985875,-9.841048,1.249573,-21.751782,5.827654,-1.178622,-6.854317,-6.714881,-5.416930,-8.262423,15.888012,-13.111054,0.628350,10.779920,6.276844,24.755616,-3.822316,29.448135,-11.320336,37.235633,-17.931801,-10.196164,2.384040,-1.172193,-31.709887,16.733861,43.010459,1.179740,-5.962522,-1.602190
296.000000,5.526131,230.643415,77.945864,0.352904,1.956944,116.888020,-10.300388,1.102367,-21.954335,3.975730,1.204411,-8.095627,-6.257456,-6.104596,-11.083995,15.376882,-12.656691,0.603495,11.826914,7.490393,24.956328,-4.153552,28.802942,-11.485989,35.962756,-17.844832,-10.706828,3.213947,-1.556420,-31.699109,15.422478,44.577035,1.559142,-5.865012,-3.387508
297.000000,5.961262,230.015898,78.011692,0.260489,1.868595,120.087763,-11.023342,1.202197,-20.113644,2.166327,2.587043,-9.177588,-5.909406,-6.942408,-14.166326,14.784955,-12.097036,0.650171,12.629083,8.588876,24.867556,-4.121177,28.113941,-12.045421,34.866511,-17.663306,-10.957250,3.400088,-1.855592,-31.838865,14.302320,46.020869,1.989604,-5.748970,-5.067802
298.000000,6.354123,229.378080,78.158051,-0.046325,1.874196,123.448809,-11.792977,1.253119,-16.803754,0.983509,2.107161,-8.981262,-5.565720,-8.073162,-17.296612,14.049094,-11.384824,0.842572,13.189228,9.303541,24.500934,-3.690997,27.339400,-12.816211,34.247610,-17.534957,-10.961651,2.642338,-2.117015,-32.296970,13.650883,47.176229,2.129033,-5.691265,-5.867464
299.000000,6.691404,228.714657,78.368622,-0.437885,1.973798,126.783349,-12.228920,1.206931,-13.373971,0.643975,0.801340,-7.940150,-5.063364,-9.363161,-20.352840,13.065594,-10.495461,1.069551,13.600414,9.675308,24.058286,-3.026371,26.537978,-13.531006,34.338879,-17.335671,-10.743818,0.898645,-2.314800,-33.020905,13.260367,47.866697,1.784959,-5.695058,-5.733980
300.000000,6.983031,228.028488,78.586131,-0.804991,2.053927,130.029807,-12.159808,1.267129,-10.373481,1.019350,-0.359177,-7.039025,-4.431373,-10.604664,-23.327439,11.949052,-9.529784,1.237577,13.926287,9.869500,23.628143,-2.367944,25.783339,-14.102922,35.174723,-17.220635,-10.262499,-1.245576,-2.402954,-33.721255,12.782670,48.082742,1.442671,-5.743956,-5.417270
301.000000,7.245557,227.341700,78.754491,-1.203292,2.013188,133.072415,-11.755530,1.668888,-7.980725,2.010645,-1.163727,-6.355255,-3.932767,-11.729947,-26.097849,10.929301,-8.655406,1.262572,14.256111,9.891906,23.062880,-1.695993,25.291316,-14.488964,36.658438,-16.889946,-9.527353,-3.319225,-2.400064,-34.224476,12.189388,47.941050,1.575764,-5.816296,-5.389940
302.000000,7.465854,226.661801,78.860188,-1.529344,1.850751,136.075279,-11.103192,2.550534,-6.012705,3.484992,-1.959924,-5.948381,-3.442490,-12.747694,-28.864950,10.064865,-7.982171,1.228519,14.389206,9.761460,22.400758,-0.955227,24.953478,-14.558029,38.487874,-16.430461,-8.802393,-4.723176,-2.391626,-34.474632,11.611871,47.578599,1.963463,-5.870205,-5.544302
303.000000,7.646671,225.984263,78.919721,-1.808303,1.636355,139.183861,-10.283229,4.186610,-2.657916,5.335675,-2.981353,-5.767753,-2.920927,-13.798321,-31.736525,9.422359,-7.479676,1.208839,14.194696,9.376566,21.724398,-0.191980,24.672993,-14.383926,40.448025,-16.128826,-8.203644,-5.123943,-2.500140,-34.478474,11.153148,47.088714,2.306835,-5.892130,-5.836048
304.000000,7.774299,225.311661,78.972942,-2.136893,1.440999,142.360751,-9.305942,6.662974,2.902834,7.481324,-3.951498,-5.106888,-2.374312,-15.021780,-34.650946,8.988586,-7.073752,1.218357,13.693660,8.671130,21.078199,0.565951,24.502691,-14.060545,42.565124,-15.631866,-7.768141,-5.054150,-2.748527,-34.211161,10.807364,46.535114,2.487423,-5.922547,-6.277664
305.000000,7.829227,224.612546,79.020244,-2.501094,1.219062,145.451429,-8.163967,9.648853,9.587741,9.615147,-4.724652,-3.927626,-1.876545,-16.363904,-37.462071,8.750281,-6.671312,1.243284,12.998915,7.727122,20.432417,1.197152,24.390788,-13.535645,44.890606,-15.029027,-7.476806,-4.817099,-3.101886,-33.647008,10.533578,45.981336,2.550412,-5.975949,-6.858400
306.000000,7.798997,223.839664,79.025751,-2.772581,0.859109,148.405251,-6.933133,12.701478,16.299429,11.228548,-5.417595,-3.138685,-1.444222,-17.655018,-40.175760,8.656291,-6.255504,1.320288,12.159315,6.682535,19.692859,1.681390,24.311326,-12.751613,47.271422,-14.502665,-7.215973,-4.486255,-3.485923,-32.755955,10.320716,45.450097,2.614857,-6.011040,-7.329523
307.000000,7.690918,222.967124,78.973961,-2.872206,0.320236,151.300052,-5.750198,15.563351,22.873260,12.102192,-5.982035,-2.920495,-0.997914,-18.795827,-42.911189,8.581033,-5.800227,1.493883,11.156803,5.662492,18.806002,2.067482,24.295142,-11.861513,49.307791,-14.101896,-6.927559,-4.170388,-3.834697,-31.636326,10.218907,44.902633,2.658992,-6.016287,-7.526963
308.000000,7.501885,221.996593,78.870761,-2.772020,-0.372873,154.286078,-4.634435,18.249644,29.883498,12.391029,-6.406702,-2.857614,-0.404304,-19.762816,-45.832161,8.407510,-5.261925,1.749240,9.931247,4.736384,17.767970,2.407382,24.380837,-11.053445,50.782450,-13.739291,-6.718256,-4.051058,-4.070891,-30.512238,10.304583,44.291919,2.476588,-6.031333,-7.302386
309.000000,7.212806,220.903325,78.738725,-2.463477,-1.122038,157.385131,-3.516136,20.570429,37.071791,12.334658,-6.608130,-2.335643,0.467569,-20.558449,-48.898291,8.000284,-4.490162,2.090043,8.530401,3.970395,16.689308,2.689949,24.455537,-10.351173,51.676573,-13.297545,-6.650962,-4.175406,-4.136284,-29.529927,10.518756,43.611820,1.969743,-6.108633,-6.745310
310.000000,6.814259,219.632220,78.564507,-1.915930,-1.863568,160.426574,-2.468966,22.135892,43.479215,11.989905,-6.045762,-1.432081,1.613754,-21.107431,-51.945317,7.229853,-3.420831,2.446581,7.164042,3.486652,15.651199,2.828267,24.388041,-9.750000,52.066918,-12.873541,-6.705902,-4.452372,-3.991825,-28.750988,10.751628,42.935495,1.302176,-6.247724,-6.053029
311.000000,6.390122,218.160701,78.307128,-1.276335,-2.605405,162.628434,-2.094920,22.408618,47.208799,11.246070,-4.907658,-0.842740,2.420195,-21.413440,-54.092052,6.175717,-2.238701,2.510091,6.648586,3.186051,14.644414,2.710151,24.207640,-9.372382,51.920803,-12.816027,-6.826157,-4.702416,-3.614126,-28.180980,11.010606,42.326252,0.683653,-6.404279,-5.216423
312.000000,6.081926,216.513085,78.086674,-0.919577,-3.540533,163.872397,-3.650783,21.707333,46.706398,11.195088,-4.865693,0.031322,2.248456,-21.937656,-54.922825,4.982836,-0.680918,2.221731,7.277187,2.658375,13.775648,1.838068,24.165319,-9.433334,51.268609,-13.365436,-6.856231,-4.883823,-3.337873,-27.688433,11.100815,41.943488,0.212801,-6.476653,-4.138488
313.000000,5.762935,214.836574,77.961135,-1.318890,-4.471821,164.533549,-5.850107,20.545522,45.541362,12.933137,-6.467245,0.717276,1.321803,-23.250524,-54.906569,4.157333,0.518089,1.986629,9.194130,1.165766,13.036131,0.301800,24.548427,-9.969595,50.203595,-13.988687,-7.047174,-4.898939,-2.935312,-26.911715,11.016984,42.497000,0.064265,-6.272524,-3.390606
