Frame,root_translateX,root_translateY,root_translateZ,root_rotateX,root_rotateY,root_rotateZ,left_hip_pitch_joint_dof,left_hip_roll_joint_dof,left_hip_yaw_joint_dof,left_knee_joint_dof,left_ankle_pitch_joint_dof,left_ankle_roll_joint_dof,right_hip_pitch_joint_dof,right_hip_roll_joint_dof,right_hip_yaw_joint_dof,right_knee_joint_dof,right_ankle_pitch_joint_dof,right_ankle_roll_joint_dof,waist_yaw_joint_dof,waist_roll_joint_dof,waist_pitch_joint_dof,left_shoulder_pitch_joint_dof,left_shoulder_roll_joint_dof,left_shoulder_yaw_joint_dof,left_elbow_joint_dof,left_wrist_roll_joint_dof,left_wrist_pitch_joint_dof,left_wrist_yaw_joint_dof,right_shoulder_pitch_joint_dof,right_shoulder_roll_joint_dof,right_shoulder_yaw_joint_dof,right_elbow_joint_dof,right_wrist_roll_joint_dof,right_wrist_pitch_joint_dof,right_wrist_yaw_joint_dof
0.000000,80.656850,211.104631,77.138501,9.029498,0.286076,-121.586363,-5.143480,6.799659,15.152558,-2.541024,-12.627898,0.536047,-6.765077,-7.179658,-35.531460,8.643069,-9.290527,-0.096713,-17.923205,3.783103,14.359547,5.183110,17.895727,-15.545080,35.181485,-1.267839,11.362894,-0.148040,10.163484,-18.186637,5.511723,27.602137,-0.354387,7.372745,2.143465
1.000000,80.711102,210.848069,76.812816,4.359768,1.095722,-133.390068,2.649145,6.901468,28.402541,-0.179839,-17.560905,-0.529501,-9.394071,-8.973538,-23.330307,20.903082,-13.712840,-0.585982,-11.999000,-0.424169,14.803434,-5.299798,15.839634,-14.181929,63.302111,-11.463732,-0.424981,0.812978,-2.878374,-19.705832,18.027413,52.994311,6.597302,-2.239870,5.603789
2.000000,80.561912,210.902524,76.725978,4.021971,1.008474,-133.463008,2.829200,6.744059,28.547114,0.163590,-17.915940,-0.605383,-8.245863,-8.662539,-22.745365,19.528879,-13.410001,-0.056347,-11.792209,-0.816675,14.521554,-6.174924,16.049416,-13.919067,63.515179,-11.347015,-1.251208,0.534901,-2.905522,-19.398345,18.116549,55.015705,6.697939,-2.677222,5.916251
3.000000,80.415535,210.989451,76.639187,3.705856,0.797825,-133.648064,2.954129,6.500994,28.707545,0.302195,-18.046765,-0.565820,-7.456585,-8.503206,-22.158327,17.660265,-13.747929,0.208698,-11.397887,-1.186133,14.083816,-6.743668,16.261121,-13.662914,62.975109,-11.417272,-1.642371,0.504716,-2.709358,-19.173147,18.069416,56.418025,6.689866,-2.783346,6.169190
4.000000,80.239636,211.069798,76.577687,3.470317,0.586325,-134.018808,3.126620,6.340412,29.089301,0.359149,-18.177949,-0.419263,-6.838146,-8.391493,-22.043285,16.353706,-14.212984,0.233573,-10.879696,-1.452045,13.556551,-7.131820,16.394225,-13.386769,62.230953,-11.634219,-1.817391,0.415635,-2.489725,-18.985759,18.007666,57.465339,6.581214,-2.790439,6.478802
5.000000,80.052155,211.152506,76.557958,3.282423,0.476607,-134.394130,3.355695,6.308638,29.479698,0.380684,-18.231815,-0.360975,-6.294996,-8.202207,-21.972734,15.360768,-14.475744,0.223072,-10.448704,-1.554169,13.090974,-7.423940,16.399665,-13.099540,61.474578,-11.881134,-1.893853,0.361766,-2.349172,-18.862536,17.942994,58.201586,6.473696,-2.795380,6.693839
6.000000,79.864216,211.227036,76.591885,3.107342,0.528851,-134.682183,3.671706,6.413132,29.790314,0.408256,-18.182565,-0.390771,-5.753200,-7.931254,-21.829409,14.572632,-14.405882,0.284194,-10.232735,-1.475179,12.817607,-7.705848,16.247893,-12.818604,60.862853,-12.054650,-1.976324,0.435630,-2.370346,-18.845441,17.901938,58.603720,6.421171,-2.857732,6.720790
7.000000,79.666406,211.305690,76.644033,2.951081,0.656260,-134.861541,4.005798,6.583681,30.005796,0.417777,-18.059620,-0.429243,-5.117929,-7.584987,-21.770057,13.734903,-14.262828,0.302198,-10.251997,-1.261433,12.672246,-7.993977,15.958911,-12.674020,60.386051,-12.259018,-1.993162,0.433645,-2.552235,-18.967027,17.832949,58.623582,6.386714,-2.932183,6.698535
8.000000,79.445726,211.388540,76.681179,2.820430,0.760932,-134.933756,4.269774,6.773637,30.149845,0.475676,-17.951376,-0.533977,-4.381308,-7.210300,-21.826363,12.741277,-14.236450,0.245694,-10.437116,-1.002576,12.501667,-8.232305,15.616449,-12.783815,59.951316,-12.510537,-2.030826,0.455207,-2.767829,-19.163113,17.693863,58.225976,6.494730,-3.081857,6.529721
9.000000,79.207706,211.469769,76.703656,2.700732,0.838036,-134.890694,4.455834,6.971546,30.177323,0.605461,-17.878462,-0.718894,-3.650007,-6.875621,-21.926506,11.779095,-14.251466,0.211317,-10.700234,-0.749233,12.189378,-8.376128,15.323861,-13.133994,59.604144,-12.519116,-2.150053,0.479620,-2.880952,-19.336882,17.474250,57.571077,6.668962,-3.308116,6.239024
10.000000,78.953838,211.536908,76.720685,2.575680,0.936015,-134.793557,4.691917,7.170956,30.185806,0.686875,-17.808651,-0.962780,-2.946059,-6.568908,-22.037028,10.956057,-14.244444,0.202443,-10.947127,-0.519048,11.850051,-8.422914,15.080265,-13.426213,59.296642,-12.290428,-2.242614,0.372192,-2.920475,-19.457493,17.256751,56.809904,6.787649,-3.478317,6.005734
11.000000,78.696817,211.581397,76.737320,2.426570,1.069026,-134.687540,5.027860,7.351817,30.217573,0.662359,-17.710165,-1.267133,-2.184694,-6.273860,-22.202664,10.142354,-14.190043,0.215969,-11.117332,-0.316236,11.562513,-8.437216,14.852465,-13.620288,59.103444,-11.886419,-2.318315,0.308788,-2.937308,-19.547918,17.102034,56.042986,6.753128,-3.598943,5.889009
12.000000,78.456652,211.629772,76.752073,2.296310,1.171680,-134.582431,5.313733,7.511095,30.225339,0.615106,-17.614397,-1.524808,-1.457967,-5.995850,-22.412190,9.310099,-14.121160,0.266140,-11.177483,-0.128935,11.276285,-8.412593,14.600339,-13.780477,59.017643,-11.497794,-2.369672,0.388350,-2.942742,-19.603664,17.019062,55.294432,6.762784,-3.717258,5.732386
13.000000,78.224033,211.688948,76.761764,2.188487,1.228794,-134.511889,5.536719,7.654028,30.254880,0.606893,-17.573797,-1.735414,-0.821321,-5.728381,-22.557301,8.501719,-14.049783,0.328243,-11.090348,0.038483,10.951016,-8.342597,14.307044,-13.817367,59.026324,-11.392546,-2.342674,0.295693,-2.933938,-19.642364,17.015026,54.663899,6.750153,-3.786577,5.682210
14.000000,77.995431,211.737895,76.764441,2.084613,1.269378,-134.483004,5.786784,7.764956,30.336545,0.541835,-17.606568,-1.949171,-0.248610,-5.483288,-22.655954,7.769448,-13.995601,0.391821,-10.887980,0.184081,10.620313,-8.235821,14.051960,-13.855083,59.126011,-11.291383,-2.289809,0.256925,-2.947145,-19.674609,17.033392,54.255273,6.652103,-3.811146,5.633018
15.000000,77.778834,211.781144,76.764703,1.983341,1.297567,-134.483279,6.047759,7.862450,30.512764,0.448200,-17.729412,-2.206921,0.262557,-5.261304,-22.732758,7.113441,-13.963411,0.435249,-10.641833,0.283542,10.304356,-8.026144,13.841993,-13.897721,59.266836,-11.165935,-2.229228,0.172976,-3.004499,-19.663592,17.062270,54.092124,6.555441,-3.779739,5.605144
16.000000,77.587265,211.828446,76.759970,1.903054,1.295304,-134.497963,6.276528,7.935574,30.737303,0.331274,-17.930413,-2.496864,0.648418,-5.082650,-22.772204,6.588502,-13.956546,0.513944,-10.364886,0.345841,9.972236,-7.752304,13.671345,-13.874268,59.499492,-11.007604,-2.139246,0.077558,-3.094744,-19.614212,17.070577,54.154258,6.422884,-3.738794,5.649622
17.000000,77.401489,211.850190,76.754326,1.799184,1.356612,-134.376526,6.559745,7.994157,30.762188,0.171990,-18.063029,-2.831372,1.154683,-4.916908,-22.925815,6.063037,-13.954591,0.596074,-10.230513,0.404863,9.784003,-7.451893,13.524667,-13.846113,59.842661,-10.792055,-2.069353,0.006453,-3.220170,-19.546514,17.052097,54.343300,6.329145,-3.719827,5.621351
18.000000,77.243161,211.871171,76.754594,1.698512,1.397264,-134.264884,6.761890,8.042290,30.697319,0.083682,-18.051123,-3.039839,1.549683,-4.802279,-23.044681,5.690190,-13.968761,0.628363,-10.084469,0.448220,9.631956,-7.133153,13.371255,-13.673659,60.278106,-10.947130,-2.005166,-0.067895,-3.330123,-19.499649,17.025831,54.558270,6.308232,-3.706061,5.535494
19.000000,77.098882,211.884356,76.749957,1.648647,1.423241,-134.171699,6.932111,8.094164,30.715600,-0.024732,-17.852475,-3.102804,1.802150,-4.699835,-23.151135,5.504834,-14.049926,0.545531,-9.964392,0.507184,9.461740,-6.798326,13.228488,-13.439462,60.832301,-11.237160,-1.878809,-0.371087,-3.376738,-19.472080,17.009977,54.751377,6.282246,-3.708695,5.611914
20.000000,76.981139,211.898780,76.753962,1.625237,1.432382,-134.085681,7.028146,8.145182,30.696666,-0.108401,-17.433954,-3.022804,1.925350,-4.634227,-23.241737,5.479944,-14.131814,0.400144,-9.867900,0.570739,9.305102,-6.474447,13.148336,-13.375077,61.507233,-11.224572,-1.745656,-0.628139,-3.379049,-19.484428,17.027701,54.912877,6.278367,-3.707944,5.688465
21.000000,76.891649,211.924410,76.760918,1.604468,1.411019,-133.978144,7.074685,8.163799,30.660446,-0.211946,-17.036264,-2.864247,1.945157,-4.625632,-23.338003,5.574154,-14.222254,0.241375,-9.788198,0.622002,9.159983,-6.157385,13.077703,-13.309369,62.198230,-11.231996,-1.639646,-0.720029,-3.340242,-19.518505,17.059606,55.062383,6.316382,-3.705588,5.742885
22.000000,76.813018,211.939669,76.759452,1.581706,1.393342,-133.816008,7.117906,8.162835,30.600156,-0.325616,-16.834640,-2.849264,1.985026,-4.642765,-23.493149,5.669639,-14.337641,0.131349,-9.751751,0.671160,9.044917,-5.826196,13.034353,-13.180276,62.822960,-11.162074,-1.577133,-0.798076,-3.271405,-19.554920,17.032900,55.238414,6.316702,-3.726182,5.766374
23.000000,76.738888,211.931229,76.756090,1.536860,1.390708,-133.637536,7.185987,8.138316,30.499896,-0.415918,-16.729660,-2.897013,2.092712,-4.682178,-23.668993,5.729338,-14.461932,0.087594,-9.723818,0.709273,8.958807,-5.488866,13.018896,-13.049187,63.371397,-11.059132,-1.538356,-0.910096,-3.175898,-19.590618,16.971500,55.465781,6.291183,-3.699709,5.780959
24.000000,76.670414,211.917257,76.755130,1.498524,1.395404,-133.443640,7.236147,8.123434,30.355758,-0.473963,-16.645231,-2.968951,2.237154,-4.706290,-23.865181,5.717826,-14.540715,0.066260,-9.716510,0.762869,8.866397,-5.154038,13.019608,-12.971711,63.844490,-10.999822,-1.504186,-1.101557,-3.067355,-19.620299,16.900454,55.749923,6.276686,-3.672333,5.849052
25.000000,76.604789,211.892319,76.752347,1.472110,1.397788,-133.261873,7.285910,8.104104,30.205928,-0.537821,-16.586262,-3.038248,2.386827,-4.720213,-24.053922,5.668407,-14.601983,0.058620,-9.682011,0.836887,8.754620,-4.823408,13.030249,-12.891899,64.190657,-11.006321,-1.523212,-1.171488,-2.923966,-19.648555,16.791105,56.083459,6.256038,-3.682034,5.902103
26.000000,76.548654,211.869121,76.750714,1.462674,1.381027,-133.107246,7.300160,8.083010,30.068381,-0.584785,-16.549688,-3.076413,2.473578,-4.741399,-24.209920,5.656255,-14.667515,0.048024,-9.579966,0.910421,8.611051,-4.480383,13.047783,-12.737230,64.359097,-10.983290,-1.532663,-1.306454,-2.743394,-19.706675,16.679817,56.430497,6.083222,-3.634372,5.968228
27.000000,76.507688,211.853170,76.750952,1.465833,1.358928,-132.969282,7.280140,8.068291,29.943846,-0.608201,-16.518838,-3.100838,2.514728,-4.764635,-24.348216,5.674381,-14.724742,0.036445,-9.460636,0.978656,8.491232,-4.148820,13.090804,-12.584244,64.337664,-10.991084,-1.584641,-1.416272,-2.577400,-19.737251,16.594001,56.819312,5.913926,-3.648486,6.094938
28.000000,76.482964,211.849999,76.751667,1.479855,1.337364,-132.849816,7.227251,8.067257,29.837029,-0.599822,-16.513224,-3.107310,2.501227,-4.789757,-24.466504,5.745470,-14.785054,-0.007254,-9.320886,1.039661,8.396759,-3.854956,13.119013,-12.455893,64.272818,-11.175867,-1.670306,-1.468915,-2.445461,-19.719552,16.521261,57.246346,5.910042,-3.686498,6.169993
29.000000,76.468635,211.850810,76.753038,1.495269,1.305859,-132.779730,7.161219,8.062533,29.763560,-0.568923,-16.516407,-3.094502,2.424839,-4.829647,-24.524008,5.883865,-14.855597,-0.055771,-9.159223,1.067388,8.336461,-3.632405,13.173230,-12.388729,64.158945,-11.450196,-1.793286,-1.350402,-2.368274,-19.690336,16.541963,57.589976,5.954237,-3.614618,6.124955
30.000000,76.465684,211.860132,76.755965,1.506183,1.273297,-132.733536,7.086325,8.055721,29.702874,-0.520171,-16.512175,-3.071779,2.339423,-4.873369,-24.565474,6.013795,-14.906837,-0.084401,-9.001234,1.069692,8.322265,-3.475963,13.245461,-12.316512,63.988313,-11.490624,-1.901867,-1.303860,-2.318396,-19.647475,16.564344,57.831820,5.959129,-3.544687,6.117766
31.000000,76.472849,211.875176,76.757950,1.516502,1.239568,-132.683833,7.004525,8.043652,29.639336,-0.480662,-16.515831,-3.053921,2.247199,-4.926460,-24.608849,6.147102,-14.959137,-0.102028,-8.883882,1.059061,8.331940,-3.376820,13.310737,-12.272481,63.828384,-11.495626,-1.963117,-1.265877,-2.296238,-19.607077,16.584092,57.981298,5.961586,-3.520564,6.139044
32.000000,76.487786,211.887360,76.759535,1.528857,1.204312,-132.626750,6.918498,8.023797,29.574323,-0.447465,-16.513594,-3.025947,2.152059,-4.985966,-24.654488,6.276069,-15.008656,-0.112925,-8.806784,1.044975,8.352462,-3.337877,13.364944,-12.271108,63.706008,-11.469499,-1.994345,-1.291641,-2.295377,-19.586833,16.627131,58.014356,5.967993,-3.535420,6.172236
33.000000,76.509148,211.897540,76.761270,1.547923,1.170440,-132.565064,6.827704,7.999111,29.494755,-0.428896,-16.489366,-2.999179,2.067498,-5.034139,-24.700208,6.364416,-15.032937,-0.114232,-8.757597,1.041937,8.390233,-3.371381,13.399921,-12.289341,63.624032,-11.459149,-2.013414,-1.295060,-2.319800,-19.595644,16.692644,57.930618,5.970462,-3.581038,6.185826
34.000000,76.536584,211.912656,76.766163,1.566640,1.130451,-132.510427,6.719069,7.971408,29.380561,-0.404853,-16.460286,-2.968387,1.980594,-5.086443,-24.754549,6.430040,-15.031245,-0.104416,-8.728084,1.044382,8.449523,-3.464121,13.418356,-12.321702,63.541892,-11.504427,-2.011640,-1.264420,-2.390633,-19.626477,16.763364,57.791303,5.987848,-3.691933,6.157251
35.000000,76.568526,211.927843,76.772773,1.585163,1.084518,-132.456724,6.593766,7.941010,29.247556,-0.365989,-16.419107,-2.924184,1.879957,-5.147225,-24.791543,6.503382,-15.028861,-0.107310,-8.740248,1.056403,8.525323,-3.570417,13.422153,-12.367539,63.411258,-11.601383,-2.034594,-1.165256,-2.495049,-19.660828,16.804284,57.606116,6.092469,-3.844346,6.098360
36.000000,76.591516,211.929822,76.772368,1.616603,1.055378,-132.419809,6.527945,7.917737,29.222599,-0.372752,-16.404695,-2.905548,1.789147,-5.182990,-24.813377,6.585918,-15.050756,-0.115919,-8.785812,1.104307,8.584391,-3.641601,13.412277,-12.421254,63.230989,-11.692215,-2.137084,-1.034460,-2.596043,-19.675478,16.813434,57.399981,6.299002,-4.030562,5.932994
37.000000,76.606250,211.922836,76.768941,1.642705,1.038844,-132.432739,6.512572,7.900753,29.256487,-0.403850,-16.417738,-2.895555,1.709595,-5.209471,-24.800917,6.681718,-15.088141,-0.125572,-8.817531,1.164263,8.615354,-3.683966,13.408988,-12.466775,63.037414,-11.715792,-2.226238,-0.970433,-2.705027,-19.704292,16.883872,57.228738,6.393861,-4.173597,5.844642
38.000000,76.622677,211.914563,76.771289,1.654742,1.017137,-132.452439,6.494759,7.871142,29.251993,-0.425924,-16.391510,-2.847177,1.631671,-5.247411,-24.762388,6.774850,-15.108641,-0.135025,-8.850017,1.229097,8.620034,-3.747180,13.443058,-12.485471,62.775360,-11.457343,-2.215339,-1.073108,-2.834102,-19.728214,16.982200,57.137200,6.386304,-4.254422,5.952351
39.000000,76.631939,211.897755,76.772225,1.647275,1.009044,-132.471945,6.526879,7.831798,29.269659,-0.471430,-16.369723,-2.798031,1.598438,-5.285051,-24.728183,6.845701,-15.137321,-0.135362,-8.859805,1.290069,8.619293,-3.825327,13.483106,-12.456361,62.551767,-11.139335,-2.197927,-1.195516,-2.953210,-19.725241,17.052462,57.119072,6.330641,-4.321144,6.099484
40.000000,76.635802,211.879373,76.769650,1.608850,1.027932,-132.507768,6.595488,7.803181,29.280434,-0.482105,-16.382870,-2.745544,1.624139,-5.320784,-24.705851,6.899319,-15.175354,-0.125461,-8.803371,1.321811,8.670988,-3.943062,13.505231,-12.372151,62.426180,-11.056141,-2.217504,-1.192380,-3.051903,-19.698622,17.124179,57.101587,6.297399,-4.406435,6.198752
41.000000,76.639998,211.863232,76.766562,1.551952,1.056334,-132.511014,6.664058,7.772257,29.255971,-0.469076,-16.402529,-2.685337,1.685584,-5.361846,-24.708500,6.936520,-15.217344,-0.112610,-8.700912,1.314092,8.777997,-4.132968,13.551581,-12.244037,62.270760,-10.981862,-2.252864,-1.125792,-3.102655,-19.630251,17.176319,57.013389,6.344546,-4.461057,6.238167
42.000000,76.637316,211.844659,76.760775,1.496192,1.107906,-132.488053,6.775555,7.755219,29.289808,-0.485513,-16.436106,-2.689670,1.788419,-5.377319,-24.736005,6.949034,-15.258405,-0.085516,-8.590299,1.283247,8.919917,-4.309330,13.609018,-12.095582,62.059440,-10.879139,-2.327496,-1.125390,-3.104791,-19.530581,17.209505,56.938994,6.377255,-4.481674,6.296452
43.000000,76.641744,211.838889,76.756883,1.454913,1.146219,-132.429947,6.808203,7.754375,29.234098,-0.443477,-16.479100,-2.670533,1.854715,-5.404346,-24.793991,6.991997,-15.300394,-0.079459,-8.497088,1.230114,9.079292,-4.452602,13.682273,-12.024721,61.769868,-10.832739,-2.399384,-1.116099,-3.118110,-19.430469,17.261314,56.901288,6.436002,-4.453306,6.361930
44.000000,76.650065,211.838818,76.755750,1.437598,1.163961,-132.327493,6.775062,7.756251,29.128865,-0.381748,-16.509223,-2.649865,1.888260,-5.431544,-24.876102,7.028157,-15.326372,-0.074027,-8.427256,1.165299,9.222832,-4.558386,13.746384,-12.016222,61.448473,-10.841400,-2.464018,-1.091142,-3.116150,-19.348686,17.294020,56.914003,6.458180,-4.401908,6.422103
45.000000,76.660347,211.835694,76.755893,1.443280,1.163485,-132.211943,6.723725,7.745219,29.019213,-0.364812,-16.513423,-2.635376,1.905072,-5.456432,-24.977155,7.036989,-15.333676,-0.059602,-8.364594,1.106091,9.339045,-4.602343,13.782306,-12.028221,61.143164,-10.865080,-2.501938,-1.071555,-3.084266,-19.278837,17.294082,56.960567,6.448972,-4.344976,6.440979
46.000000,76.672810,211.830878,76.755995,1.473734,1.147925,-132.103821,6.649103,7.733493,28.911258,-0.364131,-16.506578,-2.622709,1.892489,-5.471656,-25.075803,7.028980,-15.327873,-0.049748,-8.304881,1.057036,9.423078,-4.591057,13.796168,-12.046208,60.913949,-10.895520,-2.505838,-1.098762,-3.057234,-19.224838,17.318742,57.047447,6.430334,-4.279353,6.487625
47.000000,76.684362,211.818480,76.755655,1.522481,1.111019,-131.995055,6.548538,7.714597,28.799803,-0.362647,-16.497350,-2.617684,1.869007,-5.486526,-25.167756,6.983159,-15.318052,-0.026027,-8.252550,1.013459,9.472625,-4.572092,13.779134,-12.064797,60.831147,-10.923838,-2.465186,-1.152997,-3.041480,-19.185108,17.338611,57.160228,6.416840,-4.212470,6.560862
48.000000,76.694375,211.804891,76.755577,1.568631,1.069967,-131.902225,6.441771,7.698623,28.716284,-0.332175,-16.511444,-2.603144,1.849530,-5.502854,-25.238659,6.924957,-15.303090,0.010619,-8.202824,0.963058,9.521859,-4.540557,13.737238,-12.028248,60.895276,-10.971498,-2.430123,-1.204925,-3.045518,-19.148884,17.322130,57.315020,6.383079,-4.141486,6.631146
49.000000,76.706648,211.783242,76.755750,1.604339,1.036778,-131.835972,6.336733,7.689437,28.648938,-0.245351,-16.570835,-2.564129,1.837804,-5.523355,-25.277306,6.874258,-15.293746,0.046929,-8.159857,0.903834,9.603660,-4.490260,13.697025,-11.988088,61.033635,-10.999430,-2.444078,-1.174138,-3.089088,-19.109027,17.325641,57.462320,6.359579,-4.093285,6.638331
50.000000,76.721787,211.757660,76.755780,1.635634,1.007252,-131.781658,6.206391,7.691059,28.572898,-0.079235,-16.673204,-2.518028,1.824024,-5.548923,-25.290582,6.838374,-15.296226,0.073459,-8.127303,0.833321,9.715198,-4.422121,13.667565,-11.960150,61.202825,-10.974868,-2.452301,-1.097094,-3.140484,-19.067892,17.351162,57.519052,6.384336,-4.093368,6.623930
51.000000,76.740414,211.724591,76.754051,1.675758,0.972420,-131.758231,6.075695,7.692362,28.535096,0.090643,-16.792105,-2.473620,1.781094,-5.581883,-25.285634,6.832120,-15.291410,0.117450,-8.082608,0.757781,9.832113,-4.325796,13.636976,-11.920430,61.385813,-10.932922,-2.465750,-1.092500,-3.199331,-19.033603,17.372246,57.517522,6.399842,-4.162217,6.624712
52.000000,76.761287,211.676168,76.751560,1.739616,0.928477,-131.757195,5.959854,7.682896,28.522537,0.200196,-16.904541,-2.414411,1.702990,-5.615282,-25.276478,6.850409,-15.287917,0.148387,-8.051938,0.698293,9.942900,-4.196962,13.596819,-11.875366,61.618955,-11.007319,-2.475398,-1.132111,-3.282995,-19.036306,17.409034,57.514243,6.316429,-4.285759,6.654906
53.000000,76.783824,211.614013,76.747948,1.820889,0.874275,-131.763306,5.838350,7.664945,28.518284,0.306121,-17.044609,-2.321725,1.600226,-5.656553,-25.243959,6.890002,-15.296649,0.190999,-8.038286,0.649653,10.053089,-4.059073,13.551655,-11.830439,61.866303,-11.225926,-2.459137,-1.072545,-3.400541,-19.091330,17.482813,57.337573,6.128021,-4.150671,6.705284
54.000000,76.807910,211.533308,76.744395,1.907415,0.822186,-131.768374,5.688636,7.654818,28.484209,0.487122,-17.242070,-2.182060,1.502090,-5.702947,-25.188332,6.927705,-15.295843,0.259475,-8.046442,0.612414,10.146612,-3.907109,13.515261,-11.669990,61.975627,-11.289631,-2.413060,-1.047472,-3.474728,-19.145092,17.522574,57.068983,5.966991,-3.852988,6.822773
55.000000,76.836622,211.432958,76.745307,1.995669,0.763742,-131.761447,5.490481,7.646474,28.405199,0.761193,-17.466102,-2.017511,1.429978,-5.757138,-25.121180,6.913365,-15.264472,0.337494,-8.065574,0.553276,10.233088,-3.723149,13.469085,-11.247372,62.036436,-11.500332,-2.401689,-0.955838,-3.513868,-19.122283,17.481579,56.883277,6.013004,-3.759352,6.822783
56.000000,76.869881,211.299443,76.742280,2.099711,0.693759,-131.758824,5.269794,7.623797,28.341141,1.097858,-17.782818,-1.802141,1.378503,-5.823502,-25.041304,6.852296,-15.219275,0.467610,-8.084311,0.482124,10.282941,-3.533145,13.477896,-10.430271,62.093496,-12.083567,-2.362746,-0.865082,-3.526092,-19.109771,17.443828,56.741066,5.990556,-3.704444,6.862929
57.000000,76.908338,211.131215,76.734912,2.224815,0.618455,-131.791903,5.037043,7.597528,28.316557,1.492573,-18.199985,-1.550435,1.328027,-5.898728,-24.927781,6.773731,-15.181461,0.655240,-8.112189,0.417597,10.312430,-3.368944,13.621530,-9.653391,62.146655,-12.495835,-2.346172,-0.746518,-3.518665,-19.114906,17.426635,56.590463,5.958933,-3.678347,6.868400
58.000000,76.961124,210.922837,76.727372,2.386504,0.513977,-131.890418,4.761667,7.544780,28.259051,1.930424,-18.692206,-1.262676,1.202599,-6.010447,-24.771691,6.757898,-15.162014,0.845004,-8.100710,0.368142,10.329143,-3.288418,13.874746,-9.196811,62.247100,-12.700617,-2.328738,-0.644759,-3.506143,-19.156196,17.456410,56.404675,5.985408,-3.669377,6.886506
59.000000,77.023393,210.654950,76.714277,2.577061,0.421374,-132.047291,4.515570,7.464670,28.170840,2.351920,-19.272709,-0.991005,1.026254,-6.157985,-24.599451,6.881187,-15.216212,1.053003,-8.054728,0.365003,10.362380,-3.252118,14.172870,-8.977853,62.345564,-12.795040,-2.307902,-0.573879,-3.480867,-19.271005,17.499553,56.210715,5.993134,-3.665727,6.868404
60.000000,77.104497,210.332465,76.692617,2.782311,0.362479,-132.270421,4.361284,7.346802,28.049828,2.658204,-19.859221,-0.744060,0.705559,-6.372999,-24.362564,7.375020,-15.450844,1.271346,-7.978131,0.411346,10.418083,-3.286074,14.455631,-8.871426,62.496989,-12.808588,-2.249552,-0.533605,-3.457675,-19.430905,17.564135,56.061622,5.998604,-3.629039,6.902120
61.000000,77.206773,209.962296,76.662678,3.026166,0.323866,-132.570384,4.297920,7.209260,27.956383,2.813430,-20.450053,-0.522604,0.052215,-6.711639,-24.050792,8.570059,-15.862090,1.342809,-7.938655,0.481693,10.525247,-3.409394,14.711893,-8.839629,62.703759,-12.803115,-2.189333,-0.430036,-3.534587,-19.610144,17.686884,55.974182,6.004499,-3.567060,6.991197
62.000000,77.341843,209.553552,76.621127,3.338559,0.249698,-132.989012,4.221750,7.071725,27.983350,2.906017,-21.067109,-0.230476,-1.185828,-7.249274,-23.662144,10.773956,-16.274071,1.242852,-7.955813,0.539519,10.638682,-3.602970,14.922223,-8.904367,62.930925,-12.942976,-2.133314,-0.099353,-3.741350,-19.750119,17.855691,55.928488,6.234589,-3.544748,6.927029
63.000000,77.489626,209.077168,76.570445,3.671014,0.262803,-133.286818,4.219098,6.980305,27.955676,2.945284,-21.712312,0.087893,-2.751366,-8.027170,-23.637903,13.990386,-16.495380,1.138341,-8.259514,0.602412,10.858927,-3.823178,15.098685,-9.043799,63.138009,-13.217978,-2.092205,0.170419,-3.991292,-19.842726,17.997899,55.810534,6.420512,-3.509607,6.915383
64.000000,77.709442,208.582950,76.527971,4.042170,0.167820,-133.545246,4.125346,6.758270,27.939174,2.819507,-22.219726,0.581706,-5.245904,-9.369787,-23.703036,18.868737,-16.304896,1.330055,-8.786643,0.553665,11.334550,-4.529249,15.262558,-9.083321,63.428552,-13.732757,-2.031569,0.447842,-4.597389,-19.874227,18.034682,55.500628,6.544414,-3.418421,6.940600
65.000000,77.851498,207.969403,76.539636,4.375467,0.518945,-133.592274,4.547276,6.836016,27.899000,2.618566,-22.791950,0.902233,-7.641039,-10.525019,-23.811144,24.499428,-15.330411,1.072135,-9.663416,0.711509,11.985982,-4.953105,15.343462,-8.998785,63.652896,-14.678698,-1.951405,0.556110,-4.812310,-19.781999,18.120637,55.012051,6.594953,-3.390797,7.064436
66.000000,77.949327,207.272553,76.623607,4.834762,1.104535,-133.561571,5.141459,7.161736,27.770156,2.275796,-23.169088,1.155090,-10.338889,-11.745306,-24.483249,31.076080,-14.278248,-0.283550,-10.732822,1.115308,12.694964,-5.420340,15.365731,-8.725577,63.854496,-16.163223,-1.716875,0.526669,-4.854803,-19.640323,18.249152,54.488097,6.537181,-3.354669,7.282477
67.000000,77.948970,206.514502,76.715350,5.384128,1.686878,-133.307471,5.686192,7.561188,27.435523,1.872845,-23.397313,1.118256,-13.035615,-13.001771,-25.965847,37.149559,-14.165563,-2.385161,-12.017996,1.667450,13.281699,-5.982957,15.385450,-8.335807,63.814300,-17.115537,-1.416603,0.508547,-4.647612,-19.516239,18.270500,53.985470,6.406238,-3.323817,7.590773
68.000000,77.773619,205.738759,76.761442,5.757427,2.071112,-132.578122,6.253821,7.698850,26.792296,1.379246,-23.508507,0.830171,-15.390848,-13.571483,-27.457504,40.432186,-15.166613,-3.690570,-13.565606,2.106382,13.710696,-6.631169,15.285955,-8.058452,63.666816,-17.566470,-1.282576,0.599616,-4.148761,-19.479189,18.262300,53.658454,6.288369,-3.358794,7.740757
69.000000,77.418625,204.944611,76.753932,5.849054,2.255629,-131.376749,6.932820,7.501462,25.827379,0.821368,-23.591409,0.540849,-17.361578,-13.240989,-28.629517,40.447298,-15.636555,-3.870571,-15.235526,2.356336,14.022743,-7.417171,15.047936,-8.035213,63.388711,-17.593819,-1.298647,0.618870,-3.417444,-19.499408,18.260651,53.716293,6.233697,-3.386376,7.874229
70.000000,76.936513,204.136944,76.666147,5.689528,2.241351,-129.961555,7.694124,7.039286,24.756400,0.331647,-23.756598,0.244987,-19.120893,-12.421006,-29.527710,37.804107,-15.416300,-3.324840,-16.845075,2.394264,14.286515,-8.213130,14.692488,-8.264744,62.788884,-17.580512,-1.548339,0.520975,-2.624880,-19.522451,18.314799,54.219158,6.269151,-3.371602,7.990905
71.000000,76.321518,203.310800,76.469159,5.280221,2.043532,-128.334676,8.510498,6.381400,23.502686,0.070510,-24.111823,-0.045204,-20.812254,-11.299357,-29.711719,33.231059,-14.483302,-2.190908,-18.409008,2.163940,14.541524,-8.963914,14.425740,-8.857760,61.737622,-17.076243,-1.870060,0.344667,-1.856828,-19.495752,18.446109,55.109890,6.339201,-3.250315,8.024923
72.000000,75.584292,202.426171,76.153541,4.641326,1.715290,-126.584157,9.473141,5.577106,22.119465,0.020261,-24.720316,-0.218161,-22.439671,-10.261666,-29.221171,27.691590,-13.463589,-0.781585,-19.926281,1.632453,14.878775,-9.682627,14.371326,-9.783469,60.337297,-16.110948,-2.219355,0.174223,-1.267388,-19.348206,18.745357,56.352527,6.286320,-3.061121,8.063032
73.000000,74.724621,201.419187,75.740695,3.770300,1.381881,-124.872562,10.845478,4.716523,20.816125,-0.007996,-25.560482,-0.335207,-23.876205,-9.563754,-28.337560,22.186247,-12.679216,0.724114,-21.314737,0.834178,15.383743,-10.296964,14.490569,-10.844004,58.789207,-14.936970,-2.506449,-0.253275,-0.872378,-19.060852,19.146161,57.850227,5.845278,-2.782080,8.372880
74.000000,73.753130,200.293183,75.267631,2.801049,1.083401,-123.219832,12.555849,3.929445,19.548290,-0.086681,-26.523945,-0.402367,-25.218474,-9.158169,-26.954599,17.326791,-11.899036,2.368584,-22.489171,-0.096209,16.000208,-10.919892,14.699534,-11.797395,57.410807,-13.663321,-2.844451,-0.421608,-0.580159,-18.566577,19.514346,59.358278,5.489372,-2.550918,8.588441
75.000000,72.610503,199.014151,74.763328,1.990944,0.984841,-121.594749,14.444014,3.640741,18.442175,-0.012659,-27.723217,-0.725460,-26.272026,-8.857973,-25.559423,13.251445,-11.761984,3.925526,-23.480893,-0.772307,16.443942,-11.290911,14.756837,-12.634260,56.585990,-12.738168,-3.138572,-0.396289,0.136315,-18.095516,19.893049,60.411684,5.219975,-2.339953,8.806265
76.000000,71.456051,197.690964,74.275768,1.267604,0.759976,-120.248717,16.324214,3.333281,17.459423,-0.090067,-28.648494,-0.893394,-27.246618,-9.155741,-24.398008,10.338542,-11.856153,4.925579,-24.132015,-1.387813,16.986762,-11.792473,14.653355,-13.054432,56.190498,-12.095602,-3.228432,-0.319762,0.502192,-17.668477,20.123271,61.114914,4.910214,-2.274579,9.148925
77.000000,70.211130,196.281826,73.827064,0.684580,0.465710,-119.062707,18.173668,3.164730,16.527798,-0.121620,-29.265742,-1.084357,-27.928346,-9.889090,-24.004558,8.928106,-11.856806,5.587455,-24.632071,-1.836931,17.476986,-12.291893,14.374975,-13.199921,56.389642,-11.643079,-3.152681,-0.119745,0.696806,-17.412381,20.220090,61.374482,4.375199,-2.338088,9.324483
78.000000,68.841398,194.800568,73.477310,0.306604,0.134137,-117.981164,19.806864,3.269829,15.417993,0.102813,-29.368792,-1.511355,-28.239011,-10.813582,-23.956069,8.880192,-11.528672,5.880585,-25.107005,-2.045579,17.797742,-12.628036,13.941520,-13.196984,57.215180,-11.341894,-2.988915,0.204451,0.777351,-17.315817,20.180617,61.328234,3.822161,-2.424122,9.216448
79.000000,67.305785,193.256009,73.296022,0.233253,-0.258862,-117.100708,20.966044,3.670214,14.331489,0.780300,-28.765031,-2.311547,-28.183618,-11.794214,-24.393047,9.890225,-11.032120,5.412417,-25.506375,-1.973385,17.793592,-12.597224,13.464189,-13.107113,58.513431,-11.152913,-2.765490,0.490876,0.737502,-17.299011,20.022802,61.205216,3.581729,-2.469604,9.019418
80.000000,65.554261,191.585648,73.324919,0.439104,-0.732566,-116.526736,21.794608,4.270188,13.374275,1.746082,-27.078396,-3.451675,-27.709524,-12.566113,-25.060902,11.579624,-10.590517,4.428067,-25.681388,-1.683939,17.390741,-12.039820,13.051898,-12.914187,59.999155,-11.096639,-2.449391,0.500839,0.634737,-17.312846,19.846400,61.088911,3.563884,-2.415205,8.884639
81.000000,63.579088,189.755666,73.566008,0.869252,-1.338795,-116.412922,22.326705,4.884909,12.821122,3.041713,-24.166953,-4.895526,-26.725437,-13.376238,-27.122386,13.655082,-9.658279,2.773247,-25.429966,-1.219444,16.515734,-10.904348,12.756743,-12.580484,61.404937,-11.069120,-2.150773,0.152335,0.566403,-17.372759,19.634893,60.941885,3.664531,-2.341574,8.926852
82.000000,61.379445,187.807870,74.030507,1.537759,-1.910223,-116.629560,22.393701,5.718381,12.802217,5.006519,-20.172347,-6.377620,-25.497600,-14.013871,-30.037492,15.248573,-8.594041,0.937956,-24.688576,-0.452364,15.267279,-9.267466,12.614112,-12.153926,62.581950,-11.016057,-1.880664,-0.661828,0.585191,-17.532723,19.549813,60.763760,3.835520,-2.226310,9.143965
83.000000,58.902228,185.719943,74.665713,2.040674,-2.437999,-116.777839,22.011587,6.841319,13.039555,8.117304,-14.906162,-7.215787,-24.054518,-13.471142,-30.286671,15.823414,-7.809740,0.278004,-23.687253,0.247761,13.846770,-7.172546,12.548687,-11.370923,63.329425,-11.106979,-1.611705,-1.444352,0.679569,-17.821924,19.583915,60.560542,4.020256,-2.068705,9.434440
84.000000,56.220090,183.665836,75.405788,2.203729,-3.524947,-117.839381,20.630255,7.658641,14.809937,13.216993,-8.081893,-6.670284,-22.956933,-12.487392,-28.334017,16.053062,-7.874978,-1.211606,-21.705935,0.416887,12.126673,-4.734222,12.682358,-10.123245,63.194427,-11.836546,-1.100470,-2.165754,0.456269,-18.471789,19.822732,60.198364,4.391735,-1.812905,9.772666
85.000000,53.409952,181.537735,76.155794,1.610563,-4.443765,-119.405738,18.583242,8.610999,16.445374,21.286807,-1.791669,-3.903616,-20.757351,-11.400018,-26.267851,16.126696,-9.724209,-3.342069,-19.095073,-0.162297,10.666302,-2.092429,13.220883,-9.126932,62.346937,-12.925304,-0.626090,-2.717505,0.217528,-19.001141,20.199907,59.771088,4.729648,-1.684344,9.548079
86.000000,50.705129,179.584694,76.871443,0.442711,-5.107206,-121.430010,15.155519,9.738336,17.108789,31.273524,2.674933,0.020929,-17.743375,-10.259179,-24.040651,15.524730,-11.626330,-5.274588,-15.892146,-1.143205,10.133378,-0.021425,14.038424,-8.524039,61.100489,-13.925282,-0.264688,-2.976956,-0.763849,-19.527620,20.682965,59.400133,5.032678,-1.637184,8.777269
87.000000,48.362976,177.693319,77.440292,-0.940438,-5.261185,-123.541484,10.761217,9.134573,15.347167,39.697623,0.777324,2.253380,-14.105465,-9.195051,-22.076623,14.351593,-13.280648,-5.992994,-12.563737,-2.102325,10.567262,1.135582,14.768708,-8.151704,60.153578,-14.553431,-0.230021,-2.704383,-2.449507,-20.122367,21.036991,59.140313,5.149174,-1.611699,8.139736
88.000000,46.296275,175.796378,77.872306,-2.086959,-5.072886,-125.847451,6.050226,6.521920,12.488487,44.202187,-3.696974,2.347947,-10.356815,-8.081460,-20.343585,12.738498,-14.857579,-5.674637,-9.145216,-2.865985,11.229750,1.846690,15.323702,-7.908426,59.481754,-15.125094,-0.447638,-2.338919,-4.490146,-20.644515,21.210779,58.955522,5.302044,-1.599635,7.689350
89.000000,44.295236,173.905623,78.184879,-3.194236,-4.773287,-128.021470,1.999989,4.063479,11.219079,44.490466,-9.079645,2.182707,-6.396494,-7.227878,-18.942741,10.812922,-16.322055,-4.677994,-6.035110,-3.660128,11.830704,2.550356,15.639053,-7.556996,59.110288,-15.698981,-0.859695,-1.872441,-6.546390,-21.062903,21.326361,58.772302,5.341043,-1.709069,7.135306
90.000000,42.304143,172.075379,78.325111,-4.026173,-4.280707,-130.112830,-1.636360,3.467114,12.538094,42.236298,-13.983660,2.917855,-2.701505,-6.308426,-17.584144,9.079050,-17.572922,-3.660279,-3.128196,-4.226565,12.567215,2.934267,15.857800,-7.092331,58.794221,-16.199742,-1.452478,-0.915267,-9.024552,-21.368973,21.317072,58.547999,5.183866,-1.903667,6.248377
91.000000,40.354553,170.266080,78.270596,-4.433318,-3.496345,-132.120420,-4.876417,4.045775,15.267812,38.146111,-17.066730,3.935288,0.791741,-5.095952,-16.311293,7.470726,-18.720661,-2.955430,-0.559845,-4.366333,13.202548,3.310067,15.979590,-6.701405,58.518875,-16.358406,-1.752234,-0.740661,-11.571106,-21.636313,21.413633,58.113380,4.847411,-2.055168,5.627693
92.000000,38.438627,168.447864,77.998817,-4.366095,-2.314237,-134.090442,-7.656251,4.903114,18.039551,32.452268,-18.158816,3.740710,4.233918,-3.421746,-15.112767,5.911348,-19.686354,-2.629658,1.665172,-3.967312,13.826244,3.678610,16.019133,-6.420490,58.313116,-16.201987,-2.012683,-0.690240,-14.027881,-21.852511,21.572265,57.249580,4.571650,-2.330732,5.148450
93.000000,36.518261,166.559005,77.511144,-3.989631,-0.679445,-135.954287,-9.874322,5.921910,20.682025,25.701934,-17.879979,2.392101,7.874018,-1.366432,-13.803726,4.480063,-20.579650,-2.684362,3.499323,-3.045651,14.654661,3.964856,15.875566,-6.204151,58.243707,-15.904838,-2.232718,-0.506780,-16.272810,-22.024493,21.690372,55.988942,4.480862,-2.663921,4.599366
94.000000,34.532174,164.493680,76.830882,-3.402145,0.878429,-137.446963,-12.033780,6.638596,23.061678,18.870566,-16.768529,0.625795,11.274481,0.423893,-12.818309,3.853760,-22.045704,-2.797964,4.703289,-2.033149,14.951487,4.626883,15.560655,-6.191396,58.359520,-15.594090,-2.333711,-0.347905,-17.719423,-22.121810,21.933503,54.482705,4.437543,-3.121782,4.135390
95.000000,32.550418,162.430894,76.062369,-2.495214,2.662777,-138.945503,-14.135492,7.653914,24.801698,12.214483,-14.902423,-1.695653,14.504303,2.456745,-11.601026,3.600112,-23.566495,-3.108991,5.771996,-0.554063,15.536693,4.850331,15.122787,-6.249631,58.579384,-15.164808,-2.357830,-0.100758,-19.134416,-22.295763,22.206565,52.723087,4.379963,-3.550040,3.695133
96.000000,30.521354,160.347438,75.300515,-1.577926,4.215530,-140.373099,-16.359826,8.504850,25.674625,6.747082,-13.200746,-4.252789,17.521913,4.135437,-10.364084,3.689591,-25.119030,-3.371253,6.621734,0.883653,16.115592,4.832478,14.619996,-6.492702,58.916242,-14.585835,-2.358100,0.213510,-20.277150,-22.576277,22.653989,50.887853,4.187899,-3.956112,3.447736
97.000000,28.000259,157.735872,74.707335,-1.892237,4.636326,-144.558391,-16.342747,9.258553,29.787398,2.915403,-13.773794,-6.791278,21.152239,3.251436,-6.628616,3.409134,-26.643637,-2.812350,9.604377,1.406658,14.607340,8.049248,12.991926,-7.070000,59.079470,-13.696542,-2.813798,0.560668,-18.671924,-23.195503,24.132428,48.830942,3.503102,-4.438354,3.429308
98.000000,25.875467,155.531836,74.256647,-1.325245,4.800642,-146.479016,-17.554172,10.397120,31.442298,1.747388,-13.724594,-7.502486,23.077886,2.963974,-4.403683,3.986613,-26.825664,-2.326442,11.042554,1.572824,14.207221,8.543016,12.528763,-7.666638,59.473244,-13.000954,-2.870780,0.992747,-18.136700,-23.324398,24.906558,47.114915,2.822731,-4.620797,3.517431
99.000000,24.147592,153.685534,73.902369,0.358829,5.150775,-144.856542,-19.262465,10.998397,28.632867,1.744030,-12.019448,-6.121679,23.346703,4.449040,-5.040951,6.230108,-25.913482,-2.023301,9.566177,1.948028,15.316506,5.216587,13.176809,-7.927135,60.931373,-12.776528,-2.047102,1.127629,-19.500742,-22.857677,24.714088,46.685866,2.466030,-4.286844,3.920571
100.000000,21.752295,151.101756,73.800153,0.432024,4.278389,-146.052237,-17.696612,11.186415,31.371281,3.670771,-11.767074,-4.440845,24.496572,2.953920,-3.682326,7.904960,-24.261044,-0.239051,10.061505,1.250716,14.385727,5.412451,12.562262,-8.011582,62.087335,-12.739650,-1.620303,1.193142,-18.414677,-22.518309,25.534590,46.908745,2.109912,-4.083788,4.387026
101.000000,19.688097,148.652959,74.120414,1.256423,2.956663,-145.977413,-17.740469,11.436406,32.423512,5.801976,-9.024451,-1.634668,23.127543,1.908792,-3.526555,11.452755,-19.784732,2.143302,9.613641,0.132867,13.418959,3.390164,12.383376,-7.798614,64.737428,-12.749288,-0.976895,1.056768,-17.527234,-21.439050,25.880133,48.124570,1.456558,-3.679253,5.362942
102.000000,17.447791,145.920193,74.754751,1.926774,1.383462,-145.652833,-17.903403,10.336454,30.566333,7.264544,-7.465262,0.406020,20.921812,0.438040,-4.078808,16.224647,-12.547303,4.661518,8.689194,-1.161351,11.785849,1.576653,12.473303,-7.835211,67.668091,-13.239326,-0.679248,0.687748,-15.946444,-20.000686,25.991394,50.519979,0.734285,-3.323645,6.631417
103.000000,15.138663,143.048263,75.545269,2.553655,0.530877,-144.774495,-16.803502,9.083293,28.942240,8.129797,-8.484922,3.151752,17.941783,-0.883570,-5.429542,23.389015,-3.349427,5.767947,7.287267,-1.679471,10.030119,0.598527,12.681400,-8.264527,69.423962,-13.736511,-0.360447,-0.130602,-13.379653,-18.828236,26.016524,53.273939,0.370144,-2.951526,8.379174
104.000000,12.924272,140.193319,76.360226,3.445251,0.541853,-143.592265,-14.671024,8.278054,27.249637,7.932687,-10.403354,5.319324,13.880926,-2.090889,-7.095589,32.471307,5.367043,4.408585,5.341021,-1.301846,8.724240,-0.283423,13.099396,-8.515770,69.937456,-14.306799,-0.377236,-0.915110,-10.890826,-17.955083,26.164435,55.954778,0.191565,-2.705157,10.267005
105.000000,10.957272,137.469995,77.095973,4.329770,1.039757,-142.282941,-12.104638,7.794264,25.648182,7.157500,-12.013574,6.471357,8.619350,-3.916066,-9.348605,41.873687,8.707887,1.933888,2.852379,-0.595528,8.522365,-1.864234,13.810560,-8.571627,69.426482,-15.217257,-0.717300,-0.651210,-9.560790,-17.330333,26.644221,58.582956,-0.093855,-2.643186,11.513598
106.000000,9.071475,134.963942,77.706498,4.978050,2.017312,-140.977651,-9.135042,7.714067,24.096066,6.334533,-13.386614,6.599230,3.307441,-5.164599,-11.365629,48.905155,4.289497,-1.299799,0.098658,0.445723,9.133931,-3.632856,14.630885,-8.544502,68.050356,-16.150314,-1.045875,0.254534,-8.643584,-17.196897,27.285460,60.602349,-0.657785,-2.648581,12.174851
107.000000,7.143787,132.684278,78.183866,5.302342,2.969187,-139.320209,-6.040089,7.583820,22.596665,5.287302,-14.547121,5.864435,-1.482310,-5.445091,-13.288544,51.988770,-1.321933,-3.544604,-2.960235,1.435803,9.939532,-5.464930,15.545676,-8.453986,66.231627,-16.491751,-1.374988,0.917218,-7.587265,-17.427221,27.495230,61.735928,-1.276073,-2.696940,12.527790
108.000000,5.076991,130.620635,78.499299,5.279152,3.840542,-137.273578,-2.884370,7.445561,21.111456,4.280640,-15.655987,4.534009,-5.537911,-4.399441,-14.847276,51.042752,-7.472886,-4.652490,-6.081930,2.290702,10.701156,-7.136975,16.513796,-8.635353,64.195329,-16.578930,-1.871772,1.493282,-6.011852,-17.827760,27.123764,62.022667,-1.101325,-2.767751,12.446005
109.000000,3.023916,128.608787,78.576559,4.800499,4.247266,-134.928050,0.176400,6.738680,19.581527,3.235237,-16.744472,3.201455,-9.222125,-3.752005,-16.279283,47.289477,-11.728290,-4.495903,-9.198446,2.586989,11.468752,-9.012433,17.577646,-8.745499,61.886582,-16.599767,-2.210803,1.892222,-4.403543,-18.352524,26.473117,61.633339,-0.337722,-2.855453,12.405627
110.000000,1.011494,126.573515,78.409427,3.881716,4.211758,-132.704905,3.387169,5.493423,18.339065,2.146156,-18.051724,2.169959,-12.318717,-4.195965,-18.030571,41.739003,-12.996701,-3.650445,-11.967576,2.320722,12.161125,-10.878437,18.719385,-8.879867,59.391691,-16.370884,-2.594858,2.068811,-2.906828,-18.916183,25.974262,60.882606,0.189950,-2.919386,12.471598
111.000000,-1.035216,124.522519,78.017879,2.522685,3.888676,-130.653066,6.916545,3.909191,17.160946,0.999831,-19.438918,1.392723,-14.701241,-5.387593,-20.008269,35.277408,-12.573126,-2.255846,-14.354305,1.507873,12.869484,-12.599247,19.936310,-9.021512,56.828830,-16.008850,-3.068477,2.403771,-1.622437,-19.356771,25.724360,60.074178,-0.006795,-3.001292,12.339024
112.000000,-3.153861,122.434354,77.428633,0.830944,3.334243,-128.852242,10.703591,2.123891,15.996441,-0.079389,-21.009426,0.981516,-16.560545,-7.099006,-22.088816,28.731447,-10.921671,-0.639329,-16.284814,0.220209,13.540533,-14.066505,21.153712,-9.069576,54.297029,-15.785932,-3.522666,2.708908,-0.533133,-19.508014,25.580324,59.420610,-0.542046,-2.989175,12.288287
113.000000,-5.328524,120.303607,76.680148,-0.895790,2.554896,-127.469949,14.503135,0.324568,14.842541,-0.942652,-22.654848,0.924786,-18.386738,-8.993564,-24.034877,22.634624,-8.430124,0.788341,-17.636221,-1.301214,14.020016,-15.272680,22.306751,-9.004483,51.967487,-15.595224,-3.981161,2.921406,0.394789,-19.343857,25.391836,58.969715,-0.878914,-2.946315,12.438210
114.000000,-7.591388,118.168771,75.850731,-2.380767,1.679885,-126.265479,18.092292,-1.122323,13.604275,-1.635610,-24.077371,0.656982,-20.479065,-10.261238,-24.852897,16.908246,-7.716088,2.225870,-18.656392,-2.776119,14.279181,-16.243076,23.219732,-8.779132,50.134073,-15.328934,-4.306333,3.235608,1.185284,-18.930870,25.073073,58.665034,-0.933360,-2.892987,12.542597
115.000000,-9.953441,115.996790,75.064850,-3.518158,0.884422,-124.746413,21.362803,-1.902825,12.043334,-1.942647,-24.918545,-0.278857,-22.686198,-10.598108,-23.443883,11.765468,-8.659569,4.416312,-19.864415,-3.996368,14.369202,-16.905645,23.668702,-8.473284,49.136675,-15.068955,-4.432888,3.656257,1.803171,-18.411332,24.646092,58.574808,-0.865521,-2.789233,12.464847
116.000000,-12.424049,113.719225,74.495739,-4.025564,0.565670,-123.104232,23.904981,-1.418428,10.259585,-1.088957,-25.577505,-1.505988,-24.062780,-10.490365,-22.147957,8.143608,-10.022667,6.008636,-21.214778,-4.420720,14.203006,-16.873644,23.554041,-8.335845,49.159832,-14.967190,-4.396399,4.002286,2.516594,-17.939459,24.283020,58.722538,-0.870666,-2.695608,12.207436
117.000000,-15.048182,111.211753,74.165934,-4.018350,0.671031,-121.474191,26.085734,-0.011797,8.659807,0.521913,-25.916799,-3.006381,-23.672855,-10.596706,-23.301757,6.915418,-11.207909,6.583005,-22.573077,-4.309281,13.590908,-15.809984,23.087352,-8.511018,49.784402,-14.987387,-4.149288,4.061007,3.730951,-17.468658,24.014141,58.840440,-0.834484,-2.689087,11.991117
118.000000,-17.521566,109.003162,74.121797,-3.919290,-0.313632,-120.816667,26.979952,0.338667,6.972813,1.989734,-23.417797,-4.206562,-23.578853,-11.680037,-23.537913,8.506927,-10.432426,5.602318,-23.211631,-4.169632,13.284230,-15.503092,21.872108,-8.453408,51.663486,-15.111452,-3.645116,3.914330,3.339354,-17.360473,23.754693,58.951294,-0.653314,-2.506298,11.723023
119.000000,-20.266415,106.467652,74.248707,-3.228427,-1.000530,-120.217850,27.485725,1.336234,5.871805,4.130384,-19.843496,-6.357458,-22.607742,-12.387553,-25.103054,11.172289,-8.373989,4.065876,-23.624111,-3.535657,12.223245,-14.382283,20.543462,-8.851960,54.055090,-14.812624,-3.112056,3.109984,3.339640,-17.353176,23.717789,59.094182,-0.364506,-2.386927,11.817649
120.000000,-23.203973,103.841531,74.713731,-2.449492,-1.369452,-119.588768,27.167192,2.854237,5.238185,7.641757,-14.484418,-7.912755,-21.665159,-12.029898,-24.677776,13.262878,-6.144199,2.488262,-23.903195,-2.624592,11.066669,-12.480286,19.027982,-9.288948,56.688145,-14.091541,-2.478438,1.749246,3.389324,-17.572818,23.979816,59.301635,-0.270818,-2.277667,12.104880
121.000000,-26.275232,101.357961,75.512797,-1.807413,-2.112404,-120.214569,25.132834,4.009580,6.780291,13.769251,-6.957341,-8.059902,-21.060060,-10.991286,-22.758938,15.258687,-6.046572,-0.118404,-23.258271,-1.779192,9.769074,-10.155206,17.222221,-9.139525,59.533534,-13.612669,-1.719012,0.185012,2.683731,-18.392052,24.661658,59.751636,-0.239804,-1.982277,12.563519
122.000000,-29.400310,98.863542,76.384324,-1.921079,-2.815506,-121.359415,21.894212,5.125204,8.895789,23.308914,0.294392,-5.937277,-18.867576,-9.937782,-21.354364,16.078025,-7.960867,-3.152258,-21.913397,-1.817214,8.781273,-7.480001,15.706462,-8.795097,61.847875,-14.063225,-0.793137,-0.730740,1.805388,-19.097701,25.213597,60.010568,0.051233,-1.711200,12.663049
123.000000,-32.317984,96.587992,77.218378,-2.656681,-3.591623,-122.899720,17.172849,6.535917,11.185093,34.430304,3.939633,-2.162564,-15.978335,-9.201197,-19.681627,15.869646,-9.688244,-5.349196,-19.528815,-2.448887,8.539676,-5.478783,14.412932,-8.616803,63.835897,-15.123466,-0.024350,-1.272656,0.537656,-19.768697,25.260109,59.901606,0.978526,-1.581869,11.823005
124.000000,-34.927949,94.451112,77.919155,-3.723951,-4.125513,-124.588025,11.930017,6.937075,12.113166,43.685330,0.586941,0.838615,-12.699495,-8.702440,-18.032608,15.208096,-11.396533,-5.922329,-16.332254,-3.458379,9.020956,-4.087297,13.675367,-8.859744,65.253114,-15.796720,0.495686,-1.656937,-0.763172,-20.331583,24.964137,59.246379,2.281744,-1.548185,10.731380
125.000000,-37.290013,92.312425,78.497738,-4.655794,-4.315754,-126.560621,6.887092,5.916360,12.202604,48.750704,-4.363083,2.415889,-9.244205,-8.059913,-16.432156,14.035668,-12.873768,-5.583710,-12.634799,-4.379970,9.750576,-2.794397,13.508315,-9.216936,65.798484,-15.507745,0.580374,-2.232086,-2.251323,-20.882977,24.654273,58.444959,3.377747,-1.604973,10.026042
126.000000,-39.492661,90.135807,78.932881,-5.511820,-4.313863,-128.635524,2.588264,4.406314,12.900025,49.320857,-9.652960,3.320988,-5.740869,-7.569162,-15.022173,12.732918,-14.086050,-4.618019,-8.964184,-5.281143,10.306748,-1.089583,13.644558,-9.160433,65.498953,-15.124991,0.147081,-2.345750,-3.740255,-21.529712,24.604681,57.553749,3.688861,-1.814549,9.473368
127.000000,-41.607952,87.997597,79.170167,-6.019273,-3.956240,-130.748748,-1.039156,4.102542,15.072788,46.515805,-14.144894,4.012903,-2.516425,-6.811394,-13.622736,11.655171,-15.090927,-3.539962,-5.325540,-5.731442,11.018484,0.589069,13.912303,-8.588621,64.568381,-15.129450,-0.516800,-2.062032,-5.595950,-22.315778,24.397326,56.574757,3.447790,-2.110291,8.835669
128.000000,-43.646258,85.909253,79.196173,-6.123648,-3.118648,-132.700723,-3.949197,4.958121,18.317712,41.246884,-16.681263,4.691460,0.660415,-5.590748,-12.405883,10.689397,-15.997659,-2.698043,-2.130629,-5.566968,11.854681,2.206029,14.110180,-7.600303,63.399496,-15.386842,-1.044563,-1.730401,-7.646610,-23.153788,23.992867,55.485028,3.179055,-2.444146,8.015911
129.000000,-45.606831,83.818388,78.983229,-5.761374,-1.736346,-134.528817,-6.187325,6.243071,21.726366,33.985590,-17.520047,4.715909,3.947767,-3.793967,-11.374705,9.681755,-16.878892,-2.105641,0.529484,-4.683097,12.792715,3.640225,14.189200,-6.544982,62.429268,-15.585464,-1.380295,-1.455898,-9.797250,-23.971439,23.382396,54.372250,3.133362,-2.800689,7.024286
130.000000,-47.567958,81.666636,78.505892,-4.968936,0.180725,-136.292048,-8.008617,7.465789,24.403083,25.457896,-16.787118,3.549823,7.484509,-1.403941,-10.075830,8.681120,-17.905302,-1.746863,2.648592,-3.135357,13.811900,4.756702,14.085631,-5.694377,62.040077,-15.686426,-1.569991,-1.222721,-11.988283,-24.683805,22.684643,53.339129,3.350852,-3.169539,5.992400
131.000000,-49.603921,79.417247,77.778155,-3.831643,2.438979,-137.893731,-9.530570,8.766514,27.033528,16.674590,-15.047812,1.139519,11.231786,1.368561,-8.494352,7.810355,-19.104536,-1.656611,4.133042,-1.138884,14.794738,5.586591,13.837672,-5.222472,62.195730,-15.590747,-1.655687,-0.965918,-14.098655,-25.268973,22.019396,52.338660,3.752657,-3.565933,5.002494
132.000000,-51.766491,76.989418,76.889056,-2.704579,4.288810,-139.219420,-11.470212,9.673146,29.822013,9.307208,-14.066096,-1.863085,14.875884,3.529032,-7.162017,7.322034,-20.727275,-1.455846,4.850973,0.467211,15.034906,6.689834,13.591649,-5.107536,62.771030,-15.382030,-1.691257,-0.542987,-15.462669,-25.620709,21.579906,51.282836,4.014086,-4.024450,4.230316
133.000000,-53.931797,74.586219,76.093125,-1.614912,5.843463,-140.769837,-13.571227,10.456770,31.512765,3.612709,-13.407973,-5.118645,18.274938,5.184903,-5.427120,6.952139,-21.846138,-1.208640,5.496660,1.946865,15.256763,7.399491,13.188637,-5.153209,63.707811,-14.974671,-1.627159,-0.083714,-16.661331,-25.961940,21.296115,50.067298,4.205571,-4.404586,3.698127
134.000000,-56.606317,71.690416,75.544554,-1.562925,6.021731,-145.703531,-13.925800,11.299368,34.920896,1.010450,-14.746308,-8.284301,22.116018,4.157761,-0.427415,5.671293,-22.266550,-0.442328,8.547785,2.388110,13.080833,11.072542,11.624284,-5.475519,64.855549,-14.411846,-1.816345,0.163707,-15.132842,-26.608810,22.109157,48.419214,4.137336,-4.869231,3.597663
135.000000,-58.390623,69.731700,75.078249,-0.069440,6.861229,-145.040973,-15.889774,11.953614,30.907996,-0.317483,-12.664409,-7.662379,22.948800,5.583721,-0.829275,7.858924,-21.683105,0.261661,7.759825,2.908026,14.191092,8.780104,12.138721,-5.849708,66.315775,-14.107632,-1.263871,0.508530,-16.507246,-26.360092,21.663535,47.225349,4.318988,-4.812654,3.497682
136.000000,-60.849190,67.086959,74.783689,0.137138,6.358518,-146.606006,-14.724189,12.255574,32.437453,1.280850,-12.590614,-6.653206,24.664163,4.412785,0.724087,9.104675,-20.558376,1.707593,8.133761,2.286959,13.293822,9.233709,11.625635,-6.056995,67.191522,-13.948948,-0.965174,0.535002,-15.907231,-26.220934,22.188867,46.505884,4.218518,-4.900880,3.762080
137.000000,-62.968445,64.639509,74.879491,1.085317,5.426488,-146.930675,-14.556673,13.013436,33.383530,3.570886,-8.921369,-3.752867,23.692456,3.763149,0.800150,12.560481,-16.748799,4.089960,7.801126,1.249788,12.513724,7.431704,11.738901,-6.030944,68.473691,-14.031867,-0.429986,0.297982,-15.360780,-25.492511,22.620697,45.691128,3.976188,-4.593107,4.654100
138.000000,-65.222347,61.988115,75.422436,1.594576,3.871568,-147.393215,-14.567221,12.439776,32.212791,5.440170,-6.448888,-0.683514,21.197074,2.159958,0.180629,17.995592,-9.841562,6.978351,7.316547,-0.501152,11.066555,5.774022,12.164417,-6.027179,69.514503,-14.424072,-0.266868,0.287311,-14.136901,-24.232620,23.105975,46.009459,3.111404,-4.185222,5.846670
139.000000,-67.412013,59.270495,76.201916,1.879530,3.088323,-147.412808,-13.448329,11.458447,30.922319,6.937601,-7.142171,2.644176,17.687243,0.621732,-1.200753,26.180364,-0.894373,8.426873,6.420915,-1.699112,9.796417,4.693187,12.725411,-6.381492,69.690708,-14.884983,-0.370866,0.246603,-12.128729,-22.733653,23.719946,47.627322,2.162802,-3.835620,7.267549
140.000000,-69.432563,56.617445,77.013355,2.656242,3.152384,-147.057576,-11.363124,11.042150,30.079357,7.113366,-8.720581,5.268225,12.989039,-1.118778,-4.021851,36.130649,7.140591,6.507144,4.863228,-1.818718,8.872937,3.555444,13.491804,-6.683350,68.974781,-15.580095,-0.655670,-0.235021,-10.100871,-21.224936,24.468056,49.728787,1.480056,-3.518541,9.208598
141.000000,-71.102518,54.015052,77.716875,3.607169,3.462100,-146.613941,-9.125381,10.684133,29.374994,6.464506,-10.478880,6.448173,7.196122,-5.183685,-9.106363,45.920827,8.914090,2.577658,2.777235,-1.547027,8.705276,1.612805,14.537639,-6.861870,67.607398,-16.448726,-1.042742,-0.245378,-9.011813,-19.830597,25.265116,52.020473,0.919530,-3.365836,10.808177
142.000000,-72.714937,51.697862,78.290319,4.203676,4.246081,-145.615036,-6.506552,10.366442,28.363558,5.640240,-11.813799,6.257890,2.036908,-7.456119,-12.200059,52.036168,2.912448,-1.568635,0.174998,-0.947595,9.390663,-0.832340,15.672545,-6.978441,65.883718,-16.938109,-1.245931,0.074493,-8.172890,-18.951345,25.913739,54.150453,0.553087,-3.127914,11.908901
143.000000,-74.504423,49.714589,78.732479,4.389604,5.136023,-143.827792,-3.638261,9.936115,27.086201,4.570854,-12.845837,5.127097,-1.939360,-6.764149,-13.862917,52.875623,-3.885150,-3.884815,-2.783257,-0.215663,10.138141,-3.191115,16.779524,-7.267524,64.023864,-16.613098,-1.608767,0.604197,-6.681268,-18.533739,26.146756,55.843418,0.299391,-2.866900,12.394013
144.000000,-76.323110,47.949520,78.968304,4.051112,5.657852,-141.363268,-0.939891,8.949506,25.424124,3.377552,-13.672304,3.747770,-5.495547,-5.267985,-14.999334,50.066940,-9.767542,-4.643960,-5.975425,0.021341,11.014690,-5.761465,17.985657,-7.454153,61.743305,-16.505856,-2.032158,1.442462,-5.035599,-18.300169,25.963631,56.950486,0.294746,-2.796579,12.297874
145.000000,-78.076375,46.236897,78.997350,3.214949,5.779113,-138.755255,1.700867,7.413003,23.427021,2.181500,-14.479409,2.732383,-8.440428,-4.619798,-16.415163,44.546921,-12.864378,-4.354188,-8.944105,-0.255283,11.907564,-8.350948,19.218569,-7.642329,59.044035,-16.965847,-2.477661,2.062617,-3.271764,-18.167118,25.569889,57.541987,0.739759,-2.808552,12.274364
146.000000,-79.753226,44.494125,78.809696,1.970922,5.557886,-136.145490,4.522188,5.415347,21.551767,0.798189,-15.379860,2.128541,-10.819395,-5.016749,-18.186415,37.830748,-13.431417,-3.354734,-11.469657,-0.963497,12.753739,-10.961726,20.480162,-7.944460,56.137899,-17.455967,-2.977649,2.411011,-1.490082,-18.119595,25.184697,57.785525,1.089030,-2.831696,12.542518
147.000000,-81.403005,42.741680,78.441638,0.415974,5.108640,-133.587069,7.510695,3.216063,19.774878,-0.460387,-16.397592,1.779524,-12.791150,-6.149779,-20.099976,31.194536,-12.830886,-1.926596,-13.497520,-2.016242,13.570095,-13.600071,21.823252,-8.378006,53.359080,-17.054591,-3.490133,3.026988,0.226226,-18.064105,25.015908,57.898482,0.915264,-2.793939,12.782062
148.000000,-83.052486,41.026792,77.956682,-1.384247,4.422354,-131.193719,10.486633,0.976737,17.986069,-1.277948,-17.649567,1.671584,-14.607845,-7.651156,-21.714669,25.203439,-11.434006,-0.126094,-14.978467,-3.443356,14.358448,-16.124501,23.044396,-8.865181,50.827570,-16.605288,-4.018803,3.828144,1.687856,-17.793988,24.955365,58.223319,0.349329,-2.757951,12.848417
149.000000,-84.729600,39.323360,77.400655,-3.264417,3.525117,-128.906569,13.320360,-1.154721,16.044533,-1.573499,-19.097040,1.641733,-16.402682,-9.111863,-22.314500,19.800981,-9.273783,2.132299,-16.057010,-5.112441,15.099520,-18.382100,24.007750,-9.148924,48.604179,-16.394339,-4.463505,4.755571,2.731730,-17.261025,24.842706,58.897773,-0.443338,-2.624012,13.060665
150.000000,-86.410433,37.620589,76.817298,-5.053640,2.690304,-126.609419,15.986338,-2.845107,13.966826,-1.284885,-20.743078,1.562218,-17.888373,-10.313603,-21.981886,14.630725,-8.096308,4.688527,-16.943898,-6.661180,15.934336,-20.222197,24.501524,-9.077589,46.725737,-16.548440,-4.759902,5.436193,3.408936,-16.695653,24.612728,59.566592,-1.367380,-2.464008,13.474513
151.000000,-88.171822,35.832161,76.290494,-6.333487,2.296741,-124.261489,18.439562,-3.456121,11.937758,-0.373105,-22.644007,1.173822,-18.829513,-10.881512,-21.108201,9.894957,-8.428652,6.890667,-17.795906,-7.413236,16.452503,-21.179947,24.390855,-8.998637,45.508891,-16.686862,-5.047753,5.685356,4.329348,-16.398565,24.492273,59.874750,-1.998766,-2.397782,13.711020
152.000000,-89.872694,34.036857,75.881076,-7.342048,1.854152,-122.071808,20.585741,-3.760983,9.797523,0.588367,-24.034126,0.936231,-19.409113,-11.809101,-20.376189,6.366771,-8.514945,8.660581,-18.489336,-7.912347,17.064753,-21.973204,24.006766,-9.025302,44.968145,-16.353816,-5.132722,5.768741,4.616684,-16.285635,24.197736,59.813155,-2.533818,-2.445551,13.735650
153.000000,-91.768610,32.076409,75.580657,-7.669772,1.896734,-120.043274,22.575010,-2.951155,7.922736,1.775111,-25.533790,0.331794,-19.049254,-12.254208,-21.032579,4.923109,-9.295110,9.843672,-19.102014,-7.696366,16.718865,-21.326400,23.403146,-9.405777,45.208735,-16.009747,-5.017502,5.617311,5.562549,-16.246725,23.995334,59.557378,-2.690412,-2.608050,13.553550
154.000000,-93.610090,30.250275,75.407445,-7.776621,1.604842,-118.244706,23.847804,-2.172385,5.749097,3.054640,-25.995618,-0.462890,-18.297945,-12.937831,-20.912026,5.244440,-9.215227,10.053180,-19.643923,-7.353672,16.343166,-20.322016,22.465997,-9.814174,46.155942,-15.534109,-4.627396,5.357071,5.838570,-16.470484,23.435346,58.935694,-2.619633,-2.795668,13.158239
155.000000,-95.332390,28.632557,75.329310,-7.578049,0.398436,-117.300014,24.163652,-2.276573,3.929398,4.023109,-24.948929,-1.247323,-18.623904,-13.837307,-19.071375,7.126419,-7.342540,9.804954,-19.691748,-7.038790,16.094912,-19.957504,20.972849,-9.859927,48.357842,-14.679077,-4.155709,4.867760,4.354484,-17.326170,22.231868,57.754741,-2.140602,-2.740264,12.465891
156.000000,-97.280902,26.785976,75.411379,-7.077413,-0.256058,-116.235050,24.733114,-1.565010,2.547686,5.029059,-23.462431,-2.505415,-18.437585,-13.968736,-18.102293,8.832305,-4.593578,9.473304,-19.976633,-6.384691,15.295420,-18.316684,19.598792,-10.114667,51.077968,-13.850151,-3.703607,4.191310,3.320482,-18.164818,21.266356,56.389994,-1.480336,-2.805961,11.491132
157.000000,-99.283695,25.019923,75.746113,-6.290924,-0.679201,-115.463769,24.633525,-0.435623,2.174936,6.823558,-21.120907,-3.975583,-18.329718,-13.614307,-17.252549,10.612732,-1.742307,8.510810,-20.291645,-5.391913,14.268161,-15.886378,18.252805,-10.291825,54.548804,-13.183495,-3.160856,3.415732,2.021773,-19.253321,20.593297,54.817312,-0.618229,-2.933162,10.100026
158.000000,-101.315081,23.359974,76.248235,-5.440948,-1.088005,-115.245887,23.802864,0.708119,2.832549,9.715777,-17.973885,-5.096373,-18.105303,-12.939312,-16.971326,12.031196,-0.838344,6.405204,-20.344914,-4.318834,13.183765,-12.998832,16.897615,-10.054594,58.438962,-12.882386,-2.309636,2.476393,0.362701,-20.643890,19.950977,52.783808,0.216393,-3.104959,8.723744
159.000000,-103.339303,21.753910,76.823050,-4.779396,-1.604775,-115.118325,22.299000,1.712287,3.998742,13.874592,-13.950717,-5.965566,-17.428368,-12.201307,-16.643416,12.792314,-1.542573,4.088229,-20.251299,-3.444430,12.121977,-9.952413,15.658367,-9.479283,62.299330,-13.085400,-1.550545,2.421799,-1.322809,-22.154168,19.128845,50.145480,1.266842,-3.465374,6.385210
160.000000,-105.246139,20.277902,77.448910,-4.220124,-2.546181,-115.262747,19.546784,2.326547,5.578626,19.770915,-9.543370,-5.827283,-16.762314,-11.878822,-16.220425,12.959692,-2.431806,1.925968,-19.745981,-2.703794,11.218841,-7.645918,14.292289,-8.908890,66.258968,-14.277029,-1.114634,3.169572,-3.229669,-24.030031,18.390033,46.630958,2.809064,-3.790025,2.794274
161.000000,-106.985676,18.848969,78.049558,-4.145501,-3.438817,-115.090137,16.435132,3.107395,7.607258,26.906601,-5.577103,-4.453480,-15.385003,-11.978644,-16.145457,12.854589,-3.536119,0.193229,-18.833448,-2.470320,10.738709,-6.212691,13.663875,-9.156104,70.321401,-15.590445,-1.064685,3.843718,-4.890348,-25.865832,17.283659,43.037787,4.701683,-4.391242,-0.550040
162.000000,-108.580220,17.593761,78.602785,-4.536368,-4.336484,-115.032706,13.468452,4.721334,11.481091,33.864962,-2.807292,-1.881203,-13.802116,-12.340567,-15.933276,12.770782,-4.593860,-1.200301,-17.410905,-2.541855,10.845979,-3.826734,13.282549,-8.447948,70.916358,-15.883373,-0.724493,2.654796,-6.419657,-26.948967,15.037377,39.725616,5.664980,-4.909630,-2.939860
163.000000,-110.021019,16.508093,79.059792,-5.113296,-5.206596,-114.782358,10.873885,7.308249,16.768473,39.442676,-4.576444,1.136388,-12.214861,-12.938191,-15.962010,12.785928,-5.850939,-1.874360,-15.777573,-2.822986,11.421643,-1.675484,13.340685,-7.491239,69.710495,-15.573284,-0.573693,2.018802,-8.090443,-27.740981,12.740548,36.777075,6.769897,-5.422357,-5.800484
164.000000,-111.215973,15.499440,79.396087,-5.545535,-5.779816,-114.533741,8.398694,8.674001,20.175911,42.365536,-8.844318,3.233804,-10.665896,-13.295028,-16.187434,12.635952,-7.061482,-2.002914,-14.053750,-2.920327,12.159366,0.164313,13.554451,-6.627346,67.670147,-15.427987,-0.783058,2.029160,-9.830213,-28.389637,10.625695,34.326086,7.582357,-6.054608,-9.323894
165.000000,-112.205887,14.540215,79.595894,-5.677538,-5.930117,-114.308343,5.983850,8.899608,21.965369,42.407261,-12.708669,3.570297,-9.248863,-13.178273,-16.632662,12.395778,-8.215712,-1.900140,-12.377531,-2.633069,12.847588,1.679222,13.844268,-5.968000,65.409190,-15.371117,-1.131505,2.063940,-11.528547,-28.919694,8.832470,32.340321,8.239133,-6.714444,-12.713625
166.000000,-113.078654,13.660136,79.683012,-5.577993,-5.822516,-113.918994,3.848327,9.234400,23.989803,40.305844,-15.242467,3.410159,-7.988493,-12.785202,-17.345320,12.167150,-9.327837,-1.850312,-10.931755,-2.042938,13.436452,2.753762,14.112427,-5.436282,63.270474,-15.286004,-1.551119,2.425244,-13.126672,-29.398613,7.289977,30.853194,8.658594,-7.263601,-16.168081
167.000000,-113.875318,12.789820,79.698473,-5.469538,-5.663483,-113.133456,2.390803,9.800139,26.872259,36.669298,-16.636877,3.732523,-6.621264,-12.477373,-18.435818,11.997122,-10.549562,-1.850769,-10.063855,-1.473368,13.602432,3.648854,14.275210,-4.946605,61.744391,-15.489868,-1.931865,2.848775,-14.109236,-29.672162,6.028193,29.853480,9.172024,-7.741999,-18.372978
168.000000,-114.586842,11.985274,79.664946,-5.242681,-5.245995,-112.331472,1.183718,10.555477,29.802110,32.568487,-17.158499,3.822808,-5.423802,-11.887270,-19.539016,11.937303,-11.592439,-1.953804,-9.343874,-0.587489,14.000945,4.063396,14.320126,-4.574660,60.200160,-15.531251,-2.196780,3.267969,-15.026563,-29.835964,4.874381,29.134821,9.896518,-8.067828,-20.261133
169.000000,-115.238953,11.180137,79.606903,-5.064986,-4.660752,-111.640196,0.213282,11.061975,32.160994,28.615332,-17.070859,3.546096,-4.150069,-11.115275,-20.588593,11.831343,-12.545580,-2.135624,-8.790185,0.424042,14.442746,4.246203,14.228233,-4.419249,58.788292,-15.587397,-2.378257,3.826093,-15.674343,-29.947296,3.975865,28.727882,10.568374,-8.198251,-22.244437
170.000000,-115.842867,10.388613,79.527998,-4.979740,-4.011772,-111.099090,-0.572874,11.407423,33.985263,25.301777,-16.243066,2.745132,-2.845350,-10.273970,-21.497172,11.716107,-13.429092,-2.411897,-8.360540,1.467934,14.927433,4.254366,14.071039,-4.503541,57.519154,-15.379496,-2.537309,4.240817,-16.039543,-29.882911,3.271191,28.450540,11.438816,-8.303593,-23.796106
171.000000,-116.397202,9.632779,79.443187,-4.964460,-3.408136,-110.678382,-1.204915,11.671760,35.273436,22.692930,-15.120089,1.753357,-1.604395,-9.470761,-22.186609,11.594699,-14.228337,-2.685693,-8.046024,2.444158,15.382856,4.137916,13.840681,-4.686537,56.434920,-15.036013,-2.626762,4.477775,-16.119475,-29.538027,2.587327,28.095828,12.807556,-8.513074,-24.905610
172.000000,-116.886985,8.926437,79.371291,-4.980402,-2.923054,-110.321190,-1.648008,11.896769,36.144326,20.543507,-14.403479,0.894259,-0.489213,-8.804958,-22.692636,11.486537,-14.893501,-2.871510,-7.845101,3.285704,15.725220,3.926284,13.595066,-4.870107,55.548675,-14.612519,-2.663911,4.670477,-15.942519,-29.090148,1.943389,27.625465,14.136285,-8.805150,-25.732126
173.000000,-117.309225,8.268951,79.313707,-4.984330,-2.567570,-110.059956,-1.905021,12.170998,36.836303,18.803924,-13.761702,0.341695,0.450327,-8.293330,-23.095163,11.393054,-15.470285,-3.038446,-7.698785,4.004819,15.986184,3.649807,13.321406,-5.002250,54.799871,-14.326043,-2.681998,4.930648,-15.626616,-28.610947,1.414595,27.076550,15.077566,-9.161210,-26.561315
174.000000,-117.656386,7.655005,79.269975,-4.946402,-2.335390,-109.877686,-2.020303,12.479863,37.379918,17.398126,-13.209682,0.014485,1.190125,-7.921324,-23.306503,11.338473,-15.965489,-3.182759,-7.661789,4.628774,16.127998,3.378954,13.023432,-5.185143,54.174161,-14.225413,-2.700079,5.268494,-15.357042,-28.073384,1.006256,26.555265,15.802346,-9.582866,-27.638379
175.000000,-117.927897,7.067632,79.231679,-4.882794,-2.191493,-109.903831,-2.025569,12.725003,37.430550,16.184963,-12.772632,-0.263836,1.751535,-7.657916,-23.292507,11.314437,-16.423378,-3.305314,-7.669755,5.151414,16.139083,3.193469,12.758115,-5.458842,53.693377,-14.238591,-2.726968,5.651713,-15.245863,-27.416984,0.631664,26.216110,16.618957,-10.073697,-29.064572
176.000000,-118.112993,6.563587,79.188710,-4.717030,-1.997138,-110.167380,-2.299238,13.012552,36.299143,15.196391,-12.371957,-0.762583,1.967644,-7.352301,-22.983079,11.412339,-16.743879,-3.462546,-7.585858,5.694133,16.349914,2.631735,12.604102,-5.823155,53.412045,-14.253853,-2.694018,5.779177,-15.646758,-26.712472,0.261914,26.053531,17.841911,-10.676218,-30.380425
177.000000,-118.227935,5.999403,79.123139,-4.574788,-1.851108,-110.715897,-2.459170,12.895360,34.272452,14.051817,-12.207869,-1.505874,2.195881,-7.095411,-22.418872,11.461267,-17.162020,-3.489377,-7.483765,6.138651,16.307695,2.360916,12.517865,-6.158426,53.390025,-14.202943,-2.674302,5.575945,-16.157933,-26.071874,-0.052657,26.196811,19.109430,-11.132370,-30.305952
178.000000,-118.278563,5.446002,79.052162,-4.413873,-1.692769,-111.457978,-2.655997,12.575881,31.235254,12.999451,-12.198762,-2.417744,2.354563,-6.831665,-21.645496,11.462179,-17.503401,-3.449335,-7.342762,6.549410,16.210173,2.165596,12.471345,-6.518242,53.514761,-14.156783,-2.740954,5.712869,-16.767032,-25.541178,-0.363481,26.550378,20.698233,-11.827968,-30.913856
179.000000,-118.282187,4.900154,78.975165,-4.235882,-1.514414,-112.404564,-2.797332,12.082100,27.347563,12.053200,-12.094240,-3.408744,2.462235,-6.544916,-20.723501,11.384803,-17.780779,-3.398367,-7.142797,6.908863,16.100028,1.995959,12.439956,-6.929514,53.741288,-14.337113,-2.760348,5.781345,-17.460014,-25.147409,-0.515546,27.059394,22.604197,-12.487847,-30.915253
180.000000,-118.238699,4.348138,78.905368,-4.021110,-1.308119,-113.505872,-2.814899,11.439338,22.924215,11.205841,-11.791650,-4.356780,2.502181,-6.227302,-19.613725,11.299373,-17.963046,-3.346352,-6.893073,7.230787,15.955155,1.804194,12.458953,-7.421990,54.098104,-14.652888,-2.775774,5.933962,-18.182307,-24.992772,-0.431741,27.779141,24.404647,-13.075720,-30.914437
181.000000,-118.188393,3.725189,78.819001,-3.837372,-1.082190,-114.882438,-2.402922,10.612671,18.491113,10.323226,-11.450221,-5.378361,2.638075,-5.879357,-18.327988,11.156824,-18.204561,-3.218766,-6.502764,7.461484,15.567813,2.032099,12.496350,-7.910921,54.412261,-14.873720,-2.842398,6.073683,-18.465884,-24.826160,-0.155846,28.349825,25.734112,-13.540315,-30.735715
182.000000,-118.109858,3.162969,78.730673,-3.543366,-0.796808,-116.203364,-2.005750,9.926946,14.243820,9.565155,-10.790142,-6.362322,2.567099,-5.479217,-17.086119,11.120853,-18.348475,-3.103833,-6.139303,7.659660,15.273044,2.018055,12.613414,-8.251431,54.715614,-15.015081,-2.931863,6.175562,-18.853192,-24.942198,0.183695,28.939348,26.480760,-13.855623,-30.179355
183.000000,-118.017220,2.613760,78.657156,-3.212094,-0.592416,-117.247044,-1.552903,9.800811,12.030568,9.001744,-10.623103,-6.743940,2.455076,-5.209889,-16.084059,11.127228,-18.489898,-2.945390,-6.053970,7.705554,14.936941,1.901677,12.735722,-8.442160,55.011911,-15.088002,-3.017068,6.354475,-19.224949,-25.173198,0.582330,29.440468,27.214057,-14.111497,-29.671844
184.000000,-117.908692,2.052885,78.593880,-2.887361,-0.418880,-118.244030,-1.019866,10.003504,11.107962,8.444387,-10.740447,-6.909147,2.374146,-5.007154,-15.152852,11.099301,-18.598812,-2.708039,-6.129094,7.579918,14.548650,1.834785,12.874308,-8.540436,55.322586,-15.135592,-3.027845,6.373649,-19.516861,-25.456585,1.017181,30.046306,27.578187,-14.081727,-29.113538
185.000000,-117.769039,1.459451,78.542346,-2.542202,-0.246934,-119.271431,-0.495310,10.114480,10.407891,7.891690,-10.922148,-7.007818,2.285540,-4.828460,-14.196894,11.051841,-18.644816,-2.439734,-6.291004,7.333574,14.069979,1.819494,13.068674,-8.599103,55.725625,-15.144447,-2.939408,6.110829,-19.644640,-25.954628,1.557214,30.684830,27.159667,-13.733799,-28.100696
186.000000,-117.587173,0.849554,78.512430,-2.185148,-0.125397,-120.237293,0.003770,10.153825,10.185390,7.529950,-11.429207,-6.902822,2.170007,-4.756180,-13.339574,10.993422,-18.624623,-2.144479,-6.563193,7.002923,13.575010,1.761655,13.243963,-8.668342,56.219471,-15.158346,-2.832041,5.791717,-19.557907,-26.586827,2.196841,30.929859,26.758335,-13.386746,-26.798959
187.000000,-117.364240,0.251047,78.491616,-1.816357,-0.020985,-121.152666,0.488814,10.190870,10.696328,7.235106,-12.138303,-6.679834,2.009630,-4.737373,-12.564988,10.940396,-18.545705,-1.854133,-6.940786,6.610570,13.107723,1.646839,13.401933,-8.731632,56.727836,-15.237986,-2.701360,5.501583,-19.230857,-27.327379,3.071938,30.679717,26.550470,-13.030463,-25.244355
188.000000,-117.100930,-0.304633,78.477031,-1.436800,0.069638,-122.071651,0.940263,10.254745,11.947966,6.963383,-12.767219,-6.227130,1.746155,-4.739388,-11.782860,10.948858,-18.423281,-1.613824,-7.333044,6.151994,12.635024,1.501235,13.611934,-8.725700,57.118393,-15.203798,-2.605856,5.360895,-18.727747,-28.322815,4.332342,30.082380,25.824829,-12.616789,-23.651717
189.000000,-116.798186,-0.856500,78.467411,-1.074509,0.157321,-123.035663,1.451730,10.274211,13.449835,6.656400,-13.408026,-5.670048,1.450640,-4.777613,-10.973384,10.984526,-18.251459,-1.360142,-7.717205,5.685648,12.174013,1.387058,13.764861,-8.613207,57.299208,-15.154252,-2.613742,5.439557,-18.132873,-29.519149,5.805153,29.050441,24.543901,-12.285719,-22.286624
190.000000,-116.452444,-1.428248,78.452355,-0.736856,0.272474,-124.018892,1.974648,10.227252,14.563533,6.342174,-14.176508,-5.181680,1.214892,-4.835319,-10.151790,10.941598,-18.034080,-1.016880,-8.125054,5.283487,11.791779,1.309426,13.842534,-8.505705,57.232464,-15.112248,-2.611570,5.537204,-17.512494,-30.847033,7.293232,27.438760,23.252211,-12.044660,-21.052304
191.000000,-116.076028,-1.985699,78.425854,-0.406403,0.421415,-125.023743,2.490501,10.174772,15.493948,6.007923,-14.955806,-4.849383,0.929421,-4.887653,-9.330403,11.003663,-17.839944,-0.694426,-8.536263,4.909081,11.466679,1.277627,13.923552,-8.418609,56.889055,-15.049492,-2.636925,5.745305,-16.961315,-32.118582,8.815036,25.432993,22.647809,-11.963945,-20.100253
192.000000,-115.679896,-2.529887,78.412741,-0.095239,0.586140,-126.047858,3.094444,10.082093,16.562430,5.544643,-15.567543,-4.523002,0.632664,-4.949835,-8.574507,11.083717,-17.543035,-0.359763,-8.966863,4.521020,11.186451,1.271598,14.021504,-8.349692,56.408313,-14.935891,-2.703205,5.915431,-16.484187,-33.390596,10.455619,23.052186,22.426523,-11.914076,-18.757767
193.000000,-115.249920,-3.045829,78.408736,0.202111,0.737908,-127.112771,3.740204,9.921097,17.695844,4.938790,-16.054696,-4.155087,0.252635,-5.032291,-7.824739,11.227997,-17.165549,0.068595,-9.318006,4.121279,10.937507,1.247108,14.164372,-8.267386,55.899890,-14.546363,-2.774980,5.870395,-16.140225,-34.841587,12.180388,20.209061,21.965767,-11.779454,-16.855537
194.000000,-114.781630,-3.525202,78.400326,0.463137,0.880674,-128.175214,4.370343,9.696279,18.780298,4.288937,-16.460479,-3.832237,-0.196950,-5.154142,-7.047767,11.454035,-16.776700,0.520880,-9.656882,3.708133,10.719576,1.231217,14.313386,-8.157423,55.385738,-14.203175,-2.802145,5.872094,-16.073786,-36.309221,14.001706,17.000293,21.826617,-11.602803,-15.109512
195.000000,-114.286304,-3.966878,78.387356,0.662170,1.035059,-129.242112,5.014360,9.421707,19.895590,3.641178,-16.807794,-3.559149,-0.668050,-5.307381,-6.288660,11.743774,-16.387606,0.969260,-9.995931,3.260543,10.562494,1.237061,14.466778,-8.015894,54.869092,-13.976162,-2.799402,5.840014,-16.233464,-37.716796,15.846194,13.606263,22.241898,-11.356652,-13.148216
196.000000,-113.770509,-4.400678,78.370857,0.849532,1.197468,-130.271017,5.605563,9.113596,20.899293,3.040355,-17.117009,-3.250336,-1.159817,-5.466782,-5.554555,12.083217,-15.960125,1.419409,-10.315003,2.834477,10.426916,1.244870,14.632348,-7.920865,54.361984,-13.726857,-2.746499,5.601620,-16.542913,-39.256488,17.777562,10.053790,22.645043,-10.985484,-10.595999
197.000000,-113.232577,-4.776875,78.355622,1.190288,1.291881,-131.198249,5.807816,8.895548,21.711594,2.606965,-17.414148,-3.384865,-1.919970,-5.544821,-4.905109,12.516182,-15.590448,2.047230,-10.587107,2.536739,10.120294,1.178501,14.703343,-7.492321,54.094764,-13.171290,-2.224838,4.522600,-16.875307,-40.913646,19.378591,6.192185,24.276220,-10.407000,-10.052966
198.000000,-112.736857,-5.104676,78.317207,1.624245,1.214909,-132.089937,5.716429,8.708029,22.555955,2.349171,-17.732733,-3.767230,-2.930323,-5.657642,-4.341685,13.039476,-15.098225,3.053044,-10.892117,2.241016,9.699267,1.502797,14.786637,-6.383668,52.763556,-13.181965,-0.955427,2.482673,-17.456567,-42.562952,20.765445,1.843511,26.497248,-9.469975,-12.022143
199.000000,-112.174332,-5.487452,78.299886,1.841829,1.335503,-133.065424,6.040807,8.414664,23.448116,1.945533,-18.014144,-3.560629,-3.651611,-5.796250,-3.700487,13.572659,-14.567238,3.564994,-11.202833,1.836247,9.609033,1.777612,15.051008,-5.683961,51.462183,-13.812944,-0.097967,1.491248,-18.369982,-43.842271,22.532111,-2.346738,27.987685,-8.598155,-10.875196
200.000000,-111.590636,-5.786287,78.255349,1.979718,1.552659,-134.219271,6.603293,8.067530,24.523168,1.285732,-18.247253,-3.294494,-4.364128,-5.917644,-3.198852,14.154560,-13.890755,4.112692,-11.496320,1.444365,9.598514,1.934913,15.139043,-4.642633,51.157325,-13.644636,0.597530,1.965030,-19.914062,-45.204955,24.719949,-6.460998,29.633059,-7.773014,-9.218857
201.000000,-111.044526,-6.113095,78.230309,2.073552,1.783741,-135.201589,7.158878,7.747397,25.472248,0.662774,-18.404735,-3.133891,-4.999254,-6.028303,-2.846441,14.793392,-13.309103,4.645923,-11.934456,1.169025,9.785544,2.492147,14.987390,-4.505142,50.621189,-11.266760,0.555344,2.932061,-21.355167,-45.888421,26.277522,-10.239760,31.278821,-7.337210,-8.016294
202.000000,-110.507822,-6.350699,78.178698,2.165605,1.957111,-135.979565,7.396172,7.451490,26.127606,0.408662,-18.671659,-2.828201,-5.710912,-6.224103,-2.696304,15.534461,-12.755300,5.228952,-12.213679,0.757436,10.035180,2.379170,15.796365,-5.380128,50.305521,-11.135686,0.660353,3.639812,-23.070890,-46.897940,27.355683,-14.000367,33.504574,-7.140623,-7.059834
203.000000,-109.985960,-6.587210,78.138727,2.232569,2.161608,-136.730005,7.664372,7.179394,26.729909,0.158214,-18.913806,-2.588909,-6.375665,-6.447580,-2.672120,16.305577,-12.139221,5.640962,-12.411128,0.379935,10.293700,2.305606,16.180317,-5.798586,50.353630,-11.233755,0.720658,3.818832,-24.622798,-47.601542,27.940579,-17.544627,35.499386,-6.991983,-5.982202
204.000000,-109.497631,-6.809601,78.103524,2.262384,2.390405,-137.478085,7.939659,6.939520,27.314548,0.011996,-19.183961,-2.311408,-6.934363,-6.805994,-3.075077,16.972959,-11.589449,5.966589,-12.581739,0.020309,10.528116,2.335450,16.496993,-6.113666,50.542177,-11.284939,0.839907,3.784234,-26.198712,-48.190547,28.426583,-20.965959,37.142442,-6.666193,-5.260030
205.000000,-109.044158,-7.028516,78.066963,2.238636,2.647505,-138.285917,8.280078,6.715675,27.993231,-0.072069,-19.469538,-2.038440,-7.302001,-7.510074,-4.502057,17.421045,-11.441723,6.104593,-12.613329,-0.330676,10.735463,2.418649,16.840731,-6.440436,50.900120,-11.249618,0.995241,3.819053,-27.836566,-48.869259,28.839852,-24.277363,38.385434,-6.354263,-5.270565
206.000000,-108.643603,-7.239743,78.024030,2.162328,2.934477,-139.090845,8.679351,6.521360,28.719836,-0.108809,-19.769250,-1.878842,-7.402957,-8.382286,-6.757904,17.555787,-12.405824,6.048478,-12.508438,-0.677218,10.941972,2.520106,17.195457,-6.759532,51.373633,-11.244225,1.139810,3.846894,-29.515754,-49.506509,29.031183,-27.503729,39.778643,-6.246365,-5.141286
207.000000,-108.315015,-7.410417,77.978432,2.028777,3.212860,-139.850229,9.082228,6.353765,29.447070,-0.053206,-20.066435,-1.818746,-7.295258,-9.133960,-9.115981,17.315424,-13.950754,5.486990,-12.301332,-1.054002,11.116917,2.674978,17.549152,-6.988670,51.862429,-11.233832,1.296913,3.878122,-31.247941,-50.086689,29.079158,-30.525929,41.496309,-6.052910,-5.134669
208.000000,-108.055115,-7.563719,77.922916,1.801482,3.392852,-140.392514,9.423595,6.074030,29.979739,0.068621,-20.370798,-1.700644,-7.127455,-9.448008,-10.300644,16.760062,-14.679181,4.974132,-12.144420,-1.542744,11.174185,2.941937,17.904393,-7.107428,52.330126,-11.221946,1.431890,3.808445,-33.197503,-50.702526,29.016399,-33.224622,43.215218,-5.947746,-5.236278
209.000000,-107.831216,-7.700346,77.878517,1.579847,3.456100,-140.730483,9.619869,5.718961,30.260887,0.182321,-20.629429,-1.332132,-7.089318,-9.320316,-9.632714,16.450857,-13.760437,4.559834,-12.065703,-2.053555,11.132297,3.236789,18.196633,-7.109531,52.779092,-11.201891,1.562526,3.738513,-35.299855,-51.227180,29.028519,-35.581734,44.741581,-5.836982,-5.378856
210.000000,-107.635736,-7.840638,77.863419,1.429056,3.523463,-140.979555,9.778377,5.422636,30.442573,0.229894,-20.771317,-0.960866,-7.007197,-9.290774,-8.781500,16.161916,-11.852070,4.093565,-12.003561,-2.447824,11.094194,3.516428,18.397856,-7.075169,53.217607,-11.218033,1.688165,3.572716,-37.544355,-51.604852,29.106899,-37.546052,45.874928,-5.736431,-5.704009
211.000000,-107.470453,-7.976469,77.871484,1.361463,3.653395,-141.019911,9.902920,5.261112,30.465161,0.249496,-20.823418,-0.694907,-6.773981,-9.309902,-8.410794,15.567314,-10.168683,3.778792,-12.118521,-2.638370,11.073002,3.826781,18.495222,-7.049659,53.610923,-11.245813,1.770316,3.344320,-39.818732,-51.930444,29.201989,-39.166340,47.103215,-6.050613,-6.219860
212.000000,-107.320583,-8.095696,77.890611,1.383499,3.784050,-140.942293,9.920443,5.215221,30.383714,0.299912,-20.847884,-0.561821,-6.481260,-9.341443,-8.504607,15.061598,-9.451611,3.846726,-12.291684,-2.664409,11.077783,4.099163,18.483617,-7.049454,53.912623,-11.268389,1.810244,3.159102,-42.059933,-52.308850,29.296266,-40.507397,48.160152,-6.296674,-6.824766
213.000000,-107.188201,-8.186974,77.902240,1.425098,3.866451,-140.773501,9.824074,5.202562,30.234290,0.438177,-20.906053,-0.527371,-6.192935,-9.419378,-8.757354,14.608941,-9.119161,4.057831,-12.482419,-2.650449,11.092978,4.345326,18.403837,-7.059205,54.113376,-11.253202,1.814087,3.005831,-44.150814,-52.695644,29.248540,-41.583179,48.930406,-6.545620,-7.483385
214.000000,-107.084668,-8.260571,77.899581,1.482659,3.890746,-140.660071,9.714772,5.180569,30.164704,0.524208,-20.965100,-0.524279,-6.010537,-9.490217,-8.937619,14.220996,-8.887364,4.265836,-12.557035,-2.640045,11.070408,4.578203,18.325389,-7.069134,54.206618,-11.256083,1.763411,2.943994,-46.031011,-53.043208,29.129859,-42.430897,49.610154,-7.140730,-8.128479
215.000000,-107.002938,-8.318529,77.893108,1.548947,3.874515,-140.638665,9.629977,5.140759,30.181301,0.517131,-20.982438,-0.553728,-5.926033,-9.547479,-9.075672,13.915950,-8.694478,4.476670,-12.446017,-2.634263,11.007361,4.746812,18.258948,-7.075450,54.265966,-11.216754,1.718657,2.903078,-47.702485,-53.312198,29.032709,-42.983712,49.798445,-7.603791,-8.961572
216.000000,-106.933022,-8.364291,77.891463,1.607770,3.842423,-140.695392,9.587134,5.077593,30.245621,0.433402,-20.949903,-0.546473,-5.910701,-9.579787,-9.131686,13.681902,-8.530922,4.635799,-12.188921,-2.644404,10.890793,4.875229,18.203988,-6.997971,54.361933,-11.123728,1.715984,2.754424,-49.208815,-53.519634,28.960330,-43.298383,49.319932,-7.645659,-9.629903
217.000000,-106.881905,-8.413854,77.893770,1.656555,3.801527,-140.745164,9.561294,4.999305,30.295830,0.331843,-20.900317,-0.482453,-5.909499,-9.602923,-9.148744,13.498299,-8.409169,4.697902,-11.891321,-2.651332,10.740780,4.951099,18.130696,-6.872402,54.490693,-11.089826,1.710051,2.647927,-50.403808,-53.585242,28.926995,-43.537029,48.730674,-7.807249,-10.114139
218.000000,-106.856453,-8.461951,77.899545,1.707427,3.780071,-140.719058,9.529938,4.963158,30.281312,0.256792,-20.839259,-0.462495,-5.871019,-9.597925,-9.168206,13.338095,-8.331596,4.666066,-11.675250,-2.661261,10.625598,4.995433,18.107815,-6.785030,54.580329,-11.094679,1.674082,2.577096,-51.436160,-53.648523,28.910364,-43.669159,48.106112,-8.190758,-10.699483
219.000000,-106.861663,-8.507778,77.905625,1.743201,3.807887,-140.588429,9.532127,4.977591,30.183603,0.223959,-20.795744,-0.521444,-5.714219,-9.586937,-9.278919,13.157015,-8.294206,4.645086,-11.583781,-2.692245,10.573129,5.034483,18.164716,-6.797801,54.601741,-11.062611,1.589083,2.487375,-52.395126,-53.807069,28.940051,-43.649673,47.279997,-8.483524,-11.236896
220.000000,-106.888771,-8.550507,77.909952,1.755930,3.857897,-140.387746,9.568352,5.000924,30.028517,0.196760,-20.764701,-0.601710,-5.472652,-9.594097,-9.468560,12.952057,-8.280361,4.672835,-11.550122,-2.740853,10.538527,5.034386,18.265037,-6.873291,54.626641,-11.052337,1.481938,2.384331,-53.303346,-54.093138,28.931711,-43.440191,46.358232,-8.865255,-11.571216
221.000000,-106.924486,-8.585395,77.913612,1.763423,3.883605,-140.201279,9.593623,5.013184,29.895704,0.168986,-20.738413,-0.645464,-5.266441,-9.614815,-9.654128,12.780912,-8.291172,4.720062,-11.442455,-2.804416,10.475680,4.936238,18.368107,-6.921219,54.716027,-11.042823,1.394157,2.414760,-54.167734,-54.507901,28.772022,-43.031718,45.152205,-9.348226,-12.081048
222.000000,-106.962025,-8.609302,77.916694,1.758351,3.893345,-140.078729,9.620588,5.014070,29.810883,0.151604,-20.725215,-0.662683,-5.134467,-9.637982,-9.781493,12.697857,-8.337754,4.736851,-11.222912,-2.882963,10.418185,4.765032,18.473363,-6.892739,54.792590,-11.009550,1.336074,2.400721,-55.006177,-55.007758,28.486950,-42.571049,43.588727,-9.619665,-12.550215
223.000000,-107.005584,-8.625685,77.917600,1.739831,3.900857,-140.006419,9.652560,5.019746,29.770858,0.170084,-20.740669,-0.682290,-5.056541,-9.661604,-9.882254,12.702295,-8.396419,4.741809,-10.959793,-2.971477,10.366525,4.607897,18.594898,-6.835632,54.771956,-10.976930,1.262291,2.361082,-55.855706,-55.513756,28.171590,-42.130697,41.947334,-9.861026,-13.113676
224.000000,-107.053554,-8.634907,77.917510,1.717536,3.904817,-139.940497,9.669283,5.035614,29.718901,0.223874,-20.770547,-0.724597,-4.997135,-9.687210,-9.979706,12.738020,-8.457572,4.769488,-10.678367,-3.075205,10.376363,4.437566,18.735660,-6.803350,54.660136,-10.923065,1.198396,2.246660,-56.781818,-56.103519,27.855419,-41.756160,40.646271,-9.909921,-13.595738
225.000000,-107.113326,-8.650565,77.917373,1.708005,3.901172,-139.885417,9.687768,5.056031,29.663935,0.262020,-20.809766,-0.741568,-4.940849,-9.695798,-10.028887,12.764707,-8.536624,4.751309,-10.488287,-3.117706,10.351747,4.343710,18.843951,-6.778890,54.518795,-10.892294,1.160078,2.101247,-57.728049,-56.687777,27.760983,-41.453449,39.790452,-10.058787,-14.069558
226.000000,-107.177913,-8.656171,77.919978,1.714823,3.875286,-139.838070,9.688787,5.077263,29.632786,0.270933,-20.812555,-0.754061,-4.908452,-9.692915,-10.062209,12.768815,-8.596043,4.727442,-10.351550,-3.139433,10.298714,4.273103,18.951349,-6.827803,54.416383,-10.911608,1.129464,1.998937,-58.760220,-57.235028,27.749636,-41.067605,38.975105,-10.117896,-14.439737
227.000000,-107.250667,-8.662438,77.925676,1.726956,3.836100,-139.780335,9.680136,5.096402,29.585098,0.269898,-20.790818,-0.774910,-4.869275,-9.692326,-10.120598,12.742017,-8.650852,4.724837,-10.238512,-3.152528,10.189744,4.226334,19.038539,-6.927649,54.401442,-10.940959,1.087816,1.884228,-59.847361,-57.840665,27.718349,-40.646917,38.170888,-10.194986,-14.577347
228.000000,-107.326674,-8.662041,77.933979,1.749817,3.780189,-139.712669,9.648545,5.115439,29.525504,0.261126,-20.765563,-0.805350,-4.839599,-9.692245,-10.193927,12.696918,-8.695154,4.751238,-10.145243,-3.164865,10.062465,4.136793,19.130002,-7.070800,54.480505,-11.016055,1.080086,1.831305,-60.937664,-58.495065,27.760484,-40.290586,37.634506,-10.405736,-14.732744
229.000000,-107.409286,-8.653884,77.941954,1.783494,3.716978,-139.655506,9.599623,5.150748,29.486285,0.267119,-20.738760,-0.848855,-4.818926,-9.678824,-10.257922,12.640185,-8.732095,4.769937,-10.049399,-3.174163,9.922646,4.016241,19.218351,-7.178444,54.600730,-11.094806,1.077972,1.794588,-62.064283,-59.227029,27.891948,-39.950398,37.189929,-10.606066,-14.956731
230.000000,-107.496834,-8.641367,77.947593,1.808749,3.654877,-139.614183,9.564530,5.184628,29.459876,0.266525,-20.706533,-0.900024,-4.807586,-9.659684,-10.294027,12.599250,-8.782486,4.795192,-9.961278,-3.211697,9.806484,3.899028,19.320462,-7.294927,54.659555,-11.152571,1.032991,1.763879,-63.258050,-59.997106,28.121969,-39.609425,36.685284,-10.779773,-15.022306
231.000000,-107.576621,-8.620312,77.951449,1.826933,3.597543,-139.600646,9.542708,5.216361,29.452684,0.251717,-20.681775,-0.951742,-4.828792,-9.639939,-10.316023,12.601626,-8.833677,4.832821,-9.872780,-3.259048,9.716770,3.792921,19.433828,-7.383951,54.653002,-11.169040,0.960501,1.723099,-64.470757,-60.781389,28.428260,-39.226244,36.153267,-11.066295,-15.185443
232.000000,-107.651198,-8.587789,77.957046,1.848223,3.536339,-139.609864,9.500587,5.259205,29.461068,0.262388,-20.663330,-0.993783,-4.873532,-9.611387,-10.319904,12.608254,-8.872597,4.856224,-9.777321,-3.305829,9.638831,3.689829,19.530272,-7.431610,54.629683,-11.178358,0.881407,1.745936,-65.692630,-61.569108,28.784630,-38.854863,35.629590,-11.383174,-15.449072
233.000000,-107.725525,-8.554566,77.963823,1.875697,3.465792,-139.622083,9.450309,5.297033,29.463489,0.257555,-20.631322,-1.031332,-4.915344,-9.581210,-10.330469,12.586895,-8.917989,4.878521,-9.683800,-3.344843,9.551719,3.597139,19.599351,-7.463928,54.610071,-11.235613,0.830540,1.775229,-66.920144,-62.348760,29.151743,-38.495110,35.088645,-11.676229,-15.820422
234.000000,-107.802308,-8.524787,77.973169,1.910840,3.393973,-139.650901,9.411231,5.335008,29.488614,0.226837,-20.579676,-1.075810,-4.962322,-9.541277,-10.328945,12.563595,-8.960463,4.884007,-9.610732,-3.367079,9.448250,3.539395,19.656487,-7.476636,54.567013,-11.291726,0.776440,1.764516,-68.141143,-63.083231,29.558112,-38.092870,34.514770,-11.995234,-16.221344
235.000000,-107.883179,-8.497284,77.982378,1.947622,3.324840,-139.678111,9.375563,5.379673,29.524124,0.204802,-20.534315,-1.156712,-5.008439,-9.496670,-10.324219,12.546801,-9.007250,4.896891,-9.551569,-3.385403,9.315172,3.528272,19.693531,-7.460521,54.520537,-11.319363,0.710034,1.758188,-69.388049,-63.798618,29.951247,-37.676269,33.827311,-12.313525,-16.645951
236.000000,-107.962406,-8.464952,77.990675,1.989863,3.253329,-139.682288,9.320194,5.431574,29.529018,0.194795,-20.495910,-1.210100,-5.055387,-9.454119,-10.349144,12.528570,-9.046747,4.901130,-9.518604,-3.392358,9.156768,3.529203,19.729304,-7.492310,54.505227,-11.352545,0.655950,1.745571,-70.657467,-64.485899,30.347746,-37.344035,33.024132,-12.633854,-17.145597
237.000000,-108.044565,-8.436221,77.998704,2.028519,3.183420,-139.678910,9.265278,5.482005,29.519337,0.194542,-20.469507,-1.251209,-5.095770,-9.416821,-10.375669,12.520295,-9.096347,4.904285,-9.494374,-3.391842,8.985087,3.548531,19.752981,-7.509935,54.506351,-11.374542,0.589622,1.764630,-71.918907,-65.204756,30.784117,-37.058441,32.138687,-12.921325,-17.649614
238.000000,-108.122683,-8.408781,78.007084,2.062262,3.114263,-139.666175,9.210896,5.524652,29.513316,0.193391,-20.436670,-1.305285,-5.137795,-9.391342,-10.409717,12.521052,-9.131651,4.915501,-9.488086,-3.401096,8.833742,3.548730,19.807612,-7.543174,54.500607,-11.428446,0.514183,1.790033,-73.160888,-65.867202,31.243420,-36.747821,31.259518,-13.241132,-18.264407
239.000000,-108.200192,-8.393800,78.014433,2.096220,3.050053,-139.645316,9.170942,5.559579,29.492337,0.176173,-20.410019,-1.362354,-5.164442,-9.370354,-10.448184,12.511858,-9.180222,4.941344,-9.499085,-3.401733,8.673287,3.564549,19.861871,-7.555296,54.494746,-11.455731,0.433800,1.866902,-74.377973,-66.495614,31.747751,-36.446487,30.363661,-13.613931,-19.079707
240.000000,-108.282089,-8.381491,78.022456,2.117652,2.994101,-139.621816,9.150972,5.589889,29.474360,0.158445,-20.373537,-1.422184,-5.167743,-9.351297,-10.480332,12.500756,-9.245664,4.952652,-9.474475,-3.398163,8.535146,3.569098,19.904167,-7.533055,54.498657,-11.477479,0.369127,1.876102,-75.570231,-67.218931,32.293179,-36.194798,29.584777,-13.835306,-19.494461
241.000000,-108.357155,-8.367319,78.030562,2.146889,2.936616,-139.586375,9.119869,5.620540,29.453381,0.131531,-20.328837,-1.475328,-5.185915,-9.335211,-10.533290,12.504096,-9.283556,4.951846,-9.439500,-3.368574,8.393178,3.570953,19.918500,-7.508617,54.496826,-11.483557,0.292873,1.915149,-76.757447,-67.957411,32.766169,-35.953993,28.802928,-14.048569,-19.912023
242.000000,-108.426511,-8.358610,78.037131,2.193255,2.866239,-139.539628,9.058538,5.651118,29.410446,0.112277,-20.296307,-1.498887,-5.223429,-9.317947,-10.585540,12.499102,-9.340115,4.953892,-9.441931,-3.323101,8.223155,3.600162,19.939264,-7.476498,54.499418,-11.458078,0.225286,1.968352,-77.941870,-68.652943,33.217488,-35.719881,27.983169,-14.281981,-20.365285
243.000000,-108.498609,-8.356990,78.043818,2.232514,2.802821,-139.491705,9.016818,5.674021,29.366313,0.085214,-20.257564,-1.532615,-5.233270,-9.306320,-10.644963,12.476619,-9.399618,4.976319,-9.457895,-3.273803,8.048449,3.649350,19.952287,-7.496781,54.525530,-11.458352,0.154915,2.004722,-79.099328,-69.324494,33.653124,-35.483833,27.173066,-14.486650,-20.822554
244.000000,-108.571947,-8.347421,78.052592,2.276583,2.737830,-139.440916,8.949290,5.715148,29.315104,0.093815,-20.216551,-1.597711,-5.244043,-9.288485,-10.718974,12.447227,-9.434732,4.960095,-9.471657,-3.226244,7.858931,3.704137,19.958480,-7.498079,54.580441,-11.450142,0.105925,2.057206,-80.240939,-69.967024,34.074537,-35.271927,26.406029,-14.701601,-21.336594
245.000000,-108.642435,-8.342768,78.060633,2.327885,2.670877,-139.376120,8.868581,5.758395,29.249780,0.113136,-20.192375,-1.636178,-5.256987,-9.270654,-10.810352,12.413236,-9.490576,4.967022,-9.492203,-3.174304,7.653590,3.763265,19.961658,-7.516993,54.629328,-11.432587,0.060020,2.027226,-81.374635,-70.596869,34.495013,-35.076904,25.708545,-14.859406,-21.768137
246.000000,-108.715260,-8.346685,78.068292,2.379802,2.610873,-139.341521,8.820241,5.796698,29.216595,0.101361,-20.167208,-1.693483,-5.270022,-9.245352,-10.873377,12.385418,-9.523870,4.960924,-9.517197,-3.125410,7.440339,3.826009,20.003783,-7.574643,54.686039,-11.540074,0.037506,1.968887,-82.584487,-71.013347,34.895734,-34.806753,25.090881,-14.907501,-22.139865
247.000000,-108.794153,-8.348422,78.076446,2.418859,2.568414,-139.325840,8.804344,5.842687,29.202532,0.089065,-20.139977,-1.770036,-5.263164,-9.209710,-10.923104,12.363163,-9.566915,4.946495,-9.544119,-3.098381,7.253504,3.909280,20.055560,-7.532737,54.707360,-11.625652,0.007352,1.920944,-83.734465,-71.516418,35.387442,-34.579916,24.566100,-15.027086,-22.495595
248.000000,-108.870697,-8.357109,78.083581,2.441260,2.537852,-139.324381,8.821141,5.875422,29.211295,0.068831,-20.112448,-1.836818,-5.244483,-9.179468,-10.950330,12.352592,-9.622563,4.950808,-9.536407,-3.070988,7.104489,3.990220,20.092074,-7.516462,54.705348,-11.679127,-0.026476,1.867556,-84.860961,-72.086766,35.923752,-34.411323,24.066699,-15.181998,-22.869420
249.000000,-108.939397,-8.364590,78.088439,2.463053,2.498718,-139.330659,8.826506,5.898473,29.213129,0.050151,-20.097261,-1.895421,-5.240537,-9.160020,-10.966740,12.343575,-9.667565,4.975922,-9.496535,-3.045106,6.941236,4.066914,20.140594,-7.508428,54.695448,-11.700809,-0.067768,1.848602,-86.011254,-72.671915,36.491843,-34.246804,23.626048,-15.356053,-23.249959
250.000000,-108.997631,-8.366021,78.093737,2.495978,2.448683,-139.326020,8.792427,5.923638,29.190866,0.048538,-20.078596,-1.932518,-5.254527,-9.146971,-11.011053,12.326295,-9.691448,4.987908,-9.452611,-3.016339,6.768887,4.137811,20.186269,-7.506515,54.673052,-11.746879,-0.125838,1.848627,-87.194427,-73.231294,37.077334,-34.079232,23.168162,-15.508633,-23.596202
251.000000,-109.053063,-8.363797,78.102249,2.538526,2.389708,-139.319991,8.740057,5.949029,29.165710,0.040436,-20.034787,-1.977649,-5.281297,-9.130675,-11.062903,12.295664,-9.707123,5.008477,-9.390492,-2.987203,6.568950,4.195400,20.227283,-7.531714,54.663670,-11.781994,-0.186960,1.840469,-88.364288,-73.691662,37.667441,-33.910820,22.639582,-15.685777,-24.004596
252.000000,-109.111118,-8.359098,78.111184,2.592235,2.315893,-139.329874,8.678741,5.970462,29.142525,0.012026,-19.984884,-2.027181,-5.327228,-9.104782,-11.087490,12.252524,-9.728308,5.017919,-9.270933,-2.962147,6.333072,4.223426,20.278441,-7.524893,54.682389,-11.787699,-0.220419,1.811745,-89.539511,-74.135119,38.249558,-33.737726,22.020460,-15.826335,-24.419922
253.000000,-109.162664,-8.360316,78.119820,2.645956,2.245218,-139.297829,8.604206,5.985352,29.067759,-0.011213,-19.937278,-2.066084,-5.349876,-9.092785,-11.142091,12.190433,-9.740969,5.030137,-9.120546,-2.933673,6.091542,4.216227,20.314021,-7.500353,54.700912,-11.824713,-0.275382,1.854231,-90.716769,-74.610514,38.838880,-33.583617,21.376759,-15.976325,-24.845460
254.000000,-109.211314,-8.370376,78.128785,2.692978,2.186091,-139.216598,8.536551,5.993342,28.961730,-0.035497,-19.883208,-2.101599,-5.333441,-9.096108,-11.238240,12.113090,-9.754600,5.048959,-8.979999,-2.889093,5.836896,4.217366,20.329039,-7.494160,54.687142,-11.883618,-0.336040,1.851042,-91.865792,-75.029471,39.448707,-33.442826,20.802282,-16.099309,-25.228477
255.000000,-109.251988,-8.383916,78.137738,2.737188,2.131598,-139.086139,8.467201,5.990091,28.852382,-0.069388,-19.827815,-2.135980,-5.301848,-9.118239,-11.373198,12.039152,-9.761380,5.065129,-8.855979,-2.842755,5.591370,4.199468,20.359580,-7.506216,54.638430,-11.955477,-0.391620,1.831421,-92.995942,-75.382196,40.073116,-33.289328,20.374821,-16.195097,-25.510012
256.000000,-109.295380,-8.389603,78.146213,2.778949,2.078145,-138.927588,8.381250,5.997377,28.724439,-0.078955,-19.777419,-2.191896,-5.263032,-9.143577,-11.531446,11.970642,-9.783740,5.054041,-8.733694,-2.810848,5.354636,4.168061,20.394192,-7.509932,54.568243,-12.004554,-0.457717,1.859035,-94.119727,-75.700189,40.704161,-33.112163,19.982268,-16.279530,-25.768728
257.000000,-109.339404,-8.395223,78.153735,2.805524,2.037001,-138.755195,8.299206,6.008463,28.567942,-0.055948,-19.739192,-2.250466,-5.202787,-9.175052,-11.699237,11.910421,-9.826143,5.042761,-8.608177,-2.778575,5.113633,4.149681,20.404010,-7.538013,54.526175,-12.048366,-0.519028,1.895079,-95.210624,-75.962529,41.341093,-32.927133,19.607544,-16.376212,-26.024928
258.000000,-109.379745,-8.402279,78.159219,2.822563,2.007244,-138.583998,8.224311,6.021431,28.395217,-0.015530,-19.720124,-2.290787,-5.135711,-9.211953,-11.874163,11.866982,-9.865099,5.032242,-8.432635,-2.728401,4.862255,4.123290,20.370508,-7.553402,54.538268,-12.084816,-0.558159,1.887292,-96.229224,-76.192727,41.948078,-32.742503,19.295115,-16.456736,-26.181350
259.000000,-109.418118,-8.414470,78.163713,2.841423,1.982260,-138.396812,8.141261,6.036318,28.196095,0.040625,-19.721014,-2.318562,-5.054079,-9.250888,-12.064802,11.813719,-9.911572,5.031008,-8.226269,-2.653855,4.623679,4.056653,20.289622,-7.559518,54.588006,-12.107402,-0.578232,1.922228,-97.142748,-76.279662,42.462501,-32.548645,18.969684,-16.539778,-26.457221
260.000000,-109.455264,-8.423699,78.168881,2.861010,1.956386,-138.221197,8.061131,6.048188,28.008827,0.090883,-19.714267,-2.342573,-4.977559,-9.285468,-12.234690,11.761785,-9.960412,5.023952,-8.032057,-2.578471,4.399229,3.976298,20.174222,-7.583291,54.650225,-12.115402,-0.592316,1.928471,-97.894923,-76.248359,42.914249,-32.382425,18.732670,-16.610043,-26.698750
261.000000,-109.487438,-8.434272,78.170055,2.882192,1.935701,-138.047451,7.988121,6.059828,27.829184,0.126396,-19.715659,-2.356380,-4.907171,-9.317024,-12.394951,11.720714,-10.011129,5.010018,-7.854212,-2.501509,4.182795,3.891639,20.027670,-7.647379,54.739803,-12.129102,-0.603625,1.958032,-98.449090,-76.139636,43.334094,-32.214324,18.633598,-16.662342,-26.863870
262.000000,-109.517455,-8.444606,78.168875,2.894041,1.923442,-137.873022,7.930414,6.067710,27.657084,0.161810,-19.723869,-2.348189,-4.826465,-9.346669,-12.538809,11.680657,-10.067103,4.981159,-7.692843,-2.419939,3.988943,3.782438,19.844273,-7.736736,54.850777,-12.185406,-0.601830,2.033329,-98.760915,-75.898626,43.753338,-32.071563,18.822569,-16.721642,-26.950074
263.000000,-109.540951,-8.454092,78.169852,2.898588,1.929011,-137.712925,7.893925,6.079516,27.499433,0.195124,-19.731981,-2.321558,-4.741847,-9.371422,-12.673022,11.656620,-10.108707,4.939322,-7.533727,-2.315248,3.816842,3.665411,19.617748,-7.844652,54.933647,-12.236094,-0.576518,2.063294,-98.788407,-75.532870,44.182380,-31.982094,19.340729,-16.785612,-26.852675
264.000000,-109.560859,-8.471139,78.169090,2.887837,1.965040,-137.587390,7.917417,6.092297,27.374201,0.203083,-19.746632,-2.310688,-4.645149,-9.384410,-12.782776,11.664264,-10.157956,4.900137,-7.344014,-2.191698,3.674343,3.562911,19.330100,-7.893183,54.948575,-12.241068,-0.553168,2.092688,-98.547308,-75.117662,44.537184,-31.900911,20.127145,-16.817524,-26.520112
265.000000,-109.569550,-8.480640,78.164846,2.850544,2.028459,-137.499516,7.983288,6.105917,27.292587,0.216426,-19.777738,-2.303274,-4.547072,-9.390610,-12.847730,11.707184,-10.217377,4.865757,-7.120652,-2.067396,3.618997,3.440329,19.021650,-7.898171,54.902382,-12.225145,-0.529799,2.162804,-98.037455,-74.628498,44.725954,-31.813201,21.145050,-16.851325,-26.079331
266.000000,-109.566915,-8.484399,78.156656,2.793714,2.112726,-137.441158,8.076227,6.120281,27.245490,0.243603,-19.826159,-2.292059,-4.433468,-9.394210,-12.891107,11.746252,-10.262882,4.849879,-6.858414,-1.931494,3.609059,3.300883,18.707280,-7.913435,54.895764,-12.209033,-0.462417,2.186783,-97.247612,-74.086611,44.734266,-31.761110,22.273081,-16.859204,-25.666721
267.000000,-109.549558,-8.482044,78.146750,2.723451,2.210267,-137.407145,8.178995,6.135018,27.218051,0.282176,-19.886647,-2.247789,-4.322281,-9.395208,-12.908720,11.790822,-10.301289,4.839752,-6.568771,-1.804131,3.671764,3.118428,18.400714,-7.912424,54.965022,-12.211086,-0.343014,2.216223,-96.143170,-73.572448,44.597382,-31.811002,23.642394,-16.853318,-25.148306
268.000000,-109.517503,-8.477166,78.137261,2.649608,2.317775,-137.371565,8.280978,6.145956,27.188975,0.324810,-19.951246,-2.219003,-4.206720,-9.400015,-12.934090,11.831539,-10.328292,4.847623,-6.305013,-1.659116,3.753577,2.947127,18.068348,-7.886644,55.107356,-12.235854,-0.208301,2.208951,-94.654647,-73.058873,44.297892,-31.928621,25.421389,-16.852645,-24.500858
269.000000,-109.473252,-8.469772,78.130263,2.590058,2.416020,-137.331092,8.362405,6.153021,27.170484,0.346233,-19.989336,-2.232528,-4.110203,-9.405581,-12.969722,11.855997,-10.332092,4.858885,-6.133768,-1.512775,3.853410,2.806655,17.752061,-7.922086,55.317101,-12.436258,-0.113946,2.117360,-92.877527,-72.406958,43.761965,-32.085452,27.496907,-16.853910,-23.848271
270.000000,-109.423101,-8.464675,78.124189,2.550457,2.504984,-137.279201,8.415858,6.164971,27.140472,0.361142,-20.016694,-2.239205,-4.023910,-9.402183,-13.004653,11.855559,-10.317047,4.842507,-6.069893,-1.354241,3.935675,2.737657,17.485880,-7.956269,55.630986,-12.392814,0.085801,2.043055,-90.831325,-71.592410,42.980280,-32.310842,29.687824,-16.802313,-23.172685
271.000000,-109.359157,-8.451972,78.117239,2.524362,2.591567,-137.225179,8.431145,6.188673,27.101400,0.405268,-20.068064,-2.228754,-3.950323,-9.388246,-13.040385,11.827313,-10.281866,4.825457,-6.119880,-1.210394,4.054463,2.711187,17.219143,-7.963618,55.986945,-12.454123,0.240267,2.086092,-88.603748,-70.654919,41.943369,-32.601234,31.850139,-16.660746,-22.439139
272.000000,-109.279120,-8.420385,78.110772,2.495759,2.669302,-137.208956,8.425370,6.210265,27.088204,0.458702,-20.112009,-2.203805,-3.924809,-9.372404,-13.027676,11.819758,-10.235870,4.803520,-6.234254,-1.091270,4.194739,2.751800,16.979642,-7.970545,56.374442,-12.434472,0.417552,2.093970,-86.225845,-69.653586,40.781127,-33.045569,34.008581,-16.507876,-21.654080
273.000000,-109.192157,-8.389916,78.106076,2.459033,2.735522,-137.249148,8.446210,6.204446,27.134593,0.475393,-20.128878,-2.179380,-3.940301,-9.366461,-12.961388,11.841897,-10.174911,4.770414,-6.338875,-1.025915,4.348667,2.875703,16.829229,-8.039411,56.719889,-12.422560,0.568743,2.090779,-83.940464,-68.637240,39.480413,-33.416844,35.812383,-16.093283,-20.878606
274.000000,-109.097099,-8.360297,78.101879,2.431795,2.784184,-137.316275,8.445982,6.187728,27.187040,0.492247,-20.147255,-2.116535,-3.993408,-9.367880,-12.884233,11.867641,-10.087866,4.743365,-6.464766,-0.984994,4.524921,3.049637,16.727514,-8.059912,56.965188,-12.471868,0.670138,2.071597,-81.686303,-67.620724,38.177482,-33.846996,37.634127,-15.760508,-20.149931
275.000000,-108.996379,-8.325054,78.097743,2.414879,2.807754,-137.425120,8.422575,6.158938,27.264915,0.499492,-20.154573,-2.058257,-4.089051,-9.369733,-12.768736,11.882950,-9.986622,4.710680,-6.596711,-0.983961,4.679847,3.275713,16.723933,-8.089451,57.139071,-12.510958,0.755837,2.061302,-79.595931,-66.681580,36.972610,-34.301330,39.487649,-15.417004,-19.550715
276.000000,-108.901262,-8.292785,78.093845,2.409118,2.813999,-137.550069,8.376899,6.129863,27.348909,0.520140,-20.168516,-2.002750,-4.185303,-9.364680,-12.636948,11.855614,-9.871645,4.676184,-6.719311,-0.991963,4.815455,3.495184,16.769342,-8.139121,57.301490,-12.550526,0.847587,2.070242,-77.694515,-65.826699,35.875036,-34.717582,41.347018,-15.047562,-18.958230
277.000000,-108.813238,-8.271081,78.091913,2.401523,2.824648,-137.685793,8.345178,6.102412,27.443073,0.545400,-20.183414,-1.985282,-4.263958,-9.354280,-12.495087,11.814331,-9.779819,4.688843,-6.828528,-1.009942,4.917096,3.693437,16.854448,-8.120940,57.508540,-12.684365,0.956268,2.040034,-75.948125,-65.075290,35.022399,-35.051257,43.183670,-14.651509,-18.381596
278.000000,-108.728552,-8.247149,78.090525,2.409390,2.828580,-137.842482,8.314648,6.081315,27.551399,0.539571,-20.180028,-1.981703,-4.369078,-9.323757,-12.329682,11.776553,-9.682924,4.668644,-6.923029,-1.025621,4.993183,3.814992,16.929268,-7.865120,57.704655,-13.473863,0.998132,1.813399,-74.338324,-64.300309,34.456283,-35.278996,45.261475,-14.318811,-17.802611
279.000000,-108.645570,-8.223437,78.088284,2.411768,2.831896,-137.994844,8.297235,6.052924,27.663386,0.516011,-20.169053,-1.958082,-4.463299,-9.300444,-12.175930,11.727566,-9.573391,4.643549,-7.095416,-1.049384,5.102072,3.864654,17.094720,-7.813346,57.928747,-14.025756,1.042739,1.734074,-72.799503,-63.339104,34.192931,-35.321306,47.804972,-14.040217,-17.220719
280.000000,-108.568776,-8.191596,78.088784,2.406778,2.839447,-138.135278,8.281431,6.032499,27.774303,0.504810,-20.149949,-1.937567,-4.544884,-9.277203,-12.041772,11.683840,-9.485615,4.612155,-7.299004,-1.073146,5.206220,3.848494,17.299049,-7.923438,58.150141,-14.244114,1.161167,1.695678,-71.360218,-62.222347,34.131845,-35.028031,50.704080,-13.592528,-16.341465
281.000000,-108.499360,-8.148154,78.088027,2.389535,2.845836,-138.283334,8.274974,6.012881,27.898357,0.497766,-20.137030,-1.880477,-4.638407,-9.259245,-11.895077,11.678245,-9.419183,4.575247,-7.428003,-1.085052,5.315340,3.751526,17.510028,-8.143471,58.341215,-13.878136,1.244585,1.880897,-70.007554,-61.130350,34.116983,-34.323053,53.415549,-13.134871,-15.289834
282.000000,-108.430684,-8.104787,78.082794,2.359093,2.864569,-138.443535,8.300998,5.990033,28.058977,0.475748,-20.135681,-1.846106,-4.731711,-9.238846,-11.732019,11.697712,-9.343192,4.554144,-7.462543,-1.121876,5.424739,3.531969,17.623065,-7.879520,58.357478,-14.237184,1.230584,1.937976,-68.593698,-60.046638,34.353543,-33.193719,55.662258,-12.511017,-14.199162
283.000000,-108.372748,-8.051255,78.076267,2.310432,2.896906,-138.599445,8.355676,5.974223,28.224657,0.448131,-20.122053,-1.856086,-4.801052,-9.214607,-11.581676,11.729229,-9.295141,4.543834,-7.460650,-1.163773,5.599422,3.251584,17.762773,-7.643381,58.193225,-14.719847,1.159297,1.836260,-67.181645,-58.843999,34.736614,-31.776086,57.381929,-11.600487,-13.019542
284.000000,-108.317888,-7.985047,78.070915,2.256405,2.932754,-138.728988,8.405556,5.965463,28.371622,0.420326,-20.098537,-1.851941,-4.862767,-9.187891,-11.444787,11.767375,-9.260101,4.537709,-7.446345,-1.188037,5.810349,2.916558,17.896699,-7.500485,57.908263,-14.984689,1.140786,1.669845,-65.593619,-57.403451,35.196224,-30.120752,58.434611,-10.261208,-12.015201
285.000000,-108.268106,-7.926043,78.064752,2.209296,2.968025,-138.789760,8.439790,5.956582,28.455767,0.395268,-20.086982,-1.808124,-4.890163,-9.177871,-11.381478,11.785598,-9.241783,4.545992,-7.408825,-1.155561,6.052830,2.515577,17.929274,-7.393079,57.547923,-15.109833,1.064823,1.646843,-63.640178,-55.924520,35.616500,-28.638297,59.176281,-9.381226,-10.988828
286.000000,-108.223104,-7.869959,78.059542,2.170405,2.998960,-138.797092,8.457022,5.947088,28.486511,0.364970,-20.070610,-1.760929,-4.911420,-9.176642,-11.358410,11.813992,-9.226317,4.537988,-7.339259,-1.102387,6.317753,2.097043,17.883653,-7.220359,57.133699,-15.073843,1.053133,1.656858,-61.528284,-54.453622,35.837002,-27.228786,59.085221,-8.396572,-10.046997
287.000000,-108.178878,-7.814996,78.054577,2.144930,3.013440,-138.763274,8.434796,5.937389,28.474656,0.341312,-20.047309,-1.703225,-4.947222,-9.182163,-11.367158,11.847228,-9.215454,4.526072,-7.208849,-1.016684,6.574785,1.681516,17.781783,-7.077768,56.666391,-14.937742,1.092694,1.595478,-59.261945,-52.955006,35.820234,-25.999479,58.125128,-7.090076,-9.342152
288.000000,-108.142734,-7.761592,78.051144,2.135167,3.004969,-138.689110,8.364687,5.930604,28.430823,0.344113,-20.024004,-1.650408,-4.990361,-9.199479,-11.412508,11.875146,-9.223535,4.520212,-7.040263,-0.894346,6.827161,1.283438,17.567581,-6.933848,56.166035,-14.679045,1.098150,1.710380,-56.500571,-51.352060,35.606808,-25.159698,57.035471,-5.976755,-8.637952
289.000000,-108.114171,-7.720342,78.047055,2.140129,2.976911,-138.580139,8.287570,5.905703,28.361247,0.301978,-19.978887,-1.601438,-5.042247,-9.233354,-11.489736,11.910329,-9.246838,4.534709,-6.884145,-0.803158,7.103394,0.956416,17.352159,-6.815783,55.636890,-14.299074,1.091755,1.975455,-53.469945,-49.731854,35.151719,-24.556226,55.983895,-5.083421,-7.710390
290.000000,-108.100343,-7.693553,78.043336,2.154547,2.929965,-138.463181,8.224469,5.859336,28.270986,0.204588,-19.903000,-1.543752,-5.095900,-9.277338,-11.583062,11.940972,-9.277581,4.556394,-6.692212,-0.704288,7.370299,0.716801,17.135227,-6.776630,55.128929,-13.606540,1.033111,2.323874,-50.223132,-48.133754,34.476807,-24.138040,55.011436,-4.429974,-6.655185
291.000000,-108.097923,-7.674953,78.040707,2.183473,2.853051,-138.333989,8.134777,5.799768,28.161690,0.102378,-19.810982,-1.463294,-5.167273,-9.334639,-11.693800,11.965018,-9.316083,4.580753,-6.471244,-0.607753,7.622564,0.556148,16.908446,-6.940539,54.717783,-12.576950,0.876954,2.911004,-46.856180,-46.569097,33.605965,-23.903751,53.654667,-4.018330,-5.784082
292.000000,-108.108687,-7.675602,78.039616,2.225276,2.770246,-138.179719,8.038810,5.744484,28.026979,0.007221,-19.730547,-1.395519,-5.215812,-9.396766,-11.826455,11.970879,-9.361043,4.598444,-6.251215,-0.503926,7.836928,0.501655,16.559275,-6.840154,54.314214,-12.192849,0.792818,3.047410,-43.345002,-45.022042,32.606391,-23.801667,51.925646,-3.827732,-4.933248
293.000000,-108.128703,-7.682444,78.041106,2.283375,2.673280,-138.010975,7.924116,5.692302,27.888815,-0.085668,-19.640405,-1.329401,-5.274128,-9.460667,-11.975222,11.975773,-9.404817,4.613344,-6.107482,-0.411096,8.000923,0.580054,16.204709,-6.762417,54.014318,-11.941487,0.771009,3.078695,-39.853963,-43.544245,31.668343,-23.851840,50.173825,-3.624401,-4.103911
294.000000,-108.164847,-7.707039,78.040993,2.340902,2.583031,-137.853949,7.846297,5.638154,27.762941,-0.198981,-19.564250,-1.276926,-5.308131,-9.520381,-12.118283,11.980988,-9.474860,4.616353,-6.036268,-0.323201,8.132769,0.774425,15.834912,-6.684675,53.905489,-11.702955,0.782621,3.110440,-36.455530,-42.020669,30.814258,-23.927999,48.721095,-3.443702,-3.383207
295.000000,-108.215165,-7.738365,78.040558,2.386415,2.496419,-137.736878,7.799154,5.584273,27.663120,-0.301769,-19.499458,-1.229820,-5.332185,-9.574482,-12.224327,11.991180,-9.566177,4.604310,-5.996206,-0.262626,8.255371,1.024968,15.495906,-6.588165,53.997088,-11.512035,0.882923,3.091069,-33.200867,-40.626778,30.152703,-24.072189,47.440841,-3.063249,-2.888446
296.000000,-108.276975,-7.773975,78.039563,2.427945,2.413289,-137.635362,7.757381,5.542056,27.566965,-0.369542,-19.460399,-1.186809,-5.347249,-9.622948,-12.322356,12.001961,-9.665393,4.604423,-6.015567,-0.202777,8.337658,1.336362,15.160981,-6.453883,54.297880,-11.392424,0.935378,3.101386,-30.193678,-39.365747,29.554283,-24.339239,46.063848,-3.142338,-2.584088
297.000000,-108.345163,-7.825416,78.038496,2.475449,2.329982,-137.516327,7.706825,5.502645,27.437944,-0.403881,-19.450439,-1.110789,-5.329340,-9.678784,-12.450676,11.982946,-9.767362,4.614870,-6.117749,-0.126085,8.400109,1.684997,14.817698,-6.326087,54.743256,-11.330281,1.002582,2.945824,-27.374799,-38.322402,28.904268,-24.717259,44.205309,-3.221093,-2.208785
298.000000,-108.419406,-7.881895,78.037822,2.530352,2.250302,-137.389843,7.652897,5.475663,27.299617,-0.426972,-19.446097,-1.033405,-5.311766,-9.727772,-12.590822,11.978846,-9.865313,4.636340,-6.289504,-0.040294,8.435104,2.056488,14.531755,-6.214780,55.266390,-11.117673,1.091395,2.833665,-24.841922,-37.520268,28.254596,-25.226648,42.104121,-3.378926,-1.757295
299.000000,-108.507597,-7.938768,78.036726,2.576628,2.186922,-137.307126,7.652591,5.460295,27.227139,-0.478676,-19.432667,-0.995638,-5.298348,-9.750883,-12.676959,12.007483,-9.977890,4.646007,-6.511622,0.055022,8.435163,2.492307,14.247518,-6.074031,55.786943,-10.901667,1.182941,2.706475,-22.544796,-36.930249,27.668997,-25.720145,40.160040,-3.553345,-1.159493
300.000000,-108.594930,-7.984695,78.036189,2.629215,2.123818,-137.278640,7.657209,5.462651,27.216644,-0.534615,-19.423972,-0.983036,-5.317657,-9.748294,-12.720353,12.046902,-10.073922,4.658737,-6.739183,0.133615,8.419348,2.926373,14.026085,-5.996631,56.242957,-10.773488,1.256299,2.605387,-20.453647,-36.528839,27.259457,-26.141420,38.699227,-3.612740,-0.592635
301.000000,-108.682108,-8.036262,78.034645,2.673695,2.058887,-137.290067,7.678260,5.456448,27.233397,-0.584688,-19.428369,-0.973608,-5.328508,-9.744388,-12.723980,12.060729,-10.177935,4.657522,-6.960654,0.195430,8.401494,3.309432,13.874762,-6.013743,56.634870,-10.669400,1.346716,2.483337,-18.603888,-36.292582,27.055595,-26.455490,37.681771,-3.661602,-0.144367
302.000000,-108.764660,-8.089099,78.029191,2.715263,1.981373,-137.325588,7.689264,5.436431,27.258047,-0.622343,-19.456663,-0.915991,-5.372564,-9.756323,-12.701344,12.101841,-10.284515,4.673932,-7.143893,0.253748,8.377335,3.616034,13.742530,-6.044359,56.955165,-10.587896,1.399239,2.355584,-16.962573,-36.216515,26.924034,-26.697348,36.916910,-3.740959,0.538984
303.000000,-108.844125,-8.140097,78.022641,2.748592,1.906552,-137.392461,7.719587,5.410828,27.325601,-0.669960,-19.476161,-0.878978,-5.422314,-9.764625,-12.651287,12.147232,-10.383770,4.705447,-7.280435,0.307607,8.359580,3.829641,13.647192,-6.072864,57.187511,-10.562167,1.431814,2.348180,-15.607513,-36.284427,26.858822,-26.936822,36.265726,-3.832567,1.048001
304.000000,-108.918369,-8.189340,78.017789,2.774429,1.846919,-137.479890,7.765966,5.392625,27.416897,-0.713012,-19.491483,-0.862978,-5.461794,-9.762402,-12.584457,12.189760,-10.470595,4.711504,-7.422636,0.369783,8.325412,3.982499,13.555769,-6.022755,57.321666,-10.578189,1.446992,2.311976,-14.445285,-36.376372,26.810731,-27.136097,35.721572,-3.919336,1.439101
305.000000,-108.985305,-8.228870,78.016198,2.805460,1.784137,-137.555460,7.794713,5.378248,27.494477,-0.760351,-19.486414,-0.854266,-5.500917,-9.755329,-12.525110,12.201304,-10.524599,4.712010,-7.573228,0.420528,8.290419,4.038010,13.517087,-5.981876,57.315307,-10.508468,1.437275,2.284900,-13.463852,-36.457453,26.743515,-27.304798,35.310507,-4.006183,1.765576
306.000000,-109.054887,-8.265151,78.014988,2.844832,1.732735,-137.612725,7.822643,5.382508,27.559301,-0.807951,-19.486330,-0.869442,-5.519907,-9.725416,-12.473023,12.185965,-10.594323,4.703747,-7.739479,0.480501,8.227902,4.034217,13.519372,-5.992117,57.185984,-10.344118,1.424226,2.320431,-12.635152,-36.528866,26.706434,-27.483628,35.172308,-4.043727,1.852297
307.000000,-109.122300,-8.296149,78.016156,2.885134,1.687916,-137.646623,7.831959,5.399649,27.603900,-0.829328,-19.487172,-0.897535,-5.527012,-9.697836,-12.453685,12.167734,-10.640984,4.699985,-7.911645,0.538002,8.138676,3.947220,13.543504,-6.013179,56.976318,-10.254867,1.391135,2.267194,-11.971371,-36.575670,26.704913,-27.587955,35.278111,-4.008666,2.237678
308.000000,-109.190083,-8.331756,78.016156,2.917926,1.651512,-137.660485,7.852151,5.413029,27.633779,-0.849549,-19.491946,-0.935710,-5.513844,-9.675973,-12.444500,12.150498,-10.699242,4.709700,-8.065590,0.590486,8.036151,3.764225,13.584947,-6.011845,56.702987,-10.266396,1.354666,2.286049,-11.433673,-36.613472,26.682327,-27.612674,35.420750,-3.993208,2.610615
309.000000,-109.253371,-8.363433,78.015244,2.947766,1.617182,-137.678312,7.878139,5.424648,27.674134,-0.882239,-19.497492,-0.958233,-5.512729,-9.657774,-12.437079,12.154145,-10.755841,4.705434,-8.197201,0.641654,7.926363,3.538389,13.651777,-5.960372,56.303056,-10.215398,1.320563,2.392709,-11.027298,-36.650351,26.641558,-27.617841,35.526382,-4.011406,2.654260
310.000000,-109.309661,-8.388403,78.014922,2.970701,1.586769,-137.684824,7.889236,5.439038,27.694324,-0.889886,-19.505967,-0.968413,-5.522590,-9.649139,-12.442329,12.186780,-10.812904,4.695741,-8.321497,0.680163,7.830376,3.286886,13.741436,-5.933633,55.773098,-10.069252,1.255552,2.453812,-10.794936,-36.750697,26.588762,-27.626259,35.343125,-3.983836,2.795284
311.000000,-109.360349,-8.408871,78.014588,2.990813,1.567206,-137.677676,7.899555,5.459090,27.704770,-0.885547,-19.515821,-0.981571,-5.521711,-9.640417,-12.460768,12.218741,-10.861487,4.681910,-8.448517,0.715823,7.749960,3.032034,13.869423,-5.975874,55.143310,-9.991436,1.197014,2.350147,-10.744016,-36.887492,26.574483,-27.640824,35.027672,-3.944989,2.931145
312.000000,-109.414041,-8.439547,78.013563,2.998683,1.561600,-137.676311,7.950385,5.470328,27.737586,-0.906754,-19.516475,-1.006777,-5.484519,-9.627547,-12.466310,12.227952,-10.909923,4.687770,-8.532632,0.750448,7.672541,2.769784,13.993406,-6.002609,54.497560,-9.952897,1.158344,2.286139,-10.766945,-37.038333,26.613390,-27.670505,34.776000,-3.967976,2.948963
313.000000,-109.459615,-8.467218,78.013569,3.009789,1.554222,-137.679144,7.988944,5.482679,27.774488,-0.924890,-19.510188,-1.026915,-5.454135,-9.614920,-12.472856,12.226740,-10.941639,4.690783,-8.566615,0.785257,7.596326,2.471081,14.111488,-6.020796,53.895455,-9.931206,1.117016,2.222023,-10.836749,-37.236798,26.683538,-27.718199,34.560457,-3.999915,2.965340
314.000000,-109.494567,-8.489349,78.013164,3.014679,1.545651,-137.693351,8.018950,5.487115,27.808765,-0.931439,-19.512594,-1.033569,-5.428832,-9.609266,-12.471329,12.220546,-10.970077,4.691493,-8.547960,0.812908,7.548900,2.137679,14.193243,-5.955505,53.365859,-9.951341,1.087143,2.241885,-10.910889,-37.419062,26.749305,-27.771302,34.486875,-4.021460,2.948930
315.000000,-109.521365,-8.505139,78.013456,3.019529,1.534704,-137.711583,8.032878,5.491949,27.837479,-0.922047,-19.521452,-1.031864,-5.425142,-9.604076,-12.454341,12.231669,-11.001539,4.685967,-8.502586,0.821841,7.544558,1.803547,14.259456,-5.847565,52.909862,-10.001005,1.056009,2.326234,-10.987491,-37.549610,26.793664,-27.825402,34.544255,-3.995490,2.945505
316.000000,-109.541905,-8.516143,78.013617,3.025145,1.519775,-137.709605,8.023270,5.496827,27.854854,-0.896173,-19.526428,-1.032709,-5.425411,-9.606448,-12.456807,12.237064,-11.020030,4.683872,-8.479710,0.821068,7.563852,1.503317,14.298344,-5.704888,52.539068,-10.119264,1.020426,2.489592,-11.083859,-37.640913,26.860556,-27.882378,34.628974,-4.024882,2.745334
317.000000,-109.561241,-8.528894,78.013325,3.026265,1.510624,-137.694535,8.026947,5.494515,27.865615,-0.893297,-19.517894,-1.045185,-5.416814,-9.613612,-12.469531,12.248150,-11.041277,4.683658,-8.483722,0.816830,7.589453,1.269705,14.341078,-5.599813,52.286478,-10.213085,1.005002,2.625371,-11.204473,-37.711189,26.938184,-27.941694,34.726598,-4.068415,2.468332
318.000000,-109.579611,-8.545065,78.013241,3.024467,1.509907,-137.683878,8.056714,5.487431,27.889122,-0.917604,-19.502050,-1.057849,-5.391577,-9.620792,-12.486977,12.252395,-11.067872,4.673860,-8.498075,0.820078,7.622380,1.099451,14.379613,-5.581934,52.179312,-10.214211,1.009535,2.692595,-11.328067,-37.761596,26.993908,-27.979090,34.763037,-4.066085,2.365779
319.000000,-109.595084,-8.558373,78.012079,3.021599,1.516805,-137.673127,8.091253,5.485282,27.900037,-0.941312,-19.487763,-1.072494,-5.359317,-9.620082,-12.494018,12.247781,-11.091819,4.661274,-8.506522,0.832378,7.700627,0.965725,14.391975,-5.602793,52.190138,-10.218591,1.038814,2.760951,-11.445144,-37.787957,27.013282,-28.007693,34.802652,-4.060028,2.101014
320.000000,-109.605658,-8.563735,78.010571,3.022247,1.516743,-137.655288,8.097761,5.486898,27.903315,-0.942284,-19.491147,-1.057955,-5.346640,-9.621505,-12.499935,12.251005,-11.117542,4.654624,-8.516351,0.841819,7.779296,0.899630,14.399289,-5.649270,52.294712,-10.206773,1.066240,2.779131,-11.547476,-37.789521,27.019617,-28.041249,34.912707,-4.039408,2.013384
321.000000,-109.609640,-8.569249,78.009850,3.017272,1.522843,-137.645479,8.109929,5.485272,27.901106,-0.941542,-19.497888,-1.039712,-5.329412,-9.625888,-12.510561,12.251688,-11.126207,4.653908,-8.514217,0.841545,7.844621,0.922937,14.387761,-5.700988,52.490233,-10.189609,1.109236,2.731072,-11.594987,-37.767367,27.005366,-28.060118,34.952865,-4.037103,1.999847
322.000000,-109.611821,-8.576020,78.008580,3.011114,1.530780,-137.645659,8.131353,5.481052,27.906678,-0.952385,-19.501898,-1.039371,-5.311626,-9.628101,-12.515739,12.248632,-11.129495,4.650791,-8.492258,0.834289,7.893064,1.009278,14.331615,-5.736393,52.792352,-10.207621,1.163316,2.737056,-11.591476,-37.701555,26.972917,-28.071837,35.061318,-4.047635,1.995049
323.000000,-109.615552,-8.585768,78.008544,3.005809,1.535680,-137.673355,8.168102,5.470864,27.939346,-0.981018,-19.498433,-1.035557,-5.304648,-9.622581,-12.482697,12.247782,-11.132764,4.635046,-8.443699,0.818464,7.919832,1.131253,14.240835,-5.724776,53.236311,-10.252621,1.234905,2.746231,-11.600209,-37.635855,26.901375,-28.073136,35.137918,-3.995107,2.220662
324.000000,-109.607279,-8.581434,78.008348,3.003234,1.533954,-137.690799,8.168896,5.465133,27.956810,-0.986987,-19.494543,-1.030113,-5.316875,-9.623167,-12.467438,12.248425,-11.134735,4.623657,-8.398659,0.802636,7.940056,1.241481,14.158297,-5.761179,53.805980,-10.308676,1.314092,2.782544,-11.628654,-37.583850,26.809517,-28.068710,35.104433,-4.030962,2.185734
325.000000,-109.596741,-8.582536,78.004628,2.994073,1.545533,-137.718683,8.192527,5.459568,27.989726,-0.995444,-19.510178,-1.025282,-5.315692,-9.620455,-12.436341,12.250085,-11.136412,4.617088,-8.352607,0.800413,7.975160,1.362649,14.053265,-5.843991,54.438524,-10.328844,1.400055,2.808141,-11.687502,-37.562595,26.788258,-28.086575,35.098051,-4.098729,2.028684
326.000000,-109.581149,-8.579530,78.002357,2.981692,1.556431,-137.742695,8.201024,5.454066,28.002983,-0.981649,-19.534544,-1.017809,-5.318680,-9.621172,-12.403794,12.253714,-11.131999,4.614324,-8.340033,0.800305,8.012365,1.504499,13.911409,-5.945208,55.060487,-10.324601,1.433951,2.887487,-11.799358,-37.573837,26.806368,-28.101487,35.149772,-4.072677,2.051786
327.000000,-109.560657,-8.571862,78.001922,2.970642,1.564194,-137.745865,8.193450,5.446817,27.995147,-0.965848,-19.547300,-1.012699,-5.325967,-9.631067,-12.395213,12.262246,-11.124632,4.612345,-8.374393,0.807638,8.040160,1.679023,13.814236,-6.113871,55.608962,-10.330188,1.488198,2.832946,-11.937123,-37.602476,26.799144,-28.111821,35.238657,-4.043340,2.139355
328.000000,-109.540904,-8.563552,78.001237,2.965499,1.576027,-137.737458,8.185665,5.447226,27.985916,-0.954546,-19.557839,-1.006698,-5.326031,-9.633896,-12.399805,12.262953,-11.121474,4.591305,-8.403142,0.823818,8.055497,1.847832,13.700243,-6.203555,56.060157,-10.300734,1.496518,2.812058,-12.021309,-37.619343,26.740812,-28.120326,35.303083,-4.058796,2.157185
329.000000,-109.522080,-8.554018,77.999669,2.965242,1.584058,-137.721701,8.168747,5.448986,27.964128,-0.945431,-19.573147,-0.993611,-5.335249,-9.637417,-12.408186,12.272180,-11.114331,4.573949,-8.422525,0.835909,8.069466,1.989431,13.580311,-6.193745,56.402674,-10.239493,1.501579,2.843216,-12.059580,-37.639441,26.653295,-28.127839,35.292414,-4.088485,2.123693
330.000000,-109.506249,-8.523827,77.998406,2.949133,1.591375,-137.749668,8.169313,5.452360,27.989750,-0.948266,-19.558894,-1.013559,-5.373949,-9.628662,-12.363933,12.314424,-11.120899,4.527324,-8.402440,0.821416,8.103420,2.104801,13.499598,-6.166512,56.617675,-10.173074,1.507751,2.788499,-12.062108,-37.671106,26.533565,-28.112637,35.080856,-3.949261,2.227559
331.000000,-109.488630,-8.512008,77.996093,2.928488,1.611422,-137.729976,8.182069,5.445021,27.967331,-0.952932,-19.564459,-1.036684,-5.358656,-9.638375,-12.373040,12.326979,-11.134036,4.515743,-8.403335,0.823604,8.138377,2.186246,13.428950,-6.166020,56.726739,-10.124307,1.472278,2.769098,-12.018875,-37.646176,26.387572,-28.116685,34.988129,-3.889894,2.194717
332.000000,-109.473491,-8.501643,77.995491,2.895905,1.637698,-137.710408,8.219570,5.428383,27.949025,-0.974276,-19.557926,-1.058887,-5.326670,-9.654205,-12.382026,12.340427,-11.144983,4.516442,-8.397404,0.814578,8.181745,2.225996,13.394980,-6.152958,56.742193,-10.138683,1.467941,2.749098,-11.990040,-37.634011,26.250099,-28.117534,35.021423,-3.872567,2.103176
333.000000,-109.457743,-8.488990,77.995008,2.865165,1.662611,-137.696261,8.252293,5.413665,27.928010,-0.991882,-19.551907,-1.069917,-5.301895,-9.669164,-12.393623,12.354990,-11.139951,4.522773,-8.386127,0.804958,8.227584,2.211088,13.393840,-6.133704,56.675329,-10.159702,1.456882,2.759430,-11.996698,-37.639318,26.138150,-28.112695,35.092037,-3.852529,2.020910
334.000000,-109.442544,-8.474290,77.993131,2.837272,1.686573,-137.682062,8.271630,5.406557,27.902277,-0.990439,-19.555718,-1.069602,-5.280598,-9.679513,-12.405494,12.368659,-11.132542,4.520598,-8.381049,0.800566,8.255320,2.170284,13.412034,-6.139833,56.535013,-10.162212,1.427275,2.749608,-12.003386,-37.637655,26.067031,-28.119178,35.132444,-3.841488,1.949398
335.000000,-109.428358,-8.456088,77.990639,2.810465,1.708631,-137.676922,8.281954,5.407311,27.876597,-0.972097,-19.573403,-1.062447,-5.267635,-9.684082,-12.406608,12.385783,-11.142603,4.520018,-8.378165,0.790877,8.273517,2.107127,13.449403,-6.151553,56.370791,-10.108967,1.393291,2.738055,-12.023165,-37.632563,26.022729,-28.133954,35.131088,-3.837728,1.925932
336.000000,-109.417784,-8.434106,77.989191,2.781671,1.735391,-137.677945,8.299948,5.414923,27.864295,-0.953436,-19.597196,-1.070390,-5.249959,-9.683342,-12.404287,12.404992,-11.155446,4.517528,-8.386883,0.779848,8.299352,2.011719,13.505905,-6.137857,56.181461,-10.138076,1.382186,2.667990,-12.075405,-37.625637,26.003587,-28.146178,35.115468,-3.821081,1.922669
337.000000,-109.406531,-8.411406,77.989006,2.758074,1.756923,-137.680631,8.313618,5.421246,27.858778,-0.944179,-19.603039,-1.064685,-5.249126,-9.679492,-12.391984,12.433934,-11.156241,4.510230,-8.403484,0.770640,8.330057,1.881080,13.566672,-6.137210,55.988734,-10.140209,1.373566,2.643933,-12.139060,-37.616109,26.014457,-28.156852,35.099413,-3.811772,1.901942
338.000000,-109.392941,-8.388773,77.989215,2.743535,1.765862,-137.687315,8.312105,5.424675,27.858482,-0.941645,-19.598678,-1.045188,-5.271032,-9.679556,-12.382966,12.467574,-11.139808,4.500948,-8.415833,0.758922,8.345680,1.736323,13.582099,-6.089786,55.792489,-10.083471,1.343125,2.674984,-12.174967,-37.592422,26.034571,-28.141834,35.062858,-3.802168,1.900538
339.000000,-109.383619,-8.366221,77.989203,2.736573,1.773119,-137.688109,8.299143,5.436490,27.848990,-0.928869,-19.597741,-1.044035,-5.282689,-9.672760,-12.385152,12.478753,-11.127515,4.494318,-8.456269,0.749935,8.352293,1.621761,13.654396,-6.105887,55.541790,-10.115772,1.345461,2.572122,-12.201184,-37.573151,26.060401,-28.111725,35.025084,-3.782523,1.901740
340.000000,-109.378874,-8.358765,77.988797,2.732577,1.778797,-137.676838,8.290808,5.441509,27.824724,-0.914897,-19.609321,-1.030953,-5.274259,-9.672087,-12.400792,12.470507,-11.130271,4.518997,-8.499604,0.740404,8.356208,1.518733,13.722633,-6.091445,55.256213,-10.105179,1.327659,2.554753,-12.198134,-37.555870,26.075898,-28.094021,34.955723,-3.777615,1.812039
341.000000,-109.377730,-8.336983,77.989250,2.720604,1.786572,-137.713209,8.302977,5.453395,27.851939,-0.913659,-19.602641,-1.034477,-5.292250,-9.651022,-12.350412,12.487096,-11.136671,4.499137,-8.500300,0.715554,8.365157,1.425980,13.772986,-6.041071,54.990936,-10.055474,1.298322,2.591522,-12.205912,-37.553090,26.091499,-28.084387,34.842684,-3.782536,1.704981
342.000000,-109.378290,-8.318639,77.988523,2.705160,1.795516,-137.758272,8.323517,5.461663,27.890934,-0.911990,-19.603789,-1.034608,-5.303858,-9.633093,-12.301654,12.501253,-11.135198,4.493908,-8.503373,0.688434,8.376496,1.351020,13.799187,-5.972075,54.769839,-10.016125,1.271362,2.625685,-12.224585,-37.555696,26.102538,-28.056727,34.710844,-3.779807,1.588371
343.000000,-109.375536,-8.298726,77.987921,2.695604,1.806163,-137.797446,8.327860,5.480038,27.924212,-0.890952,-19.617550,-1.030835,-5.324692,-9.612811,-12.267190,12.524196,-11.137114,4.480901,-8.530371,0.677830,8.384407,1.304117,13.846154,-5.968784,54.595225,-10.036474,1.280605,2.535386,-12.261202,-37.576668,26.120129,-28.021493,34.679674,-3.778804,1.504300
344.000000,-109.374213,-8.287491,77.987158,2.687146,1.817775,-137.825272,8.334879,5.496030,27.948642,-0.867093,-19.642451,-1.022248,-5.336372,-9.599123,-12.241795,12.547562,-11.144490,4.468148,-8.573193,0.673523,8.386666,1.284043,13.872542,-5.988119,54.497567,-10.046385,1.289056,2.501370,-12.286511,-37.608937,26.139516,-27.988729,34.705024,-3.789472,1.425099
345.000000,-109.376597,-8.287876,77.985650,2.673897,1.834889,-137.843192,8.361547,5.503758,27.965895,-0.852579,-19.672898,-1.018109,-5.323483,-9.596592,-12.235253,12.568185,-11.143909,4.469042,-8.624365,0.673933,8.394752,1.283679,13.876564,-6.005201,54.473118,-10.045660,1.292297,2.520107,-12.293729,-37.655051,26.145143,-27.965158,34.705229,-3.805613,1.382890
346.000000,-109.378350,-8.282396,77.983451,2.663283,1.846525,-137.869373,8.380432,5.511994,27.987977,-0.842235,-19.684113,-1.017226,-5.327320,-9.583825,-12.202184,12.589067,-11.161050,4.469998,-8.672961,0.670360,8.401483,1.305135,13.857795,-6.008343,54.501440,-10.045841,1.306566,2.514503,-12.301697,-37.700616,26.141615,-27.964389,34.687297,-3.802171,1.382592
347.000000,-109.382212,-8.270209,77.981716,2.650410,1.854747,-137.925051,8.414553,5.517499,28.053185,-0.857678,-19.676945,-1.036749,-5.351474,-9.565861,-12.144702,12.627620,-11.176666,4.448523,-8.702385,0.658016,8.412512,1.353466,13.842649,-6.024875,54.566272,-10.024501,1.318013,2.502071,-12.315588,-37.747344,26.150645,-27.986304,34.675938,-3.807246,1.399217
348.000000,-109.384966,-8.269347,77.980697,2.644713,1.860967,-137.974935,8.447668,5.518192,28.107215,-0.878376,-19.672734,-1.045073,-5.367017,-9.551642,-12.100472,12.649238,-11.180973,4.440323,-8.738520,0.663555,8.416673,1.420987,13.813801,-6.054274,54.664258,-10.014894,1.337971,2.489612,-12.327270,-37.808642,26.162602,-28.008890,34.685917,-3.813421,1.433773
349.000000,-109.390831,-8.269154,77.980202,2.639537,1.864860,-138.021248,8.479701,5.519288,28.162248,-0.896346,-19.669567,-1.053460,-5.374047,-9.537634,-12.057854,12.657236,-11.181917,4.437915,-8.773148,0.674846,8.416737,1.503253,13.779732,-6.097663,54.789097,-9.994002,1.352174,2.494206,-12.327055,-37.853124,26.176609,-28.026401,34.724620,-3.820850,1.456918
350.000000,-109.400451,-8.268267,77.980399,2.636687,1.866037,-138.069200,8.505075,5.525710,28.221486,-0.905552,-19.670685,-1.054821,-5.383409,-9.518888,-12.010148,12.663747,-11.191045,4.443803,-8.801986,0.689013,8.395827,1.613335,13.745173,-6.134976,54.927388,-9.948367,1.375857,2.485858,-12.297861,-37.879170,26.191031,-28.040846,34.762408,-3.846807,1.452014
351.000000,-109.412742,-8.267459,77.981853,2.638426,1.864244,-138.124428,8.527151,5.534869,28.277007,-0.915537,-19.663353,-1.059120,-5.400147,-9.494952,-11.959565,12.668202,-11.184447,4.436575,-8.827697,0.698301,8.371594,1.726623,13.720270,-6.146155,55.063336,-9.912676,1.400453,2.469729,-12.273146,-37.883866,26.203247,-28.050924,34.768501,-3.856368,1.445703
352.000000,-109.428847,-8.264710,77.983159,2.644568,1.859427,-138.176907,8.547242,5.548426,28.335559,-0.929179,-19.650734,-1.068455,-5.413780,-9.465322,-11.913164,12.664031,-11.184422,4.429686,-8.847811,0.706088,8.344133,1.827914,13.709183,-6.155831,55.197371,-9.904385,1.411476,2.483187,-12.252535,-37.866395,26.192008,-28.065232,34.741194,-3.856814,1.467054
353.000000,-109.444380,-8.253489,77.985573,2.655907,1.851648,-138.218995,8.549737,5.570288,28.377701,-0.936992,-19.642495,-1.072602,-5.434969,-9.431982,-11.873944,12.657548,-11.188869,4.420898,-8.871781,0.709197,8.326429,1.908903,13.716560,-6.180710,55.315107,-9.921662,1.434547,2.470271,-12.233409,-37.840249,26.175573,-28.089838,34.717090,-3.876990,1.492396
354.000000,-109.458721,-8.237949,77.988130,2.670867,1.842179,-138.241495,8.530787,5.599487,28.401612,-0.925652,-19.640294,-1.075875,-5.456879,-9.402090,-11.861386,12.650172,-11.178756,4.418302,-8.900849,0.711952,8.303700,1.972874,13.731059,-6.217148,55.424864,-9.908248,1.455327,2.457187,-12.194832,-37.814181,26.163518,-28.113188,34.717773,-3.905114,1.521747
355.000000,-109.474528,-8.235648,77.990317,2.690317,1.828297,-138.238259,8.512398,5.616875,28.399274,-0.925650,-19.641450,-1.064098,-5.460729,-9.384085,-11.873563,12.624686,-11.171193,4.437586,-8.935137,0.717085,8.265553,2.014073,13.731784,-6.233871,55.511502,-9.918533,1.449473,2.510101,-12.145168,-37.790139,26.169007,-28.124815,34.767336,-3.876043,1.505943
356.000000,-109.494066,-8.216944,77.993137,2.705818,1.807790,-138.268037,8.493812,5.640695,28.429172,-0.927094,-19.629480,-1.063508,-5.492384,-9.354743,-11.851737,12.616337,-11.168638,4.426497,-8.935503,0.703849,8.219698,2.042349,13.762889,-6.252006,55.561215,-9.938208,1.442836,2.531656,-12.130873,-37.779982,26.205315,-28.155850,34.825526,-3.816233,1.500880
357.000000,-109.513009,-8.215260,77.994996,2.717259,1.795338,-138.263517,8.477018,5.657468,28.420059,-0.913032,-19.639509,-1.050561,-5.488372,-9.342533,-11.857339,12.596957,-11.175573,4.427372,-8.952740,0.700785,8.184808,2.047607,13.810703,-6.292037,55.568998,-9.966260,1.454726,2.535506,-12.138332,-37.813662,26.237265,-28.195318,34.853530,-3.764482,1.462028
358.000000,-109.535921,-8.193316,77.996188,2.708249,1.790999,-138.298655,8.494774,5.674432,28.459674,-0.917648,-19.626979,-1.077686,-5.503948,-9.318433,-11.818030,12.619329,-11.200555,4.404021,-8.918789,0.671152,8.162723,2.040765,13.874075,-6.332410,55.534475,-9.994518,1.452555,2.511851,-12.154628,-37.830980,26.275502,-28.223160,34.886619,-3.737068,1.417221
359.000000,-109.555721,-8.192966,77.997226,2.705069,1.789202,-138.279427,8.501592,5.682434,28.444109,-0.916940,-19.629252,-1.071314,-5.488623,-9.316659,-11.836327,12.623886,-11.218032,4.403395,-8.927292,0.659423,8.143729,2.011124,13.930871,-6.379818,55.478932,-10.008712,1.447641,2.507829,-12.175447,-37.872617,26.297830,-28.232556,34.919448,-3.723799,1.398536
360.000000,-109.573364,-8.188697,77.998459,2.704647,1.783720,-138.247272,8.495190,5.692186,28.425460,-0.910033,-19.624571,-1.068195,-5.479740,-9.318004,-11.868964,12.633090,-11.228930,4.401155,-8.946458,0.648929,8.121675,1.972816,13.969852,-6.425359,55.396160,-10.041352,1.441893,2.492678,-12.210824,-37.915268,26.302903,-28.212052,34.914984,-3.741466,1.422381
361.000000,-109.592807,-8.180679,78.000575,2.701846,1.780072,-138.215949,8.492375,5.705232,28.408953,-0.905961,-19.613826,-1.079752,-5.466883,-9.318886,-11.900616,12.644204,-11.247258,4.384621,-8.960209,0.634228,8.105377,1.925238,13.993561,-6.459408,55.306562,-10.067126,1.425951,2.466801,-12.236661,-37.933931,26.284243,-28.161129,34.855162,-3.789985,1.493056
362.000000,-109.615231,-8.168145,78.001529,2.699403,1.777603,-138.198077,8.494391,5.724078,28.407633,-0.905314,-19.602534,-1.111753,-5.459929,-9.307030,-11.909280,12.659035,-11.280292,4.350004,-8.960482,0.616770,8.078998,1.886227,14.001160,-6.465800,55.218842,-10.069422,1.410579,2.432263,-12.250521,-37.954159,26.259181,-28.104857,34.766360,-3.838060,1.585783
363.000000,-109.628785,-8.170275,78.000039,2.702233,1.766808,-138.151677,8.480742,5.723570,28.366908,-0.902729,-19.609558,-1.098884,-5.452973,-9.321325,-11.948233,12.672660,-11.306874,4.363605,-8.981752,0.612838,8.047317,1.846881,13.999425,-6.511480,55.131928,-10.065846,1.404938,2.437461,-12.249808,-37.991291,26.249783,-28.066757,34.721837,-3.861999,1.600461
364.000000,-109.644413,-8.175343,77.999783,2.710253,1.759042,-138.115012,8.467922,5.733452,28.337244,-0.890996,-19.622876,-1.073479,-5.446861,-9.327033,-11.981146,12.683742,-11.324142,4.350975,-8.998277,0.624716,8.017886,1.814432,13.989786,-6.563096,55.044966,-10.073769,1.393875,2.480845,-12.244283,-38.020709,26.268472,-28.047835,34.705267,-3.868628,1.542173
365.000000,-109.658277,-8.176283,77.999890,2.716425,1.749233,-138.098260,8.454742,5.743991,28.324197,-0.875604,-19.639575,-1.057992,-5.456262,-9.329285,-11.996873,12.704209,-11.343228,4.336917,-9.009930,0.631770,7.982541,1.804583,13.976736,-6.597893,54.980000,-10.098038,1.392772,2.465643,-12.253488,-38.034636,26.280070,-28.036870,34.689322,-3.861847,1.551521
366.000000,-109.673822,-8.158413,77.999687,2.714306,1.738912,-138.116323,8.444467,5.766067,28.352276,-0.848906,-19.650188,-1.069908,-5.488425,-9.315967,-11.967158,12.746227,-11.377981,4.297524,-9.007920,0.614359,7.942211,1.825112,13.989681,-6.647251,54.925806,-10.097073,1.397376,2.451212,-12.284802,-38.035018,26.307454,-28.035823,34.691357,-3.866320,1.583573
367.000000,-109.686339,-8.164706,78.001028,2.714079,1.738219,-138.088414,8.431478,5.779510,28.325011,-0.808474,-19.678666,-1.047771,-5.474417,-9.324847,-11.995748,12.758476,-11.388304,4.288948,-9.042460,0.612793,7.924817,1.836689,14.008380,-6.722762,54.909066,-10.109449,1.417354,2.485306,-12.290663,-38.048781,26.334817,-28.054351,34.731454,-3.862841,1.539509
368.000000,-109.699035,-8.159351,78.003007,2.713575,1.737894,-138.081562,8.426666,5.797512,28.327023,-0.786951,-19.682531,-1.040630,-5.484793,-9.317629,-11.998174,12.791917,-11.400918,4.266157,-9.055644,0.602810,7.928095,1.835168,14.029220,-6.774917,54.910411,-10.139348,1.437907,2.505730,-12.296223,-38.048952,26.363388,-28.077045,34.731911,-3.844792,1.493127
369.000000,-109.710884,-8.161597,78.002834,2.708415,1.741167,-138.076580,8.443760,5.801703,28.337524,-0.787714,-19.685821,-1.052130,-5.476983,-9.320711,-12.013532,12.816281,-11.416800,4.270528,-9.075247,0.596304,7.925051,1.860245,14.046801,-6.813828,54.915739,-10.160871,1.455811,2.512562,-12.284633,-38.067260,26.382371,-28.109717,34.756302,-3.795485,1.476622
370.000000,-109.729028,-8.180490,78.003234,2.698795,1.748561,-138.061918,8.485642,5.792482,28.341028,-0.807908,-19.692146,-1.064061,-5.439121,-9.333508,-12.039743,12.824707,-11.433119,4.291885,-9.113839,0.593869,7.911682,1.915406,14.068273,-6.851589,54.929689,-10.162486,1.457220,2.516470,-12.263761,-38.098454,26.374600,-28.138706,34.756220,-3.793387,1.492619
371.000000,-109.743476,-8.180053,78.003770,2.692762,1.752653,-138.071227,8.514462,5.796033,28.368359,-0.829438,-19.680253,-1.084438,-5.434669,-9.328292,-12.032826,12.844715,-11.446957,4.283878,-9.123175,0.584944,7.898940,1.959228,14.095957,-6.871383,54.951881,-10.161736,1.452750,2.508090,-12.258143,-38.108518,26.358661,-28.133650,34.732444,-3.820953,1.556552
372.000000,-109.762418,-8.191039,78.003579,2.695974,1.757106,-138.064637,8.540796,5.805715,28.378613,-0.846975,-19.672546,-1.102461,-5.411524,-9.321321,-12.045251,12.847537,-11.464503,4.284622,-9.151358,0.591514,7.870447,2.007650,14.124427,-6.887869,55.008025,-10.160460,1.439766,2.524017,-12.249621,-38.125641,26.323228,-28.080287,34.696128,-3.897932,1.682801
373.000000,-109.778666,-8.192380,78.004855,2.698039,1.759404,-138.071329,8.553953,5.819974,28.388074,-0.846500,-19.667791,-1.121764,-5.399414,-9.305494,-12.037577,12.842155,-11.477080,4.280351,-9.163978,0.595759,7.842034,2.054099,14.152114,-6.896666,55.051885,-10.157201,1.434733,2.472586,-12.258913,-38.139916,26.294458,-28.027311,34.689291,-3.924984,1.898977
374.000000,-109.798992,-8.194557,78.007948,2.693182,1.764878,-138.096256,8.572569,5.838514,28.419044,-0.820139,-19.685932,-1.116238,-5.385879,-9.287333,-12.020011,12.841128,-11.492154,4.270117,-9.177823,0.592056,7.814582,2.115943,14.193961,-6.912210,55.100782,-10.171624,1.422350,2.432739,-12.283796,-38.170318,26.244374,-27.963580,34.575705,-4.028558,1.984519
375.000000,-109.805536,-8.200948,78.008544,2.689010,1.767852,-138.105357,8.577750,5.839811,28.422780,-0.802128,-19.699536,-1.099647,-5.376469,-9.287655,-12.018272,12.840978,-11.491168,4.277165,-9.175617,0.587735,7.795045,2.140759,14.222044,-6.925615,55.122024,-10.173478,1.406216,2.429559,-12.292535,-38.193055,26.225256,-27.934958,34.516644,-4.098848,2.021327
376.000000,-109.824944,-8.208531,78.007853,2.674721,1.771529,-138.144736,8.618837,5.842364,28.461991,-0.791556,-19.712382,-1.111060,-5.348671,-9.278175,-11.984516,12.825517,-11.500176,4.287865,-9.153653,0.566615,7.764237,2.189273,14.269298,-6.940053,55.149229,-10.165844,1.407021,2.416485,-12.279752,-38.250364,26.219348,-27.923441,34.481073,-4.131863,2.062760
377.000000,-109.847283,-8.226341,78.006101,2.660794,1.790859,-138.188041,8.701594,5.840094,28.517870,-0.838221,-19.706718,-1.156179,-5.301990,-9.258957,-11.937645,12.808872,-11.523175,4.275480,-9.125321,0.557529,7.747601,2.222065,14.291338,-6.933605,55.157520,-10.166373,1.411345,2.411832,-12.265964,-38.274229,26.209487,-27.940562,34.498415,-4.136095,2.072048
378.000000,-109.855962,-8.232488,78.006804,2.659418,1.798358,-138.195713,8.725323,5.843249,28.528672,-0.852702,-19.703031,-1.163964,-5.281600,-9.251696,-11.935202,12.797118,-11.529989,4.266230,-9.134202,0.553394,7.719747,2.241474,14.307503,-6.956503,55.157398,-10.149210,1.410882,2.411194,-12.264870,-38.294596,26.197882,-27.968873,34.505948,-4.136445,2.075286
379.000000,-109.865153,-8.234299,78.008837,2.666063,1.797586,-138.191966,8.729509,5.851699,28.528995,-0.861837,-19.694316,-1.187938,-5.270470,-9.240910,-11.939718,12.778861,-11.526351,4.262470,-9.164222,0.553355,7.674087,2.250544,14.314407,-7.007897,55.174149,-10.128002,1.428115,2.368391,-12.255461,-38.289146,26.210911,-28.009465,34.540605,-4.108569,2.093889
380.000000,-109.864199,-8.233898,78.009140,2.680628,1.782917,-138.182499,8.701384,5.853584,28.522935,-0.858651,-19.693069,-1.184481,-5.294326,-9.241453,-11.946429,12.780332,-11.524977,4.260529,-9.191217,0.552536,7.636169,2.229346,14.307828,-7.050590,55.174046,-10.139515,1.434941,2.364781,-12.261878,-38.257365,26.237145,-28.028610,34.581378,-4.085102,2.109518
381.000000,-109.863698,-8.239737,78.007799,2.691560,1.770943,-138.177298,8.683189,5.850824,28.516757,-0.854379,-19.699505,-1.178141,-5.308392,-9.246803,-11.951923,12.781733,-11.531776,4.269173,-9.217037,0.553743,7.603531,2.203389,14.299424,-7.081681,55.151394,-10.168278,1.422689,2.382519,-12.289493,-38.217999,26.262909,-28.013715,34.619627,-4.057823,2.156422
382.000000,-109.862292,-8.229928,78.007972,2.701143,1.757840,-138.184629,8.656571,5.856731,28.530250,-0.845384,-19.689902,-1.193836,-5.334074,-9.241999,-11.948647,12.780978,-11.524415,4.262652,-9.228000,0.546349,7.579158,2.163183,14.293289,-7.093608,55.121706,-10.152107,1.409101,2.389173,-12.326238,-38.167982,26.293558,-27.970779,34.645291,-4.040312,2.200029
383.000000,-109.857988,-8.227950,78.006029,2.702385,1.753220,-138.196590,8.654896,5.851003,28.549422,-0.851570,-19.690401,-1.197978,-5.351086,-9.243372,-11.936397,12.791596,-11.525125,4.270173,-9.225076,0.537376,7.594294,2.101073,14.273555,-7.087656,55.085404,-10.138039,1.400780,2.381946,-12.366367,-38.112449,26.327533,-27.929800,34.648805,-4.041283,2.206363
384.000000,-109.854627,-8.233256,78.003347,2.708883,1.751518,-138.202309,8.651433,5.847731,28.541375,-0.858071,-19.700400,-1.183128,-5.359847,-9.242619,-11.929204,12.793667,-11.523763,4.274525,-9.233713,0.539974,7.616496,2.042373,14.239839,-7.057478,55.040724,-10.127694,1.385951,2.395033,-12.387918,-38.073015,26.352784,-27.901062,34.593327,-4.058079,2.209773
385.000000,-109.852087,-8.237953,78.002673,2.711558,1.754543,-138.215320,8.658098,5.847736,28.552573,-0.864991,-19.700622,-1.181963,-5.365803,-9.239386,-11.919130,12.800468,-11.520958,4.273553,-9.247120,0.543710,7.635548,2.010394,14.217192,-7.044171,55.001321,-10.101957,1.371419,2.411560,-12.390218,-38.035838,26.370508,-27.882451,34.548548,-4.061264,2.203781
386.000000,-109.845388,-8.249774,78.002042,2.715470,1.756579,-138.212858,8.662795,5.838266,28.557111,-0.874290,-19.703690,-1.173923,-5.361681,-9.245546,-11.925895,12.794357,-11.515002,4.291354,-9.281352,0.548439,7.654564,1.991941,14.191925,-7.024447,54.970664,-10.078907,1.361765,2.390674,-12.388829,-37.992705,26.356928,-27.878696,34.550956,-4.038335,2.301604
387.000000,-109.836793,-8.254112,78.001785,2.720635,1.752905,-138.215534,8.652683,5.831915,28.555373,-0.875898,-19.705282,-1.162973,-5.370368,-9.248658,-11.920715,12.788306,-11.504053,4.302968,-9.317150,0.547599,7.677553,1.985761,14.174096,-6.986376,54.956931,-10.063287,1.359903,2.395938,-12.397123,-37.975131,26.338572,-27.888866,34.551075,-4.018833,2.355103
388.000000,-109.833241,-8.243138,78.001177,2.718047,1.748836,-138.253681,8.653752,5.832632,28.583452,-0.875075,-19.692859,-1.172111,-5.397267,-9.238813,-11.884231,12.799560,-11.505444,4.287318,-9.327351,0.536751,7.705645,1.999372,14.168148,-6.958084,54.966938,-10.026923,1.364273,2.387156,-12.415410,-37.961471,26.348211,-27.905648,34.525633,-4.027044,2.333709
389.000000,-109.823954,-8.238108,77.998501,2.715610,1.745391,-138.276641,8.652765,5.824170,28.595236,-0.883366,-19.678378,-1.168870,-5.419341,-9.240144,-11.861859,12.809660,-11.498250,4.289997,-9.351086,0.528096,7.745582,2.004415,14.170175,-6.949539,54.999941,-10.016837,1.363732,2.362901,-12.446450,-37.934000,26.345233,-27.902101,34.502222,-4.075585,2.346474
390.000000,-109.817278,-8.233308,77.997810,2.709713,1.745880,-138.296719,8.680680,5.805911,28.621870,-0.945335,-19.627042,-1.201481,-5.435897,-9.238840,-11.836731,12.823976,-11.492195,4.291629,-9.378888,0.522794,7.785282,2.016073,14.161871,-6.910755,55.051779,-10.019350,1.365975,2.326312,-12.477183,-37.932682,26.320827,-27.871811,34.427685,-4.091270,2.339179
391.000000,-109.818804,-8.230042,77.997863,2.703312,1.753874,-138.327722,8.752286,5.783261,28.671403,-1.069771,-19.556817,-1.252505,-5.440411,-9.223813,-11.803369,12.835153,-11.498987,4.282428,-9.393954,0.522757,7.837199,2.038658,14.160057,-6.846784,55.084161,-10.006382,1.367187,2.259829,-12.507324,-37.938788,26.268694,-27.853675,34.354281,-4.117733,2.428630
392.000000,-109.816492,-8.241639,77.996451,2.695892,1.773632,-138.318815,8.822531,5.758804,28.676990,-1.179156,-19.515608,-1.266137,-5.412316,-9.227036,-11.810596,12.836007,-11.502339,4.281930,-9.432536,0.537993,7.910958,2.062804,14.158815,-6.804523,55.085039,-10.008922,1.358984,2.257160,-12.489768,-37.933204,26.208421,-27.830501,34.271967,-4.199818,2.270584
