Frame,root_translateX,root_translateY,root_translateZ,root_rotateX,root_rotateY,root_rotateZ,left_hip_pitch_joint_dof,left_hip_roll_joint_dof,left_hip_yaw_joint_dof,left_knee_joint_dof,left_ankle_pitch_joint_dof,left_ankle_roll_joint_dof,right_hip_pitch_joint_dof,right_hip_roll_joint_dof,right_hip_yaw_joint_dof,right_knee_joint_dof,right_ankle_pitch_joint_dof,right_ankle_roll_joint_dof,waist_yaw_joint_dof,waist_roll_joint_dof,waist_pitch_joint_dof,left_shoulder_pitch_joint_dof,left_shoulder_roll_joint_dof,left_shoulder_yaw_joint_dof,left_elbow_joint_dof,left_wrist_roll_joint_dof,left_wrist_pitch_joint_dof,left_wrist_yaw_joint_dof,right_shoulder_pitch_joint_dof,right_shoulder_roll_joint_dof,right_shoulder_yaw_joint_dof,right_elbow_joint_dof,right_wrist_roll_joint_dof,right_wrist_pitch_joint_dof,right_wrist_yaw_joint_dof
0.000000,-54.014868,59.129900,75.864655,5.486660,4.026376,-17.234057,3.287325,2.193225,9.030378,-4.995470,-9.896711,-0.469698,-6.302242,-10.254216,-8.045810,1.342629,-11.004438,6.112358,0.713089,-1.689082,-8.551702,1.600580,12.640804,-20.062683,66.238587,11.912005,-13.439904,-14.087194,-1.793627,-11.227052,32.034622,65.854464,-14.647938,-9.715277,14.473716
1.000000,-54.047424,59.099036,75.853860,5.843093,4.757670,-17.351844,2.348716,2.093261,9.070558,-4.996026,-9.705706,-0.425565,-7.903640,-10.382365,-7.761130,2.578153,-11.489874,6.184107,0.715350,-1.798183,-9.310297,1.675578,12.500416,-20.046347,66.516740,12.021877,-13.895885,-13.547874,-1.739198,-11.076209,32.130535,66.191356,-14.801481,-10.228480,13.948699
2.000000,-54.064769,59.071410,75.840437,6.150077,5.433599,-17.318438,1.480060,2.011394,9.034092,-4.996026,-9.543851,-0.332095,-9.381244,-10.566155,-7.637048,3.914477,-12.151470,6.101250,0.618822,-1.844090,-9.941897,1.649969,12.472327,-20.118887,66.556013,11.962674,-13.955145,-13.656401,-1.649787,-11.172163,32.202030,66.023067,-14.891771,-10.327961,14.050060
3.000000,-54.064649,59.023058,75.828540,6.364753,5.806259,-17.443203,1.022720,1.959411,9.091871,-4.996038,-9.418114,-0.327613,-10.569671,-10.664436,-7.341447,5.326297,-12.779566,6.087599,0.649535,-1.903385,-10.247877,1.739951,12.476584,-20.125181,66.464721,11.852975,-13.677899,-13.784747,-1.572126,-11.217478,32.235996,65.826187,-14.735249,-10.378114,14.140144
4.000000,-54.099154,59.006351,75.810933,6.586855,6.131289,-17.405160,0.549274,1.837949,9.178432,-4.996064,-9.301930,-0.423050,-11.662913,-10.890606,-7.266161,6.682825,-13.455185,6.123081,0.503972,-1.981227,-10.498248,1.765405,12.452232,-20.095390,66.376209,11.829680,-13.908578,-13.628904,-1.682980,-11.185688,32.142997,65.858180,-14.831817,-10.475454,14.096089
5.000000,-54.074591,58.959424,75.799674,6.691940,6.182334,-17.421937,0.501441,1.757860,9.085852,-4.996064,-9.329826,-0.282439,-12.271309,-11.001637,-7.048035,7.804627,-14.048085,6.148029,0.494695,-2.052322,-10.472637,1.767741,12.477155,-20.043149,66.414430,11.825682,-13.730999,-13.547778,-1.734212,-11.180023,32.182953,65.848522,-14.872841,-10.358485,13.952249
6.000000,-54.061407,58.927596,75.780308,6.750713,6.144325,-17.449591,0.543751,1.723158,9.264112,-4.996089,-9.380525,-0.435199,-12.795995,-11.134565,-6.981752,9.000020,-14.756105,6.074024,0.459898,-2.084750,-10.372381,1.817998,12.476167,-19.895071,66.237597,11.950003,-14.098667,-13.118065,-1.748235,-11.190679,32.274276,65.785698,-14.934637,-10.613710,13.640804
7.000000,-54.046661,58.888209,75.760120,6.869950,6.138766,-17.403642,0.523349,1.596310,9.122198,-4.996075,-9.308186,-0.378937,-13.269757,-11.311021,-6.878096,10.000821,-15.301080,6.070890,0.365042,-2.138013,-10.371118,1.812038,12.407710,-19.748059,66.282287,11.918780,-14.144731,-13.191571,-1.779895,-11.238590,32.273498,65.735052,-15.046705,-10.763815,13.693524
8.000000,-54.035991,58.861804,75.743842,6.991418,6.071056,-17.335051,0.554088,1.438733,9.036209,-4.996088,-9.323932,-0.303831,-13.715422,-11.529940,-6.741314,11.035281,-15.825919,6.042051,0.363867,-2.262338,-10.270708,1.788574,12.422919,-19.736731,66.175415,12.002071,-14.168404,-13.160479,-1.778118,-11.237307,32.146367,65.693292,-15.142989,-10.817227,13.646925
9.000000,-54.048073,58.835280,75.739104,7.072761,6.111384,-17.307712,0.474230,1.384631,9.115310,-4.996098,-9.245972,-0.431942,-14.109535,-11.630537,-6.659971,11.730832,-16.196511,6.124530,0.467255,-2.330794,-10.108841,1.542832,12.400776,-19.646585,66.137869,12.304658,-14.414800,-13.331712,-1.805962,-11.319999,31.873675,65.499984,-15.536027,-10.905337,13.489235
10.000000,-54.039603,58.811611,75.774843,6.683563,5.856167,-16.758961,0.767347,1.671328,8.581122,-4.921049,-9.325867,-0.512154,-12.708118,-11.419012,-7.429706,10.213306,-15.620135,5.882418,0.445289,-2.380250,-9.295006,0.413515,12.927414,-19.677703,66.165743,12.004805,-14.066890,-14.130160,-2.154802,-11.700596,31.809219,65.199490,-14.836906,-10.531746,13.794387
11.000000,-54.056454,58.795494,75.757337,6.584511,5.961223,-16.432203,0.596218,1.766512,8.243667,-4.995950,-9.191060,-0.573606,-12.987139,-11.425131,-7.679983,10.812324,-15.753765,5.698681,0.513785,-2.477103,-9.411343,1.116367,12.809899,-20.266995,65.159445,12.372178,-13.897787,-13.700203,-1.455853,-11.498295,32.128749,64.889092,-14.504108,-10.122164,12.929097
12.000000,-54.079372,58.788550,75.750059,6.604337,6.122964,-16.128165,0.337914,1.763199,8.025781,-4.995977,-9.113467,-0.674432,-13.462383,-11.572197,-7.898818,11.618914,-16.263374,5.617002,0.080246,-2.357459,-9.530499,1.661913,13.049220,-20.649957,64.007397,12.459051,-14.176257,-13.914366,-1.548340,-11.559959,32.195152,64.668101,-13.917767,-9.837699,12.995851
13.000000,-54.032171,58.781266,75.769967,6.366938,5.994278,-15.846628,0.529232,1.936054,7.615283,-4.919939,-9.204222,-0.815558,-12.475336,-11.369254,-8.282100,10.395942,-15.783893,5.611588,-0.477659,-1.920847,-8.981151,1.337099,13.549574,-20.779648,63.692989,12.054631,-14.346683,-14.717232,-2.555974,-11.944119,32.265616,64.613774,-14.259408,-9.895982,13.546902
14.000000,-54.019070,58.787513,75.751960,6.592168,6.162042,-16.186718,0.363508,1.789678,8.024135,-4.996004,-9.106176,-0.900329,-13.308924,-11.482327,-7.796827,11.281200,-16.094163,5.600637,-0.395124,-1.703965,-9.519390,2.401318,13.128949,-21.281657,63.530800,12.197021,-14.475126,-14.331574,-2.140477,-11.734817,32.956687,64.585142,-14.884319,-9.928577,12.997534
15.000000,-53.975725,58.740091,75.752294,6.704053,6.113276,-16.754511,0.551335,1.781412,8.447978,-4.996050,-9.126043,-0.822088,-13.569925,-11.369952,-7.252460,11.529876,-16.143468,5.519075,0.196761,-1.786166,-9.534140,2.435214,13.191453,-20.872273,63.645055,11.800219,-14.219531,-14.615362,-2.042310,-11.611254,33.164899,64.581132,-15.154528,-9.754861,13.104105
16.000000,-53.987974,58.767068,75.745070,6.837925,6.222294,-16.768125,0.358674,1.654188,8.466677,-4.996070,-9.208591,-0.830927,-13.791854,-11.491342,-7.182861,11.588322,-16.238403,5.606689,0.369512,-1.895128,-9.607235,2.232525,13.201385,-20.730963,63.621750,11.745499,-14.191821,-14.378484,-1.799263,-11.653775,33.452088,64.386260,-15.016750,-9.834649,13.229148
17.000000,-54.028338,58.801848,75.729704,7.099733,6.556624,-16.991267,-0.093735,1.491086,8.708075,-4.996085,-9.135807,-0.732855,-14.374259,-11.596640,-6.931340,11.548171,-16.126855,5.594672,0.642564,-2.032376,-9.950727,2.008461,13.230658,-20.680834,63.575599,11.846334,-14.389271,-14.275696,-1.772600,-11.682307,33.539405,64.517639,-15.057907,-9.883494,13.192149
18.000000,-54.011333,58.795440,75.763178,6.908864,6.520506,-16.668826,-0.061669,1.645885,8.478275,-4.921785,-9.251952,-0.836652,-13.402004,-11.438189,-7.356372,10.095275,-15.513982,5.457043,0.324596,-1.865021,-9.536380,1.159719,13.573772,-20.430687,63.728165,11.612918,-14.217461,-14.782068,-2.409746,-12.018224,33.186909,64.454835,-14.824393,-9.991546,13.798247
19.000000,-54.031652,58.763289,75.752616,7.010763,6.669086,-17.085544,-0.162569,1.686754,8.808521,-4.996073,-9.082716,-0.855346,-14.032068,-11.312168,-6.915973,10.608057,-15.515437,5.436268,0.658718,-1.744591,-10.010353,2.043273,13.058748,-20.614734,63.378630,12.049610,-14.378829,-14.152065,-1.907826,-11.831237,33.258677,64.607606,-15.312733,-9.975671,13.005531
20.000000,-54.005015,58.767647,75.735855,7.152116,6.740431,-17.132365,-0.266122,1.537203,8.819472,-4.996124,-9.076904,-0.753828,-14.603078,-11.489357,-6.766061,11.535567,-16.020016,5.464754,0.604958,-1.739771,-10.102139,2.182060,12.929906,-20.670572,63.350954,12.119325,-14.313105,-14.000849,-1.900256,-11.876453,33.154510,64.552336,-15.076768,-9.867845,12.876645
21.000000,-53.976876,58.745700,75.770938,6.839424,6.465040,-16.738030,0.084277,1.741066,8.496909,-4.921956,-9.177377,-0.812994,-13.290821,-11.310453,-7.328764,10.057002,-15.411156,5.472705,0.100887,-1.538214,-9.407201,1.385283,13.276883,-20.287696,63.712449,11.657961,-14.187988,-14.883057,-2.594752,-12.107516,32.918606,64.458633,-14.764345,-9.850915,13.818219
22.000000,-53.965187,58.719808,75.758058,6.865969,6.501726,-16.893205,0.116535,1.781122,8.721767,-4.996070,-9.127319,-0.875283,-13.682295,-11.288996,-7.194213,10.667146,-15.685587,5.493332,0.232248,-1.404524,-9.774552,2.174992,12.772338,-20.476946,63.704327,11.902629,-14.110051,-14.168451,-2.020931,-11.865872,33.148732,64.523390,-15.161145,-9.764857,13.154698
23.000000,-53.954524,58.702791,75.747544,6.866849,6.511896,-16.829823,0.079991,1.776758,8.572974,-4.996078,-9.138452,-0.855074,-13.803216,-11.313210,-7.203555,10.987837,-15.871104,5.504169,0.123747,-1.310472,-9.833925,2.299130,12.743307,-20.579471,63.622399,12.006383,-14.197037,-13.935480,-1.887078,-11.942532,33.382034,64.395652,-15.421100,-9.899582,12.744453
24.000000,-53.971028,58.689058,75.746161,6.883906,6.547759,-16.933572,0.049699,1.806359,8.629451,-4.996071,-9.089438,-0.845066,-13.945977,-11.262445,-7.044333,11.074990,-15.939018,5.457735,0.212694,-1.305489,-9.886193,2.313267,12.760328,-20.580152,63.519318,12.008112,-14.313856,-13.941139,-1.848734,-11.939781,33.341012,64.368775,-15.467694,-9.930370,12.698230
25.000000,-53.974497,58.686793,75.733179,6.944796,6.643709,-17.013999,-0.053404,1.786945,8.732555,-4.996065,-9.125513,-0.822066,-14.140396,-11.254346,-6.947144,11.147362,-15.885782,5.472717,0.175282,-1.298596,-9.992166,2.321891,12.716458,-20.440931,63.480222,11.947009,-14.314391,-13.942451,-1.914425,-11.906510,33.387379,64.417406,-15.556511,-9.854685,12.651502
26.000000,-53.993374,58.676392,75.726181,7.014554,6.770128,-17.110663,-0.205044,1.783426,8.829093,-4.996057,-9.080030,-0.788189,-14.379334,-11.245731,-6.854113,11.206877,-15.941182,5.460625,0.189319,-1.329119,-10.156146,2.305944,12.689045,-20.325229,63.436488,11.929894,-14.293173,-13.995765,-1.924259,-11.885736,33.253121,64.408281,-15.545615,-9.874493,12.784033
27.000000,-54.008675,58.663028,75.724739,7.084516,6.880802,-17.207997,-0.349729,1.774928,8.854064,-4.996070,-9.153741,-0.818075,-14.630697,-11.230079,-6.748538,11.319579,-15.918796,5.467622,0.130361,-1.384129,-10.204970,2.276902,12.682447,-20.042311,63.455183,12.000013,-14.283870,-14.115385,-1.980247,-11.862229,33.132343,64.300200,-15.748072,-9.954503,12.910622
28.000000,-54.031062,58.666509,75.727898,7.062628,6.798394,-17.240203,-0.267205,1.779186,8.862719,-4.996075,-9.156795,-0.827406,-14.610528,-11.213347,-6.681532,11.422868,-16.013863,5.458876,0.153267,-1.345413,-9.710746,2.080254,12.664520,-19.679435,63.330211,12.215327,-14.283993,-14.375316,-2.078485,-12.013343,32.730868,63.895914,-15.825784,-9.889603,13.132874
29.000000,-54.060686,58.670437,75.740635,7.055324,6.760505,-17.216619,-0.248848,1.773829,8.913723,-4.996076,-9.134178,-0.932881,-14.661725,-11.248228,-6.760509,11.592259,-16.012885,5.511329,0.100287,-1.242755,-9.241359,2.090408,12.630037,-19.334809,63.095744,12.283715,-14.381931,-14.389889,-2.054536,-12.218005,32.371453,63.336003,-16.204024,-9.874403,13.131987
30.000000,-54.041278,58.639479,75.757819,6.985930,6.717340,-17.436132,-0.112025,1.905571,9.065715,-4.996106,-9.067170,-1.121685,-14.585335,-11.058990,-6.641794,11.465656,-15.943863,5.502682,0.153022,-1.060720,-9.112776,2.355725,12.567449,-19.567708,63.199720,12.086301,-14.218230,-14.464811,-1.906938,-12.286332,32.671216,63.194467,-16.020764,-9.738243,13.111465
31.000000,-54.055667,58.658379,75.766408,7.065785,7.183894,-17.138655,-0.760242,1.910052,8.773557,-4.996116,-8.977263,-1.278979,-14.871333,-11.114501,-6.931238,11.155334,-15.842434,5.547176,-0.342628,-0.972968,-9.571827,2.357826,12.557612,-19.750134,63.534932,11.861458,-14.266813,-14.379859,-1.921737,-12.251289,33.052740,63.249546,-15.966880,-9.670942,13.199674
32.000000,-54.053986,58.659649,75.765812,7.142896,7.527426,-17.236942,-1.119847,1.961677,8.868835,-4.996133,-8.837930,-1.305076,-15.162810,-11.028920,-6.892305,10.870974,-15.418899,5.412253,-0.403227,-0.936127,-10.044051,2.337277,12.584923,-19.661989,63.832674,11.715444,-14.287380,-14.428464,-1.907865,-12.214152,33.121285,63.257401,-15.963636,-9.623793,13.323509
33.000000,-54.029751,58.640760,75.758284,7.188925,7.660551,-17.376292,-1.229331,1.996095,8.958558,-4.996164,-8.893927,-1.254796,-15.133061,-10.931314,-6.822367,10.402416,-15.246890,5.460014,-0.428316,-0.928067,-10.342114,2.392143,12.611888,-19.471444,63.865868,11.709937,-14.204985,-14.519153,-1.862337,-12.255736,33.183371,63.164620,-16.141156,-9.665465,13.391400
34.000000,-53.999180,58.619195,75.757062,7.207385,7.570354,-17.703062,-1.036226,2.026327,9.270070,-4.996190,-9.079327,-1.276689,-15.026121,-10.836145,-6.607061,10.193331,-15.175429,5.464799,-0.269156,-0.942022,-10.421401,2.494743,12.630169,-19.627336,63.750219,11.707567,-14.090870,-14.438591,-1.816092,-12.185773,33.276395,63.246152,-16.161387,-9.547584,13.273726
35.000000,-53.986079,58.601904,75.768602,7.081742,7.365663,-17.790227,-0.733246,2.127176,9.412102,-4.996138,-9.078154,-1.228389,-14.717133,-10.676817,-6.462591,10.102214,-15.132486,5.419342,-0.311110,-0.835617,-10.298137,2.529673,12.512666,-19.636101,63.546700,11.903602,-14.096204,-14.639699,-1.716547,-12.218183,33.041447,63.135209,-16.160159,-9.737369,13.408764
36.000000,-53.978294,58.589226,75.776315,6.978783,7.127362,-17.900120,-0.405042,2.189098,9.594236,-4.996126,-9.167143,-1.274656,-14.414556,-10.582151,-6.362081,10.030523,-15.132807,5.441999,-0.313550,-0.823765,-10.116506,2.555175,12.523390,-19.749301,63.502741,12.178548,-14.197055,-14.622214,-1.666940,-12.230698,33.016393,63.085984,-16.101922,-9.839283,13.397197
37.000000,-53.967035,58.574265,75.779933,6.868349,6.863406,-18.020414,-0.010565,2.258148,9.673635,-4.996094,-9.198374,-1.242004,-14.134749,-10.487075,-6.232134,10.100448,-15.176178,5.356757,-0.341066,-0.804665,-9.963894,2.663105,12.469234,-19.700463,63.432336,11.977411,-14.027691,-14.412162,-1.597421,-12.278272,33.022592,63.045781,-15.883251,-9.684719,13.580302
38.000000,-53.965837,58.568466,75.773335,6.886738,6.759200,-18.126310,0.094682,2.218001,9.679473,-4.996110,-9.283318,-1.239822,-14.155516,-10.502064,-6.103138,10.255357,-15.234805,5.379852,-0.359588,-0.842000,-9.929157,2.658539,12.485537,-19.732374,63.483009,12.074624,-14.000443,-14.374403,-1.653396,-12.276545,33.064659,63.074516,-15.940955,-9.734986,13.736748
39.000000,-53.954113,58.550113,75.775903,6.829391,6.711298,-18.200519,0.215932,2.302432,9.843485,-4.996093,-9.331405,-1.231441,-13.980445,-10.412623,-6.106986,10.053880,-15.181952,5.383927,-0.380599,-0.790000,-9.936684,2.681938,12.460680,-19.706161,63.539249,12.042307,-14.003886,-14.307321,-1.659769,-12.277969,33.110790,63.107888,-15.999802,-9.779942,13.710015
40.000000,-53.946704,58.544064,75.778949,6.778024,6.638081,-18.286878,0.340979,2.350934,9.925976,-4.996104,-9.383502,-1.288329,-13.830448,-10.324307,-6.032022,9.890418,-15.092519,5.406630,-0.378493,-0.757873,-9.903315,2.631085,12.419917,-19.687964,63.706417,11.945952,-13.938428,-14.261667,-1.712698,-12.227738,33.144367,63.245585,-16.078776,-9.849847,13.636167
41.000000,-53.951520,58.553016,75.779611,6.765580,6.650784,-18.297774,0.341324,2.367431,9.927431,-4.996096,-9.382424,-1.306033,-13.789337,-10.314741,-6.096491,9.750222,-15.121192,5.499317,-0.547524,-0.592637,-9.806185,2.655068,12.347375,-19.558055,63.696480,11.968260,-14.050535,-14.313136,-1.858578,-12.247302,32.943297,63.331153,-16.217046,-10.063390,13.877068
42.000000,-53.967744,58.566380,75.778002,6.829859,6.666803,-18.427724,0.315462,2.313439,10.067333,-4.996114,-9.356382,-1.395225,-13.974982,-10.353834,-6.005745,9.921569,-15.085948,5.668794,-0.937703,-0.352596,-9.522827,2.843511,12.177659,-19.304075,63.380085,11.838757,-14.184961,-14.109717,-2.306021,-12.286088,32.854183,63.314679,-16.555163,-10.243397,14.255880
43.000000,-54.037285,58.567494,75.763083,7.008569,6.726987,-18.732653,0.190343,2.219022,10.359441,-4.996108,-9.341437,-1.271431,-14.567286,-10.372238,-5.574335,10.509403,-15.318460,5.696601,-1.073945,-0.313690,-9.378954,2.889803,12.037695,-19.232524,63.362128,11.690250,-14.093455,-13.739665,-2.580721,-12.298157,32.692858,62.995477,-16.883862,-10.496472,14.257631
44.000000,-54.027933,58.595365,75.746000,7.312475,6.774776,-19.034679,0.088541,1.919482,10.584848,-4.996132,-9.438667,-1.069560,-15.298121,-10.624182,-5.114764,11.419340,-15.696813,5.860256,-0.736354,-0.604887,-9.528945,2.666387,12.059811,-19.522487,63.398314,12.335062,-14.399058,-13.232108,-2.277103,-12.305605,32.509433,62.659138,-17.011790,-10.716719,13.872667
45.000000,-54.003400,58.578110,75.779688,7.027982,6.532229,-18.592489,0.379626,2.077185,10.226032,-4.922303,-9.478790,-1.161825,-13.952565,-10.548649,-5.784725,9.851984,-15.109669,5.886518,-0.949555,-0.677592,-8.931249,1.658679,12.540749,-19.602873,63.522207,12.513678,-14.428911,-13.258785,-2.519068,-12.538252,32.091118,62.555496,-16.621335,-10.655734,14.037599
46.000000,-54.051214,58.574146,75.756621,7.152950,6.881576,-18.644824,-0.064234,2.101645,10.292353,-4.996086,-9.437716,-1.192459,-14.799736,-10.534559,-5.616614,10.562795,-15.372538,5.714397,-0.840786,-0.674817,-9.704720,2.457819,12.116337,-19.922521,62.755204,13.104400,-14.431951,-12.606547,-1.806115,-12.335860,32.049877,62.576001,-16.610245,-10.336241,13.998256
47.000000,-54.027438,58.582461,75.738901,7.359829,6.995411,-18.742533,-0.235564,1.906103,10.341994,-4.996155,-9.415044,-1.193401,-15.363496,-10.729669,-5.434343,11.257434,-15.676466,5.774283,-0.793393,-0.800935,-9.867592,2.592456,12.066771,-20.204895,62.299228,13.576098,-14.394523,-12.454778,-1.832419,-12.375694,31.966156,62.529412,-16.213107,-10.389139,14.101597
48.000000,-54.013580,58.572948,75.766516,7.091502,6.741669,-18.377880,0.072675,2.041323,10.004268,-4.922944,-9.476525,-1.249481,-14.173631,-10.596279,-5.841852,9.906728,-15.288421,5.783039,-1.326295,-0.648000,-9.135751,1.848110,12.502429,-20.330384,62.301086,13.671717,-14.458037,-13.035415,-2.676325,-12.641672,31.942770,62.573269,-16.091082,-10.407850,14.578025
49.000000,-54.021102,58.547229,75.742757,7.209214,6.824791,-18.621312,0.006602,2.013776,10.198183,-4.996123,-9.448239,-1.267658,-14.889611,-10.649910,-5.601552,10.884710,-15.696434,5.740745,-1.016177,-0.582043,-9.650251,2.672718,11.995000,-20.680962,62.166852,13.949961,-14.557078,-12.465804,-2.040409,-12.437961,32.221455,62.667764,-16.404619,-10.390624,14.039688
50.000000,-54.028922,58.535045,75.727296,7.405905,6.933071,-18.652933,-0.177818,1.850185,10.261457,-4.996143,-9.348166,-1.169676,-15.529337,-10.825031,-5.433112,11.785508,-16.050427,5.763262,-1.018664,-0.713065,-9.880336,2.758940,12.008417,-20.731134,62.170752,14.018308,-14.703727,-12.369167,-1.943888,-12.334091,32.213081,62.568986,-15.570005,-10.436473,14.252940
51.000000,-54.064363,58.484769,75.755972,7.196425,6.837146,-18.301352,-0.115529,2.041219,9.963085,-4.922580,-9.354952,-1.298680,-14.576469,-10.688088,-5.951910,10.496381,-15.569693,5.641732,-1.353965,-0.674861,-9.350567,1.894942,12.527507,-20.392573,62.452518,13.626525,-14.578019,-12.929769,-2.606578,-12.634855,32.461703,62.412896,-16.626502,-10.522053,14.319362
52.000000,-54.044479,58.481205,75.730515,7.421731,7.090203,-18.749763,-0.342443,1.966242,10.397538,-4.996136,-9.278885,-1.258972,-15.521904,-10.695316,-5.449717,11.358861,-16.009432,5.616459,-1.003613,-0.676382,-9.966934,2.648274,11.993072,-19.938442,62.374128,12.804148,-14.350750,-12.817916,-2.072491,-12.255890,32.458042,62.657758,-16.395490,-10.130938,14.145446
53.000000,-54.030079,58.420759,75.748903,7.183788,6.874599,-18.564856,-0.037149,2.168969,10.181424,-4.922916,-9.453036,-1.245214,-14.436255,-10.469668,-5.747708,10.024857,-15.416890,5.625230,-1.208303,-0.622591,-9.331067,1.894237,12.604910,-19.948271,62.619366,13.026594,-14.404620,-13.252642,-2.690170,-12.594010,32.456854,62.569054,-16.474391,-10.375764,14.470329
54.000000,-54.028875,58.397824,75.731546,7.333791,7.050436,-19.039315,-0.169809,2.178969,10.624884,-4.996134,-9.396238,-1.289347,-15.148301,-10.357493,-5.257634,10.608877,-15.650557,5.651934,-0.736636,-0.539832,-9.866896,2.711360,12.059834,-19.829252,62.374701,12.851411,-14.492160,-12.833651,-2.036328,-12.430729,32.738432,62.665743,-16.600037,-10.395194,14.031758
55.000000,-54.053593,58.377886,75.709152,7.542960,7.304611,-19.201125,-0.498660,2.097377,10.769462,-4.996143,-9.338014,-1.246690,-15.991162,-10.436179,-5.051088,11.458828,-15.979461,5.621981,-0.640335,-0.608209,-10.099852,2.751259,12.076817,-20.138236,62.366608,13.363695,-14.459207,-12.456312,-2.004130,-12.449069,32.832429,62.595255,-16.602376,-10.423132,13.656283
56.000000,-54.047358,58.334625,75.740224,7.284828,7.225990,-18.848007,-0.391469,2.329495,10.408580,-4.922125,-9.384660,-1.343206,-14.910151,-10.247061,-5.582698,9.954070,-15.379793,5.576280,-0.983000,-0.423235,-9.659089,1.899438,12.494551,-19.856239,62.649398,12.724227,-14.479497,-13.140962,-2.591091,-12.741288,32.606295,62.553953,-16.172681,-10.637840,14.172683
57.000000,-54.021025,58.325011,75.730729,7.500385,7.416013,-19.208879,-0.558502,2.231323,10.849830,-4.996108,-9.256080,-1.405266,-15.648208,-10.272544,-5.151432,10.619298,-15.488429,5.591177,-0.704473,-0.460334,-10.096073,2.747248,12.073929,-20.146990,62.301051,13.164876,-14.541164,-12.300970,-2.037269,-12.492708,32.861570,62.571206,-16.675821,-10.483216,13.353232
58.000000,-54.011589,58.280855,75.720990,7.645162,7.682993,-19.309830,-0.878165,2.229314,10.908994,-4.996151,-9.248443,-1.393935,-16.181471,-10.247183,-4.983262,10.978980,-15.652297,5.530411,-0.674055,-0.503603,-10.325081,2.773936,12.053122,-20.170180,62.305266,13.212193,-14.464423,-12.167165,-2.014038,-12.439579,32.892057,62.523654,-16.643071,-10.488468,13.449455
59.000000,-53.957301,58.264887,75.754726,7.340023,7.417525,-18.987028,-0.485858,2.402940,10.594615,-4.922290,-9.364188,-1.373136,-14.826232,-10.121922,-5.555652,9.414844,-15.134103,5.539092,-1.006329,-0.339675,-9.652537,1.972810,12.404585,-19.745688,62.498608,12.397377,-14.320261,-13.033433,-2.600672,-12.721195,32.719769,62.466663,-16.454206,-10.401672,14.135970
60.000000,-53.950399,58.229566,75.744677,7.517030,7.729593,-19.354432,-0.800851,2.430185,11.009240,-4.996107,-9.296670,-1.463624,-15.421172,-9.990764,-5.160521,9.533916,-15.017329,5.619802,-0.777709,-0.291392,-10.174111,2.737864,12.009722,-20.086410,62.338481,13.174767,-14.345057,-12.094166,-2.136639,-12.409171,32.984520,62.674021,-16.876510,-10.183180,13.517486
61.000000,-53.941900,58.171797,75.732702,7.647528,8.052707,-19.512314,-1.145821,2.491117,11.097863,-4.996104,-9.226786,-1.453932,-15.836890,-9.895085,-5.052627,9.517151,-14.951224,5.457899,-0.690795,-0.331114,-10.354750,2.647669,12.086551,-20.522504,62.390725,13.504326,-14.472128,-11.832753,-2.178162,-12.334503,33.166627,62.701820,-16.794105,-10.159290,13.236179
62.000000,-53.905207,58.149910,75.725931,7.741266,8.397650,-19.539912,-1.518938,2.535497,11.112061,-4.996120,-9.161967,-1.498069,-16.133079,-9.833526,-5.065281,9.342240,-14.925440,5.381220,-0.699316,-0.192859,-10.748093,2.764149,11.973893,-20.397554,62.299433,13.282837,-14.599601,-11.763904,-2.033712,-12.504096,33.325118,62.586184,-16.624247,-10.301336,13.220215
63.000000,-53.898299,58.103508,75.720990,7.862778,8.645272,-19.538319,-1.817890,2.543656,11.154640,-4.996099,-9.128316,-1.431615,-16.528725,-9.846491,-5.089407,9.548432,-14.963963,5.423806,-0.701847,-0.213586,-10.954485,2.734197,11.985753,-20.597491,62.339888,13.554961,-14.500635,-11.604268,-1.948905,-12.533636,33.209886,62.395745,-16.717463,-10.162577,13.058488
64.000000,-53.841889,58.058345,75.719219,7.916318,8.927906,-19.554815,-2.088255,2.618675,11.141734,-4.996068,-9.111573,-1.365858,-16.722093,-9.759912,-5.079825,9.410419,-14.891341,5.341523,-0.615650,-0.135201,-11.209102,2.635468,11.917131,-20.587852,62.465638,13.363563,-14.477662,-11.867168,-1.710473,-12.664285,32.994861,62.047631,-16.326638,-10.266021,13.317382
65.000000,-53.816736,58.029401,75.715065,8.003607,9.044427,-19.679298,-2.194146,2.615341,11.235568,-4.996058,-9.038933,-1.318372,-16.962722,-9.727141,-4.888353,9.557479,-14.941998,5.327131,-0.491630,-0.145570,-11.268223,2.569984,11.946760,-20.750326,62.478076,13.450308,-14.414225,-11.869673,-1.653320,-12.728236,32.910170,61.836346,-16.129434,-10.230401,13.342909
66.000000,-53.790230,57.997704,75.706315,8.067708,9.243020,-19.631163,-2.419675,2.621845,11.231882,-4.996049,-9.080559,-1.308618,-17.336267,-9.745516,-4.953823,9.924858,-15.193249,5.384559,-0.677776,-0.142802,-11.449893,2.695246,12.006877,-20.708770,62.406475,13.634546,-14.476169,-11.514176,-1.669488,-12.560352,32.869623,62.037160,-16.174255,-10.224737,12.960219
67.000000,-53.761208,57.969105,75.729364,7.770378,8.834702,-19.231857,-1.927352,2.726825,10.838962,-4.920093,-9.134867,-1.290507,-16.064584,-9.721928,-5.487262,8.843249,-14.800555,5.294883,-0.953751,-0.087110,-10.551969,1.714518,12.359218,-20.353849,62.672320,13.050570,-14.370363,-12.504327,-2.278401,-12.994065,32.636570,61.719181,-16.411205,-10.506019,13.999637
68.000000,-53.763294,57.900089,75.727659,7.860373,8.770985,-19.600943,-1.780778,2.747324,11.236462,-4.995954,-9.010519,-1.438762,-16.554574,-9.629027,-5.046733,9.668793,-15.216365,5.220799,-1.009103,-0.026583,-10.315559,2.062022,11.862247,-20.060549,62.608519,13.197033,-14.547041,-12.537610,-2.400418,-12.617393,33.203189,62.022496,-16.670854,-10.587445,13.654787
69.000000,-53.808153,57.852238,75.754941,7.371671,7.685973,-19.110225,-0.568416,2.829810,10.801818,-4.917805,-9.143508,-1.533485,-14.924324,-9.649705,-5.460449,9.413482,-15.240374,5.190577,-1.728053,0.137459,-7.853797,0.566610,12.119654,-19.109181,62.707250,12.891621,-14.495514,-13.962383,-4.044456,-12.897887,32.494068,62.158874,-16.840209,-11.102524,14.622784
70.000000,-53.909475,57.833201,75.751126,6.991908,6.288324,-19.151160,1.047657,2.770624,10.812815,-4.843855,-9.379092,-1.162168,-14.110839,-9.733950,-5.162184,10.922985,-16.193393,4.931233,-2.220651,0.226596,-5.131725,-0.167294,12.111147,-17.728074,61.802243,13.245124,-14.700421,-14.316439,-5.556501,-13.158028,31.717199,61.737090,-17.590461,-11.583326,15.319004
71.000000,-54.090023,57.790482,75.718594,6.741460,4.734093,-19.258932,2.485264,2.587483,10.853052,-4.354085,-9.719381,-1.052715,-14.027557,-10.015501,-4.621953,14.033471,-17.811720,4.873293,-2.530241,0.077821,-2.491297,-0.297481,12.487639,-16.741352,59.790868,14.122831,-15.107398,-14.851965,-6.621231,-13.514736,30.376409,60.900255,-18.250639,-11.929403,15.688574
72.000000,-54.258502,57.743001,75.656950,6.934704,3.347595,-19.671782,3.196142,2.082101,11.029906,-2.812128,-10.413542,-0.915432,-14.828033,-10.596359,-3.620201,18.012177,-19.717610,4.915346,-2.457183,-0.459952,-0.099888,-0.015051,12.892441,-15.991969,57.362866,14.488882,-15.676362,-14.392561,-7.205342,-13.886394,29.227985,59.626739,-19.074300,-11.780989,15.906351
73.000000,-54.279828,57.665735,75.643891,6.922319,3.293755,-19.511697,1.907159,2.267193,10.803714,0.412086,-12.462063,-1.273721,-14.324611,-10.451460,-3.821172,17.741184,-20.054364,5.034942,-2.797587,-0.488756,2.189205,-2.307110,14.403011,-14.625028,55.934082,13.611356,-15.766233,-14.912769,-9.794671,-15.187233,28.010271,58.823392,-19.352458,-11.806889,16.294514
74.000000,-54.480219,57.666802,75.632429,6.959428,2.913667,-19.684631,0.328529,2.463163,10.606179,4.289861,-14.119933,-1.271572,-14.834121,-10.557891,-3.602462,19.065189,-20.470881,5.067171,-2.882975,-0.566868,3.864698,-2.656194,14.957018,-14.331786,54.772165,13.273794,-16.157328,-14.802907,-10.319119,-15.532231,27.208286,57.957065,-18.924216,-11.693436,16.028963
75.000000,-54.659349,57.692724,75.556368,7.214294,2.837305,-19.896939,-1.594313,2.553019,10.632012,8.099745,-15.712749,-1.321606,-16.025523,-10.778942,-3.152445,20.915231,-21.095321,5.022563,-3.017298,-0.843259,4.749953,-2.610451,15.340868,-13.941405,53.950858,12.646760,-16.126799,-14.948197,-10.566029,-15.643247,26.844156,57.281784,-18.820998,-11.814077,16.038457
76.000000,-54.836446,57.722527,75.442249,7.469196,3.065405,-20.060061,-3.726460,2.741400,10.554991,11.637153,-17.281581,-1.243071,-17.469259,-10.884551,-2.749513,22.663382,-21.693984,4.950314,-3.295182,-0.942012,5.023957,-2.483822,15.596247,-13.921744,53.612993,12.225082,-15.941841,-14.673065,-10.788357,-15.809817,27.379793,56.709988,-18.739186,-11.878221,16.070798
77.000000,-54.907256,57.720590,75.330442,7.640286,3.334047,-20.194894,-5.532307,3.022980,10.716237,14.684219,-18.504943,-1.417933,-18.660070,-10.909649,-2.518587,24.117963,-22.320746,4.896258,-3.524445,-1.010913,5.120044,-2.452024,15.835636,-13.795937,53.278310,12.017047,-16.171168,-14.165136,-10.979767,-16.035105,28.078245,56.137475,-18.907441,-11.832865,16.346089
78.000000,-54.965085,57.705641,75.227690,7.719266,3.614455,-20.381448,-6.915507,3.387386,11.012707,16.951800,-19.548469,-1.290852,-19.608010,-10.772946,-2.280594,25.146146,-22.745093,4.719696,-3.723927,-0.945444,5.025989,-2.288433,15.914493,-14.002651,53.242766,11.985523,-16.008208,-13.934082,-11.112122,-16.115263,28.542409,55.713269,-18.711155,-11.876579,16.318667
79.000000,-54.979587,57.660121,75.154454,7.664743,3.870129,-20.537166,-7.949702,3.797347,11.027802,18.679985,-20.408728,-1.314272,-20.187319,-10.490206,-2.124786,25.743173,-22.955789,4.612893,-3.789174,-0.763929,4.879599,-2.308353,15.845831,-13.787846,53.027123,11.217460,-15.788780,-14.201926,-11.173525,-16.154038,28.753935,55.552606,-18.796056,-12.015230,16.181007
80.000000,-55.005795,57.618517,75.076276,7.590654,4.057954,-20.699170,-8.823772,4.173065,10.925255,20.251805,-21.171010,-1.400128,-20.682414,-10.215639,-2.040420,26.239302,-23.212109,4.555647,-3.806967,-0.628311,4.809067,-2.127095,15.932635,-13.843858,52.540127,11.118604,-15.524636,-14.191185,-11.258735,-16.143157,28.976702,55.491804,-18.967089,-12.179616,15.728715
81.000000,-55.019653,57.552189,75.007331,7.570119,3.908512,-21.007844,-9.041740,4.448124,11.372595,21.278111,-21.751986,-1.455089,-21.003199,-10.048645,-1.739452,27.087007,-23.644990,4.479584,-3.710034,-0.913232,5.329584,-2.217215,16.082049,-13.220590,51.964028,10.523978,-15.444854,-14.712094,-11.568936,-15.841377,28.952028,55.323528,-19.045257,-12.115458,15.748372
82.000000,-55.024767,57.510865,74.911803,7.482989,3.819434,-21.080490,-9.466310,4.664916,11.275890,22.492528,-22.338549,-1.458853,-21.324067,-9.929814,-1.636686,27.971358,-24.187196,4.372387,-3.796202,-0.992501,5.508503,-2.181587,16.321444,-13.332468,51.812954,11.137651,-15.626032,-14.607859,-11.692528,-15.794456,28.901624,55.153682,-19.143721,-12.108679,15.648296
83.000000,-55.034512,57.480836,74.828583,7.456945,3.712371,-21.148061,-9.845409,4.873014,11.497349,23.621803,-22.899744,-1.426596,-21.640389,-9.875787,-1.485880,28.815284,-24.472715,4.328223,-3.894811,-1.056052,5.469838,-2.090215,16.155120,-12.791478,51.992052,10.439718,-15.346856,-14.642525,-11.660934,-15.722097,28.825803,55.118807,-19.031750,-12.079281,15.879406
84.000000,-55.028999,57.441986,74.766755,7.380138,3.603099,-21.177765,-10.085583,5.087861,11.589429,24.571986,-23.246245,-1.532876,-21.805290,-9.814860,-1.469245,29.473813,-24.987793,4.300668,-3.968706,-1.050276,5.535777,-1.984900,16.289409,-13.101216,52.137385,11.207497,-15.577011,-14.250239,-11.586425,-15.797589,28.808372,54.890183,-19.031050,-12.220713,15.727771
85.000000,-55.033445,57.411474,74.705678,7.304713,3.498336,-21.257560,-10.274364,5.209195,11.439277,25.291910,-23.603706,-1.650890,-21.948398,-9.715373,-1.358654,30.036898,-25.129531,4.205817,-3.941364,-1.054693,5.543868,-2.039496,16.139915,-12.484788,52.212206,10.358013,-15.507960,-14.076178,-11.582535,-15.824560,28.891441,54.765314,-19.004397,-12.182933,16.118405
86.000000,-55.028045,57.389784,74.674106,7.155308,3.409286,-21.199020,-10.431122,5.424100,11.399891,25.983952,-23.936244,-1.549611,-21.850897,-9.624648,-1.466635,30.236763,-25.183638,4.102056,-4.015581,-0.931280,5.687817,-2.015925,16.260012,-12.749399,52.175047,10.755866,-15.426508,-14.168120,-11.611304,-15.946745,28.974349,54.604361,-19.055311,-12.219765,16.205015
87.000000,-55.023003,57.373345,74.644333,7.017076,3.357756,-21.176310,-10.507140,5.587456,11.290940,26.411863,-24.087774,-1.599073,-21.745516,-9.495145,-1.518054,30.301854,-25.349286,4.053141,-3.980040,-0.793824,5.732243,-1.988890,16.281158,-12.830978,52.061061,11.003284,-15.486192,-13.961696,-11.609337,-16.047289,28.954900,54.551690,-19.066557,-12.263538,15.978580
88.000000,-55.048418,57.357168,74.617827,6.969839,3.274776,-21.150025,-10.554530,5.647708,11.236034,26.652607,-24.167137,-1.637318,-21.773366,-9.521422,-1.656498,30.604691,-25.622597,4.064087,-3.927324,-0.790286,5.778098,-2.054603,16.268910,-12.808392,52.057755,10.908034,-15.606846,-14.109428,-11.636000,-16.057181,28.983539,54.548268,-19.066698,-12.294783,16.014664
89.000000,-55.073088,57.355869,74.589044,6.942516,3.226613,-21.042320,-10.726520,5.654448,11.074517,27.078959,-24.328657,-1.641150,-21.900303,-9.543143,-1.653612,31.008427,-25.538098,3.978897,-4.046472,-0.753695,5.791596,-1.998930,16.262870,-12.965473,52.131508,11.147245,-15.702728,-14.009006,-11.680913,-16.084614,29.090670,54.539313,-19.088654,-12.397678,15.956859
90.000000,-55.115908,57.355201,74.565297,6.934464,3.205851,-20.958974,-10.854432,5.654597,10.970072,27.258042,-24.387938,-1.676134,-22.015689,-9.573436,-1.695783,31.273835,-25.696958,3.966480,-4.100138,-0.782267,5.740359,-2.058255,16.172467,-12.729075,52.232345,10.644425,-15.654621,-13.953451,-11.665902,-16.017279,29.233363,54.565155,-18.878984,-12.407118,15.966527
91.000000,-55.161482,57.345951,74.528068,7.009094,3.305587,-20.932008,-11.084186,5.667306,11.027413,27.370313,-24.561191,-1.712812,-22.325554,-9.609454,-1.690300,31.591059,-25.987651,4.045037,-4.117507,-0.808384,5.440850,-1.931599,16.215926,-12.937022,52.312241,11.040897,-15.615909,-13.791027,-11.622018,-15.941803,29.224795,54.654436,-18.955889,-12.366806,15.793115
92.000000,-55.170852,57.325256,74.491262,7.061549,3.279401,-20.920914,-11.225498,5.676430,11.105800,27.709019,-24.672125,-1.675837,-22.495151,-9.657937,-1.633048,31.962382,-26.187345,3.973893,-4.042516,-0.924757,5.107596,-1.838695,16.165002,-12.604248,52.473342,10.420654,-15.181161,-13.970637,-11.394864,-15.761189,29.048511,54.772769,-18.674319,-12.143581,15.831513
93.000000,-55.138862,57.306212,74.384058,7.037536,3.493522,-20.831672,-11.897210,5.845009,10.883539,28.717575,-25.158459,-1.590053,-22.966036,-9.532534,-1.546595,32.591289,-26.664625,3.846982,-3.928286,-0.728499,3.662259,-1.226592,16.216063,-13.007474,52.745805,10.013884,-15.282516,-13.530867,-10.516386,-15.874391,29.065696,54.921623,-18.206223,-11.895705,15.606928
94.000000,-55.155659,57.296175,74.254197,7.017180,3.942833,-20.862196,-13.102606,6.209171,10.718786,30.269585,-25.757378,-1.582144,-23.796644,-9.322108,-1.589499,33.325968,-27.039860,3.631087,-3.850041,-0.475785,1.877923,-0.393690,16.506750,-14.006645,52.942292,10.112860,-15.340470,-12.857928,-9.628773,-15.871632,29.222739,55.166792,-17.544782,-11.400342,15.441591
95.000000,-55.097163,57.240504,74.123740,7.048152,4.415931,-21.006882,-14.166946,6.576736,10.698118,31.564070,-26.293086,-1.719659,-24.689092,-9.087820,-1.525363,34.157482,-27.424635,3.398186,-3.616872,-0.426090,-0.045310,0.405614,16.734303,-14.245288,53.149974,9.749363,-15.282063,-11.841557,-8.657061,-15.798398,29.147361,55.150919,-17.300229,-10.967964,15.307446
96.000000,-55.112410,57.197195,73.959476,6.972318,4.954758,-21.000363,-15.488053,7.141884,10.600348,33.190133,-27.131327,-1.790149,-25.634204,-8.772291,-1.602239,35.017123,-27.700590,3.169070,-3.663460,-0.245965,-1.606600,1.109249,16.876976,-14.816958,53.403839,9.950517,-14.976525,-11.031322,-7.893559,-15.672798,29.419015,55.117656,-17.118013,-10.867722,14.962643
97.000000,-55.090213,57.132757,73.783332,6.977038,5.405715,-21.220449,-16.460759,7.643835,10.769858,34.448090,-27.739485,-2.004375,-26.552664,-8.457780,-1.506549,35.901469,-28.446000,3.014788,-3.633432,-0.224871,-2.788622,1.650228,17.147364,-14.618804,53.215127,9.992160,-15.443889,-10.445255,-7.394315,-15.695029,29.754797,54.744175,-17.068496,-10.923448,15.162866
98.000000,-55.098796,57.079828,73.662466,7.008451,5.672216,-21.476318,-17.081103,7.976672,10.897086,35.328952,-28.236589,-2.075980,-27.302640,-8.208358,-1.359786,36.668673,-28.660017,2.882217,-3.742003,-0.238342,-3.653125,2.313665,17.347402,-14.573216,53.000198,9.866708,-15.184359,-10.020150,-7.046389,-15.794841,30.350571,54.284281,-17.042326,-10.601455,15.314536
99.000000,-55.112708,57.022071,73.523968,7.075334,5.974376,-21.753720,-17.810000,8.311845,10.990749,36.302804,-28.728616,-2.139000,-28.073228,-7.934988,-1.142862,37.404646,-29.028321,2.782790,-3.925103,-0.231791,-4.452409,3.045716,17.450790,-14.812495,52.769236,9.313062,-14.938689,-9.915279,-6.624172,-15.735919,30.641694,53.950141,-16.790102,-10.555507,15.073830
100.000000,-55.011868,56.942374,73.446852,7.015333,6.184237,-21.944019,-18.108177,8.671293,11.113801,36.911469,-29.216479,-2.239728,-28.303045,-7.659632,-1.100529,37.634759,-29.357639,2.596315,-4.009805,-0.107989,-5.228758,3.651244,17.554872,-15.040604,52.531545,9.340633,-15.294067,-9.624020,-6.045297,-15.782264,30.750280,53.915044,-16.423062,-10.665846,14.880406
101.000000,-54.973328,56.902373,73.377740,6.960429,6.203121,-22.173492,-18.261696,8.953239,11.264520,37.527013,-29.585460,-2.111924,-28.480111,-7.459892,-0.995223,37.985657,-29.605154,2.451529,-4.138655,-0.115432,-5.606617,4.146764,17.650537,-15.002061,52.315735,9.359645,-15.307815,-9.570667,-5.838207,-15.834897,30.580529,53.902135,-16.692745,-10.645289,14.470248
102.000000,-54.978710,56.869382,73.321015,6.924624,6.160273,-22.425456,-18.240193,9.171203,11.509349,37.803417,-29.790396,-2.173897,-28.678076,-7.263716,-0.825661,38.361775,-29.549727,2.432218,-4.249479,-0.146726,-5.831192,4.343917,17.701076,-14.821338,52.266479,9.370693,-15.425376,-9.454653,-5.750417,-15.731828,30.503785,54.096321,-16.400818,-10.524279,14.577891
103.000000,-54.955530,56.837583,73.279536,6.930816,6.065854,-22.595575,-18.091231,9.236292,11.678101,37.891089,-29.969996,-2.072236,-28.726263,-7.217344,-0.734541,38.649319,-29.978540,2.529542,-4.277126,-0.214890,-5.996167,4.492203,17.763189,-14.796000,52.223476,9.413184,-15.409400,-9.588618,-5.700284,-15.613964,30.530611,54.358327,-16.209605,-10.464504,14.840888
104.000000,-54.934722,56.818563,73.237705,6.889911,5.931092,-22.696904,-17.955903,9.305238,11.747055,38.085483,-30.137506,-2.111066,-28.686252,-7.138506,-0.590253,38.914569,-30.262106,2.456493,-4.316447,-0.257215,-6.046037,4.494792,17.794955,-14.625057,52.291723,9.578912,-15.480113,-9.639402,-5.631748,-15.665763,30.649026,54.309573,-16.472862,-10.756937,14.881292
105.000000,-54.942995,56.803328,73.194695,6.916741,5.800221,-22.871899,-17.874040,9.379491,11.966018,38.354637,-30.337839,-1.936186,-28.804970,-7.126014,-0.472389,39.278082,-30.234037,2.402919,-4.255996,-0.326097,-6.056412,4.472376,17.706360,-14.681133,52.420435,9.446218,-15.194818,-9.605150,-5.550876,-15.624512,30.784380,54.294253,-16.234794,-10.699933,14.825796
106.000000,-54.964823,56.805903,73.159003,6.924358,5.718287,-22.937209,-17.856242,9.364184,11.959896,38.495134,-30.392989,-2.000100,-28.921613,-7.052130,-0.278957,39.594549,-30.426307,2.415183,-4.238482,-0.385944,-6.058721,4.447797,17.612339,-14.570443,52.537549,9.424721,-15.112716,-9.447921,-5.593937,-15.564913,30.868340,54.367722,-16.219271,-10.670878,14.797031
107.000000,-54.964876,56.806892,73.126423,6.905757,5.700704,-22.876288,-17.923810,9.381645,11.927294,38.649431,-30.493612,-2.060804,-28.988590,-7.084211,-0.288779,39.816451,-30.596556,2.210159,-4.343236,-0.353812,-6.030038,4.477016,17.544394,-14.445338,52.548405,9.428815,-15.007223,-9.541154,-5.661892,-15.608883,30.963730,54.189218,-16.334344,-10.646126,15.103114
108.000000,-54.931110,56.782562,73.192346,6.932604,5.626611,-22.812883,-17.459852,9.191614,11.963991,37.899282,-30.220776,-1.979452,-28.629791,-7.136575,-0.306275,39.341070,-30.374961,2.280236,-4.399741,-0.400163,-5.811792,4.183426,17.633505,-14.333970,52.619006,9.315186,-15.012945,-9.690548,-5.907872,-15.679227,30.966701,53.984227,-16.245135,-10.638167,15.159940
109.000000,-54.934311,56.802452,73.113918,7.016715,5.524396,-22.830792,-17.663933,9.137427,11.985349,38.474152,-30.470526,-1.925618,-28.902833,-7.307149,-0.236214,39.985413,-30.740564,2.428383,-4.373129,-0.438494,-5.842734,4.414650,17.516456,-14.412727,52.700824,9.343693,-15.111930,-9.515547,-5.744732,-15.663582,30.956760,53.939223,-16.508285,-10.819629,14.732083
110.000000,-54.901004,56.783623,73.175806,7.048031,5.535452,-22.738913,-17.375156,8.973543,11.967614,37.853755,-30.167702,-1.949159,-28.625985,-7.360866,-0.287272,39.502570,-30.511234,2.434639,-4.384304,-0.396002,-5.704821,4.218301,17.432813,-14.084699,52.802184,9.173756,-14.928038,-9.588700,-5.834791,-15.772478,30.854300,53.753753,-16.475897,-10.849634,14.679205
111.000000,-54.931617,56.780064,73.101050,7.060550,5.376169,-22.712113,-17.545607,9.033584,12.004956,38.509716,-30.516435,-1.845063,-28.845774,-7.415026,-0.155342,40.199550,-30.828527,2.330222,-4.464041,-0.458476,-5.533158,4.313805,17.327531,-14.206525,52.941510,9.040329,-14.885866,-9.699719,-5.812019,-15.575032,30.815881,53.936621,-16.421648,-10.939683,14.623249
112.000000,-54.959404,56.782967,73.045141,7.010996,5.224672,-22.714692,-17.567627,9.055966,11.932545,38.893208,-30.697623,-1.885234,-28.867016,-7.408313,-0.087866,40.604945,-31.133758,2.318512,-4.438797,-0.388502,-5.120676,3.903362,17.089997,-14.181332,53.177483,9.183976,-14.918176,-9.916114,-6.062295,-15.598368,30.850646,53.974276,-16.691169,-11.174996,14.410144
113.000000,-55.030894,56.852418,72.885883,6.909977,5.401034,-22.649233,-18.187288,9.350444,11.960775,39.775706,-32.024530,-2.656749,-29.401915,-7.268171,-0.162047,41.298227,-32.431408,2.650883,-4.716595,0.187342,-4.962724,3.506473,16.615924,-12.827962,53.407414,10.274403,-15.263548,-12.876593,-7.167157,-16.117261,31.207636,54.202899,-15.188963,-10.751997,14.336005
114.000000,-55.182040,56.911254,72.792184,6.843022,5.197344,-22.764785,-18.354883,9.485231,12.023212,40.466210,-32.270106,-2.407006,-29.626188,-7.175927,0.021811,41.861027,-32.576898,2.672509,-4.904953,0.388663,-3.871194,2.686339,16.716589,-12.362834,53.044656,10.672333,-15.203583,-13.354866,-8.232862,-16.422078,31.280333,53.838795,-14.710600,-10.636205,14.372397
115.000000,-55.335927,56.961203,72.682148,6.690206,5.134057,-22.585785,-18.842405,9.621922,11.734115,41.340171,-32.698762,-2.271464,-29.833863,-7.153909,-0.151996,42.387860,-32.928830,2.539606,-5.240490,0.563262,-2.888840,2.414713,16.823519,-12.010022,52.236706,10.561911,-15.229437,-13.273638,-8.565708,-16.598200,30.569857,52.987344,-14.400370,-10.615068,14.820901
116.000000,-55.466986,56.977785,72.603118,6.809426,5.312123,-22.661663,-19.392439,9.671598,11.715315,41.771432,-32.856861,-2.211188,-30.461281,-7.138948,-0.109657,42.855127,-32.993082,2.433472,-5.362110,0.577549,-2.306846,2.548461,16.718531,-11.602537,51.708289,10.565233,-15.001425,-13.051750,-8.629322,-16.845700,30.369767,52.339863,-14.678070,-10.700384,14.311354
117.000000,-55.580389,56.948495,72.549951,6.975935,5.773125,-22.655718,-20.224424,9.822628,11.637065,42.133873,-32.844382,-2.500123,-31.215785,-7.029510,-0.112234,43.072617,-32.942559,2.431135,-5.545924,0.628794,-2.168361,2.544508,16.685879,-11.340879,51.697883,10.853114,-15.359096,-12.348079,-8.261841,-16.924049,30.219130,51.861302,-14.735749,-10.748785,13.596735
118.000000,-55.682552,56.904352,72.600561,7.129981,6.421903,-22.666100,-20.924247,9.933572,11.521657,41.762727,-32.306221,-2.851297,-31.769324,-6.790501,-0.170896,42.517337,-32.463274,2.263226,-5.799851,0.866538,-2.128501,2.400869,16.662089,-11.621338,51.969017,10.492396,-15.318958,-12.073885,-8.321808,-17.224308,30.431290,51.232293,-14.588818,-10.917871,13.674433
119.000000,-55.851251,56.896585,72.463822,7.296859,6.615657,-22.957746,-21.781482,10.154827,11.492686,42.892167,-32.637813,-2.930452,-32.676431,-6.609072,0.110916,43.286481,-32.638202,2.127308,-5.886502,0.917173,-1.780685,2.528326,16.587087,-11.816866,52.039990,10.443910,-15.403501,-11.303906,-8.312285,-17.450782,30.953225,50.663659,-14.335496,-10.872554,13.325980
120.000000,-56.063640,56.900567,72.295940,7.110816,6.783500,-23.172356,-22.693380,10.742621,11.310824,44.285840,-33.108642,-3.214299,-33.261905,-6.070731,0.242010,43.833818,-32.897292,1.780313,-6.122668,1.251817,-0.688311,2.330175,16.607921,-11.554887,51.563297,10.828486,-15.631697,-10.441588,-8.897727,-17.888194,31.352689,49.705766,-14.061129,-11.000964,13.262741
121.000000,-56.409305,56.964761,72.054863,6.867226,6.768279,-23.539735,-23.548139,11.614307,11.619577,45.941553,-33.720822,-3.299875,-33.988838,-5.476497,0.405579,44.742650,-33.168071,1.371956,-6.285284,1.604627,1.498868,1.593875,16.843957,-11.133640,50.570000,11.650349,-16.028518,-10.068314,-10.027322,-18.436612,31.101376,48.244515,-13.875808,-10.891708,13.690170
122.000000,-56.745404,57.013100,71.787989,6.451568,6.774435,-23.810531,-24.447433,12.653139,11.661646,47.696010,-34.549829,-3.642040,-34.634247,-4.738583,0.447193,45.685899,-33.441808,1.017071,-6.725498,2.271565,4.249267,1.075439,16.953236,-10.278471,48.865834,12.587612,-16.663696,-9.534704,-11.128045,-19.394107,30.495442,46.075435,-13.963342,-11.096246,14.212679
123.000000,-57.150251,57.086802,71.488339,6.118617,6.784474,-24.293512,-25.428198,13.622253,11.625677,49.569036,-35.166534,-3.871678,-35.465225,-3.953208,0.593694,46.713371,-33.727368,0.683556,-7.320857,2.661928,7.202427,0.965357,17.040777,-8.519602,46.694342,13.060425,-16.977572,-8.983950,-12.119855,-20.245847,29.460819,43.376670,-14.264052,-11.153775,14.981958
124.000000,-57.544053,57.112402,71.174169,6.067424,7.256014,-24.771640,-26.910448,14.565570,11.655009,51.242173,-35.682722,-4.056862,-36.841986,-3.249987,0.678909,47.603495,-33.808972,0.409214,-8.015035,2.814254,9.126674,1.420388,17.293969,-6.862351,44.427795,13.399634,-17.195585,-8.978793,-12.661371,-20.959050,28.724627,40.469694,-14.821545,-11.160534,15.955435
125.000000,-57.925802,57.141465,70.902812,6.124064,7.989459,-25.247472,-28.702944,15.505670,11.584388,52.916669,-36.016615,-4.166460,-38.387418,-2.540792,0.757264,48.218472,-33.580031,0.301124,-8.330076,3.078277,10.445865,1.905171,17.594986,-5.752329,42.658158,13.615684,-17.275553,-9.519159,-12.519954,-21.720473,27.443271,37.996851,-15.611145,-11.068943,16.334076
126.000000,-58.279008,57.169539,70.617622,6.479338,8.863662,-25.893855,-30.542246,16.246742,11.702577,54.198535,-36.261915,-4.321534,-40.333070,-1.892686,1.040951,48.969284,-33.407879,0.383095,-8.362589,3.183088,11.214636,2.453179,17.822335,-5.299085,41.394122,13.691251,-17.460590,-9.313770,-11.908156,-22.435467,26.345491,35.536805,-15.346696,-11.409996,16.609873
127.000000,-58.544546,57.154006,70.350885,6.953213,9.968164,-26.427265,-32.525033,16.870461,11.669714,55.241761,-36.450500,-4.464948,-42.349727,-1.396273,1.086164,49.569504,-33.289594,0.326958,-8.477566,3.368080,11.347220,3.028866,17.928763,-5.500084,40.839764,13.352786,-17.545948,-8.863092,-11.277926,-23.033218,25.953484,33.557266,-14.431283,-11.658657,16.719533
128.000000,-58.754379,57.094896,70.180935,7.388025,10.902250,-26.794740,-34.148026,17.203932,11.418403,55.851751,-36.388253,-4.738386,-43.944648,-0.948984,1.202886,49.909329,-33.084900,0.064967,-8.540991,3.508670,11.166688,3.316666,17.959209,-5.713205,40.651192,13.155268,-17.768462,-8.388259,-10.924237,-23.522031,25.834659,32.417563,-13.835557,-11.901012,16.792001
129.000000,-58.879131,56.993371,70.110208,7.812069,11.713537,-27.124386,-35.289842,17.552051,11.541421,56.021171,-36.143360,-4.742065,-45.127029,-0.649800,1.197759,49.842243,-32.505208,-0.141331,-8.393848,3.585320,10.915200,3.102269,18.099221,-5.682295,40.767968,12.988238,-17.918761,-8.031193,-10.744055,-23.862456,25.449900,31.669658,-13.054734,-11.748427,17.098154
130.000000,-58.977628,56.882155,69.988275,8.065879,12.105709,-27.384056,-36.042092,17.916218,11.627320,56.556627,-36.285578,-4.605941,-45.923371,-0.372821,1.287822,50.207976,-32.692677,-0.208841,-8.326589,3.506837,10.702538,3.441392,17.978485,-5.715905,40.725840,12.446569,-17.701048,-8.231124,-10.430503,-23.938420,25.548878,31.020431,-13.009550,-11.842039,17.533642
131.000000,-59.033078,56.746924,69.968486,8.096832,12.469001,-27.439101,-36.496959,18.158253,11.411823,56.574214,-36.188268,-4.519193,-46.232099,-0.095471,1.114895,50.072042,-32.586351,-0.359596,-8.233107,3.639450,10.777645,3.317690,18.043960,-5.461721,40.533102,11.743099,-17.581214,-8.376347,-10.553447,-24.360754,25.397505,30.386036,-13.169604,-11.796091,17.439110
132.000000,-59.119517,56.611079,69.920647,8.233560,12.758929,-27.525355,-36.918118,18.330647,11.311368,56.620827,-36.060882,-4.416189,-46.665109,0.075734,0.991133,50.139773,-32.563289,-0.295372,-8.256789,3.677789,10.550855,3.455733,18.037126,-5.244118,40.472303,11.594728,-17.402574,-8.646079,-10.458954,-24.320140,25.374334,30.239597,-13.055817,-11.769929,17.458641
133.000000,-59.145266,56.487334,69.889545,8.447577,12.958396,-27.693005,-37.103821,18.503022,11.549806,56.575987,-35.939588,-4.261523,-47.031060,0.254155,1.115446,50.221428,-32.541142,-0.320974,-8.184008,3.514286,10.296675,3.755888,18.030680,-5.352017,40.129212,11.544402,-17.398440,-8.659042,-10.307643,-24.210893,25.442892,30.123846,-12.969801,-11.654406,17.410480
134.000000,-59.216553,56.414586,69.795883,8.600787,13.183460,-27.733493,-37.689834,18.599918,11.385116,57.019997,-36.070581,-4.048203,-47.574846,0.299338,1.058151,50.610742,-32.588936,-0.460254,-8.142032,3.460015,10.010998,4.160242,18.079407,-5.521028,39.860216,11.450872,-17.453744,-8.444536,-10.013104,-24.172550,25.450292,30.028479,-12.975076,-11.580239,17.057311
135.000000,-59.377778,56.350118,69.693321,8.718712,13.451742,-27.848114,-38.326712,18.879037,11.312368,57.410766,-35.980234,-4.158479,-48.228932,0.528306,1.055032,50.945985,-32.605612,-0.757925,-8.015629,3.448595,10.295268,3.995084,18.184569,-5.506823,39.557123,11.501829,-17.546095,-8.274107,-10.153258,-24.198448,25.174093,29.554017,-12.924952,-11.468211,16.726604
136.000000,-59.629905,56.327969,69.535309,8.728750,13.496739,-28.029301,-38.843327,19.274275,11.273749,58.017526,-36.300369,-4.340401,-48.783328,0.885638,1.142802,51.384903,-32.634586,-0.810030,-7.991688,3.228726,11.578317,3.803428,18.373791,-4.870415,38.712833,11.500103,-17.801324,-7.951272,-10.865230,-24.415030,25.111838,28.722691,-12.618365,-11.465839,16.505057
137.000000,-59.965622,56.408709,69.284087,8.268080,13.349728,-28.156558,-39.440572,20.057423,10.942562,59.287606,-36.533859,-4.756336,-49.111611,1.425982,0.966536,52.069869,-32.782811,-1.047594,-8.287869,3.278128,14.377150,3.777319,18.734307,-3.958840,36.748081,11.529822,-18.515825,-6.835693,-11.851261,-25.123239,24.909848,26.705311,-12.272471,-11.430186,16.252421
138.000000,-60.414344,56.557465,68.818635,7.790081,13.513960,-28.268691,-40.879358,21.036868,10.289113,61.240296,-37.320690,-4.982498,-50.107104,2.054195,0.563374,53.226660,-33.097792,-1.545687,-8.832612,3.539286,17.444645,4.644941,19.116077,-2.598303,33.207089,12.694939,-19.155694,-6.223386,-12.109674,-26.351073,23.730587,22.843609,-12.883910,-11.468344,16.217159
139.000000,-60.901088,56.669438,68.238187,7.697506,14.324844,-28.661650,-43.256380,22.093012,9.486256,63.348748,-38.080651,-5.065346,-52.083174,2.837226,0.141198,54.515558,-33.186875,-2.007657,-9.067456,3.743899,19.209962,6.241065,19.218421,-1.234978,29.061895,13.215347,-19.375259,-6.815898,-11.485560,-27.740168,22.776046,18.293222,-13.569299,-11.680838,16.523066
140.000000,-61.308300,56.670588,67.701811,7.931205,15.396904,-29.483796,-45.653138,23.355772,8.994379,65.193356,-38.859487,-4.955933,-54.260840,3.898122,-0.021277,55.354711,-33.044008,-2.310396,-9.216343,3.790237,19.877509,8.255001,19.512763,-0.525144,25.939602,14.399514,-19.723585,-7.561106,-10.495930,-28.621375,22.075274,15.001725,-13.996187,-11.896197,16.454564
141.000000,-61.711603,56.758940,67.288423,8.371436,16.525720,-30.274641,-48.058055,24.067106,8.432721,66.516480,-38.762157,-4.879692,-56.422342,4.686333,-0.102536,55.795569,-32.587792,-2.354088,-9.364067,3.829629,20.218451,9.287723,19.436697,-0.233309,24.657295,14.467604,-19.810803,-7.742852,-9.500665,-28.848998,20.504699,13.036366,-14.550391,-11.670530,16.491862
142.000000,-62.022889,56.799072,67.010862,8.812438,17.361786,-30.760229,-49.886100,24.531546,8.120243,67.394993,-38.738149,-4.580422,-58.064032,5.112734,-0.180457,56.081874,-31.964831,-2.434318,-9.476009,3.721804,20.334518,9.579520,19.298266,-0.642947,24.574778,13.708699,-19.540741,-7.998709,-8.611880,-28.565384,19.130685,11.586527,-13.810753,-11.795370,16.999427
143.000000,-62.255949,56.770563,66.823804,9.269885,18.093005,-31.211788,-51.332782,25.020334,8.053752,67.951339,-38.466239,-4.319362,-59.373489,5.539467,-0.184083,56.225489,-31.913226,-2.478329,-9.384006,3.634053,20.158955,9.476430,19.580520,-1.178676,24.644275,12.911458,-20.060669,-6.865602,-8.034278,-28.822442,18.616604,10.309069,-12.930976,-11.692994,16.814532
144.000000,-62.374431,56.740671,66.703194,9.568135,18.503021,-31.740813,-52.072669,25.476939,8.080311,68.354505,-38.446944,-4.252819,-60.158694,6.006053,-0.099716,56.270196,-31.630664,-2.493143,-9.257158,3.372198,19.983160,9.524905,19.539281,-0.828484,24.375796,13.276614,-20.109498,-6.547478,-7.735649,-29.176717,18.788954,9.217292,-12.734846,-11.830449,17.121913
145.000000,-62.484223,56.760341,66.633290,9.628011,18.833951,-31.796893,-52.681256,25.640281,7.916368,68.508648,-38.443696,-3.927000,-60.655843,6.094546,-0.262754,56.220872,-31.002352,-2.499638,-9.335623,3.418209,20.129162,9.195210,19.441932,-0.524748,24.304023,12.580187,-20.236722,-6.520983,-7.522378,-29.745026,18.446683,8.087775,-12.539977,-11.840834,17.673652
146.000000,-62.545520,56.765074,66.538358,9.903553,19.041786,-31.925836,-53.203062,25.717100,8.060935,68.799218,-38.371709,-3.811998,-61.210967,6.058042,-0.221245,56.459693,-31.187265,-2.442106,-9.201525,3.440397,19.796531,9.322276,19.212955,-0.749174,24.117075,11.907069,-20.256541,-6.352204,-6.808254,-29.831534,17.986729,7.519811,-12.394661,-11.583955,16.928373
147.000000,-62.612087,56.764090,66.527551,10.095043,19.113044,-31.968187,-53.329407,25.599173,8.160671,68.660231,-38.367201,-3.639398,-61.454231,5.967286,-0.214983,56.466024,-30.971964,-2.494425,-9.205524,3.403539,19.659272,8.929311,19.540987,-0.998668,24.322039,12.114368,-20.105966,-6.007236,-7.044818,-30.198609,18.059912,7.400132,-12.086963,-11.482218,16.790120
148.000000,-62.649679,56.762153,66.466242,10.164363,19.192101,-32.014988,-53.591911,25.683902,8.144808,68.853532,-38.359104,-3.516586,-61.691484,6.059223,-0.132774,56.628781,-31.314628,-2.416063,-9.171613,3.413499,19.390690,9.178471,19.474176,-1.252143,24.286262,12.350793,-20.023823,-5.973232,-6.955559,-30.176199,18.511030,7.449478,-12.589692,-11.682950,17.081984
149.000000,-62.695003,56.789303,66.466755,10.077383,19.155374,-31.854829,-53.622828,25.531242,7.986207,68.865778,-38.391803,-3.402592,-61.622943,5.898861,-0.292165,56.588377,-31.306981,-2.420509,-9.110537,3.566228,19.417968,8.800961,19.457729,-1.483477,24.555689,12.127668,-20.170315,-5.629583,-7.151787,-30.383260,18.631308,7.584070,-12.521827,-11.541264,17.118928
150.000000,-62.746960,56.819612,66.380620,10.149580,19.320288,-31.996049,-54.020154,25.723426,7.968711,69.161007,-38.496725,-3.466704,-61.974534,6.052171,-0.251138,56.718588,-31.446635,-2.397962,-8.858041,3.655725,19.183157,9.050271,19.276360,-1.561316,24.376049,12.149009,-20.260303,-5.599402,-6.998712,-30.523460,18.571860,7.521082,-12.940425,-11.580269,17.027756
151.000000,-62.790722,56.848717,66.357881,10.113041,19.352837,-32.022550,-54.088978,25.754533,7.908183,69.155686,-38.555687,-3.372015,-62.014948,6.078717,-0.318966,56.645539,-31.386468,-2.433716,-8.857824,3.658875,19.339206,8.849543,19.347537,-1.591030,24.398670,11.778765,-19.934363,-5.910472,-7.339863,-30.532380,18.654959,7.600618,-12.537461,-11.362416,17.043946
152.000000,-62.845689,56.858891,66.300344,10.191664,19.543756,-32.131441,-54.534351,25.851658,7.770296,69.367367,-38.706399,-3.316857,-62.357230,6.159567,-0.381597,56.730824,-31.395613,-2.539413,-8.617514,3.633756,19.038468,9.110552,19.351244,-1.807941,24.311285,11.799735,-19.804755,-6.039659,-6.773875,-30.419938,18.458542,7.388356,-12.512688,-11.476926,16.885097
153.000000,-62.898582,56.920773,66.273761,10.203939,19.548346,-32.240503,-54.609094,25.813529,7.696371,69.443688,-38.728682,-3.234533,-62.453768,6.289162,-0.270478,56.678447,-31.139830,-2.405335,-8.568343,3.526431,19.172947,8.782116,19.435160,-1.771887,24.636648,11.403759,-19.918315,-6.174981,-6.773803,-30.470399,18.446447,7.280149,-12.631234,-11.465574,17.100430
154.000000,-62.948054,56.957895,66.229093,10.222419,19.656267,-32.294813,-54.868935,25.819068,7.562733,69.568216,-38.713823,-3.217162,-62.644159,6.279662,-0.364414,56.681093,-31.139836,-2.472654,-8.671301,3.461649,19.120652,8.667737,19.157006,-1.508121,24.921695,11.035254,-19.556747,-6.306688,-6.795949,-30.416991,18.455991,7.193264,-12.725380,-11.335974,17.099163
155.000000,-62.979329,57.000083,66.205919,10.199094,19.766462,-32.264494,-55.108722,25.856740,7.473236,69.704963,-38.820299,-3.105506,-62.783748,6.278251,-0.432665,56.689621,-31.116556,-2.508128,-8.759088,3.465917,18.981910,8.638076,19.195980,-1.540078,25.038664,10.691479,-19.531800,-6.132561,-6.783175,-30.465922,18.537610,7.205453,-12.744527,-11.375289,16.929655
156.000000,-63.011563,57.021338,66.189450,10.235410,19.844586,-32.305114,-55.258440,25.896336,7.475001,69.699355,-38.803008,-3.189596,-62.942297,6.315268,-0.433847,56.704254,-30.898410,-2.418419,-8.739794,3.368399,19.014869,8.438165,19.378963,-1.424943,25.054368,10.795241,-19.907845,-5.856325,-6.806612,-30.469153,18.442918,7.092080,-12.661783,-11.347152,16.757686
157.000000,-63.028920,57.033890,66.166121,10.272415,19.982139,-32.264670,-55.492999,25.899888,7.427236,69.712749,-38.813619,-3.328367,-63.091420,6.217817,-0.577493,56.675629,-31.140352,-2.267693,-8.567886,3.454620,18.833538,8.350975,19.628536,-1.680585,25.028986,10.858443,-19.906525,-5.915456,-6.449661,-30.535358,17.959055,6.912572,-12.867726,-11.277757,16.737100
158.000000,-63.003248,57.039791,66.163743,10.279109,20.016528,-32.243089,-55.515064,25.915478,7.463449,69.737454,-38.867813,-3.261178,-63.124376,6.192687,-0.568677,56.721087,-31.067983,-2.270837,-8.556866,3.487014,18.760972,8.263448,19.580308,-1.803807,25.067494,10.697494,-19.712414,-6.063500,-6.517618,-30.522080,18.078292,6.951953,-12.697290,-11.200882,17.006739
159.000000,-62.937635,57.018268,66.144198,10.364036,20.042578,-32.295556,-55.475227,25.902634,7.536319,69.766742,-38.846247,-3.361245,-63.192862,6.192451,-0.519131,56.829698,-31.131121,-2.344987,-8.341380,3.574219,18.452429,8.162227,19.597128,-2.009272,25.277092,10.483491,-19.644328,-5.710098,-6.572542,-30.584320,18.151093,6.903616,-12.048043,-10.943508,16.590046
160.000000,-62.830329,56.939960,66.110432,10.592444,20.127237,-32.495522,-55.405398,25.977165,7.739649,69.758143,-39.061531,-3.203704,-63.413655,6.270973,-0.351037,57.081523,-31.492950,-2.462015,-8.148782,3.344082,17.634620,8.417158,19.671846,-1.801972,25.511745,10.902086,-19.597005,-6.105031,-6.406843,-30.433974,18.532439,7.299327,-11.711037,-10.972589,17.029345
161.000000,-62.738556,56.821567,66.166037,10.859756,20.429619,-32.876414,-55.430014,26.253480,7.977946,69.436598,-39.014652,-3.617830,-63.582777,6.580251,-0.280297,56.734457,-31.141431,-2.330983,-7.753612,3.276199,16.099099,8.900831,19.688031,-1.648710,26.126377,11.626040,-19.654697,-7.126890,-5.407648,-30.297275,18.368896,7.778498,-12.426260,-11.338098,17.640690
162.000000,-62.429363,56.621748,66.132569,11.354429,21.281403,-33.482794,-56.015283,26.734706,8.064869,69.435150,-39.329264,-3.637585,-64.288274,7.032086,-0.290061,56.531949,-31.191804,-2.176666,-7.499280,3.794672,12.973444,9.845366,19.434578,-2.060867,27.675853,12.557053,-19.536016,-8.148764,-4.209643,-30.442266,18.863155,8.357197,-12.065958,-11.740210,18.509434
163.000000,-61.901253,56.287366,66.166651,12.037489,22.069112,-33.734030,-56.262187,26.732730,8.387375,69.029198,-39.580513,-3.533197,-64.775376,6.977649,-0.218704,56.479036,-31.619562,-2.331340,-7.489664,4.282794,8.909313,10.570995,19.678296,-3.528759,29.958634,12.969414,-19.747296,-8.317506,-2.632131,-30.579225,19.448764,9.706964,-12.433876,-11.811670,18.406322
164.000000,-61.371017,55.893075,66.262466,12.979848,22.615911,-34.444147,-56.023998,26.919078,9.209451,68.560694,-39.337645,-3.464655,-65.203574,7.093688,0.050034,56.389147,-31.847809,-2.109117,-7.121966,4.303691,4.322295,11.107957,19.839299,-4.798178,32.350781,13.434573,-19.715831,-8.496227,-1.205653,-30.626698,20.540392,11.504558,-11.853325,-11.805813,18.603555
165.000000,-60.804296,55.485284,66.306114,13.572526,23.135196,-35.092200,-55.752775,27.464703,9.900171,68.299590,-39.492529,-3.845336,-65.421177,7.490984,0.243528,56.351694,-32.012284,-2.033502,-6.814142,4.545324,0.077174,11.579746,20.137040,-5.391709,34.268323,13.857613,-19.896372,-9.327866,-0.348060,-30.620629,21.754605,13.403019,-11.762197,-11.969123,19.084273
166.000000,-60.254675,55.076778,66.395175,13.912308,23.050029,-35.757010,-54.517880,27.922694,10.789041,67.817085,-39.858792,-3.686738,-65.039083,7.848413,0.456571,56.542987,-32.324027,-2.036824,-6.326325,4.500658,-2.811056,11.580161,20.241559,-6.449159,35.848637,13.878880,-19.241570,-10.325139,0.296163,-30.085457,22.628770,15.261486,-10.880699,-11.732875,19.449797
167.000000,-59.817636,54.757732,66.454238,13.840123,23.034718,-35.836144,-53.817338,28.141383,10.967824,67.696232,-40.215993,-3.473103,-64.550240,8.056778,0.442408,56.726254,-32.937283,-2.272960,-6.104849,4.861731,-4.931577,11.438057,20.092332,-7.423632,36.779735,14.181611,-18.990699,-10.935908,0.812907,-30.114977,23.552353,16.250543,-10.901703,-11.957774,19.471795
168.000000,-59.473258,54.477793,66.532934,13.483112,22.807311,-35.662233,-52.891936,28.269154,11.021561,67.444402,-40.612076,-3.015941,-63.668728,8.170913,0.289402,56.736780,-33.487803,-2.356814,-6.061734,5.300112,-6.350040,11.175972,20.049460,-8.858149,37.818238,14.853730,-19.069516,-11.148452,1.002170,-30.371768,24.552006,17.225717,-11.110738,-12.305314,19.322691
169.000000,-59.208059,54.258519,66.531646,13.357396,22.776351,-35.695765,-52.405371,28.646648,11.254448,67.505417,-41.033253,-3.047508,-63.316537,8.346466,0.205809,56.861963,-33.891156,-2.375445,-5.910075,5.568985,-7.644574,11.088445,20.139991,-9.951385,38.441596,15.614653,-19.115662,-11.203201,1.138916,-30.092321,25.135837,18.284140,-11.028297,-12.294002,18.490869
170.000000,-58.992898,54.099399,66.567463,13.285725,22.575510,-35.826523,-51.722502,28.800087,11.533067,67.386359,-41.137649,-3.173218,-62.861434,8.513514,0.309142,56.960427,-34.333018,-2.440277,-5.766712,5.559725,-8.536684,10.946737,19.800478,-10.069710,39.368725,16.137662,-18.933383,-11.070762,1.149493,-29.412891,25.371819,19.538009,-11.424035,-12.182428,18.670092
171.000000,-58.832049,53.977221,66.583854,13.237448,22.286601,-35.800284,-51.058560,28.798683,11.829877,67.295504,-41.348022,-3.057084,-62.458337,8.462146,0.408210,57.181797,-34.543542,-2.582911,-5.808414,5.482652,-9.091787,10.799029,19.507847,-10.203681,40.325748,15.735798,-18.848056,-11.099643,0.921369,-28.945556,25.696888,20.713792,-11.587349,-12.204967,18.514331
172.000000,-58.698523,53.851956,66.604835,13.172112,21.926685,-35.852165,-50.252144,28.847048,12.193732,67.159836,-41.523490,-2.993335,-61.946988,8.494647,0.548526,57.330122,-35.145107,-2.579972,-5.811627,5.343130,-9.296802,10.638661,19.226231,-9.941612,40.949883,16.032962,-18.708322,-11.624220,0.776882,-28.331640,25.836680,21.757825,-11.547618,-12.267973,18.426587
173.000000,-58.611250,53.767294,66.628623,13.199746,21.493274,-36.090636,-49.391840,28.890877,12.669256,67.023902,-41.622514,-2.889798,-61.543078,8.571840,0.810280,57.499510,-35.353763,-2.663683,-5.831634,5.083709,-9.217020,10.698694,19.240178,-9.900515,41.201801,16.076759,-18.735482,-11.741578,0.396569,-28.050091,26.214848,22.414733,-11.652400,-12.296147,18.233004
174.000000,-58.579576,53.710502,66.673148,13.118330,21.159967,-36.118709,-48.801008,28.875554,12.893532,66.875079,-41.551685,-2.927757,-61.124210,8.593602,0.928842,57.529044,-35.617951,-2.588694,-5.927719,4.972983,-9.128005,10.690109,19.116306,-9.839378,41.561646,16.044861,-18.554217,-11.730169,0.245027,-27.731989,26.401746,23.034376,-11.708075,-12.181099,17.950128
175.000000,-58.563107,53.703201,66.693300,12.964191,21.022187,-36.055356,-48.534860,28.930195,12.942325,66.867265,-41.765459,-2.919297,-60.844165,8.616194,0.928960,57.471589,-35.694377,-2.585477,-6.037161,5.135518,-9.049534,10.560747,18.831622,-9.756249,42.056412,15.826448,-18.367461,-11.578804,0.196445,-27.592784,26.309865,23.469776,-11.515109,-12.061683,18.012715
176.000000,-58.512026,53.669333,66.716737,12.820491,20.929049,-35.996196,-48.319456,28.932073,12.869536,66.809113,-41.707389,-2.855495,-60.563144,8.616870,0.847277,57.389264,-35.748380,-2.747438,-6.061888,5.321613,-9.106226,10.506749,18.519465,-9.656800,42.514553,15.489331,-18.310590,-11.699576,0.320588,-27.489000,26.269167,23.847054,-11.081490,-12.055509,18.057012
177.000000,-58.500403,53.645599,66.739303,12.739374,20.869712,-35.928309,-48.218253,28.904076,12.798455,66.789654,-41.656497,-2.773192,-60.367671,8.631541,0.845141,57.302903,-35.841517,-2.820189,-6.105473,5.383112,-9.214440,10.509424,18.326939,-9.595139,42.829965,14.935149,-18.460176,-11.453746,0.268225,-27.303097,26.330767,24.312149,-11.079009,-12.070354,17.771275
178.000000,-58.495289,53.626966,66.752726,12.694527,20.704769,-35.995536,-47.931635,28.873986,12.830726,66.789456,-41.756180,-2.628994,-60.178796,8.645605,0.877007,57.320635,-36.037922,-2.861308,-6.119462,5.310671,-9.030029,10.442628,18.187175,-9.546534,42.965428,14.985210,-18.604580,-11.275099,0.118887,-27.103984,26.373886,24.672265,-11.148602,-12.130190,17.690239
179.000000,-58.505261,53.605807,66.771632,12.569368,20.595313,-35.881707,-47.744460,28.804083,12.734287,66.695479,-41.834154,-2.584986,-59.982107,8.673214,0.884011,57.293983,-35.922752,-2.912700,-6.189489,5.310281,-8.932495,10.240799,18.080727,-9.712710,43.189199,15.371399,-18.519068,-11.211652,-0.027599,-27.016767,26.643871,24.838328,-11.336325,-12.181605,17.529631
180.000000,-58.519948,53.593528,66.790003,12.496774,20.531245,-35.805481,-47.654281,28.824973,12.760030,66.608647,-41.729314,-2.623663,-59.839335,8.599515,0.781167,57.251373,-36.049407,-2.899593,-6.187476,5.309100,-8.941151,10.132090,18.066236,-9.643106,43.300100,15.455174,-18.546921,-11.245908,-0.072721,-26.969671,26.612241,24.956301,-11.588546,-12.188540,17.565708
181.000000,-58.520377,53.577673,66.810930,12.414380,20.392619,-35.764956,-47.434031,28.772763,12.724193,66.588846,-41.780189,-2.595966,-59.627647,8.585209,0.786321,57.228516,-36.023746,-2.921972,-6.155828,5.242963,-8.755976,10.017539,17.936107,-9.590768,43.486483,15.198812,-18.480303,-11.170060,-0.155998,-26.848166,26.654697,25.089219,-11.580902,-12.140689,17.524986
182.000000,-58.530641,53.564930,66.840380,12.405161,20.299222,-35.712823,-47.256634,28.680763,12.802980,66.354304,-41.711695,-2.703514,-59.514778,8.568301,0.861141,57.183679,-35.999625,-2.854532,-6.192796,5.170235,-8.720086,10.045636,17.796065,-9.398126,43.539765,14.993373,-18.485465,-11.074565,-0.155524,-26.756754,26.579671,25.153225,-11.655125,-12.160284,17.933206
183.000000,-58.552229,53.545326,66.852587,12.441720,20.264630,-35.692520,-47.267327,28.573642,12.705792,66.420789,-41.562924,-2.684475,-59.489971,8.527335,0.873035,57.141195,-35.982379,-2.865209,-6.183475,5.112949,-8.736219,10.076988,17.761362,-9.257822,43.501430,14.974804,-18.495831,-11.106846,-0.172783,-26.739984,26.504558,25.252411,-11.624362,-12.212437,18.174088
184.000000,-58.562881,53.519994,66.888547,12.355264,20.220647,-35.587731,-47.143055,28.622430,12.770251,66.258962,-41.510840,-2.657859,-59.313786,8.476794,0.786409,57.018105,-35.988048,-2.827828,-6.208994,5.188125,-8.685099,10.160942,17.574150,-8.984398,43.456116,15.352648,-18.487247,-11.146797,-0.267316,-26.754039,26.561931,25.414379,-11.245977,-12.367452,18.401764
185.000000,-58.569574,53.511214,66.908503,12.309899,20.193932,-35.518325,-47.121065,28.499844,12.618740,66.226190,-41.429274,-2.644514,-59.234542,8.422959,0.723246,56.993844,-36.077466,-2.846882,-6.316751,5.367705,-8.594524,10.324085,17.267280,-8.711753,43.416319,15.366346,-18.397688,-10.663963,-0.482105,-26.628129,26.515332,25.794701,-11.223590,-12.419229,18.479763
186.000000,-58.577174,53.497499,66.886246,12.341406,20.321978,-35.434553,-47.316979,28.532210,12.585754,66.227379,-41.586389,-2.656925,-59.365334,8.390202,0.657520,56.960383,-36.028794,-2.746808,-6.550236,5.623398,-8.647113,10.850282,17.061731,-8.733279,42.897529,15.271850,-18.600027,-10.037170,-0.589243,-26.725277,26.502526,25.767990,-11.449629,-12.781136,18.768457
187.000000,-58.600616,53.458244,66.866791,12.479299,20.273026,-35.750521,-47.194664,28.637737,12.747404,66.212489,-41.570058,-2.656298,-59.448389,8.592264,0.782550,56.976345,-35.898901,-2.542218,-6.300695,5.522874,-8.823557,10.743667,17.006205,-9.149388,43.367238,15.367068,-18.671726,-9.839178,-0.409340,-26.691537,26.642346,25.821028,-11.363798,-12.936541,18.575939
188.000000,-58.622861,53.428268,66.861540,12.554167,20.269629,-35.823066,-47.175997,28.722940,12.885576,66.203699,-41.557702,-2.644843,-59.509731,8.652257,0.849359,56.978760,-35.942296,-2.535123,-6.053033,5.424728,-8.998200,10.443501,16.908941,-9.213758,43.797649,15.356451,-18.564751,-9.865023,-0.201393,-26.667960,26.463537,25.754741,-11.699332,-13.148392,18.633036
189.000000,-58.629566,53.380650,66.882312,12.521648,20.147388,-35.899550,-46.901779,28.836731,13.061172,66.073836,-41.426982,-2.540294,-59.349952,8.776791,0.936813,56.962876,-35.974705,-2.616581,-5.894198,5.377580,-9.026937,10.255474,16.536679,-9.098379,44.341154,15.094085,-18.236887,-9.616316,-0.228000,-26.598090,26.633225,25.938156,-11.804879,-13.168410,18.718967
190.000000,-58.660734,53.370661,66.884691,12.456704,20.165371,-35.815236,-47.004792,28.780856,12.819935,66.156543,-41.461598,-2.525201,-59.317679,8.781411,0.858003,56.893956,-35.917530,-2.562471,-5.962189,5.509519,-9.130931,10.037707,16.350532,-9.106796,44.799163,14.810599,-18.150579,-9.486063,-0.325278,-26.488887,26.664405,26.174041,-11.791685,-13.051841,18.564608
191.000000,-58.676040,53.331989,66.907132,12.443428,20.002469,-35.830994,-46.733315,28.693471,12.857048,66.019837,-41.407052,-2.538526,-59.135225,8.757946,0.879394,56.886351,-35.962268,-2.582527,-5.960377,5.432380,-9.043859,9.946056,16.262732,-9.191287,44.817283,15.016033,-18.149052,-9.203093,-0.318617,-26.373164,26.612270,26.297446,-12.070829,-12.880673,18.275718
192.000000,-58.720487,53.312212,66.917497,12.386009,19.966927,-35.670687,-46.753417,28.695202,12.808590,66.001730,-41.186191,-2.707048,-59.092577,8.684110,0.801358,56.901565,-35.900793,-2.697139,-6.077152,5.434986,-9.012461,9.926098,16.380040,-9.322896,44.685061,15.230639,-18.335477,-9.489143,-0.206626,-26.334500,26.576865,26.221351,-12.064178,-12.983679,18.382291
193.000000,-58.763880,53.265393,66.938496,12.470611,19.953021,-35.650570,-46.751200,28.571371,12.777850,65.859143,-41.207016,-2.618755,-59.104530,8.635511,0.802173,56.844027,-35.856919,-2.638182,-6.125677,5.347868,-9.128844,10.046612,16.424797,-9.350011,44.575297,15.112217,-18.381076,-9.318816,-0.305127,-26.310413,26.782558,26.344268,-11.947066,-13.062206,18.213567
194.000000,-58.815956,53.241551,66.968685,12.534790,19.808434,-35.628258,-46.527710,28.455743,12.953871,65.660507,-41.097562,-2.653994,-59.017329,8.538912,0.867582,56.816515,-35.961438,-2.598767,-6.106627,5.164722,-9.031579,9.899863,16.451788,-9.250310,44.730192,15.078172,-18.315113,-9.332116,-0.472188,-26.338690,26.931666,26.346027,-11.927182,-13.101447,18.012525
195.000000,-58.811349,53.209859,66.999787,12.447607,19.734739,-35.608012,-46.316141,28.466582,12.952499,65.485272,-41.077939,-2.701602,-58.795867,8.600319,0.880304,56.678057,-35.885448,-2.678998,-6.084660,5.215732,-8.907458,9.900147,16.393417,-9.112137,44.668956,15.229812,-18.278372,-9.718385,-0.574636,-26.209958,26.972320,26.540447,-11.884836,-13.092447,18.150452
196.000000,-58.879936,53.175211,67.034411,12.418953,19.663330,-35.558745,-46.248433,28.385810,12.870963,65.332160,-40.903629,-2.761354,-58.682274,8.617517,0.870935,56.536150,-35.832009,-2.749548,-5.977531,5.134942,-8.765002,9.828585,16.424966,-9.225549,44.688838,15.106119,-18.310105,-9.334249,-0.723428,-26.160507,27.086594,26.738975,-11.738881,-13.159057,17.928867
197.000000,-58.911061,53.159535,67.048568,12.337007,19.677004,-35.386328,-46.338496,28.356372,12.720794,65.327481,-40.942077,-2.825740,-58.627400,8.545993,0.758220,56.526973,-35.945902,-2.852916,-5.986225,5.211256,-8.780283,9.825783,16.330248,-9.085964,44.775114,14.736005,-18.329694,-9.416593,-0.733607,-26.154191,27.126259,26.908533,-11.850693,-13.072357,17.894320
198.000000,-58.960283,53.139019,67.053521,12.243249,19.730123,-35.248427,-46.494870,28.362110,12.497040,65.316184,-40.793383,-2.992675,-58.575702,8.509800,0.572438,56.364053,-35.841052,-2.711737,-5.835708,5.333974,-8.785636,9.800582,16.345093,-9.043703,44.788655,14.869419,-18.415536,-9.423806,-0.627024,-26.262870,26.952878,26.868584,-12.130972,-13.155558,17.776568
199.000000,-59.000421,53.118747,67.055452,12.268796,19.800155,-35.258600,-46.610229,28.329045,12.358385,65.250129,-40.665751,-3.117332,-58.626601,8.530455,0.502121,56.265124,-35.769199,-2.823534,-5.734631,5.330902,-8.809797,10.035496,16.350008,-8.861581,44.334772,14.720606,-18.165143,-9.707749,-0.621716,-26.337069,27.021798,26.721816,-12.066414,-12.999363,17.985888
200.000000,-59.031069,53.083462,67.061555,12.323256,19.754833,-35.377525,-46.492606,28.493268,12.596615,65.228416,-40.515712,-3.009815,-58.607196,8.636336,0.594139,56.218317,-35.815927,-2.812639,-5.597524,5.248095,-8.787154,10.157367,16.269603,-8.702686,44.193349,14.792069,-18.269827,-9.432352,-0.614226,-26.379765,26.984228,26.620551,-12.133631,-13.153396,18.150818
201.000000,-59.063971,53.065354,67.058522,12.314011,19.758669,-35.292356,-46.571481,28.414932,12.464587,65.210630,-40.630354,-3.057697,-58.636375,8.594325,0.543674,56.252618,-35.786534,-2.813399,-5.713503,5.260460,-8.743464,10.238245,16.039436,-8.202846,44.290157,15.273941,-18.226502,-9.562204,-0.609102,-26.250900,26.810429,26.779155,-12.398503,-13.237287,18.698220
202.000000,-59.072161,53.036284,67.046058,12.387419,19.746796,-35.299840,-46.571659,28.361821,12.501358,65.171848,-40.567427,-3.097659,-58.684487,8.545636,0.569127,56.316822,-35.760101,-2.863479,-5.736050,5.191483,-8.814725,10.101703,16.124608,-8.594455,44.430613,14.852455,-18.102247,-9.553358,-0.607209,-26.258193,26.999335,26.771862,-12.215541,-13.221088,18.472738
203.000000,-59.109640,53.011751,67.061341,12.450952,19.676399,-35.434933,-46.460764,28.446961,12.669840,65.130157,-40.418153,-3.001631,-58.676359,8.648016,0.675554,56.271248,-35.768123,-2.711367,-5.646876,5.083410,-8.851416,9.928097,16.131855,-8.630151,44.677046,14.737267,-18.075684,-9.869005,-0.578833,-26.227317,27.119756,26.794371,-12.082757,-13.219848,18.460091
204.000000,-59.133184,52.963185,67.082554,12.505002,19.642724,-35.578676,-46.326444,28.497479,12.741464,65.038339,-40.520152,-2.998800,-58.631546,8.749449,0.715268,56.189374,-35.712419,-2.703313,-5.579284,4.999187,-8.877825,10.050657,16.155165,-8.508170,44.489622,14.822334,-18.053064,-9.451704,-0.657247,-26.244981,27.222253,26.807251,-12.048808,-13.181334,18.512840
205.000000,-59.149653,52.952212,67.091489,12.484124,19.638238,-35.502327,-46.364069,28.448720,12.671802,65.017834,-40.504801,-3.042983,-58.590783,8.699876,0.667602,56.132926,-35.692018,-2.698238,-5.690735,5.001562,-8.877519,9.923196,16.253769,-8.829619,44.679894,14.462762,-17.992559,-9.089834,-0.653820,-26.273851,27.312140,26.763459,-12.035961,-13.132545,18.224522
206.000000,-59.164727,52.945262,67.100483,12.403311,19.565793,-35.425287,-46.284743,28.357450,12.521713,64.952708,-40.417661,-3.103602,-58.456919,8.657623,0.618936,56.107330,-35.784655,-2.763288,-5.750324,4.994451,-8.772645,9.736630,16.312997,-8.989488,44.797783,14.431454,-18.263637,-9.134207,-0.658664,-26.248354,27.421085,26.820952,-11.974137,-13.274600,18.246598
207.000000,-59.180230,52.904344,67.114079,12.420916,19.429426,-35.539543,-46.057151,28.356493,12.597367,64.907506,-40.499709,-2.965218,-58.333196,8.752228,0.723632,56.088175,-35.767081,-2.740933,-5.519519,4.779540,-8.601023,9.323578,16.236005,-9.079723,45.001675,14.703753,-17.961152,-9.500555,-0.593141,-25.998820,27.241888,27.072630,-11.731664,-13.030555,18.129651
208.000000,-59.223181,52.877998,67.114133,12.385791,19.398073,-35.507540,-46.049344,28.380959,12.551045,64.887207,-40.356927,-2.969134,-58.318013,8.833890,0.729948,56.123828,-35.776562,-2.892208,-5.386024,4.457189,-8.656406,8.981338,16.389845,-9.117521,45.006446,14.841339,-17.915578,-9.202496,-0.475746,-25.852319,27.244778,27.286821,-11.429014,-12.612205,17.612158
209.000000,-59.246993,52.861744,67.104352,12.285127,19.450070,-35.449852,-46.133765,28.440785,12.367182,64.914494,-40.379798,-3.018407,-58.298643,8.843789,0.553270,56.078537,-35.629839,-2.929498,-5.410835,4.376327,-8.708328,8.877409,16.371678,-8.978165,44.987840,14.913016,-17.836069,-9.472916,-0.576664,-25.720570,27.396119,27.505773,-11.255007,-12.420058,17.638847
210.000000,-59.256196,52.859306,67.091393,12.140094,19.467749,-35.262363,-46.271082,28.420286,12.121424,65.018948,-40.339408,-2.982552,-58.245934,8.781000,0.371969,56.127564,-35.652925,-3.018955,-5.798562,4.538908,-8.642865,8.989480,16.335034,-9.065129,45.165555,14.734166,-17.758424,-9.437986,-0.796054,-25.745841,27.484394,27.443412,-11.326774,-12.405553,17.615357
211.000000,-59.274119,52.858144,67.091566,12.073338,19.459200,-35.249953,-46.242474,28.511995,12.137286,65.034896,-40.396543,-2.941883,-58.211510,8.831248,0.336196,56.129931,-35.673272,-3.119490,-5.933720,4.708825,-8.595308,9.028724,16.341719,-9.278790,45.220200,14.593070,-17.797453,-9.635338,-0.963853,-25.754038,27.674154,27.439138,-11.636458,-12.330128,17.687396
212.000000,-59.277231,52.846819,67.073786,12.102012,19.441606,-35.330665,-46.231891,28.499475,12.087498,65.085822,-40.382462,-3.074297,-58.221666,8.908627,0.394582,56.144339,-35.698691,-3.150933,-5.935452,4.676257,-8.603410,9.076984,16.478591,-9.431131,45.150716,15.012887,-18.122763,-9.723069,-1.120301,-25.630001,27.950329,27.593138,-11.847356,-12.546109,17.804022
213.000000,-59.286100,52.830946,67.086303,12.176428,19.472886,-35.494676,-46.227762,28.596175,12.181966,65.029480,-40.381492,-3.022104,-58.271896,8.999293,0.434633,56.063046,-35.474001,-3.177589,-5.767361,4.587586,-8.745624,9.018800,16.555327,-9.261920,45.209490,14.816610,-18.168911,-9.763632,-1.046078,-25.513022,27.971742,27.711232,-11.781338,-12.515870,17.829915
214.000000,-59.282285,52.829963,67.091954,12.194917,19.500586,-35.557055,-46.227154,28.684363,12.274828,65.054328,-40.355476,-2.997064,-58.276274,9.052571,0.456618,55.990834,-35.573927,-3.191592,-5.740484,4.549473,-8.788140,9.004831,16.477739,-8.909049,45.280210,14.553951,-17.820788,-9.531610,-1.049500,-25.508257,27.940736,27.751381,-11.748789,-12.405582,17.767132
215.000000,-59.284818,52.821630,67.113400,12.210158,19.566871,-35.589991,-46.283011,28.687799,12.230707,64.997105,-40.337321,-2.926002,-58.276158,9.063137,0.397319,55.830076,-35.447203,-3.105286,-5.824385,4.566613,-8.881082,9.010829,16.384652,-8.841332,45.424344,14.121877,-17.605340,-9.367655,-1.203269,-25.610153,28.189835,27.815759,-11.679011,-12.390300,17.724734
216.000000,-59.261245,52.812499,67.146349,12.276038,19.571091,-35.629034,-46.182922,28.643305,12.359575,64.862106,-40.364331,-2.823040,-58.235798,9.029260,0.466008,55.726468,-35.378826,-3.141030,-5.928049,4.541353,-8.969083,8.976974,16.398144,-8.871874,45.557809,14.183952,-17.741732,-9.506014,-1.214340,-25.568757,28.161066,27.977047,-11.589609,-12.325411,17.415859
217.000000,-59.241843,52.794659,67.158288,12.249606,19.573377,-35.611155,-46.130650,28.654952,12.345350,64.797014,-40.306473,-2.868091,-58.155864,9.052244,0.465539,55.678971,-35.512588,-3.137732,-6.005573,4.547240,-8.963846,8.896280,16.584560,-9.240298,45.485611,14.283637,-17.950960,-9.950390,-1.205180,-25.466845,28.153210,28.154882,-11.570393,-12.276597,17.333026
218.000000,-59.230644,52.784783,67.179883,12.274975,19.607968,-35.590555,-46.133072,28.584033,12.320835,64.685996,-40.275887,-2.847702,-58.154430,8.983199,0.402936,55.598450,-35.312840,-3.083827,-6.076085,4.583614,-9.042107,8.959737,16.714907,-9.562271,45.433869,14.242248,-18.067737,-9.696401,-1.250088,-25.486810,28.150041,28.226088,-11.547858,-12.302531,17.232159
219.000000,-59.216815,52.762890,67.193300,12.259815,19.629266,-35.540942,-46.106379,28.628721,12.383469,64.638083,-40.170477,-2.899630,-58.105963,8.996611,0.398953,55.536408,-35.426166,-3.067822,-6.133765,4.620922,-9.093952,9.010555,16.813568,-9.625431,45.397931,14.310106,-18.095133,-9.785884,-1.263081,-25.460809,28.144332,28.238568,-11.557226,-12.268814,17.346780
220.000000,-59.196109,52.750975,67.195612,12.249783,19.738473,-35.537176,-46.243758,28.617123,12.211836,64.639100,-40.175593,-3.001503,-58.156909,9.024629,0.329734,55.466361,-35.256463,-3.028770,-6.249630,4.693506,-9.226913,9.060324,16.800087,-9.474905,45.477353,14.096218,-17.938554,-10.195881,-1.342936,-25.410011,28.322230,28.195497,-11.654307,-12.415236,17.655989
221.000000,-59.171456,52.731901,67.201155,12.272198,19.726125,-35.581527,-46.155164,28.680822,12.324100,64.607497,-40.144539,-2.930170,-58.140346,9.048933,0.367817,55.480247,-35.205168,-3.106367,-6.262668,4.642603,-9.271593,9.076913,16.869947,-9.347748,45.487561,14.357222,-18.056117,-10.079855,-1.392706,-25.414318,28.409923,28.220767,-11.873893,-12.488753,17.656351
222.000000,-59.144652,52.720177,67.209321,12.209782,19.631077,-35.595013,-46.005777,28.675842,12.299671,64.638574,-40.159258,-2.950640,-57.981708,9.079779,0.388032,55.490653,-35.275000,-3.054189,-6.294790,4.631276,-9.150221,9.038716,16.874186,-9.350701,45.524679,14.395163,-18.124764,-9.903294,-1.395209,-25.389056,28.414886,28.200541,-11.781506,-12.504715,17.606752
223.000000,-59.114820,52.705193,67.210150,12.152028,19.602848,-35.615512,-45.915991,28.763491,12.342045,64.692417,-40.284186,-2.921201,-57.887370,9.132378,0.384561,55.478724,-35.250985,-3.084635,-6.318215,4.688346,-9.162168,9.046019,16.979635,-9.531837,45.528125,14.261637,-18.016623,-10.016785,-1.384359,-25.431839,28.510193,28.306749,-11.657958,-12.487963,17.452081
224.000000,-59.116495,52.718025,67.218089,12.244832,19.679142,-35.696180,-46.041673,28.769973,12.384742,64.707020,-40.185377,-2.983083,-58.036302,9.101993,0.359171,55.461693,-35.076723,-3.072380,-6.271200,4.720643,-9.266520,9.041861,16.954230,-9.656301,45.472241,14.044133,-17.969661,-9.863390,-1.399129,-25.407366,28.515558,28.380657,-11.583041,-12.321851,17.284977
225.000000,-59.075093,52.712667,67.248648,12.302507,19.705163,-35.745527,-45.984744,28.737823,12.475143,64.596111,-40.147490,-2.852624,-57.999808,9.159352,0.501301,55.338285,-34.964558,-3.114417,-6.250191,4.746940,-9.387199,9.071984,16.967013,-9.818580,45.467972,14.130392,-18.017887,-10.103159,-1.340631,-25.434204,28.577124,28.394712,-11.627758,-12.366766,17.415780
226.000000,-59.053391,52.706861,67.277759,12.310500,19.698623,-35.795684,-45.916114,28.691856,12.451887,64.521594,-40.133020,-2.817639,-57.915940,9.176066,0.531127,55.241214,-35.027392,-3.249640,-6.259967,4.833639,-9.335049,9.185838,16.938546,-9.910053,45.295622,14.310142,-18.344710,-9.642333,-1.396174,-25.506039,28.504246,28.400263,-11.771173,-12.477024,17.290214
227.000000,-59.039354,52.704716,67.292571,12.322770,19.781221,-35.780080,-45.983412,28.730924,12.482242,64.466583,-40.086671,-2.812133,-57.939272,9.166311,0.480318,55.111823,-34.998883,-3.122605,-6.318420,4.943367,-9.351180,9.128737,17.063573,-10.205575,45.353740,14.228039,-18.403757,-9.585361,-1.384916,-25.533090,28.529130,28.386611,-11.759271,-12.498885,17.167529
228.000000,-59.013855,52.688861,67.304081,12.347840,19.753582,-35.817006,-45.842761,28.730436,12.585412,64.378481,-40.083160,-2.879183,-57.887895,9.205265,0.578925,55.098569,-34.992794,-3.168297,-6.431476,4.962295,-9.356252,9.165904,17.216521,-10.314098,45.351500,14.064943,-18.379505,-9.960566,-1.314291,-25.451867,28.529939,28.372148,-11.728111,-12.374162,17.218289
229.000000,-59.023005,52.688324,67.299563,12.423890,19.788164,-35.843293,-45.924980,28.690671,12.592400,64.379874,-40.062881,-2.798035,-57.982145,9.159723,0.575903,55.119504,-35.029875,-3.089501,-6.503246,4.952927,-9.399634,9.178909,17.288404,-10.341593,45.295605,14.175490,-18.227763,-10.036985,-1.248083,-25.496760,28.522201,28.234863,-11.664760,-12.314703,17.011119
230.000000,-59.050858,52.679825,67.273784,12.481893,19.837506,-35.843729,-46.065927,28.708053,12.583412,64.439843,-40.002762,-2.922527,-58.102978,9.180716,0.590495,55.166659,-35.190176,-2.976567,-6.491282,4.969141,-9.381916,9.090039,17.242427,-10.360450,45.319425,14.089252,-18.359296,-9.760088,-1.224758,-25.541486,28.476525,28.122308,-11.477977,-12.372281,16.890616
231.000000,-59.045208,52.665108,67.254609,12.458456,19.870297,-35.859495,-46.120190,28.747122,12.498562,64.507175,-40.141821,-2.845482,-58.133823,9.205786,0.537170,55.215779,-35.075893,-3.134780,-6.537864,5.059169,-9.340568,9.098128,17.206252,-10.354899,45.301438,13.928368,-18.265268,-9.910985,-1.242089,-25.543856,28.495501,28.121569,-11.415916,-12.255806,16.953446
232.000000,-59.047216,52.672982,67.234105,12.514302,19.901327,-35.902838,-46.188676,28.728264,12.506660,64.563470,-40.265345,-2.736663,-58.229979,9.164598,0.503924,55.251060,-35.066481,-3.077864,-6.488988,5.067874,-9.378409,9.102327,17.258146,-10.444642,45.253237,14.062811,-18.195241,-10.164906,-1.188067,-25.554149,28.442219,28.074921,-11.385651,-12.192233,17.063921
233.000000,-59.069473,52.666390,67.232138,12.540807,19.919117,-35.902169,-46.263436,28.702128,12.450434,64.570020,-40.125364,-2.768362,-58.284306,9.187733,0.519885,55.242799,-35.202508,-2.962513,-6.513510,5.079566,-9.407454,9.163440,17.246892,-10.512770,45.244167,13.948574,-18.197120,-10.162844,-1.116212,-25.549940,28.338783,28.009243,-11.324373,-12.198048,17.047806
234.000000,-59.061641,52.627689,67.227769,12.568149,19.916991,-35.971080,-46.211960,28.766151,12.512805,64.549775,-40.148641,-2.780296,-58.272333,9.224813,0.510917,55.253007,-35.059101,-3.006004,-6.527815,5.062419,-9.389730,9.218409,17.225746,-10.459669,45.283987,13.689786,-18.173108,-10.186111,-1.085332,-25.543176,28.316289,27.920362,-11.539486,-12.087817,16.997940
235.000000,-59.060842,52.609450,67.241615,12.640642,19.914523,-36.079777,-46.087152,28.790736,12.683554,64.420329,-40.222127,-2.675968,-58.276752,9.232410,0.553328,55.175846,-35.073144,-2.935976,-6.514008,5.023557,-9.409830,9.222771,17.156411,-10.306677,45.270142,13.703215,-17.935071,-10.282051,-1.045698,-25.447982,28.259657,27.943820,-11.422554,-11.991350,17.059407
236.000000,-59.045416,52.547669,67.262244,12.748517,19.910657,-36.159790,-45.923412,28.804639,12.885960,64.219351,-40.164774,-2.806148,-58.264854,8.985368,0.356146,55.130094,-35.277708,-2.969545,-6.602137,4.937516,-9.470442,9.101487,17.264123,-10.415582,45.413719,13.753593,-17.859341,-10.374504,-1.177144,-25.294928,28.489614,28.217342,-11.022789,-12.023807,17.087549
237.000000,-58.976686,52.468014,67.299974,12.885240,19.885549,-36.171440,-45.667324,28.707029,13.123928,63.915647,-40.187412,-2.856196,-58.182994,8.608449,0.177399,55.177871,-35.735413,-2.760191,-6.639234,4.860697,-9.567274,9.020168,17.285383,-10.322882,45.546618,14.099144,-17.954062,-10.556144,-1.180288,-25.261547,28.468792,28.239813,-11.151630,-12.214263,17.157507
238.000000,-58.879685,52.369207,67.331862,12.928724,19.793312,-36.125019,-45.344390,28.647471,13.284771,63.726696,-40.143826,-3.040401,-57.979761,8.405679,0.133463,55.178342,-35.762030,-2.727686,-6.703156,4.844640,-9.679651,9.175313,17.320325,-10.263969,45.589351,14.217420,-18.066733,-10.314699,-1.135715,-25.212877,28.454730,28.412779,-11.656212,-12.337857,17.299102
239.000000,-58.708143,52.234876,67.347121,12.964566,19.673036,-35.999520,-44.897996,28.492986,13.442952,63.492960,-40.186364,-2.994719,-57.754823,8.272276,0.210950,55.395139,-36.086936,-2.635394,-6.844970,4.817786,-9.838802,9.390172,17.235660,-10.169440,45.546027,14.454763,-17.948909,-9.956960,-1.041035,-25.165128,28.483634,28.543021,-11.787400,-12.317153,17.211153
240.000000,-58.563286,52.107221,67.353290,12.963247,19.585408,-35.834746,-44.657696,28.334360,13.408963,63.430341,-40.160133,-2.913518,-57.561146,8.322825,0.356329,55.572024,-36.279660,-2.610264,-7.011143,4.989043,-10.028947,9.379003,17.174714,-10.330396,45.922111,14.289795,-17.830248,-10.187756,-1.052495,-25.111050,28.530238,28.830365,-11.671885,-12.292494,17.067348
241.000000,-58.444858,51.974595,67.374539,12.954385,19.515368,-35.804535,-44.374738,28.296062,13.457640,63.342252,-40.045433,-2.982090,-57.429446,8.421925,0.431201,55.780885,-35.956759,-2.901716,-6.993298,5.220508,-10.151171,9.401638,17.142166,-10.610373,46.031056,14.309547,-17.931936,-10.549788,-1.085926,-25.040498,28.543367,29.199509,-10.818288,-12.436854,17.382136
242.000000,-58.321428,51.840776,67.401332,13.011694,19.407959,-35.801910,-43.977846,28.195436,13.655658,63.163534,-39.951276,-3.041225,-57.240977,8.411310,0.502314,55.882180,-35.978278,-3.003624,-6.825686,5.286510,-10.176399,9.174921,17.053034,-10.660657,46.108845,14.410272,-17.565940,-10.762224,-1.042443,-24.685757,28.271582,29.573473,-10.328214,-11.659007,17.759390
243.000000,-58.229113,51.737726,67.420751,13.123245,19.448615,-35.846033,-43.892892,28.059578,13.644554,63.054312,-39.940508,-2.895349,-57.225671,8.428059,0.576249,55.905658,-35.944946,-3.049484,-6.663404,5.322240,-10.275827,9.064930,16.978090,-10.594409,46.093211,14.361316,-17.476325,-11.246345,-1.047143,-24.924040,28.516339,29.335505,-11.499200,-12.121350,17.428741
244.000000,-58.136058,51.610231,67.461234,13.270234,19.290215,-36.139153,-43.358492,28.135533,14.081687,62.795284,-39.972128,-2.601736,-57.046775,8.530984,0.770165,55.884355,-35.933837,-2.977227,-6.545662,5.223802,-10.239882,9.012382,16.987751,-10.796668,45.840685,14.637394,-17.124667,-11.353152,-1.210302,-24.822272,28.806128,29.423656,-11.651036,-12.003059,17.376961
245.000000,-58.072942,51.519322,67.486537,13.316606,19.308793,-36.341901,-43.153825,28.203777,14.107856,62.696670,-40.007020,-2.404677,-56.931662,8.831043,0.997422,55.733541,-35.700378,-2.968120,-6.505610,5.305345,-10.248606,9.033799,16.790451,-10.852375,45.769644,14.577275,-17.332915,-11.493477,-1.301809,-24.790166,29.058558,29.627489,-11.948775,-12.130828,17.344739
246.000000,-58.052409,51.445878,67.493087,13.410672,19.423811,-36.497682,-43.123369,28.331534,14.245916,62.510315,-40.072792,-2.308509,-56.988028,8.969009,0.968287,55.577912,-35.854477,-2.847819,-6.510114,5.403069,-10.152238,8.850282,16.696510,-10.907447,45.645673,15.035673,-17.174874,-11.970611,-1.462330,-24.707393,29.033686,29.838426,-11.729916,-12.409043,17.523376
247.000000,-58.030754,51.389945,67.510706,13.495699,19.463188,-36.581053,-43.049559,28.340897,14.342313,62.377618,-40.035936,-2.206732,-57.013508,9.022899,1.016450,55.525620,-35.693339,-2.816240,-6.547203,5.402106,-10.078693,8.747223,16.923902,-11.554440,45.793000,14.417254,-17.327690,-11.269523,-1.533674,-24.819471,29.119262,29.795963,-11.714931,-12.428101,17.095414
248.000000,-58.020526,51.331890,67.532653,13.560408,19.504484,-36.661528,-42.937947,28.432438,14.514960,62.156586,-40.017658,-2.397698,-57.026089,9.057390,1.010623,55.448500,-35.573056,-2.910297,-6.590208,5.455845,-10.116797,8.671002,16.952518,-11.898999,45.888879,14.135761,-17.551819,-11.193091,-1.521132,-24.875324,29.187430,29.801563,-11.436901,-12.239996,17.019091
249.000000,-57.964450,51.275760,67.540389,13.589147,19.501484,-36.836038,-42.834524,28.451894,14.432328,62.229881,-39.966719,-2.506056,-56.898563,9.187132,1.068153,55.316032,-35.723860,-2.746417,-6.614511,5.503504,-10.120035,8.580114,16.620154,-11.438925,46.022832,14.823631,-17.251851,-12.360200,-1.360103,-24.719757,29.040284,29.874937,-11.559428,-12.375043,17.451046
250.000000,-57.989663,51.281601,67.504156,13.682518,19.547332,-37.047189,-42.918907,28.589364,14.523349,62.372099,-39.969331,-2.408472,-57.124700,9.373586,1.185868,55.444583,-35.355197,-2.719973,-6.697605,5.536047,-10.084920,8.614132,16.715998,-11.627234,45.912771,15.036569,-17.158045,-11.917182,-1.612209,-24.673210,29.228377,29.976389,-11.319260,-12.250393,17.417874
251.000000,-58.005118,51.292986,67.479122,13.772184,19.571997,-37.226781,-42.975619,28.762439,14.751366,62.470590,-40.116375,-2.300069,-57.316871,9.463458,1.229143,55.568261,-35.364192,-2.612006,-6.700346,5.534614,-10.184290,8.469296,16.841314,-12.022372,46.045871,14.779464,-17.204885,-11.832574,-1.862550,-24.647226,29.638616,30.082803,-11.117313,-12.255836,17.223012
252.000000,-58.021510,51.284432,67.449915,13.747075,19.518061,-37.286267,-42.947437,28.780307,14.652639,62.571998,-40.033422,-2.277980,-57.293491,9.545867,1.254022,55.604853,-35.327330,-2.535344,-6.857789,5.549848,-10.330221,8.405062,17.094575,-12.489838,46.085151,14.790011,-16.868149,-11.954234,-2.046036,-24.510023,29.998915,30.371621,-11.024524,-12.088340,17.040723
253.000000,-58.039212,51.305163,67.431402,13.792911,19.532431,-37.261855,-43.010787,28.874109,14.885873,62.610725,-40.126419,-2.165071,-57.415581,9.469476,1.241875,55.703488,-35.433881,-2.619506,-7.082737,5.582531,-10.373585,8.165198,17.481654,-12.756521,45.966606,15.544068,-16.467646,-12.847117,-2.198786,-24.306509,29.917776,30.524819,-10.889640,-12.070919,17.062286
254.000000,-58.066916,51.308095,67.414212,13.818908,19.582118,-37.404021,-43.186661,28.824686,14.570303,62.852377,-39.877960,-2.153428,-57.483111,9.608223,1.263893,55.647252,-35.266517,-2.709004,-7.071402,5.578593,-10.497161,8.245235,17.486159,-12.542258,45.704061,15.845691,-15.558978,-15.064360,-1.881456,-23.812005,29.500974,30.797384,-10.096795,-11.456310,18.347005
255.000000,-58.103657,51.325464,67.410189,13.951552,19.671945,-37.611007,-43.258149,28.993928,14.789656,62.787211,-39.887226,-2.073278,-57.637180,9.750694,1.380813,55.500239,-35.218426,-2.729106,-7.005099,5.536045,-10.682618,8.380946,17.593893,-12.304629,45.462822,15.554735,-15.612417,-14.731417,-1.845275,-23.670306,29.521536,30.935563,-10.216603,-11.219660,18.169821
256.000000,-58.132780,51.380056,67.403531,14.077983,19.785790,-37.622821,-43.461949,28.938357,14.886677,62.724448,-40.089857,-1.983839,-57.890703,9.627396,1.335160,55.537644,-35.104263,-2.629797,-7.149527,5.558767,-10.922980,8.515639,17.902030,-13.096775,45.486970,14.878790,-15.736401,-13.519034,-1.966742,-23.692128,29.623169,30.971442,-10.090341,-10.967379,17.470575
257.000000,-58.208609,51.393169,67.393941,14.155309,19.869474,-37.769040,-43.647716,29.067683,14.891558,62.803555,-39.941847,-2.160139,-58.069128,9.747662,1.342723,55.441977,-35.035575,-2.450252,-7.178068,5.603614,-11.037229,8.453956,17.849026,-12.923316,45.858553,14.944906,-15.016811,-15.239788,-1.924447,-23.512366,29.541777,31.070742,-9.820350,-10.767831,17.944039
258.000000,-58.236516,51.405394,67.400402,14.198365,19.949762,-37.810326,-43.764130,29.110092,14.883846,62.767424,-39.852303,-2.127041,-58.147149,9.751748,1.300058,55.322213,-34.897520,-2.455942,-7.245658,5.596081,-11.149061,8.390272,18.082169,-13.154484,45.839865,14.304913,-15.376904,-14.347779,-2.089557,-23.520552,29.721852,31.239332,-9.497902,-10.630426,17.780564
259.000000,-58.248276,51.418030,67.405891,14.197755,19.951409,-37.799888,-43.731055,29.150441,14.977927,62.696301,-39.907918,-2.263575,-58.159341,9.742896,1.318577,55.305879,-34.760038,-2.550886,-7.412576,5.590216,-11.294780,8.415896,18.148137,-12.869589,45.908433,14.849002,-15.631772,-14.368969,-2.100985,-23.502246,29.934059,31.168677,-9.976261,-10.833279,17.467524
260.000000,-58.271945,51.442122,67.404372,14.212688,19.906349,-37.778539,-43.734777,29.069548,14.980073,62.695707,-39.834384,-2.104627,-58.173356,9.721191,1.382220,55.373904,-34.877845,-2.412146,-7.438048,5.536077,-11.440184,8.453282,18.152951,-12.755617,45.990502,14.877897,-15.590646,-14.443984,-1.987776,-23.477013,29.889577,31.204467,-9.771492,-10.884591,17.694727
261.000000,-58.294296,51.443201,67.411703,14.083069,19.886362,-37.664995,-43.814338,29.033628,14.715631,62.844871,-39.787020,-2.188535,-58.061758,9.716502,1.286420,55.334088,-34.827486,-2.587697,-7.476986,5.645338,-11.539885,8.493036,18.032794,-12.617295,46.093122,14.931333,-15.225200,-15.513347,-1.862103,-23.530280,29.898217,31.214484,-9.525221,-10.996239,18.201863
262.000000,-58.322501,51.478666,67.398053,13.975241,19.894697,-37.517894,-43.888108,29.085742,14.697290,62.857623,-39.882943,-2.140033,-58.020387,9.600820,1.113135,55.301504,-34.933744,-2.536700,-7.564833,5.803569,-11.679950,8.609722,17.956455,-12.686561,45.969543,14.924237,-15.064409,-15.677463,-1.744619,-23.733461,29.946353,31.113728,-9.613880,-11.389435,18.060777
263.000000,-58.335251,51.494366,67.380053,14.009394,19.869910,-37.500879,-43.926299,29.030080,14.704876,62.898379,-39.939736,-2.091048,-58.084530,9.541050,1.120636,55.392831,-34.930089,-2.554228,-7.505278,5.809674,-11.960408,8.788506,18.004324,-12.917875,45.826225,14.911375,-15.541892,-15.241651,-1.504960,-23.548107,29.658341,31.149628,-9.695011,-11.032126,18.083243
264.000000,-58.328348,51.502955,67.371577,13.882979,19.833289,-37.324063,-43.965221,28.955955,14.488248,63.004506,-40.001454,-2.048492,-57.949504,9.379085,0.923570,55.405695,-35.164440,-2.659877,-7.503546,5.895034,-12.029310,8.841050,17.842343,-12.923847,45.958956,15.054683,-15.284843,-15.545710,-1.354329,-23.405390,29.475207,31.205044,-9.575127,-10.822581,18.358143
265.000000,-58.332145,51.504409,67.368144,13.833799,19.831184,-37.332210,-43.994017,28.940058,14.338877,63.066921,-39.867838,-2.043747,-57.916357,9.462704,0.945671,55.385174,-35.219252,-2.592288,-7.419772,6.068170,-12.466209,9.163739,17.913144,-13.367698,46.071815,14.846074,-15.070263,-15.493058,-1.169051,-23.704559,29.878594,31.168581,-10.049231,-11.118661,17.498103
266.000000,-58.323377,51.491266,67.379975,13.908660,19.865261,-37.374238,-44.055263,28.807795,14.200855,63.118796,-39.670036,-2.024966,-57.951116,9.473846,0.991027,55.315882,-35.111581,-2.673749,-7.358662,6.070427,-13.078071,9.310180,17.953639,-13.433476,46.115600,15.461188,-15.439653,-15.500349,-0.855634,-23.582729,30.130174,31.426093,-10.286236,-11.267173,17.517514
267.000000,-58.334994,51.486951,67.399377,14.013916,19.964723,-37.383000,-44.180986,28.746067,14.204984,62.954864,-39.740981,-1.999899,-58.045454,9.412667,0.981800,55.220877,-35.171950,-2.612284,-7.298975,6.113502,-13.615554,9.399110,18.076845,-14.010404,46.568117,14.787804,-15.234759,-15.408492,-0.761448,-23.530032,30.404184,31.701053,-10.177125,-11.075018,17.249805
268.000000,-58.319449,51.465392,67.436260,14.084274,19.916808,-37.495448,-43.907950,28.833647,14.591898,62.645703,-39.822527,-1.855274,-57.962345,9.425725,1.063024,55.088174,-35.181037,-2.595222,-7.132614,5.956903,-13.947205,9.318139,18.191864,-13.868442,46.681225,15.584740,-15.674587,-15.403224,-0.582059,-23.524491,30.500698,31.803044,-10.141409,-11.183636,17.226306
269.000000,-58.297890,51.454508,67.468107,14.075849,19.995330,-37.478495,-44.006762,28.832807,14.499050,62.668003,-39.554783,-1.719180,-57.933548,9.421737,1.000786,54.915213,-35.048720,-2.672212,-7.139282,6.023271,-14.261902,9.553332,18.194502,-14.166500,46.634199,15.003962,-15.439112,-15.526162,-0.401350,-23.374442,30.411912,31.982754,-9.595010,-10.649645,17.856698
270.000000,-58.300924,51.426566,67.496306,14.132868,20.100805,-37.477641,-44.074784,28.867050,14.552548,62.514071,-39.620251,-1.821468,-57.928651,9.394484,0.940407,54.690923,-35.102589,-2.620729,-7.037949,6.063290,-14.713863,9.694420,18.249434,-14.722498,46.851799,14.499037,-15.609979,-14.512508,-0.241450,-23.611832,30.627104,32.010549,-9.842790,-10.928864,17.208636
271.000000,-58.238691,51.408517,67.523915,14.245776,20.064084,-37.633071,-43.859609,28.779467,14.709577,62.333044,-39.642544,-1.729875,-57.911938,9.440275,1.131384,54.706120,-34.945632,-2.714582,-6.908449,6.072315,-15.126292,9.824131,18.126678,-14.954653,46.921163,14.916940,-15.289028,-15.423657,0.080480,-23.618931,30.658434,32.128681,-9.793134,-10.995124,17.426273
272.000000,-58.243382,51.387149,67.527568,14.344724,20.124465,-37.756621,-43.913151,28.906498,14.882707,62.349594,-39.540969,-1.665650,-58.018912,9.524744,1.189576,54.657848,-34.792755,-2.601548,-6.778955,6.028967,-15.430449,9.867687,18.134912,-15.070249,47.041101,14.831397,-14.772022,-16.344315,0.273175,-23.415120,30.386846,32.297967,-9.543993,-10.467096,17.938071
273.000000,-58.170444,51.379853,67.546451,14.327587,20.006046,-37.843247,-43.616348,28.881974,14.997181,62.355310,-39.564349,-1.542505,-57.844790,9.575735,1.336553,54.668738,-34.995625,-2.548074,-6.728993,5.917155,-15.637095,9.978497,18.221046,-15.424299,47.103184,14.710125,-14.557124,-16.697463,0.299336,-23.504812,30.848618,32.410583,-9.635709,-10.973772,17.300888
274.000000,-58.181530,51.382357,67.540997,14.287919,19.996535,-37.890729,-43.641914,28.954415,14.962588,62.402623,-39.555692,-1.628355,-57.836170,9.679917,1.360842,54.678191,-34.954132,-2.506614,-6.691311,5.934034,-15.736517,9.888295,18.261848,-15.385097,47.028311,15.415783,-14.830130,-16.613414,0.343612,-23.221887,30.601406,32.634463,-9.664541,-10.622153,17.981494
275.000000,-58.183223,51.381975,67.553145,14.240945,20.007330,-37.919709,-43.625303,29.053852,15.000166,62.444738,-39.524235,-1.674492,-57.792478,9.693252,1.260444,54.603896,-34.783199,-2.586238,-6.720831,6.026703,-15.982136,9.935253,18.263753,-15.620994,47.277446,15.108638,-14.979401,-16.287549,0.253811,-23.187084,30.846698,33.153834,-8.931547,-10.256126,18.359830
276.000000,-58.157581,51.397890,67.542082,14.252595,20.061038,-37.960047,-43.677953,29.128202,15.041528,62.501408,-39.659767,-1.629724,-57.841074,9.762324,1.326535,54.580240,-34.919274,-2.551896,-6.756124,6.131378,-16.233568,9.999856,18.158835,-15.813052,47.513395,14.692661,-14.862372,-16.386196,0.301120,-23.447203,31.157131,32.560403,-9.697936,-10.856947,17.427508
277.000000,-58.128035,51.446849,67.544645,14.214748,19.977200,-37.876160,-43.603873,28.961604,15.007012,62.516517,-39.672481,-1.544422,-57.750390,9.556656,1.256817,54.627501,-35.098450,-2.552030,-6.703389,6.191210,-16.270484,9.777279,18.073763,-15.977636,47.396834,15.334886,-14.858006,-16.636618,0.420069,-23.388738,30.825678,32.988161,-9.349195,-10.751207,17.874972
278.000000,-58.130181,51.491505,67.535919,14.189179,19.919539,-37.807075,-43.559272,28.895750,15.033209,62.506961,-39.760249,-1.418908,-57.715659,9.454744,1.259488,54.667441,-35.041053,-2.515593,-6.723045,6.218373,-16.360297,9.786323,18.099726,-16.116282,47.422837,15.439275,-15.038342,-16.257571,0.603150,-23.818840,31.073997,32.542867,-10.629589,-11.802036,16.620384
279.000000,-58.187628,51.542258,67.537278,14.097346,19.951461,-37.711155,-43.697354,28.872555,14.866366,62.556856,-39.795844,-1.427029,-57.724196,9.425875,1.144590,54.603203,-34.967720,-2.544650,-6.707040,6.384902,-16.301245,9.770706,18.070476,-16.418079,47.748060,14.395028,-14.860788,-16.353896,0.707522,-23.446318,30.540532,32.773341,-9.683030,-10.836203,17.444185
280.000000,-58.227563,51.595736,67.532802,14.112684,19.942336,-37.728585,-43.795552,28.883272,14.889203,62.627111,-39.666037,-1.412440,-57.788844,9.401375,1.163871,54.619916,-35.153068,-2.543566,-6.633554,6.354757,-16.262431,9.601498,17.938589,-16.091707,47.871577,14.637012,-14.357307,-17.394182,0.680345,-23.409394,30.523924,32.625679,-9.324627,-10.546098,18.089355
281.000000,-58.297575,51.665282,67.543346,14.012117,19.827468,-37.619689,-43.730344,28.750312,14.777408,62.582599,-39.805103,-1.499562,-57.711164,9.354363,1.186313,54.620654,-35.060047,-2.540115,-6.713109,6.275240,-15.817005,9.346577,18.025732,-16.184442,47.896906,14.475795,-14.699764,-16.295028,0.257956,-23.700509,31.055835,32.584609,-9.704317,-11.230151,16.777779
282.000000,-58.317214,51.745856,67.557025,13.709016,19.581696,-37.324154,-43.503182,28.581374,14.574843,62.583411,-39.895678,-1.536088,-57.351206,9.138180,1.040731,54.700752,-35.176021,-2.567287,-6.861096,6.314113,-14.982930,8.867080,17.971049,-15.903862,47.687264,15.635189,-15.181101,-15.938161,-0.070294,-23.485086,31.000251,32.944680,-9.482953,-10.987377,17.215161
283.000000,-58.480567,51.860803,67.536855,13.292834,19.236961,-37.244074,-43.288800,28.829139,14.509460,62.938609,-39.907132,-1.850258,-57.012371,9.302107,1.024116,54.753836,-35.218771,-2.619747,-6.992204,6.292645,-13.237361,8.045049,18.139753,-15.549539,47.236635,16.042999,-15.767070,-15.104890,-1.321837,-23.431186,31.219623,32.806993,-9.597521,-11.105601,16.996951
284.000000,-58.645898,52.044737,67.536455,12.864649,18.596995,-37.160678,-42.643825,28.743745,14.508580,63.029723,-40.120391,-1.912048,-56.481450,9.279013,1.134055,54.971972,-35.207183,-2.517354,-7.114971,6.162120,-11.294427,7.015671,18.101618,-15.188929,46.961884,16.635083,-15.710914,-15.507036,-2.794558,-23.715011,31.884542,32.433324,-10.082448,-12.110348,16.820586
285.000000,-58.820713,52.211839,67.504174,12.759450,18.342719,-37.124696,-42.590710,28.691975,14.583449,63.214733,-40.075964,-2.043280,-56.473940,9.226060,1.251137,55.079667,-35.021003,-2.490867,-7.089714,6.144364,-10.171293,6.108066,18.056884,-14.487357,47.061270,16.405109,-15.534184,-15.571107,-3.877705,-23.794765,31.668759,32.788675,-10.117700,-12.429191,16.335487
286.000000,-59.012789,52.417797,67.429245,12.858782,18.464310,-37.080764,-43.309482,28.635128,14.408854,63.640875,-40.027484,-2.194105,-56.990030,9.070252,1.165232,55.250954,-34.905129,-2.231392,-6.878635,6.197926,-9.349993,5.611636,18.033631,-13.688197,47.016860,14.714413,-14.899808,-15.813104,-3.979235,-23.586158,30.081902,32.969952,-9.117722,-11.518749,16.619549
287.000000,-59.146458,52.535552,67.376792,13.087949,18.541174,-37.260276,-43.663886,28.655987,14.575359,63.802730,-39.894790,-2.378705,-57.434562,9.098220,1.355342,55.314335,-34.799308,-2.257293,-6.727092,6.021496,-8.610971,5.793057,18.033499,-12.866621,46.439785,14.271087,-15.353808,-15.166992,-3.766063,-23.804195,29.191986,32.146227,-9.486498,-11.735914,16.755694
288.000000,-59.242105,52.607793,67.357302,13.171027,18.890620,-37.215448,-44.318266,28.810564,14.454379,63.896625,-39.840446,-2.636612,-57.853143,9.085593,1.175675,55.133990,-34.417555,-2.246048,-7.058937,6.252889,-8.207444,6.091994,17.891009,-12.614113,46.667489,13.996228,-14.965105,-15.878040,-3.793700,-24.042853,29.305733,31.457341,-9.448406,-11.784729,17.354575
289.000000,-59.350359,52.668452,67.343670,13.418784,19.087655,-37.489686,-44.696054,28.946075,14.579766,63.949408,-39.752077,-2.683466,-58.270243,9.245403,1.328418,54.978829,-33.950244,-2.215993,-7.116327,6.271976,-7.941475,6.103553,18.180685,-13.186186,46.879529,14.280066,-15.703104,-14.511461,-4.163628,-24.247687,29.772040,30.929678,-9.426653,-11.688386,16.691674
290.000000,-59.384668,52.700269,67.358017,13.640351,19.260207,-37.825664,-44.864815,29.138185,14.861831,63.898032,-39.661437,-2.799412,-58.524107,9.418624,1.464249,54.735118,-33.841590,-2.135847,-7.040420,6.245895,-7.908366,6.019042,18.222653,-12.721246,46.828880,15.395745,-16.250179,-14.307982,-4.260764,-24.180355,29.598249,30.806800,-9.441008,-11.527624,17.410159
291.000000,-59.351563,52.697873,67.381680,13.729956,19.314963,-37.970704,-44.868271,29.153696,14.899807,63.868218,-39.590283,-2.724384,-58.561311,9.519597,1.612696,54.604770,-33.581021,-2.085497,-7.153242,6.320681,-7.917853,6.092808,18.277004,-12.987208,46.927139,13.849056,-16.212675,-13.874889,-4.356910,-24.323079,29.798804,30.841412,-8.797936,-11.442855,17.250481
292.000000,-59.284252,52.656484,67.414862,13.779904,19.328817,-38.065090,-44.741298,29.144257,14.998262,63.778503,-39.560544,-2.784171,-58.476405,9.591892,1.704598,54.491591,-33.689051,-2.084666,-7.159360,6.364060,-7.844402,5.961714,18.115163,-12.415654,46.678650,14.331987,-15.921191,-14.345919,-4.172272,-24.274730,29.513828,30.639983,-9.001294,-11.463804,17.398338
293.000000,-59.245771,52.618134,67.423868,13.764666,19.323015,-38.131309,-44.631383,29.196641,15.026177,63.727646,-39.641291,-2.534731,-58.412297,9.685424,1.715052,54.439575,-33.497181,-2.145479,-7.227504,6.465565,-7.846730,6.018508,18.167562,-12.571282,46.496182,13.929606,-16.296546,-13.498862,-4.115955,-24.357344,29.536146,30.513402,-8.933570,-11.531405,16.951758
294.000000,-59.165126,52.603370,67.423069,13.799381,19.246213,-38.206736,-44.408152,29.174631,15.215541,63.725098,-39.687005,-2.370450,-58.359076,9.651898,1.773801,54.566409,-33.496703,-2.117190,-7.244163,6.462471,-7.813555,6.085737,18.023517,-12.608509,46.298724,13.908665,-16.147645,-13.618593,-4.109946,-24.331876,29.549891,30.583169,-8.945875,-11.584246,17.231693
295.000000,-59.150648,52.576250,67.391175,13.845922,19.176997,-38.287467,-44.410218,29.146149,15.175405,63.921534,-39.671976,-2.193911,-58.411689,9.647525,1.789333,54.788427,-33.633764,-2.051210,-7.169227,6.398518,-7.806375,6.086960,17.946080,-12.428097,46.332308,14.149994,-15.582163,-14.587658,-4.100670,-24.215399,29.320773,30.486235,-9.711594,-11.509300,17.375434
296.000000,-59.133601,52.568042,67.366916,13.843752,19.250367,-38.208240,-44.556667,29.135576,15.076927,64.003230,-39.869815,-2.276942,-58.490933,9.615440,1.731191,54.879976,-33.732416,-2.000831,-7.232368,6.450038,-7.939999,6.176746,17.881823,-12.589432,46.315492,13.980855,-15.533020,-14.730415,-4.135040,-24.218224,29.410689,30.473429,-10.163531,-11.769810,17.101431
297.000000,-59.120363,52.545786,67.348522,13.822895,19.313903,-38.173513,-44.639220,29.168115,14.997478,64.046725,-39.790343,-2.356620,-58.553675,9.635970,1.669526,54.941161,-33.894821,-2.028753,-7.253276,6.486806,-8.040284,6.102783,17.852310,-12.205606,46.116447,14.999703,-15.803847,-15.002779,-4.131000,-24.397055,29.745696,30.380173,-10.376974,-12.133245,16.858237
298.000000,-59.111398,52.535456,67.341155,13.755934,19.281362,-38.064745,-44.579890,29.113661,14.918388,64.012588,-39.905192,-2.308096,-58.494997,9.580180,1.607295,55.042370,-33.888800,-2.093767,-7.253504,6.440272,-7.900460,6.188694,17.861676,-12.653972,46.198085,13.869952,-16.222280,-12.928384,-4.327093,-24.437689,29.875664,30.557115,-10.180089,-11.937203,15.883347
299.000000,-59.097677,52.526700,67.325991,13.741294,19.308166,-38.053809,-44.587622,29.187253,14.943238,64.043364,-39.971476,-2.261131,-58.500639,9.564840,1.528570,55.035970,-33.976018,-2.075026,-7.157841,6.382940,-7.917215,6.118119,17.917251,-12.605489,46.370267,13.852132,-16.181345,-12.535565,-4.319427,-24.502026,29.931115,30.429343,-10.246669,-11.997460,15.597746
300.000000,-59.072167,52.513081,67.333174,13.711823,19.292809,-38.058499,-44.505164,29.190712,14.924066,64.001086,-39.978695,-2.287779,-58.442288,9.574295,1.525721,55.051916,-34.131104,-2.035264,-7.017664,6.313934,-7.891980,6.073688,17.979858,-12.563700,46.402813,13.997468,-16.182001,-12.873414,-4.292938,-24.522169,29.902018,30.410430,-10.146666,-12.120813,15.815759
301.000000,-59.050500,52.498549,67.338562,13.757389,19.187261,-38.026217,-44.299948,29.109184,15.114604,63.883162,-39.978945,-2.252663,-58.365599,9.502471,1.622080,55.140582,-34.124052,-2.003950,-6.992051,6.138933,-7.826035,6.111404,17.971469,-12.235246,46.310889,14.267907,-16.158959,-13.576911,-4.116167,-24.267058,29.597802,30.461097,-10.097401,-11.904703,16.459361
302.000000,-59.016335,52.455604,67.350417,13.668182,19.170469,-37.983299,-44.181570,29.099615,15.010896,63.821281,-40.002236,-2.430615,-58.224125,9.563824,1.593444,55.090735,-34.181439,-2.061960,-6.922077,6.153817,-7.751538,6.121194,17.960918,-12.132004,46.297044,14.330027,-16.108547,-13.831571,-4.075170,-24.249564,29.540097,30.364716,-10.155490,-11.912284,16.541521
303.000000,-58.986771,52.425539,67.360771,13.587445,19.201971,-37.857244,-44.181567,29.117530,14.917796,63.785702,-39.998264,-2.453242,-58.114801,9.493398,1.452643,55.025353,-34.409414,-2.055257,-6.931536,6.117790,-7.759949,6.203910,18.028943,-12.171040,46.323733,13.903998,-16.289755,-13.349834,-4.166173,-24.438244,29.902288,30.334868,-10.354348,-12.159010,15.917430
304.000000,-58.946210,52.396989,67.348343,13.596731,19.320159,-37.782252,-44.348278,29.103019,14.780347,63.821472,-39.975533,-2.419406,-58.178110,9.462582,1.369798,55.035366,-34.411012,-1.985241,-6.907029,6.189700,-7.992930,6.321119,17.983024,-12.223267,46.291730,13.970496,-16.272243,-13.477631,-4.038679,-24.471316,29.951735,30.428804,-10.522929,-12.234523,16.035163
305.000000,-58.929139,52.343583,67.356747,13.707374,19.523247,-37.763677,-44.608539,29.103781,14.693627,63.783223,-39.909021,-2.554936,-58.362184,9.478862,1.330181,54.981961,-34.222550,-2.080071,-6.898030,6.209283,-8.352715,6.456060,17.924928,-12.177178,46.305100,13.916146,-16.168934,-13.882605,-3.947930,-24.341305,29.999431,30.653493,-9.604194,-11.926781,16.889577
306.000000,-58.864558,52.297544,67.361701,13.716580,19.548907,-37.843542,-44.497108,29.179309,14.760908,63.754584,-39.872394,-2.576993,-58.303157,9.565416,1.366145,54.940293,-34.414847,-2.080828,-6.797186,6.192320,-8.559271,6.552931,17.767733,-12.102300,46.306162,14.183281,-16.023233,-14.104593,-3.866209,-24.193170,29.896544,30.900298,-9.397749,-11.856225,17.410116
307.000000,-58.777010,52.237880,67.396384,13.661205,19.439326,-37.785027,-44.202607,29.109126,14.807717,63.616682,-39.904738,-2.541063,-58.032853,9.536897,1.409221,54.886301,-34.362876,-2.105838,-6.842203,6.161751,-8.713880,6.786403,17.724411,-12.192564,46.256592,14.362563,-16.248106,-13.710795,-3.780736,-24.171319,29.992894,31.102564,-9.510437,-11.956394,17.103226
308.000000,-58.719873,52.174795,67.430097,13.691851,19.305099,-37.800039,-43.871937,29.022614,14.955353,63.462040,-39.760454,-2.356006,-57.845145,9.463808,1.480774,54.925735,-34.619217,-2.202555,-6.827663,6.021616,-8.904545,6.892140,17.870604,-12.701594,46.404114,13.945792,-16.452911,-12.733851,-3.773833,-24.172051,30.198466,31.357016,-9.604633,-11.961213,16.609412
309.000000,-58.709037,52.108878,67.402565,13.725433,19.212279,-38.000212,-43.664549,29.178838,15.126822,63.517249,-39.984887,-2.308010,-57.842236,9.655254,1.571518,55.052841,-34.435860,-2.140019,-6.598221,5.881735,-9.060619,6.738286,17.746426,-12.426016,46.564869,14.323473,-16.322124,-13.418891,-3.604916,-23.891807,30.001080,31.405978,-9.549191,-11.658127,17.167108
310.000000,-58.679384,52.077639,67.412436,13.719583,19.231063,-38.004749,-43.616345,29.125006,15.070345,63.410684,-40.122348,-2.148629,-57.812395,9.654270,1.526120,55.023700,-34.434402,-2.245886,-6.559516,5.846889,-9.188313,6.625131,17.766504,-12.359113,46.650766,14.512364,-16.366643,-13.458366,-3.640534,-23.990399,30.124642,31.421787,-10.100456,-11.904303,16.987731
311.000000,-58.668494,52.057898,67.422521,13.743290,19.321174,-37.904330,-43.730003,29.043949,14.972094,63.362026,-39.941915,-2.017410,-57.834490,9.604863,1.477006,54.937773,-34.524707,-2.310378,-6.661850,5.971939,-9.401759,6.709609,17.790683,-12.309037,46.571536,14.429511,-16.239801,-13.962706,-3.465298,-23.728439,29.727934,31.666850,-9.143587,-11.180873,18.020144
312.000000,-58.714181,52.086759,67.417675,13.922058,19.441353,-38.013347,-43.918530,29.028246,15.078560,63.268684,-39.946389,-2.042680,-58.102493,9.590472,1.522244,54.923460,-34.563564,-2.277613,-6.577081,5.781727,-9.316599,6.471165,18.148934,-11.846167,46.523690,14.826650,-16.344590,-13.889521,-3.668051,-24.263919,29.699667,31.138774,-10.304536,-11.964654,16.862209
313.000000,-58.786273,52.083522,67.387992,14.192338,19.900981,-38.137858,-44.640047,29.173941,14.949985,63.286593,-39.808077,-2.524433,-58.682007,9.678002,1.409667,54.725439,-34.297464,-2.234817,-6.409662,5.763050,-9.599897,6.502404,18.283211,-10.630010,46.376903,15.509459,-15.917657,-15.804542,-3.266044,-23.526670,28.027584,31.469789,-9.513829,-11.237612,18.666267
314.000000,-58.830070,52.085525,67.332792,14.571964,20.142594,-38.527032,-44.995432,29.413660,15.291940,63.418607,-39.848778,-2.742177,-59.231032,9.857446,1.557958,54.729199,-34.204829,-1.990532,-6.178504,5.627101,-9.852087,6.829766,18.416861,-10.563510,46.225559,14.698663,-16.342988,-14.843702,-3.153125,-23.886575,28.013217,31.323053,-9.818207,-11.290608,17.523776
315.000000,-58.847511,52.074236,67.297447,14.677770,20.200216,-38.720641,-45.089545,29.590825,15.420930,63.520561,-39.771563,-2.870472,-59.412428,9.992516,1.619643,54.771202,-34.136445,-1.922428,-6.245892,5.604495,-9.861892,6.901900,18.422938,-10.588755,46.526743,15.260338,-15.959237,-15.741090,-3.096945,-23.786361,28.003438,31.264638,-9.668976,-11.223365,17.803807
316.000000,-58.928668,52.103472,67.260033,14.594954,20.484799,-38.545320,-45.749198,29.708051,14.969685,63.804998,-39.840838,-2.967673,-59.662857,9.968274,1.305286,54.697698,-34.156284,-1.960115,-6.617929,5.787549,-9.667261,6.858477,18.905894,-10.936835,46.006365,15.672001,-16.187562,-15.676399,-3.273022,-23.972799,27.879079,30.629683,-8.868250,-11.291985,18.184474
317.000000,-59.004909,52.129978,67.219347,14.622929,20.696069,-38.535890,-46.235818,29.780557,14.719153,63.939245,-39.745339,-3.033601,-59.919002,9.999480,1.152437,54.642005,-33.940439,-2.047846,-6.750616,5.934623,-9.499262,7.023345,18.956066,-10.817240,45.988275,14.764472,-15.762680,-15.280646,-3.350866,-24.306230,27.898492,30.102368,-9.005437,-11.350688,17.863228
318.000000,-58.991480,52.108055,67.223471,14.745747,20.719198,-38.666671,-46.178455,29.823557,14.912994,63.901843,-39.644747,-2.817898,-59.993520,10.080045,1.285517,54.600112,-33.936908,-2.132773,-6.652295,5.860590,-9.511696,6.953857,18.759236,-10.329172,45.837809,14.949836,-15.904507,-16.386027,-3.013689,-23.997052,27.634064,30.259254,-8.810273,-11.047506,18.866564
319.000000,-58.984977,52.090269,67.236429,14.825646,20.698000,-38.765316,-46.101052,29.767604,14.953502,63.824095,-39.668858,-2.790267,-59.997953,10.116977,1.366010,54.571405,-33.842706,-2.086150,-6.582217,5.792031,-9.449201,7.031864,18.756412,-10.519647,45.909052,14.157625,-15.526866,-16.190562,-2.986352,-24.144321,27.769965,30.137052,-8.949010,-11.049044,18.346984
320.000000,-58.999234,52.078182,67.266387,14.893173,20.657226,-38.946516,-45.941095,29.846571,15.156994,63.694997,-39.753391,-2.694316,-59.942847,10.223578,1.470143,54.376359,-33.743771,-2.047845,-6.462970,5.719209,-9.393751,6.945677,18.835802,-10.899958,45.841610,14.112575,-15.914406,-15.365146,-3.070609,-24.393858,27.995489,29.960659,-8.717194,-11.236744,17.911597
321.000000,-59.054983,52.089435,67.260116,14.901011,20.719245,-38.995496,-46.075968,29.903682,15.108476,63.690148,-39.729940,-2.614220,-60.080263,10.301512,1.445442,54.364443,-33.546600,-2.010423,-6.628471,5.757301,-9.219335,6.829498,18.861569,-10.907582,45.707855,14.737163,-15.758969,-15.820584,-3.290903,-24.289616,28.105660,29.841503,-8.902102,-11.434564,18.078669
322.000000,-59.127432,52.155238,67.246181,14.907497,20.620681,-38.995141,-46.143904,29.819561,15.076073,63.865103,-39.708240,-2.335857,-60.147213,10.240530,1.475183,54.465370,-33.395172,-1.861132,-6.671061,5.598642,-8.796544,6.582848,18.990243,-11.435199,45.655279,14.207068,-15.628728,-15.285501,-3.759609,-24.124329,28.635051,30.080358,-8.543277,-11.216226,17.405330
323.000000,-59.237218,52.234215,67.213482,14.750127,20.498680,-38.856415,-46.273330,29.764165,14.849540,64.087276,-39.599825,-2.102836,-60.140656,10.196695,1.414306,54.603473,-33.520813,-1.778126,-6.855131,5.625386,-8.252218,6.184250,19.219922,-12.197307,45.506033,14.079393,-15.418334,-14.845220,-4.391198,-24.056693,29.406198,30.261935,-8.577808,-11.284279,16.792157
324.000000,-59.348691,52.324885,67.170846,14.633211,20.267478,-38.823403,-46.204030,29.702635,14.756591,64.293841,-39.771129,-1.942506,-60.089443,10.189921,1.485967,54.835692,-33.562737,-1.724538,-6.893747,5.373853,-7.388496,5.590982,19.561301,-11.929669,45.061961,14.731835,-15.123951,-15.368318,-5.122098,-23.891462,29.794272,30.458549,-8.239976,-11.117299,17.298467
325.000000,-59.462100,52.408332,67.134440,14.710712,20.251922,-38.885764,-46.390034,29.708618,14.813439,64.409879,-39.633600,-1.901933,-60.280681,10.201200,1.570561,54.896618,-33.387184,-1.683592,-6.730250,5.152879,-6.607176,5.652225,19.859617,-11.251769,44.059628,14.790700,-15.891122,-14.744676,-5.172839,-24.177966,29.221831,29.459064,-8.911596,-11.809571,16.914663
326.000000,-59.535712,52.481157,67.084575,14.937189,20.553780,-39.008756,-46.995164,29.787674,14.766319,64.604738,-39.582189,-1.972114,-60.783390,10.248875,1.567923,54.833520,-33.142431,-1.709063,-6.625187,5.132953,-6.529511,6.356945,19.750464,-10.935551,43.653416,13.801526,-15.857565,-14.266234,-4.611163,-24.259964,28.846570,29.007315,-8.103400,-11.416432,17.124058
327.000000,-59.568715,52.496266,67.035925,15.136479,20.869828,-39.127574,-47.492699,30.001971,14.815425,64.731178,-39.500538,-2.278731,-61.227441,10.307194,1.512077,54.757067,-33.027561,-1.610953,-6.662646,5.246414,-6.373919,6.726047,19.520418,-10.991657,43.792854,13.614934,-15.875713,-14.746426,-4.437584,-24.292152,28.771468,28.979219,-7.754021,-11.268743,17.250360
328.000000,-59.585583,52.478331,66.995329,15.295689,21.139758,-39.172737,-47.914081,30.092519,14.746722,64.767644,-39.529272,-2.427875,-61.590172,10.264909,1.345699,54.732932,-32.813209,-1.596859,-6.696375,5.290990,-6.408134,6.802485,19.875985,-11.093205,43.495253,14.973580,-16.613091,-13.902748,-4.523162,-24.566495,28.583076,28.682270,-8.731353,-11.636452,16.878419
329.000000,-59.552246,52.458555,66.979361,15.410847,21.256003,-39.331510,-48.003276,30.201771,14.838765,64.775984,-39.671706,-2.380632,-61.735928,10.340097,1.351615,54.711492,-33.003464,-1.517903,-6.720611,5.275426,-6.569591,7.028889,20.043275,-11.161884,43.430601,15.082362,-16.977586,-13.434186,-4.529407,-24.688730,28.682229,28.568289,-8.705687,-11.651486,16.446595
330.000000,-59.518439,52.464128,66.959381,15.632332,21.349721,-39.403953,-48.134450,30.062856,14.937263,64.743397,-39.639228,-2.168118,-62.021840,10.275742,1.477159,54.868716,-32.928321,-1.466724,-6.635652,5.158065,-6.694421,7.243189,20.301004,-11.198575,42.980526,14.374992,-17.280425,-12.875850,-4.336792,-24.902262,28.520485,28.119771,-8.656023,-11.756075,16.044862
331.000000,-59.583974,52.531606,66.951913,15.736238,21.529366,-39.270331,-48.670815,29.813837,14.641984,64.825107,-39.486724,-1.991480,-62.334260,10.116360,1.446952,54.825263,-32.880660,-1.357783,-6.759135,5.195338,-6.092934,7.165837,20.307583,-10.684280,42.447095,13.921522,-17.369787,-12.876149,-4.300754,-25.152646,28.157035,27.317700,-8.877663,-11.859235,16.725192
332.000000,-59.818220,52.772301,66.960627,16.017874,21.866883,-38.933448,-49.764731,29.193980,14.243282,64.801044,-39.255658,-1.456092,-63.045501,9.605991,1.375284,54.692835,-32.417977,-1.186237,-6.923490,5.323193,-4.867028,6.699876,20.331194,-10.490125,41.588902,13.709565,-17.420999,-12.528604,-4.336620,-25.726319,27.173527,25.961986,-8.918500,-11.743432,17.233956
333.000000,-60.174352,53.079420,66.934931,16.277862,22.160329,-38.596393,-50.994240,28.633594,13.820404,64.911584,-38.785745,-1.135632,-63.893776,9.165224,1.361007,54.658476,-31.964630,-1.137710,-7.078821,5.300189,-2.584762,6.022399,20.715969,-10.879062,40.019557,13.178604,-17.585850,-11.723665,-4.488408,-26.469066,26.330963,23.903490,-8.159532,-11.636550,16.283193
334.000000,-60.680217,53.513372,66.818386,16.383078,22.378147,-38.143249,-52.477105,27.996525,13.099211,65.331565,-38.509341,-1.021932,-64.834976,8.555747,1.060741,54.824989,-31.504330,-1.230689,-7.585370,5.124720,1.366305,5.164347,21.360308,-10.553252,37.207315,13.298255,-18.144312,-10.655873,-5.281949,-27.185579,25.380621,21.338710,-8.420886,-11.663972,15.663560
335.000000,-61.320418,54.070747,66.600031,16.775741,22.923173,-37.754803,-54.633901,27.371729,12.449226,65.826262,-38.117787,-0.953797,-66.438500,7.828070,0.714226,54.973590,-30.439383,-1.009975,-7.942434,5.020657,5.716339,4.559378,22.036622,-9.919581,33.259685,13.880659,-18.234254,-9.901518,-5.724819,-28.078932,23.982852,18.050704,-9.219880,-11.863208,14.589387
336.000000,-61.939859,54.579937,66.252100,17.615406,23.502994,-37.975971,-56.887782,26.922186,11.993279,66.729712,-38.092809,-0.633393,-68.539958,7.408550,0.711803,55.459408,-29.605800,-0.732696,-8.027102,4.512406,9.818165,4.829019,22.871049,-8.716630,28.914083,14.463841,-18.922387,-7.556288,-5.612525,-29.485425,22.654329,13.571678,-10.599493,-12.289760,12.305920
337.000000,-62.420356,54.964340,65.868568,18.813922,24.599845,-38.321334,-59.508856,26.669816,11.788227,67.340310,-38.310736,-0.757879,-71.077858,7.127302,0.795715,55.741802,-28.792321,-0.196617,-7.896114,4.374145,12.363135,5.896635,22.901814,-7.154247,25.405135,16.256011,-19.233582,-8.087621,-3.516910,-31.083767,19.368427,8.292231,-12.458220,-12.836907,12.996009
338.000000,-62.773049,55.203986,65.526754,19.767783,25.484523,-38.787031,-61.591791,26.879943,11.793175,67.983810,-38.095052,-1.046022,-73.144974,7.074363,0.780366,56.085904,-28.134799,-0.042580,-8.014979,4.166663,14.509069,6.684312,22.663418,-6.639580,24.147828,17.087108,-19.449812,-6.615656,-1.679296,-31.939174,16.808238,4.843385,-12.824093,-12.957616,12.810987
339.000000,-62.904567,55.334371,65.308732,20.265716,26.146876,-38.677341,-63.001153,26.813550,11.731483,68.328905,-37.916579,-1.034475,-74.437676,6.550008,0.395728,56.468958,-27.970528,0.130596,-8.441132,4.007886,15.939889,6.493858,22.440334,-7.180472,24.953907,17.540826,-19.587813,-5.711773,-0.535912,-31.654068,15.027562,3.687424,-11.857566,-13.261121,12.934093
340.000000,-62.926382,55.466825,65.105432,20.665703,26.753406,-38.494935,-64.338449,26.577069,11.520943,68.849639,-37.930977,-1.007164,-75.566781,5.978215,0.051194,56.992577,-28.170415,0.345337,-9.190945,4.074116,16.188163,6.395607,23.113234,-7.597927,24.862486,18.518991,-20.508111,-3.392652,-0.409138,-31.992227,14.092227,2.584425,-11.907841,-13.333339,12.671728
341.000000,-62.862587,55.486053,65.021044,20.515224,27.144458,-37.844365,-65.163529,26.019177,10.802326,69.273076,-37.557697,-0.566265,-75.889931,5.376692,-0.416165,57.369880,-28.622563,0.341403,-9.781990,4.628658,16.479698,5.864095,23.360203,-7.663680,24.842911,19.634262,-21.183244,-2.167852,0.068808,-32.454481,13.092210,1.102594,-11.000654,-13.451893,13.108876
342.000000,-62.790263,55.460560,64.998066,20.473128,27.298140,-37.461055,-65.461715,25.585117,10.501494,69.370188,-37.701838,-0.232203,-76.028530,4.990742,-0.580191,57.660436,-28.725757,0.256306,-9.788873,5.089497,16.571414,5.009166,22.981421,-7.372743,24.943055,18.981914,-20.860789,-2.648791,0.864417,-32.672575,12.302836,0.138174,-10.807715,-13.460653,13.552947
343.000000,-62.784797,55.456293,64.931953,20.471997,27.573389,-37.256784,-65.950025,25.569592,10.420903,69.477975,-37.679702,-0.069166,-76.381131,4.946377,-0.593647,57.937694,-28.869444,0.262147,-9.660130,5.425164,16.620830,4.459927,23.001133,-7.351211,25.014069,16.711345,-20.320639,-2.749196,1.398629,-32.889290,11.682589,-0.702211,-10.592386,-12.808228,13.454721
344.000000,-62.707472,55.431026,64.858782,20.591178,27.923669,-37.278658,-66.467870,25.474056,10.109526,69.636436,-37.872064,0.226361,-76.726807,4.926411,-0.726635,57.984556,-28.994932,0.124913,-9.600382,5.556433,16.412687,4.638689,22.848923,-6.967393,24.727885,16.657650,-20.401048,-3.409064,2.078066,-32.733822,10.896927,-1.439385,-10.255357,-12.792460,13.927504
345.000000,-62.725383,55.446655,64.780080,20.679422,28.015680,-37.413073,-66.782673,25.507324,9.981109,69.927907,-37.946489,0.459553,-77.026898,5.069727,-0.629804,58.194919,-29.014732,-0.022318,-9.956281,5.256733,16.905505,4.607064,23.142178,-6.470972,24.398173,16.254679,-20.238826,-3.705217,1.966872,-32.257129,11.082519,-1.747255,-9.976989,-12.334469,13.007486
346.000000,-62.774938,55.507374,64.660084,21.033683,28.202155,-37.592725,-67.348896,25.501944,10.118759,70.204851,-37.906317,0.547241,-77.705266,4.969176,-0.560997,58.536456,-29.026569,0.094775,-9.824257,4.628299,17.685752,4.697017,22.855621,-5.719838,23.677705,16.614789,-20.050869,-4.014646,2.662173,-31.903161,10.097743,-2.942402,-9.699519,-12.678714,13.634659
347.000000,-62.936366,55.656141,64.430565,21.249719,28.527314,-37.746140,-68.407869,25.529120,9.748187,70.886975,-38.059662,0.628347,-78.612219,5.024880,-0.563451,58.989803,-29.048115,0.091477,-10.153547,4.063927,19.379265,5.193489,22.963566,-5.077923,22.214762,16.661598,-20.840116,-2.414419,3.237240,-32.109112,9.497093,-4.914988,-9.580951,-13.020744,13.599801
348.000000,-63.097882,55.839753,64.221972,21.505513,28.722424,-38.150767,-69.011808,25.720722,9.661769,71.282081,-38.686963,0.702156,-79.319322,5.215323,-0.522739,59.130553,-28.872183,0.107750,-9.990805,3.309276,21.646126,5.560360,23.118467,-3.371276,20.019744,17.277973,-21.719336,-1.469140,4.298784,-32.765944,8.025825,-7.903502,-9.600909,-13.443172,14.247438
349.000000,-63.468528,56.109309,63.751680,22.334145,30.036212,-38.561924,-71.817629,25.794341,8.934270,72.130773,-38.606172,0.171486,-81.643034,5.241458,-0.785926,59.407954,-28.408876,0.345987,-10.365976,3.280060,22.865682,6.744403,22.863129,-1.598417,18.000830,18.382454,-22.444992,-0.783260,5.936286,-33.067958,5.873888,-10.197805,-9.056442,-14.380212,15.419753
350.000000,-63.534898,56.244081,63.511777,23.484136,30.892153,-39.353027,-73.349039,25.993559,9.245516,72.379310,-38.493580,0.247692,-83.358053,5.346869,-0.520496,59.475218,-27.842643,0.704651,-10.220382,2.623449,23.538666,7.409440,22.306595,-0.901137,16.977405,18.656300,-22.857759,0.431249,7.435031,-32.859251,4.323774,-11.574106,-7.621210,-14.606674,16.482551
351.000000,-63.639194,56.373495,63.273531,24.069325,31.543165,-39.712882,-74.709565,26.044773,9.024025,72.823921,-38.414760,0.130470,-84.621604,5.342805,-0.586269,59.713332,-27.507608,0.578336,-10.432265,2.373876,24.019127,8.118571,22.489047,-1.023400,16.091832,18.305983,-23.512580,1.733822,8.132788,-33.413825,3.633706,-12.793440,-7.310104,-14.889541,16.476308
352.000000,-63.661325,56.447744,63.131166,24.290399,32.190820,-39.631162,-75.831649,25.970345,8.768183,73.076761,-38.193544,-0.378889,-85.417021,5.088582,-0.929234,59.841179,-27.348726,0.768891,-10.723581,2.841153,24.583434,7.788907,23.146475,-1.339120,15.879522,20.011262,-24.126346,2.535616,8.915789,-34.198894,2.542680,-14.256571,-6.499404,-15.425557,17.307494
353.000000,-63.596892,56.478506,63.027608,24.419403,32.641287,-39.476006,-76.534872,25.792232,8.559294,73.225502,-38.162466,-0.181026,-85.915625,4.910205,-0.992056,60.043872,-27.640498,0.495664,-10.884197,3.023920,24.772580,7.461679,23.658319,-1.433258,15.922662,20.974947,-24.429013,2.919843,9.593391,-34.184953,2.372893,-15.052863,-5.362916,-15.644483,17.689374
354.000000,-63.457441,56.445849,63.037133,24.680556,32.698830,-39.687231,-76.486569,25.822580,8.789719,73.282766,-38.344699,0.090428,-86.035754,4.958409,-0.819454,60.110767,-27.835772,0.415240,-10.645736,2.778862,24.797389,7.256699,23.614979,-1.324251,15.953903,20.275306,-24.683332,2.523245,10.117639,-34.026934,2.494932,-15.449548,-4.975179,-15.821746,17.767629
355.000000,-63.382041,56.429499,62.991238,24.807017,33.159700,-39.678521,-77.121735,25.755477,8.509116,73.389037,-38.183329,0.248144,-86.403143,4.894185,-0.957455,60.058612,-27.900701,0.312723,-10.696914,2.889897,24.633876,7.121127,23.108518,-0.987453,15.827922,18.722192,-24.401718,0.933810,10.198413,-33.834500,2.738045,-15.584842,-5.479883,-15.607344,17.436792
356.000000,-63.286430,56.393170,63.032818,24.925953,33.398697,-39.914159,-77.261064,25.939457,8.499164,73.326589,-38.197225,0.153380,-86.457525,5.106465,-0.974772,59.784789,-27.684881,0.386128,-10.679528,2.990415,24.608880,7.292289,23.012188,-1.214316,15.426445,18.300527,-24.430950,1.051770,10.328692,-33.945132,2.458445,-15.900865,-5.375424,-15.331159,17.359614
357.000000,-63.184923,56.378949,63.039351,25.223094,33.423589,-40.138082,-77.185523,25.824838,8.664847,73.222059,-38.442917,0.257370,-86.645526,5.081393,-0.834119,59.898785,-27.710883,0.318836,-10.492806,2.628719,24.577821,7.126753,23.376748,-1.558443,15.725865,19.376917,-24.509992,2.035261,10.533327,-33.720808,2.266558,-16.004093,-5.143526,-15.379458,17.262342
358.000000,-63.147974,56.390935,63.055456,24.974284,33.311246,-39.971540,-77.039445,25.781623,8.545229,73.380663,-38.505663,0.648996,-86.456254,5.127764,-0.769261,60.016182,-27.728413,0.032007,-10.665728,2.041174,25.661992,7.107320,24.190242,-1.436011,15.559999,20.742762,-24.518385,3.339078,10.259291,-33.359317,2.676137,-16.134841,-4.476932,-15.469996,16.634244
359.000000,-63.135767,56.450301,62.963152,24.979970,33.331575,-39.950018,-77.277833,25.920938,8.706165,73.780038,-38.614167,0.760119,-86.729148,5.005677,-0.854337,60.448848,-27.911085,0.087199,-10.781927,1.613502,27.360428,7.472341,24.382220,-0.826508,14.325200,22.145982,-25.130877,4.895811,10.446861,-33.125693,2.052823,-17.020362,-4.396066,-15.724385,17.081495
360.000000,-63.238204,56.564188,62.704009,25.180608,33.781095,-40.171479,-78.437319,25.973777,8.165776,74.468747,-38.774912,0.607392,-87.565040,5.077506,-1.051233,60.684298,-27.902296,0.420572,-10.956471,1.538529,28.617538,8.516850,23.846759,-0.353052,12.970599,23.662871,-25.639673,6.300445,11.336603,-33.114144,1.613609,-18.147990,-4.204397,-16.682129,17.789714
361.000000,-63.332987,56.697613,62.422019,26.284432,34.947724,-40.754606,-80.405970,25.770473,7.910076,74.591847,-38.770797,0.430142,-89.353102,4.904537,-1.170379,60.629308,-27.662976,0.566068,-11.215247,1.543694,29.039639,10.124310,23.357058,-0.054142,11.418724,25.354280,-26.607956,8.534223,13.142485,-33.067415,0.203391,-19.285321,-4.113937,-18.521653,19.056151
362.000000,-63.414329,56.794685,62.196422,26.539911,35.476809,-41.010929,-81.526299,25.993120,7.619828,75.094747,-38.854914,0.295891,-89.954370,4.871906,-1.495711,60.443206,-27.465198,0.920570,-11.608768,1.525504,29.793801,12.111857,22.558325,-0.655474,10.462701,26.426953,-27.338698,11.402983,15.253086,-32.799733,-0.729412,-19.800966,-2.959814,-19.830035,20.242094
363.000000,-63.336647,56.870788,62.048703,26.441814,35.659243,-41.193798,-81.894453,26.340298,7.404312,75.589649,-39.081287,0.083927,-89.954377,5.025786,-1.660814,60.310113,-27.426942,0.928315,-11.894255,1.447917,29.793804,13.967168,22.086849,-2.382339,10.583612,27.402154,-27.542968,14.477423,16.870977,-32.666759,-0.832772,-19.847724,-1.753253,-21.013987,21.095936
364.000000,-63.269097,56.836015,61.864591,25.977107,36.031611,-41.259031,-82.452029,26.865362,6.602312,76.184674,-39.561296,-0.638113,-89.954377,5.338481,-2.317006,60.353928,-27.381923,1.227379,-10.961974,2.104984,29.793804,14.460381,21.861694,-4.226135,11.077197,28.500161,-28.089107,15.581139,18.897981,-32.655462,-2.308214,-20.513741,-1.306917,-22.867186,22.110977
365.000000,-63.282651,56.833798,61.749607,25.811466,36.228760,-41.399196,-82.908982,27.279656,6.263151,76.580996,-39.586284,-0.794739,-89.954377,5.526960,-2.700172,60.199061,-27.377563,1.264664,-10.588648,2.378922,29.793804,14.857004,22.349410,-4.908598,10.728229,28.413312,-28.629911,15.516035,20.243724,-33.101579,-3.032155,-21.579972,-0.432907,-22.912850,23.100414
366.000000,-63.348609,56.860840,61.694551,25.590535,36.530416,-41.186251,-83.451463,27.212464,5.795815,76.691338,-39.510517,-0.848325,-89.954377,5.410738,-3.073323,59.959198,-27.194007,1.339788,-10.539523,2.644937,29.793804,15.240722,23.031070,-5.095600,9.963828,28.168673,-28.871076,14.907737,21.547136,-33.126428,-3.610493,-22.150157,0.044740,-22.392755,22.771806
367.000000,-63.366026,56.884211,61.669189,25.453541,36.802976,-40.932489,-83.911934,26.952403,5.377980,76.788006,-39.487981,-0.772708,-89.954377,5.144885,-3.390520,59.759033,-27.428751,1.416908,-10.580629,2.904126,29.793804,15.270244,23.075050,-5.395467,9.714173,27.884048,-28.970377,14.313536,22.296046,-33.074645,-3.912213,-22.564573,0.320884,-22.546571,22.971367
368.000000,-63.349223,56.884807,61.621660,25.218897,37.013973,-40.717536,-84.272670,26.814691,4.900367,76.985958,-39.398546,-0.821560,-89.954377,5.100334,-3.593888,59.766648,-27.427608,1.416192,-10.704104,3.121047,29.793804,15.342514,22.576289,-5.645659,9.693469,28.321806,-29.107729,15.276247,22.747520,-33.130000,-4.283423,-22.752817,0.649161,-23.013226,23.417493
369.000000,-63.386184,56.854725,61.584854,25.103768,37.125870,-40.700628,-84.488299,26.945429,4.669397,77.117296,-39.436594,-0.837491,-89.954377,5.099988,-3.888719,59.708216,-27.535786,1.399841,-10.624617,3.064685,29.793804,15.295008,22.492639,-5.661163,9.790391,28.783042,-28.895197,15.924272,22.874261,-33.289280,-4.494227,-22.840287,1.009848,-22.717708,23.357717
370.000000,-63.405895,56.788719,61.549062,25.020390,37.148808,-40.874622,-84.586866,27.299916,4.520459,77.215487,-39.527083,-1.078415,-89.954377,5.394454,-4.038414,59.711768,-27.468458,1.318867,-10.484751,2.927049,29.793804,15.320589,22.191208,-5.321406,9.835813,28.685360,-29.154075,15.386698,22.790861,-33.398802,-4.284555,-22.960637,1.397355,-22.622155,23.543319
371.000000,-63.367867,56.795716,61.527175,24.883051,37.149655,-40.694930,-84.564531,27.179937,4.406292,77.322570,-39.663803,-0.964855,-89.954377,5.345846,-3.993776,59.904099,-27.458450,1.178153,-10.512193,2.933364,29.793804,15.180222,22.148222,-5.474148,10.034431,28.503110,-28.933166,15.566322,22.831268,-33.288641,-4.218185,-22.906549,1.750279,-22.298766,23.712378
372.000000,-63.297105,56.717223,61.527503,25.073197,36.969890,-41.051156,-84.238711,27.447715,4.610238,77.324333,-39.893636,-0.888522,-89.954377,5.683102,-3.748886,60.057765,-27.566350,1.161302,-10.225876,2.548964,29.793804,15.088731,22.418870,-5.634677,10.004086,28.178038,-29.125904,15.467505,22.678349,-33.149719,-4.075359,-22.854846,1.716429,-22.194010,23.769186
373.000000,-63.288468,56.719929,61.475456,24.913722,36.945539,-40.883686,-84.256592,27.506266,4.615336,77.527544,-40.128273,-0.785157,-89.954377,5.560927,-3.861636,60.331942,-27.871656,0.977165,-10.198686,2.479280,29.793804,15.084608,22.646653,-5.751225,9.957498,27.903304,-29.249739,15.317732,22.632237,-33.088476,-4.044667,-22.750674,1.538280,-22.219492,23.883423
374.000000,-63.296843,56.693453,61.469036,24.937434,36.848877,-41.035598,-84.153859,27.569070,4.519828,77.579003,-40.270129,-0.830348,-89.954377,5.738897,-3.823798,60.375157,-27.767251,0.962348,-10.031308,2.179329,29.793804,15.010237,22.647201,-5.593002,9.854957,28.090734,-29.393265,15.234324,22.494217,-33.084036,-3.753838,-22.613383,1.586867,-22.303628,23.873984
375.000000,-63.280499,56.739199,61.420929,24.681858,36.920341,-40.641640,-84.322073,27.251341,4.267543,77.752941,-40.255663,-0.755212,-89.954377,5.411684,-4.015979,60.666130,-28.112500,0.979189,-10.243469,2.314993,29.793804,14.776599,22.482901,-5.620510,10.037309,27.739481,-29.039536,14.890067,22.425335,-33.151208,-3.695219,-22.494723,1.829681,-22.356352,23.938367
376.000000,-63.254285,56.699324,61.433983,24.807465,36.758747,-40.885526,-84.088692,27.447351,4.437109,77.832990,-40.238471,-0.656593,-89.954377,5.661513,-3.810554,60.741869,-28.070910,0.948395,-10.033811,1.922781,29.793804,14.591574,22.442852,-5.422031,10.118393,27.684975,-29.110888,14.751527,22.132803,-33.078538,-3.359227,-22.331025,1.586655,-22.144990,23.660713
377.000000,-63.261902,56.689888,61.428607,24.818694,36.767670,-40.934573,-84.120145,27.408012,4.306914,77.870297,-40.314894,-0.658741,-89.954377,5.729724,-3.805410,60.714883,-28.097860,0.976493,-9.990087,1.836663,29.793804,14.426150,22.398634,-5.247909,10.165997,27.805362,-29.377272,14.517774,21.931398,-33.056972,-3.063270,-22.214251,1.678055,-22.247331,23.796237
378.000000,-63.288093,56.702614,61.436176,24.693109,36.864528,-40.715327,-84.244639,27.283718,4.208137,77.745578,-40.396659,-0.636828,-89.954377,5.483320,-4.013956,60.708565,-27.981793,0.815214,-10.045991,1.950643,29.793804,14.219345,22.430478,-5.328523,10.348800,27.495592,-29.347468,14.194071,21.898012,-33.064007,-3.016358,-22.134657,1.874836,-22.134939,23.828623
379.000000,-63.293457,56.678778,61.455631,24.690332,36.903284,-40.761222,-84.267561,27.270534,4.089374,77.733591,-40.200574,-0.719210,-89.954377,5.625027,-3.979615,60.636773,-28.019953,0.791075,-9.868753,1.920796,29.793804,13.936714,22.441580,-5.323472,10.478747,27.245508,-29.492190,13.790903,21.779371,-32.969518,-2.961636,-22.063222,1.970051,-22.153454,23.959055
380.000000,-63.296807,56.710911,61.447984,24.510811,37.006575,-40.443821,-84.436738,27.030853,3.913650,77.741623,-40.051608,-0.593249,-89.954377,5.298577,-4.207276,60.723319,-28.065041,0.762880,-10.040224,2.101448,29.793804,13.855581,22.380384,-5.363833,10.465374,27.290834,-29.479930,13.755121,21.800292,-32.995302,-3.193507,-21.993534,1.620221,-22.302145,23.528745
381.000000,-63.298774,56.727362,61.461604,24.512408,36.925152,-40.418780,-84.292314,27.100652,4.150020,77.674824,-40.176672,-0.440986,-89.954377,5.345334,-4.061449,60.800281,-28.081595,0.856913,-10.052246,1.989030,29.793804,13.612294,22.428362,-5.375365,10.601297,26.999757,-29.511639,13.302929,21.553972,-32.998905,-3.065275,-21.953980,1.630327,-22.134302,23.734209
382.000000,-63.295329,56.721944,61.462736,24.547199,36.853582,-40.491594,-84.175217,27.121655,4.187255,77.616753,-40.355698,-0.465523,-89.954377,5.386873,-4.036281,60.870263,-28.186883,0.814145,-9.980414,1.829532,29.793804,13.448347,22.477403,-5.323420,10.720742,26.698245,-29.460518,12.999908,21.348859,-32.826982,-2.942438,-21.766478,1.567795,-22.033734,23.388238
383.000000,-63.321620,56.770247,61.431164,24.372053,36.880842,-40.283715,-84.299472,27.062690,4.094125,77.726918,-40.337632,-0.512334,-89.954377,5.255841,-4.135596,60.984546,-28.257954,0.737445,-10.122408,1.951693,29.793804,13.419513,22.464813,-5.214999,10.802519,26.493619,-29.522837,12.527036,21.307805,-32.810648,-2.977886,-21.715016,1.523197,-21.959278,23.341823
384.000000,-63.295287,56.785655,61.425573,24.330386,36.889978,-40.246020,-84.324238,26.940563,3.957068,77.766908,-40.384907,-0.515864,-89.954377,5.214496,-4.160521,61.068844,-28.257505,0.629413,-10.185168,2.028941,29.793804,13.378962,22.420128,-5.223090,10.808846,26.035740,-29.532464,11.988678,21.252726,-32.818625,-2.967834,-21.775232,1.509898,-21.811132,23.176761
385.000000,-63.259912,56.801772,61.424261,24.258510,36.889039,-40.182073,-84.305168,26.941126,3.968614,77.858057,-40.416862,-0.444025,-89.954377,5.166326,-4.166167,61.191255,-28.296176,0.698494,-10.182671,2.100953,29.793804,13.181491,22.293553,-5.299902,10.958736,25.602255,-29.480609,11.300274,21.061223,-32.705838,-2.754320,-21.506946,1.508447,-21.863461,23.125890
386.000000,-63.251382,56.835365,61.418456,24.228730,36.740348,-40.097089,-84.151783,26.848441,4.079122,77.922001,-40.357047,-0.315866,-89.954377,5.074147,-4.054946,61.435373,-28.417122,0.601470,-10.161534,2.041867,29.793804,12.940907,22.368320,-5.286507,11.121636,25.514445,-29.365367,11.204337,20.950862,-32.654697,-2.646212,-21.377109,1.675248,-21.745963,23.025427
387.000000,-63.259643,56.856632,61.417669,24.237270,36.573892,-40.139706,-83.925779,26.865948,4.210331,77.960107,-40.442100,-0.307619,-89.954377,5.097647,-3.948547,61.622062,-28.445492,0.564051,-9.979104,1.906919,29.793804,12.567493,22.704765,-5.253029,11.489498,25.405676,-29.407335,11.120137,20.668122,-32.568186,-2.575733,-21.074153,2.120205,-21.668738,23.232960
388.000000,-63.272786,56.924039,61.391491,24.210650,36.391650,-40.071686,-83.787761,26.796943,4.371452,78.067430,-40.503773,-0.084628,-89.954377,5.009551,-3.815010,61.858742,-28.515446,0.476242,-9.783867,1.902634,29.793804,12.221304,23.140053,-5.324614,11.909336,24.964903,-29.685477,10.507157,21.014382,-32.532382,-2.921854,-21.041822,2.460995,-21.556625,23.412055
389.000000,-63.259977,56.953013,61.387628,24.266285,36.263889,-40.147655,-83.636220,26.726361,4.440151,78.121504,-40.545031,0.091049,-89.954377,5.037443,-3.678161,61.975115,-28.618962,0.460382,-9.980448,1.774119,29.793804,12.283635,23.393895,-5.059006,12.207099,24.571034,-30.001941,9.882958,20.923310,-32.602781,-2.602239,-20.783475,2.613814,-21.329690,23.734206
390.000000,-63.138074,56.940776,61.373430,24.356946,36.022844,-40.386853,-83.237596,26.922693,4.714158,78.289445,-40.837701,0.275681,-89.954377,5.134118,-3.516482,62.361157,-28.883180,0.333702,-9.910140,1.650619,29.793804,11.903397,23.341506,-5.401851,12.845747,24.449658,-30.256205,9.316776,20.437109,-33.011588,-1.965988,-20.376498,2.463752,-21.611499,23.491631
391.000000,-63.127965,56.942695,61.365986,24.301839,35.801232,-40.495510,-82.999660,27.064604,4.788608,78.420312,-41.049184,0.259081,-89.954377,5.314093,-3.387674,62.644883,-28.902492,0.313919,-9.881804,1.486723,29.609194,11.531947,23.379454,-5.228755,13.387465,23.983178,-30.184180,8.542599,19.851590,-33.308579,-1.784384,-20.181370,3.386084,-21.305025,23.690366
392.000000,-63.059676,56.926447,61.377883,24.198678,35.906333,-40.415677,-83.075215,27.069674,4.673753,78.487213,-41.071621,0.479544,-89.954377,5.292239,-3.488867,62.705467,-28.886601,0.085676,-9.756112,1.750666,28.989973,11.369434,23.129988,-4.883629,13.951923,23.582256,-30.124648,7.180837,20.171499,-33.221948,-1.738180,-20.178768,3.624655,-21.126895,23.572293
393.000000,-63.034797,56.931847,61.390322,24.162835,36.003362,-40.311194,-83.131079,26.990637,4.663011,78.371196,-41.105356,0.465209,-89.954377,5.197163,-3.545335,62.688870,-29.046329,0.139777,-9.609481,1.954737,28.501871,11.217487,22.816250,-4.507457,14.201715,23.697148,-30.010352,6.636124,20.682077,-32.954522,-1.836602,-20.356322,3.136780,-20.757220,23.591989
394.000000,-63.035083,56.922966,61.410797,24.195467,36.034304,-40.348439,-83.157587,26.950649,4.592923,78.310994,-41.126956,0.514078,-89.954377,5.240022,-3.508814,62.625089,-29.095520,0.190711,-9.472438,1.977810,27.939287,11.175990,22.367048,-4.289205,14.646108,23.911942,-29.983113,6.614514,20.840441,-32.712020,-1.834439,-20.100974,2.650322,-20.883882,23.227896
395.000000,-62.961739,56.930512,61.432046,24.311120,36.069142,-40.419956,-83.064157,26.904182,4.707877,78.214170,-41.304404,0.591959,-89.954377,5.217511,-3.412342,62.588527,-29.245746,0.205366,-9.422598,2.016970,27.408159,11.225675,21.926574,-4.368930,14.923074,24.412838,-29.886336,6.774471,20.901950,-32.437904,-1.717742,-19.711902,2.447795,-21.078123,22.979401
396.000000,-63.018930,56.932139,61.418420,24.159244,36.075957,-40.264173,-83.151829,26.968737,4.678436,78.260137,-41.079333,0.741103,-89.954377,5.243736,-3.401695,62.663058,-29.173876,-0.030625,-9.551314,1.942269,27.259044,11.148817,21.998134,-4.282931,15.251860,24.552893,-29.964289,6.568562,20.477397,-32.438515,-1.238270,-19.262513,2.795535,-21.190752,22.849553
397.000000,-62.994802,56.919748,61.376077,24.060795,36.079201,-40.204802,-83.202796,26.841675,4.386850,78.417354,-41.310610,0.556115,-89.954377,5.187839,-3.553948,62.790858,-29.282445,0.070135,-9.622859,2.005277,26.964783,11.348548,22.168460,-4.483010,15.382640,24.292316,-29.952343,6.639860,20.417594,-32.662716,-1.183338,-19.117501,2.646176,-21.109051,22.948647
398.000000,-63.006377,56.914800,61.337578,23.925782,36.063768,-40.085788,-83.240759,26.905047,4.340422,78.562188,-41.315015,0.626232,-89.954377,5.149068,-3.670161,62.950903,-29.260349,0.071825,-9.676464,2.136210,26.930048,11.191167,22.253513,-4.593283,15.376026,23.785022,-30.009891,5.990224,20.445987,-32.742950,-1.217846,-19.273267,2.963007,-20.905679,23.226755
399.000000,-63.033885,56.948775,61.288077,23.680364,36.104117,-39.835816,-83.438315,26.747905,4.034807,78.722971,-41.234730,0.741732,-89.954377,5.007254,-3.840540,63.107731,-29.379048,0.080843,-9.834023,2.373945,27.032190,10.992587,22.007138,-4.408030,15.427068,23.675500,-30.014368,5.691338,20.447421,-32.760343,-1.217438,-19.109052,2.995626,-20.926656,23.052923
400.000000,-63.018543,56.929004,61.280483,23.639081,36.180185,-39.702636,-83.507723,26.617693,3.927448,78.741344,-41.177947,0.611327,-89.954377,4.884831,-3.932834,63.145645,-29.424769,0.139893,-9.549710,2.498599,26.564042,10.798205,21.822547,-4.734305,15.817253,24.096590,-29.908394,5.703109,20.884997,-32.557425,-1.560056,-18.787876,2.441897,-21.258462,23.189624
401.000000,-62.998742,56.861597,61.316866,23.880342,36.090981,-40.058330,-83.292545,26.855365,4.140971,78.630859,-41.195046,0.574668,-89.954377,5.100160,-3.863628,63.044941,-29.201330,0.252363,-9.121888,2.247161,25.696649,10.872316,22.027341,-5.045126,16.118522,23.953494,-29.830264,6.011699,20.976938,-32.225816,-1.293893,-18.304094,2.339120,-21.513752,22.682751
402.000000,-63.024980,56.755000,61.334914,24.033689,36.096736,-40.443248,-83.269172,27.296873,4.168190,78.646883,-41.042552,0.508278,-89.954377,5.484246,-3.898129,62.833273,-28.814738,0.257706,-8.914661,2.245555,24.046383,11.202963,22.204067,-5.629042,17.000879,23.612177,-29.624125,5.984577,20.881488,-32.452066,-0.909855,-17.600687,1.910800,-21.297571,21.783174
403.000000,-62.907839,56.720150,61.352330,24.127612,36.257939,-40.247133,-83.289813,27.002391,4.239495,78.469250,-40.975223,0.633559,-89.954377,5.140544,-3.952376,62.844878,-28.992415,0.524186,-8.857620,2.749106,21.370366,11.279192,22.564631,-7.194762,18.484536,23.327743,-29.287346,6.129086,21.265065,-32.323344,-0.110581,-16.086441,1.807972,-21.010833,21.058114
404.000000,-62.737995,56.607264,61.475623,24.348842,36.660924,-40.163005,-83.419593,26.706127,4.195751,78.002803,-40.698444,0.580707,-89.954377,4.851775,-4.132182,62.466082,-28.978150,0.642281,-8.629431,3.310992,18.487883,10.902999,22.753488,-8.277093,20.438825,22.030943,-29.168893,4.472078,21.678607,-32.218822,0.381549,-14.404661,1.320635,-20.554889,20.608188
405.000000,-62.568879,56.425363,61.678100,24.927511,36.785030,-40.590131,-83.095344,26.756274,4.652128,77.433752,-40.466975,0.805337,-89.954377,4.979761,-3.930068,62.055028,-29.010713,0.683682,-8.182849,3.204865,16.088313,10.350750,22.794612,-9.202585,22.088880,21.398180,-28.944706,3.893333,21.696028,-32.143051,0.999466,-13.039039,0.675262,-20.069519,19.762787
406.000000,-62.573129,56.191307,61.807448,25.300469,36.904741,-41.223110,-82.954778,27.404729,4.949037,76.912137,-40.236166,0.653935,-89.954377,5.511974,-4.027219,61.500410,-28.473146,0.706155,-7.637209,3.228846,13.811644,9.853800,22.855321,-10.164863,23.791647,21.267172,-28.514197,4.437500,21.475267,-32.460119,1.716563,-11.965966,0.146243,-18.903160,18.134314
407.000000,-62.193173,56.139135,61.900783,25.635023,36.997050,-41.000116,-82.513760,26.812090,5.445910,76.562514,-40.581859,1.627215,-89.954336,4.964251,-3.644130,61.858476,-29.247020,0.461327,-8.213496,3.299294,10.441269,9.966272,22.860862,-11.354862,25.935446,20.775398,-28.093463,3.282397,21.285053,-32.023103,3.404435,-10.258446,1.212022,-19.453393,18.684087
408.000000,-62.004131,56.042552,61.940938,25.499306,37.485376,-40.333006,-82.843747,26.249698,5.196895,76.309025,-40.266772,1.742378,-89.951392,4.323763,-3.974998,61.864636,-29.511550,0.644519,-8.493342,4.472404,7.609649,9.916661,22.437591,-12.679648,27.883455,20.151776,-27.792596,3.186417,21.772404,-31.978857,3.356496,-9.136350,1.657763,-18.891516,18.284381
409.000000,-61.782181,55.856091,62.025738,25.684268,37.610765,-40.329207,-82.555028,26.153344,5.323201,76.009145,-40.203730,1.737084,-89.921005,4.286405,-3.888427,61.987279,-29.893904,0.527098,-8.184867,4.822187,4.886862,9.632187,22.489622,-14.392412,29.876388,19.817919,-27.178697,2.183990,22.077359,-31.816705,3.949825,-8.158636,1.377814,-17.776143,17.113749
410.000000,-61.632603,55.703557,62.110549,25.903103,37.708193,-40.472594,-82.348729,26.350416,5.642016,75.689732,-40.167789,1.820921,-89.874402,4.379270,-3.840715,61.896984,-29.950786,0.513896,-7.766772,5.014085,2.457538,9.276614,22.569153,-15.802121,31.729043,19.315280,-26.914950,1.637847,22.153925,-32.038471,4.448751,-6.946074,0.056578,-17.259097,15.821850
411.000000,-61.515778,55.584693,62.234855,25.603146,37.499563,-40.284385,-81.729600,26.295352,5.551817,75.487872,-40.165832,1.761053,-89.308576,4.434789,-3.875976,61.846516,-30.184843,0.336714,-7.394894,5.212737,1.151175,8.702643,22.116455,-16.816283,33.499056,18.536988,-26.715400,1.314770,22.274364,-31.808922,4.600787,-5.888575,-0.666773,-17.291070,15.043417
412.000000,-61.310172,55.351347,62.413943,24.087340,37.701759,-39.005811,-81.380611,26.330763,4.533453,75.169906,-39.961490,1.281947,-87.934007,4.251071,-4.809900,61.442770,-31.112803,-0.471989,-7.666711,6.432537,0.300129,8.554016,21.533495,-17.803925,35.040206,18.473024,-26.698813,1.232876,22.363808,-31.752962,5.178731,-4.977547,-0.034598,-17.289820,14.922920
413.000000,-61.195636,55.277234,62.557238,23.545418,37.195875,-38.630012,-80.314986,26.320914,4.653210,74.913829,-40.253826,1.375377,-87.031179,4.307182,-4.703920,61.451007,-31.347805,-0.708946,-7.604798,6.232379,-0.201859,8.248959,21.649193,-18.505966,36.044824,18.449243,-26.566968,1.092853,22.066707,-31.751552,5.918015,-4.180125,-0.213029,-17.053017,14.470533
414.000000,-61.122322,55.198538,62.643290,23.176906,36.785823,-38.542656,-79.578206,26.550561,4.742354,74.897676,-40.390686,1.413760,-86.365727,4.530568,-4.626379,61.445809,-31.620883,-0.800213,-7.359894,6.215375,-0.686176,8.183657,21.323207,-18.714008,36.818015,18.114758,-26.424634,1.257286,21.882712,-31.750025,6.533385,-3.635038,0.108225,-16.787657,14.109939
415.000000,-61.212599,55.221701,62.627542,23.295004,36.663962,-38.615820,-79.587871,26.454207,4.777563,74.991283,-40.278203,1.471584,-86.469116,4.554837,-4.485836,61.501352,-31.511846,-0.627020,-7.083780,5.977137,-0.983488,7.682992,21.220916,-18.963969,37.280334,18.153381,-26.135791,1.077042,21.483976,-31.519687,6.773962,-2.911804,0.068277,-16.584656,13.530613
416.000000,-61.200553,55.219418,62.671947,23.342804,36.363765,-38.742093,-79.111124,26.559010,5.113775,74.934005,-40.223479,1.483715,-86.251602,4.627615,-4.286696,61.522902,-31.483583,-0.612519,-6.813632,5.687533,-1.269394,7.402165,21.087430,-19.206132,37.778801,18.212875,-26.005175,1.027117,21.253232,-31.314519,7.155135,-2.151776,0.144057,-16.700559,13.347328
417.000000,-61.203825,55.216676,62.713373,23.326252,36.276435,-38.858287,-78.937446,26.677833,5.181764,74.864413,-40.344425,1.417734,-86.097287,4.761944,-4.249622,61.350856,-31.283229,-0.588515,-6.628858,5.656481,-1.519803,7.211085,20.888040,-19.256067,38.284570,17.931074,-25.872550,1.178941,21.012013,-31.387253,7.434050,-1.705954,0.206176,-16.697369,13.152982
418.000000,-61.180472,55.252081,62.728137,23.567251,36.024305,-39.252542,-78.569462,26.956334,5.696259,74.867165,-40.426766,1.679726,-86.072084,4.945337,-3.955455,61.372487,-31.347782,-0.434003,-6.350140,5.277500,-1.818399,7.151410,20.874330,-19.264912,38.544308,17.943301,-25.861739,0.951075,20.835564,-31.267838,7.784652,-1.244252,0.274202,-16.606586,13.119312
419.000000,-61.259079,55.309534,62.720007,23.478791,36.094536,-39.095149,-78.796320,26.751057,5.493519,74.832399,-40.438938,1.588378,-86.139204,4.852118,-4.026398,61.307682,-31.259440,-0.272962,-6.510044,5.380915,-1.625548,6.782427,20.861501,-19.157205,38.599414,18.080103,-25.971526,1.194003,20.491373,-30.988063,7.625039,-1.131772,0.873134,-16.461900,13.543684
420.000000,-61.157906,55.325526,62.750924,23.656230,35.819017,-39.400552,-78.318945,26.832333,5.848680,74.875437,-40.628400,1.727804,-85.990798,4.993729,-3.710178,61.407840,-31.301159,-0.191220,-6.503391,5.125614,-1.820878,6.870564,20.733512,-19.041406,38.898836,18.035278,-25.849614,1.035209,20.382097,-31.122573,7.919987,-0.991639,0.094883,-16.489292,13.207428
421.000000,-61.075658,55.266440,62.809455,23.092214,35.816545,-39.061706,-78.127897,26.869723,5.361570,74.871646,-40.731714,1.553922,-85.429520,5.023392,-4.047659,61.227373,-31.524813,-0.386297,-6.677146,5.549609,-1.741991,6.828217,20.676292,-19.052376,39.225633,18.259923,-26.081118,0.716183,20.387454,-31.124909,8.095436,-0.929518,0.118314,-16.951894,13.200333
422.000000,-60.953516,55.214542,62.847137,23.073195,35.433346,-39.404380,-77.426328,27.250834,5.707487,74.930870,-41.030128,1.637593,-85.046572,5.394655,-3.804084,61.266933,-31.481786,-0.475584,-6.515957,5.330992,-1.803283,6.949985,20.626101,-19.128901,39.546379,18.124520,-25.967339,0.753269,20.386378,-31.058673,8.534478,-0.666720,0.073020,-17.032863,13.067047
423.000000,-60.974377,55.258900,62.812090,23.224878,35.450152,-39.626114,-77.552372,27.408301,5.843254,75.080704,-40.952558,1.603720,-85.241553,5.512397,-3.706711,61.319355,-31.462655,-0.409017,-6.407984,5.263382,-1.819741,6.721586,20.638120,-19.075496,39.629987,17.647242,-25.840018,0.265752,20.266295,-30.977882,8.495925,-0.552486,0.258225,-16.746026,13.088067
424.000000,-61.034733,55.309802,62.779993,22.988548,35.929535,-39.056388,-78.339599,26.954640,5.241883,75.088593,-40.636726,1.405933,-85.470091,4.999115,-4.210493,61.246668,-31.544525,-0.557139,-6.827176,5.911674,-1.643513,6.412084,20.540585,-18.981046,39.653008,17.857388,-25.813855,0.544340,20.200353,-31.179052,8.003358,-0.670906,0.066269,-16.882512,13.275266
425.000000,-61.024314,55.351448,62.777889,22.816500,36.187929,-38.635925,-78.725075,26.594897,4.919706,75.093156,-40.406689,1.444448,-85.527103,4.685745,-4.391171,61.226123,-31.640329,-0.565574,-7.213526,6.300673,-1.351407,6.281048,20.335007,-18.793916,39.569963,17.989526,-25.805264,0.770993,20.113270,-31.165269,7.874675,-0.851195,0.210547,-16.727499,13.490968
426.000000,-60.972315,55.399483,62.815648,22.636861,35.860135,-38.591105,-78.232276,26.596943,5.098377,75.078081,-40.742608,1.473071,-85.201398,4.705116,-4.232432,61.361641,-31.794650,-0.611674,-7.374116,6.181516,-0.342268,5.966131,20.248784,-18.437542,39.443403,18.000803,-25.886678,0.927707,19.613819,-31.163462,7.829286,-1.000314,0.202030,-16.700260,13.758269
427.000000,-60.963845,55.431992,62.815744,22.139112,35.345052,-38.483603,-77.537728,26.883401,5.158720,75.302644,-41.043782,1.282693,-84.609132,4.918868,-4.179992,61.567557,-31.921114,-0.559153,-7.756441,5.998383,1.486399,5.472466,19.942296,-17.319166,39.242828,17.871067,-25.992968,0.988236,18.472967,-31.077228,8.004175,-1.247934,0.287919,-17.153916,14.701733
428.000000,-61.034244,55.484772,62.805134,21.734159,34.762181,-38.480234,-76.864121,27.131103,5.229522,75.505467,-41.462855,1.005743,-84.136408,5.150686,-4.097494,61.820657,-31.988542,-0.444954,-8.033855,5.790994,3.220446,4.632271,19.864553,-16.033820,39.197670,17.706866,-26.371323,0.677690,17.350012,-30.595453,7.787503,-1.326833,1.068663,-17.541109,15.479970
429.000000,-61.077321,55.514967,62.816489,21.461057,34.599718,-38.280152,-76.714294,27.041909,5.026908,75.630029,-41.196648,0.851793,-83.881943,5.141030,-4.174896,61.807864,-31.919738,-0.492653,-7.850098,5.697089,4.123473,3.797784,20.101865,-14.784646,39.259398,18.460741,-26.765582,-0.072562,17.249708,-29.963336,6.338516,-0.920123,0.153110,-17.766709,15.734720
430.000000,-61.135203,55.568945,62.812752,21.598833,34.498729,-38.432498,-76.676120,27.016000,5.175471,75.614429,-41.293087,0.848205,-83.982230,5.161970,-4.077575,61.831462,-31.748232,-0.386883,-7.643085,5.360898,4.800479,3.407340,20.057385,-13.783305,39.036051,18.509268,-26.837311,-0.227879,16.979439,-29.678893,5.948267,-0.949531,-0.688409,-17.818864,15.652335
431.000000,-61.149704,55.564719,62.838650,21.789897,34.533122,-38.702983,-76.642837,27.184704,5.345615,75.495495,-41.172165,0.671399,-84.044002,5.360028,-3.954869,61.589325,-31.436571,-0.323489,-7.541452,5.245628,5.232362,3.396346,20.053715,-13.687550,38.777125,18.674246,-27.032890,0.288697,16.824936,-29.815220,6.028007,-1.067034,-0.893548,-18.060818,15.761751
432.000000,-61.238807,55.601114,62.819219,22.186460,34.743454,-39.011036,-77.049438,27.178728,5.429482,75.420117,-41.075702,0.580317,-84.494194,5.423400,-3.849640,61.367207,-30.993886,-0.176312,-7.515232,5.101502,5.520092,3.290196,20.258280,-13.731775,38.484978,18.964568,-27.112709,0.695584,16.626306,-29.953853,6.001716,-1.076306,-0.554928,-18.285683,15.612728
433.000000,-61.187476,55.552059,62.856674,22.322004,34.826517,-39.256278,-77.007166,27.409930,5.562425,75.276369,-41.174385,0.601271,-84.456703,5.585179,-3.839547,61.119688,-31.032797,-0.091103,-7.485483,5.064968,5.714358,3.471213,20.215598,-13.401334,38.392230,19.012262,-27.228112,0.575070,16.721270,-29.883690,6.114421,-1.062389,0.145086,-18.402104,15.845873
434.000000,-61.179674,55.543083,62.876940,22.261126,34.962189,-39.184125,-77.146994,27.342719,5.381475,75.232450,-41.005775,0.447631,-84.424915,5.546172,-3.992449,60.962409,-31.082623,-0.040236,-7.645207,5.275698,6.063492,3.506379,20.044809,-13.344997,38.215991,18.979431,-27.293356,0.722837,16.775769,-29.944407,5.904187,-1.333262,0.332333,-18.364354,16.035583
435.000000,-61.126417,55.476332,62.891656,22.241421,34.953702,-39.226179,-77.019522,27.386301,5.314886,75.210403,-41.106964,0.476498,-84.323808,5.689833,-3.949696,60.920062,-31.168035,0.018718,-7.468468,5.293623,6.185826,3.492706,20.003998,-13.552767,38.176465,19.032107,-27.156026,0.751379,17.046359,-29.850502,5.607991,-1.534872,0.158626,-18.353625,16.053448
436.000000,-61.126620,55.470550,62.876165,22.276074,35.049279,-39.181980,-77.194135,27.313346,5.231865,75.208388,-40.992736,0.433533,-84.446342,5.601807,-4.039826,60.976377,-30.940187,-0.045694,-7.618104,5.425164,6.262533,3.591625,19.846136,-13.360332,38.026720,19.138301,-27.268885,1.139423,17.058416,-30.046361,5.563345,-1.779004,0.074244,-18.376800,16.062867
437.000000,-61.184752,55.461097,62.826836,22.470772,35.238002,-39.184953,-77.575718,27.233535,5.208640,75.241302,-40.964411,0.631380,-84.833695,5.522657,-4.045800,61.105126,-30.991679,-0.055425,-7.710486,5.478245,6.330158,3.369146,19.795772,-13.401505,37.975602,18.663828,-27.060895,0.904829,16.770425,-29.875657,5.607968,-2.083749,0.938615,-17.883385,15.998456
438.000000,-61.110365,55.385023,62.845302,22.498534,35.229335,-39.187547,-77.402736,27.279518,5.289147,75.155508,-40.917273,0.571246,-84.743626,5.541229,-4.026325,61.108842,-31.097407,-0.164925,-7.658686,5.471972,6.258636,3.386879,19.785200,-13.421799,37.951622,18.870337,-27.327387,1.302798,16.686639,-29.618791,5.744288,-2.059923,1.266063,-18.224919,16.035927
439.000000,-61.048204,55.335331,62.859040,22.616008,35.021134,-39.363414,-77.027581,27.365214,5.551962,75.118127,-41.098102,0.547068,-84.626911,5.622853,-3.872729,61.211103,-31.157571,-0.043115,-7.468700,5.203673,6.197493,3.519596,19.875007,-13.415646,37.923847,18.758432,-27.436644,1.007353,16.825360,-29.618586,5.829704,-2.066704,0.978046,-18.496629,16.155409
440.000000,-61.023188,55.258882,62.881017,22.522729,35.193985,-39.158365,-77.140990,27.252989,5.329660,74.977193,-40.925985,0.436335,-84.573957,5.518605,-4.062573,61.131074,-31.299909,-0.152291,-7.576528,5.450018,6.061111,3.666058,19.851448,-13.549937,37.868713,18.842317,-27.474216,1.142807,16.959454,-29.684282,5.855429,-2.034125,1.230605,-18.609658,16.342090
441.000000,-61.061227,55.236846,62.894082,22.668257,35.189028,-39.153915,-77.150661,27.141942,5.420917,74.862732,-40.836605,0.551140,-84.674695,5.481510,-3.935925,61.131115,-31.098469,-0.169540,-7.541580,5.212664,6.117042,3.421062,19.984964,-13.679430,37.971235,18.920386,-27.306661,0.807698,16.917661,-29.970747,5.850234,-1.879448,0.664070,-18.339891,16.605670
442.000000,-61.045367,55.171889,62.916756,22.659030,35.141042,-39.209546,-76.980460,27.228995,5.439148,74.762984,-40.987125,0.537093,-84.555638,5.571113,-3.957355,61.066700,-31.275037,-0.179878,-7.379625,5.149262,6.072973,3.475734,19.999842,-13.640310,37.894644,19.036751,-27.518477,0.635757,17.003245,-30.088445,5.916208,-1.958809,0.841197,-18.284744,16.702418
443.000000,-61.064875,55.116636,62.934244,22.352329,35.289504,-38.893274,-77.126271,27.218919,5.090901,74.701335,-40.722838,0.308606,-84.390266,5.514743,-4.260935,60.925199,-31.394005,-0.347925,-7.497732,5.451068,6.219614,3.513271,19.997165,-13.646761,37.701790,18.911407,-27.524209,0.493644,17.011324,-30.093165,5.847091,-2.097651,0.859108,-18.192936,16.574526
444.000000,-61.064798,55.094975,62.967283,22.280484,35.233422,-38.763659,-76.997105,27.117234,5.080399,74.593261,-40.692580,0.385672,-84.249154,5.383478,-4.347943,60.901074,-31.397499,-0.321604,-7.625467,5.473342,6.256260,3.518112,19.980332,-13.738456,37.763894,18.780836,-27.387510,0.508730,16.917224,-30.101542,6.114694,-1.965116,0.611903,-18.083477,16.145543
445.000000,-61.063898,55.026954,62.959301,22.552128,34.952152,-39.254439,-76.549243,27.438994,5.457905,74.574731,-41.041886,0.584856,-84.282192,5.758684,-4.054013,61.047500,-31.170186,-0.262667,-7.106369,4.866474,5.970427,3.558323,20.184312,-13.969879,37.898718,18.573600,-27.285245,0.160805,17.009135,-29.828891,6.354639,-1.693802,0.463892,-18.101777,15.813838
446.000000,-61.032426,55.082643,62.980866,23.141410,34.838562,-39.444553,-76.389526,27.123269,6.132951,74.405888,-40.784890,0.866159,-84.594126,5.459828,-3.622331,61.216752,-31.069725,-0.141879,-7.111047,4.384235,5.202401,3.720968,20.079392,-14.291872,38.189538,18.582665,-27.025477,0.403816,16.993424,-29.552722,6.771410,-1.359725,0.360407,-17.983475,15.443292
447.000000,-61.028856,54.946995,62.969059,22.906221,35.249350,-39.202555,-76.867878,27.147234,5.493458,74.349669,-40.834856,0.901108,-84.615840,5.522743,-4.050628,61.028901,-31.045853,-0.381136,-7.206286,4.906738,4.338479,3.955037,20.092501,-14.760348,38.586911,18.491282,-26.776794,0.249071,17.086304,-29.629190,7.178362,-0.959742,0.102274,-17.902546,14.833579
448.000000,-60.896248,54.865903,63.065356,22.899358,35.232612,-39.070831,-76.532577,27.010430,5.597176,74.094527,-40.705663,1.042675,-84.331478,5.318949,-4.123577,60.913758,-31.026711,-0.654889,-7.177985,5.053399,3.331200,4.085613,20.093617,-15.311558,39.210712,18.606434,-26.502235,-0.082005,17.382792,-29.504693,7.405606,-0.607152,0.339639,-17.634507,14.746226
449.000000,-60.802370,54.786325,63.165182,23.039758,35.225699,-38.987094,-76.253461,26.817389,5.824333,73.717658,-40.510637,1.149210,-84.180914,5.210871,-3.950908,60.793096,-31.412508,-0.593078,-7.011281,5.062719,2.137929,3.952905,20.089671,-16.238563,40.241887,18.533317,-26.239693,-0.333765,17.730860,-29.392333,7.666904,0.081150,0.230237,-17.445915,14.361846
450.000000,-60.666841,54.669803,63.267529,22.840312,35.307478,-38.688869,-76.041309,26.672112,5.700095,73.410921,-40.377329,1.061278,-83.797672,5.038940,-4.171518,60.600573,-31.706729,-0.885172,-6.969815,5.426040,0.827854,3.911561,19.848091,-17.157471,41.434598,18.435671,-25.771603,-0.559419,17.981414,-29.370729,8.085388,0.847924,0.039464,-17.299548,13.717609
451.000000,-60.517609,54.581577,63.358086,22.713124,35.126700,-38.636954,-75.529878,26.741012,5.860446,73.273976,-40.364936,0.928104,-83.366079,5.113052,-4.073976,60.542483,-31.913967,-0.831027,-6.968060,5.490987,-0.066982,3.659776,19.517986,-17.596212,42.553393,18.644186,-25.758971,-0.506195,17.723378,-29.340549,8.559997,1.744321,0.064673,-16.984343,13.936409
452.000000,-60.414779,54.506475,63.432300,22.340950,34.816385,-38.395569,-74.899533,26.775303,5.888560,73.212408,-40.549662,0.996368,-82.750822,5.132047,-4.088178,60.582084,-32.174685,-0.896646,-6.901626,5.620715,-0.750583,3.258883,19.319967,-18.198880,43.566874,18.296695,-25.511376,-1.041689,17.513775,-29.258577,8.977785,2.572855,0.115046,-16.892175,13.775540
453.000000,-60.382831,54.433560,63.461620,21.851769,34.625663,-38.083597,-74.574628,26.826818,5.579670,73.279590,-40.681232,0.976433,-82.258564,5.119713,-4.367345,60.705499,-32.387773,-0.945860,-6.819725,5.986631,-1.323193,2.869931,19.024362,-18.709304,44.533018,18.062109,-25.126301,-1.436337,17.181536,-29.207764,9.315348,3.226851,0.281893,-16.530859,13.381836
454.000000,-60.341734,54.411501,63.548559,21.604026,34.096855,-38.040953,-73.724099,26.958717,5.902756,73.286017,-40.634295,0.959685,-81.648860,5.286603,-4.110243,60.744636,-32.354872,-1.020510,-6.683149,5.826623,-1.580194,2.660494,18.940280,-19.144306,45.032544,18.138991,-24.895256,-0.907795,16.841858,-28.908584,9.529015,3.788492,0.146490,-16.011632,13.212291
455.000000,-60.416925,54.363668,63.545990,21.106051,33.805209,-37.841907,-73.385123,27.192344,5.663895,73.356122,-40.917317,0.875908,-81.162489,5.476621,-4.278971,60.783349,-32.619508,-1.053219,-6.471052,5.828553,-1.670478,2.222997,19.057507,-19.674488,45.542537,18.105397,-24.754299,-1.566257,16.424085,-28.658798,10.047471,4.399768,0.448098,-15.759079,12.628609
456.000000,-60.422683,54.323483,63.578123,20.667346,33.526064,-37.549813,-72.952240,27.246565,5.528519,73.374147,-40.859021,0.710766,-80.643524,5.489160,-4.403429,60.813272,-32.793326,-1.250884,-6.534152,5.973622,-1.785824,2.189340,18.828745,-19.722733,45.778475,18.190838,-24.778883,-1.977995,16.221732,-28.618300,10.282468,4.985210,0.382847,-15.956200,12.595960
457.000000,-60.444546,54.320437,63.613790,20.463735,33.180234,-37.430115,-72.447263,27.239332,5.627050,73.307321,-40.977068,0.704438,-80.252988,5.494227,-4.308629,60.879225,-32.798879,-1.147531,-6.421953,5.851720,-1.864725,2.013121,18.680501,-19.564693,46.156748,18.213307,-24.635531,-2.417128,16.059592,-28.481885,10.414543,5.479620,-0.068654,-16.030080,12.648396
458.000000,-60.432881,54.299241,63.690698,20.151216,32.907699,-37.189527,-71.941781,27.283274,5.715230,73.137269,-40.854240,0.298489,-79.741666,5.401909,-4.387636,60.830348,-33.133145,-1.269648,-6.408951,5.967036,-1.670023,1.762694,18.394369,-19.008113,46.640606,18.460610,-24.609694,-2.495428,15.873846,-28.418833,10.168921,5.876565,-0.201460,-16.097103,13.209167
459.000000,-60.365921,54.275286,63.788348,20.111157,32.689296,-37.215291,-71.404184,27.282158,5.947278,72.922856,-40.936438,-0.030158,-79.362919,5.423332,-4.251569,60.674852,-33.221815,-1.367968,-6.242298,6.048152,-1.708043,1.957391,17.903869,-18.302621,46.776824,18.776808,-24.878706,-2.714938,16.025079,-28.164195,9.769357,6.247208,-0.385891,-15.981534,13.482403
460.000000,-60.206765,54.172540,63.906139,20.142238,32.555634,-37.299995,-70.770787,27.459794,6.385178,72.491181,-41.096504,-0.359130,-78.948470,5.506137,-4.138880,60.438636,-33.332594,-1.377523,-6.181244,6.154291,-2.635918,2.224458,17.582150,-18.602121,47.591966,19.189275,-24.717685,-2.805324,15.943777,-28.285214,10.399818,7.116031,-0.728949,-15.974532,13.531181
461.000000,-60.001910,54.021162,64.021981,19.848237,32.260257,-37.293576,-69.870574,27.758039,6.604375,72.242822,-41.220441,-0.535384,-78.197224,5.723597,-4.142931,60.306616,-33.721908,-1.503461,-6.292253,6.459487,-3.733822,2.260990,17.229968,-18.895922,49.004784,19.241425,-24.310498,-3.865506,15.404392,-28.338291,11.509067,8.449536,-0.624987,-15.888671,13.848077
462.000000,-59.757060,53.840733,64.142406,19.469502,31.454304,-37.367670,-68.228966,28.172348,7.208662,72.053332,-41.626110,-0.640959,-77.040012,6.019948,-3.875543,60.434251,-34.146629,-1.589138,-6.211956,6.330475,-4.593887,1.984843,17.348733,-19.309452,50.170553,19.672254,-24.110711,-4.592025,14.906512,-28.048541,12.385600,9.959810,-0.875729,-15.811116,13.699123
463.000000,-59.482986,53.644198,64.222789,18.994377,30.964402,-37.129947,-67.109703,28.291861,7.253140,72.025533,-41.969617,-0.666336,-76.056950,6.101230,-3.871857,60.647394,-34.783807,-1.838436,-6.354979,6.605981,-5.683104,2.006537,17.171604,-19.772684,51.116381,19.709896,-23.716703,-5.311375,14.646719,-27.754853,13.110549,11.531742,-1.219822,-15.770961,13.106076
464.000000,-59.193301,53.423691,64.361030,18.103915,30.598574,-36.565669,-66.031708,28.474353,6.991566,71.779196,-42.086280,-1.075562,-74.663106,6.127341,-4.302038,60.424436,-35.406389,-2.106949,-6.580891,7.303660,-6.640019,2.227599,16.838139,-20.506437,51.943756,19.841256,-23.635967,-6.070242,14.593544,-27.622098,13.613937,12.910719,-1.095922,-15.639267,13.042636
465.000000,-58.991313,53.270262,64.460343,17.673327,30.211035,-36.660502,-65.116899,28.901368,7.033305,71.850797,-42.179458,-0.992282,-73.748797,6.565924,-4.285369,60.247746,-35.806129,-2.271551,-6.361403,7.667446,-7.579288,2.347000,16.635204,-21.266054,52.611048,20.157738,-23.370855,-6.450512,14.194071,-27.631172,14.186480,13.856660,-1.103027,-15.614011,13.430230
466.000000,-58.814257,53.094339,64.627522,17.092052,29.463847,-36.948853,-63.368999,29.584637,7.460471,71.490436,-42.511640,-1.190188,-72.357043,7.233580,-4.175100,59.874832,-36.057211,-2.528689,-5.794147,7.733818,-7.994907,2.323192,16.393446,-21.612855,53.195965,19.932968,-23.145518,-6.808426,13.961033,-27.440346,14.814831,14.999232,-1.318491,-15.338457,13.054313
467.000000,-58.708602,52.980280,64.754581,16.448639,28.881466,-36.866202,-62.182636,29.964764,7.539326,71.340452,-42.657479,-1.207048,-71.182524,7.576858,-4.212497,59.646949,-36.108789,-2.544295,-5.674245,7.902473,-8.002222,2.042454,16.397251,-21.991730,53.502634,19.945162,-23.148503,-7.531150,13.526711,-27.081700,15.418623,15.911305,-1.124560,-15.108054,12.518413
468.000000,-58.637607,52.922940,64.830184,16.176335,28.416996,-36.913490,-61.371121,30.204323,7.794069,71.365682,-42.636961,-1.383766,-70.513452,7.743531,-4.099138,59.656027,-36.355997,-2.761490,-5.513637,7.852497,-8.060759,1.760349,16.350841,-22.555042,53.553949,20.274320,-22.503416,-7.906397,13.226592,-26.900859,15.921384,16.732490,-1.558629,-14.893458,11.966303
469.000000,-58.565551,52.867180,64.969712,15.649430,27.813662,-36.826178,-60.152035,30.342972,7.940678,71.099278,-42.836399,-1.431696,-69.433695,7.979585,-4.023738,59.404908,-36.548691,-2.763649,-5.394619,7.990584,-7.805325,1.554619,16.300069,-22.760588,53.507060,21.099511,-22.653559,-7.564605,13.024133,-26.870343,16.086137,17.283647,-1.510318,-15.018263,12.121015
470.000000,-58.569938,52.854681,64.945531,15.633986,27.691841,-36.881443,-60.004455,30.377543,7.941842,71.165612,-42.837447,-1.500844,-69.376724,7.955916,-4.050534,59.534374,-36.510626,-2.777026,-5.314035,7.996200,-8.112107,1.432289,16.189188,-22.974827,53.723591,21.158386,-22.228086,-7.791357,12.837212,-26.836387,16.378667,17.653788,-1.446347,-14.865912,11.856614
471.000000,-58.627391,52.933431,64.878309,16.142778,27.539175,-37.218152,-59.968323,30.364617,8.707105,71.290352,-42.959469,-1.343387,-69.884863,7.844272,-3.611535,60.002262,-36.450029,-2.516221,-5.263874,7.547364,-8.404098,1.053565,16.355429,-22.975411,53.789358,21.238135,-21.977045,-8.012753,12.337504,-26.552847,16.639311,18.189016,-1.675355,-14.658641,11.494163
472.000000,-58.714199,52.973121,64.843696,16.701594,27.374758,-37.602555,-59.871171,30.127589,9.192460,71.268202,-43.013270,-0.880277,-70.354329,7.818564,-3.138859,60.290920,-36.295700,-2.129782,-4.992080,7.067065,-8.675416,0.605786,16.387171,-23.286692,54.204771,20.502650,-21.980140,-7.901797,11.869941,-26.279242,16.693901,18.741522,-1.554972,-14.609899,11.145121
473.000000,-58.675492,52.962208,64.856273,16.659380,27.193316,-37.545192,-59.550985,30.163782,9.489208,71.193609,-43.019424,-1.002150,-70.184196,7.740571,-3.047348,60.433855,-36.351363,-2.219620,-5.050117,7.108852,-8.869904,0.573357,16.416886,-23.525072,54.228229,20.620512,-21.817909,-7.822978,11.728095,-26.159266,16.856570,19.104842,-1.454480,-14.570897,11.172043
474.000000,-58.680856,52.971679,64.864743,16.500413,27.133861,-37.335528,-59.537605,30.053751,9.334660,71.239064,-42.937762,-0.867148,-70.035264,7.617881,-3.164232,60.462112,-36.414979,-2.346066,-5.149839,7.340650,-8.927955,0.482044,16.305067,-23.641634,54.036680,21.092886,-21.502204,-8.244116,11.563059,-26.095218,16.938676,19.343311,-1.405391,-14.508638,11.146302
475.000000,-58.676916,52.962857,64.915752,16.289733,26.946642,-37.214082,-59.191492,30.018203,9.295645,71.100377,-43.071600,-0.944246,-69.676385,7.638447,-3.184313,60.395866,-36.515861,-2.237540,-5.287976,7.678802,-8.687804,0.385220,16.274900,-24.033001,53.917254,20.592093,-21.434368,-8.382840,11.176061,-25.987717,16.914233,19.647425,-1.375776,-14.511077,11.236319
476.000000,-58.629960,52.966011,64.937353,16.209718,26.639562,-37.317323,-58.746594,30.191472,9.631889,71.282784,-43.007847,-1.146857,-69.365393,7.689866,-3.054514,60.467323,-36.635803,-2.141365,-5.368698,7.939385,-8.449198,0.676880,16.059281,-24.054337,53.665066,21.139526,-21.429430,-8.278176,11.129739,-25.838440,16.892217,19.579246,-1.647149,-14.815660,11.259552
477.000000,-58.554393,52.918392,65.006387,15.937278,26.364241,-37.252841,-58.159812,30.284669,9.695232,71.164322,-42.995187,-1.244337,-68.763995,7.862621,-2.957157,60.278701,-36.819624,-2.113862,-5.401951,8.249152,-8.446459,0.902365,15.844435,-24.483978,53.787798,21.270468,-21.417653,-7.755814,11.344430,-25.729232,16.990000,19.661623,-1.881341,-14.988886,11.105926
478.000000,-58.521599,52.902186,65.041643,15.886431,26.179742,-37.386913,-57.772937,30.364053,9.850771,71.123518,-42.927985,-1.372148,-68.504598,7.952917,-2.880340,60.215057,-36.893342,-2.131891,-5.365882,8.187706,-8.732750,0.914119,15.626035,-24.533145,54.449824,21.170264,-21.409942,-7.281523,11.306284,-25.434813,17.372610,20.256721,-1.681479,-15.186094,11.104739
479.000000,-58.551127,52.907473,65.075719,15.982222,26.106743,-37.645131,-57.601984,30.578036,10.169980,71.080365,-42.895968,-1.280817,-68.481334,8.154965,-2.733924,60.014366,-36.568327,-1.911404,-5.268315,8.027089,-8.956413,0.882929,15.481537,-24.378101,54.753587,21.119109,-21.361594,-6.694901,11.205546,-25.241152,17.492569,20.655856,-1.557637,-15.081987,11.291129
480.000000,-58.563387,52.881479,65.114707,15.975273,25.981822,-37.973481,-57.256209,30.813978,10.301277,70.973192,-43.079656,-1.281356,-68.304508,8.474133,-2.599478,59.815026,-36.560077,-1.735457,-5.054437,8.006981,-8.992867,0.798515,15.304909,-24.502306,54.834453,21.495316,-21.253418,-6.466167,11.058230,-25.193020,17.594069,20.913901,-1.578942,-15.141126,11.053526
481.000000,-58.532703,52.838784,65.174919,15.922073,25.772849,-38.110255,-56.765108,30.977483,10.614351,70.828426,-43.017163,-1.157955,-67.963278,8.594260,-2.497987,59.668143,-36.363968,-1.682972,-5.162791,8.014540,-9.074074,1.020509,15.292104,-24.875800,54.722830,21.868558,-21.356420,-6.820995,10.967240,-25.073732,17.884654,21.303712,-1.531603,-15.404066,10.715629
482.000000,-58.518863,52.799475,65.195757,15.757501,25.667121,-38.007408,-56.562828,31.032357,10.592969,70.822792,-42.967743,-1.226451,-67.700179,8.678670,-2.483928,59.623720,-36.605439,-1.851415,-5.336484,8.185246,-9.108220,1.090889,15.306563,-25.068131,54.639010,21.952532,-21.419045,-6.831388,10.915996,-25.100677,17.823092,21.364591,-1.741037,-15.432975,10.745694
483.000000,-58.507234,52.752060,65.236300,15.574035,25.578641,-37.841702,-56.366413,31.034508,10.515823,70.725516,-42.924645,-1.318059,-67.384133,8.600400,-2.626177,59.500544,-36.650915,-1.943466,-5.490127,8.286811,-9.192478,1.106952,15.193974,-24.786070,54.817186,22.269714,-21.287632,-6.952493,10.909349,-25.011560,17.896127,21.523866,-1.883008,-15.498505,10.831418
484.000000,-58.610553,52.717650,65.197289,15.867793,25.259983,-38.384066,-55.924930,31.231132,11.029316,70.732121,-43.064288,-1.245567,-67.568596,8.967664,-2.170871,59.771122,-36.427352,-1.777020,-5.266296,7.729689,-9.147746,1.002948,15.465406,-24.694424,54.701646,22.093512,-21.269469,-7.009405,10.540142,-24.855533,18.371612,21.672445,-1.937372,-15.406764,10.578092
485.000000,-58.619404,52.691472,65.190476,15.807190,25.235647,-38.335713,-55.935663,31.219654,10.927087,70.771681,-43.033942,-1.386831,-67.487146,8.991387,-2.210257,59.769305,-36.551778,-1.890160,-5.060091,7.852363,-9.299934,0.838128,15.351175,-24.953623,54.758740,22.204807,-21.340702,-7.060952,10.629049,-24.953468,18.304757,21.619722,-1.824178,-15.389562,10.942280
486.000000,-58.627784,52.630764,65.207201,15.691293,25.153353,-38.310455,-55.769803,31.391870,10.964967,70.772849,-42.980133,-1.366243,-67.272726,9.101917,-2.248355,59.658144,-36.630168,-2.102004,-4.928609,7.823496,-9.366210,0.826593,15.285448,-25.011386,54.818805,22.051037,-21.259322,-7.085700,10.678039,-24.924347,18.415641,21.750246,-1.635756,-15.245718,11.062945
487.000000,-58.633024,52.566403,65.207064,15.644619,25.066039,-38.302044,-55.624695,31.386895,10.913968,70.745549,-42.935139,-1.451328,-67.156845,9.132537,-2.284632,59.711727,-36.730022,-2.192998,-4.885619,7.708344,-9.351204,0.800244,15.456781,-25.053716,54.722536,21.710624,-21.315180,-7.175419,10.630836,-24.868630,18.497942,21.834484,-1.736279,-15.273707,11.095184
488.000000,-58.621174,52.503568,65.239531,15.478687,24.915182,-38.049301,-55.352372,31.243672,10.833349,70.592013,-42.960698,-1.434298,-66.845818,9.004047,-2.363124,59.728925,-36.875703,-2.237315,-4.865440,7.643714,-9.288333,0.787223,15.344174,-25.072906,54.738970,21.925271,-21.125058,-6.837706,10.738254,-24.833280,18.555302,21.802850,-1.933779,-15.336396,10.925185
489.000000,-58.663154,52.476060,65.249425,15.237499,24.774065,-37.799130,-55.242164,31.190312,10.615119,70.600271,-42.905626,-1.520461,-66.585499,8.956543,-2.488898,59.757147,-36.948154,-2.165359,-5.015211,7.698883,-9.026916,0.755604,15.243669,-24.781501,54.818046,22.188675,-21.297507,-6.548967,10.654359,-24.792176,18.366358,21.944594,-2.007739,-15.366491,11.300693
490.000000,-58.713412,52.415299,65.229344,15.312953,24.760306,-37.917854,-55.211267,31.270314,10.627598,70.547166,-42.917224,-1.640863,-66.672762,9.066934,-2.480886,59.819275,-36.919993,-2.151300,-4.908696,7.554570,-9.106232,0.789209,15.283984,-24.545794,54.827076,22.151507,-21.489534,-6.510711,10.539545,-24.723296,18.422472,22.237694,-2.122879,-15.467848,11.327707
491.000000,-58.771706,52.384877,65.240782,15.338920,24.792066,-37.834353,-55.339234,31.245079,10.610584,70.525070,-42.771632,-1.488033,-66.725805,8.977987,-2.562805,59.777816,-36.823592,-2.211683,-5.008903,7.484081,-9.064516,0.712526,15.330522,-24.489672,54.874409,22.343068,-21.439482,-6.121462,10.340697,-24.593457,18.412964,22.354065,-2.225695,-15.511442,11.472272
492.000000,-58.810794,52.344447,65.234411,15.224278,24.923046,-37.719440,-55.553374,31.352091,10.390546,70.535323,-42.655590,-1.596854,-66.732492,9.078425,-2.714583,59.655022,-36.726935,-2.242878,-5.016930,7.655702,-9.092108,0.640294,15.237730,-24.499735,55.043139,22.355245,-21.448256,-6.225183,10.310725,-24.578316,18.323456,22.406845,-2.231921,-15.452927,11.495390
493.000000,-58.850306,52.323729,65.235925,15.349942,24.869458,-37.889574,-55.467007,31.403683,10.545919,70.492361,-42.637176,-1.549996,-66.800445,9.134360,-2.648757,59.659360,-36.657960,-2.167720,-4.931080,7.471811,-9.124439,0.649880,15.136922,-24.431438,55.118790,21.631047,-21.223368,-6.709679,10.197578,-24.531082,18.575364,22.461378,-1.932367,-15.384549,11.278197
494.000000,-58.890820,52.297157,65.210617,15.343335,24.975868,-37.799847,-55.741126,31.401539,10.365944,70.554823,-42.614216,-1.611463,-66.926537,9.161676,-2.701163,59.664803,-36.625414,-2.231479,-4.967185,7.554542,-9.137890,0.595081,15.042206,-24.327981,55.091387,21.390056,-21.175707,-6.780512,10.160415,-24.572949,18.588300,22.437636,-1.804979,-15.356255,11.240122
495.000000,-58.893412,52.269101,65.216875,15.295780,24.972851,-37.761658,-55.715110,31.413140,10.308531,70.516581,-42.518809,-1.687521,-66.873515,9.139352,-2.797521,59.666381,-36.739444,-2.302473,-4.955475,7.568598,-9.089204,0.621285,15.006942,-24.246552,55.093860,20.977092,-21.058141,-6.802809,10.136683,-24.633388,18.592255,22.423835,-1.926460,-15.171296,11.168970
496.000000,-58.910644,52.237648,65.222001,15.280723,24.947023,-37.782777,-55.675474,31.478129,10.308869,70.489711,-42.591642,-1.667886,-66.821571,9.192994,-2.817023,59.623768,-36.639795,-2.291379,-4.895098,7.510333,-9.075389,0.605964,15.101458,-24.447595,55.066641,20.745101,-21.141650,-6.552231,10.096287,-24.707414,18.720355,22.490722,-1.925131,-15.268294,10.793689
497.000000,-58.927405,52.234006,65.201283,15.366961,24.964833,-37.832611,-55.716035,31.492226,10.381079,70.526846,-42.537383,-1.627281,-66.954418,9.211055,-2.744407,59.726985,-36.663069,-2.294050,-4.873914,7.469483,-9.145348,0.620015,15.155087,-24.457738,55.043128,20.750854,-21.148381,-6.516666,10.065196,-24.735260,18.707174,22.493176,-1.903305,-15.268488,10.876607
498.000000,-58.947951,52.235395,65.190578,15.379635,24.990438,-37.787498,-55.828788,31.406600,10.266323,70.548177,-42.538671,-1.612617,-67.014599,9.177674,-2.782289,59.741875,-36.646752,-2.241860,-4.917362,7.468143,-9.106910,0.574876,15.151759,-24.369895,55.079550,20.539851,-21.114512,-6.653350,10.022146,-24.686561,18.672607,22.521265,-1.643413,-15.104828,11.238194
499.000000,-58.944839,52.223063,65.202659,15.378007,24.941977,-37.750776,-55.730464,31.383370,10.343590,70.469541,-42.509847,-1.589588,-66.961085,9.145947,-2.752748,59.749805,-36.666187,-2.291438,-4.948265,7.430211,-9.115093,0.564334,15.173573,-24.355244,55.082952,20.571324,-21.102891,-6.655486,9.996494,-24.685120,18.668953,22.534611,-1.627596,-15.096188,11.263129
500.000000,-58.927655,52.205414,65.232348,15.253927,24.882923,-37.632080,-55.601445,31.263511,10.184958,70.371173,-42.548950,-1.548981,-66.735702,9.043192,-2.871219,59.672207,-36.900818,-2.448828,-5.045776,7.504796,-9.057471,0.572399,15.150825,-24.404196,55.113807,20.745330,-21.132216,-6.664425,10.018241,-24.680486,18.653146,22.608561,-1.666938,-15.135122,11.256323
501.000000,-58.953089,52.208364,65.252554,15.297283,24.891679,-37.601037,-55.569873,31.160365,10.218437,70.207098,-42.461561,-1.401193,-66.787297,9.094287,-2.741746,59.630010,-36.557669,-2.357730,-5.076627,7.445275,-9.081424,0.567590,15.108230,-24.357646,55.116334,20.672443,-21.123238,-6.766385,10.024850,-24.607684,18.642991,22.657643,-1.681676,-15.104897,11.242105
502.000000,-58.945870,52.208024,65.275753,15.349990,24.829420,-37.639261,-55.465606,31.133795,10.354466,70.152327,-42.440074,-1.430863,-66.739035,9.048979,-2.712691,59.608099,-36.574010,-2.338972,-5.046026,7.361654,-9.127530,0.603456,15.152174,-24.404268,55.096216,20.483548,-21.180604,-6.942862,10.045903,-24.681937,18.641202,22.659822,-1.862491,-15.119857,11.337961
503.000000,-58.928120,52.181804,65.298498,15.259929,24.781486,-37.593734,-55.294199,31.137074,10.322882,70.058261,-42.439698,-1.481394,-66.565514,9.104312,-2.707193,59.537762,-36.570233,-2.538896,-5.076641,7.352811,-9.049063,0.668464,15.130174,-24.298784,55.059340,20.493887,-21.250009,-6.814675,10.008648,-24.676126,18.761370,22.734607,-1.603847,-15.148893,11.333875
504.000000,-58.921713,52.174896,65.341580,15.145945,24.780799,-37.497682,-55.200336,31.159569,10.294932,69.894207,-42.430774,-1.857109,-66.395087,9.084081,-2.785767,59.374998,-36.673826,-2.449595,-5.197354,7.291913,-8.735986,0.728801,15.067684,-23.779613,54.959080,20.832441,-21.335768,-6.865482,10.063923,-24.628033,18.458001,22.712652,-1.923557,-15.281515,11.736002
505.000000,-58.897173,52.157789,65.379345,15.108835,24.863768,-37.530990,-55.211561,31.215464,10.242489,69.771120,-42.451904,-2.151310,-66.296377,9.146893,-2.855260,59.114973,-36.546167,-2.515027,-5.177594,7.238769,-8.665455,1.005925,15.011613,-23.346816,54.834073,20.973110,-21.389304,-6.913115,10.322866,-24.802075,18.163636,22.525207,-2.149679,-15.245858,12.038920
506.000000,-58.865023,52.135831,65.377855,15.146746,25.079471,-37.648058,-55.430130,31.422425,10.201211,69.827947,-42.399704,-2.121638,-66.426096,9.335741,-2.866405,58.963787,-36.466875,-2.754190,-4.993238,7.325398,-8.899687,1.160695,14.859864,-23.490033,55.041861,21.288453,-21.265850,-7.044945,10.527614,-25.050106,18.400043,22.518620,-2.082376,-15.417381,12.094971
507.000000,-58.853716,52.146155,65.404481,15.116695,25.038158,-37.599659,-55.292912,31.323941,10.208816,69.664794,-42.490098,-2.163173,-66.322141,9.257421,-2.889461,58.902786,-36.574516,-2.669728,-4.801524,7.492099,-8.918998,1.080328,14.678819,-23.763251,55.117205,21.054333,-21.272677,-7.294193,10.624087,-25.258871,18.452431,22.435985,-1.924437,-15.372937,11.858994
508.000000,-58.848268,52.133173,65.416354,14.962053,24.981476,-37.453192,-55.288455,31.309546,10.070033,69.770772,-42.413197,-2.203427,-66.126429,9.207440,-2.989907,58.884570,-36.665138,-2.781715,-4.765080,7.601937,-8.854369,1.073121,14.681102,-23.679200,54.943855,21.332598,-21.287521,-7.386647,10.690264,-25.173038,18.353955,22.526174,-1.864359,-15.270893,12.080352
509.000000,-58.847523,52.127129,65.434670,15.049842,25.018911,-37.497387,-55.202234,31.244270,10.161029,69.540649,-42.498991,-2.052758,-66.193754,9.224001,-2.921529,58.812000,-36.576995,-2.695468,-4.734145,7.560110,-9.027969,1.110862,14.731079,-23.502302,54.884975,21.631738,-21.422024,-7.393712,10.591089,-25.166520,18.451539,22.750179,-2.001429,-15.593879,12.098908
510.000000,-58.830100,52.118260,65.457588,15.011091,24.970434,-37.469466,-55.072464,31.308358,10.259183,69.492660,-42.497864,-1.895610,-66.093500,9.226887,-2.889456,58.814431,-36.637589,-2.743547,-4.802061,7.479749,-9.037065,1.207951,14.755029,-23.484649,54.943377,21.510067,-21.330341,-7.393921,10.609519,-25.128471,18.546892,22.514353,-1.988962,-15.614724,12.220044
511.000000,-58.806753,52.111721,65.482259,14.939546,24.985550,-37.428465,-55.026770,31.287372,10.187293,69.424051,-42.364822,-2.084794,-65.974853,9.221321,-2.936187,58.681188,-36.600784,-2.718855,-4.847377,7.547562,-9.110767,1.281664,14.645589,-23.483000,55.125238,21.428578,-21.171554,-7.646585,10.650781,-25.139558,18.602394,22.523305,-2.201943,-15.600644,12.104582
512.000000,-58.810669,52.131212,65.507138,14.944369,24.916590,-37.448888,-54.919967,31.268705,10.294161,69.374942,-42.402904,-2.039722,-65.925621,9.181100,-2.902786,58.656251,-36.544166,-2.643829,-4.813721,7.492718,-9.109694,1.285752,14.632915,-23.522750,55.129674,21.314007,-21.227683,-7.517141,10.643686,-25.115272,18.548070,22.602071,-2.248274,-15.618817,11.868465
513.000000,-58.780253,52.134031,65.543509,14.900962,24.846463,-37.406658,-54.756496,31.192736,10.312052,69.293096,-42.358702,-2.099386,-65.750816,9.165596,-2.866678,58.567335,-36.555896,-2.630893,-4.806466,7.486137,-9.154680,1.319701,14.640540,-23.643605,55.106513,21.018615,-21.371443,-7.271991,10.620921,-25.124438,18.555368,22.740314,-2.009381,-15.499881,11.939380
514.000000,-58.798456,52.146161,65.559906,14.858522,24.780904,-37.399615,-54.664705,31.168923,10.321537,69.256663,-42.370529,-2.028933,-65.663950,9.175113,-2.844832,58.543109,-36.559236,-2.649745,-4.811642,7.416462,-9.080252,1.282615,14.742185,-23.704971,55.040185,21.003493,-21.437951,-7.193963,10.546683,-25.074733,18.713503,22.878835,-1.926477,-15.279972,11.816565
515.000000,-58.794600,52.159452,65.553319,14.858622,24.751141,-37.430615,-54.642958,31.141349,10.291234,69.274183,-42.433134,-2.031304,-65.657946,9.182910,-2.822143,58.566509,-36.544603,-2.728169,-4.798952,7.388496,-9.066870,1.310889,14.756984,-23.629743,54.917275,21.203904,-21.154576,-7.504896,10.535601,-25.100001,18.806403,22.762920,-2.084702,-15.432056,11.630433
516.000000,-58.818078,52.185053,65.526384,14.940334,24.770033,-37.593787,-54.698682,31.240749,10.358525,69.383951,-42.421373,-1.909639,-65.816386,9.310604,-2.714151,58.618432,-36.471537,-2.593079,-4.643819,7.332473,-9.100558,1.266989,14.797289,-23.739750,54.884327,20.974483,-21.229447,-7.208655,10.479178,-25.070578,18.787187,22.781182,-1.980810,-15.478558,11.450004
517.000000,-58.780015,52.208346,65.506852,14.912384,24.769219,-37.650551,-54.702739,31.417658,10.480343,69.557103,-42.526298,-2.069996,-65.795759,9.321075,-2.735006,58.648813,-36.590187,-2.580953,-4.589300,7.360286,-9.169872,1.298764,14.787221,-23.629700,54.896437,21.192313,-21.255214,-7.233247,10.587191,-25.012925,18.641005,22.896104,-1.911875,-15.558519,11.876551
518.000000,-58.749801,52.221453,65.508813,14.846053,24.795042,-37.607932,-54.735924,31.405063,10.384639,69.617366,-42.524519,-2.002235,-65.741875,9.327757,-2.766426,58.608269,-36.562962,-2.555270,-4.583621,7.383090,-9.195438,1.268621,14.835543,-23.588181,54.949582,21.469405,-21.310581,-7.292274,10.707203,-24.985197,18.476953,22.822285,-2.048613,-15.459215,12.023840
519.000000,-58.738345,52.241713,65.504354,14.803458,24.807888,-37.607102,-54.742634,31.405319,10.332060,69.628526,-42.559230,-2.042257,-65.725947,9.333505,-2.799830,58.624033,-36.580577,-2.585989,-4.522482,7.435078,-9.179057,1.215653,14.859266,-23.632036,54.958113,21.409262,-21.327498,-7.000085,10.701837,-24.977081,18.424657,22.794759,-2.040801,-15.562834,11.995584
520.000000,-58.725548,52.264905,65.508217,14.835711,24.764011,-37.598931,-54.676508,31.345555,10.427378,69.629831,-42.545409,-1.990185,-65.712751,9.271847,-2.747435,58.641265,-36.562737,-2.441239,-4.359974,7.449537,-9.227610,1.149105,14.808248,-23.939403,55.038190,21.420453,-21.615170,-6.515673,10.836816,-24.946767,18.337907,22.894652,-2.231248,-15.687601,11.968237
521.000000,-58.703125,52.312750,65.511805,14.748177,24.779765,-37.490372,-54.772335,31.294547,10.342336,69.703344,-42.508939,-1.945337,-65.675998,9.196034,-2.775486,58.642645,-36.525024,-2.468052,-4.264325,7.769626,-9.190014,1.090834,14.674009,-24.370158,55.091343,21.272300,-21.661286,-5.754631,10.935105,-25.009889,18.213234,22.873612,-2.333955,-15.747918,11.840997
522.000000,-58.765626,52.410781,65.451527,15.150647,24.655955,-37.954704,-54.743963,31.369491,10.899438,69.947100,-42.661163,-1.642423,-66.097346,9.256722,-2.408921,58.914295,-36.391832,-1.967110,-3.663935,7.504682,-9.227907,0.589861,14.726325,-24.929929,55.426924,21.397381,-21.420445,-6.416683,10.815834,-24.711974,17.963999,22.995888,-2.158515,-15.819770,11.712529
523.000000,-58.749789,52.455658,65.432811,15.248361,24.532849,-38.085655,-54.645997,31.186272,10.911844,70.029936,-42.725330,-1.678403,-66.154931,9.244578,-2.244609,59.088288,-36.490689,-1.863939,-2.913087,7.462788,-9.390776,-0.023350,14.734984,-25.635512,55.700664,21.559868,-21.531273,-6.463405,11.109734,-24.492823,17.498735,23.180269,-1.831579,-16.077324,11.445046
524.000000,-58.756399,52.507192,65.445805,15.353374,24.399402,-38.107403,-54.508513,31.085789,11.193428,70.036159,-42.662308,-1.350793,-66.135957,9.087404,-2.112963,59.139145,-36.517695,-1.540018,-2.242681,7.319163,-9.350964,-0.586507,14.609933,-26.058546,55.951424,21.517058,-21.339835,-6.123007,11.377424,-24.148390,16.953609,23.624282,-1.790459,-16.060585,10.989261
525.000000,-58.761901,52.536291,65.483135,15.361970,24.295384,-38.126916,-54.321003,31.032872,11.335646,69.962796,-42.581561,-1.300369,-66.023539,9.080006,-1.981361,59.035736,-36.346237,-1.453104,-1.783864,7.211389,-9.071661,-0.870496,14.502334,-26.100781,55.890902,21.150910,-21.267524,-5.989479,11.264377,-24.051992,16.677036,23.816482,-1.933671,-16.027305,10.669154
526.000000,-58.766824,52.525288,65.503567,15.415424,24.306542,-38.205385,-54.281187,31.093388,11.435834,69.883764,-42.500644,-1.236734,-66.039105,9.102655,-1.972059,58.961226,-36.197267,-1.465630,-1.743405,7.095192,-9.010834,-0.778788,14.490004,-26.017157,55.807194,20.936241,-21.365586,-6.389036,11.175038,-23.935406,16.594527,23.766456,-2.077566,-16.172718,10.847689
527.000000,-58.751601,52.524149,65.504295,15.390401,24.378567,-38.151881,-54.355807,31.021859,11.296238,69.828507,-42.593517,-1.281285,-66.055074,9.117128,-1.996422,58.959668,-36.305860,-1.373475,-1.829807,7.094138,-8.992806,-0.673868,14.488488,-26.172359,55.849415,20.749956,-21.301810,-6.397693,11.183354,-23.857183,16.519986,23.751867,-1.961465,-16.153121,11.085246
528.000000,-58.750987,52.512234,65.511155,15.349508,24.395395,-38.076243,-54.361219,31.014677,11.251804,69.800900,-42.595129,-1.256798,-66.009687,9.074065,-2.064903,58.910600,-36.256772,-1.367703,-1.938104,7.103507,-8.828333,-0.580656,14.503710,-25.939950,55.734187,20.741930,-21.199843,-6.182109,11.146601,-23.814363,16.260054,23.714962,-2.169568,-16.181878,11.092799
529.000000,-58.761555,52.503979,65.518671,15.286689,24.402066,-38.068603,-54.392666,31.084044,11.203800,69.845781,-42.511299,-1.201607,-65.967101,9.078294,-2.162997,58.876511,-36.191714,-1.518474,-1.869916,7.134604,-8.775034,-0.661650,14.594987,-25.993492,55.609566,20.727239,-21.110260,-6.262181,11.140126,-23.923996,16.225253,23.600752,-2.022657,-16.114598,11.164691
530.000000,-58.755976,52.490938,65.500748,15.263031,24.398974,-38.075211,-54.377684,31.141916,11.207036,69.900907,-42.613759,-1.179079,-65.978541,9.222176,-2.061874,58.902684,-36.248610,-1.474507,-1.844586,7.073097,-8.710470,-0.733932,14.742726,-25.864087,55.495758,20.996519,-21.261662,-6.455473,11.136616,-23.821441,16.163088,23.648164,-2.102053,-16.084780,11.227205
531.000000,-58.737916,52.490723,65.480387,15.274239,24.416627,-38.119116,-54.411995,31.137774,11.156954,69.981319,-42.674226,-1.097854,-66.044651,9.267143,-2.047303,59.003846,-36.183856,-1.502287,-1.694336,7.068760,-8.768171,-0.835981,14.723525,-25.826451,55.604570,21.171645,-21.332226,-6.435945,11.226701,-23.873635,16.215907,23.598657,-1.931386,-16.087086,11.164904
532.000000,-58.727646,52.487332,65.469319,15.278566,24.392430,-38.133200,-54.379439,31.171190,11.215716,69.980349,-42.703579,-1.122792,-66.040594,9.288303,-2.010633,59.043693,-36.170964,-1.619589,-1.604115,6.991811,-8.728201,-0.857278,14.852432,-25.926739,55.428215,20.894954,-21.974628,-4.987432,11.124236,-24.047013,16.364886,23.640632,-2.084862,-16.054513,10.764735
533.000000,-58.721972,52.484924,65.464598,15.295307,24.389563,-38.171462,-54.357675,31.220935,11.271791,70.010026,-42.733201,-1.166767,-66.065367,9.299824,-2.021663,59.089804,-36.209486,-1.513505,-1.566654,6.968803,-8.745394,-0.837286,14.671531,-25.938724,55.642874,21.105498,-21.504661,-6.127300,11.133812,-23.818326,16.368880,23.794764,-1.956199,-16.097690,11.015234
534.000000,-58.698100,52.470022,65.471011,15.317188,24.420474,-38.133697,-54.367257,31.178086,11.268159,69.986797,-42.698316,-1.155693,-66.060517,9.257842,-2.027333,59.083288,-36.220507,-1.542833,-1.582826,6.960968,-8.801458,-0.844163,14.643960,-25.883688,55.679060,21.055363,-21.394273,-6.401310,11.115783,-23.760599,16.395861,23.849417,-1.957531,-16.122380,10.962147
535.000000,-58.697504,52.459776,65.486598,15.323264,24.487884,-38.034248,-54.469335,31.125397,11.203808,69.903981,-42.529136,-1.153897,-66.082681,9.177745,-2.100010,59.022465,-36.194501,-1.614053,-1.607082,6.973791,-8.855408,-0.923882,14.678131,-26.066505,55.664652,21.071859,-21.332247,-6.470393,11.074914,-23.841236,16.507150,23.850133,-2.145415,-16.087085,10.773712
536.000000,-58.702999,52.449042,65.505069,15.327588,24.501626,-37.972073,-54.497919,31.033688,11.143509,69.860377,-42.494203,-1.166243,-66.076923,9.125659,-2.108554,59.015116,-36.249416,-1.577080,-1.615313,6.955400,-8.854394,-0.945391,14.748316,-26.193782,55.622100,21.035376,-21.314369,-6.353780,11.003378,-23.877877,16.646177,23.925067,-2.080317,-16.075689,10.642813
537.000000,-58.725512,52.428973,65.515250,15.373188,24.503846,-38.016811,-54.482677,31.060903,11.190080,69.778189,-42.473053,-1.305416,-66.085147,9.155939,-2.092608,58.926603,-36.086755,-1.509880,-1.550231,6.870276,-8.835560,-0.990676,14.866808,-26.300091,55.617202,20.884632,-21.317263,-6.382848,10.888847,-23.867183,16.732263,24.003445,-2.134184,-16.095505,10.368607
538.000000,-58.734840,52.418363,65.515417,15.394935,24.559733,-37.948939,-54.576842,30.996604,11.122746,69.749441,-42.373394,-1.290998,-66.142302,9.103109,-2.127964,58.928161,-36.026570,-1.497123,-1.581767,6.894831,-8.878619,-1.022478,14.896337,-26.308186,55.646231,20.929269,-21.233193,-6.413733,10.919782,-23.764093,16.667011,24.123128,-2.132851,-15.998009,10.414801
539.000000,-58.740789,52.406770,65.524727,15.402230,24.560189,-37.974373,-54.553001,30.993349,11.089040,69.673892,-42.440333,-1.226814,-66.126319,9.166800,-2.068679,58.880937,-36.108143,-1.489411,-1.591858,6.925967,-8.828854,-0.921438,14.844376,-26.277532,55.684968,20.561253,-21.173134,-6.435120,10.875418,-23.788159,16.751109,24.044996,-1.949332,-15.945497,10.347690
540.000000,-58.752328,52.409160,65.528268,15.399389,24.569425,-37.909022,-54.591779,30.935419,11.070061,69.628376,-42.419306,-1.186780,-66.132036,9.096409,-2.110213,58.883020,-36.067388,-1.500261,-1.656425,6.964243,-8.764255,-0.937848,14.894645,-26.152854,55.484690,20.883035,-21.280038,-6.241165,10.872170,-23.824929,16.650388,23.968454,-2.063484,-16.075403,10.499192
541.000000,-58.753532,52.408123,65.524876,15.382220,24.587976,-37.880751,-54.645639,30.957634,11.069864,69.687355,-42.353105,-1.219777,-66.104039,9.055548,-2.173772,58.832483,-36.167501,-1.468419,-1.686204,7.027196,-8.745575,-0.903223,14.820486,-26.205204,55.466347,20.784633,-21.236115,-6.437054,10.968367,-23.816948,16.629192,23.915066,-1.995669,-16.068443,10.562272
542.000000,-58.763009,52.404994,65.536237,15.409884,24.556159,-37.929428,-54.600474,30.917913,11.065925,69.655867,-42.339824,-1.205018,-66.091649,9.081978,-2.126149,58.813796,-36.064102,-1.461179,-1.727785,6.979292,-8.692926,-0.893354,14.812636,-26.218895,55.478567,20.689720,-21.263736,-6.577998,10.998128,-23.802610,16.682317,23.888143,-1.933463,-16.135449,10.605785
543.000000,-58.783364,52.410895,65.569466,15.422266,24.482921,-37.980051,-54.458874,30.926779,11.180142,69.562041,-42.290646,-1.096627,-66.001518,9.095890,-2.079773,58.694070,-36.082178,-1.434698,-1.812667,6.876515,-8.590583,-0.915198,14.886802,-26.194740,55.469681,20.642268,-21.310631,-6.316059,10.939010,-23.730002,16.750590,23.932530,-1.877479,-16.194385,10.560786
544.000000,-58.791095,52.423686,65.558982,15.469371,24.520666,-38.044543,-54.535041,30.916933,11.159929,69.599211,-42.298057,-0.999766,-66.091929,9.123685,-2.066135,58.721923,-36.043755,-1.467906,-1.954704,6.874852,-8.567676,-0.816429,14.892497,-26.064304,55.359035,20.603841,-21.360513,-6.623721,10.920448,-23.632752,16.775254,23.854939,-1.635897,-16.178536,10.867420
545.000000,-58.796942,52.410656,65.583837,15.498683,24.445870,-38.082111,-54.396412,30.875173,11.238119,69.513294,-42.278915,-1.058529,-66.017460,9.068263,-2.054324,58.665881,-35.916908,-1.488544,-2.038703,6.796165,-8.509961,-0.718603,14.987950,-26.147141,55.270273,20.588231,-21.392584,-6.444576,10.906833,-23.594832,16.899435,23.803527,-1.699974,-16.307401,10.724065
546.000000,-58.819735,52.435827,65.580398,15.505077,24.536650,-38.025028,-54.589904,30.828674,11.129955,69.524837,-42.161870,-1.038810,-66.093459,9.065785,-2.051140,58.585101,-36.020075,-1.441587,-2.157408,6.927904,-8.528633,-0.780151,14.864414,-26.028478,55.396748,20.449784,-21.199736,-6.649059,10.900422,-23.642502,16.717742,23.694920,-1.748830,-16.290558,10.973652
547.000000,-58.832991,52.425563,65.595222,15.532997,24.478927,-38.103951,-54.454482,30.874033,11.260401,69.446085,-42.199907,-1.031170,-66.074594,9.121718,-1.995571,58.605448,-35.899392,-1.414449,-2.148421,6.859634,-8.480957,-0.767977,15.008521,-26.135780,55.258840,20.549459,-21.295828,-6.708768,10.941494,-23.621909,16.767804,23.594737,-1.589664,-16.138962,11.018917
548.000000,-58.812428,52.425921,65.595400,15.587676,24.480719,-38.191713,-54.418935,30.875016,11.285834,69.432937,-42.294355,-0.990336,-66.079997,9.178254,-1.914725,58.553757,-35.923394,-1.387846,-2.106091,6.829794,-8.532678,-0.694588,14.956060,-25.987669,55.247385,20.756045,-21.282171,-6.804450,10.996346,-23.541003,16.749658,23.676166,-1.669120,-16.270079,11.122073
549.000000,-58.826667,52.435511,65.585715,15.570303,24.487119,-38.167945,-54.455828,30.908853,11.291215,69.493323,-42.259439,-1.017664,-66.105515,9.185720,-1.929966,58.592846,-35.882443,-1.420254,-2.117213,6.842674,-8.510504,-0.720505,14.964144,-25.971029,55.256657,20.627820,-21.330351,-6.666934,10.949632,-23.559161,16.809613,23.647378,-1.632535,-16.231830,11.084532
550.000000,-58.834553,52.444386,65.585184,15.572940,24.490929,-38.106227,-54.504872,30.803771,11.201217,69.457088,-42.275207,-1.008812,-66.126435,9.078457,-1.993717,58.625576,-35.964904,-1.451701,-2.120441,6.818709,-8.553975,-0.740358,14.954276,-25.955807,55.277302,20.560690,-21.181240,-6.695464,10.884770,-23.582359,16.930774,23.679989,-1.601726,-16.081834,10.951398
551.000000,-58.828092,52.432811,65.586758,15.499941,24.455098,-38.005763,-54.457197,30.783820,11.166317,69.460900,-42.233105,-1.183290,-66.040054,9.043720,-2.024431,58.672609,-35.953228,-1.527231,-1.937976,6.744909,-8.541043,-1.057605,14.813483,-25.974154,55.539960,20.753118,-21.051147,-6.835552,10.925125,-23.612232,16.798589,23.710363,-1.658794,-16.093768,10.769621
552.000000,-58.823216,52.397770,65.603125,15.326246,24.335726,-37.864583,-54.242705,30.795738,11.109784,69.394087,-42.187592,-1.322216,-65.806434,9.064794,-2.049832,58.691699,-36.015557,-1.622185,-1.855752,6.682985,-8.439739,-1.264135,14.790254,-25.923583,55.636211,20.713102,-21.102805,-7.031036,10.795794,-23.619353,16.829810,23.925360,-1.471346,-15.937821,10.570942
553.000000,-58.747357,52.345610,65.665537,14.760374,24.299104,-37.334197,-54.091441,30.705307,10.508827,69.282249,-42.056644,-1.400068,-65.185024,8.927079,-2.480622,58.496124,-36.255529,-2.084908,-2.307398,7.161783,-8.125416,-0.984261,14.604392,-25.666218,55.501964,20.672730,-21.110378,-7.155409,10.635949,-23.757708,17.080859,24.098002,-1.555483,-16.013071,10.470735
554.000000,-58.749038,52.355742,65.716708,14.592209,24.213941,-37.082198,-53.959106,30.532646,10.368516,69.133590,-42.108147,-1.484056,-64.914350,8.810237,-2.535435,58.390816,-36.310853,-2.156612,-2.589637,7.194013,-8.032752,-0.613675,14.540190,-25.540806,55.329190,20.592047,-20.866978,-7.087476,10.599367,-23.765947,17.251258,24.075344,-1.631422,-15.746815,10.364609
555.000000,-58.734483,52.363050,65.705913,14.640756,24.274252,-37.121171,-54.043206,30.620182,10.464191,69.215074,-42.119430,-1.474939,-64.989100,8.833850,-2.505470,58.379075,-36.150672,-2.059063,-2.518354,7.143468,-8.167206,-0.543871,14.609962,-25.596515,55.365356,20.486282,-20.922271,-7.130786,10.679156,-23.778416,17.418820,23.966794,-1.540183,-15.802225,10.454760
556.000000,-58.759379,52.398396,65.712529,14.767917,24.329539,-37.278619,-54.138067,30.632722,10.545222,69.213708,-42.017883,-1.383763,-65.132363,8.854455,-2.440593,58.302051,-36.135078,-2.002669,-2.250998,7.027016,-8.209839,-0.702299,14.653811,-25.460780,55.402933,20.202824,-21.011668,-6.992697,10.717496,-23.777697,17.276545,23.977002,-1.277853,-15.687568,10.742371
557.000000,-58.808446,52.433425,65.697974,15.157641,24.190356,-37.790596,-53.926492,30.734735,11.136155,69.197890,-42.065318,-1.289990,-65.449816,9.031825,-2.035297,58.475189,-35.912032,-1.763923,-1.914691,6.483488,-8.276913,-0.767340,14.898345,-25.496068,55.151127,20.260494,-20.866233,-6.940555,10.526609,-23.609408,17.545863,24.162320,-1.121634,-15.441529,10.177984
558.000000,-58.803564,52.442724,65.693009,15.122921,24.249224,-37.766292,-54.017316,30.746349,11.030145,69.240032,-41.974163,-1.239491,-65.463463,9.056479,-2.074337,58.419926,-35.915102,-1.707452,-2.030980,6.523349,-8.356735,-0.644893,14.775057,-25.607308,55.248505,20.090978,-20.784409,-6.978469,10.439217,-23.621209,17.792773,24.165090,-1.185564,-15.492597,10.204925
559.000000,-58.770555,52.442604,65.744311,14.882922,24.223727,-37.448901,-53.954099,30.544097,10.721855,69.133761,-42.017111,-1.310956,-65.146098,8.896468,-2.252123,58.266336,-35.947699,-1.866485,-2.360081,6.696844,-8.330638,-0.544479,14.674709,-25.402508,55.283821,20.286995,-20.806705,-6.937835,10.493333,-23.607033,17.847858,24.138341,-1.163250,-15.505836,10.616486
560.000000,-58.754784,52.414656,65.733480,14.936662,24.179785,-37.623103,-53.810430,30.764432,10.984280,69.149204,-42.109513,-1.297410,-65.172613,9.071441,-2.112029,58.344316,-35.968241,-1.879934,-2.262113,6.574352,-8.394531,-0.459007,14.834145,-25.485543,55.226591,20.134949,-20.683425,-6.844107,10.521554,-23.681726,17.978163,24.091091,-1.216770,-15.303971,10.100465
561.000000,-58.762652,52.429903,65.726608,14.865608,24.140534,-37.652829,-53.771668,30.836989,10.951110,69.245844,-42.062234,-1.309204,-65.110554,9.128571,-2.116971,58.322856,-35.914187,-1.911352,-2.189044,6.562296,-8.394915,-0.499972,14.921800,-25.609946,55.133693,20.191965,-20.870075,-6.815619,10.560955,-23.659410,17.931832,24.109499,-1.358976,-15.308704,10.122874
562.000000,-58.764499,52.451903,65.716940,14.766467,24.227026,-37.570890,-53.949120,30.867165,10.773801,69.315020,-42.055828,-1.366673,-65.103697,9.073934,-2.300600,58.290754,-36.072094,-1.963980,-2.276164,6.721184,-8.470042,-0.444591,14.889140,-25.295945,55.137453,20.538538,-20.913851,-6.985290,10.618673,-23.679175,17.859917,24.069071,-1.115202,-15.376197,10.573048
563.000000,-58.754307,52.454108,65.725744,14.868630,24.084991,-37.786560,-53.652434,30.911606,11.042230,69.258651,-42.166678,-1.280761,-65.064163,9.238674,-2.023731,58.306887,-36.006179,-1.931062,-2.172793,6.521874,-8.469155,-0.374865,14.843126,-25.138358,55.151749,20.636769,-20.816769,-6.910568,10.582411,-23.627894,17.995023,24.133678,-1.098704,-15.329969,10.329375
564.000000,-58.769411,52.493340,65.717757,14.729150,24.173048,-37.561197,-53.906168,30.840469,10.780284,69.332192,-42.133852,-1.268164,-65.053297,9.099409,-2.216186,58.267592,-35.994042,-1.965698,-2.356721,6.734086,-8.379100,-0.435758,14.773310,-25.101922,55.167670,20.607659,-20.844549,-7.143370,10.579441,-23.677933,17.872836,24.017411,-1.186990,-15.374819,10.639576
565.000000,-58.824027,52.566361,65.703017,14.832684,24.161680,-37.558376,-54.038592,30.632586,10.747854,69.348359,-42.106241,-1.302311,-65.238613,9.011116,-2.136791,58.349930,-35.823878,-1.904268,-2.399218,6.653692,-8.320536,-0.543239,14.768756,-25.103455,55.195244,20.357674,-20.766456,-6.992085,10.450085,-23.694631,17.713191,24.020759,-1.499865,-15.215887,10.434967
566.000000,-58.807719,52.563351,65.726113,14.736157,24.199019,-37.437183,-54.069625,30.643155,10.688540,69.334282,-42.068952,-1.270647,-65.124693,8.908681,-2.270491,58.267203,-36.023910,-1.961323,-2.488907,6.836714,-8.361284,-0.506202,14.668745,-25.012296,55.206018,20.525781,-21.070256,-6.810918,10.550736,-23.763003,17.656240,23.948627,-1.434439,-15.371626,10.721322
567.000000,-58.794820,52.571338,65.725601,14.826906,24.048047,-37.673274,-53.735738,30.768489,11.043194,69.306770,-42.161146,-1.164046,-65.102706,9.041628,-2.049187,58.343510,-35.923530,-1.894614,-2.418482,6.649275,-8.322068,-0.513736,14.704600,-25.028231,55.266271,20.451518,-20.944603,-7.165386,10.567079,-23.704680,17.828821,23.945130,-1.301547,-15.421362,10.485475
568.000000,-58.824497,52.616763,65.722257,14.673983,24.142178,-37.459108,-54.023511,30.699778,10.744083,69.401627,-42.149043,-1.169003,-65.081983,8.948319,-2.229867,58.273248,-35.875534,-1.936857,-2.508460,6.871461,-8.261285,-0.499432,14.600914,-24.831465,55.240842,20.626767,-21.113858,-6.975560,10.594720,-23.789561,17.639966,23.903424,-1.301277,-15.487249,10.691160
569.000000,-58.861905,52.651185,65.747982,14.716406,24.077551,-37.476170,-53.942105,30.588469,10.792700,69.287713,-42.057805,-1.186013,-65.068904,8.899847,-2.159800,58.216284,-35.865344,-1.930955,-2.625821,6.810527,-8.188167,-0.509108,14.697097,-24.930090,55.149720,20.598160,-21.077603,-6.709764,10.508413,-23.787877,17.705814,23.850828,-1.313095,-15.404486,10.440522
570.000000,-58.895445,52.697009,65.726638,14.942153,24.026293,-37.801175,-53.906636,30.676166,11.107540,69.365625,-42.166446,-1.036093,-65.304812,8.988231,-1.962334,58.322548,-35.685997,-1.772509,-2.473377,6.577595,-8.212882,-0.623599,14.814692,-24.971528,55.154543,20.416214,-21.137800,-6.754659,10.397034,-23.708939,17.798146,23.855375,-1.296203,-15.224557,10.390813
571.000000,-58.901215,52.727956,65.709734,15.177385,23.961202,-38.069821,-53.798320,30.717847,11.482130,69.392973,-42.192531,-0.897295,-65.448293,9.050924,-1.698531,58.371896,-35.717313,-1.644915,-2.361556,6.315292,-8.257648,-0.679112,14.926504,-25.082581,55.148655,20.209268,-21.010891,-6.875171,10.253881,-23.521150,17.854975,24.001672,-1.185629,-15.158859,10.316474
572.000000,-58.983028,52.774203,65.699840,15.266659,24.040435,-38.241973,-54.016575,30.793075,11.451215,69.457696,-42.177487,-0.912582,-65.666101,9.139698,-1.727915,58.288028,-35.505700,-1.481129,-2.252748,6.321422,-8.278493,-0.769830,14.911153,-24.945381,55.160997,20.183998,-21.082612,-6.838989,10.150606,-23.514905,17.714733,23.945788,-1.257944,-15.228313,10.400964
573.000000,-58.996558,52.778351,65.719980,15.294475,23.987904,-38.326093,-53.912585,30.827980,11.570090,69.407330,-42.140874,-0.851162,-65.620257,9.197639,-1.635784,58.217705,-35.456055,-1.492685,-2.225253,6.299318,-8.241202,-0.795050,14.942953,-25.090165,55.160755,20.234777,-21.044750,-6.899784,10.130774,-23.483080,17.764822,23.984414,-1.168373,-15.229674,10.398269
574.000000,-58.980983,52.796870,65.706027,15.307904,24.009482,-38.340620,-53.936358,30.809535,11.568646,69.442574,-42.283830,-0.825693,-65.645269,9.167315,-1.654434,58.245531,-35.461861,-1.504440,-2.307200,6.337925,-8.282609,-0.852766,14.951684,-25.106403,55.276745,20.103509,-21.121230,-7.147180,10.065488,-23.476168,17.865362,24.120895,-1.282428,-15.476041,10.314154
575.000000,-58.981562,52.798182,65.717041,15.360599,23.980903,-38.476876,-53.866659,30.858412,11.642425,69.396149,-42.265286,-0.782693,-65.623494,9.279577,-1.525660,58.157756,-35.429363,-1.506159,-2.271719,6.339832,-8.315994,-0.756922,14.942002,-25.058408,55.201818,20.449583,-21.148424,-7.033534,10.065476,-23.511710,17.937139,24.152102,-1.233188,-15.476753,10.296954
576.000000,-58.991116,52.797937,65.713590,15.326611,23.968392,-38.475274,-53.837190,30.931844,11.684207,69.428989,-42.187541,-0.833517,-65.619089,9.346655,-1.505057,58.175064,-35.511622,-1.521200,-2.316528,6.391083,-8.265384,-0.776473,14.892778,-25.095845,55.252716,20.529691,-21.061518,-6.860966,10.032587,-23.505365,17.931704,24.193934,-1.244627,-15.427982,10.283416
577.000000,-58.991867,52.794057,65.719897,15.336365,23.951714,-38.514835,-53.798040,30.928510,11.686245,69.411859,-42.189300,-0.842975,-65.591843,9.347880,-1.501118,58.138509,-35.472400,-1.510392,-2.313769,6.388977,-8.270155,-0.768589,14.898791,-25.116858,55.244168,20.531149,-21.082911,-6.873546,10.033944,-23.503968,17.939162,24.188837,-1.176009,-15.473858,10.345846
578.000000,-58.993423,52.781087,65.727943,15.321328,23.909986,-38.534671,-53.731913,30.940040,11.690648,69.399196,-42.138227,-0.782509,-65.528637,9.362922,-1.502268,58.107534,-35.467789,-1.563957,-2.351874,6.405710,-8.220092,-0.717473,14.889133,-25.151687,55.210615,20.415084,-20.898219,-7.112875,10.003247,-23.464891,17.920328,24.180898,-1.130315,-15.448300,10.541349
579.000000,-58.975714,52.762550,65.739745,15.328277,23.890450,-38.570077,-53.643257,30.946552,11.724230,69.331030,-42.217970,-0.928748,-65.467015,9.393502,-1.477982,58.080391,-35.509829,-1.459564,-2.380231,6.414614,-8.286447,-0.615730,14.947644,-25.118753,55.076446,20.386907,-20.900848,-7.084086,10.015332,-23.533217,18.007608,24.204018,-1.178497,-15.455927,10.390427
580.000000,-58.956248,52.742982,65.750515,15.331501,23.828033,-38.624088,-53.505079,30.943339,11.780998,69.310137,-42.141448,-0.909501,-65.397142,9.420829,-1.429504,58.086476,-35.497477,-1.530071,-2.399214,6.366528,-8.321430,-0.538665,14.982112,-25.165562,55.021405,20.308825,-20.831694,-7.101662,10.002974,-23.542344,18.176945,24.302867,-1.143480,-15.459406,10.256514
581.000000,-58.944452,52.734858,65.754271,15.320587,23.792494,-38.594584,-53.435862,30.954984,11.843172,69.310424,-42.221723,-0.849552,-65.372301,9.382570,-1.443497,58.150161,-35.457783,-1.536294,-2.421138,6.360631,-8.348862,-0.574633,15.011924,-25.224923,55.067174,20.302370,-20.779071,-7.183388,9.985772,-23.564296,18.178654,24.286414,-1.083510,-15.521504,10.240167
582.000000,-58.935839,52.717429,65.740055,15.351155,23.812759,-38.555566,-53.494462,30.858853,11.735675,69.318156,-42.192893,-0.897227,-65.443157,9.418581,-1.361991,58.230341,-35.511711,-1.498224,-2.385227,6.317221,-8.383815,-0.670066,15.019984,-25.311400,55.070794,20.247322,-20.809536,-7.378660,10.103449,-23.524546,18.028373,24.248058,-1.119398,-15.458345,10.424256
583.000000,-58.922756,52.684528,65.724134,15.429236,23.886137,-38.510688,-53.613556,30.860939,11.791450,69.326864,-42.145631,-0.852830,-65.554120,9.301487,-1.456858,58.292051,-35.574354,-1.586382,-2.172313,6.129497,-8.538853,-1.069406,14.993947,-25.522484,55.372303,20.332795,-20.676658,-7.222304,10.225347,-23.476024,17.853124,24.271294,-1.099460,-15.241678,10.427403
584.000000,-58.902085,52.640247,65.717375,15.213111,23.889289,-38.258203,-53.637417,30.809423,11.476994,69.369703,-42.220446,-0.814060,-65.379063,9.250105,-1.638426,58.371179,-35.711719,-1.813551,-2.156188,6.072827,-8.466298,-1.476081,14.923644,-25.466541,55.688199,20.588238,-20.533237,-7.727046,10.100395,-23.465842,18.065840,24.433578,-0.941933,-14.894611,10.362323
585.000000,-58.870131,52.647704,65.749323,14.975533,23.913647,-38.030335,-53.620301,30.728478,11.202922,69.320444,-42.147728,-0.867162,-65.176377,9.216206,-1.769552,58.264888,-35.635549,-2.059759,-2.358649,6.352957,-8.255082,-1.435009,14.738556,-25.296809,55.670925,20.412469,-20.509253,-7.599969,9.847312,-23.729918,18.165945,24.373095,-0.855249,-14.680443,10.353225
586.000000,-58.849424,52.629209,65.763533,14.852595,23.939838,-37.866502,-53.604052,30.669814,11.035386,69.203907,-42.189351,-0.892048,-65.049212,9.124295,-1.932869,58.218804,-35.797602,-2.106784,-2.670835,6.605645,-8.148471,-1.136216,14.797762,-25.393682,55.436650,20.116365,-20.725179,-7.660960,9.855913,-23.832828,18.018019,24.192907,-1.121541,-14.599294,10.383826
587.000000,-58.785725,52.585649,65.779436,14.743960,23.926633,-37.749782,-53.534954,30.640522,10.912831,69.208060,-42.163646,-1.013069,-64.853664,9.087166,-2.013782,58.194933,-36.042772,-2.287814,-2.855959,6.723122,-8.182957,-0.896709,14.896105,-25.511827,55.301129,20.248338,-20.699730,-7.789244,9.906161,-23.848090,18.233362,24.319946,-1.233303,-14.644554,10.259181
588.000000,-58.809441,52.610910,65.747881,15.065718,23.945307,-38.113200,-53.589190,30.717509,11.227652,69.278916,-42.178689,-0.972530,-65.194306,9.212084,-1.764129,58.282154,-35.817392,-2.059153,-2.603619,6.385637,-8.314041,-1.076101,14.987810,-25.315546,55.392711,20.087124,-20.453381,-7.815758,9.798480,-23.751913,18.414195,24.464454,-0.943307,-14.544837,10.052096
589.000000,-58.806485,52.611315,65.737337,15.174117,24.040842,-38.246070,-53.707089,30.805239,11.301777,69.329781,-42.156617,-1.013510,-65.355731,9.276191,-1.725632,58.276984,-35.775667,-1.956338,-2.574379,6.376743,-8.409170,-1.205110,14.975123,-25.304553,55.423970,20.227858,-20.585763,-7.574798,9.663450,-23.775518,18.574976,24.544275,-0.794856,-14.505930,9.999810
590.000000,-58.792919,52.597558,65.741521,15.179785,24.089554,-38.228421,-53.736042,30.879094,11.376930,69.321625,-42.220664,-0.887352,-65.392368,9.335877,-1.659914,58.261117,-35.756204,-1.981624,-2.713361,6.374154,-8.418422,-1.297550,15.091752,-25.816655,55.380902,20.256097,-20.607987,-7.293759,9.501991,-23.873745,18.782861,24.623561,-0.697456,-14.576708,9.763345
591.000000,-58.781010,52.565873,65.756255,15.147670,24.123608,-38.168207,-53.712307,30.852371,11.334651,69.215149,-42.143961,-0.849489,-65.338949,9.305170,-1.740518,58.230026,-35.761422,-2.227154,-2.989983,6.276193,-8.403450,-1.353117,15.303966,-26.144292,55.099662,20.146423,-20.720673,-7.116856,9.258928,-24.031609,19.092040,24.802734,-0.843750,-14.255955,9.862190
592.000000,-58.796954,52.535439,65.741867,14.960413,24.312309,-38.116710,-53.962552,31.063236,11.012745,69.274702,-42.182036,-1.009763,-65.369487,9.475888,-1.987827,58.138133,-35.456086,-2.484967,-3.533356,6.342852,-8.376642,-1.194186,15.654367,-25.744836,54.423866,20.728371,-20.733343,-7.753784,8.823581,-24.219448,19.381020,24.999140,-0.993899,-14.167294,10.052121
593.000000,-58.734983,52.496260,65.748399,14.526833,24.420849,-37.936903,-53.989135,31.349851,10.613124,69.383760,-42.306393,-1.148677,-65.055489,9.705313,-2.254469,57.972986,-35.589722,-2.673389,-4.352906,6.930425,-8.252853,-0.645387,15.644140,-24.987651,53.711119,21.700274,-20.597475,-8.587507,8.530213,-24.373694,19.842191,24.982535,-1.239876,-14.088066,10.011507
594.000000,-58.551753,52.427137,65.787536,13.827733,24.383868,-37.529919,-53.706252,31.565330,10.062663,69.450825,-42.348877,-1.437376,-64.264806,9.800913,-2.646606,57.798017,-36.015099,-3.235849,-5.297714,7.848220,-8.110012,0.233148,15.516115,-24.467449,53.009310,21.906698,-20.684331,-9.070324,8.453550,-24.546419,20.199996,25.021483,-1.613977,-14.033432,10.480091
595.000000,-58.463752,52.415943,65.751678,13.892815,24.066573,-37.908797,-53.137489,31.653996,10.355812,69.670655,-42.693405,-1.482078,-64.108518,10.026764,-2.320176,58.105259,-36.314511,-3.338869,-5.717386,7.702441,-7.981849,0.662748,15.682551,-24.013915,52.663463,22.211529,-20.538550,-9.182463,8.006064,-24.546083,20.668381,25.336028,-1.716723,-14.005463,10.883513
596.000000,-58.455127,52.405363,65.738946,13.984057,23.799480,-38.342688,-52.720888,31.889996,10.709390,69.925646,-42.591786,-1.395261,-64.011338,10.308581,-2.024827,58.229617,-36.234970,-3.368096,-6.127105,7.454328,-7.878897,0.836818,16.091789,-23.668856,52.457431,21.544659,-20.472213,-9.389961,7.475581,-24.387651,21.238847,25.570895,-1.726850,-13.909732,10.293057
597.000000,-58.426988,52.424681,65.739626,14.124382,23.657469,-38.799121,-52.338732,32.235850,11.314231,69.882466,-42.851582,-1.151653,-64.008100,10.540882,-1.792936,58.252307,-36.093482,-3.270662,-6.326077,7.333484,-7.839695,1.139416,16.112336,-23.138490,52.328979,21.061903,-20.345851,-9.257202,7.163750,-24.190126,21.502253,25.767025,-1.656924,-13.652493,9.889050
598.000000,-58.357942,52.430284,65.753883,14.010344,23.695816,-38.853426,-52.207128,32.386390,11.340780,69.783640,-43.063807,-1.160073,-63.847516,10.653614,-1.808983,58.076764,-36.068549,-3.395803,-6.583939,7.656817,-7.769419,1.145091,15.887947,-23.042202,52.550994,21.184100,-20.381377,-9.241516,7.056536,-24.222931,21.769877,25.952033,-1.395852,-13.478214,9.847932
599.000000,-58.312118,52.432424,65.758431,14.089889,23.727837,-39.027203,-52.232178,32.458579,11.420273,69.961074,-42.989006,-1.001776,-63.872084,10.775308,-1.698253,58.014247,-36.107197,-3.353146,-6.695217,7.749634,-7.769858,1.111453,15.868585,-23.313994,52.455061,21.428177,-20.294305,-9.523082,6.951625,-24.272841,21.984905,25.948923,-1.407551,-13.561166,9.906082
600.000000,-58.312905,52.456236,65.778881,14.233899,23.806414,-39.203186,-52.246408,32.569006,11.693425,69.912075,-42.860001,-1.089805,-63.984126,10.775159,-1.681171,57.864263,-35.855805,-3.232670,-6.785117,7.829710,-7.810781,1.107407,15.889219,-23.530936,52.461208,21.464117,-20.213571,-9.470325,6.920580,-24.322877,22.012059,25.849824,-1.503088,-13.707957,10.110668
601.000000,-58.291370,52.462256,65.802354,14.297903,23.843901,-39.287810,-52.189851,32.559081,11.796246,69.751483,-42.997827,-0.985091,-63.992657,10.854278,-1.559211,57.768169,-35.935408,-3.115231,-6.860347,7.896024,-7.809112,0.984747,15.982141,-23.761501,52.567011,21.229867,-20.258749,-9.445358,6.878426,-24.334188,22.070255,25.891106,-1.422336,-13.826357,9.947522
602.000000,-58.218604,52.436572,65.834016,14.155459,23.932095,-39.077868,-52.195626,32.500646,11.601727,69.658511,-42.854267,-1.002180,-63.822633,10.768085,-1.699424,57.648292,-36.057177,-3.346361,-7.062166,8.115148,-7.821134,0.994312,15.954395,-23.842150,52.657603,21.366527,-20.395051,-9.509784,6.987556,-24.300131,22.009267,25.893338,-1.316718,-13.908769,10.128959
603.000000,-58.215266,52.448696,65.832537,14.200119,23.934064,-39.088179,-52.190613,32.462564,11.655456,69.631750,-42.901156,-0.985095,-63.859475,10.748364,-1.668233,57.663879,-36.007702,-3.287213,-7.074839,8.124818,-7.822330,0.989642,15.956741,-23.899629,52.664375,21.389144,-20.387841,-9.506826,6.928889,-24.322929,22.025275,25.883449,-1.348087,-13.896615,10.101139
604.000000,-58.189768,52.458304,65.844500,14.254842,23.934383,-39.072819,-52.079424,32.500004,11.912820,69.526736,-43.031046,-0.972416,-63.878525,10.734342,-1.546164,57.660805,-35.984237,-3.182844,-6.981258,8.150072,-7.873941,0.989020,15.918861,-23.991243,52.707368,21.238168,-20.280783,-9.576785,6.946860,-24.413581,21.942372,25.843658,-1.488937,-13.724832,9.844564
605.000000,-58.147651,52.437663,65.837473,14.191311,23.973662,-39.035655,-52.098446,32.538048,11.844293,69.567232,-42.961972,-1.012945,-63.843083,10.734984,-1.619274,57.695011,-36.096303,-3.257468,-6.898275,8.260343,-7.930552,1.090359,15.964357,-23.962078,52.622585,21.256131,-20.329278,-9.608164,7.096897,-24.539012,21.848496,25.724557,-1.430008,-13.763716,9.959720
606.000000,-58.124107,52.427113,65.829593,14.204549,23.974228,-39.123567,-52.066044,32.575638,11.838685,69.630111,-43.014151,-0.956128,-63.844128,10.826956,-1.570579,57.693303,-36.046890,-3.219211,-6.790089,8.201200,-7.996793,1.224937,15.989014,-23.840439,52.531026,21.263806,-20.432827,-9.811966,7.238129,-24.492370,21.919013,25.684961,-1.414620,-13.714927,10.094720
607.000000,-58.081055,52.419466,65.822434,14.195401,24.015491,-39.178896,-52.054975,32.637612,11.830356,69.686036,-43.109876,-0.984776,-63.849278,10.883701,-1.571207,57.711397,-36.061975,-3.294810,-6.725836,8.217396,-8.018544,1.322129,15.886497,-23.626767,52.586320,21.313549,-20.525497,-9.758420,7.313737,-24.504721,21.864443,25.675900,-1.392994,-13.770191,10.164228
608.000000,-58.078754,52.435184,65.785748,14.360885,24.081742,-39.306195,-52.186890,32.654076,11.939810,69.708275,-43.161437,-0.952963,-64.118032,10.861353,-1.537857,57.875997,-35.963483,-3.279706,-6.647575,8.118283,-8.144834,1.309185,15.910919,-23.560376,52.648293,21.456810,-20.616112,-9.609817,7.429956,-24.407280,21.663308,25.659069,-1.410258,-13.748087,10.324171
609.000000,-58.044010,52.430832,65.783316,14.408136,24.160377,-39.288345,-52.278138,32.606121,11.907507,69.725467,-43.180046,-0.951400,-64.161602,10.888954,-1.463645,57.823856,-36.005130,-3.210762,-6.659621,8.152038,-8.258389,1.375089,15.832157,-23.629378,52.742328,21.258412,-20.617910,-9.521070,7.517205,-24.482743,21.611063,25.588214,-1.475150,-13.778738,10.285537
610.000000,-58.026809,52.427202,65.788680,14.437898,24.206588,-39.354197,-52.294329,32.655643,11.945628,69.726854,-43.142685,-0.936833,-64.181416,10.923145,-1.463151,57.773831,-36.061411,-3.212940,-6.684199,8.167469,-8.320511,1.418721,15.873626,-23.744960,52.742174,21.273821,-20.647968,-9.098410,7.560943,-24.571660,21.741669,25.527964,-1.125877,-13.839537,10.277562
611.000000,-58.017612,52.440512,65.789878,14.484544,24.317652,-39.422604,-52.457656,32.684853,11.886608,69.758819,-43.137583,-0.922862,-64.288131,10.964736,-1.493748,57.720180,-35.935749,-3.117798,-6.665024,8.198433,-8.288042,1.354050,15.850924,-23.686415,52.801436,21.481450,-20.635854,-9.116376,7.550298,-24.628433,21.755396,25.436960,-1.287158,-13.724620,10.231218
612.000000,-58.023149,52.460009,65.782404,14.577853,24.365352,-39.459185,-52.564053,32.630785,11.921482,69.761660,-43.117393,-0.825591,-64.406703,10.913917,-1.476653,57.718220,-35.881518,-3.014896,-6.619125,8.151418,-8.180255,1.162606,15.867018,-23.812001,52.790457,21.423209,-20.542448,-9.204986,7.535285,-24.646500,21.816975,25.307796,-1.121195,-13.607463,10.276620
613.000000,-58.027273,52.484524,65.796137,14.605447,24.400261,-39.519955,-52.613716,32.670390,11.961826,69.785006,-43.130076,-0.762431,-64.439071,10.964714,-1.416698,57.625712,-35.842217,-3.027577,-6.574107,8.173521,-7.926954,1.040978,15.878330,-23.734638,52.737619,21.450904,-20.536984,-9.132169,7.541386,-24.674656,21.735769,25.192570,-1.149837,-13.575379,10.017261
614.000000,-58.115566,52.588427,65.828675,14.732159,24.231663,-39.619116,-52.512632,32.500287,12.208395,69.703508,-43.071190,-0.504569,-64.547542,10.873589,-1.227598,57.687457,-35.588496,-2.908968,-6.597016,7.852131,-7.046391,0.758974,16.083335,-23.692975,52.388073,21.263110,-20.535925,-8.649890,7.325643,-24.691795,21.503326,24.824787,-1.027570,-13.572893,9.820352
615.000000,-58.327729,52.797139,65.856761,14.805917,24.055503,-39.540064,-52.767026,32.078072,12.141315,69.790641,-42.860253,-0.214872,-64.751757,10.604491,-1.100740,57.710454,-35.105502,-2.985848,-6.787400,7.564966,-5.140024,0.207691,16.407115,-23.488997,51.422920,20.944804,-20.632958,-7.991874,7.022608,-24.755326,20.731955,23.677220,-0.511301,-13.228269,9.941791
616.000000,-58.613503,53.027505,65.903801,14.588499,23.726837,-39.258670,-52.835850,31.751845,11.996064,69.805052,-42.791419,0.116490,-64.651203,10.453182,-0.981103,57.718076,-34.910449,-3.125424,-7.330685,7.259446,-2.315236,-0.332881,16.931602,-23.452928,50.062688,20.955773,-21.054587,-6.528869,6.293282,-25.004708,20.570248,22.167782,-0.828564,-13.105164,9.589837
617.000000,-58.992195,53.374070,65.821993,14.641831,24.185754,-38.874645,-54.390931,31.281027,11.160944,70.116926,-42.660426,0.293168,-65.505763,10.097364,-1.300564,57.568584,-34.429238,-3.302277,-8.344615,7.575160,-0.285961,-0.679891,17.522903,-23.755504,48.426478,22.047133,-21.595808,-5.508064,5.832667,-25.671085,20.702710,20.076965,-1.402003,-13.151914,9.359872
618.000000,-59.345382,53.683883,65.698951,15.136650,24.901463,-38.998328,-56.117104,31.156516,10.777532,70.403227,-42.362937,0.253833,-66.836673,9.892998,-1.485289,57.400848,-33.730514,-3.158515,-9.057913,7.770384,1.120223,-1.097560,17.748697,-24.059953,47.162320,23.044264,-21.622634,-5.315425,5.319658,-26.204535,20.688751,18.393476,-2.667475,-13.262543,9.182442
619.000000,-59.772342,54.032218,65.534556,15.998180,25.224399,-39.806079,-57.390145,31.159412,10.892296,70.890397,-42.148589,0.216863,-68.278136,9.944415,-1.210642,57.355831,-32.928315,-2.623736,-9.248307,7.187306,2.567383,-1.593562,18.438335,-24.237842,45.981646,23.723810,-21.973822,-4.134004,4.708529,-26.461205,20.377497,17.209932,-3.342323,-13.194174,8.507831
620.000000,-60.124815,54.368162,65.389293,16.754611,25.481291,-40.524195,-58.448832,31.163766,11.092275,71.246714,-41.946094,0.212634,-69.489737,9.923696,-1.044620,57.264347,-32.086774,-1.873207,-9.183036,6.695506,4.064133,-2.059914,18.911240,-24.143510,45.000292,24.246104,-22.062464,-3.605177,4.875365,-26.752809,19.693577,15.650694,-3.066016,-13.565531,8.150487
621.000000,-60.390884,54.637212,65.258986,17.344862,26.078535,-40.818862,-59.858979,31.097916,10.990124,71.374056,-41.921703,0.166693,-70.662289,9.819472,-1.076240,57.000370,-31.554726,-1.563176,-9.051884,6.784441,5.277314,-2.193444,18.989348,-23.268752,44.070747,25.029367,-22.603562,-2.587239,6.015934,-27.384440,18.262592,13.583923,-2.752331,-14.295731,8.056787
622.000000,-60.570043,54.869521,65.141481,17.883340,26.627562,-41.096446,-61.095188,31.101174,11.001279,71.647585,-41.823140,0.212532,-71.729902,9.705550,-1.106905,56.857862,-30.993387,-1.342779,-9.096104,7.008821,6.193713,-1.787474,19.024025,-22.368443,43.265656,24.688882,-22.821639,-1.672689,7.145297,-27.786716,16.438250,11.492247,-2.073048,-14.429053,9.271933
623.000000,-60.685450,55.008924,65.000194,18.389925,27.330202,-41.408300,-62.476785,31.211553,10.715633,71.967600,-41.742520,0.079456,-72.819324,9.710751,-1.281882,56.735359,-30.730592,-1.005922,-9.180811,7.449239,6.482439,-0.985275,18.968414,-21.856730,42.744386,24.796756,-23.240675,-1.744399,7.935118,-28.302400,15.257207,9.817296,-2.533468,-14.670092,9.906011
624.000000,-60.700947,55.021280,64.950448,18.557990,27.807206,-41.380209,-63.202828,31.268531,10.437986,71.935607,-41.566424,-0.168642,-73.281530,9.633854,-1.488290,56.568269,-30.543643,-1.049530,-9.289993,8.011557,6.587188,-0.559400,18.965436,-22.266219,42.584573,25.396880,-23.702613,-1.080795,8.503532,-28.816326,14.620944,8.420525,-3.203884,-14.870263,10.381164
625.000000,-60.661083,55.022132,64.939958,18.449773,28.076670,-41.075295,-63.603213,31.065568,10.012615,72.015807,-41.466447,-0.330822,-73.362707,9.507334,-1.622183,56.503389,-30.672935,-1.244062,-9.624217,8.469076,6.862767,-0.260971,19.106015,-22.706581,42.280831,25.656361,-24.031073,-0.967874,8.837855,-29.131652,14.110730,7.605062,-4.062007,-15.003124,10.411846
626.000000,-60.648930,55.013394,64.923191,18.539061,28.274898,-41.014345,-63.919697,31.017204,9.926049,71.992366,-41.438177,-0.176208,-73.602105,9.430102,-1.711185,56.572234,-30.591116,-1.340757,-9.779989,8.628166,6.811083,-0.106197,19.198540,-22.958072,42.044104,25.466331,-24.230750,-0.515875,8.978447,-29.495506,14.009270,7.071176,-4.364011,-14.952131,10.268944
627.000000,-60.582316,54.956716,64.930266,18.329835,28.401176,-40.884042,-64.020955,31.143747,9.684946,72.059910,-41.469695,-0.139144,-73.451287,9.528476,-1.852383,56.469600,-30.778731,-1.501361,-9.866528,8.883596,6.804602,0.125982,19.065520,-22.653443,42.031044,25.797800,-24.317485,-0.780389,9.174660,-29.590657,14.052501,6.840579,-4.162637,-14.966997,10.496919
628.000000,-60.526663,54.925615,64.890075,18.294003,28.489426,-40.922763,-64.140954,31.197463,9.522588,72.215822,-41.585644,-0.057876,-73.487324,9.622657,-1.892654,56.534842,-30.911947,-1.486005,-9.814833,8.979589,6.627596,0.290218,19.024990,-22.562463,41.959741,26.093590,-24.479712,-0.445609,9.327193,-29.706238,14.010271,6.744732,-4.120412,-15.051792,10.729088
629.000000,-60.527110,54.924965,64.841682,18.564881,28.526392,-41.214902,-64.238175,31.320041,9.770335,72.297744,-41.700600,0.216752,-73.845635,9.729687,-1.747655,56.736483,-30.629782,-1.301067,-9.667085,8.792703,6.331771,0.310936,18.959572,-22.586254,42.100610,26.011257,-24.542318,-0.211802,9.316670,-29.745235,14.045230,6.787240,-3.891838,-15.041135,10.657418
630.000000,-60.477060,54.892629,64.826661,18.703412,28.511108,-41.504631,-64.185234,31.470814,9.882202,72.452618,-41.771641,0.461509,-73.880333,9.939576,-1.605949,56.709077,-30.566538,-1.302365,-9.468953,8.708077,6.131959,0.235327,18.821182,-22.935523,42.415372,25.526276,-24.446806,-0.041615,9.393130,-29.881244,14.004733,6.785798,-3.658103,-15.049518,10.390458
631.000000,-60.395193,54.845738,64.817542,18.439800,28.646183,-41.360021,-64.325485,31.537128,9.470882,72.655734,-41.831979,0.470232,-73.694476,10.012572,-1.820256,56.652424,-30.922203,-1.554307,-9.568234,8.982840,5.968422,0.172414,18.651604,-22.970973,42.639000,25.778804,-24.625084,-0.263833,9.677892,-29.917383,14.037987,6.746541,-3.585051,-15.129332,10.510713
632.000000,-60.354310,54.842544,64.807189,18.310185,28.698014,-41.317135,-64.363038,31.556430,9.266774,72.752518,-41.949079,0.547939,-73.612719,10.024925,-1.967012,56.618286,-31.015083,-1.552214,-9.811457,9.014518,6.025619,0.285320,18.571377,-22.901742,42.735835,25.763060,-24.774896,-0.127781,9.616429,-29.963285,14.193915,6.738414,-3.580691,-15.256927,10.632002
633.000000,-60.325783,54.837346,64.782733,18.340607,28.741091,-41.362044,-64.380236,31.676085,9.386554,72.700875,-42.084354,0.527824,-73.654841,10.041300,-1.961419,56.640686,-31.060695,-1.527171,-9.907684,8.966857,5.908230,0.304417,18.526820,-22.984618,42.983805,25.718797,-24.683388,-0.427011,9.540465,-29.977939,14.377695,6.844179,-3.442106,-15.227613,10.480901
634.000000,-60.319561,54.840779,64.742392,18.317655,28.768994,-41.519908,-64.503002,31.760417,9.160918,73.001410,-42.091078,0.491067,-73.728839,10.240887,-1.960860,56.696430,-31.020581,-1.482750,-9.793355,8.917509,5.814789,0.231355,18.520789,-22.981090,43.166099,25.823946,-24.794171,-0.747907,9.644604,-29.899631,14.441479,6.955137,-3.132842,-15.324515,10.486988
635.000000,-60.320473,54.859936,64.749706,18.261512,28.769410,-41.536803,-64.440492,31.906214,9.274607,72.902659,-42.185782,0.414444,-73.653509,10.311895,-1.951662,56.579767,-30.933804,-1.378056,-9.720280,8.905206,5.914767,0.152622,18.462756,-23.091799,43.453261,25.188259,-24.896236,-1.044983,9.731737,-29.883567,14.312474,6.992591,-2.999036,-15.323912,10.578566
636.000000,-60.322833,54.891020,64.784539,17.988469,28.576365,-41.459020,-64.101489,31.995137,9.312397,72.929632,-42.197721,0.435316,-73.314226,10.288613,-2.043576,56.537133,-30.884428,-1.464533,-9.639333,8.662137,6.444651,-0.299961,18.636012,-23.305760,43.848974,24.681420,-24.826544,-0.827454,9.385923,-29.687356,14.816263,7.072904,-2.849127,-15.017411,9.908807
637.000000,-60.397029,55.018264,64.843035,18.012181,27.863033,-41.662130,-63.137490,31.933313,10.062341,72.842902,-42.379196,0.651401,-73.007066,10.352930,-1.438267,56.865894,-30.841019,-1.144854,-9.651145,7.723025,7.776905,-1.446071,19.153433,-24.259097,44.215213,23.441260,-24.434250,-0.338706,8.076654,-29.200988,15.736788,7.649484,-2.144162,-14.471786,8.860842
638.000000,-60.393012,55.142707,65.060973,16.946068,26.510887,-41.024550,-61.117960,31.586927,10.396589,72.762429,-42.416503,1.039511,-71.261167,10.142909,-1.164086,57.077879,-30.987486,-0.986844,-10.414496,6.730091,10.984486,-3.224815,19.469963,-24.982016,45.005127,22.651183,-24.076973,-0.075215,5.664285,-28.402385,17.451854,8.789092,-1.192783,-14.144944,7.800199
639.000000,-60.409361,55.292004,65.391165,15.691089,24.990569,-40.189611,-58.684295,31.115053,10.804850,72.156789,-42.381218,1.105838,-69.053950,9.740913,-0.991527,56.999821,-31.230173,-1.064994,-10.469772,5.993076,14.839967,-6.008226,20.037499,-26.692736,45.889237,22.245122,-23.984679,1.075665,3.742694,-28.265488,18.417262,9.030182,-0.613006,-13.992081,6.420271
640.000000,-60.441434,55.412728,65.824282,14.195604,23.182991,-39.165894,-55.845918,30.494397,11.084657,71.389062,-42.167703,1.194611,-66.216307,9.231632,-0.885486,56.594630,-31.471719,-1.265813,-10.354273,5.293704,19.700325,-8.995808,20.528810,-27.586417,46.460128,20.748848,-23.489502,1.947073,1.696871,-28.083274,19.190057,9.248181,0.492243,-13.597538,5.108757
641.000000,-60.434592,55.580205,66.148037,13.362025,21.865037,-38.550807,-53.739351,29.757119,11.441650,70.712382,-42.036372,1.339796,-64.282851,8.697304,-0.667147,56.308602,-31.517710,-1.233114,-10.110081,5.096353,22.713574,-10.602939,20.344371,-28.862283,46.674508,20.267540,-23.125643,3.168292,0.391870,-28.881913,20.223323,9.173834,0.261655,-13.491071,4.039067
642.000000,-60.404319,55.733556,66.371304,13.143499,21.846463,-38.234668,-53.421126,29.361402,11.393964,70.011358,-41.627233,1.096781,-63.650068,8.418110,-0.721804,55.405747,-31.302132,-1.232772,-10.151734,5.653476,23.256774,-11.251889,20.453300,-29.928523,46.910552,20.758388,-23.670082,3.617112,-0.276506,-29.444447,20.794729,9.558412,0.657645,-13.725590,3.750627
643.000000,-60.338449,55.823755,66.562867,13.002815,21.705799,-37.938667,-52.928816,29.114105,11.692556,69.432616,-41.349958,0.654466,-63.068567,8.080282,-0.709562,54.852938,-31.208555,-1.162916,-10.281795,5.955870,24.055824,-11.580779,20.234420,-29.733053,47.027403,20.454395,-23.222527,3.502408,-0.721835,-29.191426,20.450456,10.403207,1.323552,-13.333000,3.661188
644.000000,-60.271704,55.873466,66.769403,12.794727,21.190520,-37.757931,-51.872835,28.750425,12.002927,68.774712,-41.057397,0.253936,-62.244511,7.843200,-0.486093,54.547571,-31.069776,-1.068986,-10.408525,5.688344,24.974008,-11.948215,19.959935,-29.759254,47.653366,20.305092,-23.185345,4.287023,-1.600936,-29.026091,20.843608,10.988250,0.909932,-13.242513,3.362389
645.000000,-60.184491,55.905962,66.903913,12.491307,20.719507,-37.466418,-50.950722,28.553667,12.293420,68.377297,-41.132045,0.026122,-61.445673,7.536650,-0.507361,54.434371,-31.067488,-0.874194,-10.656363,5.682386,25.457502,-12.382078,19.878021,-30.076502,48.071865,20.309243,-23.074211,4.303814,-2.419755,-29.174084,21.481997,11.307083,0.509549,-13.479144,3.267467
646.000000,-60.068446,55.894989,67.056394,11.994341,20.383510,-36.933285,-50.242622,28.187219,12.005522,68.029879,-40.890977,-0.140413,-60.532224,7.259059,-0.657278,54.224687,-31.196237,-0.735611,-10.917956,6.008540,25.654447,-12.991892,19.261680,-29.578991,48.873770,20.352217,-22.664555,3.668589,-2.728076,-28.784712,21.330158,12.027605,0.353298,-13.595140,3.403025
647.000000,-59.973425,55.875945,67.158002,11.791997,20.058186,-36.435630,-49.628414,27.739640,12.117515,67.602986,-40.870175,-0.022424,-59.997099,6.848762,-0.634085,54.319893,-31.322756,-0.876975,-11.042997,5.917567,25.322993,-13.701330,19.006695,-29.487429,49.722527,20.197479,-22.671660,3.206110,-3.139442,-28.004153,21.242493,13.305180,0.107338,-13.725229,3.494491
648.000000,-59.944975,55.880374,67.233145,11.534891,19.823088,-36.256819,-49.225361,27.624881,12.100650,67.416344,-40.825318,0.094028,-59.559728,6.785607,-0.682466,54.274141,-31.191900,-1.110874,-10.963732,6.025297,24.786229,-14.199783,18.808104,-29.496476,50.390424,20.605424,-22.755013,3.441302,-3.912664,-27.824333,21.738988,14.823088,-0.054894,-13.740228,2.515867
649.000000,-59.955955,55.884558,67.198455,11.569063,19.931613,-36.280223,-49.374293,27.557431,11.944738,67.475241,-41.098403,0.201324,-59.737654,6.951889,-0.538942,54.342129,-31.497113,-1.304943,-10.691456,6.178978,23.873779,-14.105339,18.662881,-29.148235,50.355798,20.675768,-22.717860,2.731421,-4.131779,-27.329605,21.740893,15.745138,-0.022527,-13.617892,2.513122
650.000000,-59.982008,55.879378,67.244589,11.615920,20.223680,-36.055804,-49.722196,27.224456,11.546571,67.193099,-40.970705,0.195272,-59.813585,6.853458,-0.614889,53.928626,-31.649372,-1.597295,-10.535190,6.343456,23.478519,-14.054338,18.609812,-27.451054,50.086703,21.532935,-22.927929,2.144275,-4.204621,-26.683905,20.703555,16.519017,-0.834961,-13.636342,3.674313
651.000000,-60.102165,55.896586,67.294037,12.003267,20.651391,-36.313553,-50.153218,27.410693,11.905080,66.689591,-40.848824,-0.039595,-60.289807,7.017392,-0.465233,53.325254,-31.174930,-1.418692,-10.066942,6.316162,23.078972,-13.645966,18.224975,-26.267605,50.571260,20.737967,-23.061483,1.850992,-4.027906,-26.292451,20.469029,16.722627,-1.673394,-13.525487,3.735619
652.000000,-60.160410,55.900288,67.344511,12.488793,21.161172,-36.505302,-50.811594,27.338894,12.038633,66.322947,-40.598422,-0.255260,-60.826093,6.998503,-0.373961,52.729453,-30.869976,-1.265635,-10.018406,6.198354,22.677724,-13.094404,18.235166,-25.772805,50.482136,20.643265,-23.275900,1.740260,-3.993428,-26.255001,20.779903,16.369148,-1.762530,-13.658051,4.153055
653.000000,-60.262972,55.890340,67.393577,13.165934,21.700646,-36.879407,-51.513314,27.256941,12.253118,65.914911,-40.170286,-0.542193,-61.578083,7.061742,-0.194277,52.161400,-30.246861,-0.994498,-10.100849,5.890850,22.853526,-12.660518,18.731599,-25.245964,49.561625,21.135749,-23.476465,1.840188,-4.064197,-26.201080,20.366712,15.560506,-2.040537,-13.613881,4.786159
654.000000,-60.404164,55.866158,67.429459,13.936529,22.239268,-37.249858,-52.272397,27.129248,12.493301,65.474678,-39.737484,-0.802049,-62.446712,7.053457,-0.029293,51.688894,-29.585723,-0.911847,-9.985608,5.663782,23.365290,-12.352940,18.913031,-23.980635,48.577829,21.563131,-23.748272,2.197918,-3.637932,-26.369327,19.262971,14.532424,-1.959063,-13.867372,5.655707
655.000000,-60.516453,55.818117,67.479241,14.830259,22.773453,-37.683685,-52.928215,26.916503,12.803333,64.859162,-39.363473,-0.750745,-63.325354,7.035148,0.233929,51.178437,-29.026330,-0.887293,-9.516513,5.656102,24.099920,-12.122898,18.780442,-22.285234,47.418523,22.055253,-24.237679,2.295268,-2.410194,-26.398736,17.436713,12.684273,-2.028405,-13.805273,6.735731
656.000000,-60.585070,55.762559,67.448223,15.847649,23.516049,-38.251183,-54.015731,26.888252,13.060845,64.683066,-38.822269,-0.992977,-64.492750,7.027587,0.333097,50.771716,-28.419282,-0.700506,-9.039206,5.757339,23.987126,-11.396464,18.393793,-21.440922,46.461757,22.191401,-24.454446,1.946233,-1.001100,-26.588116,16.410124,11.010884,-2.214738,-14.144619,7.937698
657.000000,-60.622185,55.669373,67.411399,16.816532,23.817045,-39.058981,-54.417948,27.024349,13.746709,64.486999,-38.571810,-1.116047,-65.397026,7.265808,0.827759,50.700593,-28.053704,-0.373775,-8.547123,5.195793,23.933444,-10.837113,18.455996,-21.469228,45.649655,22.618151,-24.599119,2.417514,-0.563458,-26.763864,16.459038,10.457877,-2.623643,-14.221746,7.945848
658.000000,-60.582143,55.564350,67.356867,17.545088,24.005289,-39.638270,-54.573987,27.108860,14.334641,64.366453,-38.568039,-1.101486,-66.128204,7.336364,1.094404,50.895704,-27.679154,-0.194199,-8.262895,4.876040,23.918310,-10.725318,18.522817,-21.617182,45.140761,23.093855,-24.708173,3.011321,-0.331400,-27.009927,15.894764,9.867514,-2.720360,-14.298583,8.261424
659.000000,-60.553312,55.452484,67.235494,17.945188,24.256443,-39.904148,-55.081862,27.257123,14.371994,64.723057,-38.703526,-1.105018,-66.744465,7.442620,1.123452,51.288649,-27.908587,-0.202401,-8.185433,4.863988,23.748276,-10.566807,18.467358,-21.596394,45.071250,23.254856,-24.728852,3.211288,0.173776,-26.948629,15.401312,9.418707,-2.538135,-14.592815,8.507655
660.000000,-60.515821,55.333883,67.132503,18.188997,24.432064,-40.020648,-55.348868,27.422929,14.492881,64.875206,-38.778997,-0.836315,-67.212606,7.550737,1.150957,51.727765,-28.168820,-0.287395,-8.390242,4.974440,23.457474,-10.402347,18.161345,-21.663816,45.253808,22.793016,-24.605212,2.935876,0.579459,-26.939168,15.385590,9.054841,-1.601158,-14.645387,8.868034
661.000000,-60.499847,55.186075,67.113215,18.215369,24.554286,-39.874322,-55.475578,27.325077,14.310992,64.822020,-38.784256,-0.530763,-67.306863,7.550571,1.077223,51.871465,-28.389459,-0.503323,-8.572999,5.074324,23.750907,-10.794846,18.749882,-21.510788,44.957719,23.111719,-24.613155,3.041848,0.314585,-27.185307,15.560219,8.559409,-1.559555,-14.571350,8.628608
662.000000,-60.458738,55.115414,67.081636,18.464858,24.719352,-39.845757,-55.696019,27.198068,14.397426,64.784720,-38.856195,-0.076243,-67.588793,7.473420,1.213444,51.958803,-28.621431,-0.499786,-8.589139,5.165470,23.771160,-10.830753,19.147177,-21.663371,44.432932,23.054117,-24.661353,2.800611,0.255636,-27.174579,15.447866,8.274168,-2.025237,-14.202653,8.210638
663.000000,-60.451120,55.067253,67.041957,18.875836,24.971722,-39.942734,-56.149722,26.909946,14.322170,64.666845,-38.946500,0.071542,-68.089534,7.412926,1.362794,52.033829,-28.734807,-0.485756,-8.782980,5.263784,24.096177,-10.520170,19.360212,-21.486595,43.469691,23.349756,-24.763862,3.120985,0.423945,-27.295178,14.859961,7.319851,-2.384958,-14.036470,8.488227
664.000000,-60.487944,55.070728,66.925454,19.206420,25.274074,-40.051237,-56.878923,26.949953,14.234130,65.082448,-38.924097,0.290312,-68.775907,7.425784,1.401573,52.340491,-28.811958,-0.496456,-9.069706,5.437120,25.191882,-9.866386,19.497963,-20.490634,41.617347,23.592460,-25.020021,3.276738,0.880580,-27.499149,14.066168,5.619504,-2.425198,-14.302504,9.046155
665.000000,-60.600656,55.131787,66.753125,19.767664,25.545174,-40.400665,-57.630165,26.914128,14.304748,65.371303,-39.032431,0.368600,-69.715707,7.439576,1.516593,52.676096,-28.725969,-0.406579,-9.401378,5.346964,27.078065,-8.718405,19.655854,-18.271593,38.292103,24.309244,-25.400751,3.647455,1.488541,-28.235491,12.374891,2.696650,-2.631611,-15.052246,10.886502
666.000000,-60.787457,55.224049,66.497397,20.697752,26.074246,-41.077616,-59.031836,27.028843,14.300011,66.041441,-39.188207,0.673871,-71.188794,7.576586,1.653799,52.981617,-28.597968,-0.300840,-9.326963,4.977344,28.595285,-7.260864,19.649066,-16.087524,35.400430,24.749752,-25.802144,3.893962,2.698922,-28.388225,10.764313,0.084990,-3.122932,-15.408188,12.067836
667.000000,-60.984474,55.293149,66.192073,22.069068,27.515680,-42.015788,-61.520279,27.360095,14.061061,66.251325,-39.364767,0.585289,-73.488423,7.837671,1.404282,52.702839,-27.779622,-0.122114,-9.310541,5.038291,28.944665,-5.277330,19.301551,-13.720294,32.777169,23.709033,-25.889304,1.245908,4.458640,-28.424116,8.724025,-2.460666,-3.248290,-15.453211,13.488912
668.000000,-61.063755,55.273312,65.971249,23.437024,28.352409,-43.134497,-63.072986,27.804481,14.388246,66.684271,-39.176729,0.529864,-75.261670,8.203582,1.603503,52.637437,-27.081519,0.189752,-9.084730,4.652821,28.935253,-3.678256,18.944838,-12.299224,30.528716,24.755175,-26.158438,1.509748,5.741554,-28.291325,7.730712,-3.749728,-3.514940,-16.129881,14.675000
669.000000,-61.139429,55.214578,65.770543,24.613062,28.864040,-44.246652,-64.062059,28.362559,14.931741,66.962574,-39.233983,0.307966,-76.670916,8.565503,1.692661,52.737786,-26.507455,0.579614,-8.819792,4.188602,28.996602,-2.458729,19.500999,-11.881558,27.878358,26.958871,-26.725507,4.911806,6.665613,-28.916456,6.423579,-5.095925,-4.183927,-17.254506,15.519163
670.000000,-61.153221,55.196249,65.565950,25.602485,29.356743,-44.788362,-65.178924,28.470585,15.248899,67.329403,-39.290909,0.610916,-78.024878,8.519786,1.798466,53.175768,-26.525842,0.745263,-9.069444,3.905598,29.038679,-1.525341,19.754072,-11.706722,26.369071,26.987401,-26.782126,4.725237,7.320133,-29.086986,5.826594,-6.248502,-3.157646,-17.374055,16.349335
671.000000,-61.206168,55.151224,65.406162,26.659087,30.196315,-45.128934,-66.716400,28.422065,15.386675,67.505389,-38.991327,0.851810,-79.524302,8.342461,1.743965,53.310296,-26.143635,0.863345,-9.415032,3.955791,29.142556,-0.231940,20.260580,-10.999115,24.094942,27.654166,-27.166386,6.946216,8.405730,-29.669205,4.384423,-8.250190,-2.282443,-17.536307,18.021230
672.000000,-61.244231,55.156493,65.211260,27.766826,31.120836,-45.415791,-68.537759,28.046746,15.044098,67.785830,-38.693797,0.956342,-81.070664,8.062590,1.734119,53.362540,-26.003927,1.114386,-9.964152,4.253940,29.283575,2.013780,20.113179,-10.135317,21.002442,28.233091,-27.596968,7.635682,10.240671,-30.136553,2.941578,-10.906741,-2.417604,-18.024294,19.565034
673.000000,-61.319768,55.176586,64.915890,28.815382,32.305584,-45.787324,-70.801304,27.872127,14.356726,68.281224,-38.643076,0.865476,-82.841896,7.858641,1.418346,53.416406,-25.929457,1.401531,-10.586091,4.796295,29.527533,4.513363,19.373683,-9.504423,18.247187,28.007723,-27.821966,7.540557,12.245903,-30.480733,1.425194,-13.654461,-2.520588,-18.382431,20.831937
674.000000,-61.427397,55.247188,64.573604,29.792659,33.361182,-46.251114,-72.845429,28.052176,14.046541,68.845650,-38.533591,0.721829,-84.613948,7.751886,1.106706,53.698565,-25.787267,1.833695,-11.081784,5.374014,29.756559,6.305372,19.011248,-9.338070,15.827445,28.304024,-27.844282,9.266376,13.964312,-31.322797,-0.148291,-15.998767,-2.235004,-19.056286,21.667768
675.000000,-61.464036,55.338019,64.253742,30.763771,34.081176,-46.703474,-74.413886,27.940128,13.888571,69.349356,-38.895192,0.796889,-86.193279,7.548912,0.971739,54.197995,-25.690971,2.239211,-11.482024,5.602908,29.793801,7.289771,18.372541,-9.731719,14.519355,27.423700,-27.644801,8.427265,15.233784,-31.201769,-1.186623,-17.346164,-1.945522,-19.331933,22.049481
676.000000,-61.545074,55.421269,64.016515,31.701171,34.885032,-46.796935,-75.945645,27.596237,13.913821,69.408997,-38.783166,0.818553,-87.693659,7.046806,0.878618,54.558673,-25.819047,2.352959,-11.701911,6.124030,29.793804,8.238864,18.808193,-9.248994,11.942227,28.967133,-27.977546,12.837193,16.972349,-31.529851,-3.409699,-18.966930,-0.883393,-20.613589,22.854510
677.000000,-61.664999,55.491030,63.758415,32.413309,35.862936,-46.961541,-77.827656,27.439250,13.315169,69.764160,-38.544052,0.683313,-89.068030,6.707291,0.406813,54.661078,-25.724021,2.433747,-11.490642,6.878264,29.793804,9.114070,18.859144,-9.408253,10.513010,29.029260,-28.160826,12.507993,18.839209,-31.757948,-4.836013,-20.973983,0.137779,-20.557768,23.898197
678.000000,-61.694038,55.589432,63.601255,32.923585,36.553066,-47.277768,-79.036067,27.498847,13.030937,69.991803,-38.437552,0.467739,-89.927493,6.564542,0.088300,54.529017,-25.373837,2.896502,-11.193913,7.342522,29.793804,9.853071,18.539659,-9.875551,9.497712,28.005200,-28.335805,10.797146,20.003683,-32.661862,-5.664269,-22.131608,0.698606,-20.878789,24.171587
679.000000,-61.720455,55.664545,63.518584,32.847294,36.816256,-47.281570,-79.593929,27.616072,12.685247,70.378180,-38.631813,0.417775,-89.954370,6.568452,-0.096560,54.257435,-25.279684,3.155992,-11.109648,7.539969,29.793804,10.642946,18.809175,-10.169721,8.634227,28.146007,-28.318629,12.027920,20.863801,-32.876446,-6.188511,-22.640786,1.428608,-20.735513,24.296316
680.000000,-61.732966,55.765164,63.479501,32.661230,37.005841,-47.125498,-80.013037,27.365990,12.106257,70.651641,-38.451236,0.436678,-89.954377,6.346856,-0.506556,54.168004,-25.125194,3.104179,-10.993719,7.880218,29.793804,10.996211,19.048692,-10.615242,7.891590,29.504901,-28.379525,14.845075,21.837496,-32.995169,-6.822793,-23.234907,2.412355,-21.060501,24.667016
681.000000,-61.797732,55.860311,63.472313,32.488099,37.070476,-46.944311,-80.209459,27.345210,12.032006,70.716357,-38.549714,0.612809,-89.954377,6.278292,-0.571818,54.144795,-24.837129,3.101118,-10.828851,7.943849,29.793804,10.764802,19.404397,-11.124333,7.318991,31.231351,-28.554977,18.250168,22.001083,-33.024726,-7.094588,-23.636022,2.195047,-21.438497,25.231728
682.000000,-61.832386,56.019241,63.554960,32.310585,37.273147,-46.681489,-80.467961,27.107496,11.891281,70.610461,-38.411170,1.035914,-89.954377,5.852937,-0.943110,53.937341,-24.452094,3.235683,-10.543066,8.031532,29.793804,9.961651,19.629791,-11.477947,7.599283,30.567822,-28.743468,16.991742,21.457190,-33.172528,-7.035507,-23.581074,2.319235,-20.708941,24.719413
683.000000,-61.902410,56.190461,63.683552,32.243611,37.257243,-46.481111,-80.432834,26.722582,11.950170,70.240258,-38.118818,1.241615,-89.935724,5.651579,-0.823619,53.738118,-24.298538,3.424654,-10.493277,7.786748,29.793804,8.784464,19.471660,-11.502071,8.090034,29.937525,-28.217243,16.515792,20.015005,-33.139473,-6.336990,-22.670627,2.182601,-20.207728,23.979273
684.000000,-61.963934,56.406301,63.988638,31.663522,36.785071,-45.968681,-79.466328,26.310724,12.263525,69.524195,-37.801801,1.420605,-89.079402,5.354597,-0.697635,53.197967,-23.667659,3.387833,-10.448568,7.083466,29.793804,6.745093,19.833442,-11.806370,9.639615,29.539387,-28.367989,15.382334,17.394269,-32.561305,-4.190373,-20.262929,1.166339,-19.867572,23.362303
685.000000,-62.004232,56.597060,64.542443,29.936201,35.415515,-45.029764,-76.888034,26.183861,12.616413,68.701376,-37.616031,1.640129,-86.513942,5.378742,-0.483428,52.282919,-23.245094,3.179486,-10.184749,5.708690,29.793804,3.963097,20.623365,-11.835897,13.052025,28.302685,-27.892416,13.140835,13.456918,-31.444306,-0.742678,-16.177247,0.393738,-18.929511,21.601035
686.000000,-61.904871,56.804538,65.178853,27.036329,33.555716,-43.313179,-73.343220,25.973457,12.556461,67.988195,-37.509206,1.618744,-82.731513,5.270270,-0.514815,51.574499,-23.226793,2.866042,-9.861839,4.980182,29.793804,1.162861,20.155905,-12.133458,16.963497,27.699957,-27.487511,11.686832,9.971901,-30.313612,2.224880,-11.357124,-0.233037,-18.379283,20.330268
687.000000,-61.794579,57.021081,65.913498,24.016550,31.107468,-41.536732,-68.794007,25.599076,12.846278,66.856159,-37.507516,1.648966,-78.418283,5.164505,-0.220187,51.092264,-23.454924,2.505090,-9.335257,3.767930,29.793804,-1.667566,20.084711,-12.910868,21.414976,26.938649,-26.528719,9.724581,6.603969,-28.591891,4.887059,-6.179403,-1.764216,-17.300734,18.011974
688.000000,-61.649591,57.169217,66.551119,20.647162,28.346125,-39.921699,-63.969687,25.639610,12.788649,66.247856,-37.963861,1.196776,-73.689422,5.544539,0.114051,50.902101,-23.807224,1.749407,-8.569875,2.690082,29.793801,-4.256535,19.829127,-13.495596,26.187830,26.368309,-25.456387,7.323221,3.384008,-26.873212,8.069033,-0.930538,-2.880241,-16.260520,15.222639
689.000000,-61.437529,57.332307,67.047739,17.381243,25.315039,-38.398168,-59.085535,25.575929,12.661894,66.086800,-38.341728,1.035246,-68.921772,5.563128,0.126812,51.217509,-24.895609,0.755960,-8.203280,1.584104,29.246843,-6.513945,19.624414,-14.061933,31.182262,25.584657,-23.859960,3.759747,-0.092461,-24.962280,12.106969,4.746480,-2.854844,-15.320599,12.724030
690.000000,-61.150837,57.470280,67.371184,14.822463,23.665085,-36.449930,-56.338785,25.037640,11.790584,65.977162,-38.636246,1.529833,-65.445759,4.977815,-0.422541,51.274674,-26.387413,0.359491,-8.462738,1.886647,27.032398,-7.962241,19.596142,-15.089957,35.896431,25.073008,-23.310037,3.979400,-2.573331,-24.019627,14.896171,10.026630,-3.296443,-14.365978,9.898791
691.000000,-60.891455,57.692969,67.525220,12.964973,22.710271,-34.915833,-54.922552,24.611770,10.882105,66.200195,-38.953457,1.338660,-63.176327,4.302070,-1.087189,51.339984,-27.422890,0.121338,-9.013547,2.533925,24.331859,-7.901486,19.434764,-15.779494,38.492720,24.731558,-22.993714,3.633889,-3.357290,-23.219257,15.831699,13.690810,-4.306568,-13.954012,9.028623
692.000000,-60.663402,57.846802,67.626083,11.568951,21.996733,-34.077742,-53.759063,24.608859,10.227619,66.417333,-39.437912,1.412196,-61.411904,4.228737,-1.447884,51.245550,-27.985706,0.162245,-8.856050,3.125804,21.941418,-7.860190,19.079797,-16.629666,40.798526,23.831124,-23.068885,4.726289,-3.742037,-22.767083,16.624474,16.668122,-5.171232,-13.430880,8.236041
693.000000,-60.541236,58.035958,67.739558,10.529867,20.955929,-33.695910,-52.184612,24.535701,10.112219,66.518188,-39.925826,1.655760,-59.760289,4.209868,-1.444106,51.286470,-28.433256,0.226690,-8.563806,2.872033,20.540363,-8.158471,19.052516,-17.593340,42.744540,23.113551,-22.799632,3.604510,-4.448128,-22.151885,18.116243,19.559061,-5.233567,-13.145850,7.218864
694.000000,-60.456109,58.236480,67.756402,9.836237,20.077260,-33.505798,-51.007993,24.521711,10.240880,66.761062,-40.366350,1.698495,-58.622633,4.090776,-1.404520,51.548469,-29.008476,0.218329,-8.251873,2.466177,19.462366,-8.368698,18.869950,-18.658262,44.334369,22.081944,-21.810310,1.370511,-4.995640,-21.245942,19.220221,22.033424,-4.651099,-12.761498,6.388809
695.000000,-60.396177,58.408177,67.751116,9.293904,19.330207,-33.472246,-50.001718,24.557621,10.393864,66.916388,-40.855886,1.725862,-57.759058,4.094959,-1.292694,51.817715,-29.426528,0.257294,-7.870050,2.069745,18.587257,-8.365362,18.973338,-19.224168,44.956138,22.699837,-22.532616,2.800598,-5.245040,-21.227851,20.125260,23.635882,-5.056593,-13.173540,6.061202
696.000000,-60.444951,58.627820,67.642397,8.997425,19.071135,-33.212168,-50.101715,24.379462,10.149735,67.494065,-41.058610,1.800183,-57.675367,3.772173,-1.479990,52.292563,-29.743910,0.118558,-7.784781,1.815688,17.747280,-8.102174,18.755667,-19.534478,45.405062,22.742952,-21.964048,2.332184,-5.333197,-21.055141,20.801351,24.370383,-5.332213,-13.104187,6.072870
697.000000,-60.581255,58.788955,67.512321,9.122180,19.073316,-33.218998,-50.652461,24.096465,9.905868,67.918780,-41.184951,1.785227,-58.075896,3.524087,-1.470437,52.599519,-29.916201,0.378853,-7.466892,1.333320,17.154555,-7.906877,18.671128,-19.314289,45.231917,22.669779,-21.544626,1.780711,-5.199742,-20.890376,20.826563,24.954330,-5.837164,-12.887986,5.735882
698.000000,-60.835314,58.943033,67.442662,9.248305,19.201748,-33.204582,-51.391535,23.735614,9.478953,68.155049,-41.112507,2.212934,-58.473728,3.405791,-1.461856,52.425240,-29.427744,0.539735,-7.108978,0.614781,17.175918,-7.848420,19.170884,-18.755768,44.023861,22.895639,-22.195091,1.661953,-5.283314,-20.685571,20.456611,25.426545,-5.838736,-13.110412,5.979545
699.000000,-61.205488,59.047192,67.178875,9.422923,19.889611,-33.107360,-53.288050,23.793908,8.693599,69.025496,-40.892868,2.297693,-59.768677,3.548609,-1.662519,52.758307,-29.255681,0.536669,-6.928000,-0.056174,17.105126,-6.798929,19.602313,-17.865048,41.778157,23.973831,-22.865979,2.305117,-4.804824,-20.961302,19.825836,25.112261,-5.447085,-13.425715,6.212008
700.000000,-61.725956,59.168792,66.858226,9.340371,20.948504,-32.674198,-55.852646,23.897789,7.371966,69.922409,-40.640479,2.505510,-61.341615,3.599418,-2.477259,52.953374,-28.680036,0.276364,-7.044088,-1.015196,18.213145,-5.490401,20.400450,-15.616393,37.630982,24.499889,-23.326349,2.778028,-4.497212,-21.369020,18.675131,23.349475,-4.361463,-13.676151,6.917793
701.000000,-62.280822,59.241539,66.472286,9.250889,22.099371,-32.182657,-58.605694,24.061182,5.962893,70.919131,-40.194680,2.388066,-63.053820,3.729939,-3.209873,53.261815,-28.336069,0.047908,-6.814969,-2.384880,19.668739,-3.611292,20.935303,-12.607844,32.663491,25.541895,-23.759858,2.647398,-3.274727,-21.597316,16.862491,20.163121,-4.500750,-14.242716,10.049861
702.000000,-62.883461,59.281641,66.042435,9.276405,23.704973,-31.721338,-61.868851,24.307031,4.397648,71.670452,-39.767386,1.520117,-65.291657,3.931788,-4.128653,53.460932,-27.641513,-0.212591,-6.601227,-3.445140,20.109479,-1.596220,20.848242,-10.152412,28.976736,26.545549,-23.935058,3.343427,-1.696134,-21.894031,15.264636,17.005253,-4.572480,-14.627820,10.975917
703.000000,-63.244504,59.300673,65.703416,9.286401,24.903929,-31.217012,-64.356918,24.189612,3.073462,72.379521,-39.507641,1.313506,-66.980264,3.790403,-4.882401,53.883656,-26.992308,-0.215341,-6.538521,-4.377368,20.421255,0.093209,20.013120,-8.207723,26.461702,27.315018,-23.997950,4.208637,-0.314516,-21.693217,13.659047,14.984516,-4.209246,-15.272940,11.819059
704.000000,-63.552374,59.388864,65.444291,8.665631,25.846306,-29.862025,-66.562229,23.578493,1.482520,72.992271,-38.958019,1.191080,-67.931695,3.177524,-5.926445,54.267970,-27.074964,-0.310440,-6.835335,-4.649866,21.225248,0.881356,19.656519,-7.244066,24.124701,26.546978,-24.009710,4.550780,0.374276,-21.983855,12.542105,13.313315,-3.958968,-15.039433,12.197354
705.000000,-63.681972,59.442014,65.271723,8.412877,26.451321,-29.081243,-67.912421,22.934498,0.506558,73.335666,-38.605564,1.222825,-68.672935,2.615277,-6.650150,54.717328,-27.140493,-0.417625,-6.294776,-4.891093,21.413036,1.252445,19.925011,-7.287272,22.218378,27.626529,-24.629626,5.305350,1.021972,-22.516190,11.850446,12.044006,-3.350811,-15.265369,12.548334
706.000000,-63.736194,59.435755,65.195316,8.007703,26.722675,-28.344199,-68.627364,22.444420,-0.306954,73.502644,-38.391954,1.437578,-68.835234,2.183606,-7.290278,55.051676,-27.434602,-0.981864,-5.716597,-5.075732,21.606545,1.365273,20.105039,-7.513163,21.279314,27.678484,-24.818261,5.385661,1.456150,-22.710331,11.543465,11.636048,-2.719127,-14.980842,12.372663
707.000000,-63.651663,59.517854,65.149349,7.439930,26.849407,-27.580493,-68.959079,22.053639,-0.948770,73.737452,-38.434823,1.329787,-68.675749,1.793247,-7.754240,55.381817,-27.854114,-1.171854,-5.280839,-5.021317,21.519370,1.304259,20.150668,-7.851267,20.798881,28.012061,-25.030388,5.790964,1.689829,-22.919355,11.514665,11.756088,-2.396631,-15.173434,12.655909
708.000000,-63.586563,59.564888,65.126932,7.030898,27.093511,-26.877799,-69.417186,21.618565,-1.514905,73.833710,-38.309226,1.274585,-68.638408,1.425866,-8.164390,55.452233,-27.975946,-1.076710,-5.185648,-5.113733,21.148986,1.251304,20.061126,-8.114091,20.849088,27.483196,-24.668031,5.144463,1.812375,-22.957135,11.620030,11.862229,-2.519190,-14.876270,12.439932
709.000000,-63.503736,59.607786,65.128922,6.607625,27.191993,-26.378298,-69.480106,21.590011,-1.762198,73.825691,-38.522854,1.139814,-68.436214,1.224301,-8.511824,55.531357,-28.123287,-1.071299,-5.034642,-5.301898,20.328414,1.563674,20.019395,-8.401705,21.061542,27.549488,-24.590875,4.934879,2.170287,-23.162748,12.176153,12.059363,-3.860732,-15.610466,12.067471
710.000000,-63.403499,59.682173,65.170312,6.055385,27.196737,-25.816777,-69.504592,21.279804,-2.372706,73.907872,-38.604601,0.880377,-67.967383,0.979939,-8.986035,55.451365,-28.438102,-1.198650,-4.885358,-5.398059,20.368106,1.573461,20.107264,-8.331821,20.968544,27.787708,-24.860854,5.412098,1.961705,-23.081940,12.427031,12.409847,-3.641369,-15.716545,12.083727
711.000000,-63.242799,59.773827,65.148854,5.711160,27.212574,-25.143428,-69.537015,20.854779,-2.562480,74.035187,-38.769267,0.950879,-67.817980,0.389753,-9.306925,55.934219,-28.864895,-1.303066,-4.644997,-5.484156,20.003727,1.400246,20.240461,-8.626025,21.108601,27.599452,-24.989045,5.418115,1.924251,-23.223459,12.203463,13.027737,-4.150867,-15.457869,11.895422
712.000000,-63.113630,59.859568,65.193039,5.168288,27.112105,-24.348649,-69.463577,20.239398,-3.148778,74.088476,-38.653352,0.904307,-67.285799,-0.104522,-9.712297,56.032536,-29.177445,-1.399850,-4.282885,-5.689408,20.067432,0.884743,20.189421,-8.766389,21.327337,27.537171,-24.588812,4.775046,1.606462,-22.862609,12.453813,13.744503,-3.756605,-15.105061,11.795739
713.000000,-63.014930,59.940237,65.229225,4.682400,27.051099,-23.412087,-69.495631,19.575469,-3.573882,74.115305,-38.362543,0.856999,-66.807153,-0.850696,-10.252969,56.131116,-29.450054,-1.367516,-4.020734,-6.108927,19.963386,0.454848,20.207000,-8.834308,21.070869,27.606230,-24.703768,4.796919,1.129209,-22.687926,12.791046,14.956145,-3.882831,-14.997243,11.605059
714.000000,-62.837243,59.959656,65.240383,4.443305,27.203842,-22.751605,-69.627672,18.827524,-4.126913,74.104199,-38.228319,0.932708,-66.643645,-1.358434,-10.528275,56.320818,-29.877249,-1.477868,-3.503080,-6.622511,19.013165,0.231699,20.301025,-9.128205,21.325929,28.155778,-24.955800,5.574284,1.142071,-22.320971,12.904367,16.614041,-4.215365,-15.028744,10.974033
715.000000,-62.698513,59.926981,65.349156,3.950530,27.321485,-21.748043,-69.676884,17.924455,-4.928456,73.820787,-37.927422,0.948412,-66.180462,-1.898968,-11.047169,56.251433,-30.304651,-1.739147,-2.803040,-6.988400,18.425648,-0.500373,20.295728,-9.798700,22.102694,28.147558,-25.063482,5.607484,1.119288,-21.411432,12.842727,18.470139,-3.213915,-15.024463,10.152281
716.000000,-62.550133,59.843183,65.505219,3.398718,27.740427,-20.207475,-69.921220,17.138558,-5.303147,72.993801,-37.489839,0.971895,-65.863473,-2.711086,-11.744810,56.088803,-30.444079,-1.863470,-1.815376,-6.930469,17.479071,-1.115475,20.320446,-10.953871,23.032504,28.618469,-24.709350,4.569252,1.541991,-20.694833,12.933057,19.815815,-2.858947,-14.555418,9.779701
717.000000,-62.343264,59.699196,65.709114,2.824333,27.965157,-18.172177,-69.834108,15.820677,-5.855633,71.948550,-36.640714,0.497822,-65.312448,-3.808643,-12.256701,56.111992,-31.177413,-1.965670,-0.822986,-6.931972,16.296912,-1.723657,20.357254,-12.390242,24.062010,29.148625,-24.393312,4.417105,1.872719,-20.589020,13.717389,21.192790,-2.639670,-14.949435,9.223028
718.000000,-62.006116,59.490561,65.977710,2.308365,28.017163,-16.130996,-69.238898,14.454038,-6.365808,70.602040,-36.065141,-0.008838,-64.611363,-4.993194,-12.743193,56.345287,-31.495102,-2.280847,0.551654,-7.338506,14.919590,-2.210832,20.114016,-13.221023,25.724441,29.942706,-24.253529,3.367765,2.122142,-20.105379,14.341213,23.112187,-2.596484,-14.945772,9.240262
719.000000,-61.536115,59.200341,66.259629,1.552459,28.034777,-14.030934,-68.506715,13.420951,-6.991305,69.342410,-35.834963,-0.732902,-63.537541,-5.926614,-13.411052,56.381743,-32.161879,-2.761723,1.943251,-7.702330,12.990420,-2.345787,19.732533,-13.922617,27.627323,29.024349,-23.474283,1.875425,2.463001,-19.941828,15.358958,25.026621,-1.805864,-14.616246,8.860503
720.000000,-61.197913,59.088427,66.473508,0.307474,28.185895,-11.011555,-68.444431,11.602387,-8.240692,68.283184,-35.115833,-1.100270,-62.407507,-7.573073,-14.903348,56.388208,-33.006029,-3.051532,2.458862,-7.295422,10.995898,-2.848654,20.289949,-15.487500,29.658205,32.118159,-24.358493,4.270367,2.833648,-20.402065,15.707922,26.663862,-2.189127,-15.105219,8.639841
721.000000,-60.938948,59.059334,66.535616,-1.476010,28.804893,-7.682328,-69.514086,9.760958,-10.171823,67.939666,-34.243638,-1.835524,-61.607179,-9.334059,-17.339504,56.480935,-34.138795,-3.295302,2.256728,-6.018425,9.098037,-3.076761,19.826434,-16.569282,30.925799,32.727989,-24.833029,4.004825,3.214457,-20.778853,15.369701,27.721675,-1.806665,-15.355513,9.222603
722.000000,-60.486037,58.921558,66.698188,-2.400094,28.702608,-5.678383,-69.030755,8.679477,-11.139354,67.204280,-34.292614,-1.936428,-60.294103,-10.228760,-18.547876,56.347568,-34.765011,-3.344924,2.436147,-5.808716,7.684394,-3.141136,19.492778,-17.567702,31.937367,32.352687,-24.961468,3.085455,3.344406,-20.638221,15.194961,28.957615,-2.917772,-14.432562,8.761115
723.000000,-60.129303,58.841622,66.820061,-3.018092,28.578078,-4.243117,-68.626032,7.646521,-12.072265,66.793383,-34.160597,-2.148253,-59.280018,-11.098382,-19.606671,56.399823,-35.577813,-3.623485,2.953390,-5.929659,6.654143,-3.541696,18.974417,-18.275776,32.465416,29.991105,-24.478792,1.168589,3.257678,-20.197723,15.302221,30.428510,-2.991385,-13.689576,8.026434
724.000000,-59.865725,58.777845,66.897810,-3.663844,28.534673,-2.720012,-68.563939,6.735267,-12.768209,66.584420,-33.718107,-2.200888,-58.486234,-12.023308,-20.722480,56.617330,-36.560988,-4.427337,3.322171,-6.086163,5.874318,-4.018552,18.899533,-19.133281,32.824325,29.573729,-23.978699,0.155835,3.201591,-19.748100,15.292064,31.858717,-2.799065,-13.521278,7.708201
725.000000,-59.652150,58.754116,66.920227,-4.109122,28.674022,-1.466872,-68.725425,5.818853,-13.364577,66.345070,-33.573221,-2.189773,-58.055638,-12.768510,-21.499736,56.705135,-37.065965,-4.482016,3.659604,-6.521902,5.028820,-4.515396,19.011352,-19.991781,33.178996,29.912281,-23.950769,0.193380,2.985242,-19.671874,15.799909,33.228358,-2.132850,-13.461166,7.659185
726.000000,-59.509462,58.748019,66.959834,-4.370877,28.861082,-0.464976,-68.787778,4.825651,-14.038474,65.924118,-33.295331,-2.237533,-57.933446,-13.553739,-22.029973,56.981693,-37.346781,-4.819897,4.137636,-7.289294,4.722581,-5.016837,19.219860,-20.497481,33.208038,29.885250,-23.791682,0.198082,2.599830,-19.598133,16.365415,34.438306,-2.042768,-13.325755,7.174209
727.000000,-59.466469,58.673954,66.994447,-4.713901,29.051291,0.558970,-69.000811,4.147673,-14.529890,65.452289,-32.865784,-2.614733,-57.797730,-14.072076,-22.611135,56.989138,-37.706749,-5.063517,4.947304,-8.162534,5.263777,-5.804434,19.684315,-20.938698,32.715196,30.150729,-23.813338,0.517332,2.440379,-19.327393,16.369388,34.809506,-1.416258,-13.169074,6.854006
728.000000,-59.497672,58.603704,66.965687,-4.947502,29.029549,1.373669,-69.144600,3.574423,-14.890919,65.265217,-32.546627,-3.108958,-57.846245,-14.538498,-22.893693,57.519270,-37.849039,-5.340498,5.878220,-9.440666,6.944032,-6.321047,19.760634,-20.040284,31.358061,30.309818,-23.744432,0.679627,2.020054,-18.970649,16.312353,34.352631,-0.943469,-13.177829,7.616372
729.000000,-59.617007,58.512080,66.925526,-5.022829,29.003835,2.086846,-69.291333,3.138020,-14.913803,64.995083,-32.204803,-3.741024,-58.031903,-14.990042,-22.927253,58.012929,-38.300019,-5.785287,6.766259,-10.892237,9.173736,-7.000705,20.364720,-18.686597,29.367696,30.749628,-24.143289,0.757436,1.347001,-18.713547,15.868201,33.536929,-1.132765,-13.412378,8.077661
730.000000,-59.711605,58.363312,66.879702,-5.509121,29.336044,2.900182,-69.800073,2.764099,-15.625863,64.654899,-31.904818,-4.199245,-58.230593,-15.102824,-23.480756,57.961566,-38.475876,-6.032226,7.545783,-12.076732,10.442674,-7.107087,20.768387,-17.026596,27.574556,30.738611,-24.135397,0.454934,1.121087,-18.569213,15.687561,32.955369,-0.874190,-13.268620,8.576704
731.000000,-59.797436,58.272117,66.802078,-6.108473,29.834023,3.726115,-70.684289,2.507631,-16.171641,64.592600,-31.617417,-4.319440,-58.574411,-15.208533,-24.150357,57.827537,-38.287787,-5.853327,7.951386,-12.917114,11.127154,-6.509291,20.762616,-15.425977,25.749607,30.417650,-24.645228,0.420618,1.172052,-18.362540,15.124646,32.778030,-0.426408,-13.150150,8.771101
732.000000,-59.876102,58.197993,66.741407,-6.763753,30.311851,4.443019,-71.561210,2.248429,-16.824156,64.634852,-31.224971,-4.590190,-58.880069,-15.261805,-24.886325,57.726068,-38.220434,-5.944098,8.167620,-13.450902,11.804154,-6.244674,20.910938,-15.101815,24.353953,30.531704,-24.572217,0.017205,1.176291,-18.081007,14.533632,32.522922,0.108208,-13.436558,8.747350
733.000000,-59.930992,58.168906,66.711509,-7.237822,30.613502,5.282093,-72.072757,1.614963,-17.524611,64.471556,-30.939729,-4.155967,-59.005745,-15.685572,-25.591243,57.744591,-38.423451,-6.025949,8.329715,-14.096371,12.631911,-6.524061,21.556740,-15.638403,22.932888,30.942816,-25.007117,-0.061552,0.918047,-18.102131,14.517389,32.361412,0.973685,-13.306194,9.089950
734.000000,-59.939438,58.197320,66.612768,-7.854477,30.964753,6.318824,-72.831475,0.947506,-18.101092,64.567991,-30.723478,-3.923444,-59.238285,-16.131348,-26.199711,57.937107,-38.883782,-6.270983,8.506933,-14.711980,13.286874,-6.480377,22.074627,-15.832023,21.419185,31.581589,-25.257199,-0.216587,1.016062,-18.042986,14.658877,32.086480,1.279457,-13.512280,9.023195
735.000000,-59.939414,58.202028,66.644722,-8.395275,30.907564,7.606128,-72.818320,0.050422,-18.748246,64.055638,-30.339980,-4.505270,-58.775028,-16.820251,-27.026463,57.951525,-39.516179,-6.808598,8.508211,-15.356442,15.456593,-6.904006,22.254225,-14.802649,19.419252,31.926504,-25.388785,0.453632,0.669718,-18.096743,14.436001,31.065223,1.917281,-13.491177,9.890414
736.000000,-60.220951,58.081281,66.564196,-8.151850,31.246797,7.847980,-73.366279,-0.033611,-18.276567,63.608356,-29.935821,-4.869419,-59.747899,-17.321375,-26.770047,58.618056,-39.481758,-6.878494,9.523679,-17.061013,18.986985,-7.559412,22.835327,-13.076652,16.489970,32.751836,-24.933409,0.950719,0.194353,-18.197881,13.780423,28.687307,2.623324,-13.447592,10.345363
737.000000,-60.376722,58.026946,66.420025,-8.421215,31.844847,9.024120,-74.194719,-0.860971,-18.449922,63.005865,-29.452756,-5.730552,-60.595956,-18.270080,-27.002968,59.279348,-39.959571,-7.433163,10.125910,-18.398884,22.047554,-7.199054,22.513337,-10.845858,12.898540,33.239676,-24.316203,1.163036,0.768484,-18.001744,12.889679,26.100267,2.703398,-13.679974,12.136407
738.000000,-60.622823,58.070701,66.203475,-8.977851,32.776376,10.230051,-75.722223,-1.881743,-18.855393,62.900988,-28.754256,-5.916880,-61.908124,-19.295969,-27.472426,59.953263,-40.107554,-7.613215,10.378796,-19.142360,23.181558,-5.815842,22.315396,-9.450111,10.600604,33.753265,-24.327373,1.341729,1.804659,-18.437291,12.198749,24.594338,1.953505,-14.056084,11.787532
739.000000,-60.775423,58.096099,66.040981,-9.588486,33.786843,12.006198,-77.057204,-3.411725,-19.347172,62.235591,-27.857434,-5.910600,-63.055999,-20.828986,-28.164710,60.600778,-40.360151,-7.556856,9.567685,-19.661709,23.900632,-4.722849,22.024030,-8.510712,7.524328,33.799119,-25.207798,2.798835,2.214332,-18.043058,11.132897,23.744762,3.806466,-13.960625,13.525300
740.000000,-60.864514,57.992554,65.836340,-10.167742,34.562960,13.047424,-78.289500,-4.052306,-19.701008,62.175854,-27.397909,-6.032356,-64.090984,-21.456092,-28.515111,61.186508,-40.590735,-7.795052,9.598705,-20.024245,24.518911,-4.259452,22.187236,-8.829797,5.856556,34.502834,-25.275342,3.001333,2.399650,-18.734804,10.466429,23.212417,2.188713,-14.326023,11.349822
741.000000,-60.887855,57.969761,65.670443,-10.863244,35.294939,14.226033,-79.397459,-4.734723,-20.010076,62.004690,-27.006575,-5.995787,-64.911960,-22.123661,-28.980827,61.609508,-40.776383,-7.893871,9.412065,-20.136491,24.672088,-3.876651,22.554823,-9.212200,4.610631,35.187130,-25.540268,2.813491,2.789269,-18.822415,10.395387,22.665392,1.873087,-14.291820,11.568939
742.000000,-60.899931,57.983726,65.533090,-11.504926,35.867820,15.334164,-80.252722,-5.466206,-20.380641,61.844597,-26.810856,-5.829365,-65.642469,-22.747209,-29.236908,62.122544,-40.929482,-8.132142,9.432911,-20.459150,24.751111,-3.745516,22.678072,-9.641907,3.854981,34.590779,-25.420704,3.086285,3.321387,-18.771484,9.783483,22.075911,1.775767,-14.400390,11.163010
743.000000,-60.810626,57.993478,65.426499,-11.933188,36.140210,15.922120,-80.799895,-5.839219,-20.631956,62.150336,-26.598763,-6.043500,-65.927165,-22.985607,-29.406065,62.450209,-41.170072,-8.234761,9.412537,-20.550660,24.859706,-3.781454,22.780540,-9.852282,2.995814,34.776277,-25.950861,3.339892,3.683702,-18.803555,9.574890,21.451058,2.165909,-14.711256,11.446273
744.000000,-60.702527,58.035272,65.357500,-12.077122,36.274303,16.243200,-81.207124,-5.894014,-20.279798,62.501203,-26.164824,-6.098696,-66.046741,-23.285641,-29.450823,62.809894,-41.478615,-8.334380,9.570542,-20.848891,24.878908,-3.696171,23.243147,-10.231777,2.599232,34.904630,-25.673972,3.258280,4.047182,-18.953563,9.731605,21.268552,1.885187,-14.439203,11.563398
745.000000,-60.605830,58.088708,65.315145,-12.244524,36.337077,16.542452,-81.303170,-6.139018,-20.399685,62.591478,-26.197213,-6.435036,-66.079457,-23.457036,-29.440270,63.034989,-41.689316,-8.403721,9.455684,-20.932421,24.577703,-3.446093,23.348252,-10.034865,2.025545,35.088598,-25.650041,3.333483,4.376278,-18.720860,9.920078,21.130922,2.975775,-14.426797,12.664767
746.000000,-60.550904,58.119720,65.331894,-12.263356,36.485507,16.992411,-81.322923,-6.486769,-20.265718,62.221002,-25.894087,-6.555760,-66.177839,-23.852641,-29.425859,63.140967,-41.772658,-8.778986,9.101721,-20.907165,24.337386,-3.337671,23.230069,-9.859493,1.951422,34.673035,-25.694871,3.743658,4.377555,-18.920249,9.557254,21.093391,3.496639,-14.440799,12.417339
747.000000,-60.502565,58.158344,65.303302,-12.347610,36.709510,17.536220,-81.583625,-6.884750,-20.013151,62.024340,-25.580829,-6.595748,-66.366476,-24.404826,-29.505744,63.373651,-42.005356,-9.031697,8.806396,-20.834780,23.961864,-3.113123,23.291700,-9.700665,1.880081,34.606960,-26.093495,3.999673,4.389893,-19.328312,9.676976,21.324645,1.181566,-14.597477,11.709325
748.000000,-60.421002,58.151001,65.343094,-12.807644,37.122809,17.984595,-81.857160,-6.949346,-20.303256,61.548194,-25.405466,-6.713277,-66.521849,-24.312007,-29.772914,63.008420,-42.055363,-8.969123,8.590103,-20.606220,22.942259,-2.575094,23.078507,-9.444268,2.338304,34.325126,-26.494895,3.231730,4.840979,-19.008049,9.483076,21.234804,3.214720,-14.382604,12.988670
749.000000,-60.296154,58.195281,65.402383,-13.394427,37.503086,18.585686,-82.123531,-7.132791,-20.674998,61.192607,-25.337338,-6.520084,-66.609180,-24.278317,-30.070328,62.646598,-41.801765,-8.795497,7.996482,-20.256454,20.867030,-1.857239,22.903325,-10.202108,3.055284,34.459489,-26.911394,3.812665,5.402617,-19.554908,9.888024,21.971037,1.157053,-14.448995,12.800897
750.000000,-60.093939,58.239681,65.468580,-13.724334,37.967950,19.088366,-82.366549,-7.257298,-20.574599,60.732915,-25.104075,-6.424173,-66.708996,-24.469757,-30.309531,62.323482,-41.502518,-8.627514,7.472600,-19.506988,17.932820,-1.965422,23.124958,-12.117468,5.290349,34.085229,-26.891421,3.524273,6.079368,-20.066363,10.451929,23.263887,0.410843,-14.371575,12.170493
751.000000,-59.867525,58.372736,65.585977,-13.670889,37.903901,19.448005,-82.038283,-7.645851,-20.370609,60.578170,-24.906080,-6.102298,-66.144529,-25.012385,-30.559486,62.188667,-41.770459,-8.528675,7.587045,-18.754518,14.892510,-2.387182,22.940602,-14.306406,8.469017,33.034039,-26.384018,2.170145,6.872045,-19.705714,10.937124,25.065001,2.510749,-13.828135,12.506821
752.000000,-59.522551,58.480203,65.679890,-13.426616,37.806271,19.129860,-81.645404,-7.385069,-19.984232,60.824378,-24.972719,-6.243333,-65.661703,-24.969990,-30.491774,62.128254,-41.814988,-8.306691,7.791198,-18.040645,11.504305,-2.459157,22.629747,-15.620291,11.441277,32.100772,-26.252578,1.549407,7.026594,-20.197236,12.321045,27.621676,0.264543,-13.748963,11.102420
753.000000,-59.074664,58.450305,65.884584,-12.976842,37.416655,18.250228,-80.615999,-6.437623,-19.648489,60.823914,-25.666442,-6.440959,-64.657836,-24.265424,-30.536376,61.725963,-41.638561,-8.444263,8.119929,-17.438165,8.260964,-2.824641,22.344523,-16.933912,15.412148,30.411769,-25.194877,-0.264015,6.793857,-19.906487,13.698983,30.210664,0.473685,-13.170522,9.335021
754.000000,-58.757305,58.568174,66.172713,-12.667402,36.707395,18.122357,-79.204458,-6.373000,-19.573321,60.445419,-26.007062,-6.214928,-63.162058,-24.118166,-30.749836,61.031032,-41.837835,-8.619858,7.892973,-16.254202,5.680603,-3.420428,21.623558,-18.050433,19.189604,29.199434,-24.143807,-1.799338,6.650592,-19.838529,14.334313,32.132570,-0.058248,-12.651375,8.072454
755.000000,-58.343035,58.754408,66.488898,-12.854020,35.929218,18.643903,-77.692357,-6.594058,-19.879817,59.783826,-26.595570,-6.088860,-61.209922,-24.184067,-31.514264,60.221484,-42.279424,-8.698715,7.641507,-14.638212,3.006031,-3.469212,21.073362,-19.801263,22.374735,28.876677,-24.118187,-1.806089,7.246165,-19.687394,14.684429,34.013270,-0.760872,-12.607826,7.663123
756.000000,-58.154649,58.865982,66.612083,-12.363324,35.347176,18.106903,-76.775862,-6.370367,-19.577551,60.032295,-27.148062,-5.710635,-60.445631,-24.052716,-31.129089,60.166897,-42.296749,-8.538168,8.128688,-13.954455,1.225917,-4.231005,20.797999,-21.374570,25.089175,28.921032,-24.233766,-2.067350,7.210577,-19.177042,15.113213,35.858790,-0.399498,-12.387549,7.477079
757.000000,-57.906604,59.048146,66.809309,-12.007896,34.425993,18.119703,-75.393247,-6.594592,-19.439613,59.943817,-27.349623,-5.533298,-58.796468,-24.240128,-31.348700,59.731889,-42.297128,-8.126322,7.823876,-12.817097,-0.262689,-4.513333,20.301614,-22.413177,27.974479,31.041086,-24.756176,-2.038790,6.984710,-18.997469,15.596013,37.910063,-0.670050,-13.085353,7.150925
758.000000,-57.767892,59.090036,66.894984,-11.570408,34.042770,17.718280,-74.653025,-6.517034,-19.248793,59.957374,-27.744807,-5.394881,-58.229678,-24.272701,-31.136182,59.687186,-42.410506,-8.242338,8.100634,-12.456884,-1.396975,-4.860188,19.445282,-23.164102,29.916375,30.093434,-24.062109,-1.928180,6.868673,-18.678896,16.272029,39.249624,-0.776390,-12.853024,6.455213
759.000000,-57.803988,59.087628,66.980094,-10.891410,33.882093,17.002846,-74.192247,-6.260009,-18.706529,59.843023,-27.539326,-5.204286,-58.290207,-24.235763,-30.480078,59.731971,-42.315942,-8.197678,8.711222,-12.546808,-1.993919,-5.684836,19.067250,-23.942007,31.696593,29.422324,-23.816040,-1.990059,6.779288,-18.372265,16.176560,40.085168,-1.249773,-12.311694,6.158796
760.000000,-57.770830,58.987355,67.010576,-10.593290,33.850166,16.656817,-73.889929,-5.953287,-18.476362,59.590839,-27.823571,-5.276018,-58.270796,-24.046229,-30.221063,59.632968,-42.281945,-8.055459,8.909209,-12.419075,-2.664651,-6.059970,18.780549,-24.421855,32.996842,29.410323,-23.761537,-2.369556,6.699869,-18.207654,16.234199,40.707296,-0.414499,-12.460964,6.149036
761.000000,-57.805622,58.924466,67.043918,-10.454539,33.718609,16.480567,-73.627855,-5.908593,-18.617014,59.413015,-27.652146,-5.255394,-58.138536,-23.973079,-30.194159,59.555500,-41.957456,-7.989907,8.733842,-12.095883,-3.038323,-6.139413,18.539044,-24.684184,34.086134,28.724166,-22.868841,-4.018121,6.451226,-18.379657,16.628808,41.066799,-0.462847,-12.100926,6.003803
762.000000,-57.829934,58.842105,67.052281,-10.318696,33.647392,16.321611,-73.451677,-5.798236,-18.629339,59.333416,-27.946300,-5.218762,-58.119931,-23.895582,-30.101822,59.547003,-41.830650,-7.956926,8.660180,-11.965490,-3.196241,-6.183799,18.363476,-24.563011,34.237129,28.674941,-23.178366,-3.590040,6.313925,-18.412908,16.738176,41.137003,-0.803909,-12.319714,6.233794
763.000000,-57.896131,58.770621,67.078531,-10.154733,33.470218,16.163762,-73.220229,-5.759749,-18.663448,59.260531,-27.858287,-5.299634,-57.980929,-23.857350,-30.067630,59.552795,-41.975631,-8.021160,8.846639,-11.923980,-3.125169,-6.394076,18.403014,-24.549023,34.426452,28.880191,-23.868193,-2.659243,6.365472,-18.382505,16.784915,41.264905,-0.701446,-12.396821,6.199687
764.000000,-57.934606,58.720160,67.053235,-10.111899,33.339595,16.097323,-73.166728,-5.638635,-18.629032,59.349522,-27.897411,-5.315054,-57.913543,-23.755825,-30.008771,59.581099,-42.041481,-7.868120,8.960831,-11.766112,-3.047017,-6.563096,18.382343,-24.600275,34.524854,28.943603,-24.177056,-2.064074,6.380028,-18.454652,16.630437,41.165526,-0.765117,-12.177552,6.052341
765.000000,-57.957435,58.694535,67.049420,-10.027105,33.260086,16.102283,-73.097627,-5.674062,-18.580268,59.354802,-27.787689,-5.373938,-57.886864,-23.869833,-29.960686,59.724909,-42.024040,-8.039980,8.772794,-11.612623,-3.269505,-6.493065,18.142178,-24.906153,35.155318,28.754171,-23.278683,-2.642407,6.326923,-18.427616,16.699625,41.311142,-0.790747,-11.942716,5.842058
766.000000,-57.959521,58.662760,67.081147,-9.820252,33.088589,16.082471,-72.845866,-5.718412,-18.413230,59.271098,-27.702172,-5.355328,-57.733055,-24.008453,-29.869828,59.778628,-42.031639,-7.782030,8.714462,-11.481773,-3.175776,-6.667918,18.022262,-24.968552,35.313683,28.522952,-23.148051,-2.734071,6.335425,-18.519353,16.423357,41.260425,-1.019347,-11.891300,5.630854
767.000000,-57.958460,58.602202,67.062277,-9.626986,32.958757,16.108253,-72.699516,-5.838048,-18.330250,59.272402,-27.623315,-5.457461,-57.731457,-24.140822,-29.662221,60.101894,-42.404461,-7.960122,8.700995,-11.521296,-2.920731,-7.011526,18.110781,-25.243853,35.470538,27.947319,-22.872507,-3.106902,6.281310,-18.004379,15.963395,41.057008,0.929780,-11.643020,6.403336
768.000000,-58.013958,58.541429,67.039329,-9.433837,32.795649,15.992249,-72.556539,-5.817191,-18.231547,59.327358,-27.704425,-5.613619,-57.759187,-24.131009,-29.451520,60.295011,-42.492082,-8.033634,8.873973,-11.621711,-2.349692,-7.521304,18.355046,-25.264257,35.724666,27.531284,-22.464654,-3.757088,5.907582,-18.230820,16.577912,40.938897,-0.226089,-11.447459,5.704489
769.000000,-58.115363,58.487582,67.035496,-9.192331,32.584820,15.954035,-72.332011,-5.958600,-18.168368,59.251488,-27.604981,-5.796779,-57.739093,-24.299371,-29.297359,60.497902,-42.683382,-8.277182,8.933168,-11.782978,-1.336344,-8.050978,18.697878,-24.854001,35.144930,27.844113,-23.109844,-2.963571,5.250304,-18.254495,16.781595,40.794568,-0.315180,-11.980082,5.735502
770.000000,-58.228922,58.399653,66.968429,-9.121923,32.448316,15.897534,-72.346286,-5.872898,-18.126724,59.347288,-27.819024,-6.204808,-57.823705,-24.336632,-29.251661,60.818996,-42.872875,-8.321295,8.937128,-11.968658,-0.056276,-8.553089,18.721431,-23.589269,34.990762,29.040711,-23.809848,-2.363310,4.666115,-18.018097,16.128798,40.546066,-0.359397,-12.348909,6.358948
771.000000,-58.362907,58.294594,66.863942,-9.049824,32.438965,15.749965,-72.565760,-5.769862,-18.128695,59.587438,-27.896048,-6.430161,-58.163466,-24.215681,-29.022836,61.074199,-42.805339,-8.117816,8.970461,-12.162851,0.878933,-8.792530,18.682782,-22.114025,34.910319,29.700821,-23.879753,-2.675043,4.329621,-18.164321,15.623679,39.810799,-0.113393,-12.911574,7.346476
772.000000,-58.470434,58.183342,66.809803,-8.895071,32.587667,15.465594,-72.777134,-5.640976,-18.090543,59.611494,-27.734321,-6.497010,-58.570231,-24.052455,-28.788315,61.122912,-42.717075,-8.126415,9.210870,-12.455786,1.280791,-8.955436,18.833359,-21.188044,33.931724,30.458942,-25.423316,-0.923740,4.403268,-18.295259,15.120745,39.522142,-0.039851,-13.265605,8.032352
773.000000,-58.532584,58.084661,66.789097,-8.822733,32.635438,15.314056,-72.878446,-5.493715,-18.058650,59.663649,-27.886189,-6.321533,-58.720393,-24.016929,-28.822545,61.185921,-42.661918,-8.231747,9.486877,-12.591754,1.725142,-9.161831,18.871541,-21.167513,33.791401,30.390384,-25.688813,-0.724733,4.521228,-18.045199,14.835335,39.706594,0.451146,-13.123379,7.931555
774.000000,-58.576155,57.993013,66.785067,-8.687095,32.742469,15.192305,-72.943627,-5.426890,-17.983489,59.544442,-27.712591,-6.376023,-58.948002,-24.040429,-28.733629,61.282718,-42.786890,-8.302681,9.474176,-12.856988,1.891493,-9.438551,19.299676,-21.648419,33.836381,30.852989,-25.766943,-0.703894,4.379270,-18.023601,15.010526,39.606785,0.048003,-13.291467,7.810437
775.000000,-58.562076,57.911497,66.806197,-8.607334,32.818383,15.083815,-72.909578,-5.252162,-17.906622,59.337084,-27.565395,-6.286169,-59.062968,-23.884601,-28.606726,61.187539,-42.586270,-8.221946,9.424620,-13.004566,1.706296,-9.460335,19.359630,-21.756109,33.979132,30.613772,-25.642086,-0.771865,4.195011,-18.128282,15.283515,39.608865,-0.334290,-13.256130,7.806131
776.000000,-58.505058,57.867539,66.849178,-8.586634,32.890328,15.196108,-72.764929,-5.340361,-17.993146,59.027041,-27.616048,-6.246358,-59.005854,-23.911403,-28.606649,61.042043,-42.601614,-8.108437,9.173408,-12.957093,1.117342,-9.275833,19.230867,-21.664983,34.486824,30.515684,-25.547699,-0.904108,4.290708,-18.006699,15.236144,39.869785,-0.427065,-13.059746,7.616013
777.000000,-58.388394,57.873100,66.926986,-8.652967,32.841477,15.387874,-72.519513,-5.418965,-18.068914,58.780123,-27.465688,-6.163965,-58.715947,-23.939854,-28.664952,60.907269,-42.687753,-8.105666,8.872963,-12.688662,0.114012,-8.859240,18.790107,-21.458318,35.129599,30.440398,-25.367772,-1.180375,4.460073,-17.894220,15.423418,40.393476,-0.757156,-13.093806,7.532241
778.000000,-58.145624,57.898933,66.982532,-8.536425,32.969168,15.507745,-72.320898,-5.568847,-17.952008,58.654386,-27.550347,-5.936846,-58.557766,-24.177080,-28.662643,60.856487,-42.606058,-8.068934,8.829028,-12.438272,-1.594809,-8.484782,18.286081,-22.197350,36.687364,29.026388,-24.064049,-3.426287,5.023991,-17.527473,15.331485,41.158358,-0.866687,-12.555845,7.187437
779.000000,-57.848185,57.989544,67.092186,-8.527040,32.772513,15.776633,-71.756540,-5.830671,-18.000514,58.450430,-27.676968,-5.777940,-57.865014,-24.350741,-28.789309,60.724391,-42.946372,-7.953341,8.778197,-11.798623,-3.461715,-8.363830,17.768956,-23.350986,37.683168,28.907201,-24.170511,-3.467775,5.618952,-17.375226,15.733937,42.136492,-1.295247,-12.711435,6.672678
780.000000,-57.467502,58.139247,67.216414,-8.294781,32.368033,15.887832,-70.915819,-6.136469,-17.868936,58.543628,-27.891359,-5.605660,-56.944732,-24.638239,-28.754540,60.739376,-43.302699,-8.146653,8.749442,-11.074968,-5.533415,-8.299447,17.156701,-24.804085,40.069192,28.333389,-23.115303,-5.275396,6.111500,-16.986356,15.904819,43.558060,-1.312145,-12.232998,6.068980
781.000000,-57.091552,58.219695,67.313719,-7.804261,31.960474,15.583527,-70.042272,-6.069213,-17.371606,58.680723,-28.155785,-5.471307,-56.194534,-24.894129,-28.593506,60.941857,-43.636771,-8.322999,9.012728,-10.517611,-7.470472,-8.342180,16.693942,-26.217440,42.170056,27.224801,-22.032363,-6.252269,6.351817,-16.839138,16.351020,44.866451,-1.678430,-11.540027,5.144000
782.000000,-56.794524,58.335412,67.410529,-7.134245,31.354642,15.273902,-68.936812,-6.162629,-16.752151,58.703120,-28.617337,-5.230084,-55.326329,-25.263241,-28.300590,61.114675,-43.752850,-8.329638,9.451093,-10.080921,-8.697224,-8.963629,16.453871,-27.203283,43.783282,27.852671,-22.893737,-4.963125,6.539807,-16.784536,16.652633,45.762769,-2.324140,-11.531560,4.433197
783.000000,-56.485230,58.413976,67.497456,-6.412296,30.587237,14.800595,-67.618907,-6.143555,-16.210288,58.842216,-29.224556,-4.954402,-54.281754,-25.470919,-27.905976,61.321957,-44.497245,-8.431741,9.768794,-9.643183,-9.361114,-8.955170,15.888968,-28.539776,45.439370,26.714106,-21.551530,-7.610664,6.428294,-16.400430,17.144120,46.595677,-1.920687,-10.894237,4.354556
784.000000,-56.242478,58.438730,67.592132,-5.615674,29.767181,14.087684,-66.182504,-6.010315,-15.762883,58.857229,-29.801625,-4.841089,-53.340584,-25.434614,-27.315947,61.386407,-44.640600,-8.346447,10.219341,-9.320511,-9.686427,-9.014400,15.950713,-29.137341,45.626521,27.231438,-23.008464,-6.172990,6.326530,-16.573951,18.169751,47.331544,-2.180485,-11.121021,4.447316
785.000000,-56.092417,58.424133,67.605853,-4.949464,29.254074,13.386106,-65.235799,-5.831714,-15.393421,58.988724,-30.505168,-4.735995,-52.918994,-25.367311,-26.649457,61.645572,-44.865494,-8.078105,10.503411,-9.006320,-10.068054,-8.889560,15.721412,-29.564942,46.175562,27.811560,-23.665581,-5.724339,6.114034,-16.734635,18.484599,47.972366,-3.214232,-10.885756,3.915645
786.000000,-56.008905,58.370799,67.584538,-4.319308,28.774438,12.775389,-64.482429,-5.596148,-14.857246,59.118641,-30.950828,-4.575906,-52.774478,-25.521929,-25.998425,62.280315,-45.162297,-8.242313,10.394241,-8.574569,-10.210535,-8.770792,15.642557,-30.413972,46.994792,26.400590,-21.606731,-7.949941,5.777738,-16.547224,18.640339,48.424351,-2.756025,-10.300608,3.316598
787.000000,-55.955547,58.303958,67.554480,-3.617316,28.168307,12.343556,-63.658347,-5.552747,-14.256037,59.246386,-31.380539,-4.340593,-52.433265,-25.734053,-25.329103,62.791275,-45.377632,-8.262961,10.153846,-8.168322,-9.748972,-9.176103,15.443406,-30.670992,47.512517,25.638918,-20.739086,-9.178477,5.546605,-16.154671,18.195159,48.384859,-2.204025,-10.101599,3.529094
788.000000,-55.992097,58.224446,67.481071,-2.901064,27.822291,11.741732,-63.231480,-5.449507,-13.605453,59.458204,-31.426138,-4.244459,-52.690839,-25.898506,-24.403501,63.531756,-45.767633,-8.501957,9.887575,-7.724114,-9.546362,-9.435904,15.681254,-30.911626,47.758407,25.035582,-20.769031,-9.207770,5.446502,-16.177487,18.092956,47.884175,-2.485688,-10.176008,2.847377
789.000000,-56.025463,58.075601,67.412847,-2.139017,27.513848,11.001786,-62.739071,-5.181228,-12.945477,59.511445,-31.746549,-4.362335,-53.074251,-25.779888,-23.270405,64.162831,-46.009848,-8.723293,9.587606,-7.273176,-9.058994,-9.813008,15.999296,-30.882000,47.794443,25.034604,-20.630236,-9.293863,5.332470,-16.315358,18.078356,47.092997,-3.436119,-9.957037,2.399550
790.000000,-56.135839,57.952040,67.341894,-1.305844,27.353333,10.143608,-62.467606,-4.934427,-12.176580,59.601146,-31.931083,-4.514504,-53.678317,-25.741825,-22.195603,64.652064,-45.939299,-8.607631,9.122775,-6.958574,-8.410446,-9.970428,16.395927,-30.471957,47.196600,24.982534,-21.355203,-7.925132,5.131834,-16.634267,18.300167,46.008294,-4.037566,-9.673468,2.206809
791.000000,-56.228626,57.851720,67.235458,-0.625888,27.293495,9.125564,-62.410785,-4.392690,-11.349120,59.911694,-32.281834,-4.658040,-54.350086,-25.517858,-21.336958,65.040668,-45.844882,-8.338715,8.402393,-6.367187,-8.065246,-9.681279,16.262856,-29.701535,48.143913,25.872357,-20.848623,-8.976262,5.300728,-16.860484,18.135228,44.458654,-4.753061,-9.121835,2.605600
792.000000,-56.480074,57.787246,67.121691,-0.008384,26.910465,8.202421,-62.243514,-4.041027,-10.716986,60.411138,-32.480534,-4.503034,-54.883691,-25.340673,-20.379329,65.683887,-45.706851,-8.626088,7.408932,-5.190660,-7.059131,-9.662856,16.389927,-30.128135,48.112061,26.355373,-21.303048,-8.327350,4.944596,-17.558050,18.214042,42.801466,-5.035101,-9.231567,2.377010
793.000000,-56.683445,57.791436,67.004865,0.566158,26.866641,6.995086,-62.390452,-3.477245,-10.005574,60.952697,-32.979794,-3.915813,-55.689958,-24.935767,-19.512271,65.963631,-45.471486,-8.695972,6.346500,-3.735429,-6.621590,-8.924104,15.887339,-29.319038,48.001767,26.661546,-21.627504,-8.505352,4.790838,-18.572693,18.065937,41.239405,-5.813843,-9.341221,2.683151
794.000000,-56.873333,57.793486,66.854727,1.209096,26.878048,5.560248,-62.651788,-2.840286,-9.265694,61.702966,-33.298764,-3.210034,-56.655804,-24.420686,-18.536681,66.271700,-45.123382,-8.572030,5.125332,-2.347710,-6.297950,-8.488718,15.834772,-29.622817,47.537154,27.037147,-21.874348,-8.278375,4.573244,-19.379571,18.183101,40.169230,-7.434538,-9.208108,1.765837
795.000000,-56.990582,57.784224,66.746318,2.003266,26.827086,3.870786,-62.710637,-1.978663,-8.260677,62.361594,-33.869955,-2.757189,-57.418402,-23.730271,-17.518710,66.246742,-45.023801,-7.879545,4.247636,-1.373731,-5.960347,-8.252136,15.721723,-29.286803,47.249060,27.000851,-21.616410,-8.939929,4.553503,-19.538938,17.996676,39.154018,-8.307860,-8.929929,1.332837
796.000000,-57.032204,57.741040,66.688830,2.763441,26.733976,1.826253,-62.482154,-0.790674,-7.412010,62.919689,-34.527535,-2.389699,-58.266281,-22.617840,-16.268971,66.392246,-44.714267,-7.873049,3.836195,-0.668272,-5.780483,-8.256563,15.653383,-29.410904,47.534862,26.420823,-21.672576,-8.987769,4.705886,-19.607209,17.919867,37.988546,-8.120663,-8.439631,1.574335
797.000000,-57.011545,57.732683,66.696626,3.537298,26.436867,-0.129335,-61.954850,0.508185,-6.200844,63.441085,-35.062527,-1.946478,-58.594301,-21.485958,-15.157131,66.065203,-43.946165,-7.090555,3.396714,-0.195423,-5.639298,-8.084987,15.289312,-29.139595,47.935398,26.194884,-21.243608,-8.887725,5.015466,-20.008559,18.403912,36.666190,-9.287205,-8.684508,1.227528
798.000000,-57.045627,57.746643,66.650122,4.172817,26.504049,-1.455455,-61.904764,1.240204,-5.351382,63.660648,-35.488772,-1.620563,-59.303944,-20.875244,-14.250837,66.100850,-43.747037,-6.695999,2.571974,0.240164,-5.753916,-8.109091,15.137928,-28.820970,48.232115,26.065042,-21.003327,-9.106105,5.089554,-20.045857,18.222579,35.876033,-9.185430,-8.679021,1.919982
799.000000,-57.053524,57.702577,66.626942,4.917498,26.587913,-2.847179,-61.723340,2.088622,-4.310847,63.681918,-35.751532,-1.483144,-60.060490,-20.089818,-13.156493,65.978787,-43.148327,-5.950690,1.984254,0.397967,-5.931647,-8.303607,15.136408,-28.870305,48.729500,26.128738,-20.777237,-9.142901,5.279055,-20.163637,18.203134,35.019599,-10.038652,-8.598141,1.961720
800.000000,-57.099599,57.737195,66.652018,5.588812,26.329067,-4.125342,-61.271428,2.653260,-3.508065,63.748532,-36.010257,-1.235561,-60.466982,-19.368576,-11.994895,65.902890,-42.730838,-5.698017,1.386019,0.648827,-5.775066,-8.348190,15.157266,-28.834805,49.152135,25.207834,-20.569453,-8.957125,5.069958,-20.064521,18.685897,34.621812,-9.557208,-8.722410,2.062910
801.000000,-57.016230,57.648462,66.665548,6.450961,25.990601,-6.148957,-60.417941,3.853730,-2.417384,63.844312,-36.838297,-0.980697,-60.784620,-18.044581,-10.719523,65.722293,-42.465864,-5.422246,1.277030,0.567206,-5.815945,-8.097135,15.545109,-28.693048,49.291652,24.683175,-20.330731,-9.241092,4.598409,-19.708951,19.500933,34.685818,-9.505275,-8.579809,1.703061
802.000000,-56.962091,57.662386,66.687620,7.301188,25.562723,-7.848508,-59.541457,4.452696,-1.571997,63.875246,-37.575596,-0.385759,-60.960811,-17.173264,-9.518749,65.516015,-42.186742,-5.031196,0.920429,0.606849,-5.618167,-7.841937,15.630145,-28.493306,49.373542,24.169113,-20.134421,-9.711992,4.241232,-19.236157,20.128649,34.520176,-8.249838,-8.818240,2.195575
803.000000,-56.885910,57.535762,66.742980,8.159940,25.019019,-10.106088,-58.482422,5.833911,-0.227630,64.074469,-38.172688,0.004928,-61.093925,-15.581782,-8.159300,65.243032,-41.929240,-4.935856,0.786496,0.708877,-5.681687,-7.520322,15.628195,-28.524776,49.290975,22.322733,-19.316721,-9.781880,3.656725,-19.052632,20.923429,34.762767,-8.958396,-8.220409,1.118277
804.000000,-56.754655,57.527095,66.787231,8.821696,24.578369,-12.304291,-57.585905,7.305943,1.233784,64.511615,-38.613716,0.594670,-61.152528,-14.069889,-7.006020,64.851649,-41.456438,-4.751899,0.275272,0.987215,-5.995047,-6.969205,15.672390,-27.372540,49.683308,21.370791,-19.631227,-10.933158,3.212742,-18.428844,21.783541,35.361682,-9.621890,-8.372064,0.564049
805.000000,-56.589085,57.470524,66.823941,9.596779,23.971390,-14.972787,-56.329041,9.101583,2.922162,64.920538,-39.475365,1.311585,-61.156079,-12.161644,-5.607331,64.449542,-40.804373,-4.537613,-0.374058,1.217406,-6.199271,-6.310279,16.310574,-28.216978,49.941281,24.474093,-20.162858,-8.736787,2.597174,-18.165791,22.355996,35.561124,-10.253722,-8.556578,0.441738
806.000000,-56.304729,57.366073,66.910821,10.407607,23.301682,-17.998803,-54.727785,10.988954,4.670061,65.200631,-40.303532,1.920286,-60.925342,-10.097047,-4.244640,63.868033,-40.403622,-4.279172,-1.047703,1.294110,-6.855176,-5.418221,16.347066,-27.860226,50.394396,24.772642,-20.221163,-8.245055,2.027001,-17.656650,23.501644,36.412678,-10.934884,-8.735511,0.345335
807.000000,-55.978549,57.231808,66.974652,11.200213,22.331287,-21.229776,-52.677216,12.964100,6.738358,65.546798,-41.224908,2.538704,-60.448151,-8.003691,-2.785704,63.351227,-39.927725,-3.499656,-2.007132,1.363693,-7.639263,-4.444838,16.586004,-27.822407,51.111074,24.348859,-20.141854,-7.941368,1.100577,-17.345884,25.352096,37.574636,-11.723661,-8.974292,0.336967
808.000000,-55.577248,57.049692,67.063046,11.817926,21.363573,-24.266487,-50.469897,14.869283,8.776696,65.862285,-42.303624,3.328376,-59.760808,-6.020767,-1.499210,62.884507,-39.651915,-3.222993,-3.312340,1.569483,-8.634196,-3.269517,16.656972,-27.374975,51.765341,24.039361,-20.208882,-8.044279,0.162987,-16.509322,26.851518,39.394202,-11.657284,-9.057358,-0.013635
809.000000,-55.202615,56.830025,67.124784,12.483046,20.301310,-27.296748,-48.076643,16.598161,11.054842,66.037329,-43.394237,3.834796,-59.129316,-4.062054,-0.115259,62.491470,-39.139357,-2.312803,-4.455696,1.560454,-9.719776,-2.466538,16.845178,-27.258990,52.703276,24.222257,-20.383605,-8.322919,-0.713164,-15.497472,27.961452,41.452722,-9.228909,-9.804754,1.423186
810.000000,-54.812735,56.532049,67.246276,13.042619,19.253277,-29.633792,-45.564144,17.668168,13.064014,65.642353,-43.848783,4.353268,-58.212937,-2.560165,1.225163,61.988912,-38.636884,-1.796054,-5.445719,1.471729,-10.871245,-2.006626,17.055840,-27.574532,53.510168,24.230832,-19.612538,-9.652165,-1.138294,-14.562196,28.811797,43.414076,-10.164108,-9.898895,1.311308
811.000000,-54.548776,56.218123,67.334342,13.599552,18.169924,-31.955293,-43.160218,18.714114,15.182115,65.308998,-44.254257,4.515976,-57.506354,-0.988966,2.802303,61.814366,-38.777252,-1.516522,-5.843541,1.105104,-11.561711,-1.765692,17.160335,-27.359523,53.989958,24.944162,-19.314901,-10.399664,-1.570492,-13.823815,29.725537,44.724591,-10.714169,-10.003809,1.578302
812.000000,-54.478759,56.081676,67.359036,13.925846,17.787764,-33.319274,-42.161764,19.334035,16.295556,65.136830,-44.674030,4.970031,-57.340654,-0.139801,3.446222,61.540824,-38.771159,-1.421353,-6.311995,1.365043,-12.156500,-1.876236,16.832023,-27.437247,54.771786,24.958179,-19.064192,-10.848101,-1.797307,-13.357878,30.098103,45.507378,-10.436258,-10.351100,2.172703
813.000000,-54.530758,55.997312,67.344046,14.058810,17.714596,-34.149134,-41.858743,19.983332,16.944185,65.238702,-44.816122,5.062347,-57.397269,0.654082,3.839345,61.273422,-38.510666,-1.423156,-6.700493,1.743230,-12.409229,-2.523986,16.504867,-27.995847,55.786011,25.075248,-18.811314,-10.938412,-2.317213,-13.041606,30.418999,46.135886,-10.901110,-10.319398,2.547769
814.000000,-54.625541,55.906934,67.334622,13.980662,17.678342,-34.377952,-41.745525,20.334397,16.993015,65.251167,-44.914904,5.044870,-57.320375,0.928399,3.724111,61.133451,-38.797708,-1.184124,-7.259585,2.162433,-12.335815,-3.164275,16.375006,-28.751999,56.367806,25.421539,-18.742608,-11.830326,-2.712119,-12.755494,30.653845,46.502431,-11.452198,-10.409078,2.616227
815.000000,-54.691815,55.737686,67.405039,14.112662,17.324269,-34.733635,-40.959599,20.481444,17.552941,64.739115,-44.847633,4.914813,-57.088166,1.127081,3.951837,61.041790,-38.777023,-1.070780,-7.301364,1.907027,-12.278766,-3.349225,16.367169,-28.891263,56.629484,26.026900,-18.826115,-12.265614,-2.851524,-12.604919,31.043708,46.665837,-12.023851,-10.600087,2.301612
816.000000,-54.757440,55.629939,67.443591,14.212206,17.040607,-34.910664,-40.371155,20.591963,18.048935,64.374355,-44.807346,4.673217,-56.907070,1.215967,4.162707,60.983522,-38.638045,-1.066782,-7.135899,1.584176,-12.161012,-3.271746,16.395149,-28.995410,56.654401,25.838349,-18.703028,-12.111307,-2.893029,-12.672723,31.351613,46.750097,-12.140286,-10.903426,1.969497
817.000000,-54.889184,55.564415,67.472559,14.080302,16.932263,-34.602646,-40.282048,20.540783,17.825894,64.186935,-44.596702,4.280124,-56.697100,1.013602,3.902049,60.891034,-38.535733,-1.158119,-7.118752,1.531837,-11.821656,-3.149414,16.516704,-29.278504,56.405529,25.633714,-18.883482,-10.781935,-2.827851,-12.845086,31.425489,46.606318,-11.801662,-10.854815,1.724269
818.000000,-55.107576,55.549073,67.443514,13.987054,17.106947,-34.228239,-40.808085,20.567201,17.398573,64.262716,-44.484684,3.905971,-56.881819,0.880283,3.494189,60.842690,-38.685809,-0.990811,-7.170492,1.637488,-11.661836,-2.993967,16.565220,-28.699321,56.236588,25.973302,-18.766430,-10.523857,-2.998792,-12.986269,31.435570,46.568933,-11.692347,-10.629064,1.740442
819.000000,-55.135465,55.410439,67.473525,14.129308,17.022805,-34.280209,-40.528515,20.504646,17.527872,63.847242,-44.464897,3.697474,-56.823916,0.887107,3.576879,60.788185,-38.893071,-1.083747,-6.983986,1.450100,-11.808536,-2.713238,16.678352,-28.214062,56.239105,25.800454,-18.667346,-11.093738,-2.983415,-12.877386,31.710331,46.720871,-11.273135,-10.742105,1.748671
820.000000,-55.278969,55.380344,67.484057,14.025268,17.128631,-33.807938,-40.968100,20.380482,17.093853,63.910913,-44.108334,3.819118,-56.827488,0.585031,3.182691,60.662011,-38.994137,-1.214629,-7.127200,1.619481,-11.565637,-2.613999,16.758426,-27.741360,55.790928,25.639852,-18.728662,-10.807936,-3.083004,-13.022858,31.210826,46.505938,-11.726801,-10.636471,2.572037
821.000000,-55.357987,55.257392,67.546111,13.961598,16.914133,-33.728033,-40.585770,20.276801,17.010115,63.532849,-43.950891,3.812679,-56.471785,0.556052,3.120653,60.503913,-38.955946,-1.267516,-6.905822,1.494632,-11.345635,-2.611153,16.781918,-28.273196,55.860678,24.623413,-18.997630,-10.489285,-3.110392,-13.091274,31.461118,46.577283,-11.469475,-10.660861,2.325881
822.000000,-55.443400,55.080783,67.578882,14.057584,16.616190,-33.956077,-40.069687,20.350069,17.308700,63.260112,-43.870759,3.813359,-56.287534,0.814039,3.375018,60.484515,-38.635112,-1.304729,-6.600049,1.184308,-11.337066,-2.742319,16.852320,-28.649321,56.085501,24.544172,-18.970596,-11.046130,-3.065948,-12.902313,31.696552,46.765349,-11.260976,-10.533926,1.614277
823.000000,-55.510670,55.012929,67.619085,13.985016,16.550295,-33.994629,-39.994548,20.455153,17.252320,63.218018,-43.836800,3.807909,-56.093192,0.897186,3.251128,60.253197,-38.644500,-1.205136,-6.472212,1.219570,-11.265448,-2.924814,16.844445,-28.494035,55.929305,25.450135,-18.823180,-11.218139,-3.095024,-12.862514,31.706097,46.823532,-11.082691,-10.512086,1.823430
824.000000,-55.626053,54.973829,67.601484,13.945703,16.727796,-33.905823,-40.401447,20.543377,16.888263,63.327349,-43.673350,3.689343,-56.264390,0.955828,2.989891,60.196861,-38.552569,-1.278157,-6.550503,1.434077,-11.322574,-3.072259,16.610863,-28.390501,56.089285,25.517421,-18.794691,-11.129822,-3.093790,-12.872495,31.322049,47.020730,-11.173045,-10.580642,2.066306
825.000000,-55.678254,54.855889,67.634493,14.130535,16.569851,-34.182665,-40.052154,20.565240,17.221694,63.010312,-43.694243,3.694566,-56.252553,1.119716,3.215323,60.173837,-38.628999,-1.268973,-6.518894,1.278368,-11.388043,-3.136878,16.659467,-28.925404,56.130338,25.756211,-19.124342,-10.092129,-3.198839,-12.792973,31.552267,47.348299,-10.633221,-10.598835,1.834381
826.000000,-55.739909,54.756832,67.655897,14.229464,16.411669,-34.479201,-39.753446,20.724018,17.486334,62.858101,-43.491137,3.625718,-56.178156,1.350353,3.385527,60.062915,-38.431487,-1.237750,-6.569404,1.139555,-11.369152,-3.036708,16.726170,-28.744694,55.974394,26.083149,-19.225956,-10.786628,-3.197815,-12.593377,31.493579,47.572671,-10.762607,-10.743138,1.950857
827.000000,-55.749428,54.636478,67.706788,14.248702,16.123890,-34.739730,-39.118928,20.842124,17.854673,62.543366,-43.487569,3.413008,-55.854593,1.565372,3.578270,59.950182,-38.456578,-1.336743,-6.544342,1.004803,-11.232309,-3.050335,16.768002,-28.958882,56.088711,25.712281,-19.124586,-10.535551,-3.247631,-12.571038,31.520763,47.718977,-10.648586,-10.849858,1.719321
828.000000,-55.786443,54.569316,67.745918,14.223322,16.076560,-34.706354,-39.029426,20.841059,17.803267,62.422144,-43.346559,3.368326,-55.703792,1.624292,3.578334,59.773205,-38.341742,-1.293590,-6.661029,1.039864,-11.147345,-3.307144,16.739086,-29.132218,56.303035,25.148803,-19.053286,-10.363385,-3.248088,-12.439115,31.440030,47.829936,-10.001793,-10.837031,1.573993
829.000000,-55.816108,54.505634,67.836541,14.161443,16.047130,-34.671895,-38.836326,20.847732,17.801372,62.056367,-43.225979,3.256657,-55.469937,1.684517,3.522391,59.465273,-38.224921,-1.342127,-6.790114,1.163055,-10.956450,-3.582144,16.562918,-29.354230,56.632776,24.983326,-19.142245,-10.163384,-3.493439,-12.377349,31.558974,48.232453,-9.481129,-10.893429,1.695811
830.000000,-55.818111,54.378986,68.002999,14.068787,15.679472,-34.929715,-37.827971,20.888612,18.183642,61.222401,-43.017433,2.869911,-54.802494,1.908598,3.666507,58.964525,-37.943490,-1.147443,-6.770241,1.108526,-10.609380,-3.729008,16.319588,-29.181136,57.101526,24.960955,-19.213245,-9.966644,-3.962233,-12.155737,31.966443,49.045222,-8.984196,-10.862724,1.745312
831.000000,-55.739790,54.304570,68.272513,13.876792,15.298828,-34.802269,-36.817052,20.524191,18.246475,60.242439,-42.409676,2.631349,-53.792791,1.794736,3.735903,58.179224,-37.742877,-1.126422,-6.995774,1.232595,-10.240104,-3.896614,16.010474,-29.009497,57.543435,24.293099,-19.040091,-10.215549,-4.406041,-12.070712,32.213474,49.633847,-8.678602,-10.859673,2.185780
832.000000,-55.748570,54.258460,68.572831,13.592181,15.235685,-34.740756,-36.186998,20.577108,18.280694,59.267184,-41.815986,2.400996,-52.938269,1.990994,3.632238,56.965861,-36.854649,-1.092190,-7.147218,1.596540,-10.005141,-4.200245,15.496232,-28.340420,58.153433,23.790771,-18.811488,-10.975323,-4.944831,-12.001784,32.532242,50.369947,-8.225724,-11.071179,3.675576
833.000000,-55.668920,54.196417,68.996298,13.377759,14.870837,-34.526566,-34.955023,20.107339,18.441832,57.540731,-40.972635,1.856568,-51.618140,1.760176,3.601083,55.562455,-36.356424,-0.880963,-7.312963,1.716973,-9.715465,-4.442962,15.201441,-28.498520,58.463837,23.133111,-18.723657,-11.153572,-5.391443,-11.931665,32.894864,51.384401,-7.959702,-10.972311,4.367824
834.000000,-55.537176,54.081231,69.509393,13.096974,14.464479,-34.469906,-33.291752,19.772388,18.853679,55.514196,-39.866199,1.210364,-49.943439,1.733490,3.663544,53.695450,-35.658474,-0.761440,-7.296590,1.778035,-9.646893,-4.473461,14.869744,-28.050115,58.897705,22.505460,-18.317975,-12.372293,-5.673313,-11.584620,32.940370,52.846447,-7.668312,-10.809415,5.466861
835.000000,-55.298048,53.934562,70.174432,12.527670,13.690521,-33.992658,-30.729359,18.980370,19.097608,52.535093,-38.406478,0.666596,-47.271172,1.320633,3.507660,51.256939,-34.926022,-0.767757,-7.457505,1.840194,-9.236668,-4.479589,14.321553,-27.953734,59.794215,20.971309,-18.267630,-12.169205,-5.776208,-11.410442,33.520936,54.207615,-6.673811,-10.681061,5.809134
836.000000,-55.041975,53.850472,70.824140,12.176516,12.997385,-33.699255,-28.261764,18.060936,19.462231,49.436626,-36.848898,0.061454,-44.921765,0.971520,3.670054,48.893339,-33.824869,-0.366036,-7.513567,1.777680,-9.388584,-4.428467,13.886202,-27.222518,60.464803,19.801635,-17.855165,-12.958025,-5.710524,-11.302136,33.898413,55.592576,-6.146672,-10.834300,6.701967
837.000000,-54.902065,53.805012,71.430498,11.868660,12.637299,-33.373705,-26.386672,17.390927,19.701325,46.510720,-35.149513,-0.592880,-42.976595,0.688987,3.535734,46.372337,-32.222490,-0.248801,-7.453668,1.869706,-9.682621,-4.327876,13.638853,-26.297751,60.670364,18.290313,-17.206051,-14.100846,-5.836961,-11.304965,33.965182,56.783686,-5.918030,-10.594375,7.506797
838.000000,-54.655373,53.712726,72.077060,11.656867,11.968620,-33.011221,-23.766963,16.247644,20.137566,42.742088,-33.219919,-1.214814,-40.616956,0.165300,3.620078,43.800627,-31.101768,0.185246,-7.527751,1.655907,-10.236807,-3.958770,13.664812,-25.732101,60.995119,16.624284,-17.102179,-15.434995,-5.562385,-11.324840,34.242880,57.749263,-5.732841,-10.819179,8.538523
839.000000,-54.370433,53.662050,72.706491,11.393397,10.964336,-32.527576,-20.584121,14.910320,20.828757,38.628623,-31.288984,-1.539060,-37.850555,-0.629990,3.735327,41.128049,-30.168806,0.446520,-7.551840,1.237816,-10.225761,-4.132711,13.327289,-24.814699,61.592098,16.244558,-16.722436,-16.063550,-5.362420,-11.455669,33.982312,58.210758,-5.783045,-10.513386,9.462955
840.000000,-54.234868,53.770614,73.186606,11.021496,10.931756,-31.715850,-19.270416,14.127423,20.488211,35.651453,-29.685433,-1.711501,-36.003406,-1.206816,3.012313,38.283647,-28.826363,0.814812,-7.697815,1.614045,-10.903320,-4.448381,13.043544,-24.641308,62.154093,15.977651,-17.069589,-15.772257,-4.951065,-11.997620,33.264333,58.239076,-5.635283,-10.508930,10.590619
841.000000,-54.056072,53.769255,73.677760,10.631364,10.295008,-31.316607,-16.681593,13.197170,20.591323,31.888292,-27.866313,-2.010301,-33.607621,-1.579082,2.897996,35.568429,-27.614603,0.987198,-7.520045,1.491086,-11.154851,-4.378866,13.129957,-24.344628,61.867792,16.736327,-17.602239,-14.824371,-4.635194,-12.281424,33.097464,58.455457,-5.655559,-10.568233,10.978879
842.000000,-53.875774,53.878284,74.100596,10.190905,9.814392,-30.520050,-14.451652,12.101205,20.155617,28.120538,-25.821103,-2.050313,-31.261147,-2.159585,2.458921,32.799060,-26.582792,1.178580,-7.524874,1.426059,-11.436484,-4.663927,13.281683,-24.495483,61.788152,16.761303,-17.765954,-13.251056,-4.234085,-12.512515,32.184333,58.686918,-6.199493,-10.484454,10.950222
843.000000,-53.697211,53.962684,74.458444,9.644288,9.073975,-29.932295,-11.726392,11.229867,20.248711,24.304960,-24.331359,-2.428672,-28.666461,-2.579257,2.164783,30.126209,-25.534418,1.249994,-7.247930,1.269599,-11.494446,-4.921888,13.212041,-23.443494,61.903015,16.927324,-18.223471,-13.744666,-3.481977,-12.807466,31.366121,58.559624,-6.286541,-10.674978,11.804421
844.000000,-53.672737,54.146361,74.604142,9.413582,8.743684,-29.443830,-10.887886,10.775419,20.059357,22.959669,-23.727377,-2.486489,-27.717008,-3.022612,1.864749,29.199349,-25.077210,1.386152,-7.236227,1.128831,-11.879336,-4.870734,13.288534,-22.915942,61.595527,16.654467,-18.249224,-12.808397,-3.108335,-12.935838,31.193600,58.634715,-6.570455,-10.758578,11.868733
845.000000,-53.572255,54.335499,74.955148,8.782927,8.041810,-28.623254,-7.707119,9.629718,19.894161,17.701224,-21.542943,-2.494032,-24.548574,-3.516197,1.167181,25.293958,-23.683597,1.440894,-7.254848,1.067927,-11.381191,-5.265593,13.346739,-22.248923,61.544533,16.029317,-18.049369,-12.236756,-3.116216,-13.206999,30.783994,59.057374,-6.393398,-10.651494,12.479451
846.000000,-53.563100,54.514772,75.052077,8.536668,7.690938,-28.269285,-6.836428,9.227917,19.571822,16.440395,-20.909215,-2.548694,-23.664908,-3.885270,0.821139,24.534770,-23.524531,1.584423,-7.078210,0.955052,-11.825860,-5.199060,13.223956,-21.344860,61.639418,15.918138,-18.063853,-12.285279,-2.491814,-13.176172,30.519379,59.387641,-6.135235,-10.833518,13.052040
847.000000,-53.603423,54.665828,75.217527,8.246553,6.880791,-27.569692,-5.173576,8.369922,18.971202,14.230878,-19.409709,-2.149267,-21.876029,-4.614558,0.223882,23.016769,-22.238473,1.917784,-7.375865,0.427081,-11.247279,-5.461750,13.725806,-22.649790,61.350248,13.620244,-16.734261,-9.842456,-2.476446,-13.097185,30.723222,59.550063,-7.012540,-10.575959,13.029331
848.000000,-53.551614,54.834694,75.355750,7.766716,6.329834,-27.045141,-3.396381,7.880583,18.740666,11.767205,-18.368197,-2.105174,-19.753655,-4.887983,-0.372097,20.529925,-21.344806,2.222427,-7.373469,0.244325,-11.019687,-5.513496,14.031281,-22.819126,61.498914,13.256229,-16.295655,-9.415729,-2.185908,-13.018753,30.431713,59.724786,-6.987402,-10.346999,12.603839
849.000000,-53.556800,54.986620,75.477552,7.317395,5.804561,-26.739006,-1.641342,7.481315,18.483455,9.241424,-17.178342,-2.054541,-17.751523,-4.998536,-0.735670,18.135108,-20.268404,2.386649,-7.188953,0.108171,-10.909761,-5.491607,14.160166,-22.403717,61.916969,13.204440,-16.138419,-9.131005,-1.800183,-12.886930,29.863196,60.000548,-6.971870,-10.265317,12.661677
850.000000,-53.561479,55.170220,75.576681,6.944326,5.416959,-26.350428,-0.105302,7.085517,18.290483,6.809207,-15.962646,-2.073129,-15.931131,-5.122459,-1.123900,15.619452,-19.198702,2.576568,-7.137136,-0.094572,-10.788239,-5.539519,14.236529,-22.106131,62.395499,13.255472,-16.147025,-9.011739,-1.568937,-12.764061,29.296099,60.222659,-7.093634,-10.315316,12.588705
851.000000,-53.597194,55.351055,75.624210,6.643014,5.075919,-26.150291,1.453930,6.606425,17.814146,4.212563,-14.997492,-1.741036,-14.412828,-5.172741,-1.246783,13.445141,-18.321716,2.799331,-6.931236,-0.232503,-10.723260,-5.415507,14.333109,-22.234764,62.605855,13.390323,-16.280581,-8.985492,-1.259536,-12.756206,29.016290,60.393345,-6.893782,-10.272803,12.587571
852.000000,-53.638715,55.485833,75.667745,6.350146,4.809658,-25.946464,2.722658,6.338515,17.707016,2.094450,-13.946418,-1.624436,-12.977947,-5.165977,-1.476082,11.309073,-17.345171,2.836182,-6.807387,-0.343627,-10.842322,-5.095646,14.406640,-21.953358,62.900366,13.519250,-16.092749,-9.211503,-1.082835,-12.629969,28.733943,60.833360,-6.882559,-10.207795,12.551066
853.000000,-53.597212,55.591857,75.689691,5.978001,4.555047,-25.766759,4.140557,6.166327,17.575508,-0.146106,-12.989678,-1.554527,-11.366781,-5.068685,-1.753108,8.943636,-16.136090,3.146405,-6.572069,-0.400838,-10.826424,-4.717100,14.505621,-21.640464,62.972548,13.932685,-16.081976,-9.533897,-0.945923,-12.590963,28.386143,61.240699,-7.057643,-10.134548,12.700435
854.000000,-53.614748,55.694562,75.697261,5.710523,4.353783,-25.588471,5.343715,5.971572,17.769434,-2.281734,-12.135516,-1.700411,-10.102576,-5.026547,-2.031581,7.001029,-15.167412,3.277181,-6.506898,-0.480081,-11.039125,-4.320055,14.443198,-21.305855,63.663633,13.633009,-15.790774,-9.687332,-0.741580,-12.415906,28.035109,61.877279,-6.889629,-9.946200,12.788125
855.000000,-53.618473,55.759126,75.690681,5.439455,4.079385,-25.710255,6.111051,5.982720,17.868912,-2.992221,-11.908274,-1.744024,-8.898527,-4.872482,-1.988633,5.262314,-14.420360,3.363941,-6.175712,-0.677164,-10.956722,-4.045324,14.522809,-21.126047,64.014384,13.853838,-15.983725,-9.969354,-0.700530,-12.253365,27.817083,62.300881,-6.851729,-9.909831,12.705528
856.000000,-53.658873,55.825722,75.682801,5.232219,3.778298,-25.624032,6.493150,6.002963,17.853338,-3.045146,-11.964243,-1.772562,-7.957798,-4.873358,-2.160530,4.052404,-13.778974,3.506765,-6.037042,-0.859352,-11.018361,-3.655381,14.561931,-20.747205,64.466098,13.790557,-15.797271,-10.201019,-0.644403,-12.190363,27.600740,62.673181,-7.061076,-9.932246,12.848888
857.000000,-53.904998,55.922735,75.709647,4.763632,3.152025,-27.062598,8.178422,6.303910,19.780330,-4.995182,-10.473848,-1.973224,-8.041562,-4.256167,-0.796660,4.194932,-12.942200,3.404515,-4.617325,-0.775627,-11.756261,-0.501856,12.695417,-21.242631,64.786530,14.480423,-15.953789,-7.963499,1.399280,-11.060539,28.333069,63.349663,-7.834738,-10.082349,11.153184
858.000000,-53.683674,55.928743,75.682193,4.808025,3.387718,-25.352494,7.043939,6.198451,17.756021,-3.122764,-12.075906,-1.932068,-6.772603,-4.755247,-2.292943,2.879829,-13.087658,3.586946,-5.759207,-1.001879,-11.270453,-2.621409,14.333982,-21.042206,65.484719,13.818626,-15.769145,-9.114850,-0.283315,-12.122235,27.541032,63.532268,-7.399798,-9.903542,11.998254
859.000000,-53.910458,55.979472,75.730020,4.419958,2.714317,-26.786047,8.718745,6.387073,19.589437,-4.995169,-10.497406,-1.923971,-6.560588,-4.246316,-1.048699,2.500662,-12.075941,3.487131,-4.423176,-0.903503,-11.569948,-0.358560,12.618079,-22.307471,65.906387,14.774602,-15.379088,-8.318090,1.549752,-11.023115,28.189881,63.756558,-7.368190,-9.932952,10.924929
