Frame,root_translateX,root_translateY,root_translateZ,root_rotateX,root_rotateY,root_rotateZ,left_hip_pitch_joint_dof,left_hip_roll_joint_dof,left_hip_yaw_joint_dof,left_knee_joint_dof,left_ankle_pitch_joint_dof,left_ankle_roll_joint_dof,right_hip_pitch_joint_dof,right_hip_roll_joint_dof,right_hip_yaw_joint_dof,right_knee_joint_dof,right_ankle_pitch_joint_dof,right_ankle_roll_joint_dof,waist_yaw_joint_dof,waist_roll_joint_dof,waist_pitch_joint_dof,left_shoulder_pitch_joint_dof,left_shoulder_roll_joint_dof,left_shoulder_yaw_joint_dof,left_elbow_joint_dof,left_wrist_roll_joint_dof,left_wrist_pitch_joint_dof,left_wrist_yaw_joint_dof,right_shoulder_pitch_joint_dof,right_shoulder_roll_joint_dof,right_shoulder_yaw_joint_dof,right_elbow_joint_dof,right_wrist_roll_joint_dof,right_wrist_pitch_joint_dof,right_wrist_yaw_joint_dof
0.000000,43.556845,2.934844,76.185822,-2.089645,9.304316,-1.006691,-3.236613,8.759905,7.433342,-3.216686,-9.102719,-0.126929,-7.737675,-5.716800,-7.124455,4.529834,-8.191664,6.583057,0.668203,2.476453,-12.956645,-5.897564,13.569684,-17.690258,78.356039,2.882296,-8.444383,-3.809729,-4.246216,-18.015881,11.454913,76.409101,5.637349,-7.186191,6.290622
1.000000,43.495622,2.943401,76.180202,-1.918202,9.639513,-1.093319,-3.621132,8.564459,7.467525,-3.319196,-8.913932,0.017338,-8.548254,-5.902006,-6.851545,5.210628,-8.512834,6.459919,0.691940,2.300512,-13.244371,-6.121181,13.439411,-17.937668,78.821578,2.689845,-8.854037,-3.583788,-4.536089,-17.940296,11.613137,76.931713,5.759138,-7.532265,6.280031
2.000000,43.464023,2.944964,76.166421,-1.800103,9.928947,-1.053165,-4.007341,8.411673,7.451920,-3.326875,-8.838546,0.082693,-8.992249,-6.076961,-6.897172,5.415633,-8.587233,6.434815,0.596430,2.109267,-13.490419,-6.200003,13.483952,-17.961263,78.832793,2.480761,-9.025745,-3.589067,-4.733918,-17.892198,11.684386,77.135628,5.750608,-7.614149,6.277108
3.000000,43.459240,2.924689,76.150727,-1.746932,10.303417,-0.966811,-4.483664,8.348036,7.379184,-3.337181,-8.761337,0.031346,-9.198734,-6.091246,-6.962419,5.001089,-8.573834,6.200168,0.405881,1.927185,-13.798252,-6.186664,13.635753,-17.885962,78.241996,2.155527,-8.691302,-3.453745,-5.084467,-17.807425,11.899752,77.480266,6.071344,-7.439275,6.693979
4.000000,43.459347,2.924262,76.150662,-1.740477,10.463218,-0.929567,-4.681056,8.330670,7.341659,-3.344259,-8.719744,0.010710,-9.330646,-6.100624,-6.992441,4.902025,-8.487832,6.198145,0.346835,1.889794,-13.928167,-6.216278,13.686918,-17.821314,78.095106,2.156624,-8.472886,-3.377202,-5.159929,-17.772542,11.982666,77.473784,5.832231,-7.382362,6.687515
5.000000,43.488735,2.901088,76.151276,-1.755919,10.710958,-0.863707,-4.966421,8.362297,7.280806,-3.344368,-8.670928,-0.085253,-9.479547,-6.061423,-7.063320,4.708105,-8.362204,6.183407,0.248988,1.889772,-14.178359,-6.228471,13.693595,-17.717229,78.050443,2.209195,-8.442669,-3.373345,-5.155301,-17.735382,11.999546,77.384090,5.597436,-7.326157,6.484433
6.000000,43.508941,2.894053,76.150143,-1.761169,10.872617,-0.863558,-5.131121,8.376540,7.288063,-3.348008,-8.653369,-0.111276,-9.599792,-6.038751,-7.059863,4.602076,-8.275407,6.173746,0.208999,1.895179,-14.330326,-6.248573,13.671820,-17.675619,78.054323,2.221501,-8.383942,-3.315848,-5.161720,-17.709776,11.962284,77.350601,5.477355,-7.222194,6.274780
7.000000,43.518722,2.897133,76.148808,-1.751132,10.954692,-0.894550,-5.208753,8.369939,7.297235,-3.352603,-8.617847,-0.108137,-9.667842,-6.044843,-7.049603,4.546669,-8.195761,6.185980,0.183951,1.878072,-14.382230,-6.294937,13.663742,-17.668934,78.067068,2.313851,-8.408364,-3.413498,-5.198348,-17.677798,11.928188,77.350233,5.168633,-7.089525,5.918503
8.000000,43.517607,2.902517,76.149464,-1.749981,11.002019,-0.889257,-5.263348,8.362127,7.284161,-3.351367,-8.579851,-0.060883,-9.722883,-6.050404,-7.043026,4.547978,-8.178991,6.187670,0.150675,1.879148,-14.424837,-6.321729,13.682792,-17.733497,78.027849,2.468389,-8.482973,-3.629799,-5.211038,-17.703649,11.945342,77.356503,4.874166,-6.942912,5.623530
9.000000,43.512505,2.910595,76.147616,-1.754472,11.034557,-0.895552,-5.304330,8.360988,7.275326,-3.351391,-8.600600,-0.065197,-9.764759,-6.055355,-7.065869,4.548976,-8.169068,6.193253,0.128556,1.879152,-14.428066,-6.375126,13.685875,-17.702817,78.029597,2.525078,-8.453349,-3.952316,-5.227213,-17.763889,11.976658,77.391460,4.736052,-6.775680,5.504868
10.000000,43.514904,2.919332,76.145923,-1.747991,11.069901,-0.928830,-5.332848,8.357180,7.295932,-3.353185,-8.619227,-0.071156,-9.800679,-6.059505,-7.033517,4.528589,-8.148830,6.206350,0.097819,1.867850,-14.462888,-6.387097,13.697565,-17.702414,78.102776,2.560205,-8.557428,-4.129549,-5.228586,-17.805743,11.926452,77.511849,4.738580,-6.731829,5.385361
11.000000,43.515551,2.932029,76.142794,-1.749357,11.065514,-0.971656,-5.313354,8.360055,7.354716,-3.355716,-8.658952,-0.077045,-9.826484,-6.051508,-6.978608,4.563439,-8.178135,6.211037,0.078339,1.873288,-14.465229,-6.388103,13.683929,-17.757525,78.183468,2.624829,-8.708872,-4.218505,-5.266229,-17.817401,11.862548,77.772188,4.834913,-6.678838,5.594774
12.000000,43.515077,2.931859,76.137388,-1.749352,11.058668,-1.019115,-5.292852,8.375325,7.382895,-3.352422,-8.713717,-0.068965,-9.841299,-6.041007,-6.969372,4.590200,-8.184753,6.161761,0.085061,1.881890,-14.449069,-6.424435,13.656836,-17.753321,78.210222,2.625090,-8.671198,-4.219151,-5.212725,-17.810746,11.681424,77.921312,5.436272,-6.618296,6.244677
13.000000,43.512478,2.935502,76.137143,-1.742064,11.035210,-1.054253,-5.254900,8.369140,7.400926,-3.348280,-8.712729,-0.027496,-9.836981,-6.032277,-6.919650,4.598122,-8.203696,6.163287,0.091810,1.869896,-14.406276,-6.470679,13.631835,-17.733169,78.137876,2.603783,-8.601936,-4.281329,-5.163903,-17.809573,11.416894,77.997420,6.022725,-6.625983,6.809993
14.000000,43.512401,2.935315,76.139468,-1.729655,11.005463,-1.093960,-5.208622,8.363726,7.423167,-3.349724,-8.693097,-0.011875,-9.827514,-6.031252,-6.862086,4.617612,-8.210383,6.175217,0.077919,1.848374,-14.392721,-6.440852,13.631372,-17.686505,78.051311,2.593917,-8.303545,-4.247507,-5.074026,-17.800159,11.332728,77.911387,6.179197,-6.619214,7.152055
15.000000,43.526679,2.938031,76.137483,-1.733500,10.992661,-1.104200,-5.174713,8.368826,7.440441,-3.352694,-8.708164,-0.033408,-9.780515,-6.034177,-6.890227,4.586861,-8.212425,6.197511,0.041036,1.837376,-14.418492,-6.379169,13.640831,-17.683891,78.010254,2.624132,-8.335604,-4.321007,-5.035843,-17.773209,11.345158,77.894606,6.163556,-6.621779,7.263944
16.000000,43.518445,2.932728,76.136941,-1.735149,10.994762,-1.106140,-5.184836,8.379341,7.442008,-3.350770,-8.710107,-0.022936,-9.775367,-6.013780,-6.860511,4.542034,-8.195539,6.193592,-0.014181,1.821097,-14.444687,-6.321174,13.635185,-17.678083,78.025609,2.619695,-8.432221,-4.483406,-5.064642,-17.724414,11.349305,77.944357,6.150759,-6.663445,7.261782
17.000000,43.524337,2.928062,76.135427,-1.743592,10.983167,-1.130195,-5.158188,8.403432,7.478701,-3.350594,-8.726011,-0.025501,-9.740299,-5.999320,-6.878955,4.516367,-8.209211,6.173918,-0.043984,1.814845,-14.459779,-6.262864,13.631977,-17.650312,78.074082,2.623665,-8.481460,-4.515240,-5.090833,-17.666310,11.393435,77.945067,5.995573,-6.702754,7.222535
18.000000,43.522605,2.929871,76.133364,-1.749793,10.969881,-1.139253,-5.143059,8.410777,7.480665,-3.349619,-8.755433,-0.021331,-9.712864,-5.981460,-6.851809,4.473536,-8.186025,6.175883,-0.059915,1.822016,-14.441895,-6.247495,13.618861,-17.628689,78.125664,2.663574,-8.502061,-4.482557,-5.118136,-17.638745,11.427905,77.925519,5.854238,-6.740425,7.130206
19.000000,43.515801,2.926601,76.135552,-1.745013,10.958639,-1.183777,-5.119494,8.418504,7.519338,-3.346563,-8.764473,-0.014530,-9.711993,-5.965722,-6.796826,4.456024,-8.170174,6.182598,-0.031568,1.805724,-14.427166,-6.226896,13.621389,-17.582123,78.123253,2.699304,-8.501358,-4.401737,-5.138525,-17.606370,11.399252,77.869388,5.777347,-6.777249,7.024193
20.000000,43.504742,2.923990,76.135397,-1.734888,10.970640,-1.227652,-5.134500,8.422579,7.557988,-3.343232,-8.755163,0.002096,-9.756281,-5.965454,-6.789043,4.479348,-8.166236,6.187071,0.006341,1.778576,-14.438228,-6.214208,13.631953,-17.571261,78.153326,2.721200,-8.420045,-4.378546,-5.124324,-17.588249,11.413416,77.751254,5.727214,-6.826842,6.992670
21.000000,43.474525,2.923320,76.134980,-1.719911,10.997522,-1.255214,-5.184651,8.415085,7.600607,-3.336589,-8.726890,0.049480,-9.852057,-5.970616,-6.740908,4.536228,-8.150010,6.174115,0.036839,1.748530,-14.454690,-6.223615,13.644840,-17.584754,78.137972,2.715354,-8.429823,-4.366732,-5.128564,-17.588912,11.494566,77.667112,5.711266,-6.900517,6.960917
22.000000,43.468273,2.922486,76.133770,-1.730610,11.019859,-1.237871,-5.220114,8.426580,7.589761,-3.335564,-8.722336,0.024131,-9.879070,-5.964668,-6.766911,4.537653,-8.149357,6.174079,0.051725,1.743659,-14.478603,-6.225342,13.639773,-17.589446,78.140363,2.673784,-8.426734,-4.252785,-5.152496,-17.609819,11.486406,77.709098,5.727415,-6.925238,6.918404
23.000000,43.451732,2.925940,76.134801,-1.724836,11.023416,-1.237245,-5.240656,8.413041,7.564403,-3.332948,-8.695957,0.041902,-9.920232,-5.972028,-6.734245,4.585204,-8.163393,6.155407,0.105013,1.713101,-14.469329,-6.253387,13.647513,-17.551626,78.134885,2.618510,-8.392209,-4.174578,-5.133819,-17.638919,11.454701,77.672003,5.792701,-6.915613,6.891172
24.000000,43.447658,2.924710,76.133358,-1.731332,11.010491,-1.197655,-5.243771,8.410359,7.535890,-3.334876,-8.714242,0.017036,-9.890770,-5.983400,-6.776232,4.570868,-8.163041,6.169449,0.124567,1.682421,-14.460407,-6.268600,13.672096,-17.559499,78.152568,2.618568,-8.439552,-4.194190,-5.122361,-17.644779,11.452731,77.705020,5.814687,-6.907239,6.969524
25.000000,43.439865,2.923996,76.135421,-1.721376,11.016592,-1.190582,-5.258531,8.389154,7.506532,-3.340820,-8.691383,0.035766,-9.902974,-5.994572,-6.778211,4.567333,-8.145090,6.173838,0.159160,1.658813,-14.481647,-6.275528,13.679820,-17.549254,78.177287,2.601729,-8.513335,-4.177733,-5.113056,-17.653070,11.430363,77.752893,5.819315,-6.973251,6.975466
26.000000,43.430150,2.926636,76.132894,-1.723627,11.020010,-1.159399,-5.279908,8.386737,7.502103,-3.340668,-8.680383,0.010857,-9.909917,-6.006796,-6.802769,4.575229,-8.156827,6.156702,0.149700,1.650263,-14.496675,-6.260990,13.698878,-17.547442,78.166570,2.555775,-8.499238,-4.093198,-5.102534,-17.654154,11.443643,77.734642,5.855219,-7.018735,6.953813
27.000000,43.425661,2.921402,76.133293,-1.725241,11.033941,-1.130647,-5.307529,8.387575,7.475888,-3.338989,-8.697269,0.009631,-9.919637,-6.007570,-6.823705,4.571078,-8.147159,6.179507,0.124650,1.638006,-14.527698,-6.247945,13.709358,-17.505445,78.182102,2.578192,-8.462748,-4.128553,-5.101217,-17.636904,11.439982,77.717123,5.798049,-6.968904,7.004998
28.000000,43.430537,2.920372,76.135123,-1.723350,11.027194,-1.118453,-5.300575,8.379037,7.437964,-3.339034,-8.678905,0.025377,-9.892960,-6.013598,-6.837240,4.553495,-8.150808,6.179386,0.109887,1.634815,-14.533215,-6.220341,13.709639,-17.507561,78.232632,2.593427,-8.526302,-4.233370,-5.104430,-17.619284,11.439480,77.715197,5.774394,-7.014162,6.965669
29.000000,43.418539,2.916965,76.136011,-1.722603,11.025946,-1.106076,-5.317976,8.377875,7.431173,-3.337568,-8.680946,0.039482,-9.903207,-6.008930,-6.832356,4.552784,-8.146975,6.164505,0.087863,1.618533,-14.535256,-6.182159,13.722525,-17.523108,78.231470,2.537094,-8.543333,-4.207094,-5.100737,-17.581279,11.483597,77.698156,5.816324,-7.079716,6.941615
30.000000,43.407503,2.911052,76.136523,-1.718810,11.049474,-1.125258,-5.347681,8.388073,7.453778,-3.339062,-8.665254,0.003332,-9.954237,-6.004255,-6.827583,4.571023,-8.134545,6.159278,0.105878,1.601847,-14.561335,-6.161158,13.723028,-17.541314,78.242201,2.554102,-8.514345,-4.151179,-5.097386,-17.552471,11.498952,77.671395,5.850332,-7.112716,6.923544
31.000000,43.398753,2.911361,76.135260,-1.729692,11.041218,-1.136223,-5.342842,8.406952,7.490183,-3.336380,-8.643949,-0.000875,-9.953026,-6.001455,-6.870573,4.578893,-8.155093,6.161017,0.106403,1.656160,-14.568382,-6.331633,13.692614,-17.822091,78.509548,2.493070,-8.252305,-4.217042,-5.127919,-17.594342,11.628976,77.678150,5.997938,-7.034686,6.990493
32.000000,43.391374,2.912216,76.134187,-1.721961,11.020759,-1.143051,-5.318114,8.391199,7.465194,-3.340778,-8.664289,-0.005930,-9.930145,-5.995991,-6.820969,4.547839,-8.129379,6.197660,0.121750,1.663243,-14.548250,-6.402544,13.685591,-18.017819,78.630770,2.348500,-8.157397,-4.229005,-5.131632,-17.614617,11.699474,77.671422,6.096176,-7.010881,7.008605
33.000000,43.388066,2.910415,76.134956,-1.726882,11.013452,-1.151216,-5.314934,8.402594,7.464957,-3.337581,-8.659556,-0.021203,-9.921156,-5.982539,-6.815166,4.533372,-8.116463,6.196547,0.130668,1.667084,-14.544490,-6.424483,13.665497,-18.065683,78.694127,2.309656,-8.132378,-4.215911,-5.125184,-17.614645,11.691717,77.660364,6.171081,-7.003047,6.996001
34.000000,43.386662,2.909731,76.136339,-1.730833,11.004220,-1.151880,-5.306206,8.406628,7.465322,-3.336972,-8.660351,-0.017989,-9.906905,-5.980315,-6.820136,4.522104,-8.110296,6.193843,0.123721,1.668572,-14.530063,-6.428996,13.656074,-18.077656,78.696395,2.304420,-8.142234,-4.212309,-5.128357,-17.620109,11.694258,77.651601,6.175982,-6.996214,6.995782
35.000000,43.381986,2.909802,76.137781,-1.732593,10.970365,-1.155527,-5.270000,8.410303,7.471862,-3.334654,-8.659361,-0.007699,-9.864696,-5.981009,-6.828621,4.509876,-8.103224,6.199220,0.087607,1.682977,-14.472566,-6.410070,13.655039,-18.093518,78.612014,2.356528,-8.137342,-4.201990,-5.146048,-17.630918,11.760193,77.628303,6.141512,-6.994931,7.005270
36.000000,43.374866,2.908815,76.139641,-1.716088,10.947692,-1.186686,-5.244318,8.399840,7.481348,-3.335541,-8.640020,0.003663,-9.860485,-5.985232,-6.785789,4.515116,-8.064929,6.224710,0.084346,1.684746,-14.454152,-6.419708,13.626033,-18.108539,78.643625,2.288373,-8.131495,-4.195506,-5.122355,-17.636641,11.776521,77.594829,6.154529,-7.013014,6.974256
37.000000,43.367660,2.913901,76.138657,-1.710977,10.946540,-1.197158,-5.242429,8.393578,7.525245,-3.336067,-8.661335,0.009644,-9.879725,-5.996448,-6.788185,4.544665,-8.077412,6.230284,0.065623,1.690698,-14.469172,-6.417551,13.618621,-18.130097,78.619364,2.214627,-8.162260,-4.199161,-5.103521,-17.653696,11.800315,77.620414,6.147008,-7.015638,6.995093
38.000000,43.363822,2.915080,76.141948,-1.705330,10.944518,-1.213707,-5.240051,8.385334,7.507488,-3.340001,-8.646259,0.007500,-9.892012,-5.995035,-6.763520,4.550862,-8.067907,6.235951,0.073142,1.694540,-14.466426,-6.444897,13.627695,-18.141969,78.603900,2.210881,-8.158271,-4.253015,-5.074588,-17.674580,11.843698,77.613270,6.180149,-7.037403,7.012229
39.000000,43.361196,2.916230,76.143014,-1.707391,10.938943,-1.230857,-5.229677,8.394659,7.553627,-3.341888,-8.651142,-0.010642,-9.901175,-5.998460,-6.780305,4.579425,-8.080672,6.232254,0.079337,1.708469,-14.466470,-6.492147,13.631909,-18.156161,78.656527,2.253734,-8.122914,-4.279057,-5.053678,-17.678314,11.823694,77.659913,6.216684,-7.057235,7.014114
40.000000,43.348283,2.921440,76.145273,-1.715456,10.930148,-1.233673,-5.228661,8.401554,7.559356,-3.338702,-8.631232,-0.040559,-9.898663,-5.993779,-6.796274,4.575186,-8.051414,6.219729,0.081511,1.727008,-14.445811,-6.551271,13.645372,-18.208029,78.724193,2.235714,-8.331217,-4.234912,-5.066832,-17.682264,11.830846,77.704221,6.297557,-7.095245,7.040962
41.000000,43.339142,2.923532,76.142162,-1.708876,10.948030,-1.249223,-5.250865,8.398868,7.577362,-3.342144,-8.644065,-0.028178,-9.938404,-5.994644,-6.764776,4.581832,-8.060450,6.236179,0.077395,1.740900,-14.490791,-6.570992,13.663277,-18.208960,78.786826,2.226666,-8.225975,-4.163401,-5.031440,-17.700555,11.858091,77.668451,6.332067,-7.085405,7.027521
42.000000,43.333390,2.926719,76.144236,-1.696171,10.959044,-1.277613,-5.259699,8.385612,7.578641,-3.343229,-8.641740,-0.005463,-9.976804,-6.001641,-6.733210,4.615068,-8.072256,6.222360,0.094442,1.755024,-14.523800,-6.570041,13.691744,-18.224854,78.674429,2.261565,-8.114637,-4.190332,-4.993169,-17.715395,11.871314,77.618905,6.353843,-7.069975,7.012567
43.000000,43.321693,2.932641,76.145226,-1.690308,10.958675,-1.292576,-5.266093,8.376049,7.588467,-3.344916,-8.629751,-0.020854,-9.993783,-6.020907,-6.766960,4.631696,-8.069226,6.226311,0.093282,1.777317,-14.538479,-6.546658,13.714079,-18.279034,78.587071,2.166960,-8.215213,-4.216416,-4.993810,-17.731183,11.909030,77.626247,6.402315,-7.104465,6.988030
44.000000,43.309104,2.939187,76.144212,-1.688757,10.967401,-1.283450,-5.286820,8.366969,7.578165,-3.343960,-8.642128,-0.025675,-10.021177,-6.025557,-6.746507,4.637246,-8.062300,6.225478,0.058529,1.800867,-14.551416,-6.525020,13.710542,-18.282152,78.815991,1.996298,-8.809896,-4.338246,-5.033886,-17.727442,12.004793,77.714541,6.389245,-7.259443,6.956804
45.000000,43.305418,2.944076,76.146019,-1.688320,10.966577,-1.288371,-5.291457,8.365950,7.623330,-3.345297,-8.630659,-0.036717,-10.022830,-6.024454,-6.730263,4.631013,-8.064152,6.220470,0.080657,1.830810,-14.560150,-6.558450,13.728959,-18.270140,78.883631,2.015207,-8.922705,-4.412210,-4.995797,-17.734173,11.990116,77.684290,6.334154,-7.258230,6.952015
46.000000,43.296093,2.946228,76.146138,-1.690258,10.964919,-1.288285,-5.294927,8.369188,7.638475,-3.344248,-8.622168,-0.021194,-10.030911,-6.028821,-6.752924,4.635849,-8.056177,6.254479,0.123720,1.860761,-14.556914,-6.605963,13.752821,-18.340267,78.687522,2.071041,-8.616469,-4.340721,-4.937505,-17.738756,11.985463,77.615756,6.328865,-7.138641,6.926994
47.000000,43.294278,2.950742,76.147330,-1.672864,10.942114,-1.287731,-5.266826,8.340614,7.616875,-3.345468,-8.596725,-0.014848,-10.014302,-6.049347,-6.731714,4.648618,-8.060063,6.285931,0.144503,1.858689,-14.531511,-6.605962,13.785408,-18.348058,78.567427,2.110465,-8.385364,-4.294241,-4.896607,-17.736447,12.064660,77.557017,6.173127,-7.128850,6.877390
48.000000,43.295729,2.959215,76.149356,-1.660247,10.910404,-1.277744,-5.232084,8.313896,7.626107,-3.348649,-8.623741,-0.021183,-9.990768,-6.083685,-6.746952,4.687708,-8.102501,6.275609,0.143784,1.865990,-14.506722,-6.548732,13.811657,-18.358128,78.504815,2.173935,-8.286194,-4.249915,-4.831306,-17.755794,12.263930,77.398297,5.858723,-7.141937,6.825344
49.000000,43.305856,2.969919,76.149076,-1.659597,10.873580,-1.242468,-5.194799,8.290922,7.595920,-3.349713,-8.635665,0.001006,-9.927675,-6.116321,-6.807352,4.696119,-8.125022,6.280675,0.123849,1.901687,-14.467893,-6.482892,13.826833,-18.441745,78.414199,2.300617,-8.182883,-4.096987,-4.693735,-17.830902,12.541278,77.023517,5.527338,-7.079395,6.668691
50.000000,43.328321,2.979974,76.152384,-1.669927,10.810775,-1.174055,-5.123055,8.270008,7.527305,-3.350041,-8.659569,0.011939,-9.810144,-6.135499,-6.863727,4.676267,-8.182145,6.294323,0.073912,1.951201,-14.416677,-6.378047,13.834210,-18.522303,78.315509,2.366241,-8.125070,-3.931229,-4.485519,-17.964420,12.948166,76.400488,4.990682,-6.993492,6.525037
51.000000,43.347478,2.987707,76.153469,-1.657280,10.722407,-1.109260,-5.023708,8.228821,7.478594,-3.349214,-8.689624,0.006642,-9.712006,-6.185506,-6.900103,4.754234,-8.269024,6.316271,-0.002361,1.977223,-14.310232,-6.192942,13.888727,-18.530378,78.005815,2.519794,-8.118767,-3.861548,-4.201246,-18.180883,13.601150,75.369177,4.029912,-6.960501,6.500487
52.000000,43.379962,2.995369,76.152563,-1.652227,10.617406,-1.027538,-4.899418,8.185767,7.375459,-3.348987,-8.699567,0.042555,-9.606346,-6.238836,-6.965753,4.895077,-8.413611,6.290051,-0.150388,2.028200,-14.111516,-5.780607,14.038527,-18.455770,76.986149,2.679429,-8.159425,-3.746146,-3.740536,-18.517387,14.191464,73.589455,3.068102,-7.129150,6.330200
53.000000,43.419129,3.005215,76.154882,-1.670386,10.483387,-0.919515,-4.743141,8.163187,7.260810,-3.346095,-8.741465,0.081250,-9.452408,-6.276670,-7.067475,5.034273,-8.582624,6.297907,-0.356205,2.140694,-13.821145,-4.997073,14.340858,-18.284486,74.564335,2.803261,-8.210759,-3.655808,-3.092615,-18.940108,14.280300,71.137308,2.330471,-7.233530,5.975746
54.000000,43.453333,3.010632,76.154357,-1.672448,10.308640,-0.834441,-4.536145,8.134690,7.184807,-3.349019,-8.786481,0.081538,-9.313297,-6.317484,-7.088115,5.259781,-8.756869,6.317770,-0.582687,2.192756,-13.418992,-3.706854,15.029980,-18.191061,70.134233,2.894472,-8.588786,-3.450193,-2.292651,-19.347751,13.994143,68.169215,1.989500,-7.422241,5.474044
55.000000,43.497136,3.014091,76.152062,-1.678287,10.111695,-0.788302,-4.283159,8.117752,7.147139,-3.349677,-8.924562,0.083699,-9.167406,-6.338412,-7.069393,5.525654,-8.971555,6.304602,-0.789262,2.224621,-13.060928,-1.964642,15.991092,-18.045392,64.224870,3.036268,-9.430580,-3.066628,-1.317096,-19.713908,13.405806,64.930114,2.212515,-7.700188,5.119721
56.000000,43.547061,3.018437,76.152843,-1.674863,9.925223,-0.748249,-4.040946,8.097685,7.160740,-3.349496,-9.039784,0.039235,-9.010322,-6.368628,-7.023285,5.746493,-9.151704,6.322361,-0.998576,2.257277,-12.842671,-0.089487,16.815791,-17.575537,58.005716,3.014864,-10.402026,-2.225957,-0.166555,-19.986641,12.580255,61.368225,3.031122,-8.021900,4.803767
57.000000,43.586653,3.030888,76.157832,-1.628752,9.728601,-0.848811,-3.765683,8.050152,7.168530,-3.335578,-9.143775,0.106636,-8.794628,-6.420833,-6.958093,5.795369,-9.207500,6.371809,-0.969714,2.258346,-12.700349,1.313772,17.498735,-17.294307,52.573585,2.480633,-11.063540,-1.411818,1.041919,-20.479567,12.356350,57.089576,3.723105,-8.201251,4.461069
58.000000,43.589404,3.034426,76.177889,-1.525029,9.518646,-1.172175,-3.637828,8.021058,7.317208,-2.885197,-9.336288,0.162213,-8.693147,-6.488461,-6.859978,5.921079,-9.248158,6.379707,-0.604279,2.112165,-12.484273,2.048953,17.983535,-17.137088,48.314214,1.920297,-11.307496,-0.931923,1.878487,-21.227069,12.796366,52.198990,3.670571,-8.207090,4.167870
59.000000,43.538517,3.036578,76.204211,-1.440987,9.300774,-1.507143,-3.692550,8.037092,7.321782,-2.142010,-9.638883,0.150780,-8.757856,-6.480852,-6.580118,6.253600,-9.343249,6.267022,-0.091779,1.918693,-12.221438,2.050606,18.289257,-17.446438,45.590755,1.274466,-11.384439,-1.057098,2.097919,-21.917080,13.407479,47.170407,5.006372,-8.190382,4.529158
60.000000,43.449968,3.030667,76.224548,-1.371916,9.099112,-1.762439,-3.857447,8.062914,7.301072,-1.337157,-9.948688,0.230016,-9.007804,-6.489051,-6.280068,6.911519,-9.550042,6.121026,0.507763,1.666392,-12.032001,1.361807,18.563918,-18.213768,43.878173,0.660221,-11.146575,-1.591204,1.704220,-22.426467,13.941424,42.182196,7.880262,-8.006827,5.552557
61.000000,43.364528,3.010505,76.228637,-1.362513,8.987259,-1.772135,-4.039138,8.082424,7.088647,-0.841747,-10.112505,0.346459,-9.363119,-6.502381,-6.168291,7.755309,-9.922866,5.992143,0.929621,1.467954,-12.000508,0.470100,18.793426,-18.892894,42.359952,0.033965,-10.770394,-2.124771,0.610412,-23.169106,14.411446,37.130349,9.629976,-8.022178,5.797099
62.000000,43.261176,2.975887,76.223695,-1.370005,9.085676,-1.496801,-4.419570,8.049628,6.778845,-0.666162,-10.032015,0.501890,-9.875931,-6.576294,-6.287329,8.548592,-10.273786,5.892803,1.092317,1.328405,-12.127931,-0.274302,18.795337,-18.939689,40.532767,-0.721886,-10.585851,-2.025199,-1.487333,-24.745364,14.914669,31.563219,6.566009,-8.981116,4.321325
63.000000,43.194106,2.942038,76.207215,-1.456838,9.222786,-0.815646,-4.777325,7.986346,6.126162,-0.833393,-9.831023,0.537955,-10.122512,-6.698811,-6.795312,9.026755,-10.598857,5.806053,0.993526,1.313633,-12.331109,-0.916690,18.570933,-18.642718,38.542488,-2.267764,-10.446586,-1.780733,-3.998573,-26.406606,15.462375,26.525972,2.993929,-9.280960,3.366914
64.000000,43.180528,2.874725,76.145726,-1.488994,10.182952,0.040979,-6.028639,7.841603,5.477625,-1.090973,-9.408590,-0.278037,-10.760330,-6.935978,-7.962301,8.584955,-10.507843,6.992176,1.496316,1.153888,-13.281706,-3.221833,18.666465,-20.663339,38.030538,-9.011336,-11.108464,-6.100330,-5.934689,-28.549588,14.579244,20.551341,2.018835,-6.473450,5.040049
65.000000,43.137512,2.795365,76.152676,-1.556957,10.524179,0.757242,-6.858321,7.782639,4.683077,-0.772220,-9.201221,-0.533581,-10.992817,-7.080788,-8.695424,8.616829,-10.605851,6.931723,2.503293,0.864441,-13.832574,-4.989764,18.942159,-21.719160,37.203296,-11.279470,-11.639219,-6.192048,-8.434861,-30.397217,13.920567,16.990833,-2.053568,-7.426810,3.351416
66.000000,43.032238,2.731859,76.133692,-1.675298,10.572160,1.673439,-7.769994,7.705410,3.691981,0.164024,-9.416585,-0.668917,-11.095190,-7.274533,-9.508106,9.060721,-11.041700,6.910178,3.449381,0.694992,-14.014800,-6.650894,19.004352,-22.870263,36.696540,-12.082125,-12.742113,-4.630368,-11.900329,-33.095951,14.547183,14.973081,-10.151846,-11.668408,-4.290466
67.000000,42.973217,2.602245,76.126134,-1.749149,10.676211,2.389787,-8.710565,7.685035,2.973754,1.261788,-9.676066,-0.971510,-11.447662,-7.405885,-10.050518,9.866843,-11.578982,6.675382,4.633414,0.500804,-14.213204,-8.076534,18.933257,-23.635721,36.412982,-11.494419,-13.054944,-3.779952,-16.208235,-35.176311,15.976673,14.814450,-15.769908,-12.694761,-8.071217
68.000000,42.958170,2.457752,76.114494,-1.795406,10.677774,2.921237,-9.321814,7.702471,2.417725,2.149551,-9.990834,-1.234496,-11.758495,-7.509950,-10.471401,10.824803,-12.239438,6.350804,6.054751,0.233526,-14.299078,-9.083231,18.866376,-24.070924,36.072589,-10.644876,-12.784078,-2.920024,-20.917739,-37.133741,18.730791,15.657256,-18.507904,-12.466588,-11.406928
69.000000,42.945328,2.298327,76.084280,-1.902863,10.633360,3.536662,-9.830547,7.770173,1.872034,2.859194,-10.304330,-1.542440,-12.068150,-7.572942,-10.945232,11.936318,-13.033625,5.971536,7.459862,0.139979,-14.394359,-9.579393,18.843981,-24.299124,35.926556,-9.838142,-12.940107,-2.286004,-26.227551,-39.038776,21.708940,18.112687,-21.631687,-12.952002,-14.041867
70.000000,42.985708,2.119085,76.062906,-1.970120,10.546043,4.047304,-10.020412,7.858395,1.445249,3.177109,-10.468914,-1.885774,-12.308998,-7.621189,-11.336857,13.040121,-13.761869,5.650996,9.099086,0.013696,-14.330792,-9.689811,18.904321,-24.512388,35.840888,-9.122811,-12.988561,-2.015509,-31.638464,-40.557335,24.928225,21.831902,-24.594690,-13.469948,-15.884211
71.000000,43.044168,1.912574,76.044410,-2.005102,10.391922,4.596530,-10.043989,7.908363,0.948094,3.306767,-10.467287,-2.208306,-12.424284,-7.697180,-11.795323,14.102884,-14.495454,5.430769,10.899773,-0.151565,-14.015237,-9.494432,19.136202,-24.482868,35.779096,-8.560770,-13.049332,-2.295982,-36.658728,-41.959385,27.676295,26.076610,-26.877662,-14.114981,-16.014461
72.000000,43.119380,1.669988,76.035684,-1.994504,10.188944,5.139642,-9.941802,7.954503,0.522303,3.330603,-10.390002,-2.650287,-12.453020,-7.784180,-12.263962,15.108542,-15.230183,5.033417,12.873667,-0.364602,-13.424562,-9.023856,19.513893,-24.162810,35.622319,-8.338620,-12.958687,-2.288477,-41.645463,-43.342956,30.620582,30.878701,-28.125317,-14.649660,-16.509573
73.000000,43.164560,1.454628,76.028079,-2.087759,9.816246,5.858280,-9.818249,8.055122,-0.093188,3.519373,-10.397246,-2.883686,-12.256844,-7.797881,-12.835546,16.088406,-15.913017,4.493913,14.820752,-0.241429,-12.516262,-8.515205,19.842847,-23.813620,35.643250,-8.606049,-12.640410,-1.316510,-46.036762,-44.084531,32.711227,36.256973,-26.293665,-14.505729,-16.643595
74.000000,43.279350,1.186890,76.022762,-2.242728,9.618857,6.891952,-9.963954,8.153116,-0.993427,3.705897,-10.320199,-3.366313,-12.015075,-7.821682,-13.791595,16.866677,-16.598063,3.937433,16.475694,-0.042390,-11.799655,-7.804669,20.160606,-23.001840,35.804641,-8.565067,-12.197823,-1.493638,-49.297973,-43.478932,32.663805,42.436901,-17.307935,-14.465787,-14.430904
75.000000,43.450096,0.888401,76.013166,-2.496645,9.539955,7.943832,-10.018226,8.392616,-1.854991,3.471430,-10.096176,-3.897173,-11.850079,-7.699017,-14.778822,17.577268,-17.252508,3.288569,18.005678,0.210921,-10.999649,-7.046127,20.588109,-21.530887,35.587082,-8.799658,-11.169332,-1.470253,-52.787841,-42.187319,30.474719,49.822518,-0.951842,-13.600435,-10.173154
76.000000,43.544650,0.575889,75.993055,-2.732216,9.509122,9.188152,-10.292448,8.540025,-2.885028,3.290887,-9.735418,-4.362498,-11.857299,-7.726361,-15.953961,18.479061,-17.964084,2.655837,19.430567,0.594921,-10.231556,-6.449851,21.179464,-20.704834,36.072008,-9.647051,-10.007305,-0.132037,-55.860770,-41.297489,25.842251,57.010117,15.719416,-11.761507,-6.470564
77.000000,43.709302,0.328050,75.973052,-2.836885,9.456200,10.359519,-10.333213,8.529650,-3.729281,2.908965,-9.298318,-4.871459,-11.785248,-7.948713,-17.023709,19.404957,-18.694609,2.109118,20.909156,0.992214,-9.366659,-5.340884,21.625000,-19.570495,36.800977,-9.946366,-9.606002,0.335798,-58.924090,-41.427085,19.588050,63.838752,30.649774,-10.000113,-3.602917
78.000000,43.783468,0.150190,75.962240,-2.776811,9.565764,11.652954,-10.789259,8.142701,-4.625873,2.803753,-8.834811,-5.190125,-12.010951,-8.574912,-18.110679,20.550260,-19.248906,1.752334,22.107106,1.592557,-8.737695,-3.634674,21.174618,-17.912361,37.070937,-10.637421,-9.396009,0.670792,-60.965975,-42.617044,13.964088,68.687237,39.880006,-8.857768,-1.789291
79.000000,43.781698,-0.033652,75.932389,-2.830377,9.709943,13.008572,-11.469946,7.809820,-5.687687,2.892338,-8.433160,-5.388497,-12.493440,-9.130812,-19.184770,22.024403,-19.877488,1.371665,23.132857,2.181371,-7.902175,-2.638765,21.698142,-17.189581,37.970685,-11.563912,-8.662521,2.263847,-63.273465,-45.095907,9.797693,73.699981,45.341562,-7.610075,-0.501023
80.000000,43.811655,-0.225467,75.892293,-2.871389,9.890360,14.314263,-12.211044,7.452874,-6.683640,3.122110,-8.127951,-5.630592,-13.019573,-9.728887,-20.221555,23.542848,-20.589291,0.938912,24.059587,2.721496,-6.968952,-1.697329,21.903220,-16.584280,38.590405,-12.251682,-8.272079,1.945759,-65.154875,-47.667778,6.738560,78.346921,50.531853,-5.827660,1.165935
81.000000,43.839881,-0.385038,75.841719,-2.870149,10.091252,15.471673,-12.883006,7.061425,-7.554254,3.306214,-7.934807,-5.814686,-13.574280,-10.401559,-21.176353,25.063021,-21.243548,0.459594,24.661732,3.283104,-6.072800,-0.482833,21.832408,-15.590364,39.052139,-13.446497,-8.323113,0.984849,-66.710676,-50.056291,4.363239,82.260367,55.720898,-3.972108,3.353743
82.000000,43.875670,-0.519586,75.784761,-2.842909,10.340084,16.510824,-13.505897,6.643667,-8.353716,3.421182,-7.663333,-5.892159,-14.110421,-11.068509,-21.957299,26.405320,-21.878614,-0.000060,25.006316,3.828647,-5.293098,0.927043,21.799343,-14.524886,40.033832,-15.617144,-7.556533,2.335007,-68.002053,-52.417959,3.224087,85.709708,57.947666,-2.638862,3.975582
83.000000,43.864045,-0.651251,75.734508,-2.834808,10.590916,17.305078,-14.080208,6.311725,-9.009915,3.482147,-7.454273,-6.115382,-14.627992,-11.567051,-22.525325,27.436370,-22.404863,-0.453355,25.160520,4.464262,-4.604386,2.267385,21.603134,-14.035922,40.021224,-17.373117,-7.331727,1.597450,-69.384627,-54.145280,3.389446,88.581816,57.220647,-0.921885,5.358115
84.000000,43.842477,-0.757719,75.700867,-2.815277,10.856194,17.785208,-14.546150,6.074377,-9.367748,3.474947,-7.200860,-6.224429,-15.118899,-11.937459,-22.886357,28.133312,-22.762449,-0.720655,25.228052,5.171252,-4.093620,3.529200,21.590254,-13.654789,40.614986,-18.488712,-7.031780,1.421266,-70.797575,-55.292369,4.021803,90.333350,56.801373,-0.078197,6.264273
85.000000,43.803105,-0.832769,75.683647,-2.759272,11.150235,17.922659,-14.946085,5.898312,-9.399484,3.497233,-6.977045,-6.264018,-15.694337,-12.205795,-22.914600,28.675381,-22.947219,-0.833398,25.303027,5.794196,-3.647473,4.421028,21.738720,-13.587041,40.940953,-18.596921,-6.820380,1.275283,-72.293700,-56.001073,4.880028,91.501900,56.115817,0.204615,6.419019
86.000000,43.756357,-0.888960,75.667167,-2.627122,11.466046,17.722164,-15.268847,5.759412,-9.132528,3.556317,-6.869145,-6.276811,-16.386199,-12.407366,-22.579787,29.161332,-23.055261,-0.815192,25.486212,6.285541,-3.230224,4.891826,21.905694,-13.628966,41.254206,-18.309049,-6.642081,1.333539,-73.759923,-56.350157,6.044586,92.235940,55.146838,0.489157,6.531541
87.000000,43.694708,-0.915331,75.657558,-2.436122,11.812790,17.264886,-15.574249,5.619498,-8.775491,3.698604,-6.823772,-6.262016,-17.208674,-12.595683,-22.005270,29.679129,-23.052845,-0.826434,25.646787,6.584854,-2.883676,4.971373,21.928015,-13.932398,40.906850,-18.557776,-6.696431,0.930162,-75.169708,-56.367284,7.223630,92.626845,54.791877,0.506104,6.549653
88.000000,43.650386,-0.892931,75.649065,-2.212335,12.133013,16.718438,-15.841611,5.447793,-8.379929,3.949067,-6.957445,-6.179909,-17.962930,-12.774295,-21.324616,30.106248,-23.062325,-0.850525,25.643250,6.732076,-2.594283,4.594023,22.007039,-14.480406,40.347816,-19.201627,-6.780911,0.322038,-76.352028,-56.152269,8.561703,92.711342,53.968671,0.078096,5.746070
89.000000,43.606967,-0.822535,75.635785,-1.929843,12.501904,15.921996,-16.086754,5.278767,-7.774309,4.222428,-7.161142,-6.138343,-18.853632,-12.948720,-20.422257,30.571684,-22.965413,-0.670122,25.459407,6.703109,-2.406712,3.795994,21.972162,-15.064699,40.208565,-19.823639,-6.925235,-0.134033,-77.203944,-55.400296,9.926347,92.492011,52.615174,-0.650069,4.480701
90.000000,43.562078,-0.687191,75.620985,-1.608581,12.898121,15.006825,-16.296654,5.062752,-7.114496,4.468803,-7.452726,-5.937762,-19.828106,-13.130548,-19.334442,31.027634,-22.812443,-0.399080,24.874943,6.538541,-2.241917,2.558254,21.757638,-15.873812,40.123547,-19.792845,-7.155561,-0.170810,-77.555849,-53.837825,11.116410,91.524412,52.117700,-1.379905,3.609832
91.000000,43.527764,-0.486152,75.607270,-1.296492,13.296685,14.053379,-16.562299,4.824505,-6.285637,4.862987,-7.866923,-5.610974,-20.760246,-13.348094,-18.318357,31.438753,-22.646998,-0.059269,23.759375,6.320252,-2.092467,0.895162,21.328478,-16.784519,40.371530,-19.576080,-7.156917,0.357420,-77.066623,-51.655399,11.726186,88.789338,52.409940,-2.624700,2.363237
92.000000,43.549109,-0.193062,75.600690,-0.932069,13.632672,12.985203,-16.723430,4.535515,-5.339462,5.380404,-8.411737,-5.060687,-21.592017,-13.546934,-17.105500,31.759099,-22.365343,0.421326,22.050222,5.936889,-1.959672,-0.761811,20.737807,-17.325075,40.647265,-18.939595,-7.368950,0.866021,-75.161785,-48.586592,12.027307,83.700478,53.139466,-4.147228,1.648268
93.000000,43.622583,0.206803,75.611526,-0.649085,13.766594,11.720796,-16.657247,4.391493,-4.222615,6.109560,-9.201103,-4.349990,-22.010599,-13.480336,-15.807969,31.631904,-21.983328,0.996010,19.704626,5.567699,-1.860487,-2.724002,20.339091,-17.787160,41.588660,-18.338592,-6.895599,2.375877,-71.111408,-44.591068,12.067071,75.152039,53.731056,-5.803517,-0.295175
94.000000,43.760759,0.683168,75.652063,-0.530093,13.717119,10.493706,-16.411304,4.415925,-3.072132,6.876461,-10.109599,-3.556125,-21.850936,-13.241894,-14.817669,30.886054,-21.387621,1.634668,16.996041,5.041681,-2.161731,-4.219320,20.519929,-18.632619,42.267779,-18.158452,-6.743836,2.963896,-65.098403,-40.271632,11.731731,64.121017,54.877640,-7.148867,-3.827860
95.000000,43.844184,1.268179,75.687063,-0.183766,13.804307,9.179838,-16.244572,4.072592,-1.861071,7.478985,-10.813155,-2.583389,-22.087495,-13.392156,-13.552688,30.489278,-20.757858,2.417091,14.259199,4.366797,-2.624545,-5.429444,20.892162,-20.106113,42.482062,-18.303867,-6.829948,2.915320,-60.810540,-36.687675,12.211682,55.665864,55.207063,-8.123331,-5.977680
96.000000,43.993345,1.910894,75.719655,0.137264,13.893963,7.766178,-16.000317,3.769363,-0.652132,8.002588,-11.617922,-1.892926,-22.290146,-13.537105,-12.322396,30.043557,-20.108502,3.106105,11.335571,3.781753,-3.417312,-6.113095,21.415186,-21.407642,42.393266,-17.922918,-6.942089,3.351038,-57.084897,-33.996724,14.856797,48.651571,55.607930,-8.751249,-6.562704
97.000000,44.150609,2.655656,75.771445,0.403782,13.881144,5.974449,-15.465389,3.604014,0.859698,8.365109,-12.466366,-1.100041,-22.370331,-13.428265,-10.792252,29.250978,-19.175539,3.862525,8.435937,3.363659,-4.275985,-6.711930,22.093639,-22.326309,42.397166,-17.878575,-6.804327,3.834015,-53.333355,-31.721567,17.548231,41.315340,56.510912,-8.812482,-8.103491
98.000000,44.380042,3.444146,75.897855,0.401980,13.458450,3.730194,-13.916149,3.916961,2.856740,7.875604,-13.047622,-0.411823,-21.495300,-12.659359,-9.163913,27.206223,-17.596106,4.669868,5.795582,3.126182,-4.942724,-7.163112,23.192862,-23.050066,42.615350,-17.897934,-6.834342,3.957027,-48.187948,-29.046213,19.018440,31.874744,55.435321,-8.245620,-10.702358
99.000000,44.517419,4.267699,75.918865,0.802894,13.336641,1.684934,-13.138204,3.562331,4.672546,7.943252,-13.709132,0.578819,-21.721897,-12.746000,-7.462468,26.664075,-16.694032,5.518976,3.097234,2.936770,-5.893092,-7.433761,23.743121,-23.863825,42.595235,-17.564935,-6.867117,4.158352,-45.579792,-27.998528,21.454085,26.717922,55.348397,-7.527514,-9.776822
100.000000,44.710362,5.101958,75.967479,1.145969,13.176122,-0.562677,-12.025962,3.279898,6.688487,7.542755,-14.149259,1.507796,-21.795101,-12.600108,-5.549415,25.727881,-15.472066,6.412807,0.499813,2.618719,-6.866239,-7.560097,24.619743,-24.429715,42.824460,-17.210972,-7.088024,3.921383,-41.907012,-26.376391,23.068832,21.044820,54.820953,-7.016961,-8.810793
101.000000,44.927993,5.931317,75.984865,1.437257,12.905956,-2.955802,-10.370358,2.996062,8.855297,6.254561,-14.432437,2.203377,-21.809750,-12.348462,-3.530605,24.806547,-14.321304,7.272669,-1.916509,2.430391,-7.906188,-7.263571,25.631226,-24.888472,42.850179,-17.276332,-7.216076,4.570830,-39.389650,-25.899295,25.401339,16.382029,55.656859,-6.348050,-9.523477
102.000000,45.128095,6.710088,75.996286,1.713644,12.548323,-5.391857,-8.368089,2.598530,11.013905,4.296912,-14.326037,2.878395,-21.783942,-12.051917,-1.545560,23.886532,-13.260324,8.230560,-4.243484,2.250694,-8.802192,-6.893947,26.692253,-25.150688,42.518197,-17.264884,-7.261396,4.687648,-36.614472,-25.201264,26.761388,12.069806,55.771367,-5.750504,-9.262548
103.000000,45.310092,7.450692,75.978708,1.936707,12.078475,-7.791064,-6.089408,2.087965,13.128769,1.856863,-13.980740,3.505390,-21.606296,-11.753401,0.346582,22.894451,-12.298465,9.157842,-6.652288,2.173861,-9.551004,-6.265423,27.729707,-25.021836,42.021212,-17.113876,-7.323673,4.265762,-34.502690,-24.944455,28.094465,8.453443,55.710824,-4.453031,-6.736036
104.000000,45.441246,8.143879,75.917828,2.197593,11.575593,-10.212799,-3.916639,1.422930,15.181531,-0.522063,-13.604796,4.192845,-21.531000,-11.472163,2.381852,22.003623,-11.453679,9.905625,-8.920581,2.033624,-10.200110,-5.497515,28.562156,-24.515545,41.276063,-17.194335,-7.004692,4.505648,-32.071532,-24.549382,29.476815,4.948517,56.732135,-3.740373,-7.752720
105.000000,45.586047,8.752878,75.833571,2.422096,11.105620,-12.412536,-2.001461,0.712571,17.071462,-2.631933,-13.287761,4.672108,-21.421046,-11.190613,4.285477,21.141403,-10.850003,10.424113,-11.158756,1.981249,-11.000156,-4.446509,29.155608,-23.793143,40.403028,-17.177391,-6.809391,4.569251,-29.627790,-24.491754,30.472411,1.308197,57.198770,-2.921418,-7.088514
106.000000,45.655277,9.359339,75.735295,2.719413,10.628649,-14.468968,-0.796733,-0.048004,18.690090,-3.594399,-13.450299,5.386274,-21.363906,-11.110361,5.985944,20.294107,-10.328002,10.863541,-13.295436,1.827552,-11.923448,-3.244659,29.500523,-22.976719,39.445715,-17.170194,-6.839177,4.332272,-27.234459,-24.948687,30.917114,-2.152824,57.126842,-1.290550,-3.425498
107.000000,45.835918,9.839479,75.671834,2.814753,10.612641,-15.761305,-0.505499,-0.407488,19.621658,-3.668115,-13.963082,5.778763,-21.183695,-11.069510,6.880767,19.088603,-9.860325,11.142836,-15.601117,2.111018,-13.311514,-1.999695,29.571055,-22.390952,38.329236,-17.493600,-6.766096,4.495566,-24.292854,-25.496189,30.885743,-5.274951,57.516060,-0.170026,-1.122819
108.000000,45.867336,10.330597,75.619304,2.945242,10.375363,-17.111519,-0.106525,-0.869700,20.594393,-3.742468,-14.408742,6.210169,-21.002371,-11.066873,8.039486,17.981100,-9.165012,11.520227,-17.460137,2.099292,-14.373382,-0.943823,29.435001,-21.865382,37.118072,-17.823708,-6.674797,4.669064,-21.185713,-25.858673,30.861417,-8.107756,58.536087,0.703090,0.353633
109.000000,45.981702,10.748184,75.581461,2.872094,10.183280,-18.059236,0.292838,-1.124527,21.198161,-3.815374,-14.776182,6.411934,-20.656671,-11.024506,8.769599,17.031587,-8.514008,11.966275,-19.008358,2.360127,-15.109130,-0.174785,28.898025,-21.557665,35.820613,-18.319968,-6.563923,4.692017,-18.303362,-26.437615,30.787785,-10.386692,59.521281,1.403792,1.559005
110.000000,46.019533,11.122925,75.553745,2.745967,9.831494,-18.920503,0.800194,-1.337192,21.843440,-3.868710,-15.085432,6.569177,-20.322816,-10.916430,9.496920,16.407545,-7.923223,12.375537,-20.060500,2.506918,-15.387006,0.336388,28.100462,-21.385365,34.365895,-18.690995,-6.454208,4.650643,-16.198413,-26.945670,30.954486,-11.909165,60.448697,2.360496,2.743325
111.000000,46.023521,11.469829,75.531203,2.604996,9.378388,-19.652271,1.378099,-1.572508,22.442091,-3.915857,-15.476172,6.737616,-20.059933,-10.837430,10.143124,16.188556,-7.506622,12.618652,-20.667073,2.562539,-15.287309,0.536278,27.173223,-21.604783,32.683736,-19.243465,-6.083120,5.110522,-14.925276,-26.941444,31.658258,-12.502046,61.938614,2.597799,0.182989
112.000000,45.965853,11.784972,75.505459,2.475321,8.932976,-20.152351,1.827409,-1.816575,22.786879,-3.927524,-15.733858,7.037680,-19.959614,-10.793032,10.702824,16.360752,-7.288705,12.801151,-20.976855,2.495235,-15.127182,0.617407,26.329435,-21.946993,30.780418,-19.698243,-6.157268,5.182214,-15.056541,-26.812975,32.017587,-12.484368,61.815917,3.085956,0.363835
113.000000,45.842186,12.042366,75.476050,2.457266,8.516993,-20.527600,2.130429,-2.119868,23.089002,-3.916245,-15.853545,7.448178,-20.126165,-10.805627,11.271059,16.920527,-7.236951,12.915056,-20.766727,2.170107,-15.089416,0.355478,25.775934,-22.848685,28.751504,-20.859422,-6.054731,5.514165,-15.851421,-26.185115,31.916074,-11.756059,60.871315,3.177791,1.245133
114.000000,45.729595,12.250304,75.444484,2.405083,7.977997,-20.552020,2.544460,-2.477348,23.012975,-3.901058,-15.927081,7.970477,-20.093751,-10.949298,11.627788,17.685803,-7.426339,12.794444,-20.149546,1.645299,-14.816461,-0.498898,25.260946,-24.262924,26.395059,-23.037192,-5.791203,7.735117,-16.610930,-25.198634,32.222148,-10.895321,60.944760,1.966957,-2.504363
115.000000,45.630425,12.422998,75.401688,2.320150,7.431454,-20.213025,2.955642,-2.834081,22.667111,-3.893698,-16.035881,8.551139,-19.877184,-11.241227,11.703858,18.403619,-7.627370,12.832854,-19.355989,1.039771,-14.591157,-1.480096,24.374736,-25.447929,23.760806,-26.412143,-6.309194,8.379893,-17.872028,-24.781670,32.075719,-10.484251,59.399730,2.272803,-0.386853
116.000000,45.535883,12.559780,75.376809,2.213128,6.950037,-19.571740,3.284896,-3.143619,22.074654,-3.869242,-16.021496,9.084380,-19.504001,-11.645327,11.530789,18.912545,-7.670606,12.974720,-18.451467,0.488826,-14.298061,-2.642967,22.567638,-26.171128,21.029183,-30.887178,-6.736826,8.823009,-18.702882,-24.412445,31.750462,-9.845340,57.565811,2.399905,0.728279
117.000000,45.500749,12.652479,75.386190,2.175352,6.919644,-18.794695,3.159276,-3.324776,21.375077,-3.846680,-15.805978,9.356709,-19.448175,-11.997450,11.212853,19.286443,-7.541006,13.152105,-17.594771,0.229403,-14.458160,-4.379042,20.387041,-27.098128,18.413744,-34.310649,-7.295816,9.622476,-19.411177,-24.269626,31.979427,-9.233010,55.238786,2.626775,2.606690
118.000000,45.351973,12.781492,75.408161,1.924505,6.724337,-17.638609,3.112875,-3.355364,20.348086,-3.782542,-15.625834,9.823326,-19.073788,-12.371238,10.443136,19.618513,-7.356051,13.324844,-17.095984,0.065425,-14.298127,-6.883330,18.156803,-28.579178,16.219529,-36.498714,-7.657372,9.976443,-20.257578,-24.419057,32.645210,-8.586875,52.085499,2.885119,4.144972
119.000000,45.276335,12.822923,75.465804,1.693927,6.702569,-16.692560,2.998110,-3.247997,19.661558,-3.767899,-15.391357,9.823483,-18.852907,-12.527682,9.920530,19.930065,-7.033017,13.371669,-16.730933,0.061966,-14.348248,-9.108152,15.602184,-29.875623,14.363254,-38.188896,-7.976962,9.097776,-20.939121,-24.531603,33.773568,-8.086966,48.116166,4.023287,6.831627
120.000000,45.205370,12.826425,75.519925,1.625408,7.023639,-16.058796,2.507697,-3.135962,19.218822,-3.749144,-15.099149,9.871753,-19.152798,-12.555798,9.753039,20.173537,-6.576258,13.575767,-16.565944,0.245419,-14.766932,-11.208393,13.521077,-31.396283,13.138449,-39.307831,-8.042567,10.267611,-21.255009,-24.338869,34.925349,-7.713913,45.076223,5.261704,8.438134
121.000000,45.084116,12.787354,75.545615,1.566831,7.084319,-15.627702,2.290106,-3.033985,18.933838,-3.717024,-14.947597,9.905332,-19.311544,-12.553679,9.739460,20.492234,-6.429491,13.659272,-16.528568,0.268748,-14.867379,-13.015721,12.125518,-32.532410,12.357871,-39.486389,-8.212276,14.030846,-21.545828,-23.618579,35.234900,-7.297609,42.376416,2.276134,3.156978
122.000000,44.986147,12.703218,75.570899,1.471747,6.921354,-15.585849,2.426092,-2.871020,18.948050,-3.686273,-14.892013,10.011032,-19.206956,-12.401872,9.849338,20.602977,-6.291321,13.682299,-16.630544,0.237800,-14.576185,-14.227585,10.815091,-33.169789,11.950308,-40.111136,-7.481671,17.294449,-21.262203,-23.749891,35.351645,-8.055776,38.774455,3.479519,2.924309
123.000000,44.932565,12.571084,75.594473,1.516152,7.007778,-15.948711,2.366707,-2.694634,19.391117,-3.700798,-14.805118,9.795640,-19.441584,-12.131890,10.102161,20.558892,-6.105625,13.933984,-16.760202,0.387645,-14.606648,-15.016084,10.481128,-33.248176,11.925563,-40.256015,-7.815360,19.871115,-20.714509,-23.938218,34.152168,-8.977389,34.712524,1.639657,1.262591
124.000000,44.854027,12.440456,75.598258,1.576959,7.060270,-16.490218,2.345713,-2.523149,19.922410,-3.718892,-14.878213,9.627294,-19.647094,-11.814247,10.487938,20.364081,-5.955449,14.114193,-16.995686,0.481539,-14.601975,-15.897371,10.811468,-33.028404,12.001981,-39.186878,-8.224468,22.688341,-19.213314,-24.086963,32.558125,-9.803804,32.730926,-0.149858,-0.962406
125.000000,44.799066,12.313080,75.605524,1.655629,7.071549,-17.122073,2.406118,-2.386582,20.528501,-3.743385,-14.927409,9.430571,-19.810793,-11.496577,10.907401,20.132876,-5.758492,14.213467,-17.316211,0.532720,-14.542154,-16.524041,10.359917,-32.657962,11.663421,-40.542845,-8.760843,27.544910,-16.957044,-24.066849,30.588879,-10.652445,33.132469,-2.278275,-3.626547
126.000000,44.752964,12.174059,75.621903,1.753204,7.106347,-17.761621,2.435699,-2.253628,21.116935,-3.756077,-14.918146,9.302453,-20.013395,-11.203336,11.219778,19.957997,-5.527892,14.278978,-17.851490,0.549977,-14.550704,-16.923634,9.194137,-31.816794,10.848589,-43.581777,-10.181330,33.254197,-14.060472,-24.424254,28.484817,-11.424884,34.882664,-3.098794,-4.767071
127.000000,44.704357,12.057305,75.634557,1.848612,7.113399,-18.390748,2.481364,-2.151387,21.650289,-3.770615,-14.945939,9.152690,-20.173512,-10.961700,11.466985,19.738080,-5.305732,14.427380,-18.540146,0.571763,-14.580581,-17.209587,7.829177,-30.316577,9.752936,-46.265062,-12.378341,37.866436,-10.997011,-25.432522,26.048448,-11.993390,35.285744,-3.661031,-3.610012
128.000000,44.700846,11.922336,75.647992,1.994409,7.286291,-19.141020,2.365291,-2.018759,22.196006,-3.764884,-15.002032,8.906759,-20.462123,-10.630712,11.921408,19.383423,-5.032450,14.624839,-19.169032,0.697797,-14.821618,-17.397359,6.980829,-28.187637,8.129895,-47.593103,-14.354223,39.318312,-7.543528,-26.485216,23.435069,-12.232361,35.495636,-3.489114,-2.073790
129.000000,44.699746,11.755169,75.651336,2.175557,7.448987,-20.012006,2.244371,-1.874126,22.656747,-3.742279,-15.032838,8.565412,-20.742695,-10.244690,12.490252,18.962690,-4.827272,14.685392,-19.547069,0.814152,-15.040857,-17.417749,7.162898,-26.157184,6.142844,-47.148813,-15.092017,39.631223,-4.046671,-27.668651,20.927310,-12.297023,35.395922,-3.242339,-1.894037
130.000000,44.681308,11.604012,75.645298,2.308020,7.417692,-20.997542,2.347400,-1.751002,23.048610,-3.689818,-15.185029,8.374150,-20.893296,-9.802632,13.119022,18.638384,-4.708686,14.609629,-19.557943,0.831786,-15.002049,-16.794353,7.339201,-24.207002,4.141993,-47.988895,-14.867556,38.415617,-0.756742,-28.770994,18.750329,-12.035412,35.124139,-2.050592,-1.121240
131.000000,44.592622,11.458498,75.649041,2.369979,7.168801,-21.976941,2.658071,-1.646672,23.592144,-3.602547,-15.401428,8.398508,-21.041482,-9.276667,13.861622,18.727303,-4.649507,14.406711,-19.321729,0.774430,-14.637382,-15.611266,7.789369,-22.595225,2.477488,-49.765072,-14.435265,36.278478,1.530877,-29.084684,16.810556,-11.261688,34.999252,-0.516720,-1.344338
132.000000,44.442797,11.311148,75.667995,2.261077,6.778163,-22.666021,2.970852,-1.385069,23.968399,-3.242484,-15.689600,8.270863,-21.088542,-8.658650,14.632415,19.188068,-4.781817,14.157183,-19.029489,0.739060,-13.966968,-14.038982,8.948156,-21.654695,1.355691,-50.195323,-14.709082,34.900259,3.482704,-29.632383,15.637190,-10.686814,35.210260,-1.417455,-1.583765
133.000000,44.416642,11.120346,75.700158,2.154230,6.805660,-22.678351,2.840103,-1.020534,23.750011,-2.816081,-15.791636,8.216665,-21.328707,-8.152311,15.095568,19.823326,-5.048833,13.839992,-18.864422,0.920174,-13.639320,-12.056250,9.767826,-21.026877,0.336515,-50.981809,-14.303196,34.011620,4.776719,-29.720274,14.604575,-10.053724,35.226489,-0.644918,-2.129716
134.000000,44.315326,10.920338,75.724542,2.057643,6.870370,-22.232622,2.582932,-0.671419,23.264785,-2.475054,-15.841403,8.201260,-21.775499,-7.679825,15.639750,20.961550,-5.562489,13.453384,-18.631883,0.969436,-13.152744,-10.181375,10.450552,-20.468352,-0.603445,-52.330778,-13.858281,33.180359,5.407760,-29.520224,13.961624,-9.849811,35.583086,-0.153182,-3.080357
135.000000,44.202518,10.664726,75.747246,1.877461,6.804329,-21.285470,2.590887,-0.364420,22.355503,-2.505288,-15.639818,8.014840,-21.992784,-7.319071,16.052116,22.292646,-6.506549,12.894087,-18.217064,0.834863,-12.574880,-8.643481,11.433514,-19.962575,-1.256012,-52.734603,-13.498981,32.439690,5.765648,-28.911159,13.558452,-9.961728,35.932355,0.391416,-3.937779
136.000000,44.115406,10.359963,75.781882,1.606365,6.709216,-19.655089,2.620769,-0.042879,20.835519,-2.647591,-15.276838,7.744728,-21.797862,-7.232791,16.029066,23.357681,-7.779070,12.018701,-17.691715,0.643281,-11.965332,-7.292740,12.434682,-19.484744,-1.932188,-52.696077,-13.152908,31.892062,5.957326,-28.329960,13.286042,-10.298671,36.145675,0.096150,-4.689831
137.000000,44.136259,9.959642,75.814879,1.355541,7.135389,-17.282702,1.975255,0.421037,18.602039,-2.665717,-14.802507,7.388386,-21.655338,-7.375749,15.505392,24.004317,-9.247087,10.943442,-17.179188,0.657532,-11.963995,-5.974375,13.529292,-18.798153,-2.633457,-52.489095,-12.615952,30.866509,5.973725,-27.823973,13.174903,-10.563044,36.019535,-0.129797,-4.995538
138.000000,44.125757,9.497604,75.833040,1.118050,7.533137,-14.584982,1.212579,0.831104,16.085420,-2.636212,-14.306446,7.041052,-21.379445,-7.597681,14.953892,24.548755,-10.652334,9.985980,-16.232530,0.542076,-11.979125,-5.085092,14.818288,-18.099945,-2.871428,-52.311043,-12.449247,29.801362,5.664194,-27.419279,13.138712,-10.655795,36.002327,-0.086508,-5.090091
139.000000,44.138542,8.931450,75.844854,0.913397,7.936895,-11.654230,0.368018,1.199236,13.424056,-2.589190,-13.747312,6.789430,-20.977662,-7.954365,14.074243,24.983541,-12.011971,9.114450,-14.923449,0.280731,-12.131459,-4.303211,16.267366,-17.411069,-2.923076,-52.311203,-11.980181,29.421436,5.206498,-27.183644,13.197941,-10.715295,35.775066,0.458059,-5.149312
140.000000,44.199309,8.265387,75.852114,0.657122,8.308143,-8.324828,-0.621470,1.601710,10.558298,-2.324314,-13.222652,6.368661,-20.208868,-8.491864,12.474673,25.153567,-13.034261,8.595264,-13.555428,-0.064038,-12.172906,-3.724724,17.929317,-16.674821,-2.890405,-52.483799,-11.796888,27.997686,4.775654,-27.239098,13.384060,-10.931881,36.050244,-0.514612,-5.128222
141.000000,44.267419,7.474757,75.841188,0.430853,8.640406,-4.984288,-1.721128,2.018278,7.825045,-1.901867,-12.765842,5.829000,-19.189620,-9.236479,9.802818,24.996506,-13.759662,8.559422,-11.946475,-0.599772,-12.202756,-3.307556,20.243012,-15.749998,-2.664354,-52.741604,-11.921389,26.096064,4.454491,-28.034926,13.596756,-11.262368,35.741000,-3.145288,-4.441043
142.000000,44.354033,6.595167,75.857693,0.101737,9.046035,-1.559618,-3.167293,2.529282,5.048698,-1.089397,-12.324811,5.398081,-17.958775,-10.083559,5.912129,24.421364,-14.653247,8.054722,-10.065229,-1.145923,-12.224392,-3.277983,22.675040,-14.983589,-2.417271,-53.185959,-11.485449,24.980295,4.158503,-28.384840,13.633981,-11.415725,35.608771,-3.233564,-4.082212
143.000000,44.462544,5.618441,75.880742,-0.352867,9.492167,1.781492,-4.921353,3.159122,2.274585,0.066602,-11.975123,4.768300,-16.610974,-10.601394,1.881757,23.474732,-15.689628,7.239081,-8.071685,-1.599428,-12.383568,-3.356407,25.739640,-14.120216,-2.038972,-53.449300,-11.089102,23.513249,3.900183,-28.904732,13.709636,-11.819790,35.563460,-3.063703,-3.209729
144.000000,44.550517,4.524002,75.907570,-0.810167,9.852739,4.808242,-6.794628,3.823618,-0.262723,1.553740,-11.597262,4.057861,-15.425692,-10.614259,-1.244718,22.627570,-16.466550,6.361963,-5.918577,-2.120365,-12.514203,-3.661597,29.214854,-13.069412,-1.735828,-54.895678,-11.119568,21.836340,3.597733,-29.533817,13.967142,-12.175009,35.517014,-2.899419,-2.508048
145.000000,44.709519,3.377999,75.944978,-1.416070,10.095604,7.644469,-8.653122,4.638842,-2.607887,3.240436,-11.296557,3.304081,-14.227454,-10.201053,-4.115183,21.717614,-17.124000,5.614487,-3.761240,-2.469000,-12.475308,-3.896169,33.409010,-11.907666,-0.942019,-54.485222,-9.861219,20.053471,3.330299,-30.314985,14.370431,-12.596009,35.818659,-1.675551,0.025463
146.000000,44.974244,2.198836,75.996619,-2.226248,10.042662,10.382324,-10.291266,5.691086,-4.883818,5.058960,-11.234924,2.132780,-12.530755,-9.305622,-7.153157,20.298118,-17.567327,4.770687,-1.606351,-2.571459,-12.430663,-4.441222,38.395526,-10.994643,0.269671,-54.126678,-8.929334,18.363085,3.307452,-31.053639,14.681917,-12.879912,36.754628,-1.343265,0.669746
147.000000,45.186460,1.079944,76.006699,-2.995830,9.652134,12.968011,-11.855157,6.621025,-7.132399,7.201157,-11.331392,1.121439,-10.589953,-8.132599,-9.746484,18.620060,-17.850016,3.993334,0.269409,-2.374785,-11.944581,-5.485165,43.715936,-10.300425,2.287555,-52.977293,-7.883211,15.173110,3.084326,-31.769624,15.570857,-13.236271,37.883716,-1.400410,0.603270
148.000000,45.329642,0.057146,75.983602,-3.587549,9.101251,15.301923,-13.357939,7.253274,-9.180976,9.544894,-11.529504,0.444386,-8.817864,-6.993533,-11.928452,17.170488,-18.053824,3.305222,1.871018,-2.101764,-11.244596,-7.160095,49.057380,-9.885186,5.353567,-51.757476,-7.408016,10.702980,2.409017,-32.525993,16.359941,-13.571005,37.634448,-1.554232,1.732740
149.000000,45.558706,-0.904211,75.920755,-4.141942,8.522629,17.474300,-14.769581,7.825367,-11.035179,11.855643,-11.905248,-0.423280,-7.098772,-5.769795,-13.990114,15.747776,-18.309200,2.729871,3.139338,-1.598983,-10.923868,-9.540625,54.855032,-10.230828,9.644873,-48.462125,-7.147195,6.298459,1.249016,-33.993766,17.666561,-13.765184,38.146866,-1.500503,3.939677
150.000000,45.771316,-1.762566,75.836581,-4.653357,7.845838,19.191275,-15.785395,8.501525,-12.527066,13.714810,-12.179110,-1.327277,-5.563946,-4.426091,-15.586215,14.492271,-18.491281,2.183006,3.946521,-0.732147,-10.639467,-12.825751,60.750708,-11.463672,15.309796,-42.923986,-6.388586,0.903392,-0.794515,-35.926949,19.901525,-13.776089,38.567862,-1.102306,6.088974
151.000000,45.945153,-2.557212,75.781143,-4.971162,7.293288,20.510616,-16.421937,9.116685,-13.605739,14.768380,-12.032673,-2.248713,-4.465813,-3.267966,-16.688172,13.563684,-18.608133,1.703828,4.727207,-0.100933,-10.524322,-17.393389,65.057873,-14.312687,21.780619,-40.006795,-6.081680,-3.049351,-3.291251,-37.200523,22.188698,-13.525288,38.912264,-0.763007,7.938190
152.000000,46.117535,-3.325194,75.725800,-5.482786,6.752980,21.671060,-16.522018,10.151573,-14.693827,14.505925,-11.414853,-3.476053,-3.562815,-1.827183,-17.567800,12.617459,-18.724800,1.154665,5.315429,0.755649,-9.992597,-26.005792,68.839257,-20.474786,30.080491,-34.599850,-6.914667,-7.761286,-6.935547,-38.142754,24.944828,-12.804609,39.239765,-0.821889,9.356629
153.000000,46.170166,-3.991309,75.642979,-5.974536,6.325461,22.565915,-16.514971,11.141017,-15.768801,13.723842,-10.614290,-4.380263,-3.178067,-0.638668,-18.364427,12.233710,-19.022441,0.813078,5.839921,1.557168,-9.718935,-38.861792,71.737812,-32.153375,39.741309,-22.367959,-8.094592,-11.239334,-11.286724,-39.219182,28.013037,-11.921120,40.243560,-0.568734,11.118755
154.000000,46.237376,-4.590087,75.555646,-6.389553,6.158813,23.326663,-16.862315,11.879328,-16.737894,13.293059,-9.880808,-5.111814,-3.207111,0.264822,-19.086556,12.207260,-19.480444,0.543258,6.167768,2.153001,-9.675332,-52.042705,72.227734,-46.424417,49.790283,-10.511684,-8.587974,-11.203733,-15.217689,-39.732307,30.942181,-11.444476,40.544908,-1.042459,10.442311
155.000000,46.272308,-5.053764,75.477791,-6.440023,6.209506,23.892560,-17.763413,11.919421,-17.346565,14.123685,-9.676657,-5.575766,-3.331863,0.563309,-19.643735,12.232409,-19.900629,0.370816,5.258414,3.123627,-10.013340,-56.222958,72.123184,-52.561871,57.639741,-5.561957,-7.759196,-11.661096,-19.032534,-39.988326,34.620337,-11.471003,41.255251,-0.720512,10.776713
156.000000,46.290880,-5.574176,75.387412,-6.857149,6.381631,23.919771,-18.220447,12.778620,-17.760971,13.761735,-9.115874,-6.296473,-3.960980,1.380670,-19.812168,12.437039,-20.361062,-0.057526,4.372804,3.676064,-9.991282,-62.704429,71.083753,-59.663396,67.922297,-1.563361,-7.965029,-13.736555,-23.777333,-38.562862,37.938439,-10.718421,42.654904,-0.396978,11.003461
157.000000,46.347204,-5.956073,75.300950,-6.900905,6.419412,23.391254,-18.360073,13.420609,-17.541365,14.019998,-9.129192,-6.627634,-4.284476,1.853465,-19.422406,12.675658,-20.810193,-0.345671,4.062955,3.886092,-9.922854,-65.601829,71.377895,-63.793530,73.772696,2.213292,-7.462343,-13.639312,-26.449962,-36.984477,39.644426,-10.653579,43.365230,-0.164075,11.205507
158.000000,46.415624,-6.285718,75.203645,-6.949196,6.480399,22.256932,-18.069849,14.408981,-16.737163,13.985340,-9.339500,-6.876212,-4.894690,2.386781,-18.458945,13.382397,-21.325755,-0.824140,4.193457,3.755697,-9.804268,-67.592488,72.105378,-65.063194,77.978330,2.562811,-7.338545,-13.364952,-28.361015,-34.857539,40.400494,-10.731622,43.741095,-0.143776,11.233853
159.000000,46.533346,-6.537727,75.120503,-6.916193,6.608953,21.013991,-17.586699,15.293944,-15.750186,13.810766,-9.576558,-7.023909,-5.490210,2.794241,-17.397774,14.105036,-21.752173,-1.222924,4.720163,3.468642,-9.738759,-68.199856,73.241068,-64.315882,79.820493,0.806968,-7.739403,-15.020742,-29.057551,-32.956469,40.339654,-10.963126,44.135651,-0.092564,11.749905
160.000000,46.707267,-6.707601,75.088024,-6.833955,6.604312,20.110307,-16.930388,15.959937,-14.852381,13.522523,-9.629610,-7.192997,-5.609821,3.134498,-16.612219,14.397846,-21.890490,-1.364095,5.256494,3.285898,-9.571806,-67.566533,74.499216,-63.264573,79.948102,-0.459887,-7.971979,-16.624841,-28.602119,-31.870540,39.901043,-11.329315,44.960612,0.078481,12.763268
161.000000,46.876332,-6.812086,75.095898,-6.692304,6.475971,19.767297,-16.372933,16.222787,-14.379563,13.322207,-9.574100,-7.283497,-5.348880,3.300040,-16.151731,14.357882,-21.900739,-1.371371,5.569557,3.134860,-9.218913,-66.364017,75.277502,-61.827043,80.005475,-2.297200,-8.005148,-17.492581,-27.481524,-31.547080,39.349946,-11.765008,45.560695,0.196578,13.458790
162.000000,46.968308,-6.874757,75.107527,-6.615247,6.373904,19.784329,-16.199119,16.263418,-14.252674,13.347696,-9.523743,-7.359509,-5.193997,3.346660,-16.043773,14.402045,-21.887013,-1.406430,5.693340,3.150937,-8.790196,-64.626280,75.906877,-59.982667,79.495090,-4.379085,-7.972371,-18.031370,-26.195323,-31.847909,38.827167,-12.173912,46.176662,0.385518,13.815759
163.000000,46.992671,-6.937911,75.111103,-6.582949,6.415910,19.801506,-16.240008,16.275270,-14.173770,13.339132,-9.434294,-7.429092,-5.400203,3.348686,-15.903066,14.724003,-21.949272,-1.568154,5.797219,3.134652,-8.383140,-62.206317,76.705094,-57.576528,77.748556,-7.241564,-7.901122,-18.467786,-24.748104,-32.297820,38.010836,-12.553572,46.567632,0.507926,14.279701
164.000000,46.995461,-6.973623,75.113773,-6.567837,6.460122,19.750758,-16.207038,16.346079,-13.961826,13.190612,-9.340396,-7.369830,-5.720557,3.325397,-15.689143,15.224157,-21.979217,-1.811897,6.054997,3.173074,-7.938376,-58.216803,77.594665,-54.572494,73.736543,-12.422257,-7.663278,-17.801824,-22.819503,-32.771661,36.511411,-13.071799,46.454845,0.238739,14.017769
165.000000,47.004226,-6.981769,75.155491,-6.647641,6.499221,19.397215,-14.959209,16.926653,-13.187179,10.862366,-8.322784,-7.253319,-6.181896,3.464564,-15.186258,15.920792,-21.988713,-2.192003,6.232208,4.398607,-7.705049,-44.973548,78.570692,-43.980179,63.467900,-21.485586,-6.168334,-12.816850,-20.550798,-34.216058,35.091637,-14.227683,46.292915,-0.440119,12.477092
166.000000,46.957347,-6.926598,75.219446,-6.463258,6.630967,18.771602,-14.318078,17.005598,-12.318542,10.001903,-7.928484,-6.956635,-6.619839,3.268031,-14.495830,16.460997,-21.789664,-2.487965,6.540417,5.504791,-7.185233,-29.005532,76.930900,-31.007235,50.779605,-32.802106,-4.835436,-3.795665,-17.939973,-35.281807,32.962633,-15.297107,46.559911,-0.990305,10.439991
167.000000,46.868426,-6.818397,75.301993,-6.209125,6.909987,17.863136,-13.966344,16.943058,-11.266620,9.681704,-7.791388,-6.790969,-7.155876,3.001085,-13.591746,16.799834,-21.451654,-2.705042,6.796737,6.585667,-6.525718,-15.056845,72.029160,-19.895711,37.377790,-43.922187,-4.396851,6.238967,-15.221075,-36.111272,30.549353,-16.308031,47.487467,-1.106573,8.664647
168.000000,46.731940,-6.653438,75.390124,-5.945846,7.176948,17.090825,-13.716014,16.733697,-10.415287,9.400890,-7.607033,-6.773888,-7.597688,2.660162,-12.813166,16.935345,-21.061068,-2.753519,6.348187,7.690549,-5.818721,-5.546774,64.230061,-12.710795,24.817030,-51.816059,-5.928856,13.365508,-12.708954,-36.795667,28.700875,-16.976223,47.826668,-1.173683,7.944208
169.000000,46.470615,-6.458397,75.460070,-5.562025,7.367812,16.755703,-14.043287,16.101379,-10.012102,9.863407,-7.680748,-6.804075,-8.017721,1.995567,-12.440271,17.186452,-20.790222,-2.642793,5.290689,7.847211,-4.932145,-3.728728,56.297445,-11.864448,16.829238,-55.120699,-6.507890,16.740988,-10.485416,-36.457395,26.961916,-17.144596,47.792275,-1.109672,7.272353
170.000000,46.210706,-6.270850,75.513208,-5.352536,7.452391,17.014838,-14.375839,15.493523,-10.130389,9.919281,-7.590710,-7.121382,-8.324711,1.383378,-12.659838,17.528070,-20.767419,-2.596104,3.664093,8.421930,-4.029915,-4.953665,46.706900,-13.352288,10.343609,-57.355653,-6.774745,21.211600,-8.466069,-36.653363,25.447255,-17.439457,48.052806,-1.018233,6.327683
171.000000,45.936748,-6.077695,75.549173,-5.312700,7.416211,17.931196,-14.884234,14.784897,-10.954967,9.885352,-7.338110,-7.521561,-8.397179,0.794795,-13.453218,17.729595,-20.910208,-2.636972,1.410768,9.168390,-3.253806,-9.286809,36.368114,-16.802004,7.351226,-58.131057,-7.130084,25.285314,-6.939222,-37.393855,24.493598,-17.812643,48.142937,-0.929968,5.812126
172.000000,45.581809,-5.904098,75.574297,-5.322203,7.279224,19.028135,-15.447081,14.054254,-11.978093,9.844107,-7.000197,-7.967016,-8.428884,0.224068,-14.454564,17.984503,-21.067722,-2.735393,-1.173609,9.941063,-2.494162,-15.689614,25.963424,-20.782719,8.102640,-58.069783,-7.905602,29.140015,-5.988283,-38.404030,23.546906,-18.144510,47.963306,-0.971974,5.526209
173.000000,45.213684,-5.729878,75.589240,-5.411174,7.221337,20.158068,-16.220222,13.322916,-13.063029,9.989478,-6.728421,-8.454010,-8.563867,-0.318936,-15.572987,18.240799,-21.185288,-2.849140,-3.803288,10.581450,-1.783560,-23.130793,15.272375,-23.651446,11.864977,-58.960344,-9.269601,33.302674,-5.373779,-39.116176,22.737611,-18.414188,47.982274,-1.167647,5.083265
174.000000,44.880158,-5.528188,75.607467,-5.562759,7.233239,21.178450,-17.081224,12.661684,-13.992852,10.314530,-6.592925,-9.002112,-8.731408,-0.777649,-16.495730,18.395007,-21.231266,-2.887411,-6.612068,11.217042,-1.205199,-30.796565,5.259375,-24.287357,17.675280,-60.641500,-11.596354,37.698263,-5.340272,-39.936946,22.023376,-18.676780,48.232470,-1.095627,5.152728
175.000000,44.568589,-5.300466,75.613368,-5.837754,7.473332,22.072613,-18.157986,12.052599,-14.940907,10.663847,-6.452052,-9.497033,-9.136694,-1.171972,-17.343145,18.477135,-21.266696,-2.743316,-9.423994,11.970244,-0.947994,-38.207979,-2.611821,-23.340394,24.333915,-62.291148,-13.709107,41.008514,-5.684182,-40.756640,21.821012,-18.791327,48.195635,-1.078650,5.250296
176.000000,44.494879,-4.929372,75.660330,-5.892430,7.967031,22.117697,-18.475284,11.575663,-14.952565,10.307252,-6.276365,-9.481418,-9.651470,-1.682923,-17.293117,18.520830,-21.074909,-2.521251,-11.464103,12.754935,-0.767522,-44.407861,-6.843384,-22.663053,29.065184,-63.033698,-14.741869,42.152618,-6.358833,-41.518172,21.922513,-18.810940,47.773673,-1.233513,5.044449
177.000000,44.189933,-4.761508,75.701177,-5.819251,8.396364,21.928383,-19.135912,11.097757,-14.961564,10.542226,-5.999993,-9.580123,-10.463448,-2.203248,-17.235550,18.875749,-20.951551,-2.555454,-13.385084,13.456417,-0.648871,-48.319272,-8.201759,-22.412523,31.206434,-63.230893,-15.560113,41.739044,-7.531232,-42.128357,22.196750,-18.587960,48.088169,-1.731176,3.811662
178.000000,44.157472,-4.649023,75.715137,-5.554389,8.909520,20.455772,-19.001342,11.261034,-13.859623,10.509175,-6.171639,-9.487673,-11.359471,-2.339096,-16.012735,19.251976,-20.844781,-2.169871,-13.335199,13.593931,-0.914880,-50.459617,-8.153360,-21.758616,33.079412,-62.598329,-15.791807,42.291568,-8.065833,-42.068218,22.255958,-18.459805,48.053133,-2.049886,3.444627
179.000000,44.168678,-4.572276,75.726259,-5.294067,9.179888,18.880073,-18.615240,11.614528,-12.688043,10.603484,-6.504373,-9.370399,-11.967554,-2.208261,-14.495599,19.488662,-20.670003,-1.951743,-12.515096,13.458691,-0.962546,-51.263438,-7.822384,-21.011760,33.898307,-62.261286,-15.756429,42.015724,-8.128870,-41.696956,22.154945,-18.343892,48.105787,-2.126647,3.407489
180.000000,44.178492,-4.525620,75.713515,-5.174516,9.177802,17.918253,-18.354745,11.912835,-11.959426,10.954217,-6.980090,-9.232175,-12.215459,-2.022683,-13.534438,19.691321,-20.640678,-1.842810,-11.801877,13.422217,-0.862797,-51.191715,-7.211357,-20.827446,34.025813,-61.772955,-15.489387,41.532932,-8.037242,-41.560120,21.852516,-18.266166,48.060127,-2.060856,3.625076
181.000000,44.184735,-4.484224,75.693280,-5.180997,9.048078,17.698726,-18.322080,12.010197,-11.719870,11.387131,-7.398316,-9.096577,-12.198603,-1.911538,-13.156240,19.839027,-20.644896,-1.687084,-11.467289,13.363154,-0.737428,-50.730147,-6.676942,-20.822884,34.009414,-61.541569,-15.297727,41.117216,-7.913115,-41.536440,21.559740,-18.154762,47.936170,-2.102708,3.758846
182.000000,44.162101,-4.445063,75.679338,-5.261914,8.893027,18.035819,-18.511297,11.877913,-12.024565,11.798035,-7.641500,-8.967089,-12.012348,-1.958977,-13.417067,19.872183,-20.622918,-1.513107,-11.462658,13.264400,-0.578658,-50.165233,-6.353164,-20.585796,33.810727,-61.667633,-15.616049,40.908216,-7.804922,-41.486436,21.436125,-18.013347,48.068085,-2.173621,3.692703
183.000000,44.121817,-4.419514,75.674832,-5.403249,8.788157,18.653558,-18.883293,11.647901,-12.620624,12.172762,-7.729087,-8.851015,-11.716258,-2.035269,-13.954942,19.626504,-20.573346,-1.305162,-11.487708,13.162563,-0.439986,-49.425120,-5.805043,-20.576850,33.380132,-61.025766,-15.292705,39.811663,-7.602719,-41.402284,21.192557,-17.849709,48.270296,-1.768156,4.383005
184.000000,44.069886,-4.434016,75.676721,-5.526356,8.752655,19.251397,-19.387466,11.392011,-13.223916,12.653593,-7.743922,-8.746150,-11.517966,-2.110411,-14.486575,19.345988,-20.458148,-1.135149,-11.357653,12.848528,-0.242621,-48.113044,-4.500123,-21.060055,32.193321,-59.658158,-14.209619,37.058233,-7.290502,-40.898742,20.667895,-17.383513,48.094890,-1.501212,4.824805
185.000000,44.035426,-4.490230,75.689179,-5.618472,8.912375,19.522763,-19.981005,11.197981,-13.615522,13.163255,-7.776710,-8.639814,-11.627595,-2.151326,-14.831834,19.168166,-20.308628,-1.004527,-10.823205,12.284233,-0.143781,-45.639133,-2.291430,-22.055480,29.861963,-57.849004,-12.981493,32.619771,-6.790595,-40.065019,19.922301,-16.632434,47.354255,-1.187049,4.995896
186.000000,44.140604,-4.591853,75.692791,-5.701986,9.305183,18.996247,-20.286500,11.463377,-13.303646,13.389933,-7.926645,-8.482047,-12.117385,-1.861250,-14.333051,19.072017,-20.135285,-0.922048,-9.455699,11.381783,-0.346964,-41.978230,0.758740,-23.170570,26.656017,-56.137209,-12.359162,27.494059,-6.009941,-39.052283,18.804759,-15.661011,45.266672,-0.693630,5.460202
187.000000,44.208422,-4.502069,75.714004,-5.624943,9.618618,18.260363,-20.355115,11.547069,-12.584197,13.668882,-8.289661,-8.026187,-12.547365,-1.860656,-13.675014,19.157125,-19.912925,-0.780812,-7.807688,10.241557,-0.570697,-37.345490,4.164853,-24.331893,23.252587,-54.182340,-11.595320,23.382065,-4.669109,-38.359603,17.227327,-14.691585,42.365403,-0.410065,5.482504
188.000000,44.301781,-4.301076,75.738758,-5.414010,9.873644,17.400530,-20.230662,11.468197,-11.698833,14.023576,-8.880296,-7.384979,-12.911892,-2.048270,-12.926512,19.409687,-19.756104,-0.674081,-6.545018,9.048932,-0.718613,-31.956744,8.259266,-25.093476,19.942645,-51.093647,-10.748878,20.157548,-2.827567,-37.230009,15.889668,-13.794446,39.855185,-0.621095,4.263657
189.000000,44.416702,-3.930920,75.756872,-5.197614,10.140143,16.617812,-20.103622,11.183030,-10.804495,14.455790,-9.731319,-6.477922,-13.210995,-2.394046,-12.140236,19.627454,-19.676629,-0.486216,-5.788288,7.985721,-0.969320,-25.926519,12.452829,-24.988035,16.796122,-47.740359,-9.885750,17.170797,-0.783607,-36.277037,14.856466,-13.161903,37.909913,-0.689776,3.703504
190.000000,44.581756,-3.422903,75.773883,-5.018817,10.429906,15.885888,-19.936012,10.863030,-9.751309,14.842192,-10.683776,-5.446530,-13.351795,-2.807315,-11.395653,19.591479,-19.501329,-0.068967,-5.431724,7.023125,-1.342307,-19.559333,16.233872,-24.122655,14.020042,-45.229595,-9.426594,14.612739,1.270246,-35.653089,13.594552,-12.767928,34.643119,-0.803720,3.360490
191.000000,44.787043,-2.778418,75.801909,-4.759898,10.727449,15.077698,-19.512297,10.451867,-8.582572,14.916204,-11.507475,-4.500465,-13.412136,-3.466407,-10.779893,19.548261,-19.158843,0.552537,-5.264062,6.192806,-1.983327,-13.106720,19.606027,-22.891092,11.972769,-42.414112,-8.897886,12.833871,3.483646,-35.394802,12.167900,-12.582170,30.688081,-1.106409,3.161147
192.000000,45.003960,-1.994020,75.840342,-4.432703,11.026034,14.244829,-18.945191,9.888367,-7.476043,14.786301,-12.140363,-3.652399,-13.499648,-4.309868,-10.085769,19.582516,-18.773166,1.298113,-5.329787,5.452358,-2.780136,-6.754322,22.224833,-21.343670,10.476028,-40.262568,-8.472019,9.801026,5.733593,-34.819403,10.609658,-12.334583,26.822122,-1.310674,3.888202
193.000000,45.216152,-1.093636,75.879383,-4.000123,11.262208,13.290917,-18.248119,9.101552,-6.473367,14.625622,-12.791092,-2.765343,-13.711615,-5.234097,-9.044285,19.897921,-18.534675,1.913421,-5.351917,4.727564,-3.669227,-0.832381,23.932908,-19.707246,9.652732,-39.029528,-7.781370,7.375009,7.675650,-34.497236,8.966695,-11.799930,24.829816,-0.955895,5.573289
194.000000,45.392188,-0.076566,75.912768,-3.535614,11.453899,12.267274,-17.610784,8.148164,-5.450046,14.667164,-13.512867,-1.808054,-14.034566,-6.293082,-8.021070,20.448663,-18.262871,2.496329,-5.270395,4.171908,-4.545942,4.205364,24.623286,-18.298367,9.704987,-38.094704,-7.340970,5.617623,9.619405,-33.164103,7.191140,-11.146737,24.595935,-0.275420,5.221628
195.000000,45.534748,0.998566,75.927377,-3.046196,11.503662,11.183732,-16.806140,7.172143,-4.326994,14.593621,-14.408004,-0.824516,-14.312118,-7.412908,-7.069230,21.105226,-17.984518,3.230693,-5.214194,3.721497,-5.299517,8.288724,24.576721,-16.825736,10.889289,-36.712379,-7.115280,3.325604,11.177812,-32.620273,5.982645,-10.172040,23.587637,-0.299730,5.693923
196.000000,45.635283,2.077842,75.963837,-2.646948,11.423833,10.110646,-15.881201,6.288464,-3.225745,14.308843,-15.048657,-0.077363,-14.536461,-8.382488,-6.208115,21.704997,-17.625370,3.887874,-4.968627,3.449837,-5.950048,11.067325,24.201720,-15.605256,13.000987,-34.418969,-6.961442,1.805457,12.253256,-32.605373,5.039794,-8.188655,22.361626,-0.707103,5.428212
197.000000,45.644695,3.135282,76.011616,-2.320273,11.387374,8.899692,-15.073871,5.495385,-2.128365,13.937008,-15.498976,0.493952,-15.070331,-9.270745,-5.606099,22.518743,-17.101457,4.477118,-4.580551,3.332468,-6.611599,12.595036,23.202009,-14.727894,16.278366,-31.636972,-6.935529,1.070804,12.724404,-32.172278,5.012938,-5.002218,21.235668,-1.416954,4.460536
198.000000,45.581055,4.159027,76.090759,-2.158710,11.328249,7.551126,-14.367395,4.939297,-0.992705,13.583029,-15.831731,0.919083,-15.693425,-9.915188,-5.336762,23.225816,-16.390787,4.858967,-3.984430,3.536430,-7.360826,12.970201,21.370270,-14.220942,21.364116,-30.219311,-6.849674,-0.349071,12.210999,-31.902229,5.668596,-0.462370,19.554874,-1.573738,4.717287
199.000000,45.470840,5.088028,76.183045,-2.215982,11.286795,6.207520,-13.826235,4.690936,0.123480,13.283758,-16.026177,1.355252,-16.246628,-10.223217,-5.361622,23.521182,-15.568940,4.983020,-3.380334,4.084980,-8.114046,12.225525,18.888880,-14.248096,27.099947,-31.040047,-5.862467,0.402726,10.825965,-31.206605,7.352723,4.774581,20.068324,-0.247472,4.888779
200.000000,45.329687,5.880362,76.251543,-2.320269,11.305471,4.954848,-13.504743,4.568381,1.177472,13.146335,-16.292513,1.877580,-16.719690,-10.416905,-5.586561,23.571951,-15.065492,4.950219,-3.247387,4.694214,-8.762900,10.898761,16.721217,-14.592988,31.748628,-32.842353,-4.883394,2.713835,8.332036,-30.662635,10.103107,9.643652,21.769652,1.083457,4.257003
201.000000,45.198482,6.509237,76.240206,-2.302059,11.305455,3.962654,-13.262554,4.328483,1.962619,13.027740,-16.711748,2.383805,-16.920424,-10.769662,-6.184363,23.438177,-15.234658,4.877882,-2.979380,4.919027,-9.302672,9.030209,16.112338,-16.224073,34.491147,-33.632709,-4.110526,4.337008,6.134196,-29.902459,12.577056,12.611640,24.242459,2.222970,4.198537
202.000000,45.076269,6.965364,76.174843,-2.063923,11.280405,3.175573,-13.007393,3.897072,2.550058,12.841329,-17.113065,2.865678,-16.975006,-11.157479,-6.683055,23.268655,-15.872132,4.813108,-2.872508,4.525927,-9.710804,7.519500,16.478624,-17.872119,34.940536,-31.746070,-4.391506,3.319449,4.267948,-28.638073,14.502761,13.444405,26.909759,2.507473,4.930744
203.000000,44.950318,7.253888,76.093411,-1.623653,11.269794,2.427774,-12.677749,3.360638,3.062516,12.409941,-17.305997,3.314777,-17.060476,-11.729877,-7.581267,23.189669,-16.291377,4.868907,-2.618764,3.668839,-10.251309,5.778414,17.613909,-19.719738,34.247176,-30.054612,-5.212283,1.983749,2.873187,-27.495222,15.665853,12.628611,28.220678,2.097837,6.519894
204.000000,44.871578,7.418533,76.025516,-1.096698,11.299139,1.721637,-12.184075,2.808303,3.614835,11.569190,-17.209367,3.668676,-17.092892,-12.453459,-8.768886,22.947842,-16.333400,5.040605,-2.119533,2.603658,-10.918084,3.883404,18.593182,-21.113122,32.916276,-28.993016,-5.756169,1.224605,1.981090,-26.252906,16.667828,11.067854,30.048772,1.579349,6.740910
205.000000,44.844851,7.460646,75.989467,-0.570339,11.184731,1.105304,-11.298869,2.324189,4.136207,10.251287,-16.837436,3.978445,-16.932483,-13.019239,-8.961999,22.514955,-15.984938,5.362357,-1.600287,1.521389,-11.584662,2.103672,19.161587,-21.883460,31.725587,-28.146668,-6.238602,0.040029,1.282371,-25.217060,17.246238,9.624505,31.119790,2.188252,9.269775
206.000000,44.821894,7.409348,75.952870,-0.124279,10.993382,0.713029,-10.241395,1.921667,4.510734,8.650204,-16.267692,4.206709,-16.774832,-13.393130,-8.286762,22.233690,-15.646435,6.152956,-1.225947,0.627455,-12.154820,0.488544,19.241468,-22.166535,30.625226,-26.982881,-6.525393,0.070642,0.696489,-23.939429,17.276303,8.698280,31.040027,2.090642,10.436976
207.000000,44.890818,7.314646,75.922501,0.185687,10.855378,0.429772,-8.816828,1.692812,5.002699,6.309194,-15.432539,4.217409,-16.360139,-13.596770,-7.680863,21.588497,-15.316868,6.932486,-0.938209,-0.057570,-12.789319,-0.625554,19.052960,-22.233270,29.126990,-25.478776,-6.690308,1.125074,0.037245,-23.600394,17.591748,8.128827,30.753903,1.918036,10.397944
208.000000,44.992113,7.172532,75.922012,0.273950,10.674464,0.234314,-7.105651,1.713390,5.431530,3.492906,-14.284394,4.182144,-15.452111,-13.479145,-7.687377,20.303378,-14.967712,7.428369,-0.703783,-0.415684,-13.302348,-1.292828,18.436795,-21.949214,27.380161,-23.879822,-6.613091,1.162356,0.113864,-22.970602,17.871649,7.535701,30.604438,2.288083,11.151737
209.000000,45.163682,6.988101,75.949806,0.173056,10.344642,-0.012546,-5.318225,1.996249,5.793893,0.997809,-13.242169,3.951901,-14.103348,-13.041418,-7.950371,18.586417,-14.513776,7.382852,-0.438712,-0.529379,-13.738207,-1.292454,17.718272,-21.262999,25.385146,-22.967119,-6.733687,1.474310,0.416009,-22.890778,17.734021,7.078601,29.888290,2.569632,11.823119
210.000000,45.259729,6.793755,75.980020,0.002478,10.069809,-0.097933,-4.384780,2.371035,5.925748,-0.088799,-12.704312,3.808180,-12.842463,-12.578016,-8.282901,16.868163,-13.890676,7.406867,-0.396643,-0.493535,-14.091969,-0.884484,16.988508,-20.423919,23.416050,-22.730952,-7.127344,1.529361,1.148218,-22.828509,16.706646,6.558276,28.250258,2.239241,11.261904
211.000000,45.437029,6.561568,76.020265,-0.053006,9.711626,-0.336810,-3.601930,2.707730,6.252524,-0.424071,-12.546145,3.569426,-11.560181,-12.145548,-8.333500,15.293046,-13.348392,7.433055,-0.245924,-0.604400,-14.164747,-0.063740,16.464576,-19.676960,21.135483,-23.103832,-7.267958,1.640482,2.221610,-22.721449,15.655994,5.833174,28.300281,1.773644,9.597421
212.000000,45.656642,6.306537,76.059860,-0.036331,9.132669,-0.722533,-2.533825,3.010564,6.740328,-0.672385,-12.512755,3.346981,-10.181620,-11.743166,-8.235122,13.989371,-12.943867,7.386244,-0.052265,-0.723179,-13.781554,1.017647,16.321376,-19.017571,18.416022,-23.700760,-7.253725,0.862200,3.634428,-22.319807,14.532751,4.835049,29.418960,1.987908,9.304275
213.000000,45.713565,6.068313,76.079381,-0.136445,8.610717,-0.832033,-1.917299,3.388131,6.906879,-0.520236,-12.626801,3.234942,-9.132343,-11.349981,-8.375270,13.139579,-12.736734,7.263326,-0.131348,-0.635965,-13.327057,1.932966,16.791404,-18.548702,15.773400,-23.785869,-7.310495,-1.310809,4.825538,-22.204755,13.430575,3.699369,30.707626,2.572794,9.860699
214.000000,45.828518,5.791710,76.089120,-0.173534,8.156643,-1.152916,-1.150465,3.758441,7.291650,-0.625262,-12.661851,2.970162,-8.358081,-10.949345,-8.224596,12.641402,-12.656134,7.146235,-0.097247,-0.561178,-13.042531,2.690798,17.717340,-17.845087,13.439984,-23.667422,-7.344900,-3.862011,5.655716,-22.078243,12.624970,2.522097,32.657405,2.840319,10.409983
215.000000,45.926490,5.498653,76.090407,-0.202423,7.760089,-1.482479,-0.403482,4.128127,7.692226,-0.869598,-12.655705,2.573753,-7.799661,-10.552087,-7.987737,12.411532,-12.760113,7.008699,-0.011329,-0.513518,-12.921783,2.859984,19.024788,-17.085670,11.411512,-23.276130,-7.954837,-5.042817,6.060778,-22.370580,12.034710,1.458112,34.265502,1.776856,10.828473
216.000000,45.919594,5.246542,76.095909,-0.307709,7.432421,-1.485459,-0.055426,4.490224,7.737702,-0.811341,-12.693341,2.431134,-7.378752,-10.204568,-8.008422,12.364558,-12.865746,6.784024,-0.210345,-0.404039,-12.888048,1.690119,20.795667,-16.141632,9.445627,-21.615828,-8.118308,-4.458918,5.439531,-22.612933,11.365803,0.892292,35.828877,2.030953,10.295176
217.000000,45.827016,5.010272,76.108783,-0.435720,7.050980,-1.327698,0.101187,4.850445,7.670546,-0.464222,-12.794145,2.326033,-6.985548,-9.878605,-8.096578,12.431191,-13.013972,6.564019,-0.320998,-0.380860,-12.806649,-1.311322,22.462650,-15.064271,7.654208,-20.521817,-8.939706,-2.054983,4.242168,-23.577222,11.285499,0.262445,34.678988,0.410976,8.691557
218.000000,45.646825,4.804024,76.116264,-0.664316,7.004494,-0.693949,-0.611388,5.252942,7.021477,0.468872,-12.993455,2.281514,-6.848766,-9.605144,-8.699579,12.408483,-13.051103,6.531896,-0.664259,-0.229456,-13.198612,-6.135762,23.551375,-13.824578,6.608576,-19.480454,-9.617275,1.533703,2.440601,-25.017769,11.289079,-0.438224,31.839880,-0.364084,7.148319
219.000000,45.530522,4.588619,76.121312,-0.719122,7.155206,-0.231514,-1.426988,5.478571,6.653822,1.331868,-13.142866,2.016711,-6.917686,-9.487100,-9.149194,12.319908,-13.051271,6.611930,-0.944707,-0.272613,-14.054969,-12.175772,24.610386,-12.460116,6.757778,-17.135471,-9.740094,5.912831,0.134492,-27.036050,11.462841,-1.250108,27.312733,-1.187016,6.016727
220.000000,45.445678,4.455871,76.123744,-0.817480,7.274496,0.330581,-2.120581,5.626731,6.165703,2.044756,-13.232911,1.828273,-6.820329,-9.420738,-9.744359,12.090782,-13.006876,6.748126,-1.409723,-0.283154,-14.938993,-18.744928,24.891287,-11.324586,8.180697,-15.028173,-9.890438,11.202172,-2.660325,-29.871515,11.931355,-2.030723,19.839659,-2.228487,4.829021
221.000000,45.407629,4.354349,76.127899,-0.988617,7.260585,0.861197,-2.530021,5.844733,5.718850,2.552842,-13.339249,1.571808,-6.506611,-9.292246,-10.427010,11.798145,-12.869861,6.795279,-1.961157,-0.253170,-15.537816,-24.943462,24.405436,-10.552633,10.332101,-14.250396,-10.155822,14.637401,-6.169349,-33.778393,13.329120,-2.570392,8.276103,-2.742896,4.604375
222.000000,45.278493,4.274604,76.119387,-1.251578,7.338427,1.266758,-3.230052,6.176441,5.383843,3.330069,-13.566364,1.208178,-6.470471,-9.008047,-10.898247,11.583063,-12.696462,6.763463,-2.542083,0.274335,-15.606842,-31.383401,23.717615,-9.925386,14.472587,-13.163553,-9.892365,14.673688,-11.746254,-38.513388,16.206622,-1.599911,-8.777139,-3.655339,5.630256
223.000000,45.112029,4.263685,76.103002,-1.408465,7.108256,1.338988,-3.543720,6.410915,5.299614,4.171859,-14.019325,0.971060,-6.518960,-8.864880,-10.960946,11.982456,-12.825240,6.627240,-2.749410,0.619915,-15.526374,-35.874462,23.366214,-10.835235,18.909993,-13.138272,-9.498206,16.068343,-17.262299,-42.544603,21.901819,1.651597,-22.038811,-5.022361,-3.299446
224.000000,44.965428,4.286491,76.102859,-1.426872,6.826596,1.106100,-3.581772,6.517524,5.526923,4.814565,-14.366318,0.929615,-6.678596,-8.828537,-10.670544,12.550517,-12.891421,6.453435,-2.618494,0.851134,-15.319424,-38.392275,22.265486,-12.487979,22.751864,-15.803318,-9.038898,16.453810,-24.087859,-46.031199,28.937992,6.414297,-34.497469,-5.396348,-6.207906
225.000000,44.778946,4.314868,76.120943,-1.225003,6.643540,0.625516,-3.591334,6.408837,5.999817,5.210821,-14.474226,0.984974,-7.176595,-8.997386,-10.071134,13.312765,-12.902238,6.167047,-2.330502,0.651538,-15.166341,-38.361023,20.321295,-14.154629,24.480001,-21.289211,-8.725814,16.674799,-29.607429,-47.544332,34.815448,10.817785,-40.780744,-6.005665,-6.090809
226.000000,44.640827,4.391812,76.134229,-1.187022,6.651350,-0.049688,-3.556652,6.462681,6.611455,5.314831,-14.589801,1.112327,-7.858805,-8.925917,-9.364171,13.996276,-12.951504,5.826985,-2.132379,1.432445,-14.652950,-37.277168,18.660572,-15.356422,24.817959,-29.401799,-8.528452,16.606992,-37.562270,-47.558481,42.435463,17.045403,-44.564638,-7.204052,-5.422000
227.000000,44.487712,4.401440,76.148844,-1.153862,6.662348,-0.869813,-3.379615,6.619220,7.305849,5.136104,-14.539241,1.216046,-8.598546,-8.724814,-8.541703,14.647995,-12.897022,5.516194,-2.046912,1.917527,-13.953243,-34.660017,17.357536,-16.633073,23.515107,-36.168112,-8.255707,16.146122,-45.020174,-46.707934,50.081829,21.736498,-48.447280,-7.679185,-6.228546
228.000000,44.296768,4.407079,76.170701,-0.892464,6.724960,-1.885409,-3.237757,6.570509,8.254538,4.903304,-14.343211,1.350800,-9.550683,-8.735457,-7.537016,15.382662,-12.768453,5.368659,-1.616977,1.728245,-13.453551,-31.424707,16.134471,-18.136019,21.865971,-40.725399,-8.094778,15.661557,-50.355003,-45.600395,56.178945,24.506131,-51.264425,-8.184109,-6.928831
229.000000,44.147816,4.414876,76.185936,-0.608324,6.881576,-3.025562,-3.047698,6.492307,9.324929,4.509047,-14.102023,1.565357,-10.558998,-8.699222,-6.426783,16.015812,-12.579925,5.323128,-0.964406,1.821833,-12.789926,-28.207889,15.316334,-18.994244,19.813778,-44.032939,-7.595647,15.125915,-55.441540,-44.018192,61.361736,27.599990,-53.460454,-7.352128,-7.440736
230.000000,43.977654,4.410987,76.203573,-0.339878,6.971885,-3.995683,-2.956853,6.414366,10.248370,4.308494,-13.885999,1.738893,-11.422798,-8.643879,-5.410301,16.543072,-12.401960,5.345458,-0.323221,1.929838,-11.940497,-25.338779,14.863731,-19.414891,17.844199,-45.809642,-7.197937,14.428377,-59.784106,-42.398133,65.664578,30.161979,-55.135770,-6.530311,-7.131257
231.000000,43.791622,4.415571,76.221609,-0.114358,7.024916,-4.776951,-3.014282,6.354541,11.011506,4.354428,-13.809389,1.805788,-12.201511,-8.600398,-4.585075,17.085240,-12.325274,5.369923,0.095198,2.204799,-11.122010,-22.819394,14.673652,-19.274413,16.327805,-46.225925,-6.934139,13.565525,-63.418689,-40.750251,69.013550,32.157521,-55.388005,-6.482606,-6.570643
232.000000,43.606135,4.423712,76.233625,0.086521,7.126093,-5.312652,-3.263459,6.291655,11.595254,4.540982,-13.776233,1.792189,-12.933608,-8.618006,-4.031838,17.594861,-12.267175,5.479564,0.580275,2.459453,-10.330822,-20.970747,14.616711,-19.044924,15.385346,-46.200393,-7.034615,13.240159,-66.287006,-39.607495,71.426662,33.770371,-55.130135,-6.980926,-6.603900
233.000000,43.427157,4.417731,76.249033,0.252302,7.225714,-5.570021,-3.614805,6.230235,11.928825,4.806933,-13.693101,1.821033,-13.520967,-8.678781,-3.708153,18.002879,-12.209277,5.469250,0.903366,2.709191,-9.769217,-19.615395,14.571929,-18.941172,14.840124,-46.321817,-7.267986,13.205605,-68.706136,-38.772088,73.554157,35.733077,-55.599523,-6.967666,-6.741095
234.000000,43.247727,4.418280,76.258945,0.292837,7.231822,-5.506376,-4.012242,6.219724,11.874909,5.231352,-13.701787,1.866121,-13.768765,-8.752766,-3.724122,18.188577,-12.152205,5.512886,1.089773,3.151490,-8.983412,-18.813597,14.655820,-18.755380,14.408776,-46.474537,-7.474163,13.207986,-70.376835,-38.217138,75.002977,37.412720,-54.874925,-7.152746,-6.516669
235.000000,43.080238,4.420014,76.271039,0.275139,7.270547,-5.230525,-4.584654,6.239911,11.568466,5.848206,-13.773266,1.869981,-13.910479,-8.853314,-3.982835,18.280294,-12.081362,5.572409,1.033410,3.780305,-8.163656,-18.254850,14.790421,-18.390226,13.979907,-46.540738,-7.672703,13.233835,-71.371406,-37.816001,75.132477,39.151338,-53.449044,-6.894158,-6.284782
236.000000,42.931232,4.418273,76.283669,0.226548,7.452063,-4.820299,-5.421776,6.275118,11.100035,6.636086,-13.898136,1.844591,-14.171580,-8.947064,-4.351882,18.381566,-12.031876,5.619696,0.751301,4.603739,-7.379547,-17.789878,14.627805,-17.720929,13.547366,-46.383675,-7.992852,13.564391,-71.010950,-37.454787,72.591367,41.159420,-48.684957,-6.023690,-6.369492
237.000000,42.779508,4.389141,76.305336,-0.075922,7.641499,-4.348650,-6.338830,6.600570,10.508217,7.617050,-14.152275,1.824759,-14.244915,-8.729781,-4.906060,18.201262,-11.873085,5.461803,0.432817,5.465310,-6.327623,-17.981646,14.943586,-17.081330,13.228083,-46.398523,-8.074701,14.291676,-68.286196,-36.206877,64.522584,44.772143,-33.831361,-2.981363,-7.540594
238.000000,42.647743,4.280407,76.344377,-0.314094,7.532352,-4.143576,-6.617210,6.959323,10.241717,8.139408,-14.233368,1.798203,-14.027742,-8.441966,-5.262522,17.981216,-11.730218,5.007011,0.317423,5.707755,-5.077226,-18.248899,16.198130,-16.746927,13.035870,-47.309691,-7.429217,14.975267,-62.996160,-32.421050,49.207534,49.298099,-4.030205,2.220571,-9.988498
239.000000,42.538548,4.157906,76.375771,-0.467869,7.497051,-3.887602,-6.743626,7.191603,10.011785,8.157177,-14.089792,1.701539,-13.838633,-8.242647,-5.579508,17.690017,-11.696989,4.549264,0.080914,5.835409,-3.886456,-18.300331,17.116505,-16.268898,12.476485,-48.214490,-6.407625,17.028133,-57.952311,-26.356532,30.387648,51.704054,36.403160,3.022095,-14.718107
240.000000,42.410600,4.091038,76.378143,-0.479852,7.759344,-3.558462,-7.311984,7.196386,9.636237,8.270928,-13.913136,1.706047,-14.068745,-8.276278,-5.858697,17.539982,-11.704540,4.359260,-0.164639,6.303205,-2.952995,-17.884326,17.169878,-15.680721,11.855264,-49.011740,-6.541244,19.224006,-55.203549,-21.027038,18.251881,49.111471,53.119313,-2.014366,-25.816201
241.000000,42.266381,4.071098,76.361889,-0.299196,7.875681,-3.453306,-7.707800,7.013778,9.533575,8.433767,-13.799351,1.879575,-14.422645,-8.520966,-5.864218,17.759954,-11.690817,4.430074,-0.329414,6.647134,-2.558354,-16.497326,17.296313,-15.335687,11.966210,-48.789653,-6.681852,19.437076,-54.662120,-19.899440,12.463506,48.915629,51.875700,-3.754876,-30.350704
242.000000,42.138445,4.068204,76.361877,-0.249348,8.102623,-3.578092,-7.969712,6.996500,9.581920,8.266611,-13.668373,1.968686,-14.731390,-8.499629,-5.767463,17.544695,-11.459543,4.508122,-0.014141,6.323247,-2.252187,-15.867124,18.025351,-15.626901,11.927679,-49.715086,-6.565621,18.877538,-54.028371,-19.861611,13.372968,49.491899,50.309896,-2.706661,-30.305925
243.000000,42.011529,4.082553,76.368368,-0.121488,8.374174,-3.846688,-8.193291,6.911666,9.782193,7.958546,-13.389381,2.002466,-15.164133,-8.515938,-5.544852,17.366543,-11.243986,4.690005,0.572232,6.229815,-1.922093,-15.556734,18.127155,-15.963416,12.130805,-49.995315,-6.964460,19.056521,-53.485125,-19.366108,12.611208,47.837378,51.821612,-3.699849,-30.136133
244.000000,41.880056,4.099532,76.369470,0.014166,8.570405,-4.096173,-8.351466,6.822436,10.006739,7.687738,-13.143912,1.969883,-15.588845,-8.544344,-5.277054,17.321078,-11.064378,4.785111,1.015896,6.053608,-1.754106,-15.164739,18.395031,-16.045240,12.360091,-49.620611,-6.756391,18.608564,-53.789949,-20.435385,11.681467,46.662486,51.371475,-3.577276,-30.104551
245.000000,41.747659,4.123574,76.374561,0.121751,8.708060,-4.142816,-8.516297,6.694887,10.041549,7.448951,-12.861562,1.956754,-15.906020,-8.625862,-5.122233,17.322780,-10.904788,4.814891,1.071448,5.998039,-1.745172,-14.695558,18.260603,-15.863594,12.544032,-49.614996,-6.754766,19.517207,-55.133813,-22.010110,10.645217,44.401503,51.832168,-3.656727,-31.439115
246.000000,41.628504,4.155722,76.374322,0.188821,8.920876,-3.910000,-8.823002,6.509475,9.852941,7.174584,-12.530230,1.955543,-16.193730,-8.796349,-5.216805,17.293559,-10.862858,4.909550,0.905385,5.969760,-1.684742,-14.486908,17.947403,-15.780899,12.459678,-49.463834,-6.773697,19.943679,-56.114782,-22.326294,9.711539,38.815726,56.113665,-5.365299,-32.548013
247.000000,41.547036,4.181041,76.374382,0.189926,9.103523,-3.555965,-9.079227,6.360731,9.555255,6.892944,-12.286158,2.003614,-16.360632,-8.960954,-5.479207,17.262917,-10.897306,4.931535,0.645090,5.863143,-1.660231,-14.446209,17.702865,-15.836248,12.465960,-49.280566,-6.830216,20.284103,-56.297165,-22.188938,10.434901,33.944042,60.277273,-6.725835,-32.549745
248.000000,41.502014,4.203491,76.378137,0.129116,9.167613,-3.178478,-9.181577,6.262911,9.211994,6.643573,-12.120137,2.025748,-16.324825,-9.079265,-5.826298,17.213945,-10.895886,4.899967,0.429570,5.750915,-1.712143,-14.426285,17.696081,-15.786090,12.614464,-49.135476,-6.751520,20.355760,-56.103184,-23.221801,11.967256,33.591857,60.869997,-6.228017,-32.417539
249.000000,41.471308,4.205579,76.380503,0.056974,9.132091,-2.913287,-9.223555,6.245412,8.948566,6.607776,-12.059700,2.025580,-16.209589,-9.131933,-6.126097,17.208522,-10.855073,4.791193,0.471686,5.820277,-1.872856,-14.334067,17.700782,-15.646893,12.771858,-49.263880,-6.720009,19.710591,-56.051739,-24.584803,12.127524,38.030196,57.520923,-3.913137,-32.360343
250.000000,41.463852,4.193006,76.386321,-0.054531,9.060177,-2.791727,-9.219883,6.344210,8.830314,6.714634,-12.142738,1.951188,-16.044639,-9.073494,-6.357776,17.157235,-10.829275,4.660794,0.810917,5.879627,-2.026288,-14.225353,17.918615,-15.344782,12.878246,-49.692737,-6.323182,18.954936,-56.242349,-25.419440,12.930456,45.624755,53.116103,-0.315376,-30.453068
251.000000,41.478339,4.160537,76.387298,-0.188379,9.012427,-2.837235,-9.180510,6.547593,8.848672,6.830072,-12.341325,1.750657,-15.899248,-8.878419,-6.430338,17.011493,-10.847518,4.541406,1.176320,6.204148,-1.990405,-14.180098,17.711830,-14.738280,12.797760,-50.193762,-6.068509,18.978488,-56.217494,-24.014809,12.874060,49.993587,55.178318,-0.131200,-28.074866
252.000000,41.496709,4.119661,76.384956,-0.222036,8.876401,-3.023745,-8.969173,6.683838,9.030165,6.859758,-12.487543,1.668884,-15.746672,-8.717820,-6.276767,16.935473,-10.833035,4.571538,1.432910,6.334796,-1.913361,-13.917990,17.523499,-14.141886,12.628103,-50.661914,-6.331229,18.446019,-56.026280,-23.469319,11.911111,49.997798,57.431632,-1.070994,-26.573295
253.000000,41.517463,4.107300,76.384908,-0.259088,8.692901,-3.122840,-8.741665,6.765759,9.108091,6.943170,-12.637176,1.734189,-15.490569,-8.637762,-6.245341,16.844631,-10.872122,4.521629,1.652394,6.127536,-1.822421,-13.618821,18.099330,-13.856619,12.640278,-50.607327,-6.134980,18.628224,-55.895666,-24.640753,13.804689,50.382860,56.870631,-0.327978,-25.878861
254.000000,41.484153,4.102638,76.385605,-0.280629,8.562082,-3.054188,-8.788748,6.788488,9.017848,7.256425,-12.730445,1.740941,-15.354460,-8.658336,-6.335407,16.871937,-10.953804,4.496259,1.476927,6.120827,-1.688937,-13.269939,18.403397,-13.526711,12.701396,-50.280277,-6.025494,19.101555,-55.838726,-25.284698,14.830960,49.329057,58.165468,-0.371769,-25.208466
255.000000,41.448843,4.098292,76.378292,-0.237781,8.478381,-2.954566,-8.959099,6.731514,8.887031,7.673046,-12.830628,1.816937,-15.383490,-8.750711,-6.321867,17.102474,-11.075340,4.484543,1.076695,6.214342,-1.646596,-12.718792,18.448102,-13.293178,12.744898,-50.496671,-6.189941,19.494719,-57.011466,-25.830717,13.910483,45.672382,60.360567,-1.407898,-25.988988
256.000000,41.404969,4.096083,76.375133,-0.137038,8.453392,-2.921458,-9.127416,6.616337,8.825909,7.940899,-12.790929,1.922118,-15.547088,-8.874733,-6.215717,17.391834,-11.247173,4.587219,0.800378,6.334888,-1.416299,-12.488815,18.283250,-13.188207,12.843585,-50.664222,-6.453050,19.881173,-57.636210,-24.710552,11.881672,38.549475,65.730728,-4.206505,-26.196820
257.000000,41.332772,4.093973,76.370335,-0.102199,8.436889,-2.850486,-9.307016,6.568426,8.754478,8.185994,-12.864196,1.958143,-15.699635,-8.963105,-6.267189,17.656387,-11.346291,4.576994,0.744586,6.054113,-1.078766,-12.608757,18.732909,-13.155489,12.901666,-50.618628,-6.498674,20.055382,-57.161833,-24.914997,13.148508,35.627226,67.780407,-4.824237,-26.306870
258.000000,41.254994,4.104137,76.361507,-0.089426,8.471238,-2.700595,-9.557157,6.507865,8.621405,8.385630,-12.913700,2.006034,-15.893584,-9.066089,-6.376018,17.918045,-11.374943,4.622366,0.702956,6.202679,-0.904336,-12.576120,18.758712,-12.916343,12.990128,-50.559092,-6.489002,19.867678,-56.861718,-25.669447,12.857070,35.972684,67.202477,-4.294420,-26.676591
259.000000,41.202337,4.112704,76.356268,-0.106339,8.546163,-2.523057,-9.802749,6.455219,8.480003,8.497721,-12.950217,2.054478,-16.091859,-9.146776,-6.513972,18.177572,-11.375376,4.514405,0.743048,6.584641,-0.864376,-12.417696,18.645293,-12.537824,13.037712,-50.718283,-6.227159,19.380194,-56.978647,-26.418081,11.362704,40.064250,64.084660,-2.062226,-27.651054
260.000000,41.154969,4.113214,76.355076,-0.185990,8.666881,-2.277700,-10.104274,6.447446,8.271832,8.631288,-12.940294,2.170556,-16.259241,-9.162043,-6.727216,18.323149,-11.266661,4.396404,0.863782,6.945785,-0.864128,-12.311502,18.742106,-12.175048,12.969932,-51.232559,-5.810100,18.975027,-56.741090,-26.404951,11.342214,47.114730,60.063796,1.044978,-27.326212
261.000000,41.108036,4.111698,76.340091,-0.156122,8.957115,-2.234882,-10.452287,6.386192,8.212718,8.567122,-12.754443,2.320653,-16.682735,-9.207083,-6.739557,18.427200,-11.209444,4.445486,0.979695,7.287310,-1.185924,-12.320907,18.278139,-12.099524,13.129569,-52.128847,-5.720634,19.162874,-55.376828,-23.713650,11.583182,47.769749,63.790934,-0.084746,-25.000410
262.000000,41.197506,4.118380,76.334327,-0.120432,9.240200,-2.264815,-10.497601,6.321566,8.201435,8.131338,-12.522719,2.496713,-16.894184,-9.250077,-6.794834,18.340835,-11.202933,4.687926,1.038600,7.189928,-2.077370,-11.854383,18.422067,-12.326365,13.505144,-53.284146,-5.945750,18.227524,-53.426102,-23.855865,15.943376,45.914642,59.548895,0.082497,-19.780545
263.000000,41.330454,4.075341,76.343811,-0.040915,9.222578,-2.394844,-10.016167,6.255076,8.273602,7.454649,-12.223321,2.579995,-16.734708,-9.237720,-6.654115,18.203706,-11.157554,4.806087,1.229445,7.120606,-3.053136,-11.115026,18.328924,-12.309216,13.828926,-53.756335,-5.838551,15.979547,-52.440645,-25.263714,18.854099,45.728998,50.672101,4.029935,-12.273283
264.000000,41.497722,4.032210,76.351780,-0.041112,9.109481,-2.397219,-9.486269,6.237613,8.240279,6.919834,-12.073553,2.502441,-16.307119,-9.201297,-6.693086,17.922626,-11.291242,4.808845,1.469792,7.122145,-3.861220,-10.836498,18.036194,-12.286949,14.060613,-53.300454,-5.772353,15.258105,-50.854535,-24.561277,18.245843,45.290178,51.862091,2.805182,-10.879658
265.000000,41.705137,3.965824,76.368046,-0.097348,8.843188,-2.296207,-8.891595,6.294766,8.167171,6.640565,-12.024147,2.430026,-15.610536,-9.132193,-6.853499,17.596459,-11.393594,4.872437,1.647812,6.779413,-4.688256,-10.468552,18.034402,-12.231241,14.091231,-52.719102,-5.592729,13.976655,-49.285463,-25.070066,18.588563,43.857912,47.885360,3.646576,-7.308098
266.000000,41.905072,3.922873,76.373345,-0.255078,8.522447,-1.912997,-8.397817,6.376908,7.851750,6.557329,-12.094159,2.327674,-14.762964,-9.101779,-7.318584,17.289328,-11.529479,4.974929,1.712613,6.535162,-5.533272,-10.229929,17.769823,-11.826998,13.989732,-52.862925,-5.967225,12.266096,-47.538100,-26.364151,18.443987,41.742909,41.958398,5.574689,-2.464672
267.000000,42.028120,3.867087,76.371723,-0.356585,8.090257,-1.589514,-7.788321,6.424808,7.595846,6.394615,-12.175477,2.149002,-13.961421,-9.066853,-7.597918,17.128549,-11.726420,4.952293,1.708561,6.145806,-6.137361,-10.087870,17.339113,-11.404538,13.938084,-52.619105,-6.046024,11.234909,-45.428285,-27.284825,18.715804,38.996733,39.105777,6.525206,2.391885
268.000000,42.122608,3.834736,76.370150,-0.481116,7.500658,-1.137602,-7.070620,6.436485,7.160929,6.255962,-12.233106,2.073914,-12.955766,-9.074640,-8.003132,16.957843,-12.020738,4.997953,1.510132,5.709106,-6.541025,-9.710646,16.951983,-11.086513,13.768572,-52.502305,-6.081382,9.255525,-42.659480,-28.369201,19.103407,34.933720,34.901918,7.609313,8.282232
269.000000,42.321727,3.779391,76.378083,-0.607991,6.993599,-0.684287,-6.241465,6.476135,6.792563,5.886395,-12.204448,1.976053,-11.779480,-9.033122,-8.507101,16.449741,-12.235815,5.016669,1.366631,5.162029,-7.156832,-9.288973,16.715925,-10.844248,13.685671,-52.358557,-6.012915,8.948426,-39.634918,-30.305064,20.429994,30.238726,30.563153,8.668335,12.844202
270.000000,42.445466,3.747578,76.391274,-0.645957,6.780258,-0.252211,-5.803052,6.402020,6.450029,5.485727,-11.996992,1.802058,-11.010315,-9.071886,-8.942721,15.891871,-12.252392,5.120081,1.155960,4.545164,-8.071299,-8.517122,16.574629,-10.397382,13.409602,-52.016043,-5.891212,7.736772,-36.824036,-32.442176,21.188999,25.556321,24.270671,9.143808,19.269068
271.000000,42.555270,3.736826,76.390183,-0.712874,6.731401,0.169004,-5.572657,6.353256,6.087110,5.103142,-11.838769,1.742983,-10.413148,-9.097554,-9.419765,15.288668,-12.243239,5.130490,0.738017,4.071478,-9.009362,-7.720184,16.177380,-9.804101,13.205026,-51.658059,-5.640094,7.357991,-33.599470,-34.131087,22.104840,20.996379,19.147930,9.807401,23.399415
272.000000,42.643729,3.745995,76.383686,-0.755352,6.671042,0.577653,-5.432342,6.264137,5.697987,4.873349,-11.712816,1.751727,-9.876475,-9.146021,-9.798998,14.770854,-12.207926,5.218621,0.323341,3.609972,-10.085300,-6.649112,15.900841,-9.189417,13.128024,-51.447884,-5.543912,6.130947,-30.849762,-36.321071,22.396153,17.227791,9.495904,8.808006,29.810583
273.000000,42.727113,3.762034,76.369375,-0.833868,6.617716,0.963530,-5.398212,6.212267,5.255094,4.863109,-11.789799,1.850277,-9.302562,-9.137051,-10.183765,14.141435,-12.187955,5.213413,-0.087915,3.246702,-11.106938,-5.728552,15.622927,-8.721475,13.229863,-51.218595,-5.385830,5.609768,-27.780094,-37.703252,22.727489,14.630187,2.903900,7.837106,33.610125
274.000000,42.801556,3.776965,76.356882,-0.938056,6.527394,1.269443,-5.384733,6.232532,4.905143,5.008324,-11.983726,1.899768,-8.683243,-9.057389,-10.521131,13.428701,-12.116294,5.221431,-0.479633,3.000329,-12.023696,-4.815666,15.217212,-8.344913,13.391196,-50.966568,-5.353649,5.367174,-25.068609,-38.519265,22.928376,13.234250,-2.729679,6.632971,36.329431
275.000000,42.862988,3.781834,76.345927,-1.031698,6.469416,1.413367,-5.437205,6.316119,4.756886,5.280330,-12.233957,1.969181,-8.171817,-8.941939,-10.765154,12.730370,-11.962937,5.300389,-0.664908,2.777274,-13.011352,-3.766812,14.885359,-8.002306,13.558141,-50.975146,-5.340421,4.399148,-22.766272,-39.161217,22.481969,12.646442,-9.487316,4.359446,39.479665
276.000000,42.908579,3.787705,76.333815,-1.155103,6.371670,1.434924,-5.441327,6.457148,4.646827,5.599206,-12.580899,2.080446,-7.705919,-8.747659,-10.869099,12.109429,-11.799096,5.324872,-0.674289,2.681741,-13.766627,-2.934851,14.409389,-7.770950,13.728264,-50.945923,-5.252801,4.461276,-20.260728,-38.897446,22.215890,12.572406,-11.724790,3.841704,40.143730
277.000000,42.920008,3.785913,76.319975,-1.274402,6.231650,1.290879,-5.408150,6.658340,4.703579,5.991274,-12.970335,2.219540,-7.422741,-8.531138,-10.809941,11.789232,-11.713607,5.331904,-0.592761,2.639849,-14.286981,-2.097113,13.972772,-7.586923,13.745635,-50.961168,-5.311600,4.556504,-18.312909,-38.370821,21.923261,12.803505,-12.785526,3.424818,40.305312
278.000000,42.940634,3.763380,76.326108,-1.290287,6.086218,0.971512,-5.242418,6.802483,4.968009,6.245666,-13.208197,2.231363,-7.320530,-8.390318,-10.569677,11.767211,-11.716787,5.314717,-0.278141,2.400137,-14.857446,-1.103891,13.894008,-7.461874,13.711373,-51.100429,-5.218525,4.281728,-16.551328,-37.692877,20.877038,13.318949,-14.429871,2.993165,40.580842
279.000000,42.918602,3.743881,76.321185,-1.322175,5.923259,0.701480,-5.020966,6.946647,5.206668,6.319129,-13.374196,2.250085,-7.296403,-8.259687,-10.347301,11.886228,-11.757673,5.323318,-0.114332,2.298072,-15.065883,-0.403103,13.670057,-7.352726,13.764516,-51.020796,-5.122762,4.399600,-15.256826,-36.848215,20.212022,13.878969,-15.057345,3.231665,39.997041
280.000000,42.881179,3.727598,76.329982,-1.347601,5.836322,0.584018,-4.901537,7.033477,5.361014,6.297247,-13.386198,2.205079,-7.335195,-8.189820,-10.247616,12.030092,-11.739282,5.383349,-0.124421,2.179873,-15.374722,0.415523,13.637768,-7.383038,13.739591,-51.153223,-5.179252,4.647034,-14.103927,-36.178648,19.854171,14.091363,-15.168510,3.356727,39.699952
281.000000,42.841172,3.729749,76.334834,-1.384227,5.775781,0.583130,-4.805022,7.084513,5.413908,6.182867,-13.362517,2.242908,-7.334674,-8.152534,-10.260291,12.104400,-11.754027,5.385720,-0.328610,2.148114,-15.598525,1.188975,13.611540,-7.402210,13.738318,-51.274954,-5.208921,4.741881,-13.379101,-35.607204,19.630315,14.243204,-15.362199,3.396666,39.514574
282.000000,42.795837,3.728797,76.330930,-1.428202,5.660389,0.574673,-4.623373,7.144357,5.462535,6.007290,-13.375095,2.290839,-7.270824,-8.096188,-10.229859,12.155780,-11.784488,5.341896,-0.598619,2.263640,-15.585722,1.738122,13.550440,-7.555005,13.857889,-51.292402,-5.013734,5.240099,-13.157563,-35.152948,19.634342,14.369907,-15.438980,3.570729,39.053560
283.000000,42.750823,3.722526,76.329827,-1.466902,5.529448,0.568683,-4.430441,7.198656,5.481460,5.856961,-13.358024,2.358180,-7.168347,-8.047797,-10.232327,12.173529,-11.797303,5.361252,-0.805742,2.372850,-15.478901,2.071189,13.576884,-7.774447,13.981461,-51.314443,-4.872351,5.840058,-13.127586,-34.766547,19.633801,14.401498,-15.409682,3.805070,38.417263
284.000000,42.684031,3.717288,76.332885,-1.503806,5.469993,0.618335,-4.385835,7.237339,5.462184,5.769509,-13.282773,2.370548,-7.120727,-8.005535,-10.251459,12.116387,-11.708589,5.458483,-0.941806,2.379090,-15.468504,2.225816,13.714534,-7.870844,14.032639,-51.322376,-4.943783,5.794306,-13.034267,-34.460353,19.401931,14.357988,-15.470950,3.908689,38.090432
285.000000,42.605332,3.707635,76.338798,-1.524042,5.458305,0.627501,-4.446354,7.260634,5.425197,5.811288,-13.213121,2.412195,-7.135231,-7.968150,-10.243037,12.028957,-11.636481,5.488921,-1.011956,2.348130,-15.441615,2.240517,13.809974,-7.853084,14.058151,-51.294816,-5.083714,5.766301,-12.956990,-34.017132,19.178674,14.339098,-14.744481,4.128056,37.667230
286.000000,42.534038,3.698524,76.345098,-1.531400,5.460135,0.599027,-4.540599,7.285013,5.435179,5.865141,-13.196751,2.437611,-7.171575,-7.936106,-10.225698,11.947489,-11.559628,5.512121,-1.044609,2.253387,-15.404370,2.156724,13.932263,-7.722026,14.117311,-51.323787,-5.078884,5.642350,-12.914745,-33.682204,19.083091,14.260473,-14.218842,4.364574,37.348229
287.000000,42.481610,3.688952,76.349300,-1.523092,5.457524,0.568916,-4.612253,7.299701,5.501360,5.909813,-13.174405,2.415494,-7.208458,-7.928348,-10.189642,11.910948,-11.478921,5.545863,-1.078920,2.138375,-15.340492,2.065495,13.941996,-7.423370,14.151160,-51.293682,-5.092302,5.448242,-12.922610,-33.503420,19.098459,14.046256,-14.419760,4.346085,37.313764
288.000000,42.420766,3.692267,76.342493,-1.521728,5.446957,0.603697,-4.733115,7.292929,5.504563,6.047348,-13.214021,2.453991,-7.255400,-7.965036,-10.259357,11.954478,-11.449274,5.647755,-1.131314,2.080667,-15.276985,1.991105,13.910259,-7.169098,14.144372,-51.214510,-5.254128,5.294629,-12.917673,-33.625861,19.315787,13.700221,-15.002980,3.480309,38.148369
289.000000,42.376375,3.691296,76.339555,-1.543135,5.430853,0.658961,-4.866115,7.310731,5.435256,6.241413,-13.277681,2.477426,-7.258470,-7.968824,-10.338033,11.966941,-11.442238,5.643468,-1.192156,2.074244,-15.217397,1.881579,13.848372,-6.970889,14.117598,-51.200358,-5.374358,5.411981,-13.060977,-33.566514,19.226455,13.711688,-15.156798,3.550887,38.036333
290.000000,42.348668,3.690224,76.337618,-1.555618,5.428850,0.712261,-4.995830,7.317787,5.377275,6.428895,-13.331429,2.488717,-7.256916,-7.971031,-10.386628,11.955871,-11.423837,5.655516,-1.193128,2.053653,-15.195281,1.683878,13.821202,-6.796709,14.002233,-51.068095,-5.723086,5.442369,-13.263357,-33.262075,18.953838,14.039814,-14.580171,3.961359,37.294657
291.000000,42.338946,3.682699,76.331264,-1.559186,5.440377,0.752233,-5.092008,7.329971,5.364127,6.545645,-13.377660,2.488932,-7.237792,-7.967953,-10.412153,11.893121,-11.399900,5.673036,-1.181667,2.022111,-15.172990,1.573624,13.878299,-6.851067,13.988638,-50.820931,-5.793351,5.411242,-13.497635,-32.972240,18.801752,14.313861,-14.043088,4.393496,36.713284
292.000000,42.341256,3.677395,76.327914,-1.566714,5.429512,0.787448,-5.124142,7.336622,5.304660,6.618120,-13.419898,2.478781,-7.173069,-7.963913,-10.460798,11.816372,-11.395574,5.646268,-1.155360,1.995560,-15.093977,1.518809,14.008393,-7.032514,14.032537,-50.557402,-5.817878,5.336672,-13.814172,-32.863124,18.683363,14.495792,-14.033209,4.511007,36.460233
293.000000,42.334461,3.681203,76.327586,-1.572782,5.386283,0.836470,-5.122442,7.333515,5.257155,6.678217,-13.431095,2.529935,-7.072083,-7.969582,-10.504163,11.729491,-11.353485,5.650897,-1.103270,1.976681,-14.952893,1.526685,14.119998,-7.332594,14.168579,-50.332559,-5.450783,5.436288,-14.258641,-32.849252,18.588015,14.692753,-14.158817,4.653107,36.271518
294.000000,42.329314,3.682573,76.325667,-1.598175,5.337333,0.910911,-5.140006,7.339124,5.140893,6.760413,-13.468430,2.589665,-6.966111,-7.966054,-10.620048,11.680154,-11.366719,5.597585,-1.041455,1.960619,-14.768858,1.563085,14.240275,-7.682045,14.283181,-50.066161,-5.139262,5.476399,-14.917806,-32.809900,18.419485,15.027625,-14.163765,4.817607,35.993543
295.000000,42.306826,3.690020,76.319593,-1.602057,5.267047,0.939709,-5.165943,7.336325,5.060365,6.922150,-13.533436,2.619358,-6.923729,-7.988664,-10.658798,11.738471,-11.374447,5.646211,-0.913853,1.921917,-14.491594,1.650336,14.284104,-7.993983,14.326663,-49.665949,-5.376952,5.082885,-16.058994,-33.250884,18.591234,15.343202,-15.258781,3.931680,36.852757
296.000000,42.264265,3.702193,76.313126,-1.601522,5.185422,0.869765,-5.179172,7.355078,5.098317,7.112562,-13.651653,2.624636,-6.949498,-8.004192,-10.623621,11.873458,-11.391405,5.630665,-0.719074,1.865277,-14.169107,1.808499,14.314347,-8.433643,14.425013,-49.263149,-5.738047,5.033391,-18.142391,-33.640379,19.123350,16.407212,-14.440494,3.991233,36.589118
297.000000,42.208710,3.716698,76.315051,-1.549141,5.118712,0.666328,-5.221541,7.340120,5.217754,7.396265,-13.761818,2.692674,-7.091914,-8.054353,-10.468660,12.098929,-11.379527,5.626428,-0.382783,1.696090,-13.939421,2.153459,14.404507,-8.960858,14.585806,-49.133540,-5.745436,5.043567,-20.656092,-33.999469,19.836229,18.036895,-14.358876,3.834734,36.937335
298.000000,42.133045,3.716278,76.318771,-1.448730,5.049554,0.331905,-5.215576,7.323533,5.510575,7.640869,-13.862354,2.732227,-7.350107,-8.090999,-10.091136,12.451425,-11.397784,5.489354,0.158796,1.396742,-13.678926,2.468404,14.552684,-9.525745,14.748486,-49.167878,-5.266001,5.864630,-24.086278,-34.645407,21.465922,20.247971,-14.491894,4.255131,36.720593
299.000000,42.064643,3.701726,76.327467,-1.348414,5.002378,-0.041608,-5.143558,7.325634,5.883094,7.722549,-13.897733,2.684804,-7.654648,-8.096572,-9.664427,12.815006,-11.418505,5.327204,0.793007,0.979733,-13.502116,2.738740,14.842817,-9.866924,14.754824,-49.200001,-4.850827,6.469740,-27.538691,-35.291919,23.708666,22.748372,-14.502300,5.255592,35.964542
300.000000,42.004615,3.721214,76.317036,-1.290146,4.864920,-0.344210,-4.910326,7.324432,6.201048,7.661136,-13.961002,2.670365,-7.830741,-8.106457,-9.302374,13.190182,-11.470731,5.184606,1.287615,0.684789,-13.169426,3.034497,14.889457,-9.948043,14.785474,-49.160369,-4.630525,6.531081,-32.218624,-36.745878,27.565090,25.576977,-16.997318,5.201762,36.462159
301.000000,41.941077,3.728736,76.317531,-1.215111,4.745634,-0.598263,-4.721840,7.300052,6.488038,7.611438,-13.962290,2.663060,-8.062296,-8.134255,-8.940984,13.664047,-11.582221,4.925317,1.635835,0.354357,-12.916457,3.474478,15.022082,-9.833987,14.760823,-49.156346,-4.440680,6.649670,-37.601298,-38.083188,32.891268,29.082003,-20.706058,4.458598,37.544126
302.000000,41.878432,3.728353,76.305741,-1.143457,4.528510,-0.916800,-4.391740,7.304280,6.811223,7.523627,-14.032071,2.615078,-8.281062,-8.152338,-8.558730,14.298776,-11.750442,4.658340,1.856642,0.090553,-12.529364,3.891035,15.084848,-9.674072,14.822540,-48.970329,-4.336686,7.007104,-43.462089,-38.753182,39.510336,33.037663,-25.324395,3.166894,38.213396
303.000000,41.807970,3.717291,76.299977,-1.044943,4.368478,-1.203306,-4.196475,7.281855,7.108606,7.542704,-14.057694,2.576012,-8.605224,-8.216330,-8.194991,15.020749,-11.965977,4.451532,2.059736,-0.323746,-12.332712,4.275000,15.430743,-9.663964,14.932380,-48.861182,-4.384202,7.262518,-49.201865,-38.888730,47.278460,36.619547,-30.500794,0.888956,38.748196
304.000000,41.721582,3.716180,76.285142,-0.879311,4.242948,-1.520338,-4.089763,7.179307,7.453352,7.634827,-14.129052,2.578859,-9.062861,-8.366324,-7.776196,15.865481,-12.225239,4.344515,2.302402,-0.821673,-12.159200,4.502042,15.827227,-9.743053,14.985199,-48.768001,-4.523946,7.783626,-54.531223,-38.236167,55.550608,39.675869,-34.796293,-1.543940,37.708832
305.000000,41.651604,3.700032,76.279944,-0.694272,4.174413,-1.746513,-4.134340,7.053534,7.737332,7.878523,-14.177939,2.601453,-9.529304,-8.546312,-7.462415,16.687815,-12.500448,4.298086,2.487332,-1.184093,-11.923953,4.447001,16.058197,-9.740652,15.060465,-48.448584,-4.733001,8.187259,-58.629094,-37.027145,62.316453,42.603431,-37.475920,-3.172800,35.088055
306.000000,41.650149,3.673301,76.271629,-0.620285,4.156220,-1.813411,-4.257829,7.024847,7.789445,8.192373,-14.271276,2.506101,-9.856369,-8.640118,-7.360828,17.360717,-12.818867,4.258755,2.573283,-1.216899,-11.583317,4.226077,16.015559,-9.568200,15.072143,-48.126421,-4.904246,8.292800,-61.232694,-35.800515,66.489822,45.498537,-38.464132,-4.057710,32.371979
307.000000,41.608375,3.664445,76.255643,-0.580668,4.064617,-1.828413,-4.367780,7.006686,7.786516,8.555134,-14.423806,2.494000,-10.102438,-8.730219,-7.318872,18.002714,-13.088170,4.249362,2.571669,-1.139884,-10.981607,3.882640,15.878021,-9.260265,15.123704,-47.696898,-5.089386,8.297296,-63.038090,-34.923003,68.875054,47.869002,-38.729645,-4.542272,30.262396
308.000000,41.631886,3.659728,76.244098,-0.543551,3.819969,-1.922020,-4.095467,6.992201,7.908410,8.674619,-14.578057,2.441914,-10.085351,-8.781714,-7.189511,18.536199,-13.337368,4.238862,2.553913,-0.950371,-10.047434,3.513221,15.501828,-8.865406,15.251087,-47.374223,-5.275295,8.531938,-64.372627,-34.212237,70.087187,50.096682,-38.539534,-4.567564,29.021153
309.000000,41.595978,3.661609,76.237190,-0.553368,3.526547,-1.850427,-3.905627,6.986300,7.845337,8.876305,-14.661406,2.489798,-9.991765,-8.849372,-7.244332,19.027655,-13.526306,4.239601,2.472802,-0.671500,-9.030819,3.207134,15.159287,-8.698698,15.336865,-47.413882,-5.364928,8.626257,-65.107884,-33.685783,70.135531,52.318429,-37.345296,-3.956740,28.520732
310.000000,41.514960,3.675559,76.232684,-0.600546,3.289667,-1.714384,-3.885067,7.002775,7.691006,9.170926,-14.741437,2.546768,-9.961112,-8.896821,-7.367142,19.464593,-13.683999,4.294005,2.328843,-0.242777,-8.061998,2.996741,14.944444,-8.691570,15.430381,-47.586290,-5.325517,8.344320,-65.063665,-33.152174,68.181462,54.812876,-33.204381,-2.407733,28.866241
311.000000,41.442531,3.693065,76.235187,-0.839451,3.085260,-1.681710,-3.709779,7.234378,7.572278,9.195208,-14.815985,2.608293,-9.773529,-8.651797,-7.503159,19.503933,-13.686586,4.283379,2.280876,0.276850,-6.782431,2.312658,15.204392,-8.847130,15.694868,-47.893437,-5.273313,7.947746,-64.393091,-32.187362,61.912653,57.887335,-20.909272,1.527288,29.986170
312.000000,41.372615,3.684600,76.256603,-0.996159,2.890022,-1.867736,-3.415619,7.450863,7.659141,9.041461,-14.740530,2.554004,-9.572408,-8.391465,-7.461929,19.316434,-13.568273,4.255166,2.429878,0.462437,-5.520658,1.695114,16.120648,-9.212196,16.087209,-48.546693,-5.358907,7.873751,-62.527103,-30.505715,49.649844,61.077887,2.608693,7.463415,27.572067
313.000000,41.311100,3.682149,76.268661,-1.038381,2.804384,-2.013800,-3.342469,7.544989,7.760754,9.056547,-14.797400,2.384454,-9.545126,-8.284949,-7.378814,19.263019,-13.633274,4.038136,2.543166,0.858434,-4.174657,1.055297,16.683070,-9.672095,16.190782,-49.219043,-5.557348,10.537699,-60.581517,-28.063992,35.316193,64.149219,31.697952,9.204325,16.413452
314.000000,41.218975,3.708684,76.267791,-0.921462,2.787144,-2.139438,-3.517607,7.438482,7.852819,9.347110,-14.899170,2.240235,-9.785237,-8.419045,-7.185187,19.533832,-13.712127,3.991508,2.335477,1.439463,-2.819157,0.954998,16.619204,-9.502434,16.102069,-49.299363,-5.530920,13.391860,-59.506022,-25.849691,24.589586,64.469930,49.702822,5.979804,5.176765
315.000000,41.071749,3.753357,76.258326,-0.732215,2.621516,-2.231412,-3.716063,7.234116,7.941543,9.925106,-15.028095,2.305814,-9.996275,-8.679895,-6.979047,19.986242,-13.720831,4.249217,1.817820,1.500675,-1.475133,1.594660,16.915445,-8.889213,15.871871,-49.316455,-5.439854,13.300271,-58.766353,-25.540342,24.484213,61.086753,46.792482,5.199009,4.143650
316.000000,40.878388,3.817420,76.255012,-0.755395,2.765548,-2.102095,-4.265238,7.188511,7.772497,10.313314,-15.056655,2.443487,-10.353963,-8.734653,-7.038771,20.094126,-13.546284,4.504277,1.161198,1.757479,-0.346303,2.131092,17.164641,-8.306202,15.780443,-49.572072,-5.364241,11.876493,-58.734211,-27.546522,31.963387,56.250750,34.873768,8.056878,11.770659
317.000000,40.705302,3.896489,76.244783,-0.616188,2.919751,-2.042750,-4.723770,6.955903,7.710409,10.527267,-14.967564,2.649589,-10.895346,-8.992893,-6.968934,20.512086,-13.438303,4.820251,0.693709,1.880552,0.411143,3.078477,17.404394,-8.173841,15.744172,-49.750729,-5.393545,9.240070,-60.359700,-30.707100,41.136126,52.535684,15.892916,8.651712,22.163935
318.000000,40.533078,3.969188,76.228225,-0.419414,3.107730,-1.968948,-5.279107,6.665609,7.664505,10.859273,-14.901080,2.804579,-11.563115,-9.315500,-6.832412,21.101335,-13.355778,5.026308,0.125698,1.851952,1.150405,3.900539,17.745974,-8.138550,15.648030,-49.592573,-5.383791,7.522415,-63.491492,-33.496648,51.206270,49.918673,-5.518938,5.594558,28.873358
319.000000,40.345651,4.028680,76.206237,-0.252645,3.279946,-1.846096,-5.977052,6.417574,7.512972,11.453945,-14.913885,2.931735,-12.263763,-9.623911,-6.756804,21.803799,-13.283843,5.120336,-0.488332,1.929304,1.919955,4.391062,17.933119,-8.132290,15.549397,-49.574725,-5.189758,6.577482,-66.927343,-35.429291,59.154233,48.209070,-22.821016,1.780662,31.755978
320.000000,40.168411,4.078372,76.176703,-0.047171,3.326996,-1.776191,-6.617725,6.177799,7.453974,12.246354,-15.083107,2.978622,-12.917748,-10.002784,-6.670367,22.703223,-13.443403,5.141792,-0.995135,1.986625,2.635603,4.707966,17.833545,-8.370422,15.420632,-49.662688,-5.304337,6.682475,-68.701321,-36.064895,62.340018,47.485965,-28.859769,0.057443,30.709179
321.000000,40.025151,4.128775,76.149231,0.059137,3.457200,-1.755699,-7.189248,6.040690,7.444331,12.828846,-15.231139,3.047885,-13.529933,-10.222599,-6.607341,23.359051,-13.549266,5.258730,-1.391358,2.389554,3.478703,4.434686,17.253087,-8.493058,15.297351,-49.825526,-5.370752,6.639738,-69.314993,-36.237381,61.614529,47.907316,-28.502948,0.285782,29.587205
322.000000,39.912799,4.163983,76.132166,0.102346,3.682595,-1.778555,-7.692580,5.982192,7.417861,13.124413,-15.239837,3.143480,-14.042698,-10.302693,-6.531801,23.627241,-13.542577,5.429307,-1.613650,2.831983,4.094394,3.933276,16.615478,-8.656967,15.401262,-49.884177,-5.349831,6.427186,-68.516681,-35.791977,57.275135,49.290286,-22.483434,2.456260,29.237414
323.000000,39.885893,4.164698,76.165849,-0.094820,4.066458,-1.833202,-7.977959,6.201122,7.379933,12.809986,-14.978562,3.103747,-14.254525,-10.011664,-6.632845,23.104518,-13.254112,5.444525,-1.569628,3.088144,4.464190,2.858500,16.670286,-8.955432,15.946651,-50.203000,-5.440997,6.454785,-66.409854,-33.976308,47.494902,51.171928,-4.427848,6.795139,26.883300
324.000000,39.928743,4.128018,76.218736,-0.274896,4.237153,-2.013198,-7.818208,6.479053,7.503271,12.250630,-14.726002,2.869245,-14.051404,-9.653634,-6.664746,22.284476,-13.008044,5.176937,-1.400732,3.101988,4.794943,1.801063,17.018755,-9.584417,16.352765,-50.582533,-5.635006,9.335119,-63.680388,-30.063556,34.317121,54.404366,26.680160,8.722607,14.502950
325.000000,39.946401,4.122903,76.239741,-0.286776,4.328581,-2.200093,-7.770339,6.548322,7.668533,12.065929,-14.668239,2.670732,-14.000295,-9.526417,-6.537919,21.872236,-12.921453,4.998566,-1.272156,3.267651,5.162315,0.969186,16.855749,-10.134797,16.420777,-50.732009,-5.897623,12.840489,-61.817522,-25.764554,21.828822,56.694556,52.305117,3.753503,0.212112
326.000000,39.926642,4.145012,76.229936,-0.188457,4.156679,-2.321847,-7.802420,6.478304,7.755132,12.545109,-14.900321,2.713731,-13.947999,-9.623244,-6.372028,22.029759,-12.988763,5.119755,-1.161425,3.202708,5.446929,1.149322,16.810190,-10.430617,16.087694,-50.812533,-5.873366,12.470721,-60.825396,-25.527810,22.212364,54.891727,49.222971,3.313071,-0.333909
327.000000,39.879081,4.202083,76.232600,-0.200514,4.162279,-2.558745,-7.688303,6.495401,7.988106,12.375011,-14.852368,2.937927,-13.957552,-9.542642,-6.183354,21.794878,-12.685747,5.288417,-0.919642,3.058295,5.541069,1.408578,17.139567,-10.520429,15.896709,-50.712973,-5.400682,9.187506,-61.854582,-28.747170,31.570517,52.662128,30.189754,8.279186,11.698138
328.000000,39.811575,4.275066,76.225644,-0.205913,4.253925,-2.592156,-7.826312,6.438702,7.999258,12.341183,-14.794859,3.043165,-14.086475,-9.561087,-6.133206,21.679517,-12.506940,5.464265,-0.988166,3.063504,5.520466,1.763015,17.137008,-10.517181,15.794367,-50.332221,-5.371056,6.553273,-63.591288,-31.126231,40.557271,51.710488,14.159809,8.700351,21.232193
329.000000,39.738622,4.345410,76.214492,-0.129205,4.400830,-2.605178,-8.047536,6.294798,8.019389,12.309966,-14.707342,3.167168,-14.358000,-9.700052,-6.087571,21.707787,-12.354109,5.618705,-1.000778,2.993122,5.424403,2.056204,17.120457,-10.577977,15.715159,-49.995366,-5.337176,4.747100,-65.776047,-32.779171,48.873012,51.581411,-3.420605,6.511471,27.606166
330.000000,39.646924,4.410606,76.204163,-0.045660,4.479207,-2.608611,-8.192838,6.147024,8.073714,12.268123,-14.664700,3.275686,-14.646798,-9.843739,-5.975946,21.905762,-12.245103,5.609206,-0.967609,2.995484,5.411825,2.133923,17.184454,-10.565776,15.725244,-49.950601,-5.143923,4.189083,-68.313872,-34.133406,56.394089,51.885180,-19.932592,3.530660,30.605159
331.000000,39.573658,4.452154,76.186174,0.104063,4.477847,-2.516836,-8.394553,5.932595,8.050488,12.465164,-14.724023,3.308948,-14.907663,-10.098402,-5.900860,22.311574,-12.347109,5.631140,-1.041639,2.956251,5.316160,2.425937,17.114342,-10.490478,15.692578,-49.847902,-5.196995,4.500345,-69.619954,-34.753509,60.482964,51.615108,-27.795364,1.436996,30.656099
332.000000,39.544171,4.488124,76.183683,0.124233,4.637871,-2.336883,-8.613583,5.814455,7.901487,12.366476,-14.636930,3.290526,-15.125719,-10.228482,-6.008370,22.445760,-12.391617,5.657703,-1.277171,3.423832,5.357905,2.357648,16.565193,-10.173814,15.671273,-49.680699,-5.162156,4.803620,-70.158030,-34.953350,61.003022,51.887793,-29.180914,0.776432,29.843969
333.000000,39.531815,4.497071,76.196140,0.079953,4.817784,-2.137316,-8.797104,5.780506,7.702661,12.166583,-14.449991,3.272376,-15.258885,-10.273479,-6.215937,22.417991,-12.365351,5.658769,-1.456328,3.964022,5.482023,2.102505,16.002346,-9.896592,15.693188,-49.565730,-5.105802,4.998377,-69.640418,-34.626672,58.034307,53.075645,-23.945738,2.387372,29.255172
334.000000,39.568004,4.443664,76.236373,-0.214367,5.192736,-1.918584,-8.928163,6.058551,7.364333,11.490350,-14.062051,2.967875,-15.196811,-9.934515,-6.649341,21.685958,-12.080650,5.638418,-1.469780,4.513063,5.583166,1.371696,15.960305,-9.899239,15.940710,-49.938952,-5.289228,5.453899,-67.919531,-33.315235,48.974683,54.702319,-4.415425,6.472137,26.789822
335.000000,39.605778,4.327087,76.292711,-0.579690,5.392042,-1.927398,-8.803445,6.570800,7.200788,10.823288,-13.753643,2.452429,-14.822269,-9.358700,-6.976658,20.585878,-11.754119,5.292673,-1.056612,4.827176,5.853755,0.315931,16.790686,-10.433312,16.138062,-50.533698,-5.449069,9.298246,-65.323130,-30.363712,35.403056,57.062747,29.608184,8.549777,13.449300
336.000000,39.591244,4.227279,76.294786,-0.753442,5.777301,-1.655542,-9.508199,6.814796,6.839719,11.138745,-13.850450,1.866861,-14.979493,-9.172612,-7.356477,20.206488,-11.809411,5.106128,-0.889074,5.553970,6.014818,-0.405148,16.927910,-10.882478,15.933587,-50.732292,-6.135605,14.353258,-63.399715,-27.299414,25.023115,57.092291,50.626103,0.259836,-7.066147
337.000000,39.507142,4.113728,76.285762,-0.673219,5.894733,-1.427353,-10.094210,6.791819,6.608159,11.736541,-13.942924,1.716613,-15.135397,-9.271765,-7.525456,20.234225,-11.832630,5.217190,-0.863213,5.900967,6.041024,-0.088144,17.101508,-10.976499,15.677203,-50.960004,-6.219452,14.642017,-62.900653,-27.316869,22.124407,56.261074,52.732349,-1.102947,-9.775071
338.000000,39.386368,3.994035,76.286584,-0.713142,6.475376,-1.173203,-11.025925,6.873794,6.374832,11.930321,-13.755236,1.731189,-15.494209,-9.155800,-7.746078,19.577158,-11.393855,5.489977,-0.606310,5.886569,5.748899,0.000263,17.917753,-11.126784,15.500242,-51.132756,-6.313790,13.396446,-63.780225,-30.877304,30.082100,53.414364,32.893836,0.875518,-8.352836
339.000000,39.302719,3.845695,76.275879,-0.773680,7.225147,-0.818229,-12.160770,6.969933,5.984010,12.100909,-13.588418,1.322680,-16.029122,-9.088724,-8.167573,19.014880,-11.196547,5.626896,-0.665236,6.144749,5.177440,0.264334,18.078343,-11.099458,15.289114,-51.004711,-7.085295,14.132008,-64.850262,-32.927717,36.778861,51.790705,19.303472,-2.329003,-14.981086
340.000000,39.230117,3.706300,76.261467,-0.713436,7.784359,-0.471093,-13.101111,6.910879,5.639784,12.345593,-13.370048,1.076777,-16.458524,-9.212994,-8.547006,18.692122,-11.005572,5.898934,-0.790950,6.072044,4.657640,0.807986,18.367581,-10.944439,15.140067,-50.828717,-7.871940,12.721653,-66.832049,-35.995541,44.979552,49.484550,-3.609898,-2.952187,-15.150533
341.000000,39.177555,3.575580,76.240593,-0.591459,8.165235,-0.230370,-13.804903,6.795217,5.346419,12.638772,-13.232100,0.866179,-16.864634,-9.378358,-8.738504,18.688859,-10.930111,6.133243,-0.858278,5.911426,4.300133,1.373404,18.522276,-10.590982,14.950668,-50.803886,-8.293966,11.131409,-70.054880,-39.188053,53.563467,46.649376,-26.549125,-3.630148,-11.995973
342.000000,39.118004,3.464716,76.210642,-0.457550,8.392214,-0.009619,-14.484982,6.686036,5.139112,13.229196,-13.241218,0.709594,-17.366915,-9.601660,-8.862526,19.201187,-11.135605,6.208217,-0.952658,5.812891,4.057140,1.746895,18.175991,-10.393717,14.843686,-51.012562,-8.733256,10.982240,-71.704842,-40.688161,57.549378,44.773434,-35.721988,-4.505323,-12.291845
343.000000,39.091250,3.391333,76.181668,-0.446264,8.629635,0.176359,-15.017706,6.684369,4.950426,13.593733,-13.268201,0.618645,-17.909424,-9.691553,-8.967446,19.820461,-11.402093,6.234122,-1.087009,6.276858,4.128694,1.613422,17.214927,-10.174456,14.864575,-51.114769,-8.884792,11.079157,-71.813886,-41.088137,57.093821,44.309548,-35.822170,-4.330044,-13.384621
344.000000,39.069360,3.342995,76.160872,-0.493087,8.646884,0.214631,-15.087555,6.786947,4.888620,13.625660,-13.278495,0.554362,-18.257282,-9.659071,-8.950547,20.476772,-11.655304,6.174091,-1.104677,6.716139,4.435475,1.313481,16.387767,-10.170065,14.986053,-51.186923,-8.881962,10.893656,-70.645377,-40.513667,53.154885,45.427796,-29.507466,-3.466870,-13.454407
345.000000,39.174265,3.208115,76.197129,-0.806569,8.682705,0.280393,-14.606226,7.236740,4.786039,12.728013,-12.876984,0.227680,-17.977278,-9.173741,-9.167790,20.109335,-11.619450,5.829542,-1.045029,6.816884,4.707762,0.437058,16.452058,-10.435758,15.368387,-51.467439,-8.075386,11.960895,-67.511892,-37.353116,42.442085,48.457638,-4.110979,-1.175008,-11.460255
346.000000,39.289394,3.055333,76.253742,-1.068982,8.516256,0.168036,-13.960939,7.733712,4.784615,12.071051,-12.641399,-0.076822,-17.411853,-8.620199,-9.165837,19.513159,-11.570835,5.255472,-1.017490,6.789938,4.987848,-0.390344,16.671433,-11.133245,15.480765,-52.297263,-6.783472,16.446486,-63.707579,-30.843287,26.089301,51.364549,42.644990,-0.311479,-14.094651
347.000000,39.418015,2.930567,76.290458,-1.176701,8.421874,0.031613,-13.491323,8.024066,4.828333,11.638528,-12.404344,-0.117080,-17.026688,-8.267645,-9.027450,19.102400,-11.601283,5.027447,-1.154492,6.774670,5.139645,-1.081745,16.211297,-11.959010,15.886919,-52.180688,-6.875584,20.463149,-59.484234,-23.208127,11.773186,47.565758,75.478986,-4.267069,-15.443517
348.000000,39.514652,2.911287,76.282018,-1.039745,8.444573,-0.110475,-13.398776,7.940297,4.985251,11.673969,-12.440726,0.032022,-16.968002,-8.357431,-8.900081,19.036553,-11.474352,5.494557,-0.854494,6.176500,4.354104,-0.145539,16.982577,-12.414294,15.808524,-52.550222,-7.194506,20.600303,-60.245342,-27.132783,18.760554,49.301709,53.244023,-2.165482,-14.270806
349.000000,39.638445,2.886167,76.278800,-0.961845,8.320333,-0.352251,-13.241467,7.979603,5.198044,12.003102,-12.682652,0.235561,-16.831941,-8.322946,-8.656298,19.126258,-11.537923,5.618290,-0.713857,5.786327,3.666659,0.385133,16.871049,-12.525633,15.983775,-53.028732,-7.144995,20.045970,-60.144952,-28.219690,22.823287,49.611909,47.027755,0.866053,-8.996315
350.000000,39.763823,2.854769,76.281720,-0.997242,8.203602,-0.538416,-13.085326,8.125742,5.307810,12.293354,-12.957310,0.220106,-16.572167,-8.159757,-8.534407,18.997384,-11.648679,5.579464,-0.491867,5.698270,3.182407,0.248234,16.583587,-12.605632,16.075535,-53.151760,-7.315297,20.364854,-59.455588,-27.334303,22.377380,50.296902,49.993833,-0.695062,-10.020539
351.000000,39.888734,2.820531,76.283097,-1.009557,8.050190,-0.721339,-12.916044,8.250052,5.416786,12.658039,-13.252546,0.230738,-16.238905,-8.031923,-8.450085,18.817000,-11.694810,5.517934,-0.226241,5.384476,2.667833,0.087648,16.798316,-12.554877,15.943967,-52.924769,-7.093357,19.683823,-58.860992,-27.115467,22.114868,50.297797,47.766238,-1.267887,-11.704255
352.000000,40.013963,2.809981,76.285452,-1.046141,7.925412,-0.809791,-12.703879,8.342653,5.522451,12.811505,-13.496464,0.212238,-15.874246,-7.916594,-8.414496,18.550220,-11.721460,5.467385,-0.031561,5.089346,2.112437,0.050603,16.977379,-12.327878,15.661361,-52.947060,-7.112907,18.719493,-58.390420,-27.592767,22.499705,49.858749,42.963123,-0.365739,-11.280407
353.000000,40.137562,2.815377,76.286596,-1.148429,7.857882,-0.739972,-12.534195,8.428953,5.498178,12.813842,-13.652348,0.249306,-15.508667,-7.807898,-8.536928,18.239064,-11.746333,5.383354,0.053223,4.837409,1.542456,-0.113167,17.035233,-12.290217,15.470636,-52.521143,-7.180365,19.259098,-57.505227,-28.096260,23.609143,49.053360,39.409119,-0.443117,-13.225253
354.000000,40.241027,2.831804,76.275074,-1.222832,7.913719,-0.552420,-12.533288,8.435932,5.408899,12.752980,-13.772472,0.152161,-15.329091,-7.814548,-8.770573,18.052929,-11.819391,5.364251,0.025046,4.527349,0.911739,-0.094801,16.971516,-12.223402,15.165976,-52.110092,-7.709799,19.991105,-56.834578,-29.497668,26.617736,47.711047,30.875132,-2.629731,-18.823691
355.000000,40.339512,2.854126,76.279247,-1.347267,7.949076,-0.297696,-12.304301,8.432259,5.226472,12.242085,-13.668381,0.055200,-15.018143,-7.762941,-9.039148,17.701429,-11.790405,5.459235,-0.137355,4.496442,0.387578,0.126023,16.588349,-12.028708,14.885257,-51.773510,-8.168464,19.921346,-57.554227,-32.931446,33.464754,45.494364,11.643997,-2.898130,-19.760755
356.000000,40.389991,2.886799,76.263863,-1.368063,7.927379,-0.033297,-12.188152,8.303085,5.001120,11.990398,-13.571386,0.100929,-14.885591,-7.863784,-9.223813,17.736084,-11.885654,5.624493,-0.397306,4.432964,-0.091284,0.740334,16.334845,-11.903034,14.770610,-51.569824,-8.986190,18.372487,-60.208493,-37.862839,43.183591,42.759207,-15.541684,-3.864912,-15.709688
357.000000,40.416783,2.896505,76.233989,-1.283263,7.933936,0.092262,-12.309287,8.152923,4.891177,12.198689,-13.735075,0.134460,-15.024231,-8.066460,-9.299659,18.137866,-12.123250,5.640101,-0.398113,3.844527,-0.634116,1.388679,16.734334,-12.105256,14.632840,-51.424778,-9.391100,17.659049,-63.547684,-41.310142,52.238410,40.825793,-33.097294,-5.750973,-14.097567
358.000000,40.410224,2.898607,76.212889,-1.172774,7.925728,0.137006,-12.520720,8.026013,4.864655,12.588814,-13.929651,0.157342,-15.272643,-8.258500,-9.237097,18.649012,-12.345430,5.640754,-0.375150,3.442358,-1.008571,1.894622,16.780491,-12.288645,14.579956,-51.339110,-9.483012,17.673099,-65.587861,-42.377277,57.550580,40.181009,-38.815432,-6.505573,-14.469013
359.000000,40.406692,2.908903,76.200598,-1.093816,8.016013,0.070351,-12.727022,7.946072,4.921089,12.821628,-14.040483,0.211047,-15.574080,-8.349858,-9.095175,18.999097,-12.487479,5.638004,-0.317555,3.469913,-1.213163,2.255748,16.544127,-12.195177,14.479513,-51.295482,-9.286516,17.864426,-67.716210,-42.760659,61.358642,40.045409,-40.954723,-7.008407,-14.406476
360.000000,40.374243,2.931869,76.185912,-1.010787,8.183846,-0.069604,-13.030462,7.891565,5.064452,13.078303,-14.137558,0.252758,-15.944807,-8.420065,-8.924398,19.212619,-12.510064,5.660407,-0.114906,3.684050,-1.412200,2.665780,16.407704,-12.005079,14.342072,-51.318749,-9.189952,18.025407,-70.117479,-43.191842,64.458380,39.940624,-43.259078,-7.675932,-13.613259
361.000000,40.310946,2.970351,76.174730,-0.939078,8.450780,-0.217124,-13.409154,7.841259,5.229103,13.207083,-14.175117,0.218346,-16.390842,-8.457431,-8.715040,19.262383,-12.419761,5.686630,0.123209,4.171623,-1.374984,2.942487,15.992297,-11.607980,14.121940,-51.389739,-9.106480,18.182807,-72.112536,-43.387711,65.957887,40.109842,-44.115458,-8.038269,-13.147129
362.000000,40.219069,3.018500,76.180315,-0.915368,8.734654,-0.276414,-13.775793,7.793167,5.285128,13.149673,-14.044719,0.288376,-16.775375,-8.490568,-8.643095,19.150594,-12.192157,5.732154,0.278784,4.841974,-1.032329,2.914867,15.569452,-11.279132,14.088145,-51.218219,-9.093366,18.217634,-73.233227,-43.363573,65.574215,41.064289,-41.613867,-7.297811,-12.102043
363.000000,40.128022,3.081126,76.191097,-0.948483,9.035652,-0.205823,-14.119297,7.739020,5.251507,12.926909,-13.805820,0.252309,-17.090329,-8.518410,-8.688060,18.935485,-11.943727,5.748597,0.343980,5.887369,-0.492654,2.633237,14.903929,-10.948377,14.167020,-51.239485,-9.055177,18.834791,-72.622943,-42.580591,61.509774,43.024379,-33.004246,-5.678894,-11.549467
364.000000,40.046135,3.121646,76.229697,-1.107420,9.360173,-0.142115,-14.231372,7.810501,5.116523,12.203803,-13.316159,0.206762,-17.188313,-8.343046,-8.838835,18.270206,-11.511408,5.623031,0.576814,6.762071,0.178250,1.730631,14.930918,-10.923192,14.593799,-51.401405,-8.633287,19.955267,-70.257860,-40.275573,52.384757,46.062369,-13.965125,-2.385762,-12.752498
365.000000,40.005010,3.112146,76.271552,-1.144620,9.407153,-0.175355,-13.950032,7.836381,5.096992,11.460510,-12.852936,0.235697,-17.071329,-8.224494,-8.833506,17.812652,-11.273494,5.248220,0.879860,7.261280,0.835190,0.916745,15.556987,-11.122143,15.134772,-52.141685,-7.286992,20.898096,-66.825615,-35.846574,38.341875,49.705086,18.908805,1.665766,-10.877122
366.000000,40.050000,3.101118,76.289278,-1.144509,9.324419,-0.233792,-13.658881,7.858381,5.099533,11.164772,-12.758734,0.105079,-16.933851,-8.166213,-8.750942,17.757578,-11.399734,4.799214,1.008351,8.084770,1.334325,0.560210,15.671372,-11.119529,15.444764,-53.009645,-6.283176,22.676541,-64.753144,-30.059178,23.979558,52.465203,55.782763,1.255525,-11.557233
367.000000,40.051672,3.160485,76.269680,-0.920468,9.334634,-0.260629,-13.907721,7.587808,5.151806,11.638432,-12.953682,0.104986,-17.218226,-8.515651,-8.630102,18.257961,-11.624146,4.801570,1.105926,8.744396,1.491242,0.945961,15.505134,-11.008856,15.438937,-53.564792,-6.475360,24.096641,-64.007000,-27.754513,19.211258,52.455774,62.901118,-4.020180,-18.974467
368.000000,40.067363,3.245903,76.262504,-0.777018,9.286725,-0.416826,-13.769941,7.394463,5.331088,11.637689,-12.956637,0.321573,-17.311155,-8.689773,-8.430160,18.482103,-11.525954,5.094254,1.258168,8.755130,1.641556,1.538863,16.147908,-10.782667,15.169256,-53.586389,-6.709720,22.288939,-64.894447,-30.749932,25.788218,51.101802,41.695979,-2.265070,-16.500489
369.000000,40.125230,3.268465,76.249874,-0.639777,9.359217,-0.398998,-13.986474,7.229625,5.363923,11.974601,-13.076973,0.344678,-17.497444,-8.911414,-8.404673,18.788402,-11.620355,5.182148,1.221916,8.612997,1.369648,2.306326,16.533641,-10.783730,14.904084,-53.335581,-6.904632,21.786260,-65.109229,-33.183320,33.866588,49.298400,28.892452,-0.623513,-14.776836
370.000000,40.120858,3.351060,76.238632,-0.656513,9.590969,-0.245728,-14.312557,7.097909,5.203482,11.996672,-13.010581,0.296713,-17.707250,-9.046552,-8.555954,18.764364,-11.517920,5.530767,1.023135,9.132824,1.185650,2.852751,16.214635,-10.703700,14.706553,-53.107402,-7.923865,20.723040,-67.358991,-36.646939,43.498135,47.316873,5.383528,-2.616972,-15.994483
371.000000,40.085381,3.406866,76.223272,-0.632737,9.728288,-0.089394,-14.567229,6.949535,5.049993,12.040939,-12.858830,0.312742,-17.903714,-9.216628,-8.678424,18.866716,-11.429314,5.813735,0.824314,9.491951,1.027320,3.392354,16.071012,-10.646990,14.731900,-53.150626,-8.798471,18.102242,-71.179300,-40.209167,53.362489,45.448082,-22.942698,-4.689860,-13.207118
372.000000,40.036187,3.411367,76.194054,-0.484827,9.823630,0.025187,-15.016502,6.752266,4.961550,12.550611,-12.971510,0.300665,-18.285665,-9.508674,-8.722575,19.387337,-11.608223,5.914998,0.710345,9.337397,0.781563,3.751831,16.215743,-10.740183,14.672665,-53.058702,-9.432492,17.348817,-72.652893,-41.589606,56.827218,44.984036,-33.951508,-6.021332,-14.455226
373.000000,40.011051,3.399945,76.180536,-0.513716,9.977262,0.167319,-15.328229,6.732562,4.833791,12.687697,-13.005350,0.324730,-18.563571,-9.543532,-8.796701,19.646377,-11.763140,5.820841,0.548176,9.966813,0.938396,3.110581,15.359519,-10.634423,14.918260,-53.030388,-9.474018,17.774568,-71.266522,-40.593126,52.953596,46.635832,-27.854445,-5.244665,-16.257836
374.000000,40.023687,3.340160,76.206654,-0.726780,10.057950,0.198023,-15.189094,6.987618,4.743225,12.232528,-12.833579,0.356272,-18.417506,-9.210484,-8.909475,19.230401,-11.625715,5.489947,0.570850,10.096420,1.161539,1.938413,15.354759,-10.538505,15.321258,-53.087758,-8.608472,19.286115,-68.333194,-37.676160,44.066752,49.073232,-7.043071,-2.608163,-17.385171
375.000000,40.090665,3.240062,76.261353,-0.905038,9.875343,0.001517,-14.511633,7.346230,4.888146,11.523747,-12.635964,0.312301,-17.850829,-8.765312,-8.877560,18.524632,-11.426039,5.033730,0.614423,9.879731,1.505100,0.899162,15.714336,-10.516737,15.533706,-53.246840,-7.126845,21.436101,-65.041569,-32.456567,31.119288,51.179857,29.111571,-0.131868,-16.806295
376.000000,40.171036,3.142509,76.294345,-1.017473,9.649139,-0.247669,-13.852693,7.667395,5.115725,11.002735,-12.600178,0.099531,-17.363623,-8.396347,-8.753213,18.065837,-11.435655,4.761471,0.741959,9.744522,1.751554,0.264943,15.795284,-10.562669,15.475960,-53.506667,-6.183449,22.965558,-62.666603,-28.162026,21.045152,51.297139,60.691162,-0.298888,-15.023390
377.000000,40.208754,3.121758,76.280552,-0.821261,9.504860,-0.426438,-13.687060,7.565893,5.373001,11.173165,-12.686376,0.147542,-17.375791,-8.545723,-8.524686,18.365125,-11.563117,4.972116,0.868768,9.111915,1.479355,0.622359,16.094685,-10.737583,15.171028,-53.535545,-6.404395,21.788534,-61.843381,-28.904203,22.845347,49.351412,53.557747,0.258051,-13.186950
378.000000,40.248272,3.118660,76.272023,-0.692121,9.460036,-0.510007,-13.640091,7.468102,5.485231,11.319112,-12.701678,0.254301,-17.432943,-8.669228,-8.396097,18.598364,-11.603195,5.107732,0.940792,8.382107,0.918877,0.841267,16.468814,-10.919818,15.115180,-53.503573,-6.469043,20.446950,-61.343821,-30.735073,27.409409,47.552071,41.391257,1.947322,-10.919951
379.000000,40.343750,3.095058,76.271296,-0.726111,9.387197,-0.469394,-13.542955,7.528360,5.441380,11.455931,-12.804668,0.199805,-17.273454,-8.635173,-8.432008,18.662274,-11.774989,5.145890,0.912508,8.090047,0.424522,0.651850,16.149067,-11.042626,15.231172,-53.508692,-6.687725,20.165941,-59.808715,-30.439192,27.402751,45.953663,42.321447,1.023470,-11.147408
380.000000,40.439132,3.058622,76.270086,-0.808246,9.284234,-0.283880,-13.491979,7.601808,5.267275,11.667635,-12.914441,0.092987,-17.012019,-8.580581,-8.548046,18.673519,-11.895633,5.246298,0.820919,7.687801,-0.130853,0.456343,16.043237,-11.054529,15.228134,-53.287917,-6.898056,20.006584,-57.922750,-30.478783,26.595046,43.370571,42.478032,-0.100257,-12.079006
381.000000,40.553904,3.015783,76.269233,-0.929904,9.165348,0.082676,-13.433438,7.654366,4.937383,11.834974,-13.022482,-0.043333,-16.670328,-8.544509,-8.730133,18.677690,-12.018857,5.373099,0.581884,7.263733,-0.743416,0.230733,16.108224,-10.882860,15.090869,-53.144879,-6.713971,20.295429,-55.808560,-31.694875,26.193012,39.253920,38.797602,-0.990579,-14.421027
382.000000,40.709308,2.950715,76.271737,-1.077977,9.001100,0.582493,-13.273867,7.691598,4.436719,11.876203,-13.083616,-0.234823,-16.195528,-8.523742,-9.095725,18.703561,-12.252503,5.508328,0.179040,6.806936,-1.364052,-0.003711,16.085656,-10.632245,14.889456,-53.005143,-6.715273,20.075888,-52.623729,-32.966048,25.048506,33.487806,35.891596,-1.232097,-15.244916
383.000000,40.887630,2.872167,76.273310,-1.248972,8.805817,1.188490,-13.060163,7.724176,3.834245,11.839446,-13.112607,-0.462715,-15.616259,-8.497443,-9.564094,18.688065,-12.579285,5.652485,-0.319506,6.269090,-2.038625,-0.124851,16.156500,-10.542337,14.593585,-52.803134,-6.909592,19.877879,-48.447314,-34.097582,23.558045,26.977222,35.014015,-2.078327,-15.676111
384.000000,41.060188,2.774455,76.272100,-1.384810,8.605357,1.813121,-12.903771,7.724020,3.235866,11.891452,-13.167962,-0.600966,-15.007090,-8.486119,-10.127890,18.604450,-12.970208,5.730199,-0.783001,5.619526,-2.804715,-0.175065,16.371753,-10.672202,14.331200,-52.349930,-7.026846,19.792404,-43.592419,-35.331237,21.957197,20.250177,33.644071,-3.134318,-16.268664
385.000000,41.221860,2.657456,76.251638,-1.479141,8.439408,2.362387,-12.837431,7.726789,2.691586,12.075554,-13.341224,-0.669120,-14.455590,-8.491838,-10.750407,18.530845,-13.487177,5.641495,-1.220884,4.928347,-3.660348,-0.100630,16.592094,-10.813698,14.083086,-52.116413,-7.102798,19.175843,-38.342718,-36.318103,20.039381,14.130719,30.963614,-3.837757,-15.948639
386.000000,41.391686,2.527157,76.225728,-1.548268,8.242496,2.829767,-12.730934,7.756327,2.271649,12.329570,-13.578196,-0.672674,-13.837578,-8.469453,-11.298567,18.378765,-14.011501,5.501354,-1.586302,4.258150,-4.555180,0.076574,16.692274,-10.912709,13.858193,-51.870229,-6.998668,18.720133,-32.801553,-36.641236,17.802608,8.869676,28.921155,-3.968819,-15.275747
387.000000,41.565457,2.396017,76.206648,-1.608167,7.950281,3.195890,-12.487409,7.811073,1.887599,12.578186,-13.827520,-0.678863,-13.097338,-8.382841,-11.755038,18.123557,-14.397702,5.392168,-1.792227,3.678336,-5.415452,0.391741,16.559449,-10.969683,13.695292,-51.802976,-7.170481,17.889811,-27.072650,-36.302367,15.152087,4.714774,27.725341,-4.066905,-12.088215
388.000000,41.743365,2.270996,76.188099,-1.678960,7.699521,3.483923,-12.274815,7.902392,1.566826,12.845306,-14.126937,-0.631579,-12.434979,-8.242362,-12.103201,17.890511,-14.781936,5.269063,-1.751376,3.130322,-6.389686,0.824835,16.426788,-11.079003,13.612185,-51.706141,-7.207990,17.093375,-21.416318,-35.481535,12.427416,2.006719,27.636533,-3.849213,-7.969752
389.000000,41.920781,2.180534,76.160902,-1.798429,7.434759,3.743081,-11.984982,8.064596,1.379983,13.028497,-14.468183,-0.470605,-11.758525,-8.079074,-12.453369,17.656449,-15.122650,5.104421,-1.834495,2.804804,-7.170998,1.296279,16.049365,-11.121791,13.585392,-51.449366,-7.224173,17.001167,-16.676364,-34.140602,10.229500,0.588719,28.058835,-3.536191,-6.465539
390.000000,42.060649,2.108652,76.157916,-1.879634,7.223188,3.903068,-11.721726,8.197182,1.297810,13.131670,-14.653840,-0.344249,-11.264958,-7.930825,-12.654117,17.512883,-15.306534,4.901575,-1.893430,2.469659,-7.887310,1.841279,15.711626,-11.236777,13.354926,-51.420362,-7.353085,17.485141,-12.962509,-32.307731,8.333724,0.042196,28.443865,-3.444410,-7.021835
391.000000,42.162427,2.060686,76.144588,-1.930078,6.920692,3.891317,-11.351153,8.331297,1.288802,13.278845,-14.933037,-0.181636,-10.852505,-7.776024,-12.656957,17.568370,-15.522261,4.693417,-1.887275,2.209469,-8.334491,2.196410,15.374787,-11.463295,13.117560,-51.104712,-7.354943,18.287336,-10.189428,-30.254169,7.155213,-0.076663,29.047644,-3.281926,-8.752926
392.000000,42.212906,2.042130,76.114404,-1.918201,6.586625,3.655837,-10.940718,8.445493,1.462011,13.483997,-15.269479,0.057999,-10.649289,-7.663727,-12.394667,17.879152,-15.753037,4.557787,-1.781634,2.048009,-8.597145,2.290708,15.069971,-11.748251,12.894166,-50.433004,-7.514004,19.489998,-8.308468,-28.299180,6.317134,0.050070,29.001335,-4.210359,-12.394562
393.000000,42.198676,2.023751,76.101089,-1.727359,6.534525,3.279483,-10.782201,8.369634,1.853699,13.550501,-15.317068,0.311836,-10.906578,-7.735406,-11.916162,18.290137,-15.918309,4.397716,-1.366095,1.533348,-9.149475,2.306820,15.096321,-12.204820,12.443548,-49.394941,-7.611505,20.151249,-6.173957,-26.380345,5.467525,-0.270691,28.383930,-4.525122,-14.887944
394.000000,42.334157,2.039281,76.098424,-1.555253,6.455876,2.889479,-10.296514,8.293810,2.285138,13.283719,-15.359881,0.437961,-10.848162,-7.799353,-11.522494,18.387989,-15.986222,4.410753,-0.994737,1.163580,-9.700417,2.437173,15.177790,-12.450660,11.800525,-48.347142,-7.763023,20.495980,-4.011108,-24.882295,4.548802,-0.887893,27.102039,-4.818205,-16.119453
395.000000,42.470509,2.078495,76.100606,-1.415583,6.298295,2.554536,-9.718337,8.204436,2.604399,12.957874,-15.389931,0.497345,-10.600588,-7.864703,-11.232355,18.318969,-15.955050,4.464918,-0.848894,0.961478,-10.126472,2.807138,15.192332,-12.524161,10.929447,-46.837643,-7.952016,20.819728,-1.910311,-23.918730,4.105832,-1.751201,25.848940,-4.890794,-16.425616
396.000000,42.596200,2.124502,76.105464,-1.336245,6.133330,2.300367,-9.130242,8.158541,2.873675,12.565420,-15.391121,0.498434,-10.271144,-7.876901,-11.029990,18.122476,-15.948850,4.447875,-0.959400,0.953908,-10.467263,3.460988,15.054145,-12.574991,9.934259,-45.102406,-8.144359,21.127783,0.065506,-23.337479,4.378039,-2.612847,25.396235,-4.746813,-15.924084
397.000000,42.724273,2.173725,76.108629,-1.257908,5.971290,2.078147,-8.526141,8.110904,3.196958,12.122188,-15.425549,0.486718,-9.984783,-7.901938,-10.798367,18.010475,-15.968830,4.431952,-1.212195,1.025964,-10.792180,4.397952,14.929381,-12.687748,8.870637,-43.066723,-7.939864,21.472464,1.990396,-23.080237,5.124481,-3.266270,25.336003,-4.412430,-15.045462
398.000000,42.840388,2.217728,76.108313,-1.210730,5.807438,1.898334,-7.977796,8.085087,3.469505,11.738803,-15.462932,0.509600,-9.743326,-7.914285,-10.617838,17.988615,-16.030205,4.388525,-1.493722,1.158678,-10.980309,5.433410,14.962026,-13.063132,7.430191,-40.491544,-7.540110,22.042574,3.838624,-22.950163,6.000293,-3.807768,25.725120,-4.195049,-13.975847
399.000000,43.023366,2.256675,76.104665,-1.142480,5.492019,1.523291,-6.991154,8.104151,3.954101,11.065132,-15.537526,0.477054,-9.363822,-7.883320,-10.239812,18.058448,-16.171433,4.287205,-1.690688,1.316164,-10.831673,6.497275,15.472839,-13.428209,4.868553,-35.638438,-7.296001,22.103556,5.504844,-22.888321,7.092054,-4.190221,26.341349,-4.306684,-12.301987
400.000000,43.072644,2.278624,76.100725,-1.134368,5.358347,1.410910,-6.606159,8.118159,4.189168,10.767151,-15.572375,0.421595,-9.349854,-7.863254,-10.041406,18.358051,-16.338275,4.108927,-2.054830,1.317511,-10.980735,7.363892,17.679525,-13.318036,0.571119,-26.822250,-6.819625,21.715231,7.099428,-22.554041,7.626940,-4.367115,27.770439,-2.456813,-9.582848
401.000000,43.116230,2.274553,76.084793,-1.105567,5.233480,1.250119,-6.284080,8.159069,4.471286,10.597810,-15.696125,0.207190,-9.428814,-7.836327,-9.790387,18.789762,-16.586179,4.005515,-2.432391,1.253616,-11.074557,6.949784,20.253616,-12.278957,-4.660192,-17.333514,-7.409998,20.831527,8.343476,-22.999933,8.666275,-4.440899,27.920128,-2.001988,-7.115797
402.000000,43.102923,2.275188,76.067239,-1.059904,5.032466,1.248188,-6.114773,8.123165,4.516604,10.692416,-15.940570,-0.006384,-9.451125,-7.905697,-9.681639,19.282865,-16.855833,3.987435,-2.891126,1.245091,-11.182773,4.423840,23.231174,-10.282567,-9.636334,-7.584407,-7.851942,18.471791,9.437156,-23.744022,10.178975,-4.353211,28.528239,-0.461669,-1.883190
403.000000,43.039560,2.261071,76.036710,-1.085753,4.861633,1.486348,-6.236978,8.122431,4.296976,11.054793,-16.241025,-0.324240,-9.468859,-7.968205,-9.836637,19.758542,-17.163898,3.976095,-3.523874,1.379093,-11.463079,-0.499477,26.123416,-7.927256,-13.199635,0.871280,-8.267257,16.483516,10.209972,-24.515091,11.723768,-4.208249,29.056728,0.562605,2.407756
404.000000,42.935944,2.234370,76.000214,-1.191015,4.774559,2.025041,-6.683668,8.135689,3.771330,11.634370,-16.507362,-0.674125,-9.469785,-8.031143,-10.299581,20.129556,-17.511707,3.933514,-4.521452,1.690927,-11.979035,-7.242002,28.859199,-5.972191,-14.273431,8.523092,-7.629565,17.025348,10.486196,-25.409484,13.306826,-4.032008,29.258536,0.937036,4.736030
405.000000,42.839956,2.229798,75.959074,-1.365602,4.744823,2.702744,-7.241673,8.161870,3.094770,12.226622,-16.816255,-1.009912,-9.446280,-8.095641,-10.953143,20.432521,-17.814149,3.954147,-5.800415,2.224556,-12.552902,-14.966184,31.709625,-4.814209,-12.325114,16.135516,-5.628726,20.283452,10.267176,-26.496293,14.842925,-3.928054,29.258393,0.390005,5.224769
406.000000,42.758226,2.228113,75.925279,-1.545972,4.708887,3.342062,-7.717234,8.186059,2.447746,12.698224,-17.018991,-1.296721,-9.360534,-8.136333,-11.607327,20.618009,-18.055692,4.038522,-7.073414,2.811673,-13.022760,-22.890655,33.797344,-4.884341,-7.424012,21.737697,-3.354627,22.477365,9.696845,-27.563348,16.468626,-3.788536,29.233193,0.516776,6.559993
407.000000,42.672423,2.217515,75.910848,-1.663029,4.662476,3.736415,-8.065820,8.195015,2.012123,13.076109,-17.105128,-1.500479,-9.284658,-8.141675,-12.049661,20.666278,-18.195421,4.158920,-7.996188,3.287907,-13.331080,-30.621026,34.733069,-5.908672,-0.263110,23.330550,-1.112043,22.234443,8.845991,-28.456115,17.849847,-3.673873,29.056444,1.060587,8.237492
408.000000,42.589390,2.215389,75.906342,-1.699707,4.633294,3.798999,-8.311709,8.201736,1.846903,13.426847,-17.120615,-1.531982,-9.295479,-8.163553,-12.273927,20.680624,-18.129047,4.321293,-8.201870,3.455176,-13.454895,-37.576494,32.730581,-7.339769,7.082279,15.381147,-0.997114,20.551807,8.059213,-28.693679,18.718803,-3.652527,28.596747,1.708223,9.364079
409.000000,42.514977,2.234246,75.923568,-1.771644,4.657995,3.504894,-8.327257,8.327763,1.980004,13.464075,-16.969839,-1.386355,-9.299496,-8.019043,-12.263082,20.355180,-17.780453,4.341214,-7.301158,3.587302,-13.218188,-44.335540,29.000321,-8.623372,14.179771,-2.442614,-3.725744,21.007656,6.981918,-28.989324,17.822539,-3.879777,27.688637,2.382829,9.456911
410.000000,42.464146,2.264001,75.907642,-1.592021,4.486558,2.977677,-8.262423,8.290719,2.462044,13.984143,-17.209679,-1.333878,-9.415846,-8.113365,-11.758195,20.590749,-17.827246,4.667533,-6.506061,3.504356,-13.235776,-47.500715,30.557617,-11.073699,18.964012,2.163482,-2.313198,21.951151,5.667241,-29.674085,17.215167,-4.592760,25.241534,1.811235,8.637667
411.000000,42.355523,2.293830,75.883186,-1.359382,4.395298,2.226113,-8.161945,8.233078,3.114064,14.293088,-17.358453,-1.166142,-9.827024,-8.184721,-10.981201,20.984122,-17.892664,4.981088,-5.592217,3.133768,-13.024614,-49.712661,31.777571,-13.679388,21.738209,6.964723,-2.172039,21.592957,2.786491,-30.340301,17.388407,-6.120671,20.803540,-1.265937,6.058775
412.000000,42.214790,2.327985,75.876808,-1.075261,4.303728,1.363127,-7.955932,8.158533,3.979253,14.448213,-17.293038,-0.850740,-10.359190,-8.247705,-9.975243,21.459922,-17.773879,5.075791,-4.843171,2.599983,-12.819834,-50.417301,31.097592,-14.554740,22.747703,4.204359,-3.562693,21.094382,-2.198215,-30.700358,16.448388,-7.849823,16.489134,-1.810170,6.032735
413.000000,42.076725,2.373109,75.875419,-0.772361,4.354875,0.500274,-7.831092,8.047917,4.906169,14.397433,-17.167785,-0.584506,-11.027753,-8.309608,-8.919163,21.847661,-17.622481,5.345902,-3.948937,2.124117,-12.806361,-50.648185,31.044156,-15.129310,23.795438,3.583395,-4.517514,21.762963,-8.591079,-31.005179,15.613800,-9.124060,11.770382,-4.244303,1.671792
414.000000,41.936019,2.403571,75.887913,-0.503244,4.576672,-0.350278,-7.805480,7.962306,5.774332,14.078347,-16.953431,-0.403692,-11.822720,-8.315842,-7.967012,22.102388,-17.393647,5.571596,-3.029016,1.626891,-13.052924,-50.822898,31.422145,-15.848411,24.855364,4.343491,-4.799097,22.285874,-15.588671,-30.949790,15.540857,-9.201726,8.107658,-5.804423,-4.382797
415.000000,41.822273,2.427877,75.900501,-0.322457,4.799325,-1.095381,-7.753263,7.949618,6.503497,13.667880,-16.712332,-0.242520,-12.437313,-8.238969,-7.197229,22.107128,-17.120615,5.718931,-2.281894,1.238351,-13.228862,-50.864955,31.518731,-16.349079,25.606760,3.749659,-5.707830,22.684421,-23.098035,-30.659476,15.663625,-7.336385,3.999648,-7.182720,-11.136646
416.000000,41.717640,2.422465,75.926948,-0.188308,5.033390,-1.749972,-7.751734,7.994675,7.143216,13.293339,-16.452469,-0.229717,-12.952169,-8.104588,-6.547865,21.961500,-16.786749,5.804153,-1.546657,0.884189,-13.416391,-50.992796,31.846126,-17.054207,26.242239,3.062946,-6.336413,23.329239,-30.315036,-30.307110,16.337693,-3.905630,0.076204,-8.074746,-17.761535
417.000000,41.576800,2.438992,75.945193,-0.038138,5.242174,-2.339791,-7.804417,7.988775,7.742133,12.995430,-16.213689,-0.140741,-13.460013,-8.046348,-5.997526,21.858229,-16.414942,5.783491,-1.001580,0.654006,-13.456840,-51.347829,32.202057,-17.792002,26.740057,2.987988,-6.437347,23.769227,-36.944804,-29.407673,17.898048,1.334844,-0.190853,-7.836995,-21.585780
418.000000,41.562945,2.406574,75.974250,-0.104094,5.387431,-2.512842,-7.832055,8.163665,7.962606,12.791244,-16.068515,-0.259090,-13.510778,-7.896953,-6.036572,21.533239,-16.142244,5.625374,-0.936079,0.858691,-13.536670,-51.775604,32.362929,-18.292411,27.156697,2.871530,-5.980829,23.664128,-42.073354,-27.722129,19.864017,7.532805,6.646494,-7.005515,-21.280668
419.000000,41.535461,2.403595,75.984031,-0.341166,5.386784,-2.358255,-7.889829,8.395637,7.767469,12.777204,-16.120003,-0.323431,-13.290089,-7.690851,-6.321256,21.166092,-15.938339,5.450676,-1.245396,1.451436,-13.309918,-52.383060,32.504918,-18.666794,27.460157,2.568579,-5.495181,23.491850,-45.938398,-26.261785,21.479278,13.432195,13.710158,-6.665878,-20.629176
420.000000,41.545311,2.407193,76.003057,-0.598560,5.311729,-1.952626,-7.911675,8.561067,7.373092,12.779830,-16.098674,-0.423416,-12.869952,-7.539812,-6.767945,20.775472,-15.737886,5.404039,-1.491249,1.920820,-13.068441,-53.123804,32.739180,-19.337155,27.607903,2.157354,-5.489328,23.176642,-48.380211,-26.366690,22.312930,17.875819,14.068705,-6.496041,-19.562012
421.000000,41.610476,2.405121,76.016521,-0.841861,5.191102,-1.398079,-7.888228,8.675746,6.865854,12.809341,-16.108188,-0.494782,-12.328808,-7.471592,-7.378295,20.436662,-15.659798,5.321938,-1.659796,2.307592,-12.738183,-54.036345,32.887549,-19.998729,27.787936,1.861126,-5.500787,22.249794,-48.969297,-26.276824,22.513582,20.666747,16.010220,-5.976000,-16.527700
422.000000,41.624141,2.426674,76.010627,-1.088808,4.969631,-0.906259,-7.848788,8.795478,6.387760,12.951615,-16.233946,-0.513778,-11.859960,-7.399838,-7.901410,20.331506,-15.661743,5.219812,-1.839937,2.772270,-12.111223,-55.000682,32.909303,-20.606373,28.065184,1.409192,-5.565689,22.314163,-48.822127,-25.746489,22.476119,22.355925,18.754414,-6.599873,-16.430754
423.000000,41.638094,2.456762,76.009756,-1.225773,4.796760,-0.616605,-7.853143,8.847280,6.095999,13.209364,-16.386508,-0.485760,-11.542735,-7.399533,-8.261755,20.301493,-15.661588,5.226456,-1.839688,2.915029,-11.701727,-55.759564,33.097502,-21.226493,28.405061,0.772074,-5.822743,21.955064,-48.687777,-26.205073,22.854721,23.690767,18.509580,-6.621167,-15.851971
424.000000,41.642132,2.494656,76.015544,-1.263987,4.736143,-0.521808,-7.965216,8.841148,5.982372,13.528055,-16.486094,-0.535698,-11.439567,-7.438856,-8.401053,20.304829,-15.625668,5.250881,-1.742960,2.852176,-11.541567,-56.330851,33.343693,-21.676539,28.800445,-0.531098,-6.220567,20.997415,-48.313080,-26.032831,22.761044,24.814434,19.316822,-6.468455,-14.867117
425.000000,41.639888,2.545972,76.014847,-1.265748,4.742095,-0.512970,-8.114964,8.813603,5.971133,13.816281,-16.581932,-0.619242,-11.458146,-7.502735,-8.449045,20.332126,-15.595938,5.244331,-1.560328,2.781593,-11.395313,-56.980484,33.558919,-22.157682,29.226748,-1.678617,-6.593140,19.976683,-48.043240,-25.594430,22.402232,25.901295,20.788169,-6.514809,-14.681263
426.000000,41.608605,2.617026,76.014024,-1.183098,4.848765,-0.535742,-8.315906,8.656443,5.949851,13.947552,-16.554925,-0.558961,-11.657036,-7.658510,-8.390704,20.405069,-15.501599,5.281792,-1.408271,2.589453,-11.370751,-57.729237,33.939507,-22.941922,29.714106,-1.866488,-6.634195,19.275885,-48.271467,-25.647205,22.531107,27.081739,21.397591,-6.255641,-14.310927
427.000000,41.652274,2.659454,76.019377,-1.274682,4.988477,-0.314113,-8.556272,8.649104,5.665960,14.032887,-16.586933,-0.593423,-11.622777,-7.692847,-8.709919,20.252428,-15.459759,5.198046,-1.208237,2.511313,-11.422675,-58.625535,33.883223,-23.935233,30.184498,-3.324918,-6.890219,18.961360,-48.754679,-26.204880,22.801439,27.900597,22.137919,-6.102627,-14.496105
428.000000,41.599995,2.740892,76.025158,-1.279128,5.082324,-0.149478,-8.752169,8.517836,5.497433,14.015953,-16.543908,-0.478892,-11.718474,-7.821297,-8.846883,20.219781,-15.319804,5.128202,-1.005017,2.248345,-11.353937,-59.255060,33.152765,-24.583444,30.886293,-6.552003,-7.711449,19.526447,-50.360948,-27.605866,23.815942,28.678680,21.845093,-6.010749,-15.041753
429.000000,41.619000,2.815330,76.050431,-1.340979,5.070586,0.056551,-8.650210,8.458017,5.395279,13.745576,-16.448485,-0.571424,-11.582446,-7.876695,-9.018429,20.104126,-15.195344,5.119594,-1.301577,2.068126,-11.190173,-59.247240,32.482153,-24.324435,32.167230,-8.028338,-8.328420,21.440719,-53.415341,-29.183144,25.564522,29.465187,20.698938,-5.545332,-14.509320
430.000000,41.579297,2.905693,76.081228,-1.278692,5.217501,0.168344,-8.714752,8.254450,5.377179,13.387592,-16.125887,-0.676004,-11.754131,-8.057474,-9.054397,20.068704,-15.039040,5.118005,-1.388792,1.475071,-11.354085,-58.376514,30.769507,-22.995032,33.270067,-11.443673,-9.343470,23.828945,-56.689921,-30.606139,26.958058,29.440205,20.400961,-5.758394,-14.844909
431.000000,41.553023,3.001589,76.089031,-1.159019,5.411483,0.215345,-8.713940,8.005497,5.442830,12.854016,-15.795159,-0.726114,-12.023051,-8.299210,-9.031847,20.118537,-14.973450,5.028775,-1.600048,0.765575,-11.444194,-56.759377,28.410510,-20.583053,33.529682,-16.018476,-11.302976,25.252697,-60.315140,-32.035390,28.146098,29.054890,19.911803,-5.894340,-14.828066
432.000000,41.545928,3.062375,76.105416,-1.001566,5.630236,0.323389,-8.731611,7.716891,5.478040,12.305144,-15.412098,-0.880276,-12.279759,-8.542654,-8.970149,20.142475,-15.014742,4.872111,-1.811103,0.041671,-11.723867,-54.974383,27.129960,-18.877115,33.671958,-16.966905,-11.985385,26.224142,-63.992773,-34.039231,30.030979,28.545539,20.134858,-5.780703,-14.218087
433.000000,41.551107,3.106900,76.120198,-0.853346,5.843716,0.562972,-8.774053,7.410238,5.425740,11.770099,-14.997053,-0.956782,-12.491071,-8.833359,-9.075354,20.223676,-15.081029,4.750216,-2.214630,-0.564134,-11.997119,-52.932911,25.522137,-17.498711,33.363469,-18.655893,-12.952604,26.892910,-67.485985,-35.850915,32.149267,28.191732,20.586878,-5.647407,-13.575335
434.000000,41.560030,3.140302,76.130337,-0.751579,6.018453,0.852108,-8.798674,7.150440,5.303280,11.259809,-14.690005,-1.035371,-12.696685,-9.107235,-9.241554,20.422897,-15.199070,4.656217,-2.779946,-0.834544,-12.125380,-50.853658,23.894621,-16.142462,33.031700,-20.277587,-13.701907,27.633812,-70.451605,-37.092732,33.918829,27.691557,20.552196,-5.611958,-13.683849
435.000000,41.571856,3.142922,76.135993,-0.693752,6.165667,1.072379,-8.765247,6.978989,5.150194,10.714531,-14.406611,-1.059549,-12.874568,-9.269852,-9.361955,20.593570,-15.290577,4.588694,-3.335634,-0.891200,-12.194341,-48.980325,22.454062,-14.801367,32.937395,-21.440715,-14.082967,27.949307,-72.571368,-37.800350,35.023123,26.846393,20.583115,-5.473778,-14.021994
436.000000,41.592944,3.125047,76.121676,-0.664818,6.167249,1.228059,-8.588399,6.889990,5.006839,10.265813,-14.230491,-1.023740,-12.831899,-9.364135,-9.497365,20.661093,-15.441103,4.508939,-3.940089,-0.743632,-11.975640,-47.536457,21.235675,-13.375335,32.913732,-22.152919,-14.167820,27.501051,-74.010851,-37.960282,35.512401,26.304204,20.735182,-5.443116,-14.011961
437.000000,41.599119,3.073276,76.125300,-0.587593,6.183421,1.275955,-8.543231,6.809705,4.950578,10.110266,-14.085807,-0.995834,-12.854443,-9.435094,-9.526435,20.719104,-15.539502,4.483650,-4.196571,-0.640237,-11.970171,-46.547968,20.823549,-12.832587,32.829639,-22.380044,-13.987340,26.522422,-74.291326,-37.917908,35.218139,26.078933,20.768213,-5.359535,-14.114937
438.000000,41.606599,3.016685,76.116198,-0.513245,6.183580,1.193153,-8.541795,6.785539,4.981464,10.156227,-14.092121,-0.931665,-12.908256,-9.460976,-9.466801,20.788946,-15.593636,4.540469,-4.265190,-0.393999,-11.890559,-46.304106,21.175787,-13.124425,32.688370,-21.922431,-13.758290,25.349274,-73.551158,-37.525824,34.494351,25.964734,20.774227,-5.360954,-14.195031
439.000000,41.608724,2.949600,76.107574,-0.475494,6.167831,1.002573,-8.558409,6.871102,5.153787,10.330513,-14.156557,-0.882625,-12.960056,-9.396054,-9.337083,20.833919,-15.609378,4.638192,-4.134239,-0.044035,-11.790771,-46.907933,22.238017,-13.781836,32.586740,-21.030494,-13.460664,24.155811,-71.862927,-36.885245,33.423018,25.884354,20.918399,-5.456408,-14.353494
440.000000,41.596642,2.897745,76.104921,-0.516452,6.125794,0.844478,-8.603988,7.027493,5.263102,10.589639,-14.278971,-0.805814,-12.897684,-9.233823,-9.231155,20.698069,-15.551658,4.731182,-3.946149,0.400115,-11.634753,-48.204832,23.634099,-14.383566,32.436722,-20.257899,-13.286812,22.894386,-69.593795,-36.155572,32.212272,25.979550,20.876501,-5.374946,-14.068359
441.000000,41.588470,2.856416,76.096618,-0.607815,6.070131,0.679246,-8.623346,7.234234,5.336348,10.844933,-14.448789,-0.720400,-12.762522,-9.018885,-9.185670,20.448676,-15.460775,4.811841,-3.830879,0.988689,-11.401475,-49.968906,25.387832,-14.948397,32.458801,-19.454720,-13.111624,21.757078,-67.025391,-35.199598,30.975984,26.097361,21.306519,-5.547388,-13.533035
442.000000,41.581714,2.825944,76.101750,-0.692461,6.075834,0.568251,-8.730734,7.405189,5.380947,11.096892,-14.555205,-0.651754,-12.661822,-8.823976,-9.141394,20.141166,-15.268744,4.931356,-3.686665,1.551263,-11.302666,-51.857528,27.336213,-15.944653,32.605226,-18.759868,-12.850312,20.469358,-63.968854,-33.932711,29.313427,25.933858,21.809952,-5.713829,-13.424434
443.000000,41.591534,2.807013,76.118809,-0.761834,6.217817,0.471103,-8.964102,7.538091,5.418461,11.314176,-14.558171,-0.601723,-12.716020,-8.677684,-9.152371,19.875676,-15.060268,5.053227,-3.441068,1.993752,-11.500252,-53.611572,29.357864,-17.620761,32.786715,-18.363541,-12.602298,19.110902,-60.540242,-32.644913,27.446164,25.562032,21.986775,-5.757817,-13.246455
444.000000,41.621432,2.801047,76.112801,-0.863187,6.246517,0.312645,-8.958034,7.719893,5.497513,11.387869,-14.671233,-0.530780,-12.671374,-8.502544,-9.149631,19.702208,-14.965516,5.126250,-3.201100,2.581188,-11.391468,-55.363744,31.209726,-19.575063,32.908907,-17.908483,-12.430686,17.496221,-57.286835,-31.027224,25.855423,25.161012,22.524463,-5.857033,-13.150114
445.000000,41.647217,2.785008,76.115382,-0.955061,6.250973,0.171154,-8.954302,7.880414,5.517992,11.504538,-14.742774,-0.395378,-12.617755,-8.310698,-9.088089,19.541933,-14.847679,5.213237,-2.907656,3.020186,-11.335879,-57.091533,32.962018,-21.759542,33.040367,-17.883192,-12.319606,15.631945,-54.091263,-29.527242,24.229469,24.974225,22.903926,-5.901092,-13.295803
446.000000,41.661704,2.780089,76.114637,-1.060766,6.177527,0.000641,-8.862655,8.061093,5.578837,11.669686,-14.863644,-0.249618,-12.503861,-8.122784,-9.040580,19.405881,-14.721677,5.331200,-2.471790,3.470935,-11.202840,-58.909261,34.423446,-24.205818,33.113853,-17.880913,-12.128887,13.726424,-51.223943,-28.219977,23.079607,24.898218,23.357224,-5.727487,-12.849795
447.000000,41.684800,2.771961,76.112205,-1.186327,6.110068,-0.115331,-8.807266,8.252083,5.608203,11.827712,-15.013060,-0.103893,-12.372978,-7.936044,-9.064801,19.285000,-14.613789,5.383482,-2.014544,3.906682,-11.031000,-60.959602,35.748671,-27.068492,33.098912,-17.779568,-11.799621,12.259631,-48.795476,-26.980355,22.416426,24.992403,24.297351,-5.822960,-13.263333
448.000000,41.694602,2.774564,76.117778,-1.334410,6.022640,-0.180281,-8.737025,8.450868,5.621542,11.924095,-15.133083,0.057689,-12.199531,-7.748958,-9.114358,19.114368,-14.484318,5.435953,-1.566707,4.294898,-10.906947,-63.107396,37.000552,-30.530966,32.890960,-18.163944,-11.840757,11.033364,-46.760090,-25.938267,21.509020,25.417526,24.107858,-5.893351,-12.553905
449.000000,41.720372,2.793504,76.126915,-1.499922,5.886730,-0.216739,-8.545689,8.636806,5.608980,11.960434,-15.216070,0.182853,-11.907555,-7.548419,-9.186408,18.879633,-14.348657,5.495158,-1.236974,4.615986,-10.707169,-65.489042,38.577506,-35.020009,32.416190,-18.531102,-12.019312,9.750539,-45.631415,-25.270445,21.208736,26.119232,23.572694,-6.314128,-9.724945
450.000000,41.742733,2.771112,76.147527,-1.642260,5.883164,-0.078353,-8.625495,8.762707,5.359810,12.076308,-15.166273,0.408834,-11.645844,-7.425132,-9.502469,18.514614,-14.154704,5.349994,-1.241103,4.786375,-10.545930,-68.353384,40.570204,-40.890075,31.638959,-19.051100,-11.843621,9.108533,-44.278136,-24.127811,21.219157,26.224086,25.098468,-6.659046,-12.827081
451.000000,41.763279,2.746413,76.169622,-1.778665,6.020270,0.152735,-8.874782,8.865717,5.093937,12.102927,-15.057304,0.451595,-11.509847,-7.307466,-9.812593,18.098741,-13.939220,5.235973,-1.361844,4.715956,-10.609985,-71.316689,42.363278,-46.864431,30.952454,-19.417121,-11.938079,8.433018,-43.446096,-23.473577,21.683578,26.107158,25.506358,-6.638267,-15.114065
452.000000,41.784531,2.749805,76.190042,-1.914101,6.096655,0.351575,-9.001437,8.946575,4.843892,12.079802,-14.999842,0.482334,-11.335924,-7.196820,-10.056563,17.700422,-13.685734,5.240527,-1.430350,4.530033,-10.616075,-73.494987,43.263876,-50.657020,30.879548,-20.599396,-12.137461,8.382329,-43.300094,-23.311699,22.221486,26.115807,25.912935,-6.591849,-15.776724
453.000000,41.790774,2.781185,76.201695,-1.986561,6.081004,0.435170,-8.961695,8.972620,4.748694,11.995028,-14.989668,0.451988,-11.188785,-7.143180,-10.145804,17.485114,-13.539259,5.200100,-1.391479,4.182655,-10.536403,-74.451248,43.460910,-51.980782,31.115408,-21.781808,-12.135313,8.420113,-44.134497,-23.952765,22.996099,26.278408,26.072061,-6.400097,-15.520924
454.000000,41.768664,2.818211,76.200515,-1.979129,6.027923,0.466762,-8.873077,8.923452,4.749946,11.880810,-14.984265,0.380779,-11.144073,-7.188633,-10.148697,17.496563,-13.512887,5.081234,-1.231228,3.592866,-10.458418,-74.295506,43.195014,-51.682641,31.233458,-22.700757,-12.067623,8.555333,-45.878797,-25.615439,24.268559,26.286963,25.713586,-6.030966,-14.973361
455.000000,41.721052,2.867856,76.199317,-1.885761,6.037250,0.525782,-8.897156,8.759800,4.808401,11.820466,-14.910913,0.304877,-11.253551,-7.364808,-10.110636,17.636675,-13.567875,4.982664,-1.077774,2.945011,-10.478179,-72.967526,42.449745,-50.279393,31.313009,-23.718459,-12.060044,9.352914,-48.336330,-27.802244,25.748278,26.112213,25.955844,-5.839143,-14.480790
456.000000,41.671133,2.920509,76.198161,-1.747786,6.165678,0.664438,-9.059618,8.504504,4.767173,11.676792,-14.765814,0.186885,-11.486101,-7.617689,-10.093354,17.781670,-13.628844,4.936065,-1.006495,2.271413,-10.667557,-70.828365,41.336981,-48.195860,31.412416,-24.323765,-12.259107,10.686074,-51.299027,-30.425020,27.552809,25.947337,25.808257,-5.847882,-14.034370
457.000000,41.686285,2.938853,76.203102,-1.692954,6.260702,0.883542,-9.110830,8.355574,4.653558,11.424200,-14.625132,-0.102094,-11.549578,-7.772794,-10.210632,17.836172,-13.719578,4.801892,-1.047226,1.716024,-10.791468,-68.264865,40.018936,-45.334814,31.473368,-24.879830,-12.318034,12.075246,-54.439869,-32.980231,29.277152,25.712481,25.855507,-5.511067,-13.416810
458.000000,41.681135,2.944140,76.202750,-1.623959,6.310839,1.135693,-9.148004,8.189074,4.515385,11.218126,-14.507614,-0.357862,-11.574260,-7.946702,-10.357320,17.901134,-13.845469,4.697342,-1.310955,1.152079,-10.914197,-65.405611,38.592205,-42.074863,31.559183,-25.672939,-12.549152,13.569546,-57.847836,-35.706146,31.827677,25.541221,26.107497,-5.282768,-12.213701
459.000000,41.671947,2.933093,76.199198,-1.548885,6.357216,1.370924,-9.185817,8.029514,4.396930,11.021682,-14.395201,-0.643706,-11.647916,-8.125225,-10.498046,18.065596,-13.981728,4.563783,-1.603566,0.713452,-11.003388,-62.577592,36.975263,-38.631256,31.807382,-26.355490,-12.983110,15.182310,-61.202989,-38.175082,34.639605,25.483682,26.432135,-5.333749,-11.097886
460.000000,41.658518,2.891093,76.203376,-1.441241,6.436142,1.496817,-9.215053,7.894608,4.387781,10.785776,-14.152708,-0.748031,-11.774228,-8.253925,-10.503519,18.179515,-14.115952,4.462224,-1.902752,0.319247,-11.097031,-59.833495,35.317173,-35.113538,32.022652,-27.316310,-13.477113,16.088085,-64.078171,-39.570735,36.108475,25.603982,26.260728,-4.947726,-10.284701
461.000000,41.666433,2.823652,76.220882,-1.309001,6.615606,1.559729,-9.253376,7.772094,4.484274,10.400160,-13.863985,-0.991732,-11.995527,-8.381349,-10.512284,18.257751,-14.191556,4.376310,-2.046254,-0.248923,-11.481539,-57.280278,33.764292,-32.327938,32.032610,-27.748098,-13.800381,16.669312,-66.210665,-40.855559,37.418160,25.301860,26.288068,-4.811072,-9.469635
462.000000,41.679895,2.762527,76.211751,-1.223929,6.653204,1.559457,-9.134253,7.710190,4.477332,10.071512,-13.735050,-1.065486,-12.063470,-8.419035,-10.436293,18.335631,-14.335437,4.301934,-2.343771,-0.424350,-11.483563,-54.834330,32.221537,-29.647293,32.063039,-27.840722,-13.862911,16.799197,-68.364975,-41.736503,38.789659,24.810660,26.275278,-4.771588,-9.128496
463.000000,41.695139,2.685270,76.213557,-1.109251,6.722883,1.506446,-9.132048,7.660781,4.580405,9.962696,-13.579062,-1.152779,-12.217061,-8.461865,-10.304841,18.476912,-14.474216,4.268819,-2.460302,-0.564695,-11.703002,-52.412324,30.714872,-27.478391,32.075808,-28.187050,-13.884229,16.692871,-69.804205,-42.177173,39.320904,24.395522,26.627767,-4.753103,-8.984337
464.000000,41.713679,2.619600,76.200873,-1.020255,6.712567,1.377912,-9.074433,7.668271,4.754521,9.977672,-13.602658,-1.142942,-12.304273,-8.476407,-10.182742,18.646864,-14.656729,4.193260,-2.578286,-0.459293,-11.691975,-50.410744,29.479219,-26.176668,32.097613,-28.165639,-13.816180,16.533279,-70.630085,-41.980112,39.141690,24.064172,26.746664,-4.829636,-9.089705
465.000000,41.729638,2.559839,76.187819,-0.971357,6.659251,1.209110,-8.985083,7.722238,4.877703,10.053688,-13.658453,-1.050123,-12.331793,-8.443628,-10.072605,18.786256,-14.817438,4.124583,-2.683555,-0.188116,-11.608094,-49.060323,28.919680,-26.043009,32.123066,-27.903785,-13.663076,15.865549,-70.939082,-41.520799,38.682957,23.849006,26.609273,-5.020572,-9.604032
466.000000,41.743347,2.493347,76.184165,-0.939762,6.642220,1.063089,-8.976406,7.801141,5.002867,10.196129,-13.711402,-0.958621,-12.368421,-8.376531,-9.947516,18.840554,-14.897322,4.167264,-2.684299,0.180223,-11.634766,-48.498851,29.329287,-27.085785,32.057127,-27.156977,-13.489498,15.030982,-70.481924,-40.910408,37.857290,23.740954,26.772093,-5.135504,-9.918008
467.000000,41.749221,2.443364,76.178908,-0.941170,6.608104,0.924808,-8.997109,7.893562,5.081384,10.451824,-13.778956,-0.807592,-12.345967,-8.287711,-9.876790,18.804843,-14.863695,4.231728,-2.714218,0.699286,-11.537892,-48.856562,30.418825,-28.412738,31.872586,-26.415936,-13.188460,14.473511,-69.462696,-39.986236,36.859126,23.698473,27.308703,-5.176261,-10.514388
468.000000,41.744703,2.414470,76.177013,-0.968007,6.584205,0.757411,-9.015255,8.014722,5.241348,10.604759,-13.851543,-0.718987,-12.328154,-8.155451,-9.742114,18.707642,-14.765827,4.302134,-2.738311,1.312322,-11.425581,-49.963824,31.979772,-29.621625,31.715198,-26.104314,-13.139058,14.039925,-68.062480,-38.920337,35.796509,23.889572,27.252344,-5.210619,-10.528162
469.000000,41.735980,2.410184,76.175600,-0.996648,6.634701,0.546066,-9.121362,8.135619,5.424128,10.811946,-13.956081,-0.594021,-12.410723,-8.050204,-9.648541,18.636175,-14.683985,4.396518,-2.611586,2.008446,-11.447173,-51.727300,33.877001,-30.974918,31.721246,-25.393643,-13.112136,13.889531,-66.207319,-37.588321,34.525589,24.157648,27.379519,-5.229387,-10.844534
470.000000,41.748786,2.421874,76.179701,-1.016808,6.694783,0.282891,-9.146592,8.235923,5.615198,10.914520,-14.033921,-0.465462,-12.478597,-7.918816,-9.436933,18.488759,-14.538297,4.554334,-2.326496,2.702230,-11.469936,-53.915283,35.811822,-32.592365,31.726891,-25.070459,-13.006345,13.198138,-63.956177,-35.949147,32.808885,24.407299,28.098544,-5.397299,-11.115759
471.000000,41.775897,2.460843,76.185852,-1.053517,6.739445,0.034380,-9.089138,8.325989,5.815371,10.901767,-14.047551,-0.295367,-12.480894,-7.796290,-9.256687,18.277012,-14.314418,4.744539,-2.050661,3.465720,-11.474818,-56.305586,37.771923,-34.533655,31.670450,-24.880199,-12.922420,12.985641,-61.583970,-34.198812,30.903614,24.525666,28.546212,-5.649635,-11.864523
472.000000,41.806519,2.523594,76.190919,-1.101604,6.751052,-0.191233,-8.970979,8.395217,5.972759,10.841070,-14.101368,-0.118764,-12.468965,-7.708217,-9.130608,18.141186,-14.140489,4.870931,-1.814774,4.252387,-11.354236,-58.599772,39.622822,-36.575390,31.572788,-24.884845,-12.987945,12.117650,-59.235225,-32.246129,29.065549,24.564103,28.594090,-5.752497,-11.955147
473.000000,41.845083,2.598983,76.196086,-1.142393,6.744325,-0.431109,-8.802141,8.447527,6.137803,10.752496,-14.154137,0.126291,-12.432076,-7.614944,-8.930625,17.985683,-13.971725,4.977281,-1.609768,4.861172,-11.244481,-60.906853,41.297766,-38.727647,31.638655,-25.069695,-13.013602,11.624321,-57.150071,-30.407736,27.600280,24.839819,29.147214,-5.884741,-12.173357
474.000000,41.886204,2.675841,76.203561,-1.167385,6.750745,-0.615699,-8.694390,8.455866,6.226902,10.717301,-14.210471,0.338883,-12.418305,-7.582262,-8.804565,17.899315,-13.846972,5.028972,-1.364883,5.272371,-11.160732,-63.024648,42.548769,-40.697156,31.635985,-25.096335,-13.022216,10.721434,-55.163343,-28.702992,26.443349,24.977756,29.329826,-5.653307,-12.251225
475.000000,41.933399,2.756448,76.210046,-1.173711,6.766880,-0.721312,-8.606191,8.418771,6.297377,10.666787,-14.250928,0.458032,-12.405673,-7.604364,-8.730900,17.849960,-13.750832,5.097920,-1.186132,5.502809,-11.064220,-64.799057,43.276512,-42.239795,31.704652,-25.251590,-13.042607,10.263059,-53.461499,-27.288489,25.746552,24.952471,29.141917,-5.669163,-12.613724
476.000000,41.978911,2.834694,76.213938,-1.187223,6.798296,-0.694984,-8.601040,8.354886,6.286562,10.651275,-14.289709,0.506516,-12.372108,-7.665386,-8.763708,17.797441,-13.676707,5.180519,-1.159141,5.605379,-10.999005,-66.143538,43.566392,-43.412334,31.827384,-25.080451,-12.985100,10.581210,-52.167253,-26.212396,25.774854,24.846381,29.718361,-5.837406,-13.496466
477.000000,42.020935,2.911829,76.215547,-1.211065,6.810151,-0.566795,-8.642392,8.270511,6.158881,10.711997,-14.325308,0.560877,-12.303986,-7.745654,-8.821307,17.767011,-13.630763,5.205480,-1.260804,5.651197,-10.919750,-66.813819,43.417617,-43.928194,32.025832,-24.948437,-12.892079,10.730413,-51.255464,-25.427534,25.808585,24.839277,29.682967,-5.662478,-13.827418
478.000000,42.046213,2.987798,76.211858,-1.230087,6.842656,-0.409680,-8.756045,8.184377,6.019984,10.822346,-14.419375,0.552737,-12.269917,-7.854269,-8.967851,17.754588,-13.611966,5.296417,-1.412472,5.578519,-10.878550,-66.794080,42.949035,-43.793028,32.243493,-25.097323,-12.894320,10.673091,-50.831026,-25.208919,26.115326,24.796722,29.410159,-5.496264,-13.670706
479.000000,42.066804,3.045250,76.206744,-1.228534,6.864401,-0.286236,-8.811862,8.093250,5.921032,10.848350,-14.465933,0.504710,-12.263556,-7.966444,-9.080970,17.802751,-13.638618,5.297771,-1.444723,5.369522,-10.832274,-66.108035,42.035399,-42.990450,32.419353,-25.377575,-12.876644,11.043826,-50.991330,-25.487483,26.557406,24.751421,29.310083,-5.217510,-13.576987
480.000000,42.088437,3.091469,76.204348,-1.188967,6.915026,-0.212907,-8.839190,7.991572,5.926940,10.781892,-14.433532,0.431256,-12.335525,-8.093729,-9.100431,17.907573,-13.692319,5.286689,-1.493853,5.023587,-10.896411,-64.535240,40.799899,-41.484838,32.520522,-26.060648,-12.877336,11.541220,-51.761977,-26.189358,27.147473,24.619868,29.431972,-5.045209,-13.271978
481.000000,42.105502,3.139668,76.203316,-1.111858,6.995845,-0.130776,-8.886311,7.827755,5.918925,10.662688,-14.354305,0.320072,-12.437744,-8.264651,-9.115350,17.994058,-13.734138,5.325222,-1.533525,4.505469,-11.049101,-62.488123,39.298241,-39.462798,32.657043,-26.470683,-12.944107,11.823767,-52.974862,-27.437638,27.965593,24.356475,28.874362,-5.174282,-12.897227
482.000000,42.125499,3.167989,76.204777,-1.049843,7.095894,-0.064449,-8.938300,7.706428,5.918388,10.529264,-14.254924,0.264633,-12.499113,-8.389365,-9.142370,17.966085,-13.748608,5.314420,-1.505199,3.970661,-11.209780,-60.208432,37.532682,-37.238335,32.560878,-27.178357,-12.968266,12.520060,-54.545935,-28.870551,28.409185,24.168961,28.183276,-4.793258,-12.403700
483.000000,42.157769,3.172033,76.205164,-1.005185,7.181883,-0.012056,-8.927689,7.626044,5.889944,10.331791,-14.169087,0.181550,-12.538359,-8.451443,-9.140596,17.918424,-13.757571,5.316509,-1.515081,3.484828,-11.404248,-57.966224,35.798282,-34.864680,32.334573,-27.902902,-13.156879,12.647878,-56.150715,-30.287839,28.836984,24.008933,27.995154,-4.600938,-11.484710
484.000000,42.192602,3.164480,76.203263,-0.991983,7.286410,0.079544,-8.927882,7.574769,5.839356,10.082802,-14.080032,0.106821,-12.546422,-8.493520,-9.217094,17.828238,-13.836826,5.283817,-1.646072,3.159860,-11.666013,-56.111592,34.387229,-33.220981,32.162780,-28.000994,-13.153219,12.800075,-57.632392,-31.640944,29.792244,23.768567,27.942249,-4.765668,-11.046446
485.000000,42.238402,3.131488,76.201034,-1.001035,7.373088,0.167323,-8.911198,7.572301,5.753638,9.864710,-14.007920,0.041093,-12.513357,-8.464933,-9.263891,17.680739,-13.835979,5.267331,-1.816663,2.987782,-11.916383,-54.916924,33.457726,-32.318109,32.078325,-27.848235,-13.070472,12.809426,-58.762228,-32.602638,30.584477,23.602402,27.853511,-4.838405,-10.646667
486.000000,42.288360,3.074607,76.203513,-1.038822,7.423609,0.262102,-8.940306,7.621494,5.655552,9.814481,-13.991468,0.032416,-12.401414,-8.397765,-9.373749,17.492360,-13.871378,5.213176,-2.040641,2.963043,-12.087366,-54.429026,33.046982,-31.990540,31.957888,-27.720048,-12.967913,12.941714,-59.359398,-33.058262,31.038794,23.496701,27.885784,-4.642402,-10.401331
487.000000,42.332867,3.016446,76.198864,-1.062732,7.411042,0.293663,-9.021818,7.687612,5.534177,10.051065,-14.112073,0.020681,-12.274158,-8.328515,-9.452635,17.381981,-13.933559,5.211365,-2.222817,3.033285,-12.175001,-54.581637,33.143131,-32.023694,31.832722,-27.355265,-13.062919,13.273358,-59.395858,-33.228163,31.296159,23.158062,27.302187,-4.734672,-10.853973
488.000000,42.367172,2.973461,76.180899,-1.084604,7.403297,0.288872,-9.294709,7.775824,5.481618,10.694519,-14.421864,0.073484,-12.212190,-8.263919,-9.461376,17.354155,-14.041896,5.221587,-2.302698,3.166774,-12.203793,-55.190107,33.410608,-32.123503,31.739892,-26.824620,-13.088471,14.692669,-59.037457,-33.248862,31.326403,22.597348,25.614628,-5.115165,-13.151615
489.000000,42.382491,2.949552,76.148486,-1.105730,7.374695,0.224267,-9.676033,7.871354,5.413751,11.600976,-14.880966,0.108533,-12.258708,-8.200837,-9.369382,17.519280,-14.202690,5.201513,-2.199542,3.273642,-12.158930,-55.979670,33.463313,-32.146343,31.760523,-26.609971,-13.150117,16.363714,-58.768040,-33.139911,31.481660,22.399404,22.823912,-5.443032,-15.752694
490.000000,42.373043,2.948629,76.128024,-1.143707,7.287052,0.121527,-9.985878,7.981803,5.425320,12.491934,-15.317363,0.137031,-12.322064,-8.143261,-9.280526,17.791984,-14.331509,5.138319,-2.161630,3.390879,-11.814811,-56.930767,33.772075,-32.476361,31.757340,-26.225170,-13.048480,17.857156,-58.808789,-32.631027,32.017581,22.378432,20.964962,-5.470021,-18.280598
491.000000,42.333505,2.973258,76.119119,-1.178237,7.236756,0.079326,-10.321903,8.041509,5.400820,13.252311,-15.625958,0.186367,-12.461187,-8.123260,-9.205581,18.088373,-14.376944,5.137313,-1.920869,3.523635,-11.420560,-58.193020,33.919221,-33.705095,32.265916,-25.098394,-13.024495,20.295468,-59.250846,-32.299377,32.931282,22.742315,19.214369,-5.802700,-22.178726
492.000000,42.261997,3.000465,76.116031,-1.195988,7.188301,0.137506,-10.619548,8.047825,5.295618,13.812068,-15.747102,0.237395,-12.610425,-8.157624,-9.190148,18.394371,-14.349179,5.143027,-1.779860,3.667157,-10.889833,-59.394280,33.658493,-35.080890,33.518542,-25.096519,-13.066975,22.415532,-60.767968,-32.223962,34.613585,24.278903,16.361517,-5.865410,-25.048542
493.000000,42.111608,3.031356,76.130414,-1.258219,7.156502,0.311469,-11.003243,8.055196,5.086663,14.271955,-15.703524,0.162019,-12.933800,-8.194476,-9.210920,18.919387,-14.206781,5.164063,-1.738223,3.936996,-10.106968,-60.820464,32.936057,-36.236462,35.869292,-25.738788,-12.671110,23.294451,-62.755034,-31.588255,36.527848,27.198503,16.314520,-5.534002,-25.959558
494.000000,41.874757,3.055177,76.151240,-1.339965,7.181583,0.577898,-11.543249,8.054036,4.783647,14.679682,-15.445896,-0.099942,-13.499562,-8.276693,-9.272357,19.712802,-14.063033,5.247035,-1.850350,4.259297,-8.963799,-62.334622,32.220632,-36.862756,38.005447,-26.497791,-12.575171,24.277487,-64.937901,-30.847518,38.313704,30.469949,16.805009,-5.631955,-26.950031
495.000000,41.571340,3.075954,76.173747,-1.332652,7.549497,0.830501,-12.550193,7.952635,4.554771,15.157465,-15.039814,-0.324478,-14.562931,-8.467976,-9.218460,20.566425,-13.777449,5.631860,-2.024432,4.518279,-7.963748,-63.492933,31.991646,-36.896170,38.434540,-26.582821,-12.901029,24.659563,-66.558049,-30.490986,39.133460,31.946482,16.135031,-5.922672,-28.475487
496.000000,41.308534,3.116112,76.175386,-1.136152,8.469953,0.950642,-14.047046,7.611281,4.339156,15.494609,-14.540716,-0.436800,-16.084513,-8.855271,-9.101110,21.061073,-13.464553,6.231112,-2.010521,4.641732,-7.911546,-64.205745,31.987528,-36.855247,38.096951,-26.319012,-13.494138,25.036034,-66.771765,-30.909751,38.676499,30.081369,12.366559,-6.630285,-31.637928
497.000000,41.252291,3.091734,76.135159,-0.996170,9.341387,1.056328,-15.341633,7.380153,3.985056,15.863138,-14.312525,-0.521754,-17.051173,-9.108058,-9.239760,20.984108,-13.305916,6.785784,-2.137391,4.745594,-8.536449,-64.335075,31.909568,-36.478517,38.149998,-26.341019,-14.304875,25.478718,-65.628392,-31.847745,37.135783,25.367259,3.373073,-7.465994,-36.150801
498.000000,41.422290,3.108106,76.142216,-1.194169,9.522849,1.086236,-15.559002,7.544432,3.735473,16.129589,-14.401041,-0.301441,-16.473564,-8.847390,-9.575601,19.732874,-12.945189,7.088190,-2.391962,5.168056,-9.066728,-64.034512,31.412313,-35.649056,38.956568,-26.640181,-15.643438,26.752789,-61.829201,-32.315869,34.060347,16.600245,-10.558479,-6.846656,-42.999599
499.000000,41.663575,3.141179,76.114213,-1.223366,8.876705,0.889884,-15.218358,7.662109,3.772060,17.489546,-15.184567,0.147924,-15.398284,-8.740561,-9.581710,19.409700,-13.171996,7.390465,-2.435821,5.420496,-9.455312,-63.037250,30.740458,-34.958971,39.813979,-26.899257,-16.874433,28.160925,-58.217677,-32.081112,31.080161,8.075776,-25.490194,-4.934952,-50.554868
500.000000,41.946092,3.190661,76.041573,-1.052663,8.368002,0.453738,-14.850407,7.656988,4.185380,18.739133,-16.089998,0.745572,-14.906908,-8.819880,-9.140150,19.840583,-13.718377,7.696074,-2.904997,5.655664,-10.576699,-61.270670,30.522889,-34.011402,40.771428,-26.472495,-17.491862,27.851290,-56.203236,-30.585939,29.022225,2.006418,-37.201547,-4.259168,-52.443118
501.000000,42.258656,3.243927,75.941765,-0.895005,7.806058,0.067591,-14.218642,7.655938,4.652986,19.625242,-17.087168,1.270845,-14.418493,-8.941112,-8.745271,20.490120,-14.562252,7.771713,-3.099698,5.865676,-12.091310,-59.259794,30.107361,-33.474672,41.410508,-26.320284,-17.730985,26.928132,-54.546109,-28.596568,27.505399,-2.229694,-45.411496,-4.657911,-52.146609
502.000000,42.584765,3.333383,75.838542,-0.817451,7.083236,-0.289688,-12.967154,7.617542,4.999472,19.686769,-18.119162,1.771381,-13.706709,-8.980975,-8.332822,21.136671,-15.498664,7.498304,-2.793222,6.010303,-13.550210,-57.805680,29.448204,-33.738727,42.270289,-25.954980,-17.187768,26.947297,-53.800031,-26.468091,27.768310,-4.735375,-49.001737,-4.008987,-52.888702
503.000000,42.790261,3.481548,75.765109,-0.778502,6.110800,-0.811853,-11.363018,7.603918,5.489126,19.492086,-18.951205,2.322604,-12.908164,-8.992122,-7.793579,21.857442,-16.250376,7.254778,-2.119429,6.131646,-14.598732,-56.739659,28.253964,-33.902624,43.498053,-25.943753,-17.201563,26.638470,-54.384862,-24.106876,28.773924,-2.394137,-49.959166,-4.155021,-52.986511
504.000000,42.933023,3.574622,75.736117,-0.664268,5.229241,-1.380600,-10.015655,7.569833,6.091630,19.483294,-19.506692,2.429875,-12.184257,-9.025470,-7.203165,22.346839,-16.682418,6.983860,-0.919238,5.790390,-15.769285,-55.909248,26.789754,-34.128690,44.750621,-25.970415,-17.052406,26.868518,-57.273657,-22.381859,31.230750,5.029033,-51.037045,-2.869124,-53.354716
505.000000,42.975655,3.682730,75.767207,-0.732882,4.067774,-2.665154,-7.599363,7.874759,7.511756,18.237481,-19.618202,2.485855,-11.052919,-8.538554,-6.025073,22.017905,-16.444456,6.565196,1.134330,6.171239,-16.047075,-55.917881,24.782911,-33.794232,46.713337,-26.161149,-16.662579,27.612291,-65.494083,-17.790220,37.670344,24.740035,-49.469192,-0.749255,-55.682731
506.000000,42.960626,3.761543,75.790262,-0.713822,3.382648,-4.121457,-6.187250,8.143647,9.004300,17.887709,-20.125299,2.446537,-10.711618,-8.130328,-4.692203,21.966879,-16.158573,5.964714,3.386034,6.187539,-16.956561,-55.506407,22.850866,-33.583866,48.199651,-26.420888,-15.805317,28.613332,-72.475117,-10.257981,43.718108,49.884201,-44.895086,1.134162,-55.818089
507.000000,42.912677,3.853736,75.805110,-0.739633,2.999344,-5.181084,-5.306375,8.344914,10.223665,17.605610,-20.622561,2.237448,-10.594033,-7.821290,-3.677859,21.865187,-15.916052,5.607784,5.500219,6.266196,-17.336746,-55.923270,21.221411,-33.697414,49.082327,-25.109983,-14.730360,29.872717,-76.162401,-5.057153,46.907844,67.546241,-38.286991,0.107798,-54.416814
508.000000,42.840201,3.942813,75.802881,-0.712913,2.794146,-5.149049,-5.463015,8.259426,10.209524,18.210015,-20.830267,2.410509,-10.491107,-7.997071,-3.742338,21.995086,-15.972083,5.919941,5.809739,5.927902,-17.428679,-56.278300,20.943322,-34.494856,49.138232,-24.281336,-15.085200,30.065383,-75.205116,-6.108333,47.176397,66.215808,-35.063927,-0.267396,-58.755207
509.000000,42.786276,4.038453,75.823802,-0.810485,3.238828,-3.904889,-6.582772,7.937563,8.851215,18.541674,-20.434768,2.796445,-10.347172,-8.388398,-5.049973,21.375142,-15.850340,6.276454,3.703507,5.834172,-18.027934,-56.036627,22.304686,-34.693932,48.422831,-24.593238,-15.925576,28.634487,-72.248314,-9.634563,43.963814,55.776844,-38.343227,-0.116807,-58.407598
510.000000,42.721081,4.158875,75.775218,-1.015841,3.388652,-2.007999,-7.711325,7.498781,6.873421,19.205467,-20.363623,3.163706,-9.753812,-8.958090,-6.987196,21.001693,-16.125455,6.319247,0.228422,6.305664,-16.962507,-56.446726,24.395518,-34.110033,47.876184,-24.812573,-16.111860,27.615435,-68.016643,-14.129675,38.792650,39.918965,-42.737078,-0.326522,-56.344338
511.000000,42.672881,4.236060,75.735509,-1.221953,3.221282,-0.132687,-8.513923,7.122487,5.115647,20.008838,-20.336070,3.371467,-9.030368,-9.425208,-8.717451,21.085733,-16.506257,6.283345,-3.334838,6.428650,-15.917802,-56.450742,26.412996,-33.988155,47.499769,-25.228113,-16.344723,26.887130,-61.719673,-17.011754,33.655156,25.031267,-43.417125,-1.462905,-54.571463
512.000000,42.568129,4.303061,75.705343,-1.326787,2.903723,1.044635,-8.933768,6.832035,4.027298,20.765737,-20.385879,3.451936,-8.675531,-9.733498,-9.616730,21.677128,-16.923342,6.409269,-5.759702,6.497816,-14.976899,-56.043755,28.000734,-33.968201,46.865688,-25.629863,-16.806842,26.477718,-56.301543,-18.923415,30.596205,14.630958,-44.826880,-3.318658,-53.965837
513.000000,42.360529,4.360352,75.669086,-1.268409,2.623394,1.157744,-9.255427,6.669859,3.750164,21.608258,-20.698907,3.536542,-8.855596,-9.935891,-9.615851,22.387429,-17.127596,6.504598,-5.797491,6.160904,-14.306359,-55.952418,28.310724,-34.549873,46.441140,-25.879923,-16.951792,26.995619,-54.111364,-19.998801,30.706867,11.198239,-45.861602,-3.164301,-54.821530
514.000000,42.085695,4.364742,75.662744,-1.139437,2.600044,0.323336,-9.417724,6.795137,4.457313,21.997872,-20.838388,3.672692,-9.550412,-9.877715,-8.867367,22.814415,-16.951433,6.535040,-4.168433,5.706607,-14.072697,-56.031371,27.759407,-35.315831,46.274822,-26.321401,-17.150427,26.770607,-55.491886,-19.359536,31.804328,16.292049,-47.497897,-2.196013,-52.795364
515.000000,41.755936,4.312916,75.727439,-1.034493,3.122056,-1.846994,-9.052291,7.405163,6.553209,20.713028,-20.428812,3.598006,-11.008045,-9.112833,-6.847724,22.438669,-15.954816,6.297624,-0.616025,5.652929,-14.008555,-57.055234,26.132273,-35.931224,46.402000,-27.266264,-16.542708,27.313556,-64.976730,-14.824466,37.087750,35.341851,-45.561443,0.671494,-54.742897
516.000000,41.512540,4.242023,75.767738,-0.871247,3.445757,-4.249129,-8.420949,8.174525,9.319700,19.721666,-20.585992,2.861227,-12.370716,-8.262657,-4.548532,22.395676,-15.155543,5.965465,3.456477,5.557609,-14.328154,-57.459199,23.674785,-36.267659,46.171444,-26.885074,-15.294272,29.436049,-73.876917,-7.158960,43.026787,60.225480,-36.529651,0.761586,-55.662555
517.000000,41.350266,4.196344,75.831610,-0.543199,3.597548,-6.015674,-7.842960,8.373914,11.001545,18.979241,-20.351408,2.702644,-13.169990,-7.824940,-2.794346,22.171477,-14.421429,6.041424,6.686026,4.773976,-14.270943,-58.103374,21.745943,-37.217031,45.917487,-25.948737,-13.883487,29.159126,-76.884503,-4.384487,45.738078,71.873459,-27.982634,1.695929,-49.032562
518.000000,41.211945,4.211847,75.932586,-0.424261,3.888346,-6.013824,-7.981918,8.249375,11.135385,18.224190,-19.537278,2.289659,-13.361471,-7.897097,-2.777001,21.555713,-13.804725,6.505814,7.725842,4.388663,-13.240607,-59.570144,20.494109,-37.788711,45.765877,-25.324654,-14.371659,29.179179,-77.799201,-6.414808,47.214092,70.345812,-26.179434,1.394440,-52.545543
519.000000,41.137466,4.230889,76.019984,-0.681281,5.283569,-3.927731,-9.723501,7.891799,9.145371,17.001695,-18.037157,2.136941,-13.367414,-8.292429,-4.964063,19.532162,-13.029763,6.904792,4.150322,4.437876,-14.797414,-59.059628,22.219348,-37.759301,45.601242,-25.684054,-15.863282,28.317143,-75.607004,-9.197023,44.882631,59.854908,-33.773117,0.769685,-56.791534
520.000000,41.175923,4.215193,76.010001,-1.149482,6.065565,-1.292148,-11.462191,7.512577,6.448341,17.168464,-17.427205,2.416774,-12.577785,-8.752842,-7.726192,17.954788,-12.933646,7.086287,-0.413515,5.002625,-15.151301,-58.516553,24.699359,-37.452140,45.098335,-26.895427,-16.787171,28.113412,-70.349521,-14.062180,40.058844,41.025589,-39.281074,0.933198,-57.783715
521.000000,41.211799,4.206452,75.990999,-1.640071,5.989277,0.888483,-12.304567,7.255890,4.335177,17.788439,-17.239848,2.567155,-11.434067,-9.006665,-9.887848,17.351360,-13.236130,7.228256,-3.777854,5.556520,-13.837022,-58.981006,26.554249,-36.880187,44.616319,-27.069069,-17.098276,27.925657,-62.619570,-18.550662,33.233498,21.179606,-40.599423,-1.493117,-56.772635
522.000000,41.218001,4.206098,75.984216,-1.893413,5.798266,1.932079,-12.488109,7.143350,3.330568,18.039867,-17.140824,2.724724,-11.008772,-9.098074,-10.821225,17.619880,-13.519866,7.562901,-4.800959,5.761885,-12.942549,-59.491235,27.273188,-37.124045,44.476908,-26.920771,-17.457847,27.681244,-54.935437,-22.164589,27.814506,5.909997,-43.145622,-3.094512,-56.450813
523.000000,41.212851,4.151618,75.947797,-1.687667,5.581216,1.762672,-12.584033,7.032328,3.412529,18.825381,-17.424834,3.049055,-11.278129,-9.304937,-10.567463,18.541747,-13.860483,7.677280,-4.513391,5.653216,-12.706646,-59.012370,27.541536,-37.634933,44.607474,-27.109765,-17.433821,27.108988,-52.054620,-22.250297,26.509912,2.901372,-46.132675,-1.845770,-54.687091
524.000000,41.241196,4.023033,75.915515,-1.345670,5.349631,0.558968,-12.065737,7.218866,4.458003,19.061069,-17.821376,3.068272,-11.795442,-9.200028,-9.366767,19.396923,-14.160002,7.507349,-3.229053,5.221858,-13.089020,-58.102951,27.303331,-38.356348,45.154835,-27.815628,-17.536255,26.827764,-54.383937,-20.274735,29.274631,7.975295,-45.298685,-2.537443,-52.980012
525.000000,41.143242,3.918758,75.930554,-0.969615,4.769373,-2.229135,-9.896095,7.844596,7.158267,17.579239,-17.805817,3.028710,-12.529950,-8.438857,-6.552254,20.222655,-14.000768,6.949343,-0.304313,5.351687,-12.849813,-57.816991,26.399139,-37.983590,45.785179,-28.859141,-17.155647,27.461884,-65.419647,-14.606312,36.672204,30.019385,-43.349575,-0.029417,-55.381196
526.000000,41.119364,3.825409,75.951034,-0.685860,4.640634,-4.667912,-8.573151,8.394046,9.637331,16.667197,-18.090654,2.570983,-13.360705,-7.680616,-4.198555,20.603334,-13.633602,6.268292,3.320119,5.500368,-13.364030,-57.727844,24.300582,-37.415643,45.833527,-28.325479,-15.730344,28.278540,-75.294892,-6.447254,42.827683,58.206599,-37.488265,1.149501,-54.469638
527.000000,41.189376,3.808436,76.008338,-0.624964,4.886716,-6.181819,-7.881256,8.801475,11.282054,15.783602,-18.315917,1.946380,-13.843917,-7.059492,-2.849588,20.212951,-13.092644,5.613301,6.972969,5.799174,-14.302798,-58.238113,21.394434,-37.759895,45.816970,-27.200885,-13.969197,30.670585,-80.318325,-0.701446,46.787417,79.924913,-27.364533,-0.000601,-51.132336
528.000000,41.279736,3.783675,76.078850,-0.515329,5.374660,-6.070411,-8.356659,8.710349,11.211636,15.603685,-17.840058,1.786570,-13.941842,-7.190004,-3.129952,19.488188,-12.748131,5.951657,7.572458,4.979827,-15.172661,-58.484765,20.650391,-39.288747,45.724780,-27.205661,-14.907689,30.265770,-79.710323,-1.383004,48.046044,79.923575,-22.306909,-0.940747,-56.169136
529.000000,41.430864,3.807545,76.141012,-0.717281,6.492932,-4.085811,-9.791206,8.270046,9.265518,14.866127,-16.712993,1.781874,-13.402492,-7.647385,-5.140269,17.295125,-12.119426,6.542595,3.410461,4.877787,-16.451571,-57.570278,22.817652,-38.739272,45.303736,-26.783351,-16.035823,28.846553,-76.448600,-5.472317,47.023896,64.456461,-28.753949,-0.271142,-58.920770
530.000000,41.647968,3.824700,76.118886,-1.313176,6.834400,-1.337348,-11.005857,7.967057,6.417328,15.228195,-16.330706,2.000220,-11.970461,-8.038626,-7.973588,15.787813,-12.182340,6.656390,-0.925503,5.572943,-16.206917,-57.665996,24.769874,-37.818764,45.537745,-27.681129,-16.512167,28.099262,-71.891149,-11.546442,42.165613,44.602358,-36.677293,0.414927,-58.500229
531.000000,41.825384,3.834578,76.090795,-1.750479,6.643400,0.732525,-11.508100,7.688346,4.393177,15.726292,-16.226154,2.345445,-10.700661,-8.307749,-9.988963,15.309210,-12.595026,6.768802,-4.469482,6.095098,-15.328217,-57.516251,26.384640,-36.481922,45.646089,-28.283740,-17.195409,27.563969,-64.915798,-15.315478,35.649076,26.807507,-39.005400,-1.939608,-57.225890
532.000000,41.957310,3.810391,76.078987,-1.774265,6.564163,1.473858,-11.649852,7.455245,3.675369,16.012101,-16.166969,2.684852,-10.533404,-8.563940,-10.589917,15.839335,-13.008222,6.988465,-5.773547,6.081086,-14.883932,-57.141544,27.278754,-35.888184,45.421325,-28.241586,-17.429668,26.785121,-59.336968,-16.744058,31.549258,16.721529,-40.636289,-2.794441,-55.859227
533.000000,42.012689,3.752396,76.074213,-1.473613,6.424336,0.952357,-11.385813,7.368534,4.247132,16.248173,-16.250601,2.891073,-10.945037,-8.758414,-10.034148,16.764583,-13.296087,7.138753,-5.073597,5.711205,-14.879784,-56.602997,27.610524,-36.403392,45.263134,-28.202263,-17.287094,26.604162,-56.920881,-16.461772,30.402504,13.803650,-41.422956,-2.965158,-55.368881
534.000000,42.025641,3.680838,76.068246,-1.081910,6.318953,-0.576279,-10.688378,7.535167,5.629844,16.022913,-16.461757,2.911000,-11.743706,-8.676278,-8.629195,17.697596,-13.450441,7.100923,-3.023231,5.069556,-15.273466,-56.129211,27.601831,-37.429737,45.102174,-28.403347,-17.678196,26.608057,-58.381049,-15.042868,31.947465,18.163358,-41.624812,-1.720313,-55.999085
535.000000,42.019174,3.584927,76.081079,-0.725241,6.288091,-2.991910,-9.234890,8.002896,7.965208,14.626840,-16.317149,2.726806,-12.733787,-8.039236,-6.239982,18.213377,-13.175693,6.791352,0.393455,4.624716,-15.421230,-56.544742,26.908649,-38.008428,45.181411,-28.694082,-17.488377,26.937025,-65.971486,-11.476287,36.231964,34.556044,-40.177365,1.206524,-58.817512
536.000000,42.005107,3.536040,76.103371,-0.614349,6.364313,-4.819080,-8.411933,8.510180,9.797842,13.916628,-16.531028,2.351413,-13.366471,-7.370040,-4.617799,18.157983,-12.722392,6.365013,3.330082,4.885650,-15.961531,-56.662006,25.372078,-37.556922,45.275661,-28.582612,-16.529522,28.504860,-73.949987,-5.611618,40.940434,56.136778,-33.986205,1.910072,-60.289431
537.000000,42.034894,3.502781,76.131886,-0.612159,6.744041,-5.670642,-8.282689,8.833616,10.780765,13.389389,-16.764433,1.809495,-13.728404,-6.938098,-3.930140,17.575168,-12.198663,5.798900,5.142344,5.035206,-16.473014,-56.994165,24.159026,-37.501082,44.981560,-27.954897,-14.998445,30.972572,-78.904825,-0.237262,44.182322,73.185313,-25.266374,-0.119166,-60.358621
538.000000,42.082378,3.520261,76.179093,-0.605777,7.088723,-5.306382,-8.736089,8.718446,10.473048,13.283510,-16.378034,1.911988,-13.664876,-7.095416,-4.407753,16.958632,-11.871733,6.114065,4.996052,4.688912,-17.136000,-57.080868,23.980555,-38.669249,45.109892,-27.670777,-15.581659,29.674785,-78.042814,-0.465815,44.411376,73.405450,-24.373890,-0.205655,-60.022582
539.000000,42.167377,3.572837,76.215774,-0.874228,7.611346,-3.667517,-9.896708,8.476938,8.795026,13.480960,-15.784465,1.845842,-13.130701,-7.443824,-6.079184,15.828011,-11.642623,6.526063,2.680993,4.702610,-17.588024,-57.228772,24.797490,-39.044739,45.247124,-27.189170,-16.830846,28.427019,-76.115990,-2.851059,43.888316,66.418754,-29.978154,-0.826496,-62.763155
540.000000,42.299494,3.652488,76.221788,-1.479934,7.851753,-1.043039,-10.908781,8.115790,6.050264,13.591893,-15.350193,1.900624,-11.523091,-7.744781,-8.735063,13.882827,-11.324371,6.813235,-0.433962,5.289316,-16.999970,-57.896877,25.783390,-38.211811,45.190748,-27.323332,-17.095912,28.157718,-70.007677,-9.410652,40.248744,46.842950,-36.943387,1.116817,-62.495705
541.000000,42.381555,3.701353,76.173133,-1.709991,7.732447,0.567347,-11.586335,7.765611,4.584215,14.412768,-15.496970,2.233946,-10.922281,-8.133318,-10.148075,14.071791,-11.833194,6.837391,-2.611089,5.713097,-16.368490,-57.838616,26.485307,-36.871113,45.199354,-27.887772,-17.423060,28.017890,-64.369431,-11.526819,34.944177,34.589635,-38.429875,-0.392535,-61.989725
542.000000,42.426634,3.711839,76.143938,-1.730830,7.549526,1.124249,-11.865876,7.574407,3.980967,15.128384,-15.759284,2.502348,-10.925066,-8.403239,-10.593045,14.939820,-12.359614,6.973367,-3.272750,5.758162,-16.093842,-57.327922,26.906443,-36.372923,44.982441,-28.286585,-17.821248,27.526279,-59.913545,-12.558059,31.652391,26.121859,-39.680138,-1.735408,-61.980224
543.000000,42.458770,3.702813,76.125652,-1.645841,7.312909,0.874595,-11.582473,7.584974,4.180439,15.338930,-16.001672,2.749569,-11.179419,-8.490350,-10.334918,15.930897,-12.759812,7.170975,-2.685453,5.534918,-15.862184,-57.080137,27.311474,-36.900647,44.680424,-28.184921,-18.147283,26.914475,-57.781925,-13.927939,30.212095,20.770756,-41.611278,-1.423724,-60.961624
544.000000,42.452547,3.674965,76.120859,-1.402237,7.190972,-0.005612,-11.183458,7.659343,4.992473,15.355857,-16.137104,2.802139,-11.704060,-8.482210,-9.448523,16.724058,-12.970145,7.302972,-1.236592,5.011722,-16.125552,-56.831573,27.494853,-38.050881,44.532680,-28.241068,-18.355189,26.805392,-58.624320,-14.514464,30.810328,19.942443,-41.956158,-0.797756,-60.820984
545.000000,42.421460,3.638215,76.119876,-1.127210,7.232968,-1.069834,-10.916195,7.784123,6.085191,15.298312,-16.232482,2.774168,-12.295269,-8.372927,-8.365769,17.073058,-12.882770,7.255894,0.492743,4.391075,-16.838472,-56.471198,27.196903,-38.662836,44.762656,-28.609955,-18.207920,26.989262,-61.884608,-13.879195,32.628691,26.268247,-42.171347,1.329968,-60.785808
546.000000,42.426357,3.581760,76.167029,-1.202131,7.412163,-2.386425,-9.965200,8.343523,7.372718,13.826600,-15.961006,2.408357,-12.450289,-7.616406,-7.248724,16.176123,-12.212651,6.671534,2.368714,4.678442,-17.333656,-56.656211,26.280579,-37.837920,45.383086,-29.155086,-17.194853,27.781173,-69.860718,-9.824399,37.886964,45.194788,-37.325392,2.466585,-61.299063
547.000000,42.476431,3.562558,76.190996,-1.338883,7.397074,-2.933917,-9.397433,8.702291,8.034344,13.207042,-16.171812,1.966983,-12.206650,-7.175765,-6.799645,15.500044,-11.808604,6.055001,3.342216,4.858954,-17.879398,-56.457124,25.020894,-37.123451,45.580578,-29.063292,-15.816563,29.894235,-73.607248,-5.173377,41.667128,59.980952,-25.352665,0.314021,-60.476940
548.000000,42.511374,3.572568,76.204294,-1.348143,7.370799,-2.763414,-9.470214,8.667968,7.930411,13.332898,-16.235240,1.935824,-12.039094,-7.230959,-6.931912,15.374069,-11.788603,6.052584,3.378977,4.605516,-18.025557,-56.311522,24.633902,-37.377049,45.084836,-28.219398,-15.927895,29.942747,-73.323563,-4.769342,42.060336,61.973407,-21.834419,-0.514327,-62.757506
549.000000,42.562920,3.603003,76.208776,-1.479995,7.450507,-1.949030,-9.842361,8.526624,7.202633,13.465329,-16.110085,1.869614,-11.785485,-7.404903,-7.678516,15.251281,-11.878752,6.189485,2.297415,4.704359,-18.194584,-55.978998,25.005083,-37.610495,44.440496,-27.720186,-16.277512,29.428136,-72.091021,-6.485991,42.468921,58.798776,-24.313882,-1.647464,-62.678269
550.000000,42.626461,3.631001,76.188076,-1.552577,7.317167,-1.177440,-9.961045,8.308326,6.481336,13.644161,-16.131409,2.032899,-11.441329,-7.654542,-8.340408,15.466653,-12.233673,6.238448,0.734753,5.177664,-18.229860,-55.345836,25.544668,-37.285982,44.559942,-27.902639,-16.339634,28.403579,-69.686958,-7.795741,40.789562,54.604883,-27.228797,-3.197576,-58.094638
551.000000,42.661178,3.626354,76.147187,-1.498915,6.763798,-1.033017,-9.414909,8.169975,6.171904,13.845328,-16.400234,2.327610,-11.083184,-7.821743,-8.397802,16.184644,-12.805024,6.249363,-0.462858,5.422582,-17.630540,-54.895105,26.072676,-36.629287,44.714711,-28.109558,-16.606686,27.033334,-66.624336,-8.400405,37.766291,50.333744,-25.701505,-5.580544,-52.005433
552.000000,42.641547,3.624278,76.094854,-1.346849,6.121426,-1.307610,-8.736552,8.070882,6.417772,14.146075,-16.820813,2.396001,-11.016819,-7.972849,-7.999536,17.345948,-13.476592,6.226903,-0.524709,5.289029,-16.630542,-55.214102,26.576147,-36.570175,44.153703,-27.620438,-16.419592,27.123398,-64.145442,-10.648343,35.991084,45.348529,-22.547050,-7.140848,-50.840452
553.000000,42.537066,3.633729,76.055568,-1.144675,5.542264,-1.802624,-8.339602,7.988125,6.808902,14.807597,-17.228191,2.444883,-11.167186,-8.127375,-7.469272,18.521456,-14.044809,6.294757,-0.005179,5.121041,-15.550027,-55.945236,27.126267,-36.873852,43.745627,-26.299946,-16.125522,25.833920,-62.639972,-13.319231,33.414651,42.648975,-19.765263,-7.864513,-48.288133
554.000000,42.384824,3.644071,76.028150,-1.014261,5.288685,-2.083729,-8.527262,7.949895,7.031113,15.654404,-17.579946,2.316504,-11.437041,-8.256865,-7.231453,19.251003,-14.395387,6.356474,0.594646,4.839329,-14.738006,-57.133166,27.362296,-37.189451,43.968192,-25.368975,-15.436668,24.232584,-61.429321,-15.255646,29.343210,41.296676,-12.887306,-8.909218,-44.933403
555.000000,42.306116,3.637366,76.027030,-1.027212,5.376557,-2.010578,-8.924677,7.977298,6.998748,16.044292,-17.723036,1.980374,-11.542024,-8.283822,-7.379694,19.201344,-14.413992,6.391419,1.176059,4.322167,-14.486843,-58.789918,27.121109,-37.612253,44.534585,-24.456531,-14.283065,23.139134,-60.449326,-17.063879,25.729085,42.085218,-1.988439,-10.178803,-42.659825
556.000000,42.257050,3.614901,76.081699,-1.355501,5.814089,-1.516986,-9.345238,8.200249,6.479447,15.527522,-17.437987,1.386769,-11.285033,-7.966647,-8.021302,17.927781,-13.792192,6.231826,1.852948,3.916558,-14.428022,-61.344572,26.252940,-38.108952,44.953641,-23.186742,-12.933366,22.681743,-60.604262,-19.444459,22.503108,46.288971,10.988585,-11.254419,-40.487299
557.000000,42.243317,3.556584,76.133215,-1.695612,6.036588,-0.842530,-9.517299,8.390744,5.878825,14.907272,-17.036865,0.954064,-10.688257,-7.700221,-8.900607,16.627696,-13.253748,6.065912,1.943824,3.713493,-14.412771,-63.465025,25.730564,-38.805914,45.084368,-21.480001,-12.079981,20.710302,-60.243997,-20.533686,18.965858,51.461268,22.969335,-11.141440,-32.749678
558.000000,42.243406,3.433354,76.170617,-2.015613,6.269423,-0.359544,-9.664429,8.693668,5.336060,14.300409,-16.700338,0.582463,-10.297155,-7.301618,-9.484207,15.581658,-12.805419,5.910972,1.868389,3.671061,-14.452573,-65.685376,25.738781,-40.400217,45.395029,-19.362466,-11.237194,19.036477,-59.092912,-20.490392,15.938412,54.810769,35.087833,-11.291928,-25.730827
559.000000,42.245010,3.310875,76.173866,-2.110922,6.304978,-0.233106,-9.762549,8.894896,5.231889,14.301265,-16.679209,0.458746,-10.189987,-7.112770,-9.633575,15.342690,-12.720031,5.927677,1.844538,3.662417,-14.306125,-67.352530,25.927432,-41.923674,45.639041,-18.181231,-11.188710,17.830472,-57.598302,-20.129332,15.222677,56.354142,38.901083,-11.299777,-22.275863
560.000000,42.230210,3.188918,76.175028,-2.211301,6.249163,-0.453261,-9.579552,9.210833,5.452400,14.177067,-16.647020,0.492346,-10.128153,-6.802943,-9.492731,15.201505,-12.632046,5.966864,1.943201,3.719267,-13.855670,-69.132668,26.418502,-43.150222,46.057448,-17.997116,-11.297034,16.233189,-56.127083,-19.587415,15.894214,56.453078,40.017197,-11.540936,-19.902034
561.000000,42.258480,3.069090,76.176214,-2.229676,6.253535,-0.755953,-9.436008,9.452692,5.724212,14.123986,-16.590347,0.430962,-10.184706,-6.563436,-9.231772,15.178948,-12.543783,6.005519,1.996819,3.760111,-13.585909,-70.439365,26.848676,-43.071436,46.736133,-18.094312,-11.365148,15.249804,-54.847758,-18.523475,16.285322,56.141560,39.368220,-11.185824,-18.394126
562.000000,42.261630,2.983549,76.181835,-2.169714,6.237224,-1.142148,-9.223686,9.606494,6.196608,13.987534,-16.477777,0.443016,-10.350236,-6.411805,-8.828814,15.322816,-12.551781,5.935732,1.898151,3.809278,-13.353239,-71.097795,27.091047,-42.384654,47.808742,-18.451068,-11.261678,15.966069,-54.189652,-17.069481,16.831980,55.983584,39.191905,-10.710814,-18.097068
563.000000,42.207441,2.964433,76.180702,-2.047098,6.226302,-1.433306,-9.059305,9.580293,6.486828,13.792619,-16.376074,0.475660,-10.648793,-6.422278,-8.437881,15.668649,-12.624199,5.840758,1.626040,3.655993,-13.066578,-71.082168,27.062142,-41.131956,48.799762,-19.172611,-11.335881,17.062188,-54.395463,-16.285966,18.157488,55.618275,38.359107,-10.460378,-18.338959
564.000000,42.192048,2.943178,76.184189,-1.989867,6.332596,-1.457201,-9.061142,9.544377,6.519187,13.531942,-16.230590,0.392122,-10.898238,-6.443183,-8.337040,15.877021,-12.715085,5.757525,1.237393,3.453443,-12.902350,-70.375530,26.792122,-39.740271,49.588328,-19.941770,-11.451376,17.671417,-55.420107,-16.696816,19.784985,54.673987,35.917277,-9.854306,-17.327358
565.000000,42.143670,2.946088,76.198137,-1.976493,6.498995,-1.293059,-9.201744,9.476627,6.441426,13.229802,-15.989287,0.262214,-11.054557,-6.502747,-8.454810,15.805297,-12.659732,5.745932,0.628856,3.292579,-12.704475,-68.999698,26.242285,-38.013151,50.334468,-21.021799,-11.641052,18.412440,-57.420034,-17.909074,21.579674,53.271244,33.695201,-9.224630,-16.548070
566.000000,42.085606,2.996458,76.209503,-1.965219,6.774493,-0.868082,-9.504844,9.266674,6.209684,12.802342,-15.621705,0.216162,-11.138555,-6.678123,-8.766726,15.449922,-12.531164,5.696460,-0.304732,3.058911,-12.642516,-66.914885,25.140220,-35.396888,51.151567,-23.162304,-12.463172,19.608334,-60.129775,-19.604468,23.698808,51.627805,31.165313,-8.791213,-15.862105
567.000000,42.027459,3.075497,76.226014,-1.827529,7.093834,-0.488823,-9.695070,8.886348,6.047317,12.066138,-15.101847,0.049544,-11.350441,-7.020938,-8.974436,15.220402,-12.381871,5.647220,-1.367826,2.609889,-12.686013,-64.304407,23.712404,-32.133451,51.962034,-25.420902,-13.413451,20.587331,-63.401245,-21.447419,26.589819,49.835400,28.885567,-8.508800,-14.729095
568.000000,42.044523,3.100872,76.254690,-1.728293,7.437423,-0.079735,-9.744369,8.570556,5.732182,11.143527,-14.458360,-0.142070,-11.540705,-7.274601,-9.225103,15.033361,-12.342271,5.479418,-2.606797,2.289779,-12.915229,-61.466614,22.250233,-29.031873,52.780263,-27.996693,-14.029302,21.622234,-66.730197,-22.955549,29.734761,47.813913,27.731743,-7.966348,-14.823963
569.000000,42.082912,3.121551,76.281887,-1.587595,7.763028,0.256249,-9.664445,8.243824,5.660140,10.067893,-13.757469,-0.342852,-11.772461,-7.570139,-9.428265,14.988049,-12.374703,5.329701,-3.853066,1.977543,-13.284221,-58.514374,20.847138,-25.948520,53.306375,-30.860191,-14.823930,22.125892,-69.861360,-24.147883,32.965164,45.637856,27.191360,-7.718032,-14.862784
570.000000,42.129433,3.139492,76.301110,-1.371643,7.932056,0.387509,-9.258461,7.887207,5.692401,8.829020,-13.020030,-0.559391,-11.963566,-7.882919,-9.395908,15.122006,-12.427870,5.132232,-5.028304,1.745364,-13.456118,-55.886046,19.564496,-22.986534,53.657071,-33.178689,-15.724545,21.898865,-73.037446,-24.714187,35.906178,44.063842,26.153568,-7.267361,-13.360655
571.000000,42.169422,3.151756,76.318091,-1.167184,8.090117,0.497989,-8.876137,7.548619,5.727383,7.633388,-12.297985,-0.732731,-12.158351,-8.173710,-9.385243,15.265391,-12.565363,5.061572,-6.091499,1.668581,-13.870302,-53.656197,18.606695,-20.607125,53.974515,-34.636931,-16.303617,21.576800,-75.540492,-25.050928,38.174101,43.036523,25.119226,-7.129304,-12.058340
572.000000,42.217994,3.128101,76.315397,-0.963291,8.258353,0.503882,-8.555425,7.287871,5.826816,6.606263,-11.689789,-0.722037,-12.372521,-8.407275,-9.334775,15.398697,-12.737610,4.934019,-6.923569,1.730878,-14.062873,-52.409438,18.171001,-19.363738,54.164664,-34.916446,-16.226859,20.669027,-77.490907,-24.581675,38.954082,42.923583,24.408367,-6.931454,-11.157689
573.000000,42.248365,3.078032,76.329398,-0.780759,8.440999,0.467161,-8.430365,7.089561,5.903330,6.006782,-11.218224,-0.768217,-12.609817,-8.577854,-9.276679,15.489184,-12.784375,4.957272,-7.229077,1.885298,-14.473914,-52.067700,18.254761,-19.626465,54.245690,-33.981987,-15.783631,19.680183,-78.344934,-24.240908,39.192978,43.153238,24.532308,-6.785600,-11.060222
574.000000,42.282876,3.032684,76.325428,-0.700035,8.531226,0.354152,-8.314299,7.053047,6.037726,5.685275,-11.012975,-0.728769,-12.706090,-8.618427,-9.229993,15.472880,-12.747910,5.078614,-7.146535,2.443634,-14.669252,-52.893856,18.925375,-20.793855,54.167386,-32.525508,-15.502335,19.127892,-78.303918,-23.851791,38.697683,43.809387,24.762598,-6.923514,-11.025829
575.000000,42.308390,2.978165,76.329845,-0.672417,8.705498,0.207496,-8.405037,7.114558,6.223433,5.567620,-10.928473,-0.679914,-12.829137,-8.535714,-9.127433,15.276833,-12.597306,5.318643,-6.702258,3.084239,-15.179375,-54.707599,20.133927,-22.158174,54.208961,-31.401071,-15.194659,18.540547,-76.873581,-23.573175,37.584885,44.455820,25.449589,-7.102559,-11.108683
576.000000,42.323443,2.919913,76.320159,-0.736784,8.859741,0.064719,-8.559508,7.295432,6.352729,5.592821,-10.975793,-0.623103,-12.859869,-8.332524,-9.077947,14.920895,-12.422818,5.518843,-6.256635,3.809208,-15.600876,-57.391969,22.090075,-23.696447,54.374176,-30.026389,-14.778958,17.499324,-74.621907,-23.143686,36.102259,45.051863,26.134855,-7.121326,-11.339816
577.000000,42.327568,2.867390,76.316160,-0.847346,8.968953,-0.029316,-8.731500,7.504184,6.374500,5.738225,-11.024199,-0.537531,-12.875911,-8.107960,-9.109120,14.655853,-12.254309,5.691586,-5.710249,4.541971,-15.872077,-60.735715,24.226512,-25.652958,54.714385,-28.851030,-14.385411,16.476018,-71.691230,-22.642721,33.696322,45.559455,26.216400,-7.468709,-11.916922
578.000000,42.339396,2.818364,76.317656,-0.976694,9.023313,-0.127097,-8.870643,7.735022,6.402614,5.984069,-11.188267,-0.443713,-12.869965,-7.864821,-9.124288,14.481258,-12.135338,5.821490,-5.073612,5.295700,-16.138613,-64.150168,26.496151,-28.585738,54.966661,-27.598703,-14.000145,15.506302,-68.420102,-22.009731,31.570412,46.172376,27.607780,-7.750643,-12.477905
579.000000,42.331395,2.786383,76.317531,-1.108814,8.991211,-0.240749,-8.965729,7.971104,6.428008,6.325803,-11.366664,-0.193015,-12.813734,-7.632669,-9.130848,14.361518,-12.000309,5.988229,-4.504888,6.014715,-16.186157,-67.560256,28.860616,-32.227599,55.231160,-26.140758,-13.394480,13.757199,-65.033728,-21.354245,29.075716,46.705701,28.586877,-7.530319,-11.798369
580.000000,42.333218,2.777911,76.320314,-1.276873,8.984596,-0.373954,-9.146141,8.238275,6.329899,6.831069,-11.678386,-0.042759,-12.754828,-7.370119,-9.128403,14.203426,-11.877924,6.107634,-3.912395,6.615047,-16.306595,-70.825606,30.807008,-36.408323,55.545694,-25.079135,-13.087133,12.149386,-62.080184,-20.660250,27.625527,47.385284,30.071950,-7.705545,-11.829842
581.000000,42.333046,2.787560,76.322418,-1.464921,8.871451,-0.431948,-9.220503,8.483489,6.240337,7.329548,-12.029759,0.098871,-12.547507,-7.120900,-9.180555,14.014853,-11.750797,6.273191,-3.354733,7.145543,-16.097209,-73.782340,32.201545,-40.191353,55.685214,-24.343776,-12.853689,10.765537,-59.327494,-19.821393,25.773249,47.835319,31.696169,-7.815917,-11.695172
582.000000,42.319915,2.799208,76.318729,-1.656222,8.805256,-0.469631,-9.378506,8.727545,6.279093,7.833581,-12.383221,0.156600,-12.431029,-6.886916,-9.263839,13.895380,-11.677826,6.420499,-2.810315,7.392335,-15.932072,-76.372525,32.844030,-43.275771,56.070187,-23.849822,-12.805737,9.453452,-57.171368,-19.388764,24.642979,48.238846,31.717479,-8.387159,-11.246568
583.000000,42.310643,2.818367,76.321220,-1.804707,8.705782,-0.491606,-9.477904,8.907664,6.220071,8.275043,-12.625853,0.305390,-12.257770,-6.720329,-9.349707,13.762916,-11.579415,6.551556,-2.403945,7.483376,-15.753510,-78.215365,33.094930,-45.783158,56.253909,-23.683676,-12.870055,8.187963,-54.942465,-18.424444,23.364991,48.356687,32.040172,-8.595387,-11.149025
584.000000,42.251375,2.863435,76.324594,-1.988928,8.476685,-0.531007,-9.403141,9.100393,6.144488,8.594774,-12.892063,0.467301,-12.034700,-6.523693,-9.364794,13.722952,-11.470885,6.552106,-2.014223,7.413347,-15.500571,-79.434813,33.009676,-47.996316,56.168426,-23.715095,-12.718745,8.243007,-53.435746,-17.861723,23.360874,48.530693,33.827960,-8.257856,-11.811182
585.000000,42.180249,2.899321,76.325202,-2.093025,8.259485,-0.504139,-9.323421,9.202818,6.098133,8.776514,-13.030337,0.517900,-11.846190,-6.449912,-9.426878,13.734948,-11.400791,6.602702,-1.894049,7.141615,-15.103626,-79.959549,32.687742,-49.120487,55.966819,-23.585473,-12.937456,7.644299,-52.588034,-17.336425,23.241182,48.610084,32.716309,-8.256847,-12.110789
586.000000,42.164385,2.916984,76.326579,-2.243103,8.168025,-0.272546,-9.372368,9.291159,5.849635,8.900948,-13.163322,0.409395,-11.655358,-6.380451,-9.695121,13.668059,-11.412831,6.546716,-1.928782,6.728145,-14.923004,-79.885087,32.129237,-49.210403,55.739039,-23.692758,-12.823099,7.695623,-52.882542,-17.532968,24.089034,48.982483,32.674225,-7.779697,-12.170396
587.000000,42.120776,2.963743,76.329982,-2.256177,8.243118,0.062460,-9.641422,9.157570,5.616667,8.972284,-13.107241,0.390743,-11.685695,-6.540284,-9.956946,13.655650,-11.391886,6.493686,-2.151198,6.106238,-14.879207,-79.112312,31.358587,-47.964054,55.711589,-24.241929,-12.860513,8.075348,-53.999291,-18.070450,24.603270,49.091981,32.296249,-7.582289,-11.907422
588.000000,42.055514,2.972054,76.328379,-2.291238,8.358175,0.352743,-9.885481,9.084835,5.340474,8.883685,-12.979073,0.215369,-11.753007,-6.600431,-10.178845,13.566803,-11.357566,6.467503,-2.394955,5.377976,-14.963163,-77.708176,30.565383,-45.996355,55.789398,-24.857632,-12.979458,8.304720,-55.897319,-19.310453,25.424261,48.896778,30.617477,-7.332774,-10.660253
589.000000,41.990721,3.022443,76.331151,-2.244531,8.554753,0.503464,-10.094938,8.921136,5.272727,8.625661,-12.809317,0.111940,-11.957337,-6.743796,-10.234550,13.475692,-11.286990,6.366630,-2.648079,4.540113,-15.174011,-75.734524,29.926296,-43.593334,55.652965,-25.694642,-13.263240,9.087267,-58.286403,-20.770059,26.801046,48.417732,30.472810,-7.278676,-10.273054
590.000000,41.934758,3.080050,76.338512,-2.111462,8.751605,0.573530,-10.164638,8.666166,5.314177,8.164263,-12.528799,-0.110162,-12.199326,-6.960370,-10.170812,13.417423,-11.256940,6.229360,-2.876499,3.558219,-15.353548,-73.321630,29.310917,-40.428921,55.237044,-26.404412,-13.273501,10.454883,-60.948401,-22.478643,28.887643,47.573169,30.817045,-6.782071,-10.276054
591.000000,41.893011,3.121028,76.348788,-1.893270,8.780269,0.527927,-10.000316,8.378658,5.487843,7.717718,-12.232952,-0.269839,-12.359138,-7.221478,-9.994696,13.548648,-11.303627,6.085509,-3.154610,2.451190,-15.366302,-70.673805,28.648525,-36.753538,54.623410,-27.349829,-13.639895,11.333504,-63.240633,-23.983844,30.954779,46.475954,30.391661,-6.609611,-10.169835
592.000000,41.849491,3.145512,76.361078,-1.652624,8.755942,0.425707,-9.785023,8.097624,5.661461,7.304082,-11.953617,-0.474406,-12.566734,-7.492741,-9.759215,13.889623,-11.468352,5.865664,-3.469840,1.425171,-15.377812,-67.939420,28.056983,-32.977028,53.893642,-27.843597,-14.055613,11.950071,-65.469235,-25.169795,32.950410,45.923094,30.451794,-6.510695,-9.817956
593.000000,41.790661,3.186829,76.356518,-1.345827,8.852984,0.272533,-9.731033,7.741438,5.930939,6.957251,-11.726472,-0.617388,-13.020470,-7.872519,-9.511863,14.387858,-11.705388,5.739487,-3.780875,0.522806,-15.569336,-65.390742,27.276403,-29.233087,53.378898,-28.014202,-14.215419,12.822222,-67.417293,-25.998963,34.665163,45.515175,30.523760,-6.414388,-9.490568
594.000000,41.792107,3.192415,76.348156,-1.083075,8.941447,0.173438,-9.665559,7.450243,6.124703,6.673955,-11.557880,-0.706456,-13.354838,-8.155071,-9.257918,14.785975,-11.970941,5.651659,-4.121073,-0.128886,-15.746636,-63.218079,26.306513,-25.780976,53.175786,-28.151610,-14.440552,13.515642,-68.936744,-26.466768,35.736684,45.070639,30.503891,-6.347760,-9.257390
595.000000,41.876578,3.155487,76.350886,-0.936661,8.916585,0.126653,-9.406975,7.324370,6.281019,6.379100,-11.446943,-0.885240,-13.343386,-8.281945,-9.154947,14.955544,-12.237242,5.514261,-4.537147,-0.486306,-15.921026,-61.173128,25.411890,-22.966024,52.961393,-28.457336,-14.628809,13.982040,-70.031132,-26.676834,36.522070,44.607750,30.319493,-6.114807,-9.068858
596.000000,41.921300,3.123710,76.348841,-0.774986,8.769478,0.025954,-9.023147,7.179173,6.372729,6.078757,-11.273628,-0.871052,-13.272434,-8.399704,-8.963892,15.171102,-12.449375,5.378949,-4.976025,-0.717095,-15.950932,-59.419197,24.769867,-21.033007,52.940878,-28.575891,-14.740226,13.587464,-70.857332,-26.439835,36.288573,44.688002,29.671202,-5.741209,-7.758767
597.000000,41.972858,3.095167,76.344180,-0.643570,8.651075,-0.061812,-8.727210,7.071272,6.496826,5.894621,-11.204393,-0.932827,-13.232032,-8.513908,-8.850614,15.416753,-12.680349,5.271584,-5.355567,-0.735762,-16.036137,-57.885109,24.268944,-19.895568,52.758034,-28.880461,-14.869202,13.414118,-71.391794,-26.139259,36.643716,44.612217,29.539089,-5.784749,-7.552826
598.000000,42.009410,3.056341,76.346678,-0.505239,8.556911,-0.228735,-8.467216,6.992821,6.690861,5.758078,-11.167557,-0.952700,-13.245197,-8.581976,-8.637995,15.623168,-12.832628,5.226394,-5.570825,-0.667101,-16.083374,-56.991051,24.067281,-19.690857,52.668794,-28.221570,-14.265988,13.533883,-71.640857,-25.819857,37.001119,44.478649,29.442412,-5.712972,-7.639921
599.000000,42.021415,3.031780,76.342869,-0.392235,8.499539,-0.413053,-8.325146,6.948053,6.950940,5.733634,-11.212470,-1.037423,-13.340886,-8.639366,-8.448025,15.857923,-12.940902,5.227106,-5.547530,-0.468410,-16.032783,-56.886501,24.017303,-20.092921,52.410336,-27.779313,-13.915429,13.826497,-71.594255,-25.680413,37.502031,44.036825,29.814479,-5.759299,-8.121327
600.000000,42.006019,3.005986,76.341361,-0.322343,8.492571,-0.562749,-8.310412,6.942501,7.107596,5.763133,-11.171923,-0.972542,-13.453197,-8.651784,-8.301992,15.979844,-12.969402,5.294355,-5.597971,-0.059529,-15.954497,-57.620111,24.442576,-20.825182,52.494833,-27.557139,-14.081788,13.087875,-71.314244,-25.254211,36.808371,44.483868,29.938881,-5.841993,-7.802216
601.000000,42.002246,2.982750,76.346475,-0.309489,8.573256,-0.664985,-8.443998,6.983117,7.180097,5.897697,-11.184460,-0.935524,-13.550623,-8.610279,-8.253396,15.927911,-12.890889,5.436611,-5.500270,0.567333,-15.922443,-59.052122,25.277357,-22.133006,52.459869,-27.364536,-14.156920,12.664538,-70.629989,-24.883960,36.163335,44.767700,30.458450,-5.879583,-7.900270
602.000000,42.004126,2.958479,76.354277,-0.340472,8.695431,-0.754831,-8.625232,7.073235,7.216230,6.029500,-11.194740,-0.899221,-13.612891,-8.508871,-8.245372,15.725974,-12.727137,5.600111,-5.359285,1.341863,-15.853783,-61.070128,26.552649,-23.933751,52.540086,-26.594631,-14.048262,12.326748,-69.546755,-24.452928,35.307447,44.895469,31.037968,-5.907246,-8.182729
603.000000,42.002246,2.947331,76.351774,-0.417817,8.834081,-0.847704,-8.835259,7.209368,7.217342,6.187067,-11.285084,-0.794909,-13.717802,-8.360453,-8.226825,15.561037,-12.566416,5.694858,-5.288359,2.282879,-15.775628,-63.260618,27.906568,-25.997747,52.706060,-26.472615,-13.866172,11.968117,-68.406954,-23.767713,34.809000,45.014396,31.764491,-6.056057,-8.758624
604.000000,41.981956,2.945338,76.355040,-0.527599,9.008545,-0.923953,-9.148351,7.380240,7.257576,6.438266,-11.366715,-0.652969,-13.878515,-8.193188,-8.246332,15.400297,-12.365632,5.887770,-5.260605,3.336867,-15.741491,-65.409395,29.484868,-28.670566,53.087133,-26.160560,-13.642794,11.402388,-66.900166,-23.120083,34.139410,44.970901,32.676455,-6.227505,-9.097183
605.000000,41.961008,2.952597,76.357472,-0.599759,9.079082,-1.017903,-9.370067,7.507886,7.293775,6.753002,-11.442601,-0.370121,-13.968591,-8.076934,-8.244936,15.316805,-12.221964,6.065493,-5.121840,4.337515,-15.398687,-67.528632,31.032876,-31.788083,53.293890,-25.909430,-13.380809,9.954444,-65.389977,-22.348662,32.492600,44.992720,31.858557,-6.191093,-8.576654
606.000000,41.953826,2.983211,76.359606,-0.737701,9.179434,-1.045575,-9.616735,7.660888,7.228165,7.028798,-11.599672,-0.259207,-14.023048,-7.929585,-8.301227,15.158287,-12.013294,6.216261,-4.958817,5.310353,-15.095273,-69.601738,32.304910,-35.224532,53.494533,-25.490923,-13.158230,8.968516,-63.928248,-21.637752,31.766260,44.917728,32.424209,-6.373114,-9.136939
607.000000,41.897309,3.051473,76.350707,-0.775924,9.286986,-1.097752,-9.920334,7.672543,7.220946,7.341412,-11.766243,0.038424,-14.184510,-7.915249,-8.270251,15.085200,-11.823520,6.374174,-4.822574,6.140521,-14.753024,-71.450001,33.301311,-38.302680,53.615926,-25.399744,-13.049493,8.094143,-62.467838,-20.863796,30.784670,44.965639,33.542782,-6.676010,-9.427209
608.000000,41.964272,3.054866,76.359177,-0.990513,9.294395,-1.024176,-9.977884,7.900585,7.067922,7.520582,-11.891689,0.209004,-13.952606,-7.699083,-8.506088,14.794458,-11.712527,6.498461,-4.791243,7.024935,-14.339536,-73.168354,34.154200,-41.294029,53.865232,-25.164237,-12.952100,6.926541,-60.531090,-19.834323,29.307136,44.794576,34.029382,-6.994511,-9.662967
609.000000,41.986200,3.091829,76.365513,-1.156283,9.345354,-0.926467,-10.105641,8.029622,6.896094,7.651943,-11.961568,0.319419,-13.813037,-7.565795,-8.696961,14.495777,-11.536008,6.618758,-4.821172,7.638831,-14.060645,-74.505520,34.652821,-43.624528,54.008549,-25.017088,-12.848697,5.965810,-58.772542,-18.826455,28.230826,44.721873,33.392621,-6.855453,-9.407729
610.000000,42.013392,3.126786,76.368463,-1.287248,9.418769,-0.799082,-10.261547,8.112524,6.733480,7.772895,-12.046982,0.411916,-13.715438,-7.489395,-8.886474,14.257573,-11.398081,6.665500,-4.898245,8.022639,-13.886264,-75.425806,34.898698,-45.299679,54.059151,-25.110716,-12.830335,5.542511,-57.051938,-17.711589,27.458047,44.707403,33.923282,-6.889267,-10.274974
611.000000,42.044663,3.167254,76.365334,-1.379535,9.462629,-0.688495,-10.357773,8.150261,6.575000,7.873909,-12.119647,0.459901,-13.657993,-7.457092,-9.014092,14.158451,-11.344862,6.675867,-4.945487,8.157339,-13.706031,-76.034390,34.810851,-46.246210,54.191428,-25.061800,-12.795884,5.607445,-55.871299,-16.893184,27.215292,44.888140,33.719165,-6.641719,-10.025706
612.000000,42.080912,3.209910,76.365274,-1.433578,9.506187,-0.597650,-10.410157,8.148776,6.490105,7.882416,-12.175365,0.419209,-13.636649,-7.476152,-9.128728,14.141499,-11.326954,6.725481,-4.895474,8.076309,-13.617765,-76.255340,34.474338,-46.420387,54.357743,-24.956502,-12.742094,5.545717,-55.372057,-16.703364,27.478117,45.000927,33.183620,-6.061719,-10.039117
613.000000,42.124271,3.243881,76.358503,-1.454344,9.535533,-0.520740,-10.388129,8.113934,6.430822,7.811877,-12.175371,0.402031,-13.613859,-7.516481,-9.180596,14.148301,-11.345711,6.701997,-4.821008,7.851920,-13.503993,-76.042368,34.002662,-45.823418,54.333485,-25.002707,-12.684863,5.897614,-55.563988,-16.792199,27.522546,45.001104,32.990620,-5.921012,-9.929715
614.000000,42.180404,3.267863,76.353818,-1.461135,9.608765,-0.419000,-10.373409,8.061618,6.343478,7.653060,-12.118482,0.317763,-13.631911,-7.570373,-9.253456,14.164930,-11.376814,6.671261,-4.822093,7.441204,-13.564827,-75.195014,33.482035,-44.567923,54.208756,-25.170611,-12.934176,5.814720,-56.604619,-17.519355,27.924281,45.098855,32.080811,-5.842992,-7.988139
615.000000,42.239928,3.294870,76.348454,-1.442089,9.725857,-0.315004,-10.396247,7.979129,6.303836,7.463944,-12.064541,0.199446,-13.716655,-7.648560,-9.235550,14.225495,-11.421808,6.550605,-4.933917,6.935743,-13.677607,-73.786465,32.809644,-42.408334,54.162963,-25.925071,-13.077895,6.673161,-57.954421,-18.356171,28.419577,44.676291,32.539991,-5.882272,-8.450625
616.000000,42.341065,3.304666,76.346433,-1.381327,9.871780,-0.282726,-10.340777,7.888509,6.381368,7.174615,-11.937749,0.042171,-13.805182,-7.732721,-9.182885,14.253911,-11.481691,6.503055,-5.143337,6.220173,-14.072267,-71.650132,31.996318,-39.220363,54.244174,-26.644206,-13.328688,7.607657,-59.501118,-19.361515,29.191402,44.076146,32.133991,-5.784984,-8.459175
617.000000,42.450705,3.301957,76.337641,-1.253722,9.955149,-0.343977,-10.160370,7.755308,6.518383,6.839270,-11.848417,-0.127757,-13.877598,-7.861972,-9.081649,14.366816,-11.653556,6.427893,-5.299859,5.348096,-14.480780,-69.016432,31.091899,-35.185808,53.911373,-27.294488,-13.498636,8.409205,-61.054009,-20.556563,29.768246,43.268357,31.536507,-5.794154,-7.836190
618.000000,42.569774,3.295208,76.321059,-1.083257,9.968658,-0.527985,-9.916230,7.613140,6.732092,6.644483,-11.938312,-0.230271,-13.948181,-7.979848,-8.809131,14.569989,-11.903937,6.240519,-5.237952,4.566640,-14.759366,-66.365444,29.943225,-31.418857,53.442621,-27.551095,-13.337640,9.341693,-62.635587,-21.749641,31.126282,42.403396,31.920913,-5.708590,-8.439585
619.000000,42.676395,3.246128,76.304811,-0.928440,9.925165,-0.786429,-9.701723,7.569740,7.016854,6.654296,-12.065508,-0.238988,-14.010243,-8.021214,-8.527641,14.835494,-12.185197,6.110376,-5.074777,4.053485,-14.962043,-63.989133,29.138369,-28.959230,52.934847,-27.252059,-13.147225,9.514742,-63.898551,-22.817026,31.991937,41.959932,31.839798,-5.388205,-8.386451
620.000000,42.788702,3.197622,76.296562,-0.829882,9.890746,-0.904587,-9.565577,7.548190,7.190831,6.737547,-12.177744,-0.223671,-14.003831,-8.066434,-8.402037,15.039288,-12.378045,6.067755,-5.020661,3.826409,-15.079488,-62.274222,28.492920,-27.648898,52.619955,-27.094380,-13.172139,9.577674,-64.672452,-23.563009,32.397264,41.849484,31.484696,-5.181581,-7.647039
621.000000,42.887005,3.129435,76.289552,-0.829219,9.853952,-0.890546,-9.573408,7.615323,7.208891,7.028726,-12.326702,-0.215969,-13.905201,-8.018669,-8.402084,15.123589,-12.509433,6.016432,-5.165779,3.853958,-15.105289,-61.331479,28.246271,-27.228025,52.321025,-27.065092,-13.169644,10.110896,-64.848029,-23.922635,32.640047,41.724963,31.441475,-5.258709,-7.573175
622.000000,42.979413,3.046178,76.281816,-0.903155,9.777053,-0.823601,-9.606728,7.765830,7.118147,7.404242,-12.512416,-0.063490,-13.728461,-7.899868,-8.523281,15.164246,-12.640785,5.981554,-5.361462,3.921313,-15.100240,-61.082266,28.235258,-26.906936,52.161759,-27.122565,-13.359086,9.940589,-64.478120,-23.789411,31.592224,42.038356,30.643688,-5.181440,-6.918031
623.000000,43.063036,2.975768,76.273429,-1.000144,9.773442,-0.742074,-9.700411,7.934367,7.053584,7.719008,-12.718455,-0.122114,-13.639105,-7.765012,-8.649028,15.216085,-12.729015,5.887189,-5.529624,3.975635,-15.155321,-61.217667,28.368124,-26.622882,51.980632,-27.006336,-13.415016,10.594865,-63.932469,-23.693498,31.461190,42.145170,30.838410,-5.337673,-6.968019
624.000000,43.134215,2.924584,76.267081,-1.027652,9.788362,-0.839792,-9.692464,8.052370,7.116192,7.877425,-12.836015,-0.119169,-13.688728,-7.662995,-8.587590,15.370593,-12.833112,5.839480,-5.622004,4.031700,-15.199037,-61.194370,28.661728,-26.120013,51.696093,-26.844235,-13.533503,11.014022,-63.173205,-23.398551,30.818882,42.070373,30.461384,-5.402523,-6.435167
625.000000,43.232033,2.881992,76.262844,-0.949203,9.819652,-1.150504,-9.465974,8.105993,7.455228,7.731649,-12.943997,-0.191837,-13.815222,-7.594930,-8.295671,15.543436,-12.890811,5.703351,-5.321424,3.951782,-15.230847,-60.770263,28.883388,-25.752141,50.652010,-26.658947,-13.452040,12.359403,-62.681732,-23.565908,31.583556,41.420173,30.274031,-5.340379,-6.676693
626.000000,43.300116,2.872695,76.253414,-0.796370,9.745326,-1.657473,-9.008307,8.093694,7.998127,7.422914,-12.953817,-0.164311,-14.006277,-7.557744,-7.739548,15.911882,-13.033942,5.604244,-4.856836,3.804938,-15.067435,-59.883349,29.167708,-25.226037,48.813637,-26.195071,-13.652544,13.094249,-62.204507,-23.850573,31.985660,40.462915,29.837852,-5.332895,-6.230430
627.000000,43.378568,2.857873,76.240861,-0.626183,9.662438,-2.112291,-8.579998,8.043174,8.449594,7.161705,-12.985565,-0.180906,-14.179260,-7.575752,-7.271141,16.305246,-13.203157,5.540727,-4.485879,3.645087,-14.979064,-58.485038,29.231195,-24.340994,46.193925,-25.714503,-13.976872,12.411602,-61.643140,-23.950449,31.786409,39.217334,29.284439,-5.269307,-5.207175
628.000000,43.446970,2.842474,76.226747,-0.504563,9.659603,-2.287576,-8.454916,7.961280,8.595617,7.129507,-13.049682,-0.277232,-14.331993,-7.656807,-7.089547,16.630291,-13.366386,5.492840,-4.417076,3.604024,-14.966490,-57.063475,28.694103,-23.427846,43.395703,-25.007445,-13.959421,10.266106,-61.043409,-23.713015,31.306893,37.747986,29.210909,-4.881471,-4.015031
629.000000,43.489486,2.826478,76.216465,-0.524954,9.618876,-2.138476,-8.504271,7.939763,8.255394,7.281928,-13.122512,-0.267176,-14.284172,-7.715852,-7.310079,16.814635,-13.538545,5.488702,-4.579181,3.874823,-14.836518,-55.982587,27.733046,-23.713261,40.843671,-23.884939,-13.673573,8.169263,-60.363211,-23.323052,30.271446,36.048690,28.441504,-4.363021,-2.461621
630.000000,43.519649,2.808945,76.202494,-0.661369,9.623581,-1.683585,-8.782642,7.971276,7.722616,7.605341,-13.289494,-0.345187,-14.175445,-7.760518,-7.781472,16.950516,-13.731978,5.363775,-4.907046,4.205729,-14.686517,-55.424922,26.848758,-25.598816,38.096183,-21.797886,-13.265398,6.974778,-59.978152,-23.478104,31.043715,33.597147,28.082975,-4.362917,-1.761334
631.000000,43.543419,2.780808,76.183593,-0.808848,9.678126,-1.180722,-9.107795,7.992408,7.079059,7.849560,-13.422039,-0.479369,-14.131486,-7.813673,-8.333907,17.114385,-13.950783,5.360607,-5.149364,4.549250,-14.567081,-55.161940,26.146944,-28.191327,35.046995,-19.191913,-13.282037,5.499221,-59.466311,-23.568678,31.337246,31.140431,26.489977,-5.014241,-0.578841
632.000000,43.563452,2.727820,76.173848,-0.868088,9.796158,-0.763168,-9.484555,7.973304,6.568789,8.103301,-13.445301,-0.546824,-14.131629,-7.893254,-8.786384,17.140413,-14.130564,5.420134,-5.007564,4.573535,-14.569097,-55.129565,26.072543,-31.426540,31.278513,-15.929982,-13.240171,3.618678,-58.438552,-23.781337,31.389056,28.424695,25.500460,-5.222087,0.523966
633.000000,43.626162,2.642241,76.160288,-0.821143,9.909823,-0.482624,-9.723118,7.895301,6.224920,8.238445,-13.443790,-0.617070,-14.130373,-7.999327,-9.003430,17.171425,-14.409018,5.457604,-4.549780,4.154572,-14.783410,-54.740203,27.675582,-34.734230,26.222454,-10.961967,-13.791868,0.493346,-56.992697,-24.411047,31.287720,25.972144,24.855270,-5.311256,1.937716
634.000000,43.728942,2.524769,76.139057,-0.666023,9.979538,-0.331384,-9.809818,7.777518,6.120078,8.362086,-13.502851,-0.692741,-14.184226,-8.125669,-8.925488,17.386378,-14.774164,5.398940,-3.838145,3.374016,-14.837660,-53.433058,30.707581,-36.054359,20.053463,-5.455603,-14.385925,-2.727296,-55.255045,-25.717305,30.855236,23.129727,23.737059,-5.778373,2.680954
635.000000,43.836030,2.394303,76.133794,-0.476158,9.948339,-0.365351,-9.678845,7.711822,6.269893,8.426784,-13.516928,-0.735779,-14.225600,-8.179616,-8.626195,17.698436,-15.124361,5.210298,-3.075041,2.290520,-14.634457,-49.713317,33.427803,-34.114647,14.514564,-7.735520,-15.204826,-6.107838,-53.258718,-27.012369,29.435957,20.515998,23.588740,-5.237118,4.096112
636.000000,43.952638,2.264723,76.152295,-0.285075,9.906807,-0.508664,-9.458640,7.680272,6.633288,8.399192,-13.449909,-0.704733,-14.285095,-8.199147,-8.276030,18.022829,-15.300158,4.983102,-2.856070,1.272953,-14.400921,-44.120710,35.646293,-29.939014,12.070076,-15.311471,-15.312678,-6.313715,-51.325125,-27.922853,27.802463,18.209750,24.003986,-5.300282,3.856696
637.000000,44.049385,2.153728,76.160735,-0.115202,9.834463,-0.803461,-9.142654,7.685289,7.026627,8.302848,-13.337584,-0.462103,-14.382691,-8.186096,-7.940480,18.380889,-15.437617,4.791326,-2.845558,0.499533,-14.108493,-38.065030,36.173604,-24.649118,13.363387,-25.568289,-15.184648,-3.360329,-49.600994,-28.895416,27.084652,16.016259,24.179606,-5.615229,3.088136
638.000000,44.145611,2.060212,76.195955,-0.063271,9.696296,-1.226502,-8.484111,7.805328,7.465618,7.760305,-12.989112,-0.352375,-14.211697,-7.970263,-7.640962,18.289831,-15.361536,4.737545,-2.755076,0.053396,-13.854786,-33.208533,34.483238,-18.744037,18.212631,-39.904588,-14.808781,-0.426977,-47.640163,-29.538772,26.637753,13.722461,25.298211,-5.283518,2.091970
639.000000,44.204956,1.986478,76.215065,-0.064125,9.489316,-1.280819,-8.126843,7.870327,7.463629,7.673990,-12.835781,-0.300241,-13.884792,-7.901404,-7.758601,18.225018,-15.385944,4.566975,-2.702062,-0.654793,-13.501437,-31.035994,30.532083,-13.603952,25.728136,-56.419050,-14.667220,0.102229,-45.652998,-29.852223,25.997194,12.005440,26.223002,-5.104648,1.678838
640.000000,44.228214,1.926366,76.214004,-0.202011,9.316448,-0.922810,-8.180459,7.967168,6.972977,8.038990,-12.918216,-0.298814,-13.467193,-7.848549,-8.227452,18.105097,-15.481679,4.381533,-2.904656,-1.311369,-13.189877,-30.744283,27.383606,-8.938506,34.565658,-68.534398,-15.029625,-1.251314,-43.910586,-30.288689,25.627532,10.692477,25.786140,-4.861163,1.970389
641.000000,44.209009,1.871623,76.197600,-0.290424,9.327590,-0.354162,-8.679899,7.967259,6.416475,8.625194,-13.012384,-0.297011,-13.364989,-7.968608,-8.812696,18.207433,-15.713984,4.483497,-3.327568,-1.989706,-13.044709,-30.342292,27.366531,-7.072889,43.102715,-67.553255,-14.968390,0.612789,-42.554930,-30.917876,25.507553,9.844503,25.342565,-5.020455,1.964040
642.000000,44.237554,1.843049,76.199681,-0.468379,9.505898,0.259637,-9.223084,7.997152,5.798817,9.007084,-13.067088,-0.175699,-13.305640,-7.996054,-9.417830,18.118929,-15.739638,4.575586,-3.686161,-2.650396,-12.757420,-29.386264,26.635974,-5.769805,48.347631,-69.028487,-14.507341,3.889637,-41.582704,-31.877668,25.242784,8.974907,25.266437,-5.114355,1.865741
643.000000,44.307920,1.825461,76.208264,-0.633952,9.797268,0.536199,-9.556060,8.103131,5.519913,8.976453,-12.971938,0.078957,-13.341726,-7.871641,-9.675554,17.774809,-15.516417,4.644278,-3.639253,-3.178665,-12.479072,-26.303144,25.701280,-4.831444,48.051685,-71.538151,-15.381863,6.591004,-40.410681,-32.831978,24.311449,8.094937,24.773287,-5.420726,1.097677
644.000000,44.472849,1.820158,76.247257,-1.031248,10.210104,0.080182,-9.101797,8.671136,6.000866,7.713682,-12.574062,0.225475,-13.184580,-7.074618,-9.341754,16.462103,-14.704048,4.584288,-2.770083,-3.232005,-12.400630,-18.949651,23.690043,-3.394059,38.862776,-76.138475,-17.618871,9.443438,-38.599383,-33.799386,23.205867,6.534010,24.775803,-5.663066,-0.333006
645.000000,44.657916,1.812480,76.263779,-1.050568,10.488680,-0.987077,-8.507504,9.043434,7.095451,6.911827,-12.525414,0.539129,-13.390307,-6.532068,-8.298697,15.889125,-14.128440,4.566894,-1.726406,-3.624799,-12.173429,-9.476507,22.301348,-2.524110,24.707817,-78.178441,-21.069523,11.134975,-37.143983,-34.504186,22.213502,5.587622,25.329292,-5.992953,-1.358631
646.000000,44.872841,1.792005,76.275498,-0.921732,10.675769,-2.523550,-7.548697,9.369870,8.636966,5.959586,-12.492296,0.811261,-13.780891,-5.978774,-6.779125,15.704056,-13.621732,4.743710,-0.527469,-4.215764,-11.990369,0.111017,22.037479,-0.539936,8.647812,-76.991593,-22.804091,10.531671,-35.788391,-35.115177,21.338495,4.852420,25.272542,-6.077906,-1.552463
647.000000,44.992796,1.758286,76.287800,-0.511921,10.800662,-3.919206,-7.074359,9.367429,10.095074,5.770397,-12.551850,1.025201,-14.412452,-5.862824,-5.486358,16.055541,-13.394726,5.144753,0.866318,-4.966280,-11.635270,4.292775,23.229016,2.112577,-1.293193,-75.473228,-22.859571,7.943179,-34.501813,-35.639825,20.300207,4.558398,25.290203,-6.094867,-1.128168
648.000000,45.008090,1.759423,76.309419,-0.394284,10.550302,-4.710647,-6.545735,9.459265,10.938335,5.815892,-12.711965,1.050427,-14.400887,-5.691865,-4.770715,16.181393,-13.217930,5.388223,1.922279,-5.202323,-11.298020,4.784798,25.350367,4.025577,-7.353844,-73.188516,-24.164617,7.984617,-33.135174,-36.136912,19.908441,4.336224,25.676242,-6.326554,-0.747300
649.000000,44.916764,1.772884,76.346070,-0.512461,10.436780,-4.241825,-6.907343,9.481716,10.560394,6.357110,-12.732355,0.866158,-14.156697,-5.797738,-5.355993,16.074628,-13.060764,5.469575,1.764720,-5.222105,-11.077992,0.734577,27.589000,4.144715,-8.770280,-72.343841,-24.717871,10.732250,-32.158399,-36.448505,19.817451,4.187188,25.461875,-6.421293,-1.650269
650.000000,44.690946,1.837446,76.352173,-0.950330,10.275337,-2.830775,-7.872320,9.569070,9.055679,7.358717,-12.929505,0.831333,-13.626305,-5.980859,-6.890985,15.842463,-13.044900,5.323710,0.362391,-4.928285,-10.634527,-5.703386,30.016516,2.993724,-7.172441,-72.018300,-25.044343,13.309663,-31.870708,-36.725121,20.258078,3.991023,25.448974,-6.428856,-2.691178
651.000000,44.453385,1.914645,76.344830,-1.518925,10.364371,-1.060769,-9.314298,9.638438,7.093664,8.467543,-13.079726,0.737801,-13.152610,-6.132826,-8.820370,15.307682,-12.993598,5.271844,-1.754753,-4.316277,-10.322035,-13.049357,32.234074,1.334182,-3.060386,-71.665364,-25.069975,14.692358,-31.810493,-36.612006,20.150217,3.764868,25.576075,-6.213739,-2.491261
652.000000,44.205841,1.977472,76.351398,-2.111255,10.755925,0.664463,-11.098011,9.672572,5.118975,9.500915,-13.074913,0.419090,-12.978528,-6.190651,-10.678367,14.594921,-12.711324,5.377241,-3.946460,-3.753898,-10.132750,-20.340262,33.731121,-1.012780,2.195944,-72.522416,-25.254512,15.300556,-31.915585,-36.634365,20.051670,3.240629,25.658123,-6.178805,-2.568145
653.000000,43.955341,2.040696,76.358426,-2.653605,11.233071,2.145762,-12.870184,9.643863,3.396328,10.441908,-13.018621,0.037702,-12.945273,-6.196512,-12.304472,13.759120,-12.304215,5.568436,-5.668385,-3.289841,-9.881460,-27.193555,34.989891,-3.821871,9.310116,-72.246524,-25.051356,15.315130,-31.891980,-36.977237,19.859714,2.630767,25.548869,-6.321625,-2.571909
654.000000,43.821093,2.092937,76.356912,-3.298924,11.712708,3.345570,-14.220181,9.794403,2.047209,10.927912,-12.946968,-0.273618,-12.767534,-5.893237,-13.629339,12.613586,-11.791442,5.655010,-6.499578,-2.917327,-9.348439,-34.849292,34.908537,-7.829100,19.765838,-73.468158,-23.893986,14.892818,-31.852679,-37.453073,19.305081,2.081973,25.863456,-6.535675,-3.178925
655.000000,43.643549,2.243932,76.335955,-3.598871,11.996281,4.297839,-15.414414,9.548782,0.985524,11.644182,-13.004818,-0.263792,-12.837096,-6.073674,-14.579157,12.246967,-11.629101,5.734356,-7.157564,-2.973970,-9.139794,-38.243571,33.570441,-10.374330,27.668760,-74.470932,-22.881706,14.312686,-31.448025,-37.482490,18.922687,1.921865,25.577090,-6.837896,-3.467673
656.000000,43.546894,2.392072,76.295954,-3.860394,12.398149,5.085080,-16.402920,9.286675,0.125384,11.992716,-13.072587,-0.217126,-13.111991,-6.246180,-15.303263,12.077436,-11.607936,5.793465,-7.551887,-3.143429,-9.173539,-40.013277,31.800340,-11.955739,35.195398,-75.013338,-21.116003,13.046322,-31.214309,-37.503882,18.221072,1.962054,24.936023,-6.885617,-3.461665
657.000000,43.535426,2.525885,76.272243,-3.931050,12.781131,5.391986,-16.910703,9.058639,-0.106580,11.942461,-13.049586,0.004765,-13.512902,-6.437464,-15.465877,12.125149,-11.621826,5.859582,-7.630093,-3.481912,-9.240508,-39.146587,29.769670,-12.288847,40.060385,-75.909520,-20.308811,12.001062,-31.373511,-37.279746,17.306799,2.409286,23.935852,-7.089729,-1.528099
658.000000,43.584025,2.660479,76.271635,-3.840962,13.135851,5.227814,-16.977892,8.882941,0.189781,11.523925,-12.965814,0.300682,-13.946153,-6.607184,-15.103816,12.165708,-11.485527,5.934438,-7.359713,-3.748194,-9.223555,-35.689183,28.033106,-12.502021,41.904160,-76.496855,-19.785260,12.043750,-31.420332,-36.616398,16.764692,2.620314,24.763093,-7.147610,-3.799563
659.000000,43.744463,2.779951,76.289022,-3.545012,13.395965,4.408615,-16.472357,8.836491,1.227289,10.829153,-12.930725,0.724511,-14.317245,-6.699831,-14.162251,12.156988,-11.259777,6.109284,-6.723793,-4.022669,-9.345556,-29.507387,26.231733,-12.103791,39.905022,-78.399766,-20.674272,12.448160,-31.794537,-36.455148,16.759949,2.508580,24.782406,-7.276068,-5.245083
660.000000,44.013309,2.908062,76.327205,-3.166189,13.307876,2.559622,-14.418454,9.108388,3.216921,8.722207,-12.519766,1.302729,-14.329109,-6.365340,-12.330315,11.859005,-10.869359,6.375271,-5.570956,-3.659139,-9.656021,-18.393165,24.494462,-11.110203,31.401884,-80.264497,-22.234976,12.814976,-32.082512,-36.125499,16.931008,2.579361,24.493244,-7.158289,-5.460504
661.000000,44.304523,3.003742,76.349980,-2.524591,13.221502,0.396715,-12.725657,9.163183,5.397389,7.510997,-12.504686,1.875448,-14.530370,-6.251127,-10.280901,11.789112,-10.550153,6.654755,-4.323670,-3.870682,-9.894639,-7.732024,23.663044,-10.458416,22.404935,-80.899745,-23.376001,13.707853,-32.016450,-35.286892,16.089644,2.663780,23.043458,-7.586112,-4.171717
662.000000,44.616073,3.072719,76.360434,-1.955741,13.147628,-1.816329,-11.195989,9.267941,7.631060,6.648106,-12.715355,2.389979,-14.725271,-5.996584,-8.205980,11.646880,-10.157844,6.729334,-3.038107,-4.147343,-10.077928,2.374312,22.674082,-9.136753,11.172435,-82.496780,-25.498044,16.844151,-31.673920,-34.727346,15.990767,1.863911,23.794173,-7.335232,-7.517327
663.000000,44.876710,3.085721,76.352090,-1.359399,13.091507,-3.610322,-10.155577,9.210023,9.419255,6.243038,-12.997174,2.730405,-15.107219,-5.981168,-6.627685,11.961633,-10.096098,6.893384,-2.003524,-4.431142,-10.147115,9.046057,23.521261,-7.465248,2.416587,-81.105730,-25.594278,16.321362,-31.719487,-35.090715,15.653771,1.590965,23.626963,-7.331024,-6.557306
664.000000,45.180711,3.085417,76.368666,-1.303391,12.362236,-5.327405,-7.590414,9.504904,11.223919,4.499100,-12.901394,2.858209,-14.492060,-5.378369,-5.135213,12.041379,-10.103177,6.907165,-1.248028,-4.288748,-9.839932,16.637760,24.815937,-3.820629,-11.454195,-75.721642,-22.600693,17.721595,-31.693652,-35.329136,16.185545,1.226832,24.336978,-6.683844,-7.039760
665.000000,45.360982,3.067947,76.377767,-0.911458,12.428879,-5.940460,-7.183120,9.242075,11.970082,4.094697,-12.737343,2.742384,-14.796363,-5.588200,-4.529009,12.382353,-10.004771,7.194628,-1.021541,-4.152946,-10.680399,15.755266,26.193504,-0.659172,-20.296561,-77.014413,-27.074943,16.710819,-31.014834,-35.928735,16.197015,1.175892,24.446651,-7.593312,-7.707309
666.000000,45.442933,3.055883,76.381522,-0.905060,12.335134,-5.752753,-7.087606,9.178543,11.887903,4.125166,-12.774284,2.595430,-14.692905,-5.691685,-4.674905,12.643827,-10.154409,7.163836,-1.441826,-3.549501,-11.361633,12.216060,30.357718,1.205808,-26.265060,-74.233877,-28.515297,17.632629,-30.753258,-36.742303,16.804873,1.247367,24.971182,-7.639269,-7.857891
667.000000,45.351505,3.067123,76.382220,-1.125325,12.064204,-4.880081,-7.425635,9.192380,11.045633,4.748243,-12.949465,2.464369,-14.339014,-5.876639,-5.545124,12.946017,-10.406236,6.974783,-2.771111,-2.922853,-11.595307,5.790909,34.755797,2.024934,-28.771182,-70.690709,-29.877686,19.933159,-31.083767,-37.359758,17.440348,1.446444,25.011514,-7.870856,-8.132181
668.000000,45.282444,3.052281,76.367146,-1.385217,11.976197,-3.716037,-8.041889,9.179661,9.884422,5.361936,-13.081422,2.202137,-14.008979,-6.106290,-6.772997,13.104641,-10.702332,6.825044,-4.332083,-2.421743,-11.761495,-2.318080,38.696969,1.479315,-26.619515,-66.964363,-30.118126,22.885341,-31.578915,-37.875264,17.757935,1.645458,24.555316,-8.370535,-8.474090
669.000000,45.226789,3.033964,76.375318,-1.800871,11.830742,-2.508075,-8.529821,9.311263,8.629035,5.838444,-13.126949,1.958641,-13.502589,-6.169435,-8.134521,13.105877,-10.863628,6.633568,-5.853228,-2.005482,-11.533382,-10.744130,40.443374,-1.135015,-21.277284,-67.413387,-30.367967,25.501845,-31.902915,-37.862867,17.903502,1.584180,24.962962,-8.020187,-8.460124
670.000000,45.166621,3.012026,76.390463,-2.436447,11.781768,-1.138991,-9.134856,9.604076,7.077088,6.226118,-13.080473,1.560138,-12.776188,-5.967490,-9.751640,12.513082,-10.891718,6.583141,-6.920974,-1.561648,-10.916530,-20.277438,40.969449,-5.548832,-10.948074,-68.600426,-30.541485,27.055626,-32.324765,-38.176629,17.388772,1.468895,25.167039,-7.938112,-8.998014
671.000000,45.095834,3.040027,76.394928,-2.483207,11.817963,-0.415526,-9.710841,9.412680,6.351999,6.650185,-13.004827,1.431774,-12.554010,-6.242810,-10.575065,12.250422,-10.916365,6.672507,-7.530279,-1.716369,-10.910575,-25.026501,40.101219,-8.819337,-0.963581,-69.838568,-29.429110,27.125632,-32.037894,-38.122202,17.146556,1.231121,24.830803,-7.923592,-9.106267
672.000000,45.087025,3.087541,76.369333,-2.659238,11.912982,0.275391,-10.212837,9.310689,5.601921,6.997721,-13.110137,1.404555,-12.281221,-6.321966,-11.278504,11.867385,-10.984067,6.695515,-7.490957,-1.865167,-10.877173,-30.842095,38.208201,-12.511370,13.375983,-72.043661,-27.601370,25.491863,-31.494398,-38.302738,16.558382,0.899056,24.939384,-7.617631,-8.694765
673.000000,45.117441,3.130056,76.340413,-2.520672,11.962087,0.516432,-10.518327,9.040419,5.327619,7.351148,-13.197525,1.502599,-12.275391,-6.629969,-11.447012,11.911142,-11.182576,6.754578,-7.309754,-2.369699,-10.881045,-32.006468,35.836309,-14.669897,23.842529,-74.124819,-24.431302,23.761704,-31.079792,-38.061656,15.872936,0.847597,24.443181,-7.960357,-9.174290
674.000000,45.222947,3.165783,76.320100,-2.375678,11.987249,0.495384,-10.489918,8.848569,5.401991,7.460619,-13.359344,1.543175,-12.272783,-6.827073,-11.325453,12.026444,-11.371954,6.798204,-7.123149,-2.739112,-10.849159,-31.497359,33.899506,-16.343430,32.472697,-74.831737,-22.021252,22.205664,-30.989524,-38.005041,15.620894,0.842724,24.101108,-8.020280,-9.274792
675.000000,45.358512,3.209933,76.313043,-2.211097,12.092744,0.126096,-10.345986,8.749396,5.834986,7.418690,-13.452830,1.608177,-12.345182,-6.898722,-10.887923,11.940328,-11.337466,7.037274,-6.786811,-2.958733,-10.827222,-28.635669,32.052995,-17.153429,37.370294,-75.358228,-21.319051,20.074211,-31.120217,-37.998204,15.388918,0.707478,23.414855,-8.243737,-9.150421
676.000000,45.548797,3.238646,76.311499,-1.941076,12.279889,-0.732701,-9.934129,8.702375,6.728325,7.063405,-13.489122,1.824218,-12.537657,-6.874648,-9.983839,11.724452,-11.156380,7.293213,-6.130222,-3.111197,-11.103545,-23.448243,29.889881,-16.838938,38.794464,-76.573517,-20.756653,18.901276,-31.117119,-37.688178,15.216623,0.516390,23.308290,-8.132302,-8.799068
677.000000,45.799312,3.244155,76.305294,-1.606477,12.454120,-1.945464,-9.202755,8.714379,8.023474,6.426522,-13.513558,2.120243,-12.742355,-6.743135,-8.699453,11.432902,-10.891905,7.484752,-5.483065,-3.076000,-11.427215,-15.941414,28.097884,-16.461321,36.173071,-78.520913,-21.194529,18.471936,-31.514226,-37.460845,15.399179,0.545380,23.080160,-8.444779,-9.564398
678.000000,46.191609,3.212956,76.303858,-1.523149,12.341249,-3.601307,-7.450889,9.085935,9.820292,4.991303,-13.411411,2.331089,-12.433578,-6.081368,-7.099232,10.776762,-10.502235,7.577934,-4.831553,-2.348853,-11.865963,-3.718595,26.729793,-15.909809,26.132230,-80.290602,-22.192400,19.157371,-32.028762,-37.295049,16.454153,0.635210,22.779439,-8.492501,-10.294029
679.000000,46.535623,3.178488,76.299429,-1.151172,12.272374,-5.280636,-6.226676,9.106561,11.483319,4.362519,-13.465854,2.749157,-12.647314,-5.835337,-5.437932,10.940804,-10.345220,7.739421,-4.257408,-2.354909,-11.905224,7.272745,26.072709,-15.325208,14.801011,-81.445259,-23.314407,18.629729,-32.405484,-36.845858,16.545723,0.490788,22.837052,-8.330023,-10.222734
680.000000,46.871591,3.134817,76.298088,-0.808812,12.189966,-7.039260,-5.041522,9.157063,13.309335,3.864497,-13.564891,3.090735,-12.891656,-5.528279,-3.745160,11.176174,-10.217749,7.844275,-3.429535,-2.519317,-12.031562,17.419014,25.300955,-13.690778,1.959175,-82.495954,-24.488709,18.087724,-32.428335,-36.453136,16.311457,0.414910,23.071349,-8.336688,-10.155486
681.000000,47.097588,3.065090,76.294822,-0.421504,12.120520,-8.315560,-4.346224,9.084089,14.649718,3.724183,-13.684734,3.305043,-13.263287,-5.453235,-2.572595,11.682794,-10.215202,7.832116,-2.537575,-2.750254,-12.088846,23.371439,25.255301,-11.684838,-8.679837,-82.350505,-24.922406,15.863804,-32.360637,-36.738696,16.033592,0.239346,23.085522,-8.296105,-9.819151
682.000000,47.260624,3.006130,76.296854,-0.262722,11.981871,-9.088550,-3.772967,9.101371,15.482509,3.653627,-13.823331,3.309027,-13.425317,-5.313739,-1.874312,12.183066,-10.295066,7.795652,-1.688591,-2.679156,-12.248701,26.806638,26.366924,-9.163751,-20.177526,-81.632898,-25.556941,14.329612,-32.012298,-37.414926,15.984596,0.013306,23.437627,-8.429386,-9.680000
683.000000,47.346246,2.975642,76.300579,-0.302133,11.749813,-9.052308,-3.521037,9.148230,15.560098,3.795159,-14.006286,3.133822,-13.238446,-5.312767,-1.918939,12.540265,-10.468108,7.720041,-1.378643,-2.323355,-12.482560,25.661250,28.919537,-6.597169,-29.581959,-79.467106,-26.967938,14.391745,-31.332147,-38.037740,15.966624,-0.096588,24.167484,-8.806815,-8.995450
684.000000,47.340807,2.965226,76.310211,-0.490559,11.485445,-8.277772,-3.687392,9.209614,14.871262,4.289761,-14.160174,2.900542,-12.875969,-5.455578,-2.641533,12.886752,-10.711829,7.553639,-1.789979,-1.913040,-12.705994,20.547099,32.462011,-3.813988,-35.398077,-76.311334,-28.145558,15.138136,-30.852142,-38.618057,16.223492,0.033325,24.587559,-8.798879,-8.399586
685.000000,47.251421,2.963847,76.314241,-0.756202,11.317434,-7.077596,-4.237634,9.275364,13.692819,4.932376,-14.310165,2.535102,-12.501399,-5.659760,-3.814691,13.119926,-11.018278,7.408655,-2.766959,-1.578756,-12.917652,13.067826,35.931976,-1.609803,-36.960271,-73.020555,-29.209919,16.583320,-30.638081,-39.060486,16.393171,0.225784,24.352413,-8.705157,-7.861456
686.000000,47.091189,2.967400,76.305819,-1.089157,11.261602,-5.640454,-5.102904,9.353617,12.136759,5.680124,-14.444838,2.197632,-12.198793,-5.858258,-5.250827,13.262395,-11.386052,7.148771,-4.067592,-1.303136,-12.986007,4.404480,39.061387,-0.655947,-33.834688,-69.593993,-29.524848,18.725838,-30.714357,-39.218311,16.736458,0.334444,24.794862,-8.517269,-7.384849
687.000000,46.914881,2.966443,76.308435,-1.414494,11.312555,-4.246746,-6.090259,9.403711,10.548300,6.399243,-14.451036,1.923847,-11.968813,-6.019054,-6.646465,13.247784,-11.576021,6.828979,-5.328400,-1.311274,-12.977934,-4.357749,41.017772,-2.092475,-27.276454,-67.779130,-29.550960,21.030682,-30.801728,-39.007740,17.099099,0.277086,25.563887,-8.499209,-7.396377
688.000000,46.730354,2.973187,76.317233,-1.871556,11.455992,-2.801173,-7.129544,9.525701,8.971343,6.958452,-14.390797,1.642457,-11.672846,-6.037608,-8.239209,12.923429,-11.700236,6.592088,-6.075053,-1.360705,-12.637457,-14.311461,41.479244,-5.958042,-16.079491,-67.886159,-29.662207,22.187284,-30.805342,-39.045770,16.536130,0.242716,25.556729,-8.424914,-6.948303
689.000000,46.555197,2.992552,76.312244,-2.074769,11.450342,-1.784558,-7.922545,9.457323,7.881291,7.588697,-14.475365,1.489671,-11.496198,-6.229271,-9.375567,12.879374,-11.896334,6.514483,-6.203310,-1.679463,-12.425537,-21.866825,40.229517,-9.483637,-3.419756,-68.883544,-29.214454,23.220345,-30.545159,-39.279096,16.438375,0.113440,25.095623,-8.255613,-7.300613
690.000000,46.421617,3.028425,76.293302,-2.145470,11.421700,-1.032458,-8.516588,9.267269,6.992651,8.125698,-14.587139,1.428986,-11.394461,-6.467669,-10.080372,12.931323,-12.139133,6.476948,-6.062500,-2.166225,-12.245248,-27.199669,37.703819,-12.067232,9.113074,-71.760228,-28.482545,22.752509,-30.315050,-39.326675,16.534107,-0.100492,25.081974,-8.313573,-7.953866
691.000000,46.319067,3.061363,76.266921,-2.045851,11.365009,-0.580963,-8.919950,9.002889,6.559892,8.528729,-14.676953,1.359101,-11.386799,-6.826436,-10.465859,13.104891,-12.410549,6.505088,-5.951438,-2.832139,-12.172357,-28.907915,35.637315,-13.233871,18.784060,-73.027064,-26.316362,21.770444,-30.093117,-39.028934,16.403804,-0.325723,24.685834,-8.318180,-8.028105
692.000000,46.282485,3.091643,76.235843,-1.979309,11.398061,-0.217109,-9.177030,8.772455,6.239235,8.663513,-14.734055,1.398873,-11.334766,-7.061095,-10.686050,13.064010,-12.620888,6.651057,-5.864627,-3.212857,-12.205827,-29.299025,34.228923,-14.539133,27.825615,-72.436396,-23.842128,20.779596,-30.195273,-38.901612,16.387856,-0.499852,24.200817,-8.623668,-8.183215
693.000000,46.291423,3.123329,76.221246,-1.883156,11.537438,-0.115271,-9.319954,8.581118,6.153903,8.578231,-14.700877,1.531576,-11.394145,-7.210926,-10.615819,12.922313,-12.648861,6.834361,-5.652317,-3.396350,-12.257704,-27.499600,32.515717,-16.002346,33.976404,-73.533885,-22.323143,19.232095,-30.490292,-38.589479,16.353954,-0.645040,24.084229,-8.911478,-8.586186
694.000000,46.349311,3.141550,76.219851,-1.746340,11.669894,-0.371759,-9.232482,8.478629,6.420228,8.367401,-14.614173,1.695483,-11.493276,-7.254259,-10.214701,12.747191,-12.578272,6.978590,-5.232604,-3.416128,-12.268383,-23.534050,31.109575,-17.479607,37.181364,-74.371990,-21.206090,18.016164,-30.885648,-38.360354,16.093734,-0.729001,23.761364,-9.079931,-8.672107
695.000000,46.444872,3.167862,76.221400,-1.566189,11.723329,-0.945979,-8.886553,8.420723,7.032268,8.086998,-14.577350,2.088953,-11.591841,-7.222942,-9.457299,12.616099,-12.427854,7.073793,-4.695166,-3.410802,-12.143927,-17.603349,29.449085,-17.964031,36.545487,-76.576973,-21.235927,17.632972,-31.224148,-38.035998,15.470853,-0.849965,23.237127,-9.122843,-9.006259
696.000000,46.551791,3.179164,76.218313,-1.327730,11.754985,-1.893665,-8.373217,8.428696,7.977516,7.795249,-14.661035,2.477943,-11.833966,-7.138866,-8.470525,12.617065,-12.297159,7.108709,-4.036362,-3.409288,-11.965157,-9.785446,28.122078,-17.714972,31.567338,-79.154571,-21.736988,16.725217,-31.644106,-38.065314,15.282972,-1.102714,23.016038,-9.113392,-9.338353
697.000000,46.727037,3.175475,76.222557,-1.278962,11.768579,-3.232871,-7.274647,8.725238,9.351534,6.757782,-14.537880,2.662698,-12.010973,-6.627768,-7.148509,12.449411,-12.017157,7.167017,-3.624693,-2.900536,-12.109239,1.055309,27.442793,-16.524936,22.094960,-80.180677,-22.558008,16.260341,-32.185952,-37.951710,15.959439,-1.186058,23.455797,-9.142141,-9.583806
698.000000,46.835914,3.168731,76.224458,-0.897432,11.804378,-4.434632,-6.820532,8.668933,10.589692,6.642111,-14.662541,2.992694,-12.509174,-6.606241,-5.888955,12.779498,-11.856957,7.330695,-3.183549,-3.060595,-11.768086,8.588111,26.292446,-15.207601,14.838487,-82.231086,-23.402369,16.607062,-32.659178,-37.871005,15.853178,-1.367072,23.498398,-9.036928,-10.202596
699.000000,47.028068,3.152334,76.225436,-0.877190,11.689502,-5.741284,-5.640339,8.937657,11.978630,5.756717,-14.628165,3.150225,-12.595597,-6.087929,-4.659088,12.798525,-11.646366,7.328498,-2.979757,-2.730331,-11.723098,18.403921,26.062820,-12.944928,2.519868,-82.360470,-24.409786,16.411319,-33.062965,-37.926432,16.165238,-1.242267,23.510180,-8.867793,-9.667301
700.000000,47.151202,3.115862,76.234722,-0.600416,11.562860,-6.664079,-4.989545,8.862609,12.872845,5.454887,-14.606582,3.310630,-12.846187,-6.054237,-3.781512,13.224032,-11.596654,7.295141,-2.501704,-2.901180,-11.534674,22.910654,26.316948,-10.780673,-6.966208,-82.522851,-24.971020,14.974590,-32.887013,-38.250289,15.907094,-1.313138,23.785615,-8.734175,-9.431097
701.000000,47.222689,3.079495,76.250792,-0.497479,11.403780,-7.118174,-4.503055,8.855272,13.417361,5.232167,-14.552266,3.309018,-12.870112,-5.987935,-3.355058,13.492600,-11.574564,7.325609,-2.076138,-2.833428,-11.632908,24.483479,28.208729,-8.246801,-16.111576,-81.357361,-25.615535,13.965823,-32.374632,-38.793333,15.843735,-1.279672,24.463467,-8.669110,-8.967817
702.000000,47.203568,3.063453,76.267195,-0.534976,11.260666,-6.939773,-4.454155,8.867023,13.314620,5.317343,-14.513939,3.124534,-12.762164,-6.045306,-3.622886,13.710977,-11.573090,7.320982,-1.911450,-2.590605,-11.976612,21.784076,31.377230,-5.702644,-22.204959,-79.190347,-26.686195,14.261823,-31.742327,-39.525922,16.026175,-1.127407,24.724399,-8.523186,-8.606232
703.000000,47.100642,3.066903,76.277047,-0.715689,11.158646,-6.085851,-4.898445,8.887596,12.464854,5.760933,-14.547114,2.904889,-12.548884,-6.196390,-4.477436,13.878558,-11.755670,7.120659,-2.396787,-2.291775,-12.306170,15.995695,34.682563,-3.850161,-24.831148,-77.089326,-27.920429,15.903911,-31.403721,-40.353717,16.303390,-0.895505,24.426590,-8.386885,-8.417835
704.000000,46.921596,3.087015,76.286054,-1.010178,11.151083,-4.801532,-5.694868,8.922124,11.154713,6.293526,-14.575648,2.543835,-12.327206,-6.390414,-5.799974,13.942942,-11.979960,6.921826,-3.472822,-2.004238,-12.472811,8.416899,37.927870,-2.905354,-24.010634,-74.803405,-28.240491,17.462828,-31.516375,-40.961956,16.933000,-0.770741,24.886175,-8.179708,-8.255876
705.000000,46.729791,3.100563,76.294869,-1.370231,11.195791,-3.412227,-6.519320,8.963559,9.657886,6.644213,-14.473412,2.209188,-12.100287,-6.560692,-7.293209,13.915845,-12.129818,6.795093,-4.803260,-1.742996,-12.471612,0.200931,40.450849,-3.631421,-20.363297,-73.079425,-28.391717,18.898896,-31.738065,-41.027778,17.096252,-0.785200,25.273240,-8.275649,-7.970095
706.000000,46.544978,3.118555,76.308769,-1.690424,11.245844,-2.135976,-7.248698,8.944075,8.288165,6.853878,-14.295260,2.022940,-11.913510,-6.715240,-8.645334,13.892941,-12.222143,6.592921,-5.916862,-1.689986,-12.323397,-7.793081,41.865173,-6.150170,-14.512900,-72.279821,-28.702135,20.860209,-31.954692,-40.936606,17.152601,-0.810866,25.187310,-8.237641,-8.380931
707.000000,46.364811,3.135631,76.326555,-1.924590,11.314674,-1.057713,-7.950134,8.866274,7.172826,7.081455,-14.060417,1.824603,-11.783433,-6.883009,-9.825055,13.792601,-12.275167,6.548164,-6.629194,-1.832068,-12.097290,-14.642442,41.575665,-9.497813,-6.997825,-72.565501,-28.695547,22.332429,-31.916576,-40.829570,17.185051,-0.909851,25.370446,-8.237026,-8.615706
708.000000,46.207178,3.166622,76.338702,-2.036516,11.397153,-0.316835,-8.481783,8.716823,6.389339,7.170363,-13.828806,1.739858,-11.769294,-7.046835,-10.522308,13.704275,-12.249800,6.508368,-6.686429,-2.175823,-11.915373,-19.795232,39.519826,-12.402395,1.322995,-73.975259,-28.485207,23.366656,-31.694096,-40.596052,16.738157,-0.908079,25.302046,-8.310607,-8.944245
709.000000,46.089497,3.211476,76.336473,-2.053215,11.496004,-0.015451,-8.807815,8.597992,6.134524,7.156129,-13.707391,1.639898,-11.910848,-7.166660,-10.734861,13.711240,-12.267979,6.602333,-6.398206,-2.643323,-11.759080,-22.597570,37.018328,-14.305881,9.007421,-74.819388,-27.179414,22.672065,-31.610232,-40.454715,16.429399,-1.038472,25.130679,-8.208652,-8.702480
710.000000,46.017948,3.238458,76.318139,-1.947999,11.602472,-0.203930,-8.831453,8.505908,6.325332,6.942815,-13.659480,1.662166,-12.181635,-7.238435,-10.501438,13.759640,-12.294174,6.660625,-5.900257,-3.211458,-11.572794,-22.991995,34.467979,-15.204102,15.188623,-75.314399,-25.674768,21.512688,-31.602554,-40.108107,16.101993,-1.201482,24.953130,-8.527306,-9.145025
711.000000,45.969528,3.264424,76.308459,-1.814015,11.613650,-0.602302,-8.621721,8.445857,6.742299,6.643873,-13.587243,1.831108,-12.370355,-7.244425,-10.039682,13.772453,-12.261665,6.742616,-5.402570,-3.615030,-11.308035,-21.166042,32.174293,-15.900516,19.976200,-75.869489,-24.408629,20.269524,-31.406528,-39.504243,15.681418,-1.454358,25.071920,-8.255297,-8.014518
712.000000,45.943430,3.281405,76.299465,-1.642722,11.646390,-1.149307,-8.401496,8.397457,7.319700,6.416405,-13.525294,2.100870,-12.568665,-7.247219,-9.493125,13.710481,-12.154510,6.919558,-4.860849,-3.871639,-11.116339,-17.720069,30.041317,-16.949050,23.330352,-77.277300,-23.440485,19.611787,-31.372278,-39.132493,15.422600,-1.615591,24.830111,-8.090565,-7.914693
713.000000,45.955694,3.281562,76.300192,-1.457799,11.683466,-1.806397,-8.167731,8.388709,7.971048,6.284136,-13.494502,2.344773,-12.735417,-7.195825,-8.859800,13.574293,-12.030235,7.112326,-4.368087,-4.013095,-10.904200,-13.027961,28.362716,-18.238278,25.142719,-77.583279,-22.244290,19.116871,-31.462983,-38.902155,15.411340,-1.853122,24.314061,-8.114924,-8.387459
714.000000,45.983708,3.268110,76.301384,-1.308168,11.734466,-2.489780,-7.977060,8.452264,8.656082,6.258601,-13.561994,2.528374,-12.904617,-7.065658,-8.161267,13.420855,-11.867157,7.254877,-3.999383,-4.052167,-10.840570,-7.488299,26.942791,-19.013254,25.155488,-77.885412,-21.826761,18.526852,-31.687013,-38.724546,15.502648,-1.941956,23.942417,-8.677065,-9.426106
715.000000,46.030733,3.257143,76.300603,-1.189068,11.768186,-3.234590,-7.655821,8.555044,9.418572,6.096447,-13.654711,2.711810,-13.062170,-6.875980,-7.423189,13.290668,-11.706049,7.319857,-3.842450,-4.020552,-10.815583,-1.587025,25.442936,-18.495700,23.701112,-78.476777,-21.690039,18.129636,-32.027358,-38.451790,15.755629,-1.920382,23.957483,-8.669319,-9.576350
716.000000,46.093029,3.231059,76.298219,-1.075315,11.780469,-4.012531,-7.188518,8.663492,10.178376,5.741218,-13.655453,2.907919,-13.180968,-6.652851,-6.668891,13.145374,-11.551901,7.373175,-3.630721,-4.030739,-10.768295,4.236227,24.289778,-17.186498,20.797074,-78.916477,-21.595921,17.541002,-32.368598,-38.191460,15.910434,-1.848019,23.971519,-8.557577,-9.465386
717.000000,46.160433,3.194055,76.301205,-0.923030,11.798103,-4.781564,-6.696190,8.710202,10.908178,5.297961,-13.542304,3.049572,-13.297863,-6.463308,-5.938213,13.001340,-11.384536,7.520085,-3.260629,-4.007470,-10.789326,9.754099,23.927039,-15.917440,16.595295,-78.776888,-21.455170,16.967134,-32.615328,-38.098358,16.175145,-1.874468,24.021080,-8.593317,-9.530202
718.000000,46.216232,3.143252,76.307476,-0.780941,11.797983,-5.390677,-6.351032,8.742767,11.512440,5.058479,-13.479842,3.103897,-13.381441,-6.322245,-5.338585,12.896239,-11.210644,7.633758,-2.715988,-3.958724,-10.861724,14.156160,24.509427,-14.560495,11.723657,-78.428801,-21.564413,16.705475,-32.670680,-38.224156,16.380025,-1.902998,24.242682,-8.527453,-9.594615
719.000000,46.259990,3.091941,76.322126,-0.722092,11.724236,-5.749246,-6.105673,8.822561,11.895105,5.041097,-13.505039,3.112514,-13.299788,-6.187092,-4.953111,12.767001,-11.046530,7.594345,-2.112097,-3.765402,-10.928642,16.818651,26.158525,-12.689090,6.784985,-77.268537,-22.249676,17.030201,-32.523592,-38.615164,16.603287,-2.022581,24.473609,-8.118739,-8.974165
720.000000,46.286717,3.023176,76.331896,-0.731176,11.595289,-5.826381,-5.938780,8.912578,12.032503,5.094504,-13.544458,2.994542,-13.101900,-6.111836,-4.950853,12.685674,-11.043428,7.500228,-1.523999,-3.473479,-11.050835,17.269717,29.896879,-10.108712,1.962902,-72.040150,-22.163843,16.845051,-32.394815,-39.187237,16.817483,-1.931414,24.333382,-8.126413,-8.185272
721.000000,46.278399,2.936691,76.333064,-0.811861,11.425161,-5.515701,-5.941683,8.993250,11.698616,5.303577,-13.632416,2.729454,-12.822926,-6.068708,-5.188786,12.710926,-11.246071,7.262074,-1.003397,-3.127630,-11.368432,15.280969,35.632776,-7.179765,-2.231998,-64.197474,-20.766674,14.774252,-32.121219,-39.639372,17.059408,-1.616115,24.199724,-8.353390,-7.717146
722.000000,46.258524,2.859189,76.324761,-0.949568,11.276319,-4.889692,-6.135237,9.061219,11.079264,5.622528,-13.724991,2.411714,-12.498276,-6.113120,-5.784182,12.768217,-11.464903,7.000462,-0.615597,-2.831332,-11.921972,10.871042,42.240315,-5.135574,-5.521007,-56.480429,-19.305861,12.106887,-31.744055,-39.974287,17.285057,-1.165995,23.779678,-8.503913,-6.732978
723.000000,46.241558,2.798303,76.307863,-1.130534,11.129017,-4.006408,-6.430576,9.091414,10.193636,6.006354,-13.837062,2.068015,-12.120789,-6.232409,-6.642414,12.881561,-11.762284,6.670041,-0.456949,-2.526305,-12.506054,4.222797,49.280682,-5.566348,-7.838236,-49.222277,-18.076731,10.512570,-31.454233,-40.257408,17.849813,-0.930561,23.595490,-8.416845,-6.423098
724.000000,46.227393,2.766796,76.290172,-1.342978,10.892121,-2.934776,-6.706350,9.056477,9.132292,6.417161,-13.966357,1.777371,-11.604935,-6.399894,-7.625774,13.014143,-12.115684,6.398213,-0.767455,-2.044502,-12.982669,-4.280584,56.193746,-8.860127,-9.247265,-41.094380,-16.767319,9.412970,-31.367944,-40.331673,18.953481,-1.019620,24.214902,-7.321890,-4.034304
725.000000,46.218336,2.766665,76.280063,-1.574920,10.564731,-1.798116,-6.917557,8.998317,8.088285,6.864628,-14.100791,1.440144,-10.961746,-6.601627,-8.726671,13.164202,-12.480665,6.216066,-1.443587,-1.281427,-13.268772,-14.324669,61.555850,-14.886010,-9.907135,-33.784913,-15.319904,8.483668,-32.370042,-40.813669,20.631350,-0.945127,23.835627,-6.965479,-2.819836
726.000000,46.176508,2.805860,76.279473,-1.938162,10.089253,-0.810607,-6.955437,9.089482,7.059568,7.394211,-14.363936,1.219719,-10.167037,-6.566298,-9.660220,13.186651,-12.687835,6.047325,-1.529405,-0.357466,-12.990796,-28.540707,63.655478,-25.407754,-8.407013,-29.051571,-14.113494,7.678993,-34.691630,-41.808804,22.785933,-0.269352,23.529013,-6.699441,-2.946802
727.000000,46.134591,2.878127,76.288426,-2.094250,9.690750,-0.356400,-6.938563,9.082800,6.547315,7.932814,-14.559233,1.089695,-9.606788,-6.600513,-10.076680,13.176130,-12.790392,6.053628,-1.038281,0.179341,-13.165558,-44.055861,63.566829,-38.050028,-5.150640,-23.112945,-13.601854,7.978002,-36.629471,-42.327792,24.446494,0.776618,23.606867,-6.577509,-3.486939
728.000000,46.108341,2.960270,76.268536,-1.992890,9.513915,-0.194426,-6.964201,8.862452,6.423503,8.218404,-14.681741,0.914753,-9.479486,-6.888366,-10.214612,13.398200,-13.025048,6.214195,-1.168604,0.642612,-13.889086,-55.947736,62.810071,-47.718881,-2.262963,-14.497211,-13.300835,7.436929,-38.410030,-41.770852,26.175202,1.861700,23.185381,-6.626753,-3.260218
729.000000,46.097690,3.055943,76.228702,-1.793477,9.321811,-0.308076,-6.809507,8.597689,6.495601,8.356599,-14.908968,0.740318,-9.474479,-7.223359,-10.071922,13.766009,-13.334345,6.351782,-1.292314,1.086576,-14.784037,-64.318662,60.579133,-54.529095,1.167629,-6.959113,-13.548877,5.843951,-40.227075,-40.846925,28.116960,3.167469,23.001782,-6.528786,-2.499304
730.000000,46.119073,3.150985,76.191223,-1.612059,9.148494,-0.606335,-6.381740,8.390829,6.735448,8.113247,-15.051321,0.542769,-9.519317,-7.436505,-9.708275,14.121981,-13.628988,6.379608,-1.273477,1.147972,-15.501864,-71.155743,56.547464,-60.433821,6.714273,-0.972672,-14.232649,4.964195,-42.188849,-39.001944,29.248028,5.455428,22.880989,-6.783265,-2.343114
731.000000,46.175873,3.249679,76.153874,-1.385626,8.887764,-0.923814,-5.667532,8.100528,7.070423,7.570406,-15.088817,0.533805,-9.415098,-7.709112,-9.318329,14.442206,-13.944845,6.389525,-1.336664,1.075143,-16.134816,-75.762309,52.029314,-64.940243,12.975053,4.307543,-14.417715,6.238718,-43.717978,-36.787628,29.760920,7.984384,22.839311,-7.241980,-3.091777
732.000000,46.239802,3.328101,76.127958,-1.132832,8.547800,-1.271959,-4.753508,7.782582,7.513418,6.828277,-14.950768,0.608161,-9.204759,-7.980534,-8.914491,14.700271,-14.198705,6.473083,-1.684875,0.886599,-16.718413,-77.125574,47.422645,-67.256866,19.303366,5.499477,-14.273458,6.872598,-44.817000,-34.347413,29.978069,10.355940,22.158793,-7.507491,-3.714442
733.000000,46.297735,3.402825,76.104033,-0.907980,8.099448,-1.662713,-3.682639,7.499420,8.011904,6.020126,-14.809119,0.659892,-8.836304,-8.230019,-8.573572,14.854779,-14.375419,6.562981,-1.814801,0.869241,-16.978983,-76.048446,42.870516,-67.006929,25.176376,2.656987,-14.085328,5.679645,-45.649743,-32.493556,30.185481,12.346670,21.357295,-7.505779,-3.632031
734.000000,46.382079,3.444704,76.082814,-0.706013,7.716331,-2.154839,-2.666970,7.289169,8.590499,5.282771,-14.689406,0.696477,-8.525510,-8.385293,-8.143571,14.970658,-14.583724,6.597866,-2.346477,1.098592,-17.606812,-74.127387,40.165262,-66.351060,29.242676,0.051431,-13.872580,4.073066,-46.265803,-30.663649,31.000743,14.198555,21.032850,-7.132135,-3.273560
735.000000,46.450472,3.481884,76.067716,-0.588167,7.350347,-2.599649,-1.773597,7.158737,9.074748,4.711233,-14.628819,0.752421,-8.234152,-8.455796,-7.738370,15.076823,-14.708374,6.626683,-2.806372,1.511092,-17.909279,-72.942022,38.988441,-66.643085,31.338588,0.095580,-13.912551,3.549346,-47.047265,-29.772019,32.120713,15.594469,20.283241,-7.078101,-3.050030
736.000000,46.520829,3.496900,76.066375,-0.514244,7.027561,-3.011200,-1.007694,7.088936,9.523334,4.280524,-14.583094,0.874248,-7.950413,-8.458591,-7.370166,15.127708,-14.770704,6.655632,-3.038524,1.839695,-18.097018,-71.695840,38.549625,-67.151258,31.893582,-1.022450,-13.875654,4.074654,-47.562668,-29.613453,33.264111,16.347600,19.761698,-7.066649,-3.114569
737.000000,46.585482,3.513342,76.056510,-0.477897,6.708208,-3.397459,-0.322543,7.065676,9.964264,3.986973,-14.638830,1.038614,-7.665292,-8.427653,-7.017014,15.168884,-14.782570,6.611130,-3.061996,2.277912,-18.132923,-69.793844,38.563948,-66.568608,31.196271,-5.540776,-13.610227,3.498152,-48.042369,-30.092150,34.237754,16.827488,19.622860,-6.770008,-2.376514
738.000000,46.632016,3.533722,76.054120,-0.455863,6.509008,-3.833562,0.271980,7.055463,10.421866,3.597490,-14.595435,1.066150,-7.495279,-8.343019,-6.612570,15.090149,-14.693994,6.538323,-2.935205,2.531861,-18.090381,-68.524187,39.257079,-65.908061,29.669604,-9.280172,-13.301144,3.175347,-48.649645,-30.898355,35.098266,17.176870,19.283219,-6.653321,-2.321738
739.000000,46.673259,3.556475,76.045388,-0.426304,6.443693,-4.217840,0.762674,7.014165,10.824462,3.047512,-14.486124,1.076903,-7.433439,-8.276378,-6.237423,14.934929,-14.618941,6.528322,-2.684071,2.695642,-18.059041,-67.980026,40.498784,-65.570636,27.820841,-10.866076,-13.117285,3.478601,-49.261442,-32.018380,35.721005,17.396927,18.675486,-6.772794,-2.229361
740.000000,46.714595,3.579959,76.037270,-0.437523,6.394954,-4.547575,1.309447,7.001582,11.210739,2.321401,-14.286914,1.107457,-7.360535,-8.179294,-5.929061,14.771346,-14.519551,6.489688,-2.533589,2.902692,-18.136908,-67.309158,42.028148,-65.172306,26.300916,-12.095055,-13.174709,2.889085,-49.778931,-32.856270,36.118413,17.847407,18.203559,-6.714493,-1.361997
741.000000,46.751499,3.597139,76.032537,-0.425372,6.360362,-4.897015,1.851587,6.959729,11.596049,1.556599,-14.015163,1.134620,-7.311122,-8.091172,-5.592501,14.586660,-14.397586,6.465165,-2.433179,3.011330,-18.057208,-66.640011,44.221571,-64.655397,24.747432,-13.765401,-13.017018,1.858307,-50.239914,-33.719298,36.211658,18.200846,17.442461,-6.554467,-1.488424
742.000000,46.780890,3.605962,76.023471,-0.401374,6.362786,-5.380804,2.336088,6.932646,12.044894,0.882929,-13.783357,1.130288,-7.407801,-7.976695,-5.148136,14.524073,-14.285577,6.420201,-2.375007,3.237323,-18.042063,-65.593448,47.444437,-63.809581,22.317812,-15.621110,-13.145914,-0.382800,-51.096061,-34.922474,36.865864,18.398890,16.797025,-6.630807,-1.196370
743.000000,46.813747,3.582022,76.026046,-0.356680,6.419980,-5.991210,2.660038,6.964343,12.670901,0.504342,-13.646548,1.092641,-7.608535,-7.809643,-4.607421,14.489128,-14.134760,6.405875,-2.069146,3.291614,-17.918334,-65.229918,52.151346,-63.136411,18.626073,-16.313881,-13.864242,-5.545344,-51.456241,-36.138722,36.673038,18.157488,15.665095,-6.672050,-0.287244
744.000000,46.862701,3.550209,76.031345,-0.294663,6.551117,-6.650377,2.815368,7.012631,13.327424,0.335556,-13.605794,1.011108,-7.916786,-7.630817,-4.013219,14.480525,-14.014212,6.472543,-1.770976,3.245730,-17.874926,-65.525946,58.020230,-62.971100,14.269706,-14.473599,-15.344764,-11.952765,-51.309330,-37.114114,36.085023,17.735780,15.396775,-6.755206,1.073157
745.000000,46.909964,3.508200,76.039273,-0.229180,6.689389,-7.279256,2.902959,7.069592,13.923809,0.279005,-13.587457,0.901549,-8.247437,-7.454514,-3.451645,14.500275,-13.872031,6.562775,-1.381107,3.193049,-17.706360,-66.300626,64.017444,-63.737044,9.974428,-11.213449,-16.676498,-17.007565,-50.968494,-38.171830,35.804080,16.992469,15.755225,-6.528262,2.405597
746.000000,46.968403,3.475471,76.051044,-0.205093,6.771561,-7.705100,2.933046,7.148200,14.271918,0.384156,-13.660138,0.918375,-8.343865,-7.328786,-3.195306,14.370766,-13.710495,6.726390,-1.031172,3.168276,-17.500369,-66.942049,69.474389,-65.306389,6.543150,-10.309385,-17.024701,-22.049353,-50.654445,-39.307257,35.251522,16.896266,16.180824,-6.123158,3.572404
747.000000,47.029006,3.433960,76.064056,-0.199295,6.773694,-8.056890,3.050848,7.230419,14.642483,0.477755,-13.706612,1.007333,-8.273418,-7.234175,-3.076340,14.139578,-13.492930,6.789378,-0.613068,3.041311,-17.146978,-66.419539,74.271183,-66.628010,4.215611,-13.200128,-16.461003,-27.452837,-50.281233,-40.058957,34.936810,16.938104,16.635071,-5.232884,4.998192
748.000000,47.072431,3.402812,76.085043,-0.176550,6.765352,-8.392357,3.183612,7.266187,14.977060,0.520066,-13.674254,1.145597,-8.232713,-7.146085,-2.881516,13.940350,-13.238061,6.816965,-0.199579,2.835467,-16.809082,-64.881435,78.916361,-67.660858,2.983036,-16.739976,-15.819271,-30.772458,-50.199490,-40.740863,35.528189,17.280529,17.386004,-4.569701,5.849631
749.000000,47.121015,3.385372,76.098853,-0.112608,6.801932,-8.698742,3.300989,7.238798,15.313955,0.453824,-13.575603,1.186099,-8.318001,-7.121158,-2.684034,13.894643,-13.046672,7.024578,0.386229,2.546377,-16.743387,-62.772334,83.047403,-68.109116,3.287778,-19.055859,-15.530023,-33.612683,-50.009074,-41.387135,35.918189,17.977983,17.378317,-4.300802,6.465989
750.000000,47.177696,3.360367,76.104116,-0.028857,6.787475,-8.969692,3.515570,7.165571,15.577980,0.284104,-13.446488,1.196712,-8.377813,-7.099270,-2.339410,13.927561,-13.038521,7.182319,1.149308,1.897936,-16.699063,-60.361927,86.117648,-67.181590,5.390451,-20.889013,-14.400959,-38.744426,-49.593170,-41.648885,35.644507,18.974433,17.255402,-3.665296,7.657673
751.000000,47.211266,3.350919,76.103747,0.019936,6.639691,-9.027805,3.804993,7.075479,15.702506,0.120770,-13.353665,1.152759,-8.271838,-7.139060,-2.166448,14.044139,-13.120769,7.251112,1.977102,1.111988,-16.519125,-58.140797,88.137260,-65.234085,8.124475,-21.661006,-13.241274,-42.917562,-49.108780,-41.754808,35.051892,20.031063,17.282421,-3.190159,8.424968
752.000000,47.220600,3.380342,76.106876,0.013173,6.447704,-8.765642,3.970843,6.979596,15.526625,0.103259,-13.308579,1.163529,-8.065600,-7.267670,-2.299368,14.220152,-13.253018,7.258586,2.688562,0.619408,-16.305214,-56.702571,89.575144,-63.570613,9.947961,-19.514158,-13.745779,-42.703299,-48.952802,-42.317540,35.046923,20.603619,17.175802,-3.101214,7.767639
753.000000,47.171181,3.411980,76.117212,-0.022017,6.283052,-8.255599,3.888151,6.921584,15.069709,0.276752,-13.310975,1.178745,-7.894432,-7.454019,-2.766454,14.494693,-13.415961,7.300164,3.210077,0.161650,-16.057503,-55.805856,90.288073,-62.040364,11.238331,-17.465253,-14.858629,-40.778552,-49.059640,-42.843782,35.110362,21.190930,17.362034,-3.156978,7.230717
754.000000,47.084963,3.443834,76.130933,-0.067280,6.172514,-7.524782,3.574590,6.878478,14.351503,0.588075,-13.297797,1.260821,-7.726731,-7.697187,-3.455004,14.715685,-13.609863,7.319077,3.504537,-0.281406,-15.934524,-55.313324,90.252501,-60.496556,12.671543,-17.043969,-15.464334,-39.047679,-49.039542,-43.111170,34.753010,21.929495,17.987786,-3.298998,6.868192
755.000000,46.968836,3.464185,76.148683,-0.107732,6.112340,-6.709282,3.082527,6.849278,13.528357,1.040318,-13.308017,1.290583,-7.608480,-7.940693,-4.224209,14.932814,-13.744303,7.266355,3.732713,-0.629685,-15.926283,-55.141753,89.580185,-59.206655,14.520518,-17.667444,-15.439655,-36.892181,-49.403332,-43.493012,34.953257,22.649326,18.173149,-3.340882,6.152078
756.000000,46.888128,3.465479,76.159298,-0.150771,6.028166,-6.024343,2.737492,6.831424,12.836817,1.400789,-13.354470,1.286459,-7.447357,-8.114132,-4.866444,15.106493,-13.882599,7.149352,3.922417,-0.875019,-15.870839,-55.084342,88.726118,-58.229910,16.328634,-18.921275,-15.323507,-34.502537,-50.051664,-43.672950,35.350819,23.378821,18.052752,-3.516879,5.444382
757.000000,46.796891,3.497279,76.155341,-0.261678,5.709580,-5.399340,2.762235,6.823987,12.139132,1.599076,-13.506090,1.282264,-7.135974,-8.245077,-5.400780,15.500230,-14.250902,6.881623,3.950752,-0.808650,-15.457140,-55.619525,88.415098,-57.894794,17.145855,-18.337777,-15.373707,-33.208390,-51.082305,-43.912772,36.456425,23.929236,18.451672,-3.481551,4.885894
758.000000,46.733028,3.493080,76.145172,-0.304811,5.589672,-4.637350,2.543054,6.772453,11.366666,1.778618,-13.550963,1.202423,-7.036910,-8.434105,-5.995749,15.969568,-14.610663,6.734306,3.653104,-0.760327,-15.266885,-56.445295,88.423424,-58.157702,17.424919,-17.116398,-15.808437,-32.921300,-52.097159,-43.967430,37.446051,24.513836,18.470887,-3.546352,4.495517
759.000000,46.603873,3.508648,76.131213,-0.314842,5.423132,-3.984719,2.356926,6.671026,10.690281,1.927473,-13.581911,1.246501,-7.040397,-8.662991,-6.522767,16.568856,-15.007468,6.543817,3.468081,-0.787768,-14.820302,-57.240148,88.238237,-58.685634,17.423572,-16.545121,-15.642800,-32.810316,-53.004689,-44.040206,38.200527,24.928442,18.509586,-3.524560,4.012520
760.000000,46.443173,3.516202,76.123959,-0.283908,5.231097,-3.412218,2.154038,6.537992,10.066213,2.158367,-13.599932,1.391188,-7.062491,-8.909989,-6.973351,17.139209,-15.344595,6.404875,3.321164,-0.898665,-14.281184,-57.948356,88.006871,-59.320323,17.126160,-16.496698,-15.502755,-33.310054,-53.585303,-43.957284,38.184808,25.380203,18.597258,-3.417296,4.283433
761.000000,46.289697,3.526337,76.117086,-0.257943,5.103187,-2.808216,1.808957,6.420211,9.413865,2.519311,-13.665515,1.510827,-7.146445,-9.158511,-7.437772,17.728458,-15.712924,6.291018,3.129935,-1.069878,-14.017893,-58.545643,87.810613,-60.109182,16.578601,-16.616290,-16.052087,-33.908402,-53.792767,-43.844921,37.813286,25.834091,18.522894,-3.445844,4.979752
762.000000,46.152377,3.526581,76.116270,-0.215008,5.057563,-2.081660,1.261411,6.282438,8.686653,3.077056,-13.824596,1.503363,-7.255602,-9.442026,-7.965087,18.295363,-16.028839,6.126316,2.782461,-1.376069,-13.708747,-59.071465,87.495714,-60.747614,15.516892,-16.033217,-15.918417,-33.409037,-54.034327,-43.857615,38.042870,25.908154,18.632222,-3.439196,4.496068
763.000000,46.022895,3.522206,76.113009,-0.286173,5.071453,-1.170832,0.583469,6.252451,7.785705,3.685601,-13.957730,1.514588,-7.234795,-9.644416,-8.759027,18.611835,-16.221723,6.028292,2.200613,-1.477742,-13.479821,-59.416833,87.148071,-61.503600,13.838953,-15.653552,-16.236271,-32.100345,-53.938021,-43.917662,37.156417,26.059984,18.205695,-3.575299,4.384337
764.000000,45.945448,3.516310,76.114631,-0.485530,5.046418,-0.158286,-0.004490,6.338305,6.782792,4.245919,-14.170668,1.466607,-6.973531,-9.720214,-9.702362,18.716496,-16.280126,5.864412,1.508529,-1.409065,-13.317861,-59.551156,86.620753,-62.434425,11.685598,-15.976164,-16.402064,-30.672300,-53.934206,-44.187735,37.347088,25.838235,18.437737,-3.715643,4.040750
765.000000,45.888436,3.514037,76.123440,-0.760415,5.041230,0.803864,-0.460307,6.497736,5.831580,4.534575,-14.210692,1.443278,-6.663982,-9.668166,-10.607960,18.649010,-16.240037,5.763706,0.741071,-1.101299,-13.296661,-59.623563,86.044981,-63.592756,9.403851,-16.677061,-16.752726,-30.163983,-53.987635,-44.302752,37.220225,25.819104,18.698073,-3.741927,4.048961
766.000000,45.833001,3.519510,76.131558,-1.054199,5.098112,1.604797,-0.874824,6.686542,5.028343,4.678221,-14.168449,1.464502,-6.491117,-9.547572,-11.369347,18.580148,-16.180071,5.642261,-0.047849,-0.611438,-13.415588,-60.309075,85.842036,-65.307448,6.627175,-15.851047,-17.606233,-28.882128,-54.289496,-44.331889,37.395385,25.856513,18.963416,-3.896393,3.612557
767.000000,45.790344,3.528654,76.131731,-1.293099,5.127358,2.053034,-1.013467,6.876441,4.595593,4.547671,-14.099121,1.388137,-6.402778,-9.412370,-11.855627,18.551508,-16.153833,5.569760,-0.596356,-0.134014,-13.552868,-61.802796,85.879472,-67.457318,3.533146,-13.971009,-18.410288,-27.903768,-54.776509,-44.342937,37.787824,25.881318,18.856033,-3.956077,3.401877
768.000000,45.748162,3.531833,76.126111,-1.450067,5.126012,2.031885,-0.864704,7.061701,4.540725,4.171781,-13.991970,1.355109,-6.447291,-9.238729,-11.910421,18.551152,-16.081008,5.511002,-0.790773,0.097362,-13.594805,-63.513574,85.913254,-69.328080,0.844470,-13.121500,-18.702405,-27.744433,-55.291754,-44.098751,38.082406,25.961455,19.035169,-3.856701,3.625529
769.000000,45.717502,3.541581,76.127821,-1.495217,5.161551,1.631177,-0.601213,7.176368,4.838293,3.724944,-13.831506,1.272702,-6.583692,-9.079319,-11.622536,18.420733,-15.896726,5.515619,-0.646500,0.007834,-13.787214,-64.670055,85.819544,-70.630706,-0.844408,-14.347958,-18.999179,-27.942698,-55.765233,-43.660953,38.297697,26.150715,18.998161,-3.775386,4.054654
770.000000,45.694414,3.550199,76.144725,-1.450586,5.233580,0.997774,-0.283337,7.225845,5.393939,3.242387,-13.609785,1.153043,-6.784753,-8.955323,-11.125609,18.204863,-15.643677,5.535838,-0.193880,-0.282637,-14.141154,-65.374145,85.675960,-71.558854,-1.779943,-15.742411,-18.926420,-27.503041,-56.809545,-43.343093,38.879984,26.758808,18.396356,-3.376647,4.494283
771.000000,45.659366,3.566000,76.168323,-1.355483,5.335856,0.239840,0.041762,7.234885,6.165295,2.726009,-13.370737,1.039557,-7.015723,-8.830807,-10.459102,17.866535,-15.326840,5.572812,0.327238,-0.503311,-14.677824,-66.114230,85.730847,-72.514793,-2.396233,-15.951401,-18.989522,-27.358364,-59.083274,-42.843116,40.062044,28.192045,16.663823,-2.833022,4.719478
772.000000,45.575637,3.568916,76.181829,-1.239880,5.304619,-0.675707,0.516579,7.245718,6.990177,2.200293,-13.132365,1.058132,-7.158448,-8.657422,-9.625757,17.471685,-15.003279,5.677098,0.838404,-0.564775,-14.742535,-67.189247,85.629487,-73.536098,-2.281171,-15.781907,-18.870173,-28.297807,-63.422835,-42.214787,42.093940,30.509536,13.628916,-2.258339,4.157552
773.000000,45.443016,3.547695,76.198804,-1.031111,5.304035,-1.739074,0.798056,7.205965,8.013052,1.990290,-12.999770,1.080174,-7.616602,-8.537304,-8.563169,17.449602,-14.699762,5.647112,1.545659,-0.642944,-14.657709,-68.561842,85.270909,-74.715371,-1.807874,-15.229223,-18.482299,-29.081272,-69.244827,-40.963537,45.110746,33.259231,8.674690,-2.021040,1.588647
774.000000,45.295161,3.508355,76.211810,-0.790224,5.402353,-2.742508,0.849388,7.147002,8.992051,1.947768,-12.896913,1.056312,-8.287683,-8.440505,-7.490027,17.622807,-14.467939,5.660153,2.103047,-0.694114,-14.629367,-70.059224,84.841939,-76.016058,-1.114424,-14.313018,-18.672528,-28.578828,-75.778763,-38.909651,49.080742,36.489910,2.071846,-2.418906,-2.042768
775.000000,45.149496,3.433811,76.221031,-0.567906,5.565935,-3.587324,0.804906,7.123618,9.885031,1.861505,-12.754633,0.965971,-9.021861,-8.334519,-6.567115,17.888035,-14.312552,5.652387,2.427129,-0.785709,-14.684219,-71.546921,84.367309,-77.321867,-0.269653,-13.172539,-18.873469,-27.085856,-82.306095,-36.066899,54.028569,39.781334,-4.184718,-2.954105,-4.940200
776.000000,45.003381,3.353070,76.225215,-0.374954,5.739324,-4.244799,0.737974,7.106810,10.616544,1.697049,-12.621332,0.901556,-9.765723,-8.208602,-5.722653,18.255579,-14.249372,5.541330,2.365538,-0.828285,-14.615664,-72.687249,84.048920,-78.081951,0.568899,-12.384478,-18.848535,-26.044396,-87.946383,-32.552361,58.631703,42.029651,-8.147281,-3.301588,-5.453715
777.000000,44.858277,3.263057,76.227748,-0.158253,6.017100,-4.742531,0.508599,7.046486,11.203528,1.507725,-12.382972,0.903342,-10.618042,-8.153958,-5.081503,18.702812,-14.267738,5.445997,2.101998,-0.930679,-14.732616,-73.195258,83.789769,-78.590199,1.527377,-12.221967,-18.818464,-24.843177,-92.501122,-29.214830,63.044873,43.066925,-10.166927,-4.173441,-6.321366
778.000000,44.722953,3.211428,76.209682,0.100077,6.323262,-5.144002,0.256395,6.883871,11.682564,1.239820,-12.147234,1.030074,-11.532027,-8.215916,-4.506789,19.286801,-14.412449,5.340440,1.619770,-0.877048,-14.774447,-73.076747,83.796640,-78.739869,2.389188,-11.899988,-19.033867,-23.325204,-96.373266,-26.087957,66.963537,43.559989,-11.709874,-4.900390,-6.959949
779.000000,44.631004,3.104803,76.195437,0.255875,6.538519,-5.412880,0.116600,6.859384,11.966140,0.980839,-11.904561,0.977397,-12.150507,-8.165895,-4.152919,19.700410,-14.575841,5.188591,1.115581,-0.596730,-14.779500,-72.615627,83.963112,-78.627649,3.043983,-11.199623,-19.125365,-22.464176,-99.270065,-23.450498,69.259805,44.228890,-11.702194,-5.053278,-6.639243
780.000000,44.553778,3.031572,76.192230,0.376867,6.743018,-5.639961,-0.021507,6.841519,12.242869,0.744758,-11.676962,0.908122,-12.606712,-8.116047,-3.882118,19.853640,-14.638887,5.090838,0.835515,-0.204261,-14.834030,-72.011757,84.063871,-78.352918,3.590651,-10.181550,-19.261982,-21.884362,-100.621015,-21.489165,68.832714,45.966517,-10.013051,-4.923763,-7.392145
781.000000,44.515324,2.968594,76.199377,0.440894,6.918286,-5.691552,-0.169826,6.840600,12.346700,0.582252,-11.479781,0.871747,-12.781911,-8.094062,-3.876252,19.700950,-14.584831,5.043107,0.628954,0.137868,-14.963611,-71.216866,84.062116,-77.858358,4.033445,-9.731741,-19.331495,-22.208403,-100.947361,-20.616882,66.658944,48.444220,-7.757226,-4.516677,-7.763033
782.000000,44.508642,2.925547,76.207662,0.389420,7.055923,-5.511067,-0.305245,6.903949,12.188507,0.414418,-11.334269,0.846598,-12.700531,-8.044012,-4.105869,19.338163,-14.486409,4.997411,0.392560,0.551359,-15.124470,-70.418649,84.042541,-77.220001,4.309980,-9.780430,-19.220477,-22.597461,-100.230041,-20.686304,63.606676,50.824524,-3.636770,-4.090245,-8.055458
783.000000,44.513100,2.915252,76.216465,0.212201,7.074245,-5.085226,-0.424975,7.036060,11.798546,0.390981,-11.285922,0.834430,-12.367738,-7.989532,-4.583278,18.950795,-14.421348,4.957135,0.169587,1.056364,-15.176721,-69.882534,84.026271,-76.646539,4.315629,-9.533186,-19.301915,-22.568415,-98.746504,-21.632618,60.346490,52.786601,-0.445290,-3.879997,-8.694083
784.000000,44.526628,2.911690,76.221788,-0.022433,6.908564,-4.556826,-0.442628,7.206545,11.290484,0.575823,-11.368934,0.891637,-11.814209,-7.952302,-5.218533,18.628619,-14.387488,4.912141,-0.013300,1.495589,-15.106596,-69.596424,84.038811,-76.232807,4.164864,-9.554649,-19.352183,-22.322132,-96.529568,-23.016025,57.155286,54.530676,2.057819,-3.780448,-8.970309
785.000000,44.548011,2.915945,76.224250,-0.225892,6.597301,-4.162816,-0.285167,7.355085,10.887987,0.833766,-11.576628,0.956269,-11.194189,-7.915172,-5.743796,18.436211,-14.404300,4.884287,0.006368,1.788701,-14.894580,-69.484648,84.008950,-75.838821,4.117810,-9.810512,-19.327970,-22.194083,-93.503732,-24.223671,53.332723,56.279294,6.224070,-3.909670,-8.971377
786.000000,44.559669,2.920397,76.223511,-0.366497,6.255793,-3.992519,-0.025043,7.475603,10.695992,1.064843,-11.756632,0.977504,-10.712093,-7.863266,-6.013994,18.420180,-14.442273,4.887373,0.128963,1.904526,-14.611023,-69.468871,84.097210,-75.439972,4.252733,-9.944094,-19.374170,-21.925667,-90.061836,-25.204149,49.131767,57.691985,10.540905,-4.283793,-8.776140
787.000000,44.579309,2.928444,76.215452,-0.434529,5.964768,-3.962456,0.258597,7.531718,10.655570,1.221275,-11.936848,1.011825,-10.375163,-7.846860,-6.109953,18.494747,-14.518300,4.893959,0.453180,1.945693,-14.350916,-69.428648,84.297314,-74.975840,4.214471,-9.884132,-19.264494,-21.666053,-86.360167,-25.866212,44.479865,58.377545,14.064918,-4.447842,-8.935970
788.000000,44.598004,2.949486,76.208478,-0.480954,5.724806,-3.997263,0.570911,7.548533,10.631624,1.221031,-12.050327,1.124579,-10.101674,-7.828696,-6.124918,18.537419,-14.570018,4.930527,0.745747,1.943007,-14.191742,-69.404339,84.601496,-74.631810,4.315562,-9.459933,-19.403475,-21.395578,-82.586891,-26.068675,39.947277,59.091566,17.286090,-4.271570,-9.726783
789.000000,44.623047,2.977633,76.207459,-0.548072,5.493906,-3.994400,0.900794,7.573725,10.602066,1.150218,-12.088331,1.192292,-9.792309,-7.798671,-6.158814,18.511790,-14.563232,4.943321,0.967999,1.889017,-14.036793,-69.319064,84.953859,-74.393492,4.424970,-9.374249,-19.642294,-21.152160,-78.890556,-26.182955,36.352377,59.460690,19.422432,-4.461477,-9.974238
790.000000,44.629684,3.017336,76.210052,-0.600154,5.304308,-3.973159,1.176622,7.569088,10.596717,1.046743,-12.080749,1.228212,-9.531789,-7.787495,-6.191707,18.448392,-14.507416,4.934295,1.181439,1.822946,-13.722000,-69.191797,85.228808,-74.081564,4.599427,-9.320080,-19.697205,-20.606211,-75.406135,-25.951958,32.876965,59.757468,21.416709,-4.718103,-10.641498
791.000000,44.640332,3.057138,76.211894,-0.657415,5.206425,-3.903104,1.336496,7.570181,10.548145,0.936559,-12.076007,1.250096,-9.325871,-7.777829,-6.256853,18.319235,-14.465837,4.919635,1.301675,1.758849,-13.620132,-69.056109,85.609543,-73.956667,4.638128,-9.049771,-19.858126,-20.550265,-72.370055,-25.492423,30.537325,60.651718,22.866159,-5.169300,-10.993618
792.000000,44.638303,3.089595,76.213998,-0.695976,5.174017,-3.849266,1.382142,7.569690,10.454640,0.880440,-12.053720,1.337460,-9.229613,-7.793563,-6.361868,18.231436,-14.426910,4.948009,1.360313,1.703011,-13.686479,-68.783147,85.889239,-73.917236,4.816965,-9.081179,-20.088182,-20.949242,-69.535151,-24.610135,28.069689,61.460569,24.632748,-5.599137,-11.483624
793.000000,44.596395,3.135793,76.215911,-0.684997,5.159806,-3.800705,1.351027,7.501743,10.336530,0.862187,-12.010925,1.505194,-9.205507,-7.862313,-6.415276,18.164926,-14.346556,5.078493,1.382662,1.573286,-13.651975,-68.577176,86.077343,-73.876030,5.113933,-9.001390,-20.263358,-21.481064,-66.858543,-23.786129,26.069599,61.400218,25.470880,-5.363349,-10.942223
794.000000,44.576064,3.165222,76.225013,-0.721590,5.187733,-3.696271,1.253570,7.502065,10.245904,0.899325,-12.022963,1.564518,-9.169677,-7.873377,-6.525983,18.049644,-14.261343,5.077706,1.372395,1.439152,-13.631668,-68.513983,86.135263,-73.951271,5.324197,-8.828453,-20.259695,-21.340871,-64.840905,-23.231883,25.426855,61.338507,25.620081,-5.071042,-10.751706
795.000000,44.537014,3.215688,76.223916,-0.798681,5.136012,-3.601990,1.231507,7.535541,10.126695,0.947516,-12.064943,1.634550,-9.099435,-7.858116,-6.614354,18.018481,-14.214937,5.110078,1.408591,1.453384,-13.530589,-68.478234,86.101303,-73.920760,5.467817,-8.526327,-20.470050,-20.917975,-63.379361,-22.581944,24.665574,61.516433,25.894062,-5.324433,-11.252583
796.000000,44.572672,3.217913,76.224536,-0.822342,5.247418,-3.576073,1.166172,7.557138,10.122303,0.877842,-12.085546,1.522466,-9.120973,-7.831477,-6.659063,17.888187,-14.171382,5.074586,1.512397,1.333601,-13.644861,-68.477025,86.052262,-73.899710,5.462394,-8.145544,-20.524893,-20.012823,-62.716505,-22.197703,25.181821,62.130413,26.058148,-5.889029,-12.054269
797.000000,44.551408,3.225287,76.230305,-0.837379,5.357540,-3.494676,0.972700,7.563692,10.029418,0.921772,-12.056689,1.542221,-9.177402,-7.834403,-6.751905,17.757051,-14.091491,5.060208,1.521847,1.210464,-13.692684,-68.409419,85.986262,-73.817304,5.487051,-7.953902,-20.493991,-19.700689,-62.222518,-21.851095,25.407219,62.374640,26.423365,-5.813568,-11.600696
798.000000,44.538024,3.244787,76.236773,-0.872795,5.409336,-3.430528,0.879453,7.579212,9.974248,0.924782,-12.053480,1.524978,-9.148150,-7.825151,-6.845116,17.597970,-13.999383,5.061889,1.552866,1.128285,-13.693144,-68.277358,85.982000,-73.719529,5.416313,-8.036483,-20.333051,-19.833076,-62.063122,-21.754496,25.498387,62.462435,26.735071,-5.180919,-10.513702
799.000000,44.527739,3.260900,76.241863,-0.906197,5.480286,-3.351072,0.763189,7.598749,9.877841,0.930985,-12.032060,1.506772,-9.153151,-7.812984,-6.926269,17.462429,-13.898696,5.083136,1.592972,1.105524,-13.738166,-68.280691,86.006726,-73.746434,5.326803,-7.912335,-20.394060,-19.999262,-62.359374,-22.015682,25.938782,62.613457,26.151056,-4.899278,-10.281984
800.000000,44.517589,3.273284,76.248628,-0.936663,5.583286,-3.247262,0.592082,7.616118,9.753321,0.961834,-11.993180,1.483347,-9.225110,-7.818920,-7.044035,17.417039,-13.830584,5.078340,1.657045,1.061096,-13.858966,-68.317007,85.999636,-73.878379,5.304828,-7.812573,-20.422401,-20.292528,-62.854269,-22.433290,26.577991,62.744413,25.295587,-4.679927,-10.130811
801.000000,44.519925,3.283378,76.253754,-0.960657,5.689800,-3.108545,0.430427,7.618408,9.624762,0.946969,-11.914427,1.434534,-9.268103,-7.851907,-7.226081,17.358724,-13.801280,5.086263,1.664985,1.008190,-13.996769,-68.323052,85.997887,-74.041962,5.378160,-7.957658,-20.529264,-20.412498,-63.461166,-22.837964,26.613856,62.845882,24.991230,-5.247858,-10.961732
802.000000,44.542477,3.289063,76.252335,-0.988519,5.773045,-2.951984,0.353416,7.615567,9.496226,0.851258,-11.858686,1.366350,-9.249171,-7.869155,-7.378688,17.265262,-13.778558,5.078790,1.692905,0.929680,-14.174108,-68.375350,85.944298,-74.185540,5.467166,-8.105016,-20.587215,-19.987502,-64.203997,-23.342878,26.805007,63.042557,24.407548,-5.780498,-11.920856
803.000000,44.525516,3.301083,76.246285,-0.965934,5.789031,-2.863126,0.345845,7.548187,9.387065,0.736168,-11.801962,1.468901,-9.265600,-7.921291,-7.397133,17.263539,-13.775464,5.045646,1.692674,0.736953,-14.288375,-68.326952,85.908227,-74.180089,5.607310,-8.254457,-20.487893,-20.032880,-64.843221,-23.666491,27.348677,63.184154,24.563083,-5.608054,-11.763198
804.000000,44.610512,3.268762,76.250941,-1.046780,5.847494,-2.679535,0.324996,7.642726,9.237269,0.686662,-11.760171,1.350565,-9.117950,-7.852427,-7.620610,17.106255,-13.784799,5.033217,1.637808,0.696110,-14.496528,-68.252858,85.947706,-74.072664,5.603602,-8.331087,-20.447529,-19.988390,-65.314688,-24.101492,27.708940,63.185329,24.512808,-5.453098,-11.670264
805.000000,44.608840,3.269076,76.242179,-1.039937,5.787790,-2.634137,0.355102,7.625634,9.197412,0.761432,-11.838522,1.424756,-9.045979,-7.888988,-7.645032,17.124703,-13.810805,5.068866,1.679148,0.569664,-14.524677,-68.132380,85.925241,-73.890783,5.669237,-8.404132,-20.580335,-19.870497,-65.712902,-24.454289,27.931698,63.305246,23.901752,-5.715939,-11.954152
806.000000,44.670224,3.228359,76.241791,-1.094401,5.697233,-2.614819,0.489948,7.717043,9.164371,0.801110,-11.897367,1.432649,-8.834473,-7.810411,-7.735375,17.060289,-13.839850,5.059587,1.707912,0.513957,-14.529231,-67.900038,85.978893,-73.677517,5.684910,-8.447612,-20.512942,-20.024339,-65.847648,-24.593578,28.129613,63.284414,24.079103,-5.555266,-10.911161
807.000000,44.680446,3.213155,76.229107,-1.086159,5.567938,-2.698381,0.656087,7.731359,9.242889,0.834535,-11.982777,1.524563,-8.691501,-7.785142,-7.652290,17.048106,-13.863752,5.034034,1.770997,0.419915,-14.523586,-67.622670,86.017080,-73.479366,5.762843,-8.317602,-20.474691,-20.171859,-65.856807,-24.610200,28.146808,63.389504,24.317152,-5.132109,-10.023061
808.000000,44.729054,3.196689,76.220846,-1.102662,5.513244,-2.706303,0.769499,7.767972,9.305443,0.834876,-12.068305,1.555071,-8.554024,-7.757587,-7.676254,16.980316,-13.902816,5.038635,1.779651,0.421840,-14.588859,-67.331745,86.090512,-73.222920,5.794839,-8.213134,-20.517815,-20.179954,-65.778232,-24.615167,27.997656,63.362859,24.360486,-5.027623,-9.700412
809.000000,44.791019,3.138941,76.224709,-1.179153,5.490558,-2.706127,0.848108,7.914033,9.303353,0.849306,-12.093705,1.450930,-8.397601,-7.621475,-7.743801,16.856581,-13.921419,5.001401,1.769383,0.496056,-14.630969,-67.081883,86.202021,-73.052486,5.821730,-8.357115,-20.404435,-19.819346,-65.662966,-24.556927,27.737492,63.380037,24.297167,-5.487503,-11.826656
810.000000,44.822037,3.109017,76.224589,-1.259245,5.422337,-2.697680,0.967484,8.033438,9.318397,0.828919,-12.116502,1.387462,-8.209579,-7.500203,-7.788747,16.705203,-13.905321,4.979446,1.704123,0.575436,-14.637020,-66.867955,86.323954,-72.969035,5.884504,-8.403208,-20.473297,-19.975278,-65.456633,-24.389940,27.756045,63.416899,24.233175,-5.533152,-11.582986
811.000000,44.841889,3.088508,76.222813,-1.308315,5.332905,-2.732238,1.123908,8.103296,9.310414,0.791967,-12.144020,1.423661,-8.041514,-7.412532,-7.779848,16.603295,-13.914932,4.975021,1.679660,0.648339,-14.605388,-66.749649,86.440272,-72.935478,5.910272,-8.097687,-20.379037,-20.103677,-65.277470,-24.269399,27.978386,63.393124,24.388425,-5.465787,-10.572632
812.000000,44.799259,3.089155,76.216018,-1.265548,5.217092,-2.847144,1.267505,8.062447,9.429716,0.771935,-12.172779,1.529290,-8.024466,-7.433469,-7.639747,16.689589,-13.936210,4.952825,1.765112,0.609679,-14.506927,-66.627498,86.425867,-72.845443,6.003703,-7.762796,-20.311231,-20.126817,-65.190822,-24.208470,27.998171,63.426277,24.413777,-5.229005,-9.895163
813.000000,44.807172,3.089787,76.215911,-1.251058,5.164079,-2.887818,1.348749,8.047086,9.471381,0.771942,-12.188420,1.545979,-7.975509,-7.442429,-7.592268,16.704669,-13.954800,4.961741,1.826411,0.602851,-14.457811,-66.503127,86.412131,-72.689674,6.117815,-7.712596,-20.332169,-20.127219,-65.131707,-24.186388,27.969794,63.393199,24.668990,-4.931833,-9.777912
814.000000,44.823816,3.089635,76.230997,-1.240753,5.230408,-2.851201,1.241533,8.036599,9.450190,0.837582,-12.131283,1.495861,-7.980019,-7.465280,-7.661737,16.619375,-13.909858,4.965426,1.921042,0.579768,-14.725051,-66.420093,86.377052,-72.783753,6.129723,-7.916503,-20.444846,-19.862574,-64.917478,-24.272728,27.870782,63.363583,24.511066,-5.179490,-10.445875
815.000000,44.862264,3.089521,76.239938,-1.272341,5.329225,-2.816613,1.125346,8.082444,9.433845,0.893569,-12.139963,1.429520,-7.988416,-7.432342,-7.743228,16.495253,-13.854820,4.995827,1.965509,0.635373,-14.933083,-66.467166,86.373172,-72.931066,6.110058,-8.024894,-20.444771,-19.964961,-64.783586,-24.319474,27.988467,63.245127,24.545513,-5.154220,-10.301892
816.000000,44.854853,3.107403,76.241839,-1.298482,5.394165,-2.797496,1.012940,8.101682,9.405827,0.936077,-12.147352,1.400773,-8.045380,-7.413953,-7.760505,16.452037,-13.797683,5.001768,2.002697,0.726970,-15.020134,-66.623072,86.376983,-73.126334,6.083754,-7.841851,-20.544015,-19.965642,-64.803530,-24.390534,28.253936,63.186886,24.961348,-4.975339,-10.486130
817.000000,44.824800,3.164379,76.236069,-1.271977,5.501312,-2.696613,0.795560,8.009819,9.290492,0.997199,-12.207962,1.347239,-8.185768,-7.524645,-7.828712,16.476254,-13.778302,5.120160,2.068739,0.827405,-15.081896,-66.707691,86.345421,-73.292827,6.030748,-7.973784,-20.796785,-18.681780,-65.313281,-24.663395,27.793006,64.005129,23.117496,-7.080259,-14.588794
818.000000,44.770345,3.195200,76.245886,-1.238609,5.466001,-2.708487,0.775569,7.937283,9.220119,1.038070,-12.145889,1.564277,-8.215576,-7.582688,-7.776334,16.504462,-13.699870,5.105337,2.101375,0.632808,-14.926934,-66.747737,86.353207,-73.318645,6.081530,-7.910127,-20.384904,-20.012529,-65.098335,-24.694083,28.738526,63.131992,24.474260,-4.865525,-10.207207
819.000000,44.755152,3.213545,76.241851,-1.241484,5.466213,-2.620990,0.718052,7.908238,9.104654,1.068829,-12.184374,1.542501,-8.216771,-7.624155,-7.849540,16.526908,-13.705908,5.147298,2.169999,0.613525,-14.821394,-66.780481,86.426475,-73.301665,6.038333,-7.925504,-20.476461,-19.873747,-65.568095,-25.355423,29.358359,63.087520,24.182261,-4.715020,-9.950975
820.000000,44.743749,3.215713,76.239187,-1.288284,5.415326,-2.597583,0.770684,7.958987,9.099400,1.046356,-12.221554,1.446198,-8.152203,-7.590854,-7.912994,16.520505,-13.725249,5.136918,2.377092,0.596756,-14.508874,-66.879102,86.424679,-73.228289,6.106516,-7.850635,-20.483719,-19.546543,-66.546362,-26.128634,30.442751,63.264074,22.984580,-4.750590,-10.317848
821.000000,44.733632,3.215723,76.248831,-1.343052,5.435567,-2.560864,0.733404,8.025093,9.073690,1.038338,-12.212193,1.257231,-8.142573,-7.539375,-7.997690,16.460474,-13.679654,5.137724,2.682824,0.521613,-14.343478,-67.068749,86.501682,-73.243882,6.115475,-7.841226,-20.664534,-19.138977,-67.858558,-27.161658,31.802122,63.376185,20.780707,-5.357664,-11.697548
822.000000,44.679874,3.238352,76.256347,-1.329835,5.483301,-2.625301,0.685153,8.009173,9.186762,0.971057,-12.153061,1.129789,-8.266459,-7.547231,-7.927836,16.452351,-13.585212,5.189883,3.079746,0.301406,-14.229986,-67.268122,86.447840,-73.255958,6.285120,-7.768350,-20.582572,-19.379234,-69.409072,-28.180693,33.653049,62.974570,18.912497,-5.138724,-11.268118
823.000000,44.629809,3.266317,76.262498,-1.255000,5.574131,-2.725203,0.609406,7.918794,9.295215,0.871231,-12.031890,1.068456,-8.446605,-7.614437,-7.804986,16.431740,-13.515619,5.252410,3.411748,0.002668,-14.317362,-67.488280,86.390166,-73.321650,6.601642,-7.741415,-20.557348,-19.555516,-71.144316,-29.165406,35.960659,62.135904,16.968575,-5.106180,-10.938982
824.000000,44.583198,3.296019,76.270998,-1.149867,5.670739,-2.835299,0.540064,7.785171,9.409968,0.736820,-11.854366,0.983200,-8.621452,-7.713646,-7.664180,16.389280,-13.435616,5.330826,3.681641,-0.352645,-14.384484,-67.619870,86.346664,-73.368034,7.016823,-7.858545,-20.633315,-19.651993,-73.248697,-30.067753,38.392224,61.127994,14.492217,-5.210888,-10.725360
825.000000,44.537061,3.311716,76.284122,-1.045574,5.735019,-2.939485,0.463972,7.667262,9.497056,0.696535,-11.726472,0.861634,-8.797141,-7.806522,-7.526921,16.427018,-13.395016,5.311006,3.851124,-0.721262,-14.494988,-67.665817,86.233324,-73.350809,7.415839,-7.715640,-20.684364,-19.886067,-75.548647,-30.555049,41.442849,60.259959,13.133827,-4.827429,-9.312550
826.000000,44.492432,3.317919,76.292980,-0.912358,5.819916,-3.053639,0.338694,7.537714,9.667322,0.712404,-11.667415,0.753668,-9.021020,-7.909982,-7.336950,16.489936,-13.410573,5.280291,3.999929,-1.035813,-14.659517,-67.589865,86.111856,-73.290607,7.579962,-7.495196,-20.628320,-19.514414,-77.930799,-30.836344,44.849020,59.373475,12.060324,-4.681312,-8.997560
827.000000,44.442800,3.310180,76.295859,-0.793977,5.888988,-3.141380,0.217416,7.427161,9.779058,0.733179,-11.617554,0.696659,-9.240578,-8.003167,-7.169131,16.601801,-13.420089,5.238856,4.004449,-1.285349,-14.684630,-67.389071,86.041990,-72.962150,7.704721,-7.388612,-20.552417,-19.385569,-80.486068,-30.631513,47.756611,58.850918,10.618197,-4.577679,-8.731500
828.000000,44.409591,3.283577,76.299304,-0.689705,5.961941,-3.178278,0.117974,7.332530,9.789529,0.705702,-11.508769,0.707830,-9.412040,-8.080372,-7.077393,16.667250,-13.450526,5.222974,3.914237,-1.470076,-14.794444,-67.108555,85.966769,-72.610935,7.759646,-7.372136,-20.499641,-19.284044,-82.844778,-30.211306,50.713273,58.283090,9.497380,-4.369576,-8.851147
829.000000,44.389686,3.242670,76.301253,-0.609469,6.027095,-3.178185,0.032507,7.273917,9.797390,0.675143,-11.456811,0.685675,-9.541764,-8.136396,-7.032673,16.731428,-13.527004,5.162098,3.816151,-1.537056,-14.957580,-66.704338,85.836702,-72.242139,7.741985,-7.509924,-20.421400,-18.842103,-84.904873,-29.532437,53.286079,57.789568,9.099916,-4.497760,-9.256978
830.000000,44.354585,3.194023,76.308912,-0.551417,6.046216,-3.163126,-0.059591,7.251651,9.797487,0.735461,-11.384272,0.657568,-9.627057,-8.157403,-7.002617,16.798381,-13.562776,5.112155,3.543927,-1.527451,-14.993425,-66.123731,85.783126,-71.774175,7.838437,-7.701865,-20.241527,-19.042156,-86.733854,-28.564264,55.608040,57.042246,8.833666,-4.138603,-8.603019
831.000000,44.320166,3.138925,76.311553,-0.505093,6.058028,-3.168104,-0.174463,7.258026,9.799056,0.869429,-11.374510,0.654320,-9.713569,-8.155865,-6.957080,16.875471,-13.614280,5.041177,3.244136,-1.445151,-15.024473,-65.547884,85.837453,-71.314203,7.904931,-7.731253,-20.121283,-18.978864,-88.348948,-27.429196,57.548777,56.328522,8.275886,-3.897893,-8.092213
832.000000,44.287252,3.075700,76.315528,-0.455160,6.071662,-3.253892,-0.295428,7.290716,9.876206,1.073089,-11.408882,0.682282,-9.809283,-8.123566,-6.852244,16.926290,-13.663168,4.990027,3.011098,-1.350566,-15.055462,-64.946384,85.918561,-70.861341,7.951681,-7.745915,-20.107242,-19.093449,-89.565739,-26.187500,58.931992,55.496680,8.009512,-3.777784,-8.234309
833.000000,44.250602,3.021608,76.315749,-0.401563,6.107152,-3.366331,-0.430533,7.314284,9.974985,1.254092,-11.438718,0.713697,-9.916227,-8.091551,-6.717487,16.926728,-13.693707,4.987835,2.837931,-1.236979,-15.088202,-64.290351,85.949229,-70.325069,8.047290,-7.890636,-20.084064,-19.344441,-90.546773,-24.920171,59.837751,54.987421,7.812200,-3.735182,-8.287289
834.000000,44.227836,2.976992,76.314521,-0.358838,6.130614,-3.438843,-0.520017,7.335078,10.097610,1.382309,-11.468485,0.759284,-10.000790,-8.066120,-6.609805,16.957345,-13.733716,4.952950,2.721357,-1.094412,-15.111683,-63.643423,85.867861,-69.783155,8.079376,-7.981306,-19.966477,-19.296685,-91.280882,-23.873316,60.296384,54.643474,7.783634,-3.542072,-8.282751
835.000000,44.210631,2.944282,76.311755,-0.355587,6.130874,-3.477910,-0.551586,7.369225,10.128558,1.439926,-11.451110,0.814793,-10.054240,-8.016934,-6.529126,17.016993,-13.779594,4.886264,2.650307,-0.869511,-15.130001,-63.178225,85.774123,-69.369703,8.069838,-7.896622,-19.988028,-19.185629,-91.763277,-23.052734,60.515339,54.529519,7.885916,-3.523539,-8.472518
836.000000,44.194251,2.930207,76.307136,-0.364733,6.114121,-3.513258,-0.531397,7.400711,10.201466,1.443275,-11.465214,0.858920,-10.110489,-7.982693,-6.469653,17.126170,-13.818355,4.862040,2.593960,-0.677577,-15.138665,-62.823957,85.680789,-69.002246,8.091039,-7.709055,-20.014942,-19.245595,-91.954058,-22.497537,60.388557,54.583747,8.038485,-3.491026,-8.642762
837.000000,44.187167,2.924666,76.300609,-0.379828,6.080946,-3.510628,-0.496056,7.422669,10.208846,1.436343,-11.491874,0.854931,-10.113511,-7.960739,-6.449042,17.200274,-13.874121,4.832100,2.453932,-0.538955,-15.136490,-62.459109,85.672203,-68.622637,8.096184,-7.814326,-19.910268,-19.187876,-92.005257,-22.243921,60.221553,54.800189,8.336313,-3.481220,-8.682817
838.000000,44.186828,2.932820,76.297837,-0.396131,6.041821,-3.503100,-0.455476,7.424605,10.175325,1.446807,-11.510009,0.883198,-10.073743,-7.954671,-6.460655,17.218670,-13.888588,4.808068,2.312933,-0.420024,-15.169112,-62.078893,85.715473,-68.237968,8.115076,-7.936527,-19.834651,-19.052213,-91.828369,-22.324593,59.897890,55.012000,8.717952,-3.519702,-8.689795
839.000000,44.194204,2.952927,76.296347,-0.410499,5.998272,-3.475713,-0.409926,7.418928,10.204210,1.461120,-11.521470,0.894022,-9.984261,-7.958485,-6.462352,17.160997,-13.874185,4.835978,2.175272,-0.311146,-15.215143,-61.702399,85.775285,-67.909518,8.113760,-7.973252,-19.883382,-19.043775,-91.382023,-22.774620,59.246529,55.175740,9.125416,-3.482087,-8.731497
840.000000,44.209853,2.988701,76.297617,-0.435530,5.976465,-3.422653,-0.384623,7.403014,10.117277,1.446090,-11.551598,0.924676,-9.879918,-7.992569,-6.579910,17.056902,-13.826315,4.893485,2.048119,-0.163346,-15.286319,-61.343035,85.806007,-67.627943,8.116423,-7.878577,-19.935715,-19.041444,-90.501318,-23.503477,57.969277,55.378402,10.281539,-3.491703,-8.975030
841.000000,44.225636,3.026511,76.298440,-0.491523,5.983200,-3.298783,-0.449510,7.413165,9.942078,1.526975,-11.597462,1.000445,-9.754507,-8.000766,-6.735048,16.886222,-13.734909,4.957430,1.835473,0.022874,-15.394384,-60.980708,85.879855,-67.347257,8.127871,-7.812566,-19.874204,-19.110323,-89.118717,-24.467399,55.782609,55.623049,11.592959,-3.613557,-9.191383
842.000000,44.257605,3.062268,76.299489,-0.580731,5.990234,-3.096660,-0.523493,7.446639,9.762751,1.608165,-11.653016,1.132166,-9.591966,-7.996406,-6.974288,16.737290,-13.665200,4.990610,1.529116,0.199001,-15.548004,-60.615210,86.079126,-67.073708,7.947564,-7.972953,-19.812253,-19.520182,-86.961750,-25.579069,52.767531,55.510932,13.399473,-3.603504,-9.004260
843.000000,44.295233,3.103557,76.285547,-0.685627,5.931683,-2.911541,-0.451420,7.482966,9.589876,1.582803,-11.787409,1.262182,-9.442622,-7.968568,-7.125066,16.764293,-13.752207,4.981008,1.152866,0.331484,-15.536768,-60.157601,86.360721,-66.441451,7.657905,-8.168188,-19.566059,-19.407204,-84.014271,-26.741514,49.084581,54.489330,16.118758,-3.820915,-9.044298
844.000000,44.318870,3.139911,76.270705,-0.743809,5.829862,-2.759878,-0.360830,7.477870,9.385076,1.603574,-11.949206,1.328751,-9.445922,-7.974274,-7.149576,17.127758,-14.018872,4.920808,0.875559,0.186448,-15.575399,-59.812274,86.201311,-65.175277,7.071429,-9.359758,-18.927019,-19.088944,-80.490050,-28.172259,45.510022,51.982920,18.458950,-4.003534,-8.542066
845.000000,44.252002,3.180031,76.236165,-0.733504,5.589582,-2.497422,-0.360115,7.387535,9.144922,1.894987,-12.233898,1.335365,-9.678156,-8.158852,-7.257537,18.184107,-14.581219,4.822510,0.708996,-0.067994,-15.307620,-60.330282,83.438889,-62.824278,7.414913,-11.892366,-17.783697,-16.223064,-77.757073,-29.177550,42.917183,49.963503,20.072662,-3.934199,-8.654782
846.000000,44.010144,3.243276,76.200247,-0.655459,5.350881,-1.660127,-0.885793,7.110576,8.331536,2.555197,-12.481567,1.335369,-10.120250,-8.698818,-7.877025,19.729640,-15.375620,4.614815,0.242905,0.018173,-14.790443,-62.281476,75.867603,-60.573936,10.697650,-15.559775,-15.742439,-6.195704,-76.929527,-28.629914,41.982854,50.708817,22.085934,-4.345241,-11.746951
847.000000,43.580955,3.327303,76.168323,-0.745378,5.239877,0.190155,-2.448160,6.798863,6.358168,4.158761,-12.918061,1.289258,-10.444649,-9.375396,-9.373501,21.095702,-16.247125,4.196868,-0.432453,0.360487,-13.557623,-67.267514,63.033739,-59.438048,18.313368,-21.309155,-12.775949,5.459343,-78.076125,-28.226040,43.067956,52.772504,24.192134,-4.695913,-15.827532
848.000000,43.013582,3.390337,76.165318,-0.960623,5.305930,2.452908,-4.777494,6.457141,3.842681,6.427668,-13.324406,1.046718,-10.597487,-9.963093,-11.280136,21.700585,-16.818549,3.848305,-2.084681,0.452999,-12.160271,-72.651664,49.857847,-56.846783,29.546674,-31.145936,-10.000503,6.649526,-80.089862,-27.794478,43.848681,55.578851,24.809071,-3.536095,-14.396341
849.000000,42.439148,3.472090,76.166880,-1.565732,5.867902,4.514850,-7.579498,6.410905,1.553549,8.506127,-13.612228,0.620736,-10.785205,-10.078725,-13.349805,21.079992,-16.637453,3.887999,-3.996729,1.576660,-10.541547,-79.673118,37.311766,-54.071818,46.658815,-38.691157,-6.913880,4.556109,-83.050886,-26.957225,44.209769,59.120533,26.804656,-2.097907,-11.981395
850.000000,41.980082,3.562913,76.215678,-2.007638,6.840043,5.662607,-9.938692,6.306812,0.382468,9.413665,-13.195442,0.177125,-11.453961,-10.158984,-14.669172,20.074855,-15.872748,4.511483,-5.987676,2.871734,-9.403542,-85.365221,29.935510,-53.423680,60.085871,-39.384715,-3.146554,7.555829,-85.480125,-25.536916,45.119007,61.430933,29.193181,-1.446701,-12.488600
851.000000,41.608146,3.622152,76.269907,-2.042629,7.682150,5.565654,-11.466079,6.213792,0.518427,9.833584,-12.699898,-0.388894,-12.557534,-10.262494,-14.659300,19.577076,-14.895526,5.186781,-7.101895,3.728890,-8.152347,-89.252657,26.756057,-53.565987,67.157808,-38.305695,-3.989677,8.578195,-87.605154,-24.245462,46.543791,62.778885,28.970022,-1.193945,-11.696454
852.000000,41.320586,3.607862,76.310104,-1.793141,8.509452,4.438891,-12.330665,6.268035,1.497336,9.748331,-12.157503,-0.872535,-13.991666,-10.132424,-13.548794,19.226498,-13.910606,5.614253,-6.949281,3.932576,-6.990632,-92.904069,24.458808,-52.945222,74.162310,-36.401312,-4.311981,8.596846,-89.860462,-23.196347,47.921417,64.624060,28.631144,-0.977522,-10.734686
853.000000,41.071546,3.573776,76.340503,-1.399924,9.153357,3.038074,-12.715032,6.335117,2.765703,9.377723,-11.643645,-1.063535,-15.280178,-9.968472,-12.185936,18.912282,-13.111709,5.868339,-6.186550,3.802776,-5.693164,-96.005385,22.788745,-51.062221,80.194139,-36.230394,-3.960224,11.198576,-91.858128,-22.899666,49.243697,65.749805,29.516355,-1.016415,-10.923137
854.000000,40.876293,3.560581,76.365542,-1.085843,9.892637,1.881473,-13.178259,6.417437,3.863423,8.936667,-11.082874,-1.222885,-16.442139,-9.784250,-11.050944,18.390240,-12.267747,6.166936,-5.750965,3.986813,-4.763881,-97.401892,22.593207,-49.039877,81.374730,-38.332466,-4.770528,11.813147,-93.841041,-22.554840,49.671591,66.457549,29.240135,-0.996294,-10.522246
855.000000,40.796232,3.553063,76.379156,-0.936488,10.867532,1.157426,-14.006954,6.523041,4.527982,8.612818,-10.536127,-1.299515,-17.459772,-9.602154,-10.508059,17.543401,-11.492601,6.418054,-5.315427,4.565939,-4.678756,-97.246765,23.023688,-50.033444,80.077787,-38.202092,-5.299166,11.253942,-94.998041,-22.664074,49.961444,66.187818,29.270106,-1.044671,-10.838904
856.000000,40.815455,3.507594,76.411200,-1.008603,11.616363,0.941499,-14.711435,6.727639,4.699516,8.380879,-10.122109,-1.367542,-17.804631,-9.287550,-10.444782,16.349636,-10.722502,6.552861,-5.316069,4.943085,-4.695490,-96.916252,23.426359,-50.825791,79.340557,-38.517564,-5.516022,11.322575,-95.427168,-23.119265,50.250214,65.339693,29.305627,-1.126617,-11.389644
857.000000,40.918255,3.462667,76.438683,-1.213162,11.974562,1.054357,-15.013647,6.969541,4.721377,8.214731,-9.951470,-1.439428,-17.571719,-8.964725,-10.635639,15.272043,-10.149985,6.523774,-5.679420,5.353476,-4.677677,-96.599126,23.848044,-50.901589,79.019620,-38.654120,-5.523618,11.483755,-95.586845,-23.395044,50.346868,64.872194,28.890184,-1.092932,-11.219552
858.000000,41.038036,3.445249,76.452965,-1.373672,12.131166,1.153920,-15.130256,7.123998,4.654206,8.242443,-9.982886,-1.367966,-17.346941,-8.734024,-10.739719,14.680549,-9.835478,6.455850,-5.795710,5.890755,-4.846427,-96.135083,24.205057,-51.399267,78.675610,-38.188527,-5.673747,11.553641,-95.410318,-23.496722,50.471755,64.837299,28.985147,-1.153458,-11.240988
859.000000,41.134039,3.426957,76.454920,-1.415504,12.137094,1.091523,-15.077948,7.222889,4.746078,8.359256,-10.122096,-1.280941,-17.247476,-8.621964,-10.705782,14.581728,-9.799455,6.406589,-5.615242,6.255838,-4.873435,-95.871185,24.558743,-51.702572,78.477644,-38.138923,-5.826985,11.689666,-95.160661,-23.593393,50.323065,64.765623,29.125183,-1.249066,-11.456481
860.000000,41.217807,3.411458,76.442140,-1.371417,12.201272,0.933643,-15.020786,7.262875,4.906713,8.356691,-10.239554,-1.249020,-17.356757,-8.591104,-10.545664,14.710037,-9.933147,6.385895,-5.310607,6.455278,-5.027474,-95.709836,25.023346,-51.904698,78.185148,-37.876739,-5.748047,11.765449,-94.857080,-23.644262,50.149773,64.583967,29.116762,-1.302480,-11.664912
861.000000,41.303718,3.404462,76.427937,-1.329336,12.261980,0.859774,-14.928131,7.259358,5.027578,8.237480,-10.281638,-1.261105,-17.407396,-8.599988,-10.441522,14.776629,-10.083045,6.374285,-5.019450,6.586531,-5.201862,-95.626815,25.443392,-51.965510,77.959766,-37.703843,-5.760503,11.746954,-94.610414,-23.693040,50.019757,64.520412,28.922443,-1.388188,-11.682439
862.000000,41.393065,3.408158,76.423293,-1.342724,12.229748,0.945048,-14.780244,7.237302,5.017979,8.093060,-10.309210,-1.249446,-17.261539,-8.612045,-10.460152,14.765411,-10.221101,6.315183,-4.863765,6.733670,-5.297348,-95.575329,25.702622,-51.963611,77.931004,-37.758433,-5.666642,11.856362,-94.340349,-23.780060,49.864469,64.267798,29.311951,-1.430418,-11.701807
863.000000,41.472694,3.408884,76.425928,-1.408476,12.131532,1.170360,-14.677320,7.219860,4.840335,8.149348,-10.393680,-1.225890,-17.014814,-8.615917,-10.594247,14.774698,-10.353034,6.253661,-4.879396,6.883134,-5.332943,-95.442666,25.887670,-52.059326,77.703142,-37.971655,-5.636467,12.068966,-94.023018,-24.080638,50.122927,63.553093,29.523581,-1.305584,-11.750324
864.000000,41.534162,3.417844,76.420653,-1.517205,12.021664,1.469525,-14.623599,7.225059,4.623951,8.216874,-10.511041,-1.277830,-16.762430,-8.626518,-10.848582,14.825950,-10.488730,6.193557,-4.925788,7.021929,-5.326412,-95.272581,25.949822,-52.400002,77.317516,-37.982272,-5.565317,12.097116,-93.765274,-24.637404,50.718458,62.566555,29.832210,-0.979008,-11.822604
865.000000,41.587624,3.420875,76.418060,-1.617267,11.923647,1.748932,-14.579553,7.232013,4.411750,8.279593,-10.575328,-1.325937,-16.572329,-8.655905,-11.132915,14.945965,-10.627464,6.109850,-4.910405,7.046601,-5.350252,-95.123826,25.759468,-51.922480,77.189573,-37.996885,-5.632486,11.646771,-94.076287,-24.581060,50.359050,63.405391,29.177564,-1.008851,-11.566190
866.000000,41.616994,3.419657,76.412982,-1.685511,11.912871,1.974831,-14.606933,7.222928,4.224671,8.287807,-10.590007,-1.415718,-16.558351,-8.691603,-11.305582,15.135612,-10.759647,6.018734,-4.809372,6.886344,-5.485113,-94.920546,25.333790,-50.515020,77.078562,-38.940667,-5.790521,11.752164,-94.486467,-24.824072,50.433396,63.801159,28.148272,-0.999273,-10.985918
867.000000,41.630989,3.411944,76.398796,-1.723068,11.949995,2.113456,-14.666873,7.217182,4.105068,8.260422,-10.616989,-1.560186,-16.675789,-8.719200,-11.353649,15.394903,-10.894868,5.905158,-4.602635,6.577356,-5.710760,-94.442480,24.766713,-48.771768,76.754770,-39.982377,-6.040541,11.546969,-95.166986,-25.286701,51.115736,64.044532,27.283455,-0.905202,-10.249738
868.000000,41.630536,3.400944,76.389134,-1.716407,11.995129,2.187087,-14.722953,7.186701,4.039561,8.225584,-10.599318,-1.663329,-16.850184,-8.770517,-11.338728,15.687126,-11.030034,5.715099,-4.620155,6.095025,-5.917302,-93.530220,24.400062,-46.599218,75.929977,-41.575607,-6.479148,11.655331,-96.095537,-25.672374,52.026080,63.871080,26.282211,-0.840756,-9.681832
869.000000,41.622487,3.394006,76.375777,-1.703817,12.138814,2.313236,-14.893373,7.122632,4.011935,8.161863,-10.556535,-1.796594,-17.091708,-8.855041,-11.369249,15.912239,-11.166650,5.506185,-4.881269,5.399415,-6.299120,-92.252039,24.069389,-43.581378,74.972050,-43.419909,-7.100951,11.794315,-97.127155,-26.035868,53.174826,63.174653,25.068813,-0.756496,-8.947764
870.000000,41.616246,3.368283,76.358688,-1.674931,12.318544,2.386745,-15.074940,7.080514,4.004907,8.070960,-10.562701,-1.965123,-17.321227,-8.901801,-11.351550,15.995191,-11.316274,5.243393,-5.274082,4.646715,-6.692725,-90.681888,23.924356,-40.332926,73.978346,-44.664103,-7.635809,11.872341,-98.491376,-26.234856,54.622508,62.557224,23.634256,-0.556178,-7.479801
871.000000,41.595745,3.329074,76.342559,-1.618523,12.458568,2.368506,-15.202835,7.050163,4.037171,7.976975,-10.542986,-2.086437,-17.568753,-8.933371,-11.283517,16.134652,-11.492976,4.977147,-5.752766,3.919123,-7.043328,-88.740352,23.841231,-37.077231,73.122236,-46.347639,-8.135288,12.420097,-99.992023,-26.400633,56.604329,61.661862,22.946231,-0.187837,-6.391252
872.000000,41.564697,3.289229,76.329130,-1.528577,12.509081,2.295623,-15.229688,7.017887,4.175011,7.913463,-10.564855,-2.203663,-17.809015,-8.976221,-11.104976,16.407894,-11.696841,4.718796,-5.996751,3.434876,-7.217383,-86.696582,23.544210,-34.095888,72.491359,-47.582281,-8.520866,12.994075,-101.508222,-26.408911,58.239425,60.864034,22.045663,-0.002584,-5.792839
873.000000,41.546845,3.231592,76.322043,-1.419307,12.655745,2.169793,-15.360168,6.990800,4.334558,7.885241,-10.525492,-2.300697,-18.203487,-9.015507,-10.912586,16.760991,-11.935042,4.566095,-6.364035,3.053690,-7.681302,-84.323391,23.390837,-32.061895,71.904857,-48.541683,-8.932740,13.483079,-102.694988,-26.115621,59.819213,60.061371,21.605299,0.192871,-5.503427
874.000000,41.529435,3.170719,76.308745,-1.314193,12.779401,2.163190,-15.529999,6.919429,4.352722,7.918201,-10.471454,-2.389850,-18.531939,-9.118594,-10.858379,17.117996,-12.174682,4.422340,-6.805398,2.758732,-8.225557,-81.873382,23.154244,-30.382331,71.386767,-49.374584,-9.270191,13.848624,-103.496825,-25.749815,60.978385,59.282046,21.653832,0.287431,-5.521072
875.000000,41.500866,3.118181,76.299948,-1.239229,12.706429,2.191256,-15.484515,6.871572,4.360362,7.927150,-10.474636,-2.433725,-18.599235,-9.195222,-10.821773,17.404779,-12.352330,4.234127,-7.128512,2.558963,-8.368189,-79.856516,22.652041,-28.678209,71.004058,-49.811764,-9.488989,14.203922,-104.142039,-25.426948,61.676779,58.800996,21.508590,0.466865,-5.392399
876.000000,41.476366,3.057602,76.292199,-1.238346,12.633688,2.273052,-15.499694,6.883851,4.259562,8.024015,-10.506813,-2.445747,-18.574324,-9.176107,-10.833797,17.535281,-12.519050,4.056150,-7.477935,2.480047,-8.413782,-78.291166,22.062797,-27.003474,70.645712,-50.337845,-9.586175,14.381155,-104.500453,-25.035483,61.912871,58.506151,21.249863,0.566027,-5.178953
877.000000,41.443703,2.991660,76.278156,-1.318870,12.598452,2.391350,-15.604749,6.996090,4.156031,8.182214,-10.593328,-2.505370,-18.567777,-9.065415,-10.898667,17.614419,-12.689508,3.908238,-7.740652,2.593324,-8.467606,-77.258408,21.528210,-26.011203,70.454679,-50.458958,-9.566516,14.378851,-104.482736,-24.634556,61.597098,58.468817,21.017368,0.696079,-5.008071
878.000000,41.419828,2.896400,76.262623,-1.449650,12.617413,2.334522,-15.679147,7.261195,4.114345,8.265265,-10.662427,-2.575742,-18.666012,-8.763175,-10.804680,17.669375,-12.798548,3.856603,-7.810451,2.749732,-8.606043,-76.782815,21.183046,-25.469113,70.399887,-50.614786,-9.472328,14.135855,-104.078983,-24.152182,60.851159,58.777671,21.102552,0.926986,-4.312821
879.000000,41.443446,2.805695,76.264304,-1.520746,12.451585,1.874131,-15.231390,7.652457,4.479508,8.059185,-10.724725,-2.488396,-18.610650,-8.335458,-10.403121,17.677899,-12.746573,3.928671,-7.539170,2.881399,-8.721114,-76.746580,21.271815,-25.802803,70.522571,-50.225987,-9.190541,13.978850,-103.234935,-23.758929,59.820279,58.998976,21.504051,1.219116,-3.509142
880.000000,41.457143,2.761125,76.277155,-1.512174,12.237911,1.519989,-14.707349,7.840898,4.806023,7.747096,-10.701013,-2.423157,-18.402683,-8.118286,-10.137469,17.582136,-12.666506,3.990944,-7.271226,3.028230,-8.788219,-77.016899,21.595530,-26.364593,70.511957,-49.594755,-9.012768,13.761166,-102.317832,-23.624784,58.692130,59.227241,21.871835,1.275798,-3.569233
881.000000,41.409194,2.830673,76.294863,-1.401826,11.940627,1.561912,-14.370076,7.630658,4.835740,7.633387,-10.559779,-2.276152,-18.045572,-8.366113,-10.279868,17.506837,-12.544689,4.122969,-7.296545,3.368970,-8.830585,-77.805683,22.342339,-27.286821,70.345997,-48.444237,-8.947497,13.237166,-100.602621,-23.663662,56.634778,59.624430,22.844220,0.779253,-5.003663
882.000000,41.321284,2.872567,76.299518,-1.332652,11.928453,1.825439,-14.625976,7.375179,4.560772,7.850683,-10.463239,-2.200434,-17.943583,-8.640581,-10.604681,17.350309,-12.491668,4.271252,-7.563636,3.783989,-9.072282,-78.952759,23.308292,-28.487966,70.406587,-47.368588,-8.821586,12.155451,-98.959189,-23.610945,54.208107,60.209921,23.438699,0.268052,-5.766356
883.000000,41.309726,2.852440,76.296866,-1.361552,11.915480,1.596097,-14.568274,7.516501,4.687235,7.873651,-10.595419,-2.133522,-17.946213,-8.451388,-10.426863,17.213943,-12.395391,4.452689,-7.269480,4.281662,-9.285851,-80.502570,24.317902,-30.406776,70.563354,-45.627853,-8.418645,11.156399,-97.240980,-23.371478,51.952051,60.585499,23.883520,0.223064,-5.633604
884.000000,41.286790,2.893964,76.299149,-1.369816,11.670503,1.426983,-14.261530,7.562940,4.810244,7.893716,-10.706793,-1.927796,-17.677795,-8.402751,-10.362176,17.107923,-12.274145,4.587191,-6.867281,4.833590,-9.252962,-82.094038,25.229940,-33.073624,70.716616,-43.279255,-8.071988,10.177924,-95.540099,-23.443714,49.749534,60.768138,24.753825,-0.242223,-6.379322
885.000000,41.270944,2.958088,76.305556,-1.352436,11.347408,1.306108,-13.874115,7.531701,4.863513,7.907963,-10.831334,-1.641527,-17.313129,-8.431300,-10.338699,17.036710,-12.201919,4.741851,-6.504854,5.333971,-9.267942,-83.517723,26.009118,-36.273697,70.689883,-41.285690,-7.708682,9.285625,-93.596206,-23.635482,47.454505,60.573983,25.924471,-0.699391,-7.252308
886.000000,41.247568,3.022866,76.313281,-1.328034,11.016752,1.213073,-13.521959,7.483008,4.931897,7.995308,-10.959367,-1.395756,-16.948151,-8.464563,-10.282769,16.978313,-12.153892,4.885941,-6.294705,5.789391,-9.283772,-84.819796,26.822293,-39.668741,70.539755,-39.401056,-7.265623,8.279961,-91.711054,-23.677197,45.337727,60.310666,26.823905,-0.897528,-8.040770
887.000000,41.196883,3.122763,76.320738,-1.263919,10.737533,1.082319,-13.236437,7.367320,5.041196,8.072087,-11.069287,-1.114172,-16.734153,-8.574792,-10.172844,17.014201,-12.056750,5.063327,-6.166784,6.130153,-9.274967,-86.082445,27.603185,-42.694929,70.282175,-38.176174,-7.132372,7.317438,-89.898977,-23.565505,43.434501,59.979293,27.944746,-1.291139,-8.719504
888.000000,41.163898,3.189735,76.329058,-1.253094,10.461194,1.008369,-12.962413,7.322211,5.073408,8.165826,-11.153823,-0.896516,-16.484020,-8.611790,-10.119160,17.046248,-12.013373,5.227096,-6.069998,6.417446,-9.165042,-87.353229,28.286011,-45.561815,69.980178,-37.313911,-7.170532,6.569070,-88.217760,-23.432195,41.470747,59.726514,28.741166,-1.645293,-9.414792
889.000000,41.138870,3.247492,76.331526,-1.227753,10.232918,0.894291,-12.702040,7.279728,5.107932,8.203013,-11.230671,-0.696557,-16.263973,-8.641306,-10.052962,17.019566,-11.978892,5.392098,-5.926958,6.594507,-9.228635,-88.534435,28.826936,-48.519523,69.874925,-35.650872,-6.970751,5.683029,-86.549493,-23.213680,39.805974,59.588927,29.387715,-1.857359,-9.817515
890.000000,41.117162,3.303161,76.339543,-1.194191,10.036542,0.752936,-12.447169,7.243130,5.207896,8.190441,-11.263011,-0.486227,-16.072420,-8.654219,-9.923204,16.950421,-11.875043,5.516743,-5.768027,6.708032,-9.321728,-89.463320,29.199882,-51.185940,69.669740,-34.619886,-6.917062,4.735167,-84.882196,-22.958718,38.408978,59.421908,30.331050,-1.969695,-10.067297
891.000000,41.100270,3.359558,76.348519,-1.174638,9.864491,0.579729,-12.207361,7.228919,5.346979,8.174518,-11.314809,-0.330497,-15.910366,-8.653877,-9.826667,16.889808,-11.781640,5.634256,-5.613536,6.932062,-9.381689,-90.153798,29.476720,-53.474948,69.340354,-33.838284,-6.767617,3.948240,-83.261071,-22.532292,36.918733,59.110158,31.351074,-2.236349,-10.734862
892.000000,41.091681,3.414845,76.357591,-1.193723,9.704996,0.462875,-12.024248,7.240789,5.414614,8.239124,-11.425496,-0.204063,-15.736520,-8.628238,-9.772729,16.825599,-11.703422,5.771814,-5.497872,7.228090,-9.529160,-90.647812,29.543628,-55.181003,69.022483,-32.668098,-6.337438,3.316614,-81.661667,-21.957050,35.588448,58.924349,32.113296,-2.519104,-11.488885
893.000000,41.084844,3.464306,76.361972,-1.220265,9.498866,0.369841,-11.814772,7.260160,5.485441,8.340736,-11.564425,-0.069123,-15.515294,-8.621187,-9.763509,16.791277,-11.621367,5.939140,-5.426986,7.516678,-9.596203,-91.056544,29.548044,-56.677381,68.797135,-31.892650,-6.430269,3.079455,-79.892135,-21.392984,34.128652,58.598966,32.765374,-2.775805,-12.163396
894.000000,41.078740,3.505063,76.363945,-1.282416,9.308533,0.355454,-11.682578,7.294700,5.443363,8.514049,-11.708606,0.068420,-15.276106,-8.572134,-9.780389,16.720488,-11.563739,6.083794,-5.393669,7.755314,-9.763319,-91.317491,29.357444,-57.811370,68.688562,-31.747252,-6.692423,2.971425,-78.050470,-20.888580,32.985835,58.331332,33.004133,-2.890061,-12.498461
895.000000,41.063467,3.539528,76.363075,-1.339174,9.112303,0.340613,-11.539891,7.336700,5.415566,8.675542,-11.872395,0.188874,-15.048896,-8.530688,-9.809143,16.683495,-11.536114,6.158536,-5.359924,7.888209,-9.830638,-91.596689,29.098703,-58.531791,68.629686,-31.824939,-6.886602,2.553149,-76.482013,-20.539019,32.375025,58.227882,33.050893,-2.840710,-12.385397
896.000000,41.041598,3.577146,76.359451,-1.357158,8.984822,0.325453,-11.478385,7.331520,5.405776,8.831521,-11.982756,0.305120,-14.909217,-8.530687,-9.793932,16.651929,-11.503235,6.236939,-5.334978,7.920221,-10.028933,-91.677579,28.857570,-59.141420,68.470741,-31.659334,-6.879533,2.197345,-75.036663,-20.210345,31.845238,58.026268,33.218304,-2.956760,-12.699644
897.000000,41.071358,3.596704,76.358044,-1.387822,8.891913,0.357774,-11.397704,7.340602,5.345354,8.922707,-12.072851,0.324382,-14.723200,-8.529297,-9.870295,16.573656,-11.529508,6.255495,-5.317785,7.897324,-10.340220,-91.511038,28.646276,-59.508932,68.295690,-31.638806,-6.898658,2.187351,-73.778126,-20.040689,31.423409,57.601997,33.005653,-3.010403,-13.036974
898.000000,41.090834,3.620394,76.354009,-1.390534,8.805916,0.376201,-11.265059,7.315376,5.340717,8.881628,-12.128842,0.314488,-14.591856,-8.551177,-9.874948,16.556988,-11.560671,6.261135,-5.370322,7.777413,-10.667645,-91.038676,28.513287,-59.211477,68.184727,-31.821192,-6.903615,2.054724,-72.943053,-19.997272,31.381724,57.209364,32.377091,-2.803850,-12.698888
899.000000,41.118455,3.630301,76.350754,-1.365627,8.685651,0.348369,-11.026944,7.282483,5.356296,8.751482,-12.149722,0.303037,-14.446192,-8.563533,-9.805249,16.568022,-11.626567,6.209631,-5.412407,7.567079,-10.963031,-90.281802,28.457894,-58.197617,68.120236,-32.217241,-6.912476,2.291789,-72.511433,-20.061990,31.641838,56.968637,32.183360,-2.541867,-12.230080
900.000000,41.162843,3.632436,76.346707,-1.297426,8.513317,0.280276,-10.690674,7.226022,5.461162,8.600962,-12.194026,0.296624,-14.277814,-8.609770,-9.679631,16.662706,-11.769219,6.120582,-5.490084,7.203288,-11.258603,-89.224380,28.473063,-56.823731,68.215688,-32.369096,-6.816232,2.638217,-72.490888,-20.234739,32.327319,56.814767,31.565009,-2.412462,-11.788580
901.000000,41.207907,3.625063,76.338774,-1.206573,8.280041,0.227879,-10.312584,7.150579,5.583432,8.500658,-12.247547,0.285382,-14.063769,-8.695592,-9.569167,16.821730,-11.959380,6.017633,-5.721339,6.737479,-11.481815,-87.853165,28.632025,-54.750250,68.200026,-32.526194,-6.487149,2.622215,-72.853113,-20.433010,33.339567,56.558997,30.814405,-2.079168,-11.009248
902.000000,41.270971,3.620442,76.335609,-1.119404,8.039270,0.170141,-9.865569,7.074743,5.695830,8.310983,-12.267480,0.237184,-13.812264,-8.775734,-9.459190,16.955617,-12.109141,5.915425,-5.899852,6.243620,-11.814118,-86.004554,28.880984,-51.644433,67.540585,-33.857582,-6.514996,3.041002,-73.251197,-20.859027,34.407037,55.989465,30.033687,-1.653595,-10.061237
903.000000,41.340229,3.604492,76.335686,-1.003139,7.799747,0.061616,-9.379471,6.986134,5.858429,8.081400,-12.220947,0.269963,-13.581987,-8.843732,-9.271967,17.089736,-12.296941,5.803867,-6.039521,5.663476,-12.198435,-83.602069,29.352697,-48.141219,65.728017,-36.050947,-6.803409,3.438382,-73.507876,-21.457331,35.379912,55.109685,28.963386,-1.177362,-8.918268
904.000000,41.423708,3.585045,76.329535,-0.867196,7.494095,-0.106381,-8.755866,6.900902,6.121881,7.795200,-12.282343,0.211063,-13.327580,-8.925253,-9.023351,17.342064,-12.534452,5.533679,-6.066267,5.054401,-12.435601,-80.934600,29.938864,-45.150306,62.746243,-37.451795,-7.023060,4.392151,-73.921382,-22.114090,37.265304,54.088370,28.254005,-0.867409,-8.598396
905.000000,41.501141,3.546432,76.323169,-0.725669,7.112337,-0.311596,-8.058063,6.835328,6.394219,7.541899,-12.283610,0.225517,-13.014283,-8.993397,-8.773357,17.614020,-12.778661,5.370097,-6.119070,4.466147,-12.546663,-78.121327,30.556566,-42.474085,59.528097,-37.961689,-7.216941,4.454149,-74.301632,-22.729850,38.520047,53.006093,27.129368,-0.576848,-7.473635
906.000000,41.562143,3.514657,76.318729,-0.602209,6.691786,-0.517494,-7.304651,6.777481,6.667482,7.248594,-12.362579,0.157740,-12.714558,-9.028967,-8.437026,17.956900,-13.042980,5.195297,-6.074418,3.965702,-12.663633,-75.291566,30.689840,-39.903816,56.577182,-38.671250,-7.267449,5.756017,-74.580140,-23.382553,40.296654,51.438295,26.759001,-0.318451,-7.081592
907.000000,41.653079,3.491597,76.312119,-0.523485,6.369931,-0.632059,-6.672094,6.726962,6.869334,6.965045,-12.410385,0.050444,-12.401510,-9.068312,-8.277680,18.177459,-13.284609,5.117242,-6.019934,3.705787,-13.119865,-72.236026,30.324793,-37.093422,54.120551,-39.658821,-7.467635,6.862668,-74.446808,-24.138942,41.668990,49.472255,26.221976,0.046790,-7.073399
908.000000,41.796768,3.452756,76.294148,-0.390347,6.185210,-0.704359,-6.180087,6.616037,7.042893,6.704435,-12.459340,-0.009520,-12.190003,-9.181928,-8.167755,18.408540,-13.648340,4.992279,-6.029924,3.360700,-13.733084,-69.133365,29.646306,-33.746213,51.840046,-40.573731,-7.791440,7.895782,-74.129286,-24.719073,42.263414,47.498163,25.287035,0.108574,-7.653090
909.000000,41.896886,3.428753,76.262140,-0.221595,5.838302,-0.868883,-5.543955,6.466802,7.244136,6.507345,-12.565772,0.135591,-11.983481,-9.319502,-7.924143,18.886342,-14.117012,4.913522,-6.101142,2.994380,-14.070188,-66.237071,29.013964,-30.308510,49.934219,-41.072226,-7.918570,7.793658,-73.733033,-25.132055,42.040115,45.461753,24.550003,0.193442,-6.994965
910.000000,41.996181,3.399788,76.232153,-0.027207,5.468436,-1.001391,-4.912741,6.280676,7.418891,6.346200,-12.646702,0.202445,-11.843026,-9.518687,-7.695685,19.578368,-14.686467,4.797492,-6.139822,2.592435,-14.455855,-63.506095,28.356922,-27.635106,48.445453,-41.447494,-8.048089,7.659092,-73.115536,-25.665313,41.544332,43.195182,24.143418,0.362542,-6.248216
911.000000,42.111033,3.384138,76.193094,0.142731,5.020268,-0.985690,-4.218546,6.066622,7.419373,6.192837,-12.804526,0.270128,-11.579617,-9.742707,-7.528582,20.297169,-15.279162,4.667357,-6.365904,2.344294,-14.621295,-61.116055,27.601203,-25.408814,47.344675,-41.816573,-7.904116,8.046035,-72.597350,-26.011898,41.403367,41.166882,24.033472,0.253744,-6.315404
912.000000,42.194399,3.368032,76.169598,0.273463,4.581495,-0.876268,-3.641993,5.879833,7.357832,6.138198,-12.875551,0.429670,-11.288830,-9.964521,-7.514606,20.970969,-15.818368,4.580661,-6.759272,2.193288,-14.816369,-59.260087,27.222926,-24.267256,47.145927,-41.995254,-7.961607,7.900855,-71.983125,-26.267127,40.724579,39.979778,24.092621,-0.077217,-6.230428
913.000000,42.276195,3.359739,76.138467,0.384323,4.194385,-0.751541,-3.133189,5.713526,7.288731,6.104373,-13.026744,0.513813,-11.030960,-10.181289,-7.534625,21.608782,-16.328354,4.515837,-7.038617,2.148363,-14.872409,-58.084974,26.929103,-23.754049,47.177715,-41.880015,-7.757422,8.010056,-71.436477,-26.504411,40.163650,38.696409,24.171707,-0.101423,-6.287204
914.000000,42.350483,3.355711,76.102895,0.444784,3.809212,-0.637217,-2.635237,5.606694,7.176000,6.079124,-13.202753,0.618936,-10.650533,-10.337504,-7.631473,21.984340,-16.712935,4.488592,-7.356127,2.268345,-14.795619,-57.547738,26.822081,-23.482955,47.209434,-41.442832,-7.637261,8.178552,-70.764783,-26.328539,39.224414,37.788353,23.875302,-0.331501,-7.024019
915.000000,42.400262,3.333508,76.108056,0.459798,3.670288,-0.556731,-2.490746,5.590763,7.095487,6.164028,-13.221316,0.662038,-10.408401,-10.360542,-7.691784,21.968207,-16.802001,4.536545,-7.534179,2.281765,-15.165233,-57.486683,27.285363,-24.052407,47.019319,-40.792861,-7.562883,8.154726,-70.007786,-26.430377,38.366750,37.347601,24.443244,-0.467495,-7.171843
916.000000,42.466137,3.323038,76.110780,0.400361,3.621509,-0.567888,-2.381792,5.677345,7.094744,6.183602,-13.290542,0.616717,-10.131631,-10.274966,-7.754848,21.649038,-16.723319,4.712625,-7.466828,2.468673,-15.502057,-57.859523,27.708501,-24.579836,46.416296,-39.477442,-7.757391,7.840506,-68.931533,-26.440945,36.823985,36.891894,24.706340,-0.669641,-7.064075
917.000000,42.536619,3.311826,76.117390,0.259761,3.636357,-0.631245,-2.315355,5.870476,7.098036,6.180522,-13.394168,0.619508,-9.821049,-10.068810,-7.865338,21.093851,-16.471882,4.877113,-7.291601,2.770605,-15.681573,-58.553859,28.303221,-25.224071,45.321341,-37.734374,-7.672230,7.583136,-68.053826,-26.705285,35.416727,36.464560,24.977455,-0.613842,-6.850189
918.000000,42.613116,3.305738,76.136941,0.042863,3.720477,-0.632401,-2.374315,6.139110,7.042952,6.243027,-13.457953,0.571973,-9.515890,-9.792262,-8.054904,20.440974,-16.157832,5.065816,-7.036860,3.218997,-16.102306,-59.084736,28.976384,-26.151746,43.930206,-36.114478,-7.496475,7.424084,-66.733639,-26.960223,33.738741,35.953467,25.026301,-0.619179,-6.798910
919.000000,42.692235,3.307124,76.141542,-0.254435,3.641782,-0.589411,-2.246491,6.486916,6.967852,6.298124,-13.648789,0.575440,-9.014144,-9.437369,-8.290321,19.803355,-15.884486,5.286059,-6.828314,3.955649,-15.875252,-59.768752,29.541685,-27.002948,42.531322,-34.825014,-7.384634,7.518885,-65.665118,-27.265331,32.286502,35.225529,25.589731,-0.771499,-7.375247
920.000000,42.791072,3.272329,76.134914,-0.512384,3.610493,-0.587326,-2.217641,6.836884,6.911431,6.511937,-13.893300,0.692560,-8.619396,-9.085441,-8.454802,19.267323,-15.700168,5.399464,-6.447433,4.356723,-16.344610,-59.935723,30.078043,-28.342645,41.195367,-33.425180,-7.255321,7.069479,-63.964462,-27.592147,30.700068,34.558510,26.144427,-0.861122,-7.343463
921.000000,42.914304,3.241290,76.117802,-0.714606,3.475282,-0.659225,-2.001143,7.133084,6.914869,6.692269,-14.191468,0.808566,-8.205392,-8.784265,-8.490463,18.942580,-15.632189,5.411221,-6.014224,4.569189,-16.737252,-59.674885,30.266166,-29.465518,39.816274,-33.153479,-7.284595,6.475420,-62.258465,-27.681363,29.067837,34.328527,25.891377,-1.155052,-6.373189
922.000000,43.001953,3.266523,76.117224,-0.922653,3.078932,-0.791655,-1.485534,7.394224,6.999766,6.849848,-14.523928,0.863304,-7.639550,-8.536442,-8.509903,18.821502,-15.576246,5.523679,-5.830732,4.946452,-16.256612,-59.398481,30.448256,-29.699066,38.405669,-33.247575,-7.339716,5.813983,-61.237311,-27.573455,28.200753,34.127426,26.301103,-1.295996,-6.415521
923.000000,43.114024,3.277798,76.092017,-1.097500,2.407852,-0.948766,-0.570253,7.622677,7.125587,6.905960,-14.925379,0.919182,-6.803273,-8.322181,-8.459906,18.825349,-15.722144,5.479284,-5.577603,5.020601,-15.770285,-59.046405,30.676415,-29.963941,37.241784,-32.668037,-7.230846,5.214014,-60.025226,-27.412276,27.555613,33.990508,26.654520,-1.175385,-5.857586
924.000000,43.223765,3.305857,76.066381,-1.198093,1.787592,-1.094748,0.361442,7.737103,7.279312,6.793593,-15.196107,0.911485,-6.045213,-8.208416,-8.358226,18.866687,-15.907876,5.419566,-5.421963,4.960682,-15.163732,-58.859060,30.789250,-30.098888,36.547881,-31.460596,-7.286440,4.897101,-59.146611,-27.149135,27.501892,33.977736,26.614756,-1.450558,-6.151643
925.000000,43.302244,3.351978,76.051712,-1.227350,1.282026,-1.186991,1.126044,7.731764,7.411474,6.649361,-15.364140,0.868221,-5.464327,-8.201782,-8.245332,18.947647,-16.047577,5.416168,-5.338608,4.798777,-14.738845,-58.719191,30.655627,-29.764711,36.538800,-30.345082,-7.083273,4.646991,-58.666619,-26.858887,27.742634,34.404667,26.835617,-0.956874,-5.045539
926.000000,43.354338,3.417075,76.042473,-1.236567,0.963490,-1.224284,1.612026,7.675239,7.461228,6.537607,-15.468854,0.828436,-5.107744,-8.254489,-8.202308,19.053400,-16.140775,5.438663,-5.286929,4.643263,-14.558635,-58.650930,30.319169,-29.550677,37.139171,-29.764701,-6.879923,4.620361,-58.737906,-26.781235,28.459199,35.127185,26.939617,-0.398999,-3.880245
927.000000,43.364930,3.496897,76.049191,-1.168398,1.004174,-1.218310,1.604926,7.514308,7.459635,6.460269,-15.376680,0.827467,-5.225120,-8.416485,-8.161091,19.210638,-16.136213,5.510674,-5.309416,4.343922,-14.768107,-58.531491,29.848845,-29.229122,38.268423,-30.261112,-7.056924,4.209193,-59.505892,-26.781512,29.290242,36.465103,26.290023,-0.509547,-2.892048
928.000000,43.337804,3.593826,76.049441,-1.093845,1.048412,-1.157689,1.518691,7.333513,7.444177,6.440454,-15.376055,0.833737,-5.389236,-8.622923,-8.168064,19.410809,-16.169764,5.564408,-5.346875,4.045316,-14.815537,-58.566331,29.295248,-28.881916,39.650409,-30.958495,-7.237105,4.749880,-60.480164,-27.272348,31.096024,36.351783,26.594428,-0.545716,-3.597089
929.000000,43.294653,3.689308,76.060736,-0.970295,1.218315,-1.170260,1.307688,7.099439,7.466300,6.394451,-15.249215,0.920639,-5.693072,-8.845722,-8.075218,19.512479,-16.145169,5.652234,-5.318314,3.641846,-15.100457,-58.445860,28.907987,-28.318770,41.113419,-31.032876,-7.431576,5.268533,-61.383607,-27.191565,31.536681,36.408426,26.258329,-0.531600,-4.011309
930.000000,43.347234,3.745458,76.075780,-0.779080,1.654300,-1.262719,1.080023,6.823749,7.648681,5.956516,-14.956933,0.768833,-6.174497,-9.069900,-7.897883,19.463092,-16.057541,5.743496,-5.343078,3.074383,-15.702880,-57.854257,28.519132,-27.134974,42.268510,-31.591995,-7.581361,5.761889,-62.590078,-27.404777,32.791786,36.229670,25.595348,-0.495099,-3.967514
931.000000,43.374434,3.819240,76.071364,-0.577233,1.864340,-1.462524,1.228551,6.520539,7.945397,5.295087,-14.666552,0.762092,-6.541963,-9.312395,-7.608658,19.606026,-16.092737,5.721689,-5.365487,2.752182,-15.663651,-57.084385,27.785785,-25.014258,43.068444,-32.961882,-7.631375,6.039383,-64.153795,-27.148300,33.882212,36.156235,24.230699,-0.513017,-4.050842
932.000000,43.383935,3.870445,76.064020,-0.379144,2.004358,-1.690820,1.417267,6.237515,8.224428,4.698450,-14.372257,0.791069,-6.911555,-9.530268,-7.294276,19.873800,-16.212241,5.654903,-5.363709,2.141832,-15.866949,-56.148383,27.420703,-23.451658,43.669859,-33.979781,-7.861645,6.466376,-65.102822,-27.655672,35.272490,35.736294,24.453773,-0.462212,-3.560021
933.000000,43.384466,3.894722,76.062381,-0.159296,2.182781,-1.867210,1.448904,5.953809,8.399928,4.271745,-14.073267,0.800110,-7.382072,-9.751028,-6.974103,20.254339,-16.341064,5.647726,-5.283408,1.616052,-16.190190,-55.137631,27.113517,-22.245882,43.922440,-34.076391,-7.931012,6.424968,-65.666798,-27.772053,35.852035,35.625365,24.255361,-0.412956,-3.298943
934.000000,43.389401,3.904579,76.050484,0.002663,2.228411,-2.015190,1.546671,5.761523,8.551986,4.031170,-13.950982,0.807956,-7.657205,-9.911084,-6.732133,20.583432,-16.474773,5.642062,-5.195513,1.300599,-16.055511,-54.505244,26.580810,-21.277870,44.036296,-34.477630,-7.916906,6.522896,-66.069076,-27.868592,36.190802,35.378416,24.225697,-0.483529,-3.335338
935.000000,43.396211,3.907609,76.042384,0.078166,2.224799,-2.029651,1.571050,5.666900,8.586781,3.999661,-13.926620,0.848339,-7.745364,-10.022845,-6.706973,20.773846,-16.590400,5.634865,-5.130356,1.222529,-15.770232,-54.145078,26.052807,-20.803324,43.935284,-34.769314,-7.964775,6.740289,-66.075510,-27.920965,36.089634,35.110434,24.146196,-0.639713,-3.596938
936.000000,43.404061,3.893699,76.048768,0.078482,2.329095,-1.862290,1.335579,5.660429,8.421090,4.146219,-13.921234,0.893567,-7.790220,-10.071478,-6.901619,20.761984,-16.586022,5.660600,-5.108359,1.252227,-15.727574,-54.002477,25.757473,-20.978366,43.690394,-34.488238,-7.987270,6.744785,-65.438506,-27.972082,35.499177,34.795907,23.786042,-0.857091,-4.172859
937.000000,43.418759,3.865675,76.059520,0.036780,2.536856,-1.570263,0.909684,5.705739,8.122952,4.393122,-13.916125,0.929393,-7.853895,-10.072012,-7.187924,20.628809,-16.496676,5.736831,-5.182973,1.288465,-15.914187,-54.017483,25.693000,-21.512301,43.358147,-33.950073,-8.074009,6.649228,-64.188287,-27.962803,34.475786,34.199744,22.839804,-1.153041,-5.240802
938.000000,43.445975,3.831131,76.063627,-0.057406,2.648694,-1.268911,0.631587,5.812862,7.819272,4.595054,-13.977078,0.920381,-7.798841,-10.026807,-7.524393,20.527087,-16.457564,5.743276,-5.347945,1.406106,-15.880118,-54.239085,25.726801,-21.935026,42.954127,-33.503048,-8.240464,6.553605,-62.742528,-27.684638,33.217915,33.522862,21.564922,-1.315143,-6.090956
939.000000,43.440843,3.807518,76.063913,-0.169286,2.671651,-1.008093,0.426297,5.933627,7.549251,4.825634,-14.078995,0.931833,-7.709412,-9.957448,-7.804984,20.470635,-16.448525,5.755308,-5.472055,1.559567,-15.664451,-54.623734,25.838768,-22.259052,42.554855,-33.007548,-8.295722,6.741354,-61.063223,-27.173682,31.865957,32.660288,21.303645,-1.550278,-7.037148
940.000000,43.475243,3.763067,76.062995,-0.236082,2.730469,-0.882774,0.283182,6.041111,7.413861,4.981325,-14.174628,0.877204,-7.674745,-9.872895,-7.953677,20.416255,-16.443170,5.744596,-5.435800,1.635044,-15.510743,-54.995088,26.019445,-22.591426,42.081417,-32.475302,-8.288641,7.208118,-59.554093,-26.708750,31.143518,31.805292,21.442597,-1.858453,-8.489070
941.000000,43.515944,3.732267,76.048321,-0.285728,2.689393,-0.900054,0.359909,6.136464,7.411622,5.012963,-14.262927,0.894243,-7.580851,-9.790987,-7.979090,20.398715,-16.482104,5.717641,-5.377828,1.730498,-15.074431,-55.431978,26.238578,-22.634694,41.770097,-32.077061,-8.264821,7.248571,-58.490291,-26.234086,30.614677,31.353294,21.014127,-2.122624,-9.817641
942.000000,43.541393,3.696820,76.048666,-0.338271,2.474007,-0.960249,0.632334,6.247926,7.485428,5.051426,-14.311347,0.947409,-7.306836,-9.689435,-7.982761,20.365476,-16.530545,5.682985,-5.204034,1.672583,-14.731480,-55.632424,26.632549,-22.891097,41.655042,-32.240692,-8.341201,6.907352,-57.371991,-25.956011,29.687690,31.240753,20.911381,-2.082105,-9.789315
943.000000,43.560392,3.688375,76.057553,-0.339779,2.500346,-1.042270,0.629728,6.273523,7.575930,5.083556,-14.319792,0.878231,-7.330536,-9.652962,-7.908551,20.341905,-16.466741,5.749060,-5.021603,1.637569,-14.598114,-55.727455,26.832960,-22.917614,41.595627,-32.308817,-8.213309,6.982446,-56.692462,-25.814000,29.494512,31.017518,21.173827,-1.997928,-9.995170
944.000000,43.565574,3.699637,76.061976,-0.312771,2.678594,-1.053400,0.416511,6.243143,7.623162,5.118688,-14.274862,0.857026,-7.529782,-9.681227,-7.880495,20.312206,-16.386723,5.838055,-4.948093,1.633759,-14.565547,-55.751057,26.944692,-22.801770,41.633302,-32.345266,-8.281783,7.110905,-56.230830,-25.772571,29.391383,30.658018,20.720238,-2.201307,-10.716219
945.000000,43.579942,3.704138,76.064175,-0.287204,2.840360,-0.983020,0.193830,6.199500,7.524683,5.166279,-14.231904,0.894430,-7.656500,-9.730582,-7.943266,20.258051,-16.339969,5.916858,-4.855482,1.555397,-14.602536,-55.688315,26.897867,-22.735769,41.700371,-32.832890,-8.426315,7.305389,-55.705623,-26.097425,29.151114,29.600927,18.641290,-2.598890,-12.316149
946.000000,43.584710,3.698169,76.076853,-0.247004,3.114255,-0.836419,-0.240874,6.138639,7.343182,5.324567,-14.114299,0.981800,-7.888856,-9.822019,-8.124837,20.198970,-16.299338,6.026994,-4.784288,1.363455,-14.919508,-55.456994,26.923342,-22.848263,41.728925,-33.364986,-8.634350,7.249153,-54.807603,-26.682320,28.294636,27.393092,14.812469,-3.189500,-14.993017
947.000000,43.582135,3.703782,76.070184,-0.215108,3.312489,-0.664946,-0.570745,6.061185,7.097983,5.414802,-14.067636,1.093632,-8.053645,-9.923654,-8.312042,20.168796,-16.286552,6.193466,-4.719487,1.207438,-14.855206,-55.459039,26.900575,-23.018525,41.731124,-33.595310,-9.147440,7.485442,-54.243204,-27.758495,27.506029,23.684967,9.019011,-4.195745,-19.665534
948.000000,43.570188,3.707926,76.069349,-0.300669,3.627150,-0.475333,-1.035751,6.110882,6.808223,5.496155,-13.945522,1.224212,-8.230679,-9.873471,-8.578235,19.901436,-16.133171,6.424338,-4.433504,1.169735,-14.613524,-55.998597,26.729107,-23.285040,41.894260,-33.835886,-9.951401,7.683194,-53.720268,-29.625969,26.758376,17.916141,-2.437896,-4.798887,-26.980407
949.000000,43.546492,3.706595,76.064616,-0.262771,3.829141,-0.350235,-1.460920,6.055293,6.643599,5.761208,-13.876090,1.352001,-8.464408,-9.954931,-8.687099,19.930432,-16.117686,6.780409,-4.026006,0.980612,-14.493721,-56.229249,26.381269,-23.531009,42.075577,-34.259860,-10.829851,7.530450,-53.158498,-31.615685,26.085498,11.728228,-15.497407,-4.341154,-32.449088
950.000000,43.520972,3.687979,76.049846,-0.058871,3.927580,-0.370535,-1.781505,5.862566,6.665678,6.109965,-13.888701,1.406668,-8.812074,-10.218060,-8.620089,20.323163,-16.271435,7.150288,-3.675464,0.676187,-14.631351,-55.907554,26.068684,-23.632605,42.148520,-34.662889,-11.616384,7.523803,-53.121909,-32.436374,25.651310,7.308554,-24.906234,-4.603598,-36.351766
951.000000,43.507493,3.656598,76.035148,0.075185,4.074763,-0.632555,-2.007370,5.802527,6.875540,6.340000,-13.949500,1.473676,-9.230662,-10.281555,-8.314580,20.619535,-16.358424,7.339426,-3.088955,0.527283,-14.836088,-55.848507,25.649614,-23.808516,42.418425,-35.213177,-12.109153,7.806343,-53.792712,-32.240897,26.163957,4.840993,-33.363886,-3.844743,-40.749267
952.000000,43.483257,3.608431,76.023149,0.187202,4.156772,-1.178163,-2.074333,5.858566,7.417948,6.552795,-14.053264,1.517165,-9.664924,-10.209155,-7.788933,20.880889,-16.342659,7.440216,-2.137006,0.326308,-15.141920,-55.977563,25.049589,-24.298675,42.966637,-35.771497,-12.506795,8.360665,-55.425517,-31.515200,27.824560,5.061291,-40.604785,-2.635647,-44.030418
953.000000,43.446743,3.558018,76.008290,0.296049,4.132103,-2.026920,-1.915354,5.979271,8.234736,6.698241,-14.225832,1.617793,-10.114726,-10.002175,-6.925365,21.194994,-16.316791,7.458123,-0.838005,0.209766,-15.294889,-56.352148,24.145868,-24.600436,43.598395,-36.223294,-12.735343,8.945239,-58.035209,-29.962349,30.248890,8.094871,-45.539279,-1.404551,-45.444599
954.000000,43.395239,3.506153,75.991815,0.383365,4.009566,-3.013128,-1.598826,6.144485,9.168782,6.807066,-14.460921,1.675180,-10.509985,-9.716566,-5.954395,21.490948,-16.267468,7.394822,0.670970,0.221606,-15.213758,-56.978719,22.992631,-24.599915,44.271131,-36.594579,-12.833162,9.605374,-61.128465,-27.485868,32.768464,13.575630,-47.848740,-0.179283,-46.198102
955.000000,43.329263,3.437681,75.988442,0.456401,3.897747,-4.021810,-1.312079,6.339522,10.116437,6.947258,-14.662295,1.690531,-10.931563,-9.416975,-5.090263,21.809178,-16.172503,7.292917,2.452718,0.161687,-15.242569,-57.732707,21.788117,-24.784929,44.987492,-36.754231,-12.797492,10.301783,-64.129589,-24.539328,35.064091,21.792417,-48.457993,1.433031,-47.151480
956.000000,43.251473,3.362264,76.009095,0.123610,3.999501,-5.127176,-1.158718,7.048835,11.141379,7.029081,-14.953342,1.531371,-11.211043,-8.487454,-4.217387,21.354411,-15.595619,6.973960,4.223507,0.772088,-15.319609,-58.984455,20.523759,-24.486481,46.103292,-36.624584,-12.308613,11.038979,-69.227628,-19.679216,38.595292,36.575735,-46.476422,2.261767,-47.919945
957.000000,43.177113,3.299966,76.007372,0.085507,3.879519,-5.796854,-1.050237,7.318154,11.802767,7.399201,-15.335120,1.414381,-11.400944,-8.157114,-3.614556,21.501044,-15.442779,6.689872,5.242184,0.907696,-15.321643,-59.441668,19.563810,-24.183746,46.639294,-36.401923,-11.893444,11.867696,-71.793116,-15.151163,40.664375,48.721734,-43.460760,2.836468,-47.504707
958.000000,43.105254,3.253225,75.998896,0.162778,3.752610,-6.041299,-1.183959,7.383932,12.081380,7.970832,-15.598933,1.385766,-11.503881,-8.144323,-3.363436,21.705877,-15.482806,6.702231,5.785663,0.871590,-15.044504,-59.892891,19.076210,-24.472462,46.787619,-35.840458,-11.878607,12.060987,-72.226874,-13.017133,40.779562,53.800485,-40.215522,2.708350,-48.029371
959.000000,43.070129,3.231909,76.011032,0.103036,3.953767,-5.631081,-1.821983,7.458569,11.592430,8.493944,-15.615537,1.381581,-11.479947,-8.188938,-3.808430,21.416605,-15.383823,6.825636,5.427021,0.914304,-14.873164,-60.372664,19.393434,-25.097793,46.467478,-35.053340,-12.083647,11.740546,-71.962238,-13.517580,40.266940,52.437094,-39.465683,2.622295,-50.070116
960.000000,43.082398,3.246135,76.019746,-0.039347,4.299516,-4.662536,-2.698898,7.449536,10.502082,8.905321,-15.552580,1.422558,-11.291764,-8.379848,-4.835896,20.914524,-15.340200,6.950759,4.124888,1.277452,-14.863554,-60.354092,20.419390,-25.523030,45.694819,-34.490037,-12.545520,11.066565,-70.710749,-15.348933,39.180595,47.046596,-41.307802,2.129544,-51.294581
961.000000,43.120605,3.271622,76.014948,-0.208403,4.605138,-3.493145,-3.491957,7.382167,9.303657,9.172795,-15.470032,1.488228,-11.015855,-8.609436,-5.970505,20.487832,-15.413618,6.962974,2.292503,1.749155,-14.965978,-60.021776,21.681486,-25.658465,45.191650,-34.209327,-12.794531,10.719617,-68.728492,-16.837543,37.515101,40.640513,-43.240726,1.576791,-51.650061
962.000000,43.173164,3.289432,76.014036,-0.347087,4.752516,-2.629876,-3.883268,7.315263,8.425781,9.207961,-15.368576,1.514966,-10.749512,-8.765692,-6.792996,20.264201,-15.532987,6.928914,0.884232,2.052685,-14.950128,-59.635188,22.601965,-25.497060,45.026830,-34.431212,-12.998952,10.594411,-66.662899,-17.762049,35.900847,35.176553,-44.216097,1.042810,-51.578122
963.000000,43.218154,3.284508,76.011753,-0.350845,4.741948,-2.350812,-3.843222,7.237676,8.162101,9.065486,-15.278332,1.611477,-10.639523,-8.869042,-7.061700,20.336144,-15.647041,6.857591,0.625204,1.964712,-14.982153,-59.349583,22.824322,-25.254607,45.066025,-35.217306,-12.994198,10.116367,-65.266084,-18.305694,34.606356,32.488601,-44.891111,1.332841,-50.863469
964.000000,43.235564,3.280888,76.011169,-0.271793,4.637341,-2.610128,-3.524364,7.193475,8.459889,8.845331,-15.271159,1.607288,-10.732894,-8.864077,-6.761851,20.604924,-15.714226,6.822267,1.112102,1.807314,-15.033183,-59.185631,22.665226,-25.186698,45.298836,-35.420019,-12.958606,10.136089,-65.177941,-17.983217,34.564831,33.454290,-44.839239,1.895673,-50.473554
965.000000,43.271294,3.265072,76.007777,-0.179321,4.529188,-3.228662,-3.067983,7.233193,9.113883,8.618210,-15.364760,1.545935,-10.935838,-8.760883,-6.177697,20.923320,-15.745247,6.575494,2.082273,1.496988,-15.369657,-59.018784,22.150051,-25.456287,45.665350,-35.412318,-12.630326,10.326123,-66.459680,-16.465750,36.208728,39.811035,-43.485656,2.817967,-49.329713
966.000000,43.308219,3.228122,76.026624,-0.297004,4.548165,-3.953771,-2.605302,7.551857,9.903346,8.196731,-15.420931,1.358689,-11.029407,-8.279501,-5.506087,20.715429,-15.475788,6.157632,3.251780,1.470975,-15.836168,-59.197345,21.168836,-25.459834,46.311923,-35.659311,-11.965638,10.085575,-69.606137,-13.089077,38.657262,52.448695,-38.189480,2.805281,-46.709444
967.000000,43.314350,3.208025,76.032430,-0.226733,4.516428,-4.230049,-2.508760,7.576971,10.279111,8.238358,-15.580958,1.119029,-11.148593,-8.244782,-5.192664,20.852035,-15.475475,5.972869,4.045384,1.047714,-16.008994,-59.351229,20.325724,-25.886586,46.329928,-35.849914,-11.526674,11.252023,-70.453907,-11.324385,40.739374,57.828261,-31.495925,2.006853,-47.687127
968.000000,43.328258,3.222681,76.045716,-0.263897,4.534397,-4.097831,-2.536271,7.578408,10.162310,8.190142,-15.463214,1.142694,-11.047970,-8.255517,-5.342304,20.716066,-15.404115,6.147386,3.744591,1.062033,-15.713287,-59.574857,20.320255,-25.781647,45.980284,-35.195579,-11.772666,11.527233,-70.531395,-11.972740,40.917467,55.666520,-29.256207,1.157083,-49.623606
969.000000,43.313247,3.253341,76.056558,-0.293186,4.718990,-3.429933,-3.011783,7.438282,9.441739,8.252216,-15.109149,1.289609,-10.944428,-8.482629,-6.004338,20.459888,-15.369235,6.515984,2.545022,1.161957,-15.571457,-59.369766,21.065357,-25.564449,45.399639,-35.124029,-12.477016,10.334254,-69.975295,-14.724141,39.886843,47.851161,-33.613144,-0.006735,-49.508233
970.000000,43.314904,3.299955,76.054549,-0.330285,4.984132,-2.592387,-3.643823,7.252474,8.561319,8.427396,-14.889505,1.390425,-10.900868,-8.776748,-6.770165,20.286031,-15.399886,6.752874,0.839321,1.556296,-15.523736,-58.859988,22.072110,-25.080275,45.138405,-35.530371,-12.889532,9.880821,-69.162448,-17.443504,38.432098,38.825292,-38.435933,-0.617396,-48.496153
971.000000,43.335286,3.326607,76.047707,-0.350693,5.124134,-2.137866,-3.983866,7.143692,8.054884,8.578205,-14.805200,1.553120,-10.904603,-8.944796,-7.188385,20.286628,-15.493657,6.825681,-0.683310,1.960305,-15.485651,-58.333545,23.001056,-24.755860,45.436969,-36.128566,-13.295341,10.319811,-67.937672,-18.195132,37.313136,32.748851,-39.544555,-1.377401,-48.019768
972.000000,43.359789,3.314169,76.038879,-0.308336,5.004346,-2.300942,-3.719639,7.133704,8.206379,8.442109,-14.854432,1.620521,-10.914172,-8.942718,-7.009511,20.522821,-15.572775,6.680766,-1.239133,1.983943,-15.454331,-57.917395,23.213967,-24.387511,45.995856,-36.961439,-13.157434,10.823536,-67.433959,-17.353540,37.657883,33.225465,-39.680971,-0.383466,-47.628825
973.000000,43.393457,3.277943,76.026255,-0.179111,4.690324,-3.180911,-2.934444,7.200390,9.113909,8.158297,-15.090787,1.600698,-11.014647,-8.780603,-6.175184,20.959115,-15.675844,6.410662,-0.596277,1.837292,-15.609101,-57.581678,22.724979,-23.915798,46.449671,-37.673305,-12.708513,11.132857,-68.057883,-15.003434,39.459085,39.990799,-38.540657,0.448299,-45.879426
974.000000,43.385541,3.234413,76.001966,-0.030242,4.351161,-4.488580,-2.095865,7.336450,10.462228,8.035964,-15.473799,1.493721,-11.289201,-8.466281,-4.904627,21.444403,-15.717128,6.131648,0.866175,1.772706,-15.485772,-57.836949,21.870819,-23.521396,46.653754,-37.444828,-11.738278,11.713058,-69.189256,-11.784241,41.540534,48.514844,-33.511582,0.243046,-44.024080
975.000000,43.357331,3.200195,75.993073,0.092481,4.214305,-5.516449,-1.739091,7.447355,11.443563,8.186873,-15.709505,1.510262,-11.544111,-8.196234,-3.915345,21.560529,-15.636125,6.216820,2.142919,1.567376,-15.229385,-58.405870,21.401745,-23.875001,46.511666,-36.468129,-11.379322,11.710371,-69.429057,-10.569351,42.065035,51.581896,-29.513954,0.158356,-44.669062
976.000000,43.340880,3.215912,76.015556,0.076620,4.358624,-5.615435,-2.028847,7.512583,11.496255,8.451120,-15.670780,1.481498,-11.529518,-8.114755,-3.862778,21.091102,-15.407819,6.627979,2.641956,1.500770,-15.223279,-58.793408,21.201209,-24.502175,46.214300,-35.698452,-11.773579,11.090061,-68.499790,-12.631006,41.366918,48.081308,-30.239877,-0.683949,-45.886085
977.000000,43.347260,3.246024,76.033133,-0.019144,4.604692,-4.981352,-2.549754,7.491061,10.858942,8.561303,-15.452492,1.438013,-11.269362,-8.220425,-4.500427,20.409082,-15.220424,6.902435,1.688149,1.743206,-15.405265,-58.584165,21.718243,-24.481609,45.914362,-35.551732,-12.315410,9.890141,-67.041667,-15.134714,38.854962,42.326928,-33.300785,-2.328219,-43.160010
978.000000,43.379784,3.290630,76.038474,-0.192057,4.817623,-3.987104,-2.953917,7.424806,9.923810,8.364064,-15.227007,1.456238,-10.849898,-8.379654,-5.442437,19.780119,-15.193361,6.957688,0.109888,2.105702,-15.523871,-58.224644,22.476855,-24.156894,45.864860,-35.631523,-12.729634,9.520166,-65.381651,-17.825867,36.651915,36.095784,-34.829897,-4.061590,-39.754372
979.000000,43.409532,3.318520,76.038706,-0.351469,4.861784,-3.172129,-2.962177,7.347976,9.137779,7.847676,-14.965021,1.448879,-10.427558,-8.482046,-6.198744,19.405076,-15.245214,6.869200,-1.213979,2.283130,-15.604172,-57.957727,23.134093,-23.933849,45.984604,-35.493522,-12.761485,9.561784,-63.819068,-20.184379,35.122667,31.889853,-33.831303,-5.187179,-37.279760
980.000000,43.435374,3.303144,76.019555,-0.391243,4.919066,-2.732729,-2.905232,7.269137,8.722858,7.379339,-14.735558,1.522464,-10.281230,-8.582109,-6.664694,19.304927,-15.378086,6.814268,-1.621607,2.245618,-16.246267,-57.582805,23.375049,-24.353912,46.066621,-35.554751,-12.502289,9.565504,-62.165923,-22.218377,33.627852,29.940407,-30.967736,-5.575755,-35.718799
981.000000,43.444285,3.304619,76.030993,-0.343352,4.997669,-2.746599,-2.803979,7.190243,8.758009,6.991962,-14.553197,1.421729,-10.405341,-8.650474,-6.694912,19.381973,-15.364854,6.795322,-1.342164,1.936313,-16.546133,-57.611642,23.434647,-24.755379,45.979413,-35.339942,-12.377404,8.797321,-61.678131,-23.926959,32.057705,30.068672,-27.149239,-6.058561,-33.282866
982.000000,43.456802,3.312173,76.028264,-0.285878,4.932425,-2.981407,-2.537353,7.156351,9.035554,6.756290,-14.530661,1.358071,-10.446822,-8.652903,-6.466418,19.483644,-15.343810,6.750069,-0.901592,1.742344,-16.507077,-57.866196,23.429328,-25.027729,45.905329,-34.996240,-12.108101,7.720153,-62.324575,-25.115236,31.111744,31.881977,-21.698130,-6.292305,-28.932593
983.000000,43.466139,3.313066,76.040620,-0.223798,4.892661,-3.254163,-2.298126,7.125370,9.312790,6.529284,-14.472730,1.289911,-10.465356,-8.622514,-6.184209,19.448521,-15.295239,6.619701,-0.502017,1.488674,-16.569423,-58.203641,23.447747,-25.079403,46.013321,-34.613333,-11.523058,7.168845,-63.075759,-25.666931,30.242975,34.353632,-13.561649,-6.195819,-23.655848
984.000000,43.503422,3.317990,76.055163,-0.199450,4.811205,-3.416357,-1.973500,7.098089,9.528157,6.216273,-14.384937,1.203395,-10.309416,-8.591670,-6.025008,19.289501,-15.237411,6.392901,-0.344121,1.306669,-16.627109,-58.478775,23.363559,-24.781718,46.213972,-34.562557,-10.830164,7.206382,-63.414878,-25.181939,28.787441,37.329808,-1.360764,-5.101276,-18.291745
985.000000,43.580100,3.305254,76.091152,-0.404735,4.741799,-3.407083,-1.511186,7.297110,9.625448,5.614041,-14.190428,1.002830,-9.727251,-8.305832,-6.157710,18.476712,-14.958314,6.013686,-0.495180,1.279228,-16.633836,-58.928454,23.415973,-24.499463,46.520002,-34.652302,-9.778715,7.837139,-63.594232,-23.996270,26.481834,40.750363,17.520258,-3.126361,-13.534179
986.000000,43.642521,3.293945,76.105458,-0.521413,4.565084,-3.328725,-1.128551,7.407447,9.673467,5.334836,-14.178826,0.782892,-9.210936,-8.173608,-6.267540,18.026725,-14.907733,5.649186,-0.823899,1.347360,-16.513022,-59.093253,23.335845,-23.918805,46.835471,-34.492083,-8.990097,9.072232,-63.187917,-22.252039,24.052586,44.222787,32.940435,-2.125594,-11.320489
987.000000,43.670100,3.297508,76.090658,-0.448179,4.311600,-3.260201,-0.909478,7.312041,9.652980,5.470795,-14.323651,0.713473,-9.019413,-8.335194,-6.307179,18.321941,-15.107569,5.553457,-1.073536,1.201633,-16.428598,-58.772084,23.073308,-23.244747,47.055236,-34.540075,-8.851427,9.096286,-62.623860,-22.221911,23.707117,46.631208,34.927388,-1.616448,-9.067837
988.000000,43.694070,3.293804,76.080072,-0.393688,4.162927,-3.212245,-0.802921,7.242424,9.633641,5.633065,-14.466657,0.638600,-9.014307,-8.437908,-6.291826,18.720029,-15.314821,5.506508,-1.034204,0.979987,-16.599866,-58.380202,22.817966,-23.067571,47.110776,-34.637228,-8.681226,8.844070,-62.055479,-23.682158,25.538391,47.772163,31.763160,-0.643593,-5.902767
989.000000,43.730929,3.286075,76.049417,-0.372299,3.919999,-3.270572,-0.492050,7.222181,9.693504,5.688261,-14.662767,0.660387,-8.970360,-8.491358,-6.239253,19.241517,-15.621642,5.467267,-1.025147,1.188767,-16.299493,-58.139964,22.631219,-22.708168,47.011786,-34.201506,-8.582360,8.668818,-61.245009,-23.859126,25.613660,48.118061,31.295182,-0.334279,-3.932689
990.000000,43.745172,3.263861,76.034927,-0.327516,3.769091,-3.342895,-0.341494,7.199631,9.752418,5.815047,-14.773634,0.707951,-9.030465,-8.525440,-6.119680,19.689714,-15.849297,5.471408,-1.090656,1.301627,-16.179091,-57.817244,22.608765,-22.608020,46.882159,-34.125288,-8.590442,8.622980,-60.128498,-23.339173,24.892430,47.980484,32.856109,-0.811040,-4.014175
991.000000,43.738115,3.256614,76.016754,-0.278373,3.625929,-3.436087,-0.225430,7.167627,9.829160,5.970378,-14.907486,0.799744,-9.088595,-8.580657,-6.005073,20.073400,-16.016831,5.512619,-1.142297,1.420403,-16.016619,-57.607011,22.617383,-22.635930,46.797335,-34.162885,-8.551289,8.554639,-59.632606,-23.136663,24.802247,47.776398,31.646319,-1.006635,-4.813049
992.000000,43.731067,3.249704,76.007354,-0.228718,3.551453,-3.544474,-0.166622,7.133455,9.914075,6.074727,-14.991849,0.862641,-9.134768,-8.605166,-5.862399,20.257701,-16.132149,5.496138,-1.209998,1.553214,-15.869806,-57.594593,22.690501,-22.673324,46.811627,-34.045358,-8.579978,8.591137,-59.569119,-22.963745,25.012337,47.617057,29.824636,-0.989058,-5.200489
993.000000,43.714133,3.239772,76.019824,-0.162108,3.616786,-3.690444,-0.256764,7.093602,10.035401,6.145200,-14.918919,0.928657,-9.263273,-8.618902,-5.723338,20.237048,-16.094422,5.552226,-1.174513,1.487240,-16.090073,-57.575940,22.803527,-22.774687,46.906959,-34.277301,-8.740159,8.173541,-59.212454,-22.463751,24.258706,47.414787,29.569583,-1.066961,-5.049227
994.000000,43.718204,3.242424,76.018721,-0.142374,3.648676,-3.825712,-0.216194,7.092670,10.176228,6.071285,-14.935756,0.912026,-9.293135,-8.584582,-5.573892,20.138495,-16.046845,5.560573,-1.151962,1.504404,-15.991875,-57.787615,22.806975,-22.752730,46.872385,-34.274828,-8.862663,8.375219,-59.433718,-22.187856,24.429063,47.101370,29.787097,-1.209931,-5.930204
995.000000,43.720752,3.247313,76.022118,-0.134789,3.696451,-3.900054,-0.225339,7.095902,10.265018,6.023931,-14.920263,0.879094,-9.335608,-8.558942,-5.503781,20.066503,-15.981543,5.564772,-1.123176,1.507936,-15.988290,-57.942284,22.805660,-22.809313,46.695285,-34.185630,-8.880599,8.730219,-59.781060,-22.299446,25.269458,46.629688,29.567561,-1.416688,-7.060243
996.000000,43.721026,3.251249,76.025075,-0.147032,3.729638,-3.933708,-0.241788,7.114277,10.286745,5.998414,-14.892823,0.883012,-9.362769,-8.527892,-5.481828,20.016832,-15.975198,5.537433,-1.156114,1.560073,-16.005782,-57.977132,22.838715,-22.872473,46.565774,-34.174766,-8.889702,8.841310,-59.996505,-22.252459,25.619515,46.202985,30.132445,-1.673400,-7.478742
997.000000,43.723866,3.256743,76.026016,-0.160993,3.740083,-3.921452,-0.263261,7.130069,10.280908,6.012630,-14.891745,0.882836,-9.378356,-8.515300,-5.488941,20.030481,-15.960892,5.548856,-1.184382,1.594475,-16.008365,-57.979140,22.858237,-22.889251,46.472672,-34.139570,-8.885294,8.865002,-60.134959,-22.299885,25.716074,45.636756,30.274769,-1.865834,-7.970651
998.000000,43.722925,3.263309,76.023757,-0.175381,3.724210,-3.892516,-0.272426,7.138890,10.247343,6.059407,-14.910530,0.878043,-9.388641,-8.516957,-5.495702,20.091753,-15.958723,5.564466,-1.185773,1.616514,-15.924410,-57.972310,22.889654,-22.873819,46.353222,-34.105457,-8.917556,8.978731,-60.325604,-22.717214,25.829969,44.661466,28.862733,-2.075208,-8.992972
999.000000,43.712524,3.275816,76.015002,-0.170082,3.732338,-3.819151,-0.364941,7.115828,10.146644,6.165023,-14.963601,0.902652,-9.421198,-8.562955,-5.555767,20.161412,-15.992364,5.659565,-1.093053,1.630958,-15.759956,-57.960405,22.907804,-22.949888,46.066576,-34.175333,-8.979131,9.193667,-60.534655,-23.725787,26.000763,42.630103,26.716218,-2.601460,-11.379479
1000.000000,43.682796,3.296776,76.006830,-0.174259,3.766043,-3.725042,-0.555427,7.097702,9.963625,6.350172,-15.041043,0.856026,-9.498015,-8.620619,-5.677761,20.258005,-16.033949,5.739266,-0.863778,1.674347,-15.518538,-57.910975,22.977351,-23.214517,45.639495,-34.294708,-9.206152,9.529050,-61.206240,-25.398258,26.074713,39.695461,23.494060,-3.823863,-15.398330
1001.000000,43.656564,3.322759,76.004994,-0.176491,3.822844,-3.703990,-0.710851,7.077323,9.817015,6.446712,-15.060898,0.829940,-9.569058,-8.658430,-5.749007,20.237149,-16.024464,5.877067,-0.406466,1.759459,-15.329550,-57.851040,23.052648,-23.664135,45.324101,-34.495204,-9.311298,9.174541,-62.522029,-27.290115,25.562944,36.589638,22.503324,-4.036037,-15.869466
1002.000000,43.632385,3.350520,76.013714,-0.151336,3.925767,-3.735125,-0.829577,7.035027,9.820498,6.394161,-14.967998,0.742410,-9.680075,-8.688634,-5.723520,20.137681,-15.951058,6.031742,0.244941,1.797141,-15.230144,-57.863614,23.141919,-24.231387,45.167054,-34.718142,-9.378350,8.653485,-64.539530,-28.983122,24.096431,34.176296,24.626095,-4.334145,-14.651266
1003.000000,43.611658,3.381613,76.030219,-0.123275,4.111938,-3.665698,-0.995010,6.966166,9.768389,6.187669,-14.800386,0.512600,-9.825618,-8.750533,-5.775922,19.986339,-15.809286,6.102847,1.055244,1.641829,-15.305165,-57.979611,22.965770,-24.916983,45.070745,-34.901198,-9.456061,8.628971,-67.686635,-31.264320,23.388403,33.316321,26.228418,-4.752919,-15.614810
1004.000000,43.606496,3.420519,76.046669,-0.106758,4.355915,-3.506378,-1.249998,6.891108,9.644305,6.005509,-14.642524,0.244889,-10.009725,-8.838654,-5.934687,19.857484,-15.675240,6.173350,2.010812,1.271529,-15.631969,-58.116440,22.607402,-25.703948,44.980125,-35.079104,-9.541050,8.783354,-71.817110,-34.756145,24.401168,34.548692,24.361905,-4.898956,-17.302052
1005.000000,43.604347,3.452685,76.069963,-0.097406,4.628806,-3.265110,-1.623400,6.825762,9.498701,5.966274,-14.567113,-0.106775,-10.212733,-8.939061,-6.146383,19.754410,-15.529688,6.151360,3.104748,0.661810,-16.156164,-58.274149,22.076677,-26.429629,44.791110,-35.137792,-9.567757,8.828390,-76.253297,-38.607040,26.741538,37.632136,20.678398,-4.672103,-18.164888
1006.000000,43.611261,3.494110,76.077914,-0.152769,4.826815,-2.925715,-1.947748,6.804344,9.281004,5.972908,-14.634860,-0.577102,-10.253480,-9.015576,-6.479060,19.604468,-15.447212,6.128157,4.228945,0.144098,-16.445183,-58.483051,21.322628,-27.043734,44.515324,-35.019435,-9.892552,8.979909,-81.070725,-42.649040,30.740117,42.229598,14.322166,-4.954437,-17.947908
1007.000000,43.628311,3.554473,76.090068,-0.413638,5.017176,-2.614626,-2.259845,7.006005,9.035868,6.061507,-14.824185,-1.016387,-10.045849,-8.829998,-6.900258,19.003820,-15.137805,6.069535,5.695072,0.248971,-16.348794,-59.127479,20.120050,-27.160918,44.293360,-34.637658,-10.230610,9.194718,-87.806371,-46.575958,37.560979,48.950589,1.573681,-5.814870,-17.380014
1008.000000,43.630308,3.580846,76.114166,-0.548359,5.181127,-2.357875,-2.654422,7.119732,8.840770,6.351657,-14.922923,-1.402849,-10.022544,-8.768073,-7.211518,18.742724,-14.884869,6.027398,6.925454,0.048857,-16.625181,-59.173720,19.312266,-27.298745,43.975934,-34.304769,-10.339505,9.025269,-93.333046,-49.308065,44.864033,54.723885,-11.488154,-6.419755,-16.699572
1009.000000,43.637225,3.575495,76.114887,-0.534071,5.196640,-2.208848,-2.865788,7.113175,8.749443,6.656107,-15.103430,-1.692727,-10.090082,-8.864540,-7.359814,18.955452,-14.968336,5.962099,7.692857,-0.263223,-16.754025,-58.866101,18.909561,-27.425885,43.592559,-34.029792,-10.449048,8.922212,-96.923717,-50.617477,49.752064,58.528492,-20.235325,-6.776762,-16.357007
1010.000000,43.646118,3.560551,76.104367,-0.567903,5.205806,-2.167593,-3.004419,7.178077,8.706378,6.934251,-15.327752,-1.825870,-10.124666,-8.850039,-7.436523,19.072438,-15.059537,5.901390,8.419582,-0.168846,-16.711157,-58.734579,18.433770,-27.209863,43.352375,-33.788201,-10.378635,9.003608,-100.237616,-50.873961,53.459180,61.882258,-27.799630,-6.862578,-16.770524
1011.000000,43.639246,3.525706,76.104558,-0.585894,5.226080,-2.246125,-3.139933,7.273155,8.803180,7.214033,-15.462363,-1.902987,-10.189512,-8.786011,-7.426190,19.123920,-15.071074,5.890429,9.195325,-0.026700,-16.712925,-58.662480,18.059205,-27.003827,43.247621,-33.794656,-10.396408,9.226188,-102.571656,-50.762502,55.700596,63.981797,-33.018832,-6.601910,-18.109294
1012.000000,43.619478,3.474877,76.096225,-0.605521,5.209743,-2.397091,-3.210225,7.396020,8.935750,7.472210,-15.619102,-1.886964,-10.241993,-8.672869,-7.326238,19.154371,-15.086645,5.873423,9.879289,0.160500,-16.543558,-58.695019,17.804220,-26.786697,43.135534,-33.784663,-10.444117,9.311578,-104.173704,-50.648868,56.965256,64.885192,-36.807056,-6.056558,-19.847297
1013.000000,43.575948,3.436447,76.086497,-0.662203,5.205261,-2.443310,-3.370925,7.532804,8.977263,7.774739,-15.782884,-1.813408,-10.310640,-8.556313,-7.299071,19.195005,-15.064080,5.909582,10.427321,0.354684,-16.366486,-58.810080,17.607034,-26.832762,42.991174,-33.811694,-10.425501,9.407389,-105.173835,-50.726381,58.196169,65.013729,-39.622054,-5.441627,-21.220225
1014.000000,43.525693,3.412407,76.080137,-0.732803,5.195934,-2.411244,-3.576231,7.656137,8.924662,8.123503,-15.917525,-1.756505,-10.410312,-8.469154,-7.329097,19.352125,-15.071745,5.940619,10.689205,0.664608,-16.193229,-58.759872,17.550789,-26.766062,42.703258,-33.804747,-10.396716,9.229346,-105.841834,-50.527322,58.794542,65.069764,-41.685590,-5.096934,-21.963160
1015.000000,43.464512,3.394417,76.076329,-0.800451,5.187125,-2.297199,-3.812787,7.756476,8.816458,8.468284,-16.051605,-1.775322,-10.517110,-8.427015,-7.442535,19.557775,-15.116450,5.921994,10.996150,0.866473,-15.904767,-58.849484,17.553853,-26.926127,42.403508,-33.853921,-10.383033,9.103728,-106.359706,-50.733426,59.387395,64.918537,-42.929730,-4.678817,-22.579410
1016.000000,43.396279,3.390015,76.078236,-0.864452,5.228051,-2.096142,-4.105292,7.806454,8.625434,8.723241,-16.088330,-1.827524,-10.650781,-8.436813,-7.648004,19.749357,-15.146132,5.898255,11.132520,1.084832,-15.711802,-58.960672,17.541124,-26.950815,42.312066,-33.891102,-10.348851,9.146743,-106.826590,-50.816683,59.644880,64.975146,-43.558944,-4.546391,-22.800556
1017.000000,43.341342,3.407435,76.082569,-0.900993,5.255847,-1.886051,-4.328938,7.798235,8.431278,8.885476,-16.090543,-1.877161,-10.748636,-8.500689,-7.849970,19.914777,-15.153784,5.953715,11.427351,1.282381,-15.499810,-59.112111,17.253606,-26.993568,42.297353,-33.860690,-10.479740,9.435268,-107.288304,-51.278461,60.131749,64.690094,-43.973796,-4.480042,-23.152724
1018.000000,43.289116,3.424672,76.081544,-0.904779,5.317989,-1.709367,-4.560035,7.751746,8.240976,9.006219,-16.068935,-1.902594,-10.896285,-8.592278,-8.010745,20.088553,-15.197758,5.975031,11.490943,1.367715,-15.373245,-59.146324,17.301687,-27.047440,42.189010,-33.939063,-10.514300,9.509861,-107.835573,-51.679216,60.832233,64.407495,-44.483939,-4.446893,-22.802096
1019.000000,43.246192,3.444216,76.081407,-0.882195,5.410555,-1.530471,-4.765430,7.665575,8.079254,9.012469,-16.007721,-1.962480,-11.080425,-8.706840,-8.142452,20.274546,-15.249152,5.975816,11.442998,1.417472,-15.302709,-59.113491,17.406394,-27.002029,42.047802,-33.949264,-10.455377,9.319606,-108.293052,-51.979649,61.258949,64.107998,-44.466744,-4.819725,-21.985049
1020.000000,43.210810,3.473890,76.083821,-0.844416,5.522185,-1.328558,-4.940783,7.545272,7.908982,8.922552,-15.884341,-2.010853,-11.254121,-8.846284,-8.267041,20.415765,-15.262879,5.997384,11.276596,1.448882,-15.261761,-58.996941,17.548622,-26.970976,41.863623,-34.042134,-10.507323,9.152489,-108.681335,-52.333094,61.559307,63.557499,-43.728510,-5.443782,-20.539393
1021.000000,43.198684,3.508442,76.079750,-0.828533,5.550884,-1.147570,-4.982093,7.440745,7.754531,8.804440,-15.818278,-1.994347,-11.294046,-8.976779,-8.415701,20.523139,-15.311312,6.038250,11.061123,1.591523,-15.117469,-58.892773,17.597344,-26.778937,41.730677,-34.088750,-10.504644,8.915571,-109.203626,-52.743831,61.662360,62.742241,-42.793990,-6.277716,-18.450223
1022.000000,43.186837,3.525334,76.083118,-0.802835,5.556505,-0.997740,-4.968794,7.340997,7.616531,8.645356,-15.697998,-1.964142,-11.300906,-9.072989,-8.509896,20.590565,-15.346815,6.030871,10.830312,1.677718,-15.023623,-58.778176,17.769663,-26.777627,41.615803,-34.143539,-10.307618,8.379782,-109.740349,-53.067937,61.762129,61.946442,-40.337007,-7.145988,-14.928984
1023.000000,43.185085,3.533133,76.097310,-0.747559,5.625508,-0.940556,-4.981321,7.230570,7.513550,8.454410,-15.494446,-1.993252,-11.370858,-9.159855,-8.537450,20.594492,-15.325606,6.050062,10.719346,1.589642,-15.101760,-58.641019,17.985375,-27.008224,41.582704,-34.239571,-10.084814,7.872977,-110.231610,-53.464781,62.016021,61.081125,-37.544836,-7.670709,-11.408426
1024.000000,43.195966,3.534095,76.100153,-0.657978,5.619395,-1.011416,-4.821640,7.131721,7.604220,8.209903,-15.364056,-1.969393,-11.405909,-9.233648,-8.413629,20.644196,-15.331376,6.013281,10.483281,1.428136,-14.969066,-58.569193,18.365772,-27.053777,41.502996,-34.263477,-9.906603,7.457075,-110.892492,-53.528981,61.990824,60.544812,-35.015969,-8.097636,-7.835424
1025.000000,43.203467,3.532747,76.103199,-0.580995,5.548904,-1.124337,-4.595191,7.056250,7.727045,7.983269,-15.263530,-1.950040,-11.376284,-9.278678,-8.270604,20.684886,-15.350087,5.989592,10.297729,1.320807,-14.818423,-58.486657,18.686269,-27.024873,41.458760,-34.251377,-9.716906,7.163501,-111.614546,-53.553714,62.148793,60.163448,-32.733548,-8.268086,-5.093634
1026.000000,43.208498,3.532269,76.107222,-0.516759,5.460845,-1.263191,-4.403872,7.004321,7.844400,7.874038,-15.199143,-1.931167,-11.332829,-9.306579,-8.128145,20.709989,-15.354007,5.981723,10.210919,1.224661,-14.728048,-58.350818,18.853328,-26.995527,41.402209,-34.288444,-9.603706,6.855539,-112.383468,-53.518241,62.528982,60.085324,-31.527241,-8.235618,-2.658231
1027.000000,43.216556,3.529488,76.110274,-0.470892,5.375167,-1.386424,-4.236194,6.975838,7.962203,7.812037,-15.201805,-1.929210,-11.277185,-9.322039,-8.012217,20.732124,-15.365204,5.979137,10.189175,1.163169,-14.617346,-58.316032,18.898256,-26.957491,41.374670,-34.368074,-9.389348,6.580114,-112.980468,-53.415914,62.650054,60.214729,-29.670980,-8.252995,-0.129544
1028.000000,43.223330,3.526951,76.113868,-0.452142,5.278876,-1.482889,-4.077909,6.980205,8.081324,7.797329,-15.202533,-1.929090,-11.192233,-9.316736,-7.944272,20.748399,-15.383714,5.972187,10.161379,1.088048,-14.503821,-58.281499,18.885912,-26.975117,41.328238,-34.274104,-9.264392,6.443515,-113.530428,-53.302301,62.964147,60.533801,-28.372768,-8.137244,1.748815
1029.000000,43.223172,3.517748,76.115477,-0.449901,5.182353,-1.552340,-3.921877,6.996459,8.150180,7.736833,-15.210263,-1.963379,-11.112293,-9.290592,-7.881856,20.772224,-15.417701,5.958380,10.133222,1.021467,-14.350427,-58.254977,18.849452,-26.961589,41.230000,-34.331423,-9.165736,6.247042,-114.032112,-53.159212,63.175200,60.927917,-27.398143,-7.993971,3.301981
1030.000000,43.214399,3.507517,76.115787,-0.444871,5.103941,-1.600091,-3.776194,6.999800,8.204285,7.633506,-15.206328,-1.985432,-11.056580,-9.271901,-7.835082,20.797216,-15.435645,5.932794,10.114124,0.929221,-14.221431,-58.278111,18.800799,-27.006170,41.199817,-34.388046,-9.171009,6.215847,-114.326507,-52.976214,63.339192,61.501619,-26.501274,-7.886580,4.192883
1031.000000,43.209982,3.495560,76.117945,-0.442812,5.070272,-1.626141,-3.672340,7.006586,8.257409,7.520648,-15.150440,-2.015103,-11.045410,-9.252216,-7.804714,20.822317,-15.426904,5.898258,10.128544,0.860044,-14.129424,-58.277250,18.648138,-27.026714,41.137594,-34.537377,-9.259728,6.325769,-114.555325,-52.880568,63.415151,61.872928,-26.185508,-7.814964,4.382359
1032.000000,43.198386,3.482888,76.119632,-0.447560,5.065233,-1.675628,-3.616951,7.037345,8.342621,7.432722,-15.109323,-2.027903,-11.060928,-9.213360,-7.752709,20.808699,-15.401527,5.897412,10.150472,0.822687,-14.049263,-58.294394,18.517632,-26.988707,41.106302,-34.554388,-9.364083,6.415378,-114.647731,-52.784856,63.212520,62.147755,-25.849561,-7.799893,4.268819
1033.000000,43.185112,3.472872,76.120061,-0.459610,5.089075,-1.685437,-3.604567,7.058654,8.376770,7.330356,-15.073348,-2.000243,-11.076402,-9.181666,-7.755179,20.761776,-15.387322,5.931297,10.094204,0.810817,-14.057359,-58.291553,18.412173,-26.927751,41.121540,-34.514698,-9.305787,6.461307,-114.607788,-52.716069,63.041396,62.128739,-25.921236,-7.727496,3.798150
1034.000000,43.179831,3.466224,76.116830,-0.457776,5.135634,-1.691885,-3.642624,7.052870,8.367212,7.282950,-15.034409,-1.934997,-11.086437,-9.177604,-7.771058,20.668619,-15.366957,5.980095,10.010550,0.818449,-14.099407,-58.298096,18.366751,-26.941280,41.063651,-34.550730,-9.398737,6.571296,-114.315558,-52.847790,62.701717,61.441820,-25.802141,-7.813814,2.480043
1035.000000,43.171012,3.463202,76.108283,-0.468238,5.211579,-1.628026,-3.825261,7.061348,8.324224,7.415479,-15.073669,-1.919007,-11.111726,-9.183921,-7.829409,20.564349,-15.374344,6.046190,9.828367,0.860821,-14.118333,-58.427159,18.352867,-26.919032,41.087525,-34.614033,-9.777912,6.962501,-113.618920,-53.217825,61.861672,60.231204,-25.876938,-7.880688,-1.281983
1036.000000,43.162411,3.469460,76.098287,-0.478900,5.367736,-1.501163,-4.230939,7.057523,8.180103,7.767372,-15.186664,-1.861248,-11.209522,-9.223462,-7.957106,20.470190,-15.380684,6.198165,9.554846,0.936460,-14.213244,-58.521095,18.388316,-26.868514,41.000215,-34.781396,-10.299460,7.668887,-112.361147,-53.739420,60.482145,58.764270,-27.210364,-7.806325,-8.017785
1037.000000,43.153447,3.495766,76.078713,-0.503325,5.542386,-1.349260,-4.802579,7.063078,7.985216,8.413481,-15.433296,-1.709250,-11.331254,-9.308206,-8.170983,20.415902,-15.367048,6.424468,9.224572,1.061438,-14.305373,-58.600742,18.460089,-26.896462,40.917891,-34.990103,-10.896667,8.526550,-110.726246,-54.246633,58.700661,57.539194,-29.434830,-7.347036,-15.683607
1038.000000,43.155771,3.547325,76.053423,-0.545748,5.628858,-1.298168,-5.257370,7.092734,7.855549,9.127141,-15.810694,-1.567948,-11.418724,-9.347870,-8.258733,20.453227,-15.404897,6.592335,9.067089,1.252527,-14.340727,-58.702156,18.415259,-26.970394,40.821151,-35.019893,-11.441246,9.177816,-108.572161,-54.588262,56.178429,56.807424,-31.205662,-6.476919,-22.153807
1039.000000,43.178651,3.621058,76.031440,-0.586563,5.611230,-1.384236,-5.458148,7.126575,7.842559,9.684340,-16.203541,-1.422726,-11.469784,-9.370279,-8.228098,20.609355,-15.455070,6.726843,9.117337,1.484583,-14.325128,-58.800962,18.214663,-26.964789,40.652705,-34.893145,-11.692113,9.856888,-105.888942,-54.551143,52.488453,56.330913,-30.440200,-5.788539,-26.858594
1040.000000,43.219566,3.715053,76.007074,-0.621121,5.523625,-1.567678,-5.403354,7.155468,7.956808,9.981801,-16.519962,-1.255076,-11.465495,-9.369313,-8.081027,20.754218,-15.485687,6.844204,9.206912,1.707537,-14.289231,-58.823160,18.087179,-26.853229,40.426964,-34.745627,-11.851407,10.090759,-102.997846,-54.023053,47.750126,56.295420,-27.494249,-5.901028,-29.470350
1041.000000,43.276632,3.798645,76.001120,-0.642391,5.484483,-1.777278,-5.247998,7.161785,8.099676,9.998137,-16.639237,-1.132553,-11.456298,-9.334640,-7.888269,20.789199,-15.460331,6.921301,9.330149,1.732791,-14.484617,-58.714840,18.140334,-27.013688,40.178550,-34.822002,-11.923515,9.894978,-99.808345,-53.469419,43.132942,56.020795,-24.147523,-6.151968,-31.416637
1042.000000,43.340382,3.894261,75.987858,-0.649145,5.402844,-2.070137,-4.936693,7.146965,8.313385,9.854408,-16.758812,-0.945748,-11.394364,-9.309397,-7.641499,20.772021,-15.434831,7.006448,9.269784,1.816853,-14.437094,-58.655301,18.347418,-27.083338,39.959731,-34.529256,-12.098259,9.907585,-96.714277,-52.557404,38.527427,55.575303,-20.367855,-6.668784,-32.971850
1043.000000,43.408611,3.989162,75.986391,-0.661338,5.364242,-2.269390,-4.708530,7.111797,8.451508,9.714250,-16.808150,-0.809648,-11.299084,-9.295994,-7.459188,20.645585,-15.338499,7.128437,9.136847,1.782440,-14.555608,-58.532215,18.650014,-27.210290,39.749676,-34.342703,-12.246662,9.844910,-93.450266,-51.564629,34.302204,54.801514,-16.128155,-7.314362,-34.726816
1044.000000,43.468589,4.076439,75.985438,-0.685594,5.371134,-2.376973,-4.594473,7.086197,8.567314,9.646633,-16.878186,-0.642389,-11.219075,-9.293184,-7.373022,20.478410,-15.203926,7.251950,8.875264,1.690866,-14.742586,-58.300213,18.951799,-27.210241,39.523378,-34.435830,-12.349498,9.734826,-90.293646,-50.681247,30.588002,53.952539,-13.725276,-7.684603,-36.199856
1045.000000,43.535438,4.142821,75.997049,-0.695511,5.405971,-2.473057,-4.517563,7.049956,8.627105,9.577484,-16.858893,-0.484519,-11.131393,-9.288423,-7.291894,20.254557,-15.046497,7.381868,8.635486,1.462898,-14.932327,-58.104289,19.271934,-27.289539,39.439445,-34.461617,-12.471835,9.542369,-87.114937,-49.965778,27.491390,52.770475,-11.969019,-8.101935,-37.670204
1046.000000,43.612286,4.198554,75.996602,-0.723779,5.410295,-2.588948,-4.369725,7.046556,8.684846,9.464505,-16.875581,-0.299252,-10.995792,-9.255846,-7.227912,20.023205,-14.937837,7.506609,8.380526,1.360357,-15.063267,-57.924389,19.541721,-27.250635,39.500073,-34.347232,-12.552246,9.521587,-84.120658,-49.266766,25.041780,51.360820,-10.513660,-8.529055,-38.767133
1047.000000,43.692818,4.241649,76.005650,-0.742814,5.437101,-2.669937,-4.272011,7.022957,8.707361,9.375348,-16.833901,-0.163859,-10.862304,-9.231332,-7.202387,19.772677,-14.841171,7.603877,8.217912,1.157787,-15.299281,-57.687730,19.742098,-27.338196,39.613427,-34.567919,-12.700286,9.391786,-81.272715,-48.875263,23.106830,49.973923,-10.629499,-8.597755,-39.564643
1048.000000,43.788585,4.275263,76.003444,-0.756778,5.409860,-2.807204,-4.069001,7.023851,8.821626,9.285469,-16.902314,-0.093321,-10.678476,-9.195249,-7.135483,19.553112,-14.770749,7.677776,8.000862,1.059834,-15.459414,-57.451248,19.907355,-27.274298,39.806086,-34.759820,-12.742071,9.315612,-78.779730,-48.204087,21.462999,48.800844,-10.715307,-8.588906,-40.469656
1049.000000,43.875438,4.286513,76.000679,-0.760046,5.382677,-2.928329,-3.920589,7.040301,8.913444,9.280970,-16.964211,-0.004081,-10.532887,-9.169692,-7.097966,19.409996,-14.760392,7.723838,7.813016,0.885122,-15.658965,-57.263585,20.076422,-27.332349,40.025544,-34.921026,-12.874100,9.252063,-76.467294,-47.498758,20.152652,47.804221,-10.548104,-8.683298,-41.329861
1050.000000,43.963546,4.291837,76.001477,-0.767514,5.364917,-2.971312,-3.785516,7.043097,8.940458,9.232696,-16.989518,0.102149,-10.383160,-9.151369,-7.090018,19.288920,-14.744806,7.756018,7.578819,0.676414,-15.862585,-57.080745,20.070152,-27.359332,40.230613,-35.230707,-12.945604,9.253918,-74.347524,-46.904057,19.181488,46.915938,-10.588322,-8.558542,-42.197230
1051.000000,44.060501,4.291866,75.998813,-0.786336,5.357720,-2.940909,-3.680243,7.039723,8.879862,9.193315,-17.029466,0.197847,-10.232269,-9.134676,-7.117721,19.194329,-14.751441,7.789813,7.368995,0.560413,-16.102152,-56.828195,19.905036,-27.305952,40.361265,-35.479343,-12.874900,9.200931,-72.506556,-46.302727,18.283001,46.214412,-10.741127,-8.519006,-42.377233
1052.000000,44.153196,4.282907,75.995231,-0.831686,5.333033,-2.884813,-3.564629,7.081844,8.823846,9.165395,-17.075219,0.223738,-10.082090,-9.103940,-7.207267,19.159492,-14.789427,7.769891,7.147620,0.512583,-16.261005,-56.606678,19.789420,-27.305182,40.405101,-35.432108,-12.918750,8.933353,-71.069348,-45.705341,17.531561,45.801517,-10.673271,-8.676133,-42.220165
1053.000000,44.236246,4.270085,75.990796,-0.871692,5.272891,-2.855141,-3.418722,7.118281,8.762599,9.149886,-17.141719,0.229569,-9.946928,-9.067667,-7.254447,19.205078,-14.855243,7.715534,6.978291,0.477689,-16.327586,-56.423452,19.657699,-27.402243,40.449627,-35.388617,-12.846599,8.891770,-70.111619,-45.187036,17.049986,45.579276,-10.350379,-8.681532,-42.154196
1054.000000,44.314545,4.250389,75.981057,-0.872445,5.209706,-2.892683,-3.230665,7.140277,8.823074,9.092511,-17.223804,0.230846,-9.851879,-9.053650,-7.240537,19.296387,-14.985613,7.634838,6.999775,0.424198,-16.359024,-56.271692,19.442987,-27.554110,40.448609,-35.342882,-12.742774,8.798114,-69.640540,-44.733487,16.685744,45.449766,-9.623896,-8.605520,-41.799778
1055.000000,44.381049,4.222154,75.977904,-0.845983,5.157649,-2.998013,-3.019226,7.145354,8.922421,8.971510,-17.253031,0.201438,-9.799531,-9.047728,-7.180510,19.377219,-15.090224,7.559764,7.105289,0.351932,-16.337992,-56.091224,19.320669,-27.749049,40.251391,-35.373119,-12.688588,8.853430,-69.841717,-44.366566,16.618395,45.472162,-8.493477,-8.704748,-41.394027
1056.000000,44.419998,4.193388,75.977564,-0.812249,5.135103,-3.109274,-2.859685,7.147162,9.026220,8.835804,-17.221366,0.146029,-9.793858,-9.030358,-7.089164,19.417733,-15.154791,7.520253,7.319218,0.261066,-16.307579,-55.958353,19.178695,-28.023067,40.041557,-35.426965,-12.572847,8.852202,-70.623480,-44.325821,16.964677,45.581916,-7.488691,-8.900605,-40.630258
1057.000000,44.442299,4.166298,75.981879,-0.777491,5.177744,-3.157773,-2.810091,7.139636,9.107684,8.698271,-17.161182,0.032195,-9.832769,-9.028239,-7.031540,19.399119,-15.169816,7.503656,7.606269,0.157258,-16.259726,-55.917902,18.991257,-28.370203,39.806933,-35.385110,-12.543159,8.815513,-72.080947,-44.631916,17.725982,45.914717,-6.632871,-9.115605,-39.568427
1058.000000,44.452873,4.134033,75.994956,-0.749841,5.289714,-3.149675,-2.868425,7.134273,9.141421,8.554806,-17.057755,-0.132812,-9.913362,-9.016335,-7.032831,19.335926,-15.147464,7.457266,7.970476,0.066918,-16.185953,-55.945256,18.731946,-28.674278,39.466230,-35.429482,-12.512768,8.733689,-74.071093,-45.087926,18.753280,46.471412,-4.785619,-9.600472,-37.657968
1059.000000,44.458228,4.099645,76.009524,-0.747275,5.436547,-3.066175,-3.022531,7.157611,9.114773,8.481568,-16.938058,-0.372898,-10.009343,-9.005697,-7.112665,19.252471,-15.123489,7.388070,8.303854,0.034925,-16.151126,-55.959122,18.468707,-28.828224,39.106180,-35.448535,-12.346844,8.671995,-76.457718,-45.392843,19.601986,47.573845,-1.517331,-10.283511,-35.192785
1060.000000,44.464898,4.064893,76.025277,-0.749036,5.593865,-2.938700,-3.218993,7.178354,9.054680,8.451340,-16.866512,-0.577149,-10.127761,-9.009105,-7.230859,19.207989,-15.060688,7.260596,8.674483,0.017308,-16.137003,-55.992842,18.220730,-29.070303,38.817625,-35.471867,-12.154814,8.869358,-79.295826,-45.835173,20.637611,49.674825,0.864163,-10.325790,-33.758053
1061.000000,44.472763,4.032523,76.040429,-0.757722,5.731240,-2.816725,-3.445748,7.211740,9.002317,8.543698,-16.839584,-0.741674,-10.269052,-9.002520,-7.301716,19.260905,-15.015211,7.116570,9.113548,0.002795,-16.114809,-55.968776,17.890603,-29.317491,38.534363,-35.535190,-12.017424,9.160698,-82.491999,-46.556198,22.299990,52.710585,1.000849,-9.645515,-32.859460
1062.000000,44.478592,4.001065,76.050478,-0.773998,5.839707,-2.707701,-3.679794,7.267632,9.004156,8.715899,-16.865069,-0.943954,-10.427868,-8.983785,-7.358016,19.403775,-15.012976,7.016677,9.575225,0.111079,-16.047017,-55.946868,17.546876,-29.514347,38.296143,-35.512930,-11.863374,9.332238,-85.801198,-47.064081,24.111358,56.012220,-0.061412,-8.924958,-31.737027
1063.000000,44.487828,3.959238,76.057827,-0.776021,5.907725,-2.684882,-3.860125,7.332873,9.037542,8.939650,-16.918930,-1.104075,-10.596865,-8.957416,-7.371198,19.628903,-15.054799,6.905144,10.106239,0.273430,-15.938760,-55.940404,17.235304,-29.711695,38.109351,-35.413626,-11.707852,9.618127,-88.890008,-47.339396,25.935275,58.972748,-0.821267,-8.397385,-30.790363
1064.000000,44.507140,3.927475,76.058948,-0.776640,5.950171,-2.644774,-3.995590,7.373384,9.013800,9.132284,-16.973413,-1.188518,-10.686405,-8.951459,-7.409787,19.771101,-15.103415,6.824708,10.527035,0.443441,-15.833123,-55.916457,17.032822,-29.901031,37.928986,-35.313205,-11.616351,9.689323,-91.653550,-47.629508,28.104649,61.516099,-2.784434,-7.654655,-30.345991
1065.000000,44.527182,3.902951,76.053059,-0.785185,5.993767,-2.577781,-4.124798,7.415412,8.996189,9.297150,-17.027752,-1.256346,-10.736513,-8.959254,-7.494869,19.864772,-15.168885,6.758356,10.841947,0.690617,-15.790871,-55.892838,16.811874,-29.906769,37.828951,-35.238671,-11.662392,9.671935,-93.983512,-47.725988,29.975077,63.453632,-5.127405,-7.311496,-30.295980
1066.000000,44.546294,3.876521,76.047504,-0.802776,6.057570,-2.493294,-4.261970,7.446143,8.906589,9.426490,-17.068211,-1.293480,-10.779830,-8.942030,-7.568002,19.891546,-15.213705,6.719353,11.060116,0.926889,-15.781410,-55.907813,16.645634,-29.778385,37.791263,-35.249254,-11.682658,9.571454,-95.784742,-47.792125,31.484768,64.785601,-7.535580,-7.107800,-30.221306
1067.000000,44.560960,3.852294,76.043814,-0.847139,6.113190,-2.391629,-4.382774,7.504491,8.813329,9.510933,-17.112706,-1.323130,-10.785843,-8.903104,-7.681810,19.881275,-15.237834,6.659349,11.201165,1.216220,-15.768888,-55.922918,16.539125,-29.615471,37.757924,-35.283251,-11.717668,9.518113,-97.087014,-47.822970,32.561933,65.542236,-9.717121,-6.971466,-30.143810
1068.000000,44.574273,3.853865,76.041389,-0.919903,6.141874,-2.249994,-4.472313,7.554693,8.704247,9.568453,-17.159609,-1.375367,-10.716738,-8.878735,-7.875940,19.806756,-15.248805,6.718591,11.491031,1.594949,-15.851455,-55.968851,16.166863,-29.504324,37.874878,-35.307754,-11.798672,9.587269,-97.811260,-48.044999,33.366000,65.738460,-11.265528,-6.825973,-30.492990
1069.000000,44.586059,3.843636,76.035303,-0.954820,6.168811,-2.157773,-4.536613,7.584853,8.622057,9.609475,-17.174142,-1.353891,-10.686592,-8.856466,-7.955497,19.772573,-15.275255,6.711688,11.556464,1.776250,-15.896420,-55.975326,16.107937,-29.475931,37.897912,-35.302273,-11.786840,9.564157,-98.209596,-48.210521,34.111560,65.625059,-12.378498,-6.610632,-30.582695
1070.000000,44.598493,3.835129,76.029038,-0.973708,6.175039,-2.057987,-4.550140,7.594147,8.542666,9.589502,-17.201543,-1.380743,-10.646800,-8.854478,-8.020315,19.769424,-15.327906,6.655117,11.508567,1.840229,-15.905540,-55.930387,16.201714,-29.407144,37.784589,-35.384034,-11.736948,9.397777,-98.527009,-48.523310,35.212292,65.443369,-13.883860,-6.413563,-29.989991
1071.000000,44.605061,3.836575,76.031119,-1.002776,6.188938,-1.870393,-4.569978,7.580701,8.390589,9.507669,-17.147443,-1.432381,-10.592461,-8.880524,-8.181480,19.755832,-15.338515,6.622309,11.325517,1.838742,-15.905829,-55.856522,16.340401,-29.252355,37.652060,-35.360292,-11.681435,9.029992,-98.948964,-49.049795,36.696226,65.163522,-15.546561,-6.380822,-28.353560
1072.000000,44.607052,3.853986,76.034504,-1.024661,6.254154,-1.655952,-4.632188,7.527416,8.218040,9.353698,-17.063559,-1.426692,-10.578972,-8.948640,-8.385785,19.718188,-15.318683,6.649555,11.135476,1.787775,-16.000222,-55.716517,16.426953,-29.090035,37.518700,-35.370876,-11.687610,8.496598,-99.526074,-49.807222,38.303629,64.669775,-17.326030,-6.516295,-25.539136
1073.000000,44.616222,3.873435,76.042438,-1.028972,6.311564,-1.467214,-4.618862,7.446241,8.051669,9.084254,-16.913297,-1.414314,-10.558231,-9.022796,-8.544202,19.673634,-15.264271,6.686996,10.945072,1.702217,-16.071628,-55.583052,16.534951,-28.999931,37.453462,-35.449013,-11.441291,7.887639,-100.316211,-50.656190,40.037186,63.966463,-18.510098,-6.614984,-21.434798
1074.000000,44.638464,3.855700,76.050001,-1.070433,6.277046,-1.328994,-4.468884,7.454900,7.926688,8.822782,-16.798208,-1.428443,-10.408925,-9.004131,-8.694195,19.591955,-15.252168,6.650857,10.737398,1.670523,-16.025572,-55.406109,16.683698,-28.830256,37.425041,-35.421761,-11.113551,7.190161,-101.292115,-51.411046,41.840468,63.246042,-19.241597,-6.697405,-16.517440
1075.000000,44.646034,3.858933,76.058596,-1.085463,6.223766,-1.278170,-4.304683,7.445192,7.913628,8.604416,-16.668648,-1.431489,-10.308557,-8.999046,-8.737642,19.558139,-15.231750,6.634513,10.589144,1.621784,-15.953066,-55.184992,16.755480,-28.540721,37.372681,-35.390461,-10.821701,6.760141,-102.320161,-52.151834,43.758379,62.498772,-20.322138,-6.632886,-12.521526
1076.000000,44.658917,3.837573,76.057214,-1.041503,6.181927,-1.381511,-4.112019,7.425869,7.982095,8.387168,-16.578278,-1.407471,-10.304126,-8.992085,-8.622721,19.598294,-15.278563,6.546312,10.352250,1.522147,-15.794911,-54.983771,17.110426,-28.377059,37.255584,-35.545544,-10.720825,6.544738,-103.293210,-52.488378,45.192073,61.855955,-20.838369,-6.608219,-10.233532
1077.000000,44.666791,3.818689,76.055312,-1.020006,6.144768,-1.486796,-3.974253,7.430033,8.036623,8.263186,-16.509013,-1.430599,-10.301084,-8.963066,-8.521411,19.624009,-15.290425,6.535135,10.164134,1.477988,-15.725954,-54.757620,17.354763,-28.230608,37.235490,-35.633404,-10.681020,6.505300,-103.955418,-52.660236,46.304113,61.432531,-21.086624,-6.719220,-9.067069
1078.000000,44.678596,3.803439,76.057059,-1.008167,6.107026,-1.610593,-3.874718,7.449050,8.119831,8.247144,-16.497581,-1.415813,-10.263232,-8.930542,-8.452655,19.581932,-15.240572,6.566006,10.072961,1.499815,-15.696202,-54.518187,17.379789,-28.043116,37.226061,-35.833522,-10.729598,6.566078,-104.337102,-52.696398,47.050868,61.209977,-21.282823,-6.853475,-8.454928
1079.000000,44.680271,3.793835,76.058817,-1.013410,6.070448,-1.726350,-3.806257,7.489057,8.224697,8.256623,-16.514993,-1.417161,-10.200744,-8.885519,-8.407583,19.477043,-15.197106,6.608053,10.054698,1.579436,-15.596576,-54.455814,17.319529,-27.920451,37.261120,-35.927727,-10.878552,6.661037,-104.366267,-52.729679,47.083018,60.925315,-20.485716,-7.071248,-8.946298
1080.000000,44.664633,3.780087,76.058626,-1.025400,6.069406,-1.792251,-3.867638,7.538823,8.276903,8.385042,-16.563815,-1.458223,-10.202374,-8.847986,-8.413743,19.422519,-15.171904,6.669553,10.161798,1.718082,-15.476830,-54.577214,17.127176,-27.848071,37.251845,-35.889349,-11.135175,6.892895,-104.014424,-52.789477,45.688443,60.699584,-19.173550,-7.625693,-11.033108
1081.000000,44.624826,3.773925,76.056671,-1.034644,6.108152,-1.795349,-4.052463,7.573134,8.273343,8.591867,-16.615263,-1.487639,-10.266412,-8.824542,-8.434132,19.392010,-15.197485,6.755305,10.356679,1.876665,-15.315316,-54.777806,16.907117,-27.918875,37.150195,-35.953409,-11.485066,7.175552,-103.497146,-53.031522,43.595844,60.371209,-19.076068,-8.078680,-14.947475
1082.000000,44.585124,3.792633,76.054829,-1.051115,6.163068,-1.780047,-4.266409,7.584158,8.204809,8.810328,-16.702714,-1.490503,-10.356087,-8.845857,-8.512585,19.392992,-15.195439,6.840301,10.665842,2.070159,-15.156010,-55.066409,16.714677,-28.289851,37.042599,-36.085010,-11.992208,7.732372,-102.846598,-53.342227,41.400355,60.158687,-19.822111,-8.371983,-19.971880
1083.000000,44.543564,3.816044,76.055670,-1.058810,6.214281,-1.786189,-4.477346,7.584141,8.152182,9.036718,-16.740164,-1.491797,-10.459800,-8.860884,-8.528466,19.390697,-15.140979,6.977103,11.127614,2.298344,-15.002039,-55.434690,16.485328,-28.770003,36.988353,-36.094087,-12.420238,8.125218,-101.984007,-53.559437,38.802779,59.857299,-19.970237,-8.438425,-24.926888
1084.000000,44.492882,3.863265,76.062447,-1.102597,6.318035,-1.737295,-4.815481,7.596448,8.036560,9.353264,-16.847963,-1.485191,-10.571482,-8.895832,-8.691349,19.329200,-15.041012,7.239884,11.866687,2.669467,-15.113076,-55.685924,15.970511,-29.329027,37.044969,-36.238245,-12.757422,8.464724,-100.935122,-54.014785,36.533053,59.409525,-19.926621,-7.996386,-29.532276
1085.000000,44.448167,3.890969,76.066560,-1.102365,6.426679,-1.792260,-5.122457,7.603348,8.022795,9.672358,-16.910396,-1.412747,-10.733965,-8.900227,-8.660741,19.282509,-14.933302,7.394810,12.377835,2.967577,-15.091443,-55.908114,15.908248,-29.859791,37.097964,-36.410991,-12.913720,8.423507,-99.989489,-53.884469,33.852361,59.257485,-18.377483,-7.671742,-32.527051
1086.000000,44.400719,3.927065,76.068789,-1.064517,6.532010,-1.905115,-5.394764,7.576649,8.095299,9.957684,-16.974125,-1.337990,-10.966256,-8.931244,-8.521652,19.323905,-14.875781,7.522146,12.850035,3.279340,-15.053269,-56.062521,15.986319,-30.271299,37.160218,-36.596676,-13.082083,8.453474,-99.051642,-53.186089,30.575280,59.112617,-14.200480,-8.325184,-33.978094
1087.000000,44.358274,3.965428,76.067275,-1.001397,6.560621,-2.019206,-5.491676,7.515740,8.226301,10.078711,-17.037104,-1.340982,-11.168671,-9.002511,-8.348034,19.492919,-14.850153,7.527527,13.542127,3.605099,-14.759156,-56.517811,15.692308,-30.509673,37.312371,-36.499725,-12.808819,8.693868,-98.306523,-52.189807,26.813106,59.021181,-6.654946,-9.938670,-33.699849
1088.000000,44.351593,3.997748,76.081425,-1.075765,6.597666,-2.171493,-5.330507,7.596528,8.430648,9.765022,-16.936979,-1.396302,-11.178494,-8.853541,-8.205037,19.317496,-14.705338,7.505993,14.150411,3.840858,-14.514722,-57.166337,15.656901,-30.800776,37.471596,-36.549394,-12.341429,8.987451,-97.535627,-51.284301,22.728616,58.798667,5.332893,-12.144433,-31.313538
1089.000000,44.345114,4.022203,76.094109,-1.059440,6.577492,-2.300379,-5.173642,7.585591,8.589415,9.547914,-16.870398,-1.476084,-11.212217,-8.851690,-8.096658,19.325706,-14.656357,7.489624,14.730172,4.021130,-14.309519,-57.544214,15.522853,-30.998977,37.518697,-36.689263,-12.115381,9.425647,-97.010570,-50.183176,18.949988,58.697649,17.617063,-14.152147,-28.671416
1090.000000,44.346538,4.050049,76.108521,-1.026551,6.553289,-2.367190,-5.024231,7.528862,8.668734,9.335420,-16.761182,-1.556097,-11.197168,-8.892229,-8.023925,19.293273,-14.608735,7.487737,15.136748,4.133546,-14.193128,-57.725999,15.510263,-31.229694,37.504507,-36.843577,-11.931134,9.379785,-96.784655,-49.327274,15.681274,58.956274,28.054121,-15.305334,-24.195047
1091.000000,44.357738,4.071213,76.120561,-1.013476,6.541863,-2.364410,-4.907176,7.486213,8.708684,9.130119,-16.691557,-1.627925,-11.135700,-8.916277,-8.000732,19.222594,-14.592009,7.471021,15.404327,4.156055,-14.094917,-57.877213,15.517327,-31.350859,37.460097,-36.902078,-11.568446,9.335176,-96.535401,-48.743898,13.185029,59.118996,37.188471,-15.669267,-19.291738
1092.000000,44.369286,4.088621,76.127964,-1.022317,6.542388,-2.332761,-4.819829,7.456447,8.692041,8.943579,-16.625635,-1.715990,-11.055488,-8.926969,-8.043700,19.094031,-14.578393,7.438291,15.488519,4.150605,-14.021571,-57.914520,15.608306,-31.460401,37.362576,-37.025363,-11.329873,9.430369,-96.363212,-48.370768,11.585026,59.454632,45.188928,-15.542913,-14.862615
1093.000000,44.350836,4.093805,76.131284,-0.903713,6.494387,-2.326350,-4.856294,7.329637,8.661617,9.053791,-16.601815,-1.725572,-11.146204,-9.118288,-8.031223,19.327439,-14.690250,7.382751,15.511242,4.006865,-13.991579,-57.650137,15.653446,-31.626487,37.250373,-37.041458,-11.184805,9.516929,-96.111731,-48.051819,10.836538,60.014106,49.748735,-15.196401,-12.188958
1094.000000,44.360211,4.101627,76.127005,-0.857574,6.500898,-2.266837,-4.906773,7.252633,8.645559,9.112328,-16.639355,-1.738214,-11.168787,-9.213562,-8.073465,19.411661,-14.743085,7.379329,15.358734,3.799608,-14.040865,-57.451638,15.889339,-31.906208,37.219740,-37.030031,-11.083619,9.732730,-95.944159,-48.491614,11.197334,61.084451,50.882447,-14.723234,-10.809144
1095.000000,44.366780,4.100852,76.121134,-0.818160,6.517855,-2.243625,-4.953261,7.202730,8.649457,9.159233,-16.663324,-1.722184,-11.192494,-9.271779,-8.096347,19.453740,-14.794007,7.386284,15.293410,3.634280,-14.065158,-57.275200,15.978830,-32.087433,37.150256,-37.037063,-10.977822,9.710269,-96.086282,-48.934095,11.834473,62.135672,50.058771,-14.493795,-10.175074
1096.000000,44.364536,4.091002,76.118457,-0.784477,6.525916,-2.259000,-4.989375,7.181192,8.689839,9.217107,-16.697810,-1.709171,-11.243507,-9.313006,-8.101117,19.530962,-14.817100,7.371644,15.300565,3.537976,-14.039851,-57.146215,15.916704,-32.079080,37.062188,-36.989928,-11.036756,9.740982,-96.372555,-49.217151,12.463389,63.045733,48.492899,-14.363787,-10.360163
1097.000000,44.358063,4.085365,76.112598,-0.771014,6.524202,-2.266185,-5.020964,7.172776,8.668569,9.278961,-16.729164,-1.675853,-11.297421,-9.335289,-8.102822,19.633372,-14.831746,7.384123,15.286788,3.464705,-14.012145,-57.030147,15.854317,-32.076833,36.987178,-36.902563,-11.106865,9.733670,-96.676041,-49.647341,13.551773,63.959469,45.386105,-14.233076,-11.150852
1098.000000,44.352332,4.076231,76.108986,-0.761251,6.534404,-2.266397,-5.077508,7.169377,8.648660,9.359099,-16.749395,-1.648600,-11.344452,-9.344356,-8.101863,19.710463,-14.815732,7.417472,15.287657,3.453438,-13.994407,-56.961124,15.763597,-32.132813,36.985314,-36.881826,-11.124136,9.650784,-97.022216,-50.040411,14.690943,64.714704,41.338996,-14.172508,-12.393648
1099.000000,44.340137,4.068959,76.104987,-0.759289,6.555915,-2.246075,-5.193167,7.176998,8.611310,9.519095,-16.793857,-1.579943,-11.384986,-9.351046,-8.134142,19.728144,-14.816596,7.445015,15.259524,3.416416,-13.981939,-56.897706,15.703373,-32.164324,37.011794,-36.771543,-11.169748,9.669600,-97.299460,-50.597755,16.240742,65.292094,35.345659,-14.146784,-14.882697
1100.000000,44.340828,4.068236,76.112849,-0.921398,6.608737,-2.185652,-5.228893,7.330896,8.515428,9.479289,-16.797291,-1.540981,-11.197522,-9.126842,-8.233547,19.283924,-14.584546,7.436442,15.307069,3.697194,-13.967281,-57.023088,15.534622,-31.997534,37.073171,-36.753449,-11.259683,9.653101,-98.149654,-51.093145,18.746328,65.847347,25.640151,-13.588990,-18.914078
1101.000000,44.307989,4.052074,76.107013,-0.870449,6.558545,-2.201369,-5.318183,7.325595,8.546965,9.704984,-16.843989,-1.498813,-11.264024,-9.188283,-8.210921,19.442830,-14.598066,7.458773,15.256488,3.713684,-13.887960,-56.858405,15.471714,-31.882083,37.070719,-36.723905,-11.583143,9.473618,-98.172167,-51.355052,20.464567,65.773062,19.199733,-13.177401,-20.813285
1102.000000,44.287342,4.051155,76.097888,-0.858533,6.580816,-2.181314,-5.447015,7.319706,8.528582,9.870187,-16.914858,-1.469177,-11.342220,-9.208102,-8.202616,19.527355,-14.619417,7.482679,15.223406,3.823972,-13.880755,-56.795273,15.307835,-31.728134,37.149880,-36.875078,-11.869877,9.557348,-98.264675,-51.433466,21.741853,65.500886,13.857253,-12.550018,-23.435125
1103.000000,44.269317,4.049969,76.096755,-0.861445,6.618008,-2.171402,-5.542997,7.322034,8.493424,9.946540,-16.904068,-1.407758,-11.407621,-9.210848,-8.219453,19.559305,-14.590346,7.505504,15.180613,3.977659,-13.890866,-56.762697,15.139075,-31.586087,37.203395,-37.128464,-12.067340,9.643199,-98.256895,-51.263223,22.694700,64.936357,10.505137,-12.007334,-25.008347
1104.000000,44.257805,4.051089,76.095730,-0.864407,6.650621,-2.171329,-5.585240,7.327838,8.502837,9.933189,-16.869042,-1.378898,-11.471737,-9.205048,-8.210525,19.592336,-14.571438,7.522610,15.132615,4.124185,-13.909523,-56.761689,14.970646,-31.391078,37.285091,-37.222434,-12.094861,9.636435,-98.218120,-50.933086,22.962299,64.423676,9.375097,-11.757122,-25.674422
1105.000000,44.251266,4.048217,76.095617,-0.863554,6.663553,-2.179431,-5.590252,7.331006,8.506552,9.905505,-16.851882,-1.363197,-11.506241,-9.189533,-8.158569,19.610679,-14.571150,7.524248,15.039182,4.193994,-13.915820,-56.764886,14.888047,-31.306814,37.399807,-37.269682,-12.066046,9.538778,-98.131691,-50.678320,23.054089,64.009179,9.153755,-11.639449,-25.866565
1106.000000,44.240278,4.042923,76.098818,-0.860170,6.664920,-2.188592,-5.595579,7.331531,8.504799,9.890309,-16.814684,-1.328893,-11.538117,-9.178250,-8.117714,19.641546,-14.572620,7.521048,14.849436,4.206375,-13.888409,-56.785189,14.849233,-31.247607,37.507735,-37.208388,-12.088721,9.654670,-97.889759,-50.432221,23.177060,63.366998,9.462685,-11.658029,-26.003206
1107.000000,44.235906,4.030462,76.099324,-0.840542,6.670325,-2.178438,-5.602786,7.314004,8.496200,9.874767,-16.760294,-1.265681,-11.564187,-9.170318,-8.038613,19.653762,-14.593893,7.514468,14.491314,4.159811,-13.835656,-56.820040,14.885511,-31.092807,37.560129,-37.176948,-12.055556,9.575399,-97.150862,-50.043758,23.317581,61.909497,10.808213,-11.834744,-25.997662
1108.000000,44.232041,4.003113,76.098710,-0.821993,6.685999,-2.099651,-5.661355,7.298522,8.403742,9.901198,-16.663334,-1.155373,-11.540649,-9.180867,-8.061766,19.602831,-14.638963,7.558380,13.788144,4.073618,-13.719984,-56.924412,15.151923,-30.761714,37.706534,-37.071579,-12.019885,9.350685,-95.415181,-49.663644,23.859220,58.885882,12.845541,-12.446432,-26.106230
1109.000000,44.233045,3.963942,76.091176,-0.832234,6.753956,-1.841183,-5.854317,7.275100,8.096546,9.980151,-16.538369,-1.011187,-11.504596,-9.209562,-8.235879,19.541072,-14.698775,7.591254,12.575522,3.986499,-13.631239,-57.071015,15.627382,-30.082673,37.908448,-36.846576,-12.200689,9.448049,-92.450087,-49.303792,24.586253,54.147028,13.544082,-13.264413,-27.967299
1110.000000,44.256619,3.923373,76.081532,-0.928085,6.808316,-1.304285,-6.136635,7.271893,7.502017,10.148608,-16.451638,-0.793472,-11.300224,-9.248338,-8.719424,19.413011,-14.785886,7.711444,10.791059,4.055923,-13.782710,-56.899519,16.287216,-29.177844,38.107405,-36.935631,-12.455139,9.524078,-88.019015,-49.089095,25.326697,48.034695,11.849113,-13.792890,-30.369316
1111.000000,44.283259,3.869472,76.066744,-1.056433,6.716131,-0.733612,-6.280563,7.290210,6.806868,10.360435,-16.435366,-0.539605,-10.953560,-9.249405,-9.207515,19.368554,-14.897582,7.648562,8.985934,4.304279,-13.526173,-56.939944,16.883842,-28.107326,38.313943,-36.867268,-12.533168,9.756404,-82.999530,-48.958154,25.140016,41.734935,8.482806,-13.650070,-33.090074
1112.000000,44.345406,3.779189,76.081598,-1.496607,6.540471,-0.161319,-6.079160,7.683439,6.097734,10.152633,-16.265220,-0.345288,-10.136595,-8.789972,-9.904453,18.645969,-14.753398,7.487810,6.337744,4.533443,-13.703817,-56.376238,18.612368,-27.394514,38.483277,-36.713930,-12.394622,9.979500,-74.846524,-47.259486,22.814169,33.593374,4.864834,-12.390032,-36.156508
1113.000000,44.360861,3.737521,76.049393,-1.345065,6.327271,-0.059529,-6.164221,7.542801,5.966981,10.780859,-16.549617,-0.157290,-10.101501,-9.011009,-9.886652,19.178143,-15.098777,7.448770,4.910582,4.482142,-13.631610,-55.866040,19.396416,-26.910179,38.551480,-36.570004,-12.478145,10.976528,-69.568987,-45.587042,22.225849,30.009396,4.458613,-12.779479,-37.281000
1114.000000,44.391695,3.695226,76.026905,-1.241129,6.094394,-0.291761,-5.963312,7.536972,6.138317,11.144723,-16.827489,-0.009147,-10.065823,-9.049283,-9.642680,19.576695,-15.352956,7.393206,3.745209,4.324335,-13.751101,-55.291351,20.176765,-26.415004,38.858258,-36.258616,-12.108763,11.632195,-64.002561,-43.129373,21.684051,27.510643,5.189269,-12.601965,-36.751096
1115.000000,44.412923,3.653840,76.014167,-1.123262,5.877749,-0.797809,-5.623710,7.583544,6.527731,11.325570,-17.003860,0.181193,-10.098881,-8.994862,-9.127156,19.875313,-15.530035,7.227336,2.886441,3.942245,-14.133494,-54.688812,20.905753,-25.905502,39.400134,-35.501534,-11.578834,11.965322,-58.947927,-40.132228,21.413259,26.852288,7.894833,-11.885385,-33.563481
1116.000000,44.439307,3.611103,76.012576,-1.008635,5.650714,-1.300722,-5.178046,7.610141,6.959124,11.316018,-17.081735,0.342778,-10.056170,-8.911639,-8.577230,20.035829,-15.615474,6.975183,1.995297,3.570515,-14.526544,-53.986491,21.600195,-25.148000,39.758654,-34.710304,-10.977259,11.543700,-54.738799,-36.353900,21.014708,27.203708,14.551569,-10.449243,-27.334974
1117.000000,44.491509,3.561782,76.032478,-1.108943,5.452355,-1.537971,-4.497016,7.789776,7.198863,10.662936,-16.913065,0.360795,-9.653664,-8.619411,-8.383538,19.640252,-15.524999,6.708544,0.510504,3.568451,-14.957278,-53.044741,22.900248,-24.099368,39.959830,-33.410844,-10.290728,9.923600,-51.561918,-32.433017,20.147217,28.038012,25.185443,-8.252276,-17.244132
1118.000000,44.485003,3.528803,76.035011,-1.077653,5.187726,-1.426364,-4.288834,7.756616,7.080334,10.755805,-16.932575,0.424680,-9.339913,-8.676918,-8.447901,19.682032,-15.649941,6.491835,-1.243101,3.590613,-15.186973,-51.998216,24.357170,-23.306417,39.757585,-31.854547,-9.895969,8.488139,-49.219293,-29.377958,19.858700,29.260763,30.529737,-5.681050,-9.780249
1119.000000,44.464567,3.488754,76.043439,-1.146399,5.017900,-1.016211,-4.252508,7.757744,6.657108,10.794640,-16.855397,0.436048,-8.972097,-8.692850,-8.837772,19.578666,-15.721385,6.324900,-3.285536,3.626222,-15.624573,-50.664144,26.064121,-22.591693,39.430744,-31.176863,-10.004258,6.654320,-47.867598,-27.803407,20.212393,30.649849,29.050902,-4.047262,-4.647018
1120.000000,44.413829,3.431366,76.050448,-1.195005,4.837089,-0.627521,-4.184483,7.751036,6.254846,10.745673,-16.740305,0.458099,-8.649793,-8.700590,-9.178647,19.507451,-15.800746,6.147411,-5.165474,3.708974,-15.851923,-49.531422,27.442252,-22.043578,39.345896,-31.378849,-10.203255,5.440476,-46.926125,-26.307310,21.508930,31.210225,28.912505,-3.035335,-1.041799
1121.000000,44.316345,3.356020,76.059097,-1.170832,4.664176,-0.489096,-4.085834,7.740435,6.099174,10.677814,-16.578302,0.504221,-8.525738,-8.709148,-9.302187,19.575648,-15.885963,5.964613,-6.364079,3.742644,-16.025323,-48.847874,28.408811,-21.924127,39.600286,-31.447803,-10.200232,5.461676,-46.191681,-24.558007,22.056889,31.542015,29.356419,-3.195880,-2.169220
1122.000000,44.191051,3.289754,76.056999,-1.116019,4.414642,-0.611030,-3.840545,7.755594,6.192616,10.601774,-16.485386,0.535950,-8.437159,-8.672375,-9.148244,19.675663,-15.959041,5.866807,-6.949553,3.713081,-16.046607,-48.599559,28.893039,-21.870221,40.084960,-31.181729,-10.102525,5.092610,-46.376356,-23.505654,22.480422,32.193977,27.849465,-3.533168,-3.099173
1123.000000,44.032380,3.218210,76.052946,-1.043689,4.272189,-0.804059,-3.716628,7.778818,6.414112,10.517993,-16.408857,0.531386,-8.488802,-8.601919,-8.885523,19.681264,-15.970960,5.788560,-7.080805,3.673439,-16.280243,-48.705440,28.952673,-21.993943,40.709396,-31.005835,-10.076365,5.506952,-46.950311,-22.591392,22.591797,33.281043,26.457460,-4.115952,-5.002928
1124.000000,43.879899,3.143824,76.053041,-0.973308,4.246242,-1.028068,-3.725465,7.813969,6.645626,10.445109,-16.327147,0.497622,-8.598890,-8.507911,-8.645767,19.537640,-15.983298,5.620506,-6.871802,3.508064,-16.767503,-49.085359,28.838510,-22.557770,41.230772,-30.024183,-9.871100,7.424475,-47.700337,-21.825572,22.865966,34.477996,25.311964,-4.909434,-8.640317
1125.000000,43.731818,3.061318,76.045042,-0.901585,4.154858,-1.266921,-3.678139,7.854105,6.826918,10.437508,-16.292703,0.515834,-8.646895,-8.391657,-8.333599,19.422266,-16.033531,5.443550,-6.563062,3.218464,-17.158933,-49.584226,28.440937,-22.930111,41.628138,-29.056130,-9.804106,8.954073,-48.540266,-21.309043,23.176471,35.601289,23.447971,-5.527876,-12.123699
1126.000000,43.605837,2.971714,76.035368,-0.802328,4.020297,-1.496834,-3.543447,7.852544,6.990751,10.387118,-16.256525,0.546005,-8.640878,-8.313151,-8.018569,19.333979,-16.095042,5.309193,-6.107569,2.844321,-17.613647,-49.988420,27.554354,-22.817101,42.097430,-29.521365,-9.946225,8.971767,-49.044160,-20.555482,23.059159,36.739816,22.727000,-6.135270,-14.800071
1127.000000,43.496239,2.893170,76.022971,-0.736130,3.786717,-1.709500,-3.245356,7.875714,7.193631,10.252128,-16.256226,0.521767,-8.474506,-8.203357,-7.705709,19.216191,-16.187086,5.135555,-5.444329,2.493734,-17.936198,-50.449092,26.526310,-22.664885,42.588248,-29.844395,-9.998401,8.829094,-49.591862,-20.146475,23.238114,37.673100,21.991662,-6.869232,-18.165696
1128.000000,43.397453,2.798402,76.032043,-0.670680,3.640346,-1.887709,-3.048425,7.909470,7.437357,10.111524,-16.082210,0.579692,-8.323468,-8.083608,-7.475538,18.959362,-16.199126,5.054466,-4.541370,1.876714,-18.586570,-50.888994,25.869668,-23.116982,43.104750,-29.391103,-9.892106,8.481025,-49.370868,-20.282694,23.157205,37.862672,20.456104,-6.796833,-19.167474
1129.000000,43.309724,2.708382,76.032031,-0.663413,3.456093,-1.948301,-2.826709,7.993603,7.546061,9.986055,-16.016952,0.562583,-8.073488,-7.952768,-7.388091,18.692843,-16.186375,5.010783,-4.038094,1.538943,-19.073940,-51.199993,25.178731,-23.131359,43.725529,-29.074701,-9.791735,7.960369,-49.125005,-20.176456,23.031207,37.834986,20.556197,-6.687156,-18.422434
1130.000000,43.195206,2.634216,76.045412,-0.725562,3.274863,-1.768076,-2.830603,8.091838,7.351645,10.091137,-15.979388,0.395286,-7.709537,-7.824921,-7.536543,18.297851,-16.070525,5.007416,-3.743016,1.299952,-19.220113,-51.763777,24.464611,-23.163746,44.329850,-29.307355,-9.755017,8.272474,-48.981073,-20.250515,22.959053,37.901840,20.747610,-7.033078,-18.886069
1131.000000,43.058467,2.574068,76.049185,-0.851911,3.102361,-1.409931,-3.054544,8.225283,6.947122,10.460529,-16.041710,0.330852,-7.354130,-7.708163,-7.909608,17.974442,-15.997785,4.979230,-3.695540,1.303275,-19.186140,-52.447947,24.172641,-23.457059,44.840564,-29.151278,-9.793120,7.670355,-48.627802,-20.444191,22.776786,37.861282,20.324811,-7.110417,-18.226532
1132.000000,42.909589,2.543271,76.050669,-1.053776,2.946816,-0.925145,-3.405499,8.407737,6.487007,10.965471,-16.210732,0.301196,-7.013504,-7.557216,-8.368498,17.682045,-15.900129,4.855083,-3.806832,1.469719,-18.993472,-53.134862,24.082595,-23.920166,45.076189,-28.886253,-9.648429,7.549498,-48.820635,-20.917340,23.216923,38.132424,20.923082,-6.589153,-16.472798
1133.000000,42.742416,2.531202,76.056635,-1.234632,2.808754,-0.558674,-3.690701,8.566386,6.140714,11.352458,-16.332977,0.280172,-6.807248,-7.433655,-8.761687,17.510370,-15.795801,4.750411,-3.604170,1.453269,-18.651035,-53.856492,23.882629,-24.698394,45.090525,-29.042067,-9.822679,7.703019,-49.371438,-21.780947,23.800899,38.206316,20.604140,-6.275525,-15.929395
1134.000000,42.567691,2.543949,76.056379,-1.299981,2.617195,-0.405352,-3.790241,8.600245,5.930013,11.593304,-16.385632,0.311509,-6.710720,-7.414273,-8.895018,17.525449,-15.748688,4.657675,-3.765941,1.410564,-18.354416,-53.909898,23.907776,-24.989190,45.059738,-29.222223,-10.133320,7.397503,-51.001525,-22.479495,25.057751,38.499929,20.925934,-5.953411,-14.397878
1135.000000,42.357266,2.594629,76.078415,-1.269605,2.598669,-0.569504,-3.889524,8.560892,6.084746,11.556988,-16.175831,0.285288,-7.032806,-7.427243,-8.647511,17.725034,-15.613150,4.685819,-3.579992,1.176092,-18.250756,-53.502115,23.798867,-24.694197,45.131790,-29.402458,-10.325404,6.936922,-52.947968,-23.215442,25.604388,38.249377,20.880361,-5.816707,-12.471374
1136.000000,42.267582,2.651932,76.086909,-1.105926,2.780291,-0.705798,-4.012931,8.354884,6.297391,11.303201,-16.015259,0.169366,-7.419810,-7.613717,-8.429978,17.812520,-15.610392,4.645239,-3.449472,0.701607,-18.310457,-52.674859,23.485035,-23.976899,45.081376,-29.846588,-10.357341,7.307021,-55.384112,-24.471289,27.401040,37.147654,21.199473,-5.726755,-12.707470
1137.000000,42.171079,2.733297,76.092201,-0.890989,2.906551,-0.887271,-3.998713,8.065620,6.563824,10.913940,-15.773349,0.200727,-7.836446,-7.880600,-8.146598,18.037614,-15.632085,4.648349,-3.353677,0.324781,-18.329226,-51.396204,22.894948,-22.731355,45.055497,-30.891388,-10.479026,7.000712,-57.797006,-25.392579,28.392352,36.269387,21.134361,-5.561476,-12.081708
1138.000000,42.091027,2.822353,76.099336,-0.692058,3.001178,-1.036559,-3.875772,7.763285,6.801534,10.371370,-15.449828,0.242634,-8.219797,-8.127736,-7.827986,18.313773,-15.675861,4.625928,-3.450531,0.104033,-18.415843,-50.011174,22.516357,-21.700599,45.236927,-31.301111,-10.633825,7.226662,-59.781012,-25.697188,29.003538,35.729215,21.637187,-5.509249,-12.150393
1139.000000,42.048123,2.895099,76.109308,-0.490583,3.088606,-1.176254,-3.677049,7.458468,6.986076,9.746650,-15.093374,0.291627,-8.541976,-8.388578,-7.594856,18.561280,-15.731681,4.609061,-3.702202,-0.089282,-18.582460,-48.591062,22.251081,-20.811136,45.393465,-31.802874,-10.778926,7.569561,-61.549703,-26.004538,29.986849,35.461765,21.680274,-5.471267,-11.640901
1140.000000,42.012459,2.942399,76.114088,-0.323687,3.155469,-1.262026,-3.495338,7.213551,7.153847,9.179417,-14.774976,0.337134,-8.790202,-8.593385,-7.406947,18.754707,-15.769474,4.620347,-3.937978,-0.162486,-18.700406,-47.565431,21.890044,-19.839681,45.444773,-32.357318,-10.351081,7.335444,-62.750901,-26.182472,30.698128,35.286034,21.755046,-5.433274,-11.395162
1141.000000,41.983888,2.962494,76.118505,-0.234902,3.135413,-1.314551,-3.338889,7.079629,7.227015,8.872022,-14.601556,0.402286,-8.853484,-8.710597,-7.330331,18.831154,-15.771463,4.706653,-4.083240,0.021237,-18.605114,-47.197123,21.951859,-19.657050,45.461910,-31.976582,-10.164813,7.316838,-63.234848,-26.229642,30.841036,35.173688,22.064530,-5.346948,-11.112268
1142.000000,41.965970,2.963072,76.115328,-0.231329,3.080783,-1.355898,-3.266666,7.080426,7.267608,8.836295,-14.587285,0.415811,-8.812331,-8.716173,-7.328062,18.828057,-15.719858,4.760251,-4.097010,0.405254,-18.440384,-47.462162,22.195641,-19.893179,45.440743,-31.926394,-10.310947,6.886461,-63.036205,-26.192522,30.479415,35.257976,22.107429,-5.364764,-10.872057
1143.000000,41.940436,2.954780,76.120722,-0.300930,3.055104,-1.408577,-3.336652,7.184982,7.264381,9.022359,-14.645300,0.454930,-8.761300,-8.631297,-7.383878,18.722670,-15.576088,4.854244,-3.987564,0.877944,-18.324708,-48.441942,22.734681,-20.668982,45.561122,-31.602472,-10.246429,6.760285,-62.214984,-26.159042,29.891384,35.543768,22.061163,-5.363760,-10.901964
1144.000000,41.925803,2.939111,76.125222,-0.422345,3.135712,-1.432525,-3.531221,7.360007,7.245413,9.209782,-14.710332,0.477378,-8.733799,-8.460548,-7.469512,18.452769,-15.358143,4.967727,-3.918559,1.450539,-18.348166,-49.825916,23.654601,-21.652357,45.526459,-31.357450,-10.470296,6.930516,-60.958530,-25.896579,29.037351,36.012442,22.738144,-5.284650,-10.993844
1145.000000,41.949710,2.924609,76.133037,-0.566713,3.255297,-1.469649,-3.678082,7.560213,7.251475,9.299415,-14.766343,0.496103,-8.652557,-8.256371,-7.560406,18.049031,-15.111795,5.123799,-3.761942,2.054560,-18.522831,-51.365966,24.573036,-22.701758,45.424545,-31.327110,-10.363745,6.864342,-59.347200,-25.761805,28.191925,36.185738,23.150443,-4.922727,-11.439092
1146.000000,41.980770,2.905338,76.142085,-0.736198,3.402301,-1.497282,-3.779479,7.790616,7.250172,9.248592,-14.781865,0.431713,-8.559796,-8.014243,-7.683128,17.576831,-14.861742,5.268034,-3.564177,2.756998,-18.681672,-53.040295,25.368745,-23.753373,45.437997,-31.263883,-10.329509,6.855215,-57.983436,-25.529818,27.739195,36.490409,23.413204,-5.313475,-11.529247
1147.000000,41.970971,2.904901,76.149243,-0.924631,3.441631,-1.465433,-3.851925,8.005095,7.152529,9.273776,-14.794466,0.454564,-8.394067,-7.787924,-7.832995,17.167610,-14.603863,5.363478,-3.569556,3.466429,-18.474294,-54.946939,26.186477,-24.896649,45.701147,-31.007303,-10.322940,6.853948,-56.690898,-25.186652,27.309700,36.579071,24.070823,-5.586060,-11.479573
1148.000000,41.971308,2.906716,76.160467,-1.069695,3.526626,-1.470205,-3.929482,8.175313,7.108090,9.238750,-14.751674,0.475803,-8.339547,-7.613370,-7.968521,16.863860,-14.367310,5.506186,-3.453092,4.047888,-18.362859,-56.743159,27.013342,-26.168837,45.897095,-30.682135,-10.315901,6.436515,-55.275635,-24.606646,26.194124,36.635881,24.027207,-5.645822,-11.504168
1149.000000,41.990316,2.893436,76.167947,-1.193346,3.565537,-1.549005,-3.862086,8.345618,7.138572,9.095047,-14.692239,0.482311,-8.270633,-7.426610,-8.029184,16.631393,-14.231529,5.681697,-3.323855,4.392320,-18.305684,-58.252764,27.862915,-27.409474,46.015142,-30.871082,-10.177711,5.576108,-54.156976,-24.997970,25.916280,36.784182,24.263836,-5.156280,-8.407981
1150.000000,41.998923,2.887478,76.171982,-1.268728,3.649175,-1.605615,-3.860994,8.450129,7.178751,8.960164,-14.652030,0.448410,-8.343652,-7.305896,-8.004919,16.570771,-14.116533,5.683876,-3.040364,4.611739,-18.222658,-59.710012,28.186987,-28.107291,46.080602,-30.963799,-10.395316,6.256278,-52.892794,-24.061355,25.198352,37.121498,24.264840,-5.773605,-10.155581
1151.000000,42.004076,2.885325,76.180828,-1.331057,3.671336,-1.642650,-3.813717,8.527086,7.191434,8.840668,-14.573049,0.456804,-8.322304,-7.211586,-8.002138,16.469347,-14.010095,5.724157,-2.659224,4.505331,-18.104784,-60.924297,28.308419,-28.502992,46.190274,-31.052431,-10.543165,5.939693,-51.507857,-23.361381,24.003846,37.287307,23.159565,-5.761209,-9.960984
1152.000000,42.013398,2.896729,76.194763,-1.361122,3.766645,-1.636006,-3.883962,8.550409,7.199217,8.771602,-14.539627,0.363971,-8.367263,-7.180388,-8.047118,16.357859,-13.905481,5.720564,-2.371387,4.116863,-18.358521,-61.564702,28.178446,-28.575584,46.333114,-31.294943,-10.343212,6.216674,-50.829622,-23.202528,24.241702,37.700612,23.511202,-5.413700,-9.773710
1153.000000,42.034861,2.930301,76.196629,-1.308873,3.859543,-1.647686,-3.878896,8.463477,7.224933,8.594483,-14.490870,0.216245,-8.448421,-7.259850,-7.998817,16.325457,-13.883439,5.648323,-2.385205,3.691205,-18.490492,-61.550940,27.980287,-28.046941,46.383972,-31.200936,-10.381654,6.849227,-51.331020,-23.087576,25.385981,38.134906,24.320224,-5.348935,-10.291469
1154.000000,42.055634,2.966980,76.204705,-1.199053,3.942421,-1.686621,-3.826959,8.311267,7.368490,8.358180,-14.321460,0.126020,-8.566255,-7.403058,-7.906504,16.364281,-13.911274,5.637067,-2.278442,3.012387,-18.724593,-60.881082,27.577418,-27.140168,46.382370,-31.219746,-10.504659,6.995706,-52.191818,-23.367955,26.211915,38.025405,24.608277,-5.277971,-10.454396
1155.000000,42.047152,3.011494,76.209134,-1.039559,3.945632,-1.808489,-3.642755,8.102882,7.589000,8.008043,-14.090230,0.173061,-8.739396,-7.587520,-7.691462,16.580293,-13.984484,5.617488,-1.971910,2.253266,-18.845641,-59.753302,26.887955,-26.010639,46.533802,-31.634810,-10.766957,6.371493,-53.377317,-23.891377,26.137088,37.735252,23.793263,-5.136864,-8.911068
1156.000000,42.061090,3.055179,76.207888,-0.845240,3.947006,-1.866639,-3.441269,7.831918,7.774436,7.630291,-13.921566,0.170322,-8.919026,-7.842087,-7.517646,16.894913,-14.151631,5.507794,-1.827116,1.536773,-18.954490,-58.406163,26.129252,-25.041128,46.614996,-31.806623,-10.711485,6.736129,-55.106035,-24.681292,27.362880,37.385174,24.004840,-5.318518,-10.208375
1157.000000,42.105541,3.068345,76.198423,-0.628708,3.949593,-1.845017,-3.258776,7.539801,7.832443,7.308533,-13.789662,0.093113,-9.084733,-8.128656,-7.415753,17.286191,-14.425484,5.430406,-1.827530,0.952866,-19.056527,-56.962384,25.292757,-24.069981,46.511037,-31.924605,-10.508344,7.199056,-56.571875,-25.491774,29.033649,36.446914,24.766592,-5.022198,-10.082191
1158.000000,42.109326,3.061367,76.201534,-0.489660,3.904313,-1.808793,-3.125210,7.353832,7.828128,7.103138,-13.599873,0.142198,-9.177371,-8.316429,-7.372785,17.602116,-14.606235,5.383106,-1.769171,0.506991,-19.142415,-55.845918,24.499743,-23.364622,46.526825,-32.275273,-10.775150,6.929813,-57.805216,-26.038119,29.697847,36.639935,24.886286,-5.161271,-9.657134
1159.000000,42.117155,3.034862,76.198351,-0.415071,3.895520,-1.650254,-3.130725,7.244376,7.692040,7.050264,-13.564459,0.090596,-9.191254,-8.435135,-7.430360,17.763850,-14.749483,5.311946,-1.857096,0.286313,-19.126534,-55.290993,23.988092,-23.015212,46.263918,-32.153662,-10.703752,7.335808,-58.712818,-26.572474,30.667980,36.429616,24.887918,-5.159376,-9.801394
1160.000000,42.119625,2.991869,76.197398,-0.422130,3.879331,-1.346020,-3.245482,7.222439,7.400189,7.142357,-13.553897,0.048113,-9.086624,-8.491052,-7.693383,17.795025,-14.846700,5.240119,-2.161987,0.300728,-19.061106,-55.224521,23.586675,-22.771219,46.077761,-32.104683,-10.739702,7.621362,-58.950140,-26.560278,30.802336,36.218045,24.612775,-5.237886,-10.351899
1161.000000,42.115241,2.936501,76.198256,-0.470936,3.871481,-1.058701,-3.401371,7.262187,7.100036,7.302352,-13.556320,-0.002653,-8.983220,-8.484812,-7.969426,17.794822,-14.880716,5.199051,-2.554650,0.375068,-19.050547,-55.499689,23.441289,-22.764802,46.062263,-32.056236,-10.739164,7.768309,-58.909275,-26.468115,30.902313,36.177965,24.599462,-5.197991,-10.322868
1162.000000,42.120716,2.876083,76.198804,-0.542609,3.898685,-0.906448,-3.510709,7.368423,6.945957,7.379380,-13.548659,-0.047647,-8.915340,-8.393938,-8.145556,17.713317,-14.877402,5.207176,-2.826989,0.467035,-19.063623,-55.948142,23.530495,-22.911673,45.981773,-31.898401,-10.796487,7.715729,-58.892978,-26.490974,31.109118,36.358927,24.961302,-5.207151,-9.837538
1163.000000,42.118344,2.820037,76.199019,-0.581941,3.956694,-0.983715,-3.531453,7.485006,7.019627,7.324077,-13.501979,-0.043217,-8.939613,-8.275058,-8.145300,17.585714,-14.826517,5.204693,-2.871583,0.624919,-19.067458,-56.397821,23.632069,-22.930825,45.864509,-31.854134,-10.871238,7.610035,-58.636395,-26.323764,30.876666,36.445001,24.960289,-5.262165,-9.610889
1164.000000,42.110258,2.782870,76.196754,-0.610949,4.051774,-1.172371,-3.584625,7.604549,7.190208,7.314391,-13.545298,-0.138024,-9.062302,-8.138698,-8.008980,17.489027,-14.772429,5.144137,-2.850883,0.746793,-19.139648,-56.735168,23.806541,-23.134040,45.692316,-31.947066,-10.744259,8.257223,-58.350033,-26.865279,32.205534,35.827696,26.459357,-5.296161,-10.006135
1165.000000,42.106500,2.751574,76.198930,-0.583471,4.107251,-1.511077,-3.549981,7.682632,7.432092,7.308862,-13.528174,-0.145812,-9.199956,-8.020619,-7.721286,17.420826,-14.667063,5.192720,-2.603174,0.960618,-19.121277,-56.845776,23.842722,-22.933948,45.442447,-31.694233,-10.792391,7.951630,-58.094570,-26.200126,31.192835,36.003372,25.746301,-5.267391,-10.233532
1166.000000,42.104319,2.729734,76.200950,-0.567084,4.123452,-1.785882,-3.486957,7.748933,7.640887,7.298878,-13.539388,-0.143792,-9.283578,-7.920657,-7.476382,17.381802,-14.635659,5.194708,-2.529137,1.053022,-19.088543,-56.757533,24.015408,-22.883384,45.145693,-31.553439,-10.809449,8.134864,-57.812456,-25.794414,30.680523,35.910522,25.550985,-5.355909,-10.210901
1167.000000,42.107987,2.722444,76.199955,-0.561739,4.107824,-1.935755,-3.393353,7.783240,7.800870,7.232143,-13.526272,-0.131346,-9.278225,-7.866890,-7.337113,17.323793,-14.626285,5.189920,-2.586380,1.155674,-18.929355,-56.468476,24.224644,-22.839620,44.467632,-31.193047,-11.045566,9.144474,-57.513710,-25.577477,30.106108,35.373164,25.798637,-5.633100,-10.571768
1168.000000,42.110005,2.721339,76.197022,-0.569520,4.079705,-2.011406,-3.304996,7.806642,7.910530,7.163899,-13.539380,-0.056272,-9.244239,-7.822418,-7.253288,17.267830,-14.613536,5.170642,-2.682703,1.253301,-18.668751,-55.894928,24.628209,-22.757605,42.827181,-30.264022,-11.512575,11.246985,-56.973111,-25.645518,29.444580,34.002830,26.510725,-6.369174,-11.452589
1169.000000,42.061326,2.711934,76.198548,-0.560077,4.076148,-1.972337,-3.403918,7.795849,7.834243,7.251727,-13.476925,0.070782,-9.304958,-7.832139,-7.255123,17.327186,-14.615881,5.200692,-2.746111,1.344152,-18.269282,-54.839975,25.096026,-22.320030,39.662731,-28.920462,-12.498756,13.127841,-55.659089,-25.569494,27.083264,31.183355,26.203246,-7.373199,-12.243932
1170.000000,42.014179,2.712074,76.195991,-0.554974,4.133044,-1.896255,-3.598254,7.776153,7.725416,7.372675,-13.505225,0.095429,-9.481380,-7.854282,-7.256261,17.492768,-14.662422,5.223940,-2.839369,1.317642,-17.641368,-53.123196,26.172568,-21.778517,34.272510,-26.235619,-13.807773,15.474485,-53.952805,-26.300330,25.275130,26.193063,26.216723,-8.786719,-13.018148
1171.000000,41.989142,2.708587,76.172674,-0.568749,4.154080,-1.809959,-3.738443,7.780559,7.589338,7.505352,-13.629585,0.138536,-9.591026,-7.870288,-7.298301,17.671931,-14.781583,5.305192,-2.976625,1.373965,-16.576558,-50.595316,27.354573,-20.471178,26.958946,-22.892501,-15.309012,17.669464,-51.663083,-27.380777,23.425870,19.351871,26.506209,-10.406847,-12.253815
1172.000000,41.995344,2.689925,76.190442,-0.818173,4.520827,-1.626413,-4.128476,8.042107,7.376822,7.377356,-13.539064,0.045973,-9.673424,-7.548217,-7.510337,17.103369,-14.502028,5.408083,-2.841065,1.591936,-16.065969,-45.574751,28.380771,-18.548361,16.119161,-18.621672,-15.499911,21.180744,-46.990977,-29.465702,21.152534,9.267844,26.930487,-11.527412,-12.401771
1173.000000,42.006966,2.693774,76.191473,-0.863771,4.670735,-1.430011,-4.351276,8.040698,7.140762,7.360787,-13.538945,0.123104,-9.744577,-7.550166,-7.657960,17.026690,-14.508905,5.509971,-2.855596,1.594955,-14.973158,-40.767599,29.207870,-16.859531,6.915513,-14.298352,-16.958077,24.120431,-42.397863,-31.014629,19.826938,0.430126,25.936742,-13.829299,-14.183451
1174.000000,42.015207,2.711217,76.179075,-0.901866,4.672386,-1.239795,-4.466145,8.029633,6.961398,7.482467,-13.669439,0.161634,-9.708539,-7.594705,-7.805051,17.079228,-14.584329,5.557508,-3.051729,1.753691,-13.405996,-35.881747,30.206785,-14.870042,-1.068385,-10.268243,-18.154412,26.503618,-37.958489,-32.269229,17.724286,-7.293656,24.473495,-15.417588,-14.445493
1175.000000,42.034134,2.712084,76.183099,-0.970958,4.846118,-1.095915,-4.713461,8.075254,6.770348,7.518300,-13.651434,0.088362,-9.768223,-7.543240,-7.931263,16.904763,-14.515188,5.582511,-3.016193,1.756249,-12.383182,-30.002822,31.329828,-12.739693,-8.432705,-7.031325,-19.004793,27.111280,-32.235727,-33.250365,14.489307,-14.573949,24.246465,-16.183787,-12.891962
1176.000000,42.031041,2.717146,76.177835,-0.753133,5.084476,-0.991109,-5.205367,7.804936,6.672318,7.853133,-13.686471,0.131710,-10.196634,-7.859727,-7.908828,17.244426,-14.675052,5.716989,-2.842111,1.410351,-11.278218,-24.937931,32.043798,-11.164920,-13.095022,-4.308729,-20.138633,27.672990,-27.171715,-33.742948,12.408073,-19.469796,24.139642,-17.737057,-12.185330
1177.000000,42.127556,2.721883,76.192880,-0.933233,5.521300,-0.846021,-5.486372,7.944543,6.482773,7.494762,-13.545781,0.131035,-10.222424,-7.642687,-8.127330,16.532569,-14.403602,5.786608,-2.634126,1.543756,-10.611327,-17.431611,32.196426,-9.168481,-19.003948,-1.844443,-20.524148,27.760423,-19.416034,-34.204088,9.524190,-25.785731,23.931192,-18.845884,-11.223585
1178.000000,42.154276,2.736354,76.190186,-0.751448,5.798604,-0.676089,-5.956308,7.677394,6.304705,7.717262,-13.551388,0.295531,-10.545962,-7.945879,-8.227537,16.666717,-14.491657,5.941870,-2.368589,1.313149,-9.391023,-11.615485,32.042111,-8.129855,-21.679362,-1.398792,-21.289802,27.738781,-13.291464,-34.222909,7.374383,-28.890204,24.245484,-19.629527,-10.409180
1179.000000,42.290542,2.754024,76.220942,-0.952393,6.292362,-0.489750,-6.147120,7.810295,6.104021,7.106069,-13.259340,0.219416,-10.451606,-7.720445,-8.537087,15.679358,-14.095819,6.046173,-1.991779,1.439299,-9.035382,-3.704454,31.779272,-6.988763,-24.843244,-1.688641,-21.705667,27.262053,-4.554540,-34.021223,4.183713,-32.679136,24.774577,-19.942704,-9.159267
1180.000000,42.268828,2.817332,76.213938,-0.694152,6.576700,-0.304570,-6.601646,7.393311,5.967388,7.185572,-13.161436,0.426708,-10.866129,-8.172389,-8.603752,15.904915,-14.111160,6.172142,-1.878435,1.175890,-7.947263,2.304727,31.154757,-6.379538,-25.391122,-2.438001,-22.257763,26.810285,1.883814,-33.443939,2.150669,-33.554742,24.163136,-20.342096,-8.826536
1181.000000,42.381829,2.852504,76.219988,-0.612200,6.934535,-0.068123,-6.882790,7.169982,5.762832,6.980971,-12.997851,0.519531,-10.997374,-8.382361,-8.853620,15.687338,-14.069111,6.276220,-1.592070,1.016023,-7.352928,8.575190,30.681842,-6.050864,-25.236492,-3.828926,-23.060284,26.230496,8.732992,-32.917274,-0.559530,-33.698521,23.279810,-21.016919,-7.403938
1182.000000,42.509454,2.881023,76.233250,-0.563973,7.228144,0.114419,-7.020947,7.009497,5.631822,6.685490,-12.842711,0.570311,-10.998100,-8.530385,-9.116021,15.344619,-14.005246,6.351293,-1.152962,0.918334,-6.868811,14.101043,30.506985,-5.903032,-23.872841,-4.838816,-23.394216,25.796363,15.664504,-32.158163,-2.678983,-32.808943,22.486361,-21.315849,-7.889916
1183.000000,42.637759,2.910093,76.251602,-0.561318,7.467392,0.315857,-7.127664,6.896643,5.446590,6.447334,-12.672789,0.574999,-10.893096,-8.607102,-9.377475,14.916804,-13.881665,6.472466,-0.777803,0.884246,-6.531382,18.811509,30.422971,-6.002774,-21.285303,-5.541386,-23.173734,25.237957,21.864028,-31.448250,-4.347117,-30.641267,20.994676,-21.220892,-8.852370
1184.000000,42.743674,2.943401,76.271003,-0.580100,7.601384,0.501832,-7.175954,6.821475,5.316948,6.314015,-12.593058,0.540554,-10.714718,-8.658968,-9.603819,14.547444,-13.756792,6.446032,-0.508214,0.868430,-6.149614,22.319368,30.250628,-6.418159,-17.584594,-7.052965,-23.118681,24.479499,26.665301,-30.456729,-4.963851,-27.271796,20.895661,-19.735832,-10.554098
1185.000000,42.794514,2.963623,76.285821,-0.597771,7.639210,0.653157,-7.250530,6.774483,5.178771,6.385492,-12.593487,0.538362,-10.580388,-8.704429,-9.806834,14.372473,-13.715704,6.476999,-0.326168,0.853632,-5.830868,24.831158,30.219431,-7.126259,-12.398626,-7.746976,-22.773434,23.735619,29.964808,-30.261495,-5.356625,-23.183645,19.441114,-19.475101,-10.957630
1186.000000,42.899948,2.973926,76.296788,-0.513112,7.563473,0.519015,-6.920009,6.701314,5.379003,6.163665,-12.565275,0.438001,-10.445872,-8.761079,-9.713162,14.377183,-13.746878,6.440722,-0.189743,0.750837,-5.526457,26.572422,29.796816,-7.853229,-6.413809,-8.315877,-22.453490,22.571742,32.100670,-30.796537,-4.824192,-18.133541,16.981785,-19.632412,-10.521206
1187.000000,42.868051,3.001390,76.291013,-0.652186,7.621044,0.837241,-7.249342,6.747498,5.055739,6.449094,-12.658449,0.453470,-10.414300,-8.743173,-10.082547,14.335956,-13.741226,6.416389,-0.457540,0.934503,-5.418173,27.112427,28.936482,-8.546871,-0.309828,-9.685520,-22.747491,20.617546,32.980975,-31.376981,-3.801910,-12.257700,14.649241,-19.457363,-9.047218
1188.000000,42.906067,3.004208,76.286542,-0.709653,7.734074,0.909037,-7.411674,6.791170,5.007186,6.547084,-12.752785,0.380599,-10.455047,-8.717323,-10.230303,14.293079,-13.795567,6.320140,-0.478482,1.010359,-5.478210,27.095343,28.012397,-9.184533,6.050621,-10.433507,-22.022869,18.716245,33.084675,-31.474328,-2.189889,-5.869001,13.067092,-18.891383,-7.906782
1189.000000,42.917109,3.014429,76.280701,-0.773143,7.843250,0.979816,-7.554990,6.837481,4.985615,6.569404,-12.824134,0.341361,-10.504947,-8.666004,-10.320221,14.205204,-13.790032,6.171334,-0.411082,1.016378,-5.545466,26.398917,26.634106,-9.651109,11.951629,-12.203315,-21.471202,16.690110,32.407103,-31.000251,-0.440185,0.987984,11.848069,-18.550799,-6.708837
1190.000000,42.949632,3.015092,76.276082,-0.859533,7.928253,1.112761,-7.631731,6.893291,4.881112,6.509192,-12.862389,0.257934,-10.437022,-8.605125,-10.499821,14.029882,-13.755805,6.011457,-0.347921,1.011070,-5.640543,25.162757,25.317030,-9.892071,17.840191,-13.161695,-20.825208,14.848172,31.149904,-30.393590,1.398029,7.991782,10.685409,-17.964950,-5.029979
1191.000000,42.943153,2.999218,76.268572,-0.918449,8.042246,1.126126,-7.764992,6.970337,4.851735,6.485323,-12.869622,0.165061,-10.518934,-8.523766,-10.565585,13.920605,-13.677872,5.949393,-0.168793,1.042736,-5.885854,23.306424,24.635697,-10.340509,23.741977,-13.409955,-19.888181,13.515268,29.534967,-30.037826,3.273813,14.590992,8.867902,-17.164018,-2.686205
1192.000000,42.955422,3.004676,76.264846,-0.996162,8.171800,1.256952,-7.937301,7.023806,4.795322,6.485036,-12.880716,0.080132,-10.564272,-8.482906,-10.726676,13.818804,-13.647036,5.865627,-0.114808,1.083782,-6.193788,21.284949,23.539335,-10.697657,28.573743,-12.867918,-18.249164,13.500992,27.482087,-29.478652,4.732373,20.932279,5.901363,-17.302326,-1.765548
1193.000000,42.958912,3.015210,76.258308,-1.064817,8.237403,1.424189,-8.064844,7.043417,4.651435,6.501249,-12.916117,0.015811,-10.537134,-8.459898,-10.881193,13.724698,-13.647396,5.783702,-0.111833,1.110368,-6.431333,19.173296,22.196542,-10.855917,33.036672,-12.894013,-17.569784,12.916483,25.228076,-28.738776,6.738010,27.275290,2.916864,-18.208311,-2.100586
1194.000000,42.943466,3.023692,76.251370,-1.078748,8.326243,1.413324,-8.181162,7.061232,4.704792,6.511737,-12.910766,-0.027160,-10.676570,-8.460634,-10.905431,13.765706,-13.609661,5.723670,0.095913,1.046799,-6.761654,16.918486,21.061020,-11.023941,37.954955,-12.320818,-16.778030,11.675214,22.942419,-27.767367,8.835285,33.296281,0.589871,-17.774987,-1.112183
1195.000000,42.934850,3.035516,76.249045,-1.063450,8.408287,1.373739,-8.293532,7.051430,4.759464,6.568555,-12.945636,-0.087088,-10.860017,-8.492481,-10.855992,13.915722,-13.639687,5.618398,0.248692,0.932309,-7.105538,14.695695,19.835819,-11.047272,42.772994,-11.518983,-16.015720,11.059592,20.446649,-26.359353,10.737133,39.509168,-0.376627,-16.824395,0.551270
1196.000000,42.963207,3.030379,76.244611,-1.094432,8.371561,1.430991,-8.231029,7.076616,4.709764,6.546060,-12.992149,-0.182489,-10.793608,-8.464729,-10.878957,13.969940,-13.680993,5.444432,0.255916,0.871303,-7.298814,12.495164,18.577710,-11.002598,47.406106,-11.043149,-15.323885,10.574313,17.831845,-24.474467,12.028495,46.020097,-0.150277,-15.734084,2.119515
1197.000000,42.959443,3.018326,76.227719,-1.098904,8.350651,1.327746,-8.151096,7.136136,4.831744,6.494496,-13.072387,-0.230763,-10.881788,-8.426623,-10.782644,14.138181,-13.758510,5.267355,0.451205,0.792296,-7.559082,10.379543,17.508616,-10.982454,51.896911,-10.503058,-14.357162,9.029405,15.272836,-22.501396,12.990028,52.635138,0.969029,-14.152382,5.022470
1198.000000,42.959329,3.006070,76.215577,-1.083102,8.354627,1.182169,-8.083176,7.174922,4.973526,6.449005,-13.134438,-0.226755,-10.993167,-8.390296,-10.638648,14.273965,-13.806369,5.171686,0.692004,0.723797,-7.793755,8.176055,16.464565,-10.783792,56.632025,-10.127006,-13.398817,7.020591,12.909412,-20.776945,13.900054,58.553921,2.386126,-12.536467,7.286570
1199.000000,42.994541,2.992239,76.205403,-1.129440,8.240958,1.210680,-7.862677,7.235883,4.970708,6.320189,-13.197598,-0.269968,-10.771506,-8.326343,-10.695187,14.185885,-13.838399,5.083106,0.851097,0.758811,-7.883631,5.987609,15.518207,-10.838849,61.664041,-10.930381,-12.865171,4.280386,10.871038,-19.216198,14.093209,63.803556,5.050123,-10.773058,9.407377
1200.000000,43.044111,2.964024,76.221132,-1.036791,7.408124,0.983891,-6.565122,7.243815,5.245257,5.858869,-13.104036,0.166957,-10.091355,-8.309128,-10.191570,14.711760,-14.337819,4.722453,0.940762,0.787550,-7.262237,4.415129,14.746969,-9.953694,66.426786,-8.618683,-11.980089,1.129404,8.375117,-17.591227,14.498501,69.879795,6.297497,-9.111222,10.595602
1201.000000,43.042195,2.949007,76.216489,-0.926269,6.876406,0.794468,-5.767780,7.184996,5.460080,5.599268,-13.003046,0.306100,-9.725623,-8.361195,-9.903131,15.097337,-14.533640,4.645338,1.134922,0.747198,-6.853180,2.339055,14.042773,-10.663954,71.368394,-7.546808,-11.193714,-0.932030,6.034126,-16.522958,14.870135,75.209303,7.843481,-7.453963,11.737982
1202.000000,43.033957,2.947602,76.207829,-0.864120,6.623562,0.664890,-5.387721,7.156831,5.627833,5.493919,-12.961557,0.392230,-9.560511,-8.392677,-9.754013,15.274209,-14.637080,4.607778,1.275698,0.724122,-6.738849,0.052438,13.481771,-12.616218,76.268658,-5.432359,-9.727771,-2.798438,4.038588,-15.939097,16.127198,79.333747,6.961297,-6.001001,12.495373
1203.000000,43.016195,2.967705,76.200032,-0.797259,6.563641,0.640718,-5.271328,7.061440,5.682496,5.389007,-12.874031,0.464887,-9.532558,-8.480026,-9.701046,15.325582,-14.690079,4.580111,1.280375,0.689226,-6.757585,-2.089905,12.943785,-13.767442,81.435451,-3.773703,-9.232179,-5.708060,2.593172,-15.606045,17.883414,81.595270,5.049143,-5.499271,12.883125
1204.000000,42.988709,2.976625,76.197028,-0.771501,6.566369,0.675681,-5.311421,7.008304,5.623401,5.396467,-12.766865,0.561185,-9.567892,-8.530103,-9.731093,15.364645,-14.733049,4.526728,1.208432,0.728311,-6.799473,-3.866640,12.489267,-13.715820,85.560441,-3.798384,-8.802999,-7.297854,1.798121,-15.432773,19.617651,82.491200,3.289327,-5.607521,12.852294
1205.000000,42.979261,2.983188,76.200372,-0.768441,6.576031,0.723006,-5.336841,6.982318,5.579005,5.374285,-12.720286,0.529729,-9.570844,-8.542156,-9.737894,15.361403,-14.753021,4.525227,1.122136,0.752140,-6.785562,-4.802410,12.333338,-13.274342,87.270399,-4.468422,-8.195321,-7.114758,1.523909,-15.341817,21.236498,82.404825,1.613093,-6.096908,12.231341
1206.000000,42.976516,2.990717,76.203901,-0.765925,6.591464,0.736001,-5.332409,6.967072,5.578766,5.315891,-12.696052,0.463150,-9.555942,-8.541930,-9.723400,15.293292,-14.739610,4.564011,1.061975,0.746080,-6.768705,-4.886223,12.353012,-13.334968,87.205622,-4.456305,-8.042594,-6.028459,1.451570,-15.311563,22.022442,82.118128,0.591326,-6.586172,11.363247
1207.000000,42.978936,2.993092,76.208758,-0.759463,6.619046,0.698078,-5.340503,6.958999,5.595057,5.287956,-12.700287,0.427911,-9.533840,-8.525903,-9.683868,15.153586,-14.669616,4.630404,1.075174,0.689900,-6.885872,-4.509178,12.438113,-13.518948,86.517269,-4.711431,-8.201665,-4.670394,1.527202,-15.246096,21.860280,82.150790,0.813889,-6.999231,10.492972
1208.000000,42.990163,2.988800,76.213074,-0.789679,6.634161,0.642999,-5.353483,7.012851,5.656913,5.330587,-12.742116,0.399918,-9.456376,-8.467780,-9.701821,14.953642,-14.551349,4.674646,1.165677,0.705185,-7.005178,-4.082844,12.493254,-13.561831,85.864603,-5.353715,-8.307048,-3.955619,1.649065,-15.200234,21.483161,82.280331,1.569570,-7.064988,9.997741
1209.000000,43.001887,2.988797,76.214677,-0.829011,6.646622,0.575620,-5.340711,7.082752,5.742619,5.340009,-12.786518,0.393742,-9.365689,-8.391424,-9.694800,14.719157,-14.448978,4.695538,1.260568,0.736703,-7.081925,-3.698029,12.565164,-13.561333,85.258041,-5.716750,-8.343392,-3.755252,1.711821,-15.244484,21.293509,82.233613,1.724901,-6.937403,9.768601
1210.000000,43.005955,2.994387,76.215172,-0.850867,6.663464,0.531651,-5.314293,7.113794,5.790742,5.282434,-12.796608,0.399275,-9.298703,-8.339243,-9.664837,14.525389,-14.367916,4.741169,1.325094,0.770141,-7.155995,-3.346887,12.629599,-13.726903,84.712535,-5.669667,-8.314378,-3.981742,1.809650,-15.329808,21.194891,82.072065,1.674291,-6.869011,9.756428
1211.000000,43.030334,2.997559,76.220995,-0.868031,6.641063,0.497636,-5.219144,7.138972,5.820261,5.202548,-12.774529,0.366202,-9.194288,-8.303882,-9.663377,14.387063,-14.303989,4.772660,1.326616,0.767879,-7.225368,-3.055776,12.688815,-13.820966,84.404718,-5.700770,-8.293437,-4.190933,1.991305,-15.359168,20.954570,81.863068,2.001580,-6.909290,9.776427
1212.000000,43.046460,3.007481,76.223761,-0.865585,6.615185,0.491186,-5.137294,7.131017,5.843038,5.133099,-12.753147,0.331168,-9.118530,-8.306475,-9.664367,14.311807,-14.281108,4.786670,1.261594,0.746864,-7.242663,-2.869422,12.719275,-13.938232,84.225754,-5.609038,-8.320553,-4.220374,2.164671,-15.380734,20.598993,81.560744,2.526986,-6.918182,9.803733
1213.000000,43.059963,3.018414,76.227367,-0.864177,6.591848,0.518686,-5.094046,7.111322,5.821824,5.112636,-12.745360,0.329399,-9.080276,-8.327434,-9.687921,14.325043,-14.279946,4.790819,1.189615,0.738828,-7.248847,-2.731115,12.712516,-13.974322,84.007939,-5.618971,-8.323126,-4.209778,2.332256,-15.405381,20.259832,81.218865,2.850414,-6.859683,9.818115
1214.000000,43.074530,3.028448,76.226568,-0.860482,6.560493,0.548748,-5.042265,7.087981,5.808325,5.086801,-12.753526,0.346135,-9.040198,-8.351210,-9.699182,14.363377,-14.320438,4.787232,1.125166,0.742442,-7.271938,-2.647157,12.675966,-13.890487,83.841651,-5.794613,-8.232710,-4.124523,2.464888,-15.408439,19.847341,80.981469,3.326596,-6.839065,9.774711
1215.000000,43.092459,3.033747,76.226407,-0.851390,6.534918,0.546804,-4.962166,7.072270,5.819632,5.017022,-12.732083,0.355674,-9.008716,-8.368221,-9.707455,14.388000,-14.335749,4.799801,1.128253,0.731607,-7.293088,-2.618966,12.675781,-13.849049,83.650686,-5.907313,-8.199936,-4.113254,2.560885,-15.399362,19.306216,80.828547,3.924490,-6.770989,9.691251
1216.000000,43.108225,3.035387,76.229197,-0.849162,6.512772,0.552304,-4.898126,7.064724,5.799654,4.959268,-12.703049,0.346413,-8.962104,-8.371875,-9.708525,14.380279,-14.339869,4.809225,1.109685,0.717066,-7.320627,-2.635901,12.706781,-13.943695,83.496467,-5.737772,-8.191761,-4.150975,2.542355,-15.395142,18.861892,80.746694,4.216773,-6.683037,9.596081
1217.000000,43.115780,3.034027,76.233202,-0.848367,6.517180,0.563432,-4.914373,7.068757,5.805867,4.993923,-12.695978,0.361312,-8.945398,-8.371379,-9.716580,14.346403,-14.282872,4.851102,1.039796,0.706111,-7.360574,-2.676005,12.777454,-13.824094,83.420030,-5.662468,-8.208380,-4.183368,2.440364,-15.424099,18.416201,80.632541,4.090101,-6.692482,9.430380
1218.000000,43.138579,3.021713,76.234496,-0.865861,6.537710,0.602547,-4.910875,7.093848,5.783065,4.957794,-12.677044,0.344420,-8.904898,-8.349834,-9.764022,14.282693,-14.282560,4.851081,0.936962,0.719418,-7.481740,-2.656489,12.882947,-13.768693,83.351264,-5.555538,-8.271534,-4.228356,2.343477,-15.459500,17.881529,80.583624,4.195116,-6.690033,9.212267
1219.000000,43.155214,3.012672,76.235795,-0.886944,6.569336,0.630385,-4.906091,7.111328,5.733713,4.877277,-12.607424,0.359553,-8.879648,-8.320711,-9.806623,14.204785,-14.259403,4.854675,0.829909,0.773404,-7.636228,-2.572749,13.062200,-13.997856,83.177047,-5.044339,-8.473294,-4.439323,2.281161,-15.593639,17.481914,80.412241,4.474856,-6.744072,9.092356
1220.000000,43.172866,3.001460,76.235592,-0.918112,6.579217,0.643001,-4.838503,7.151326,5.745923,4.733661,-12.554038,0.343610,-8.864918,-8.281374,-9.836928,14.202630,-14.272612,4.857761,0.759764,0.826326,-7.697994,-2.574265,13.247853,-14.222155,82.780335,-4.667697,-8.366513,-4.382108,2.145750,-15.712237,17.184956,80.221760,4.598713,-6.683402,8.920660
1221.000000,43.183389,2.993327,76.228976,-0.925170,6.628330,0.665224,-4.781864,7.164076,5.791048,4.506555,-12.502583,0.328123,-8.885839,-8.273099,-9.865412,14.158394,-14.283032,4.852839,0.643253,0.852394,-7.905266,-2.447624,13.464839,-14.676224,82.619163,-4.186996,-8.798546,-4.560103,2.013027,-15.841343,16.966420,80.196051,4.685989,-6.788215,8.887818
1222.000000,43.207300,2.970603,76.229221,-0.958930,6.648131,0.709068,-4.667415,7.211049,5.811556,4.242321,-12.402532,0.308614,-8.821031,-8.210438,-9.893562,14.047608,-14.265683,4.860890,0.519435,0.845218,-8.037728,-2.413213,13.748381,-15.114230,82.517646,-3.618522,-9.067203,-4.833101,1.902101,-15.927187,16.755707,80.125017,4.928177,-6.841289,8.810607
1223.000000,43.233344,2.950271,76.232129,-0.983351,6.639504,0.739260,-4.590204,7.244305,5.769166,4.126477,-12.321088,0.303392,-8.713295,-8.169959,-9.960903,13.922979,-14.254898,4.809975,0.452776,0.769952,-8.147854,-2.386938,14.072537,-15.399713,82.326606,-3.393191,-9.057673,-4.816577,1.894434,-15.932395,16.752808,79.963695,5.207138,-6.846649,8.790491
1224.000000,43.251586,2.927456,76.235408,-0.988108,6.615428,0.760603,-4.605055,7.267491,5.712861,4.224320,-12.360498,0.263857,-8.598295,-8.137113,-9.997810,13.783724,-14.235842,4.790954,0.485591,0.632150,-8.179460,-2.468149,14.384430,-15.546591,82.165256,-3.052773,-9.009834,-4.621196,1.936236,-15.923585,16.826303,79.785571,5.225398,-6.952929,8.755411
1225.000000,43.250886,2.912002,76.243818,-0.982156,6.561121,0.734012,-4.700015,7.292444,5.711235,4.552027,-12.498810,0.318321,-8.517099,-8.112301,-9.973242,13.722704,-14.174658,4.775341,0.612945,0.532187,-8.128321,-2.611625,14.600474,-15.639675,81.982549,-2.680078,-8.956591,-4.473269,1.927407,-15.989230,16.962836,79.633886,5.040535,-6.999869,8.770294
1226.000000,43.246961,2.894817,76.249099,-0.986093,6.543785,0.683567,-4.809252,7.335266,5.710704,4.844451,-12.596050,0.310037,-8.470644,-8.057885,-9.908672,13.628592,-14.129363,4.810244,0.718972,0.446274,-8.140359,-2.719009,14.729354,-15.426585,81.867426,-2.820329,-8.917921,-4.293170,1.883052,-16.078392,17.033853,79.507179,4.792838,-6.895729,8.723466
1227.000000,43.254104,2.876749,76.251256,-0.997931,6.530841,0.649005,-4.834568,7.383509,5.745267,4.966839,-12.664294,0.287561,-8.426236,-8.018959,-9.914934,13.566864,-14.111994,4.823931,0.779217,0.367204,-8.150206,-2.741333,14.790134,-15.008612,81.715024,-3.198244,-8.887902,-4.098014,1.839415,-16.148915,16.925340,79.368403,4.609214,-6.926224,8.592004
1228.000000,43.270427,2.846891,76.247996,-1.009864,6.584945,0.606676,-4.838930,7.441081,5.831761,4.910088,-12.648290,0.281190,-8.472445,-7.969171,-9.902544,13.537277,-14.089585,4.796468,0.784789,0.280498,-8.279488,-2.648392,14.862085,-14.817583,81.579527,-3.295260,-8.856962,-3.809644,1.807049,-16.186756,16.721372,79.313830,4.746794,-6.958827,8.522441
1229.000000,43.297705,2.826009,76.241618,-0.992461,6.718280,0.540203,-4.777107,7.447218,5.945914,4.563841,-12.531913,0.302495,-8.568596,-7.937470,-9.819240,13.422403,-14.081756,4.807143,0.754498,0.188058,-8.525722,-2.454079,14.801773,-14.650940,81.296279,-3.548001,-8.547236,-3.711848,1.783395,-16.233775,16.450410,79.258465,4.874984,-6.949262,8.481934
1230.000000,43.337071,2.792998,76.230878,-1.017206,6.846639,0.517776,-4.564696,7.487959,6.018735,3.905389,-12.271043,0.230854,-8.593261,-7.863194,-9.818065,13.233021,-14.038375,4.806280,0.664511,0.147923,-8.719977,-2.283340,14.723791,-14.625078,81.396853,-3.578242,-8.874963,-4.049719,1.672172,-16.286287,16.301452,79.305504,4.957829,-6.985188,8.389266
1231.000000,43.372458,2.760937,76.226050,-1.075040,6.924971,0.524476,-4.348365,7.562059,6.033560,3.327624,-11.996772,0.162199,-8.496615,-7.747439,-9.870446,12.923411,-13.964703,4.772530,0.521922,0.132469,-8.831592,-2.217961,14.660072,-14.563905,81.541899,-3.448920,-8.835022,-4.138378,1.550432,-16.297420,16.162801,79.318119,5.101349,-7.028630,8.466563
1232.000000,43.375117,2.777620,76.236737,-1.104177,6.840157,0.585783,-4.225479,7.558129,5.944155,3.233989,-11.906366,0.183204,-8.296689,-7.730847,-9.935234,12.751961,-13.852152,4.752694,0.467233,0.179827,-8.733856,-2.177945,14.564625,-14.698439,81.537904,-3.703312,-8.692548,-4.206763,1.463492,-16.402501,15.249266,79.122674,6.533728,-6.663127,8.289344
