Frame,root_translateX,root_translateY,root_translateZ,root_rotateX,root_rotateY,root_rotateZ,left_hip_pitch_joint_dof,left_hip_roll_joint_dof,left_hip_yaw_joint_dof,left_knee_joint_dof,left_ankle_pitch_joint_dof,left_ankle_roll_joint_dof,right_hip_pitch_joint_dof,right_hip_roll_joint_dof,right_hip_yaw_joint_dof,right_knee_joint_dof,right_ankle_pitch_joint_dof,right_ankle_roll_joint_dof,waist_yaw_joint_dof,waist_roll_joint_dof,waist_pitch_joint_dof,left_shoulder_pitch_joint_dof,left_shoulder_roll_joint_dof,left_shoulder_yaw_joint_dof,left_elbow_joint_dof,left_wrist_roll_joint_dof,left_wrist_pitch_joint_dof,left_wrist_yaw_joint_dof,right_shoulder_pitch_joint_dof,right_shoulder_roll_joint_dof,right_shoulder_yaw_joint_dof,right_elbow_joint_dof,right_wrist_roll_joint_dof,right_wrist_pitch_joint_dof,right_wrist_yaw_joint_dof
0.000000,41.553006,0.302807,76.245087,-2.502552,10.735302,3.369570,-5.684839,7.597671,4.859750,-2.738902,-8.738135,-0.236522,-7.584812,-6.056918,-9.090365,5.269463,-9.629385,5.347014,-1.627978,2.149689,-15.269072,-4.472549,11.995068,-31.323019,81.214098,12.198049,-10.407753,-7.635234,-2.714664,-16.262013,22.653837,76.477375,2.612266,-5.478873,8.684979
1.000000,41.546047,0.312886,76.238960,-2.432062,11.305755,3.429061,-6.407422,7.447351,4.864737,-2.676014,-8.593793,-0.182395,-8.560957,-6.238598,-8.967418,5.915159,-9.992644,5.231059,-1.658658,2.084292,-15.814246,-4.700754,11.738140,-31.318098,81.926753,12.362227,-10.971014,-7.469480,-2.886607,-16.181183,22.613991,77.030252,2.573565,-6.004426,8.680177
2.000000,41.565457,0.311651,76.235551,-2.442464,11.585005,3.468631,-6.745071,7.434138,4.813426,-2.641714,-8.582189,-0.215757,-8.957624,-6.231300,-8.852592,6.101196,-10.222652,5.072360,-1.680849,2.049839,-16.116171,-4.778583,11.705728,-31.417620,82.105171,12.411297,-11.036269,-7.449991,-2.968161,-16.126811,22.728132,77.294321,2.672332,-6.103747,8.815031
3.000000,41.642493,0.264988,76.222706,-2.516191,12.108311,3.702831,-7.400598,7.455467,4.638297,-2.588594,-8.520533,-0.423602,-9.293778,-6.174844,-9.030759,5.790190,-10.108216,4.982349,-1.848511,1.919911,-16.745809,-4.840771,11.793356,-31.463044,82.127936,12.531575,-10.994048,-7.478924,-3.067808,-15.952552,22.827778,77.745079,2.694727,-6.236329,9.170752
4.000000,41.654795,0.272582,76.217437,-2.537374,12.324861,3.747259,-7.715513,7.448488,4.581938,-2.461909,-8.547757,-0.372984,-9.477076,-6.182942,-9.074273,5.693819,-10.028488,4.957175,-1.886809,1.948864,-16.979080,-4.847775,11.800700,-31.358969,82.095650,12.533534,-10.987607,-7.428794,-3.110790,-15.920005,22.781413,77.860448,2.640897,-6.235406,9.155595
5.000000,41.679469,0.278335,76.213431,-2.544954,12.421913,3.739302,-7.815078,7.453484,4.596980,-2.438487,-8.584101,-0.405710,-9.553618,-6.191707,-9.104933,5.678681,-10.020136,4.938929,-1.882472,1.983626,-17.081939,-4.861468,11.796291,-31.251797,82.039123,12.492807,-11.045211,-7.415531,-3.135440,-15.906428,22.705448,77.901142,2.650794,-6.275247,9.143210
6.000000,41.708738,0.282097,76.210535,-2.554234,12.442918,3.737285,-7.811011,7.462061,4.626013,-2.438452,-8.592249,-0.412549,-9.525712,-6.173127,-9.086811,5.610337,-10.006905,4.929870,-1.881129,2.032157,-17.121606,-4.876810,11.757698,-31.212544,82.033406,12.444761,-11.065474,-7.445595,-3.155717,-15.907289,22.704280,77.932588,2.692635,-6.317914,9.211022
7.000000,41.721767,0.287015,76.210284,-2.561324,12.450833,3.738050,-7.809932,7.466806,4.556793,-2.437829,-8.611245,-0.391992,-9.525841,-6.158092,-9.055899,5.601853,-9.986846,4.912281,-1.875502,2.066256,-17.154841,-4.906247,11.714276,-31.154426,82.054744,12.427095,-11.008093,-7.444977,-3.168451,-15.898375,22.710681,77.987353,2.753866,-6.330460,9.285561
8.000000,41.738749,0.284784,76.211160,-2.565357,12.449652,3.751213,-7.795087,7.468258,4.535258,-2.434721,-8.622971,-0.348770,-9.505298,-6.161989,-9.086411,5.621256,-10.014475,4.874479,-1.862230,2.091357,-17.180576,-4.906523,11.681922,-31.160600,82.028345,12.444880,-10.967679,-7.426109,-3.136985,-15.873713,22.658386,77.999907,2.734763,-6.342447,9.176826
9.000000,41.762134,0.288041,76.205641,-2.569528,12.454044,3.772509,-7.775566,7.462543,4.539954,-2.465728,-8.637026,-0.389065,-9.483971,-6.168756,-9.122658,5.621599,-10.042995,4.876801,-1.859487,2.111704,-17.208969,-4.908636,11.655639,-31.140653,82.026911,12.443261,-10.938907,-7.390063,-3.101250,-15.856363,22.627758,77.970188,2.696345,-6.335207,9.078798
10.000000,41.778439,0.290966,76.205158,-2.570851,12.450937,3.775206,-7.746474,7.461761,4.554935,-2.490526,-8.638045,-0.399382,-9.469106,-6.172540,-9.132098,5.631197,-10.058736,4.884415,-1.856642,2.122829,-17.214783,-4.912432,11.662543,-31.125787,82.011393,12.465869,-10.935343,-7.357843,-3.105702,-15.842516,22.610815,77.986711,2.688796,-6.342351,9.054881
11.000000,41.806728,0.291383,76.203191,-2.573776,12.433509,3.795256,-7.692548,7.461801,4.521227,-2.520425,-8.647827,-0.377447,-9.418047,-6.168395,-9.112420,5.631711,-10.070006,4.881307,-1.860509,2.138769,-17.184039,-4.897975,11.689056,-31.081647,81.912253,12.470754,-10.970179,-7.393726,-3.165014,-15.854064,22.667928,78.049979,2.661352,-6.316595,9.241551
12.000000,41.824600,0.289282,76.201272,-2.570045,12.429877,3.838463,-7.706483,7.451754,4.495244,-2.470799,-8.661044,-0.368684,-9.369283,-6.188352,-9.176129,5.595172,-10.075904,4.882722,-1.912608,2.173277,-17.195102,-4.845310,11.677336,-31.028583,81.831178,12.489517,-10.971449,-7.452804,-3.110510,-15.880982,22.560127,77.954506,2.612861,-6.357865,9.163203
13.000000,41.837195,0.287085,76.201963,-2.563003,12.440580,3.842425,-7.716300,7.443310,4.489374,-2.445895,-8.670455,-0.366986,-9.362106,-6.197772,-9.188758,5.583575,-10.079254,4.887433,-1.917459,2.166354,-17.192653,-4.839766,11.687316,-31.004370,81.809643,12.492044,-10.960998,-7.465375,-3.111448,-15.889942,22.506756,77.937725,2.593859,-6.344538,9.154859
14.000000,41.851097,0.286956,76.197976,-2.562932,12.458877,3.833115,-7.736161,7.445354,4.473126,-2.419111,-8.735418,-0.367242,-9.374672,-6.197061,-9.183069,5.597456,-10.100486,4.872169,-1.928727,2.165688,-17.218391,-4.853690,11.675647,-30.944285,81.892261,12.492598,-10.938292,-7.484972,-3.159397,-15.891026,22.479986,77.995952,2.609100,-6.354422,9.162023
15.000000,41.857877,0.281371,76.194739,-2.578914,12.467597,3.837033,-7.756674,7.471424,4.495316,-2.387828,-8.755977,-0.352894,-9.387397,-6.172151,-9.165478,5.608570,-10.116086,4.856407,-1.947911,2.179734,-17.223247,-4.885973,11.653521,-30.885204,81.980138,12.476713,-10.903390,-7.507797,-3.187264,-15.892313,22.465035,78.045689,2.618125,-6.395424,9.208839
16.000000,41.864693,0.278250,76.197296,-2.567250,12.490057,3.816068,-7.783667,7.464085,4.477884,-2.351492,-8.762708,-0.328062,-9.435900,-6.179261,-9.144484,5.661286,-10.134403,4.838923,-1.994633,2.190813,-17.234939,-4.861184,11.632146,-30.921086,81.966129,12.535110,-10.836353,-7.421416,-3.210112,-15.908498,22.414519,78.032227,2.604090,-6.403680,9.199611
17.000000,41.874519,0.272182,76.206064,-2.526560,12.537924,3.785945,-7.839320,7.424093,4.504787,-2.307186,-8.738566,-0.363326,-9.517003,-6.213059,-9.089044,5.712185,-10.136055,4.876289,-2.010320,2.100538,-17.350414,-4.724844,11.715966,-30.946406,81.888900,12.667336,-10.889826,-7.391498,-3.109769,-15.844965,22.093811,78.009564,2.403510,-6.409583,9.179335
18.000000,41.884682,0.269896,76.206970,-2.507099,12.576051,3.754654,-7.869663,7.414316,4.544604,-2.300478,-8.737492,-0.392747,-9.597708,-6.227486,-9.048875,5.789193,-10.178076,4.889783,-2.045898,2.075640,-17.427813,-4.678628,11.729877,-30.987421,81.930633,12.808364,-10.896226,-7.477232,-3.069922,-15.836260,21.850151,77.987769,2.256124,-6.421755,9.267278
19.000000,41.893324,0.268090,76.205307,-2.506618,12.593624,3.771282,-7.887883,7.414517,4.561978,-2.290171,-8.734464,-0.401995,-9.621680,-6.247072,-9.075345,5.833093,-10.205636,4.876991,-2.119602,2.122628,-17.438818,-4.784375,11.630733,-31.045877,82.104208,12.910337,-10.878783,-7.544698,-3.083508,-15.868117,21.766365,78.006272,2.142958,-6.446184,9.281431
20.000000,41.896009,0.267739,76.200628,-2.527049,12.616316,3.808948,-7.940887,7.422285,4.507435,-2.262255,-8.757336,-0.400594,-9.644207,-6.235105,-9.095840,5.852739,-10.218046,4.874595,-2.187858,2.228047,-17.459633,-4.962079,11.454455,-31.288297,82.290973,13.011819,-10.849853,-7.657303,-3.071770,-15.942725,21.809661,78.016675,2.164188,-6.446963,9.320903
21.000000,41.891742,0.274666,76.197821,-2.554854,12.644862,3.867953,-8.029559,7.431633,4.471175,-2.193958,-8.803574,-0.400873,-9.678353,-6.229374,-9.151497,5.872367,-10.239727,4.883010,-2.282065,2.329346,-17.469267,-5.172176,11.329602,-31.513817,82.300351,13.077054,-10.903746,-7.654784,-3.100042,-16.017688,21.926852,78.040130,2.225748,-6.408851,9.529144
22.000000,41.889375,0.281550,76.192826,-2.578457,12.686101,3.933928,-8.121744,7.429239,4.407717,-2.147195,-8.835566,-0.377109,-9.701859,-6.236206,-9.206850,5.853718,-10.252833,4.878652,-2.372525,2.392578,-17.472771,-5.404033,11.265624,-31.511344,82.277108,13.109340,-11.100172,-7.615383,-3.135163,-16.030729,21.859160,78.085694,2.225726,-6.449585,9.544918
23.000000,41.883925,0.284243,76.190484,-2.591316,12.718170,3.994014,-8.193965,7.418978,4.355536,-2.124468,-8.814822,-0.391644,-9.722870,-6.242877,-9.248399,5.837764,-10.251194,4.857724,-2.426437,2.396803,-17.479069,-5.690598,11.189664,-31.208603,82.476693,12.681521,-11.537286,-7.508906,-3.158322,-15.982661,21.782892,78.161427,2.358430,-6.507166,9.482384
24.000000,41.879633,0.287339,76.192498,-2.587734,12.734535,4.001595,-8.224980,7.406861,4.335386,-2.108314,-8.810105,-0.355290,-9.756900,-6.262354,-9.273557,5.875314,-10.249758,4.858689,-2.419576,2.381912,-17.493494,-5.992436,11.225970,-31.310014,82.088430,12.838000,-11.319524,-7.297077,-3.131449,-15.956140,21.814024,78.116996,2.322848,-6.436704,9.526157
25.000000,41.879410,0.286111,76.193309,-2.574414,12.741360,3.974800,-8.218773,7.399515,4.338226,-2.122836,-8.775743,-0.321394,-9.788546,-6.259371,-9.206077,5.900352,-10.241381,4.857323,-2.339140,2.318144,-17.512328,-6.236958,11.268358,-31.247470,81.851273,12.893552,-11.151967,-7.279425,-3.088047,-15.904731,21.812286,78.067532,2.278865,-6.442005,9.566265
26.000000,41.881013,0.291423,76.192814,-2.558953,12.758261,3.931951,-8.212703,7.386108,4.378872,-2.139131,-8.796151,-0.304892,-9.805801,-6.268786,-9.166077,5.877419,-10.210469,4.856581,-2.239481,2.256006,-17.542844,-6.419343,11.320443,-31.053527,81.713467,12.845159,-11.094754,-7.395827,-3.066593,-15.867385,21.770594,78.050737,2.236568,-6.423842,9.664994
27.000000,41.889167,0.292999,76.192439,-2.538040,12.769886,3.884986,-8.229658,7.383279,4.425552,-2.074570,-8.845064,-0.297188,-9.826241,-6.284381,-9.147113,5.893055,-10.230321,4.822955,-2.180467,2.196427,-17.568744,-6.536905,11.363827,-30.915591,81.658129,12.803570,-11.017396,-7.333199,-3.067283,-15.832916,21.766490,78.027903,2.174319,-6.408460,9.642416
28.000000,41.893458,0.289702,76.193696,-2.528727,12.761919,3.827321,-8.189631,7.394152,4.466456,-2.095381,-8.841027,-0.276250,-9.841936,-6.277522,-9.127161,5.925940,-10.246163,4.809817,-2.138756,2.147219,-17.574840,-6.585292,11.392911,-30.772625,81.681221,12.810081,-11.012914,-7.345944,-3.079175,-15.805638,21.728174,77.996184,2.105297,-6.424916,9.712653
29.000000,41.891795,0.290545,76.190746,-2.523018,12.740504,3.796573,-8.160797,7.397345,4.501072,-2.092681,-8.845611,-0.281243,-9.853860,-6.277898,-9.093665,5.975666,-10.245998,4.805290,-2.138158,2.112454,-17.568657,-6.552748,11.418837,-30.712946,81.745357,12.821251,-11.031202,-7.346647,-3.141226,-15.769368,21.752889,78.030608,2.095363,-6.417846,9.780224
30.000000,41.910020,0.291088,76.190436,-2.496789,12.721629,3.747265,-8.083736,7.380973,4.539806,-2.137779,-8.859251,-0.284174,-9.834376,-6.286069,-9.039960,5.981677,-10.256373,4.826169,-2.163283,2.061343,-17.544405,-6.426700,11.446180,-30.638221,81.797895,12.886600,-11.058014,-7.395982,-3.169214,-15.750896,21.719807,77.965380,2.075031,-6.481604,9.708405
31.000000,41.925836,0.290706,76.188093,-2.481561,12.702841,3.716521,-8.003784,7.373853,4.600804,-2.204435,-8.832970,-0.314629,-9.822092,-6.292198,-9.008377,6.022206,-10.303287,4.814129,-2.209488,2.009107,-17.494898,-6.207705,11.485574,-30.534204,81.787902,12.851651,-11.072188,-7.438908,-3.200334,-15.721787,21.631240,77.929767,2.044188,-6.511078,9.643504
32.000000,41.941491,0.286442,76.185656,-2.472200,12.693464,3.680390,-7.955901,7.380073,4.620544,-2.233023,-8.827109,-0.319654,-9.830022,-6.283266,-8.944181,6.062177,-10.336428,4.818252,-2.247713,1.981538,-17.480542,-5.927858,11.505928,-30.511391,81.840863,12.841520,-11.042115,-7.422041,-3.241921,-15.691379,21.547787,77.967402,2.060174,-6.496141,9.602619
33.000000,41.962057,0.285304,76.183897,-2.462914,12.669895,3.648267,-7.904849,7.386733,4.655417,-2.219681,-8.869977,-0.311546,-9.783529,-6.284059,-8.943715,6.058756,-10.367243,4.793312,-2.284066,1.966348,-17.460547,-5.603210,11.507260,-30.423107,81.924158,12.830394,-10.897225,-7.399707,-3.281466,-15.677004,21.444479,78.018034,2.013770,-6.396086,9.555938
34.000000,41.968235,0.283060,76.180679,-2.463597,12.663942,3.671950,-7.910882,7.383620,4.636765,-2.193045,-8.911091,-0.306431,-9.767648,-6.280214,-8.924100,6.052586,-10.373533,4.812831,-2.400176,1.995034,-17.461049,-5.239104,11.467484,-30.484135,82.025859,12.835188,-10.959487,-7.339374,-3.337261,-15.691299,21.364014,78.137446,2.006401,-6.420754,9.504225
35.000000,41.964227,0.277135,76.180261,-2.484667,12.678659,3.738533,-7.977636,7.397558,4.592527,-2.142639,-8.927348,-0.334292,-9.784181,-6.267912,-8.953058,6.070510,-10.390236,4.825152,-2.629523,2.103456,-17.453655,-4.785708,11.394139,-30.537424,82.104106,12.658951,-10.920147,-7.441997,-3.481168,-15.741187,21.260180,78.317278,2.004312,-6.402804,9.501830
36.000000,41.965455,0.273149,76.180708,-2.520068,12.700527,3.791138,-8.045202,7.427006,4.553919,-2.095875,-8.928631,-0.360052,-9.831948,-6.250109,-9.001809,6.152362,-10.441050,4.829433,-2.953938,2.290302,-17.402945,-4.371686,11.280749,-30.851585,82.089339,12.617780,-10.915706,-7.577369,-3.672016,-15.853400,21.220776,78.386495,2.034440,-6.345825,9.525711
37.000000,41.969103,0.269277,76.178747,-2.586755,12.674232,3.958860,-8.101712,7.458208,4.395141,-2.021446,-8.967709,-0.379097,-9.769220,-6.227427,-9.168285,6.180116,-10.496717,4.823998,-3.384483,2.523475,-17.296392,-4.024899,11.181687,-31.456856,82.025559,12.971982,-10.946934,-7.688545,-3.819160,-16.036478,21.139480,78.311698,2.041738,-6.391850,9.474536
38.000000,41.970304,0.263562,76.176840,-2.662089,12.632753,4.105198,-8.118389,7.512038,4.283291,-1.991662,-9.010636,-0.387860,-9.659320,-6.179195,-9.310380,6.134569,-10.506610,4.815917,-3.796944,2.744278,-17.167460,-3.783393,11.101092,-31.864178,81.989816,13.198339,-10.978008,-7.795600,-3.980200,-16.198530,20.941954,78.247719,2.114404,-6.397392,9.443339
39.000000,41.962999,0.259234,76.176524,-2.710455,12.605084,4.171682,-8.123035,7.552585,4.216193,-1.979377,-9.024008,-0.373651,-9.608256,-6.140415,-9.394888,6.112915,-10.510809,4.796154,-4.122619,2.908866,-17.041097,-3.589201,11.133024,-32.025189,81.775915,13.187734,-10.965606,-7.785747,-4.166836,-16.331238,20.771312,78.196452,2.293628,-6.260879,9.487500
40.000000,41.948676,0.248548,76.174319,-2.768246,12.604897,4.221093,-8.185344,7.614040,4.119801,-1.915710,-9.050788,-0.355942,-9.598992,-6.074180,-9.433527,6.080483,-10.497597,4.794443,-4.394773,3.091232,-16.957096,-3.521523,11.146109,-32.085012,81.666694,13.196824,-10.970368,-7.698503,-4.369542,-16.489620,20.609264,78.223377,2.261244,-6.254394,9.586568
41.000000,41.936368,0.235545,76.170808,-2.833560,12.654421,4.267538,-8.294147,7.689703,4.082619,-1.872842,-9.052367,-0.357195,-9.628851,-5.998994,-9.474373,6.013259,-10.470062,4.794494,-4.669678,3.283829,-16.944291,-3.554092,11.146257,-32.165533,81.676058,13.176461,-10.933055,-7.625849,-4.581444,-16.644790,20.399666,78.280334,2.131612,-6.267244,9.562045
42.000000,41.928446,0.234767,76.169574,-2.872158,12.663341,4.265432,-8.319345,7.735239,4.071801,-1.861180,-9.062175,-0.327612,-9.638859,-5.948132,-9.461646,5.989508,-10.433551,4.818221,-4.894032,3.455753,-16.833281,-3.663249,11.214534,-32.211753,81.541189,13.218861,-10.845156,-7.639789,-4.813041,-16.818629,20.250119,78.272014,2.105660,-6.272939,9.630037
43.000000,41.915637,0.232731,76.168942,-2.912413,12.649441,4.248221,-8.315968,7.792052,4.077155,-1.847627,-9.084142,-0.318154,-9.651785,-5.895733,-9.456869,6.011339,-10.439189,4.773585,-5.090213,3.576945,-16.723701,-3.870614,11.324200,-32.249486,81.509702,13.366209,-10.808905,-7.673777,-4.980886,-16.952316,20.205819,78.261298,1.964941,-6.319487,9.744726
44.000000,41.908431,0.235615,76.165700,-2.926782,12.674155,4.221679,-8.341493,7.813930,4.087523,-1.851565,-9.092336,-0.295282,-9.700808,-5.875751,-9.446830,6.015390,-10.422430,4.776304,-5.181355,3.594097,-16.670395,-4.163131,11.532872,-32.259052,81.473447,13.503457,-10.876705,-7.635236,-5.064527,-17.009333,20.224988,78.253354,1.885081,-6.382310,9.762686
45.000000,41.901973,0.229966,76.164848,-2.911822,12.716388,4.104468,-8.343899,7.835498,4.166750,-1.892100,-9.071905,-0.304090,-9.807561,-5.857455,-9.366120,6.056596,-10.428068,4.754409,-5.107420,3.482564,-16.631897,-4.600141,11.784543,-32.102080,81.547596,13.499663,-10.858017,-7.558758,-5.099951,-16.964860,20.286002,78.239940,1.891471,-6.384978,9.759523
46.000000,41.911507,0.237194,76.162654,-2.869225,12.714781,4.018257,-8.268312,7.805513,4.244052,-1.963017,-9.052694,-0.295702,-9.818449,-5.883122,-9.277830,6.059530,-10.420607,4.753397,-4.942790,3.285402,-16.611042,-5.071682,12.036688,-31.752074,81.627987,13.357550,-10.866283,-7.495680,-5.017353,-16.879785,20.318988,78.282396,1.902548,-6.413660,9.780595
47.000000,41.897810,0.247187,76.165533,-2.822923,12.707367,3.933071,-8.253081,7.771305,4.331058,-1.942313,-9.041398,-0.310821,-9.861629,-5.934537,-9.232065,6.123179,-10.426077,4.729280,-4.761043,3.093185,-16.588998,-5.539798,12.263582,-31.354035,81.678742,13.140617,-10.736978,-7.340902,-4.902601,-16.745935,20.347091,78.316472,1.972335,-6.369166,9.753963
48.000000,41.892427,0.250246,76.167196,-2.779514,12.754091,3.859121,-8.294475,7.738668,4.392334,-1.920007,-9.061083,-0.287516,-9.963264,-5.963312,-9.133990,6.167354,-10.404519,4.753205,-4.585548,2.905652,-16.651385,-5.974807,12.420982,-31.077241,81.755172,13.056546,-10.675680,-7.265288,-4.745779,-16.603369,20.327410,78.350937,1.867408,-6.385917,9.710795
49.000000,41.896677,0.253962,76.166105,-2.761541,12.790221,3.821626,-8.324298,7.723399,4.419146,-1.908563,-9.059607,-0.292610,-10.016694,-5.976174,-9.103570,6.177282,-10.386476,4.730151,-4.489249,2.795650,-16.708622,-6.277019,12.398400,-30.630376,82.088751,12.386809,-11.175012,-7.101878,-4.622147,-16.468167,20.409254,78.439614,1.834364,-6.493154,9.569239
50.000000,41.901612,0.255618,76.165956,-2.773152,12.818772,3.842291,-8.366276,7.727713,4.415419,-1.893507,-9.044608,-0.274787,-10.068582,-5.982020,-9.123331,6.239310,-10.412728,4.741657,-4.436835,2.786895,-16.774538,-6.504190,12.376201,-30.789844,81.732748,12.496193,-11.100346,-6.711772,-4.464613,-16.419245,20.488657,78.415476,1.968568,-6.482935,9.498316
51.000000,41.922805,0.262155,76.167732,-2.796407,12.817617,3.914864,-8.362324,7.721689,4.329679,-1.907762,-9.037668,-0.253140,-10.026031,-5.977148,-9.172306,6.217663,-10.419790,4.778716,-4.431121,2.776315,-16.814030,-6.647990,12.261580,-30.893000,81.520411,12.588771,-10.858942,-6.683895,-4.380330,-16.366277,20.490583,78.446321,2.045455,-6.420661,9.560200
52.000000,41.937515,0.264012,76.169246,-2.809698,12.796362,3.947516,-8.328302,7.729986,4.312485,-1.922505,-9.036048,-0.254371,-9.983640,-5.982565,-9.257930,6.234790,-10.436910,4.769591,-4.364425,2.737866,-16.816003,-6.672833,12.130990,-31.051290,81.321421,12.569551,-10.771683,-6.690084,-4.327712,-16.343032,20.614795,78.378429,2.090760,-6.352758,9.567510
53.000000,41.955215,0.268716,76.169914,-2.803398,12.774891,3.959838,-8.282620,7.718851,4.321471,-1.938740,-9.019988,-0.266044,-9.939732,-5.990460,-9.259286,6.227188,-10.444606,4.796373,-4.243652,2.667803,-16.851320,-6.638969,11.931940,-31.135049,81.284087,12.483958,-10.749379,-6.685761,-4.258346,-16.323373,20.859459,78.278947,2.090716,-6.369404,9.515501
54.000000,41.971508,0.273302,76.171201,-2.781641,12.735814,3.918927,-8.198213,7.702864,4.349825,-1.965409,-9.045332,-0.278603,-9.892184,-6.008362,-9.245649,6.243061,-10.438827,4.817819,-4.065513,2.576297,-16.838634,-6.496683,11.702079,-31.010749,81.448585,11.946306,-11.350699,-6.550231,-4.228177,-16.329218,21.179868,78.120712,2.109444,-6.530126,9.308473
55.000000,41.997108,0.280559,76.176631,-2.752472,12.693801,3.861939,-8.091913,7.686527,4.418353,-1.995543,-9.063138,-0.276533,-9.820322,-6.030100,-9.220878,6.220425,-10.459133,4.839248,-3.869683,2.538251,-16.804142,-6.355386,11.638846,-31.172710,81.139266,12.283815,-11.198310,-6.678616,-4.164666,-16.472809,21.410503,77.596386,2.042208,-6.444263,9.406540
56.000000,42.003876,0.289359,76.180983,-2.712845,12.665850,3.807941,-8.041905,7.649421,4.461535,-1.985618,-9.054336,-0.296672,-9.804754,-6.072118,-9.201033,6.241988,-10.450942,4.853500,-3.682581,2.522989,-16.714817,-6.035619,11.558041,-31.080134,80.734728,12.140507,-11.390622,-6.773274,-3.883310,-16.737049,21.416844,76.217350,1.966971,-6.739229,9.124038
57.000000,42.025211,0.300331,76.184148,-2.662604,12.624217,3.744567,-7.910780,7.603798,4.547140,-2.063203,-9.043499,-0.271925,-9.756935,-6.114376,-9.142672,6.245147,-10.455207,4.921803,-3.434796,2.443603,-16.579103,-5.681758,11.632476,-31.156133,80.044093,12.092129,-11.537182,-6.982035,-3.352625,-17.251142,21.979313,73.566444,1.365219,-7.138641,8.908078
58.000000,42.039296,0.318183,76.193726,-2.616659,12.569008,3.672869,-7.776441,7.556587,4.606523,-2.139830,-9.005462,-0.232568,-9.722050,-6.165285,-9.099987,6.300546,-10.486710,4.989185,-3.203839,2.387116,-16.357243,-5.236248,11.869936,-31.207046,79.007237,12.000811,-11.326143,-7.373546,-2.739866,-18.265724,23.209106,69.349001,0.415823,-7.446958,9.310745
59.000000,42.051241,0.336623,76.208180,-2.538053,12.508148,3.578992,-7.660516,7.483979,4.707647,-2.133499,-8.965988,-0.174859,-9.750419,-6.258802,-9.045577,6.503202,-10.589009,5.018919,-3.090083,2.297239,-16.032062,-4.693269,12.238143,-30.859891,78.016606,11.842643,-11.166277,-7.941518,-1.969479,-19.808939,24.312634,63.158390,-0.505415,-7.889019,9.330862
60.000000,42.058736,0.356529,76.227790,-2.408595,12.386440,3.470024,-7.508301,7.357296,4.806195,-2.068616,-8.940552,-0.102818,-9.692017,-6.392777,-8.950900,6.626512,-10.627138,5.100244,-3.178959,2.108069,-15.598055,-4.061125,12.677064,-30.332143,77.305386,11.495624,-11.056881,-8.335489,-1.345800,-21.780053,25.231122,55.485489,-1.458954,-8.653090,9.010577
61.000000,42.028585,0.433545,76.186544,-2.214218,12.784224,3.644274,-8.094322,6.938749,4.668444,-1.923418,-8.898235,-0.776562,-10.100047,-6.847383,-9.423743,6.608413,-10.739118,6.335680,-3.018571,1.789379,-15.656394,-4.301546,12.613498,-31.371435,78.338267,9.272176,-11.971217,-9.290640,0.141216,-24.657048,23.244322,45.520981,-2.317030,-8.049133,8.905180
62.000000,42.026246,0.466298,76.193655,-2.004747,12.880866,3.539289,-8.224267,6.689828,4.779833,-1.803926,-8.826428,-0.727419,-10.333137,-7.112004,-9.264228,6.826804,-10.877275,6.528705,-2.929510,1.424225,-15.484022,-4.075979,12.824477,-32.409231,78.538440,8.645802,-12.151099,-8.995818,0.534054,-26.778581,22.540049,37.737096,-1.533278,-8.008028,7.874476
63.000000,42.020905,0.485069,76.200485,-1.814353,12.843652,3.374786,-8.183816,6.504796,4.931628,-1.694132,-8.822499,-0.655075,-10.460377,-7.296511,-9.011825,7.085818,-11.066373,6.641766,-2.936418,1.120345,-15.321409,-3.697682,13.088611,-33.377639,78.458417,9.389995,-11.796512,-8.994196,0.020407,-28.251527,22.010426,32.110471,-0.393592,-8.431256,6.450462
64.000000,42.116541,0.463554,76.202470,-1.732841,12.752301,3.232330,-7.912089,6.491151,5.118327,-1.775755,-8.790109,-0.718119,-10.335297,-7.312043,-8.871936,7.131151,-11.210932,6.720865,-2.804296,0.919028,-15.288605,-3.185175,13.187920,-34.288994,78.527586,9.536106,-11.714824,-9.025415,-1.039813,-29.180812,21.599032,28.713835,0.397398,-8.679842,4.769349
65.000000,42.129487,0.434887,76.208174,-1.640415,12.592301,2.989103,-7.593841,6.495269,5.357415,-1.885412,-8.743495,-0.644997,-10.257657,-7.304539,-8.639293,7.240830,-11.297605,6.678824,-2.532247,0.674029,-15.161953,-2.837937,13.376568,-35.188646,78.338404,9.817636,-11.797147,-9.144708,-2.738287,-29.755678,21.991503,27.234519,1.205134,-8.274112,3.662701
66.000000,42.137492,0.399582,76.219416,-1.548627,12.412106,2.710003,-7.300028,6.520113,5.625072,-1.870578,-8.809600,-0.572925,-10.211637,-7.266555,-8.318306,7.414883,-11.379427,6.618792,-2.112894,0.451187,-15.081877,-2.571442,13.596321,-35.950028,77.866547,10.087348,-11.877744,-8.745162,-4.830004,-29.773413,22.838254,27.766999,2.240775,-8.045616,1.012903
67.000000,42.153859,0.346875,76.225990,-1.468362,12.204722,2.420677,-6.998311,6.585680,5.954321,-1.796746,-8.874380,-0.625453,-10.178601,-7.217218,-8.039097,7.698773,-11.500277,6.553508,-1.540574,0.281489,-15.062316,-2.466611,13.722395,-36.251530,77.439578,10.384021,-12.062767,-8.421081,-7.176184,-29.243305,23.700082,30.168543,2.254085,-8.431151,-0.569969
68.000000,42.169711,0.291918,76.228702,-1.424706,11.990096,2.241532,-6.732318,6.659580,6.111811,-1.708226,-9.009160,-0.638751,-10.073852,-7.166334,-7.886059,7.919341,-11.584800,6.424492,-0.913533,0.145014,-15.130510,-2.408261,13.761311,-36.077059,76.985016,10.075734,-12.301207,-7.999343,-9.370643,-28.082823,24.513744,34.105689,2.501031,-8.549737,-2.327685
69.000000,42.205206,0.237891,76.229107,-1.405465,11.761711,2.125016,-6.460334,6.733970,6.201796,-1.592006,-9.214360,-0.592246,-9.880083,-7.096186,-7.756521,8.068993,-11.640493,6.272328,-0.342498,0.073275,-15.306630,-2.329738,13.758169,-35.277753,76.445444,9.788269,-12.642289,-8.640287,-11.149185,-26.247584,25.161256,39.618936,4.063564,-7.290949,0.933548
70.000000,42.249045,0.181414,76.220936,-1.469794,11.547588,2.172323,-6.277153,6.867022,6.158417,-1.399248,-9.483624,-0.561719,-9.564593,-6.965931,-7.796862,8.033675,-11.685184,6.018753,0.102708,0.075780,-15.539425,-2.428568,13.886043,-34.693901,75.603241,10.434637,-12.354213,-8.386045,-12.943849,-24.363879,25.784782,46.183554,4.861497,-6.792933,0.994968
71.000000,42.289338,0.132618,76.211435,-1.564722,11.338927,2.409813,-6.245614,6.975877,5.907390,-1.030332,-9.809609,-0.536465,-9.179077,-6.885392,-8.032608,7.955102,-11.731242,5.710367,0.380197,0.058583,-15.794420,-2.534765,13.843863,-33.556501,75.253706,10.772101,-12.417753,-8.828498,-14.379066,-22.185873,25.775037,53.463856,4.056644,-6.831066,1.011822
72.000000,42.333069,0.099002,76.202327,-1.705766,11.164202,2.923255,-6.391376,7.045193,5.369496,-0.526505,-10.122486,-0.430339,-8.707964,-6.850304,-8.541803,7.801755,-11.808074,5.402998,0.789910,0.026822,-16.057244,-2.853005,13.769819,-32.958378,75.188997,11.001993,-12.519856,-9.718289,-14.911869,-20.401085,24.829502,59.931754,1.091436,-6.764517,1.480642
73.000000,42.403841,0.080298,76.189834,-1.843597,11.041576,3.594029,-6.484079,7.035734,4.719720,-0.337717,-10.229680,-0.582117,-8.199794,-6.870538,-9.184516,7.573409,-11.869136,5.179077,0.974282,-0.077558,-16.238459,-3.271849,13.621740,-32.301986,75.387100,11.249379,-12.388097,-10.365089,-14.439814,-18.677888,23.249301,65.116319,-0.240434,-6.256923,1.981640
74.000000,42.511714,0.075664,76.170939,-1.986079,10.907848,4.309800,-6.419101,7.005792,4.067239,-0.403343,-10.266057,-0.716213,-7.635648,-6.910946,-9.907165,7.354560,-11.980994,4.984908,0.842805,-0.094305,-16.504302,-3.504894,13.379288,-31.594092,75.734647,11.585915,-12.153266,-10.520967,-13.446448,-17.272956,22.668939,69.116692,-0.603961,-5.990396,2.583872
75.000000,42.564961,0.080476,76.161385,-2.150666,10.737080,5.134282,-6.458892,6.964352,3.279738,-0.337274,-10.272545,-0.798984,-7.080395,-6.953010,-10.712220,7.195982,-12.097079,4.861494,0.651452,-0.084176,-16.487976,-3.778229,13.137411,-30.939688,75.902731,11.785898,-11.877689,-10.816972,-11.520948,-16.443271,22.305721,70.856676,-1.741593,-5.697243,4.263934
76.000000,42.585409,0.104286,76.143306,-2.262197,10.679300,5.872268,-6.660296,6.857050,2.575358,-0.197370,-10.316105,-0.846157,-6.769362,-7.070640,-11.444587,7.168138,-12.237419,4.772876,0.487144,-0.113985,-16.494647,-3.771724,13.034548,-30.441105,75.551188,11.645766,-11.690444,-11.063724,-9.135506,-16.042683,22.937056,71.138599,-3.270164,-5.573686,7.277711
77.000000,42.644644,0.131639,76.129836,-2.386501,10.616489,6.624561,-6.849691,6.757359,1.877478,-0.015190,-10.410429,-0.875441,-6.410747,-7.164497,-12.173757,7.124726,-12.411951,4.646582,0.463156,-0.204941,-16.371011,-3.578117,13.125625,-30.572757,74.807141,11.396143,-11.772822,-11.325786,-6.406780,-15.968953,23.959103,70.293022,-5.353744,-5.877093,10.908047
78.000000,42.708164,0.170045,76.118904,-2.477588,10.485278,7.171511,-6.891670,6.682724,1.363182,0.173521,-10.540043,-0.862550,-6.022804,-7.227542,-12.719120,7.080168,-12.534808,4.637939,0.213508,-0.169729,-16.238473,-3.020768,13.203178,-30.210699,74.031942,11.249490,-11.803247,-11.745878,-3.881895,-16.204704,25.535810,68.830029,-7.379462,-6.211285,14.451546
79.000000,42.763913,0.183057,76.110333,-2.525801,10.393744,7.306706,-6.840831,6.707136,1.219671,0.312509,-10.714604,-0.877740,-5.921776,-7.232258,-12.917557,7.268786,-12.701991,4.675357,-0.081657,-0.006306,-16.220885,-2.189903,13.237208,-29.557565,73.388839,11.016350,-11.809235,-12.280571,-1.696425,-16.516724,26.771471,67.438877,-7.563334,-6.282577,17.497915
80.000000,42.828825,0.215245,76.106167,-2.485913,10.271170,7.190376,-6.570164,6.694850,1.322522,0.261546,-10.817224,-0.845492,-5.829908,-7.266588,-12.816100,7.434597,-12.800797,4.696068,-0.461319,0.197230,-16.240066,-1.312882,13.179383,-28.797116,73.138868,10.847162,-11.717437,-12.937663,-0.007526,-16.699107,27.319413,66.820137,-6.102424,-5.833584,19.903202
81.000000,42.861241,0.234811,76.108128,-2.394834,10.183751,6.879393,-6.284907,6.678236,1.618268,0.159426,-10.854027,-0.897106,-5.852770,-7.306793,-12.543263,7.606568,-12.867156,4.740238,-0.476207,0.315228,-16.139720,-0.732143,13.164307,-28.506437,72.960593,10.464820,-11.760536,-13.344361,1.319820,-16.768540,26.678471,66.688198,-5.260928,-5.836449,21.207708
82.000000,42.878050,0.258318,76.103920,-2.278818,10.145765,6.407548,-6.011019,6.674586,2.115902,0.043929,-10.901693,-0.909748,-5.975020,-7.325248,-12.060030,7.725113,-12.889006,4.810301,-0.474791,0.490983,-16.141931,-0.295911,13.106692,-28.381304,72.946222,10.406515,-11.890095,-13.483732,2.178335,-16.759346,25.609192,67.015992,-4.874969,-6.219849,21.432913
83.000000,42.858696,0.259593,76.098073,-2.152033,10.233296,5.702160,-5.840728,6.722968,2.787561,-0.091298,-10.955668,-0.862857,-6.419898,-7.298111,-11.331986,7.996959,-12.913448,4.900673,-0.506828,0.785504,-16.291996,0.078774,13.085720,-28.281469,72.773248,10.772295,-11.971620,-14.130766,2.573392,-16.826079,24.900134,67.295723,-4.459422,-6.575521,21.658192
84.000000,42.835993,0.247124,76.087648,-2.038550,10.393887,4.979663,-5.738503,6.793072,3.474840,-0.261881,-11.000533,-0.784598,-6.991155,-7.236431,-10.575394,8.325942,-12.953780,5.022271,-0.607523,1.191660,-16.543611,0.237925,13.117009,-28.577283,72.481633,11.152940,-11.854797,-14.579903,2.677671,-17.043614,24.413073,67.294439,-4.529400,-6.712515,22.248236
85.000000,42.809960,0.232728,76.082826,-1.934375,10.588362,4.256743,-5.690824,6.877808,4.179313,-0.420080,-10.993102,-0.794481,-7.655125,-7.162826,-9.840922,8.754889,-12.998956,5.129655,-0.616719,1.686248,-16.776560,0.078500,13.248168,-28.814297,71.737081,10.912251,-11.818386,-15.329960,2.666236,-17.408933,23.815253,66.979109,-5.082393,-6.706071,22.855237
86.000000,42.805889,0.231741,76.078576,-1.829757,10.671656,3.780016,-5.570911,6.886252,4.661456,-0.575035,-10.984052,-0.779914,-8.041103,-7.168062,-9.366051,9.072026,-13.058344,5.239940,-1.148639,2.385578,-17.014811,-0.260528,13.481605,-29.007001,70.473332,10.690778,-11.880221,-16.028355,2.383685,-17.910708,23.940052,66.733516,-5.132070,-6.552954,23.333398
87.000000,42.764536,0.226383,76.080221,-1.732158,10.704410,3.495048,-5.590334,6.857499,4.941072,-0.521979,-10.997487,-0.767401,-8.362423,-7.208906,-9.048282,9.410183,-13.137843,5.392866,-1.888059,3.303515,-17.219380,-1.242058,13.692117,-29.648994,69.162974,10.441628,-11.886199,-16.259422,2.015516,-18.493379,24.163818,66.677980,-4.925954,-6.400796,23.504378
88.000000,42.700136,0.212915,76.090723,-1.674683,10.651470,3.447103,-5.749687,6.831163,4.980747,-0.171358,-11.091177,-0.852351,-8.508784,-7.270756,-8.984094,9.699735,-13.212338,5.556581,-2.720674,4.323956,-17.305174,-3.278523,13.843392,-31.084037,68.415191,9.931685,-11.725487,-16.161911,1.625744,-19.105706,24.119073,66.832554,-4.694211,-6.209810,23.458288
89.000000,42.599601,0.187462,76.109856,-1.627297,10.604642,3.477174,-6.125079,6.814411,4.954685,0.494691,-11.275997,-0.980145,-8.707335,-7.360380,-9.062411,10.059532,-13.310278,5.766440,-3.570201,5.383753,-17.329341,-6.214296,13.978500,-33.014590,67.877867,9.254399,-11.606266,-16.189235,1.208612,-19.814702,24.074322,66.876807,-4.385777,-5.966548,23.249735
90.000000,42.473173,0.165353,76.134580,-1.682807,10.503685,3.958588,-6.733713,6.787915,4.498500,1.435581,-11.497227,-1.177401,-8.685619,-7.480436,-9.610498,10.321535,-13.403987,5.956284,-4.945086,6.454241,-17.155221,-9.925380,14.055759,-35.414042,68.060704,7.305620,-11.787453,-15.914778,0.635431,-20.530557,24.004411,66.840627,-3.970051,-5.931257,22.720535
91.000000,42.338732,0.160959,76.165676,-1.846846,10.355681,4.863569,-7.437059,6.732284,3.614188,2.402493,-11.640447,-1.390233,-8.405190,-7.587624,-10.510084,10.377944,-13.477449,6.067619,-6.656544,7.382089,-16.741060,-14.259223,14.555627,-37.927665,67.896780,5.848865,-11.812065,-14.929655,0.131757,-21.266892,23.741674,66.233485,-3.216439,-5.620198,22.226452
92.000000,42.201927,0.151520,76.194668,-2.073766,10.201647,5.880195,-8.128780,6.702956,2.650054,3.269643,-11.717436,-1.608627,-8.106128,-7.663184,-11.562560,10.467655,-13.552269,6.054706,-8.527410,8.004667,-16.109689,-18.727279,15.167063,-39.927565,67.939045,4.248231,-11.743974,-12.791974,-0.168329,-22.006552,23.822124,64.581249,-1.541290,-5.319038,21.329526
93.000000,42.048022,0.127483,76.214641,-2.333201,10.079962,6.826622,-8.734166,6.713220,1.689116,3.867965,-11.705038,-1.799637,-7.846225,-7.660985,-12.594650,10.485069,-13.657307,6.005496,-10.044190,8.113265,-15.187593,-23.416704,15.603815,-41.340492,68.776173,2.595800,-11.526420,-9.874387,-0.115828,-22.661086,23.584315,61.823935,0.878355,-5.012270,20.364182
94.000000,41.903701,0.092390,76.231009,-2.570801,9.968209,7.616621,-9.168869,6.755284,0.918458,4.198618,-11.585443,-1.973676,-7.566583,-7.588144,-13.429765,10.333508,-13.691530,5.878311,-11.223492,7.691878,-14.216115,-27.855882,15.685897,-41.819807,70.526034,1.022870,-11.119747,-6.023478,0.046570,-23.085122,23.532684,58.688646,3.593020,-4.672256,18.872163
95.000000,41.786361,0.096029,76.248890,-2.770697,9.779187,8.454062,-9.494352,6.699476,0.080528,4.534349,-11.498951,-2.017686,-7.100336,-7.574578,-14.297169,10.086089,-13.719211,5.762089,-12.165017,6.700286,-13.182740,-31.974533,15.171088,-41.450120,73.348076,-0.721914,-10.662344,-2.485022,0.219146,-23.580316,24.380207,54.859765,4.966946,-4.646794,17.002414
96.000000,41.666484,0.096307,76.259160,-2.917265,9.597210,9.197446,-9.848184,6.606604,-0.683059,4.976987,-11.423167,-1.985897,-6.747750,-7.601753,-15.028161,9.993999,-13.779773,5.610970,-12.711575,5.222745,-12.182267,-35.582816,14.296202,-40.772288,76.653943,-2.243598,-10.096135,0.979278,0.321100,-24.599857,26.051325,49.495331,4.413633,-5.119456,13.926114
97.000000,41.568214,0.065705,76.262397,-3.028899,9.442932,9.714538,-10.225597,6.575111,-1.268670,5.576344,-11.463066,-1.993915,-6.570223,-7.594194,-15.515659,10.084266,-13.894611,5.527399,-12.793211,3.383107,-11.272080,-38.426603,13.180008,-39.918528,79.885305,-3.583597,-9.708328,5.427516,0.353780,-26.082435,28.056513,42.434729,3.419606,-5.893827,9.441082
98.000000,41.501799,0.088539,76.267892,-3.057535,9.201555,10.025351,-10.350715,6.494855,-1.662821,6.085365,-11.516548,-1.783921,-6.397180,-7.659003,-15.763467,10.343668,-14.089599,5.547318,-12.486615,1.453355,-10.381437,-39.981165,12.030489,-40.308874,82.153174,-4.599663,-9.404598,10.869053,-0.177111,-28.319428,30.288501,34.437821,3.309321,-6.413583,5.205586
99.000000,41.414717,0.094308,76.296163,-2.993627,9.079463,9.729639,-10.312582,6.542187,-1.402333,6.322088,-11.425557,-1.707339,-6.741520,-7.735184,-15.523430,11.006774,-14.269569,5.859822,-11.339985,-0.214686,-9.648083,-39.956658,10.784453,-43.153480,83.345315,-5.185250,-9.622482,15.366360,-1.623363,-31.442120,32.530685,25.928190,4.816322,-6.981768,0.388085
100.000000,41.375512,0.089939,76.347750,-2.798289,9.046673,8.807872,-9.990804,6.672494,-0.534988,6.249136,-11.253966,-1.742559,-7.422855,-7.798059,-14.714399,11.887970,-14.317843,6.530129,-9.202109,-1.541630,-9.125026,-38.571612,9.360789,-47.039226,83.775515,-5.592775,-10.149711,17.544488,-4.255245,-35.192195,34.503298,17.542318,6.396459,-7.863353,-4.359872
101.000000,41.281638,0.091878,76.406235,-2.411853,9.123950,7.302347,-9.599124,6.751531,0.941985,6.085304,-11.033261,-1.768696,-8.487305,-7.895687,-13.223781,12.850780,-14.155271,7.486009,-6.284812,-2.542394,-8.712550,-36.687545,8.329636,-49.864172,83.203309,-5.777506,-10.894820,16.371209,-7.846787,-38.700490,35.366484,10.536881,7.029369,-8.307332,-6.857380
102.000000,41.173008,0.060566,76.457870,-1.935782,9.244494,5.564153,-9.163257,6.828987,2.711044,5.853694,-10.828112,-1.876180,-9.653059,-7.938420,-11.412370,13.747086,-14.002793,8.154054,-3.158689,-3.088580,-8.372317,-34.709717,8.016036,-52.068544,81.641169,-4.845653,-11.486120,14.907219,-13.037049,-41.645917,36.694942,6.054172,8.692562,-7.931264,-8.155563
103.000000,41.080728,0.042851,76.481885,-1.521636,9.415079,4.131482,-8.890849,6.847068,4.189840,5.651654,-10.690473,-1.836143,-10.674049,-7.963060,-9.888002,14.411315,-13.821146,8.562075,-0.593936,-3.021907,-8.111440,-32.858841,8.154694,-53.627585,79.558002,-3.437797,-11.932250,14.870416,-18.923731,-43.248621,38.777211,4.381750,10.311479,-7.185082,-8.366658
104.000000,40.990183,0.053791,76.487672,-1.293589,9.703638,3.265004,-8.988634,6.847855,5.089488,5.536912,-10.608407,-1.739123,-11.500255,-7.939049,-8.919351,14.724092,-13.672757,8.649437,1.029470,-2.282421,-8.148563,-30.985262,8.440637,-54.204152,77.241810,-3.840086,-12.272197,15.163804,-25.602247,-43.418806,41.763181,6.558877,9.836505,-7.468554,-10.850270
105.000000,40.956548,0.078913,76.471806,-1.120368,9.864663,2.650866,-8.857850,6.811656,5.742968,5.207282,-10.628989,-1.624328,-12.072754,-7.917025,-8.120358,15.052453,-13.629467,8.450728,1.638817,-0.881466,-8.220426,-29.185176,8.820534,-53.417065,75.091038,-4.241275,-12.498388,14.148234,-32.973875,-41.747923,45.877523,12.639350,8.729001,-7.527738,-9.567758
106.000000,40.972477,0.111615,76.441032,-0.934653,9.897853,2.234682,-8.611514,6.692520,6.237396,4.931245,-10.757665,-1.534662,-12.456784,-8.003384,-7.533120,15.540665,-13.819859,7.948147,1.553580,0.880554,-8.314208,-27.807430,9.204681,-52.752884,73.668337,-3.121671,-12.658846,12.974753,-39.730770,-38.042747,50.240030,21.767328,6.918376,-7.999424,-9.683001
107.000000,41.019928,0.097187,76.408988,-0.820946,9.980831,2.209063,-8.723417,6.567741,6.283729,5.094486,-10.949363,-1.536323,-12.722062,-8.085219,-7.264570,15.969570,-14.197868,7.164162,0.335221,2.991572,-8.595060,-26.926989,9.751532,-50.870457,72.983044,-0.430443,-12.966905,10.441361,-46.155591,-31.459605,54.264968,35.309377,3.405489,-9.322177,-8.485334
108.000000,41.057298,0.098396,76.348692,-0.502983,9.995007,2.428921,-9.077306,6.144023,6.136625,5.733891,-11.350275,-1.334034,-13.003393,-8.605746,-7.258468,16.783320,-14.809394,6.207705,-0.594627,4.492460,-9.019952,-26.570816,9.846625,-49.680740,73.080593,2.681096,-13.110089,8.125616,-49.065518,-26.279006,55.634025,46.318617,0.819626,-8.533924,-5.918594
109.000000,41.134980,0.078248,76.270735,-0.298294,10.100565,2.858627,-9.662292,5.791071,5.684400,6.623256,-11.820646,-1.129411,-13.284261,-9.049657,-7.472505,17.599970,-15.549388,5.250649,-1.623233,5.795875,-9.238766,-26.951146,9.921229,-47.601228,73.316002,6.103522,-13.607337,6.474927,-50.169587,-21.668685,53.977243,55.298229,-2.018245,-8.575564,-3.310096
110.000000,41.241321,0.046952,76.208490,-0.195313,10.330267,3.456184,-10.400076,5.487664,5.096451,7.473981,-12.167300,-1.019491,-13.476333,-9.429459,-7.909483,18.112357,-16.096002,4.736580,-2.359319,6.460797,-9.157626,-27.787102,10.062924,-44.567575,73.537109,8.309333,-13.548586,5.241130,-49.629971,-19.232513,50.238514,59.599111,-3.447389,-8.715365,-0.839244
111.000000,41.388869,0.006639,76.183891,-0.287310,10.514178,4.289449,-11.065083,5.328147,4.326070,8.204757,-12.425536,-1.110187,-13.271986,-9.661140,-8.737382,18.125978,-16.377704,4.513691,-2.757509,6.912936,-8.798074,-28.677584,10.090232,-41.750395,73.332770,8.092855,-12.963698,4.934321,-47.832672,-18.939310,47.061407,59.861192,-2.610830,-8.639441,0.718446
112.000000,41.570419,-0.036328,76.183027,-0.518016,10.488892,5.274374,-11.484621,5.288513,3.403288,8.885647,-12.685987,-1.223563,-12.621980,-9.740762,-9.794843,17.846801,-16.522658,4.390566,-3.046220,7.368480,-8.364766,-29.310852,9.823129,-40.416459,73.106984,6.401829,-12.609266,5.209440,-45.516271,-19.680729,45.690926,58.879441,-2.250510,-8.594380,1.523088
113.000000,41.720790,-0.064281,76.181692,-0.713841,10.384783,6.128391,-11.814224,5.258486,2.680220,9.586796,-12.942820,-1.343729,-11.997115,-9.797629,-10.697194,17.628110,-16.607443,4.388527,-3.180348,7.598255,-7.995421,-29.855481,9.589160,-40.630480,73.037405,5.522953,-12.659406,5.546419,-43.602671,-20.628215,46.111294,58.320772,-3.287710,-8.932497,1.635304
114.000000,41.892532,-0.133098,76.178414,-0.968221,10.352944,6.803764,-12.191013,5.398171,2.120129,10.283177,-13.298342,-1.633044,-11.578664,-9.680971,-11.438149,17.549672,-16.791578,4.237258,-3.074741,7.642032,-7.803514,-30.494626,9.591647,-41.841913,73.054925,6.621005,-12.718372,6.303645,-42.113065,-21.050650,47.133257,58.766135,-4.052514,-9.676221,-0.958254
115.000000,42.036754,-0.213211,76.168907,-1.101531,10.293630,7.061117,-12.355120,5.558431,1.855803,10.825420,-13.602194,-1.761622,-11.365314,-9.551173,-11.766688,17.643396,-16.948186,4.219941,-2.602723,7.346312,-7.706870,-30.926226,9.770855,-42.739946,73.132727,9.025537,-13.036560,5.054886,-40.746778,-21.154786,47.532796,59.779113,-5.000440,-9.665741,0.296070
116.000000,42.186102,-0.287945,76.153404,-1.156109,10.262752,7.080905,-12.306047,5.711439,1.834961,11.032357,-13.787986,-1.773331,-11.208835,-9.419982,-11.845026,17.654403,-17.046510,4.203873,-1.986753,6.808167,-7.666297,-31.191063,9.856587,-42.876000,73.517991,10.376349,-13.223163,3.576026,-39.652240,-20.977644,47.035066,60.832813,-5.561359,-9.441306,2.049668
117.000000,42.333746,-0.343209,76.137245,-1.230029,10.321732,7.051951,-12.238844,5.870058,1.825930,11.023481,-13.918501,-1.794328,-11.081788,-9.239193,-11.822520,17.483105,-17.072647,4.152837,-1.379586,6.249249,-7.685500,-31.283605,9.826231,-42.563454,73.969842,10.292381,-13.071347,3.321627,-39.010824,-20.785154,46.779088,61.494447,-5.818191,-9.497742,2.568266
118.000000,42.471057,-0.378662,76.134759,-1.317180,10.456624,7.031046,-12.219029,6.009471,1.830664,10.898887,-13.923259,-1.813516,-10.960633,-9.067487,-11.856618,17.124597,-16.989600,4.189133,-0.980054,5.745947,-7.648827,-31.172010,9.780245,-42.150784,74.309323,9.693498,-12.937955,3.383070,-38.620557,-20.745180,46.522515,61.500075,-5.983964,-9.615297,2.466224
119.000000,42.591521,-0.400177,76.143295,-1.425022,10.623217,7.042327,-12.247502,6.139667,1.801447,10.741272,-13.862271,-1.859214,-10.855291,-8.889568,-11.905769,16.699217,-16.837767,4.230466,-0.751863,5.268179,-7.590215,-30.946474,9.827136,-41.920231,74.479818,9.500202,-12.885127,3.187059,-38.274270,-20.690129,46.053585,61.115228,-4.967927,-9.540953,2.556359
120.000000,42.684814,-0.410552,76.144224,-1.542859,10.846839,7.066937,-12.375362,6.259197,1.768719,10.594799,-13.826393,-1.923358,-10.875820,-8.748854,-12.018513,16.359941,-16.738941,4.302560,-0.652745,4.775086,-7.453829,-30.757793,9.984983,-41.998748,74.608738,9.645653,-12.823101,2.859270,-38.008415,-20.771160,45.860342,60.281303,-4.127965,-9.482108,2.610249
121.000000,42.747995,-0.398300,76.144701,-1.677415,11.079640,7.180001,-12.570886,6.338212,1.672312,10.471901,-13.819202,-2.009114,-10.946700,-8.654277,-12.200741,16.097895,-16.632301,4.341904,-0.645439,4.325278,-7.131239,-30.732460,10.081356,-42.285681,74.914731,9.934890,-12.692628,3.021793,-37.906778,-20.971160,46.111478,59.417455,-3.231278,-9.417274,2.609060
122.000000,42.774606,-0.372870,76.150787,-1.804076,11.313360,7.356547,-12.790056,6.361486,1.479434,10.281750,-13.702174,-2.106447,-11.035392,-8.605166,-12.413854,15.846141,-16.554710,4.465873,-0.813173,3.921653,-6.674735,-30.774432,10.107612,-42.618488,75.468160,10.244258,-12.649113,2.990374,-37.888965,-21.240700,46.485834,58.698612,-3.030019,-9.317954,2.955346
123.000000,42.769074,-0.336806,76.173389,-1.925367,11.577744,7.584222,-13.090542,6.337604,1.268400,10.099251,-13.485737,-2.261216,-11.181758,-8.602294,-12.665074,15.605888,-16.382113,4.618994,-1.084201,3.497519,-6.094177,-30.981871,10.113713,-43.381393,76.132362,10.242692,-12.500161,3.253406,-38.100697,-21.565960,47.729003,58.174565,-3.137911,-9.261097,2.962253
124.000000,42.715859,-0.300622,76.225120,-2.058174,11.937104,7.836043,-13.588688,6.299133,1.066818,9.964875,-13.099428,-2.490647,-11.429259,-8.616371,-13.006542,15.268131,-16.030621,4.934748,-1.452134,3.075969,-5.383912,-31.305182,10.232673,-44.765517,76.797964,9.461563,-12.545432,3.295928,-38.437931,-22.093654,49.732018,57.686548,-4.170455,-9.381982,2.413950
125.000000,42.626703,-0.264756,76.311088,-2.279005,12.472412,8.116156,-14.315403,6.323377,0.902884,9.770901,-12.536252,-2.838281,-11.817195,-8.566007,-13.469905,14.727221,-15.454413,5.259650,-1.823846,2.738199,-4.954536,-31.884792,10.337658,-46.906355,77.368012,8.244960,-12.570782,3.639877,-38.543673,-22.177069,51.044111,57.647930,-1.233794,-8.850629,0.768228
126.000000,42.513588,-0.232127,76.381940,-2.476878,13.141093,8.279981,-15.152539,6.347037,0.872633,9.535033,-11.935931,-3.090077,-12.407462,-8.518293,-13.794567,14.152459,-14.753396,5.744863,-2.043048,2.235931,-4.720368,-32.532099,10.514644,-48.567163,77.682009,7.097278,-12.991417,2.747295,-39.055445,-22.613735,52.380369,57.447096,-1.204586,-8.704677,1.990922
127.000000,42.371440,-0.204049,76.415497,-2.703904,13.867550,8.318768,-16.042888,6.432219,0.859810,9.283031,-11.459638,-3.270085,-13.106431,-8.378321,-13.939661,13.534640,-14.082985,6.062216,-2.149649,1.742794,-4.286018,-33.608465,10.810039,-49.329931,77.507211,6.197268,-13.048648,2.449323,-39.662564,-22.817024,52.603265,57.333537,-1.021792,-8.539972,2.008933
128.000000,42.166144,-0.182287,76.387686,-2.923665,14.353416,8.262205,-16.762838,6.583088,0.801141,9.209812,-11.364897,-3.137877,-13.678718,-8.163241,-13.869870,13.052043,-13.588621,6.087039,-2.266187,1.120567,-3.157717,-35.235126,11.271509,-48.564909,76.911557,6.042899,-13.208222,1.803419,-40.715062,-22.834700,52.132512,57.133211,-0.990199,-8.605758,2.131491
129.000000,41.882503,-0.209593,76.338154,-3.066820,14.539098,8.098356,-17.345718,6.773912,0.742242,9.507818,-11.522856,-2.873660,-14.219585,-7.958197,-13.654270,13.057018,-13.405437,5.802826,-2.093858,0.096044,-1.290193,-37.397727,12.171369,-46.872556,76.000772,6.700690,-13.305681,1.377087,-42.106354,-22.877462,50.889236,56.916462,-1.421758,-8.806358,2.460821
130.000000,41.561678,-0.244149,76.278907,-3.205134,14.827499,7.837707,-18.176088,6.977332,0.703419,10.088994,-11.751414,-2.625573,-15.148653,-7.775200,-13.308286,13.514906,-13.362259,5.480556,-1.858029,-1.088154,0.564342,-39.661051,13.288201,-44.399365,74.900524,8.182575,-12.955468,1.352917,-43.571764,-22.872224,49.465801,56.763353,-1.994041,-8.909992,2.816519
131.000000,41.225335,-0.224868,76.229787,-3.454297,15.492129,7.518459,-19.372034,7.261913,0.874270,10.517731,-11.827855,-2.290913,-16.556266,-7.539498,-12.910144,13.946656,-13.089521,5.442602,-1.572677,-2.063745,1.995378,-41.364681,14.175077,-41.542686,73.933519,7.913255,-12.280421,1.288585,-44.812444,-22.781459,47.989203,56.695157,-1.811598,-8.723777,2.763361
132.000000,41.050720,-0.157230,76.213300,-3.834846,16.714406,7.481955,-20.951598,7.474020,0.991172,10.499352,-11.477136,-2.263929,-18.037616,-7.312637,-12.837522,13.620947,-12.415839,5.593294,-1.378337,-2.655708,2.315796,-42.169284,14.583393,-39.133439,72.742799,6.791424,-11.842408,4.718108,-45.240666,-22.592469,46.740754,56.860772,-0.515127,-8.615765,1.320842
133.000000,41.064784,-0.057782,76.224291,-4.254285,18.105561,7.824819,-22.414936,7.471981,0.716121,9.949936,-10.774591,-2.460275,-19.092807,-7.154945,-13.131586,12.522969,-11.469648,5.793467,-1.500438,-2.934585,1.735651,-41.985132,14.282110,-37.610573,72.256032,3.931090,-11.443183,5.174632,-45.091020,-22.220543,46.206930,57.412425,0.624981,-8.266144,0.642586
134.000000,41.174445,0.087535,76.243037,-4.584921,19.222218,8.257152,-23.363360,7.307701,0.369844,9.135934,-10.058468,-2.558328,-19.667847,-7.129855,-13.462636,11.316909,-10.627210,5.993017,-1.765631,-2.920993,0.888596,-41.689689,13.913937,-38.374089,73.328590,2.959039,-11.189716,4.986938,-44.991443,-21.927390,46.775987,58.254895,0.872245,-8.134071,0.321950
135.000000,41.303781,0.249765,76.256770,-4.771769,20.041831,8.598787,-23.850117,7.075241,0.277396,8.240391,-9.442583,-2.626345,-20.068609,-7.242000,-13.697209,10.507963,-10.052632,6.029545,-2.045726,-2.890865,0.182865,-41.566486,13.665294,-40.177078,75.092220,4.656432,-11.080472,4.022426,-45.179447,-21.645872,47.895701,59.007042,0.393431,-8.159069,0.491533
136.000000,41.369882,0.411269,76.248837,-4.857914,20.574462,8.855602,-24.112926,6.811532,0.287642,7.519320,-9.017193,-2.534027,-20.468579,-7.482557,-13.964291,10.314981,-9.847788,5.966796,-2.366567,-2.827620,-0.020382,-41.669987,13.611554,-41.787251,76.701822,7.734481,-11.388309,2.960870,-45.466268,-21.357998,48.012948,59.451722,-0.693937,-8.379754,0.788827
137.000000,41.361788,0.553943,76.231748,-4.865277,20.735188,9.124430,-24.273222,6.510373,0.201796,7.336580,-8.932542,-2.284494,-20.720627,-7.825426,-14.324245,10.644476,-10.054812,5.688451,-2.670602,-2.799139,0.604280,-42.003109,13.651900,-42.871824,77.852614,9.453195,-11.521129,2.864911,-46.007567,-21.309956,47.899061,59.309873,-0.759648,-8.468047,0.544237
138.000000,41.299030,0.684619,76.233858,-4.855666,20.593325,9.402054,-24.337940,6.228785,0.043319,7.567468,-9.014406,-2.086122,-20.764036,-8.156299,-14.679533,11.168146,-10.339073,5.383859,-2.921864,-2.695578,1.878468,-42.462132,13.647454,-43.307805,78.618640,9.108453,-11.172913,3.674956,-46.587119,-21.463139,47.720998,58.805033,0.209531,-8.407783,-0.384619
139.000000,41.177186,0.799608,76.244450,-4.870146,20.461646,9.628064,-24.485175,6.020644,-0.050784,7.865569,-9.005064,-1.999534,-20.903610,-8.441775,-14.918038,11.712503,-10.469387,5.374557,-3.119751,-2.500972,3.190339,-42.983183,13.578927,-43.422542,79.183592,7.720252,-10.852110,4.573337,-47.211576,-21.651428,48.011708,58.328490,1.244976,-8.391855,-1.255654
140.000000,41.041613,0.889583,76.249731,-4.846827,20.606171,9.672548,-24.834928,5.853035,0.002183,8.029865,-8.876880,-2.037506,-21.360698,-8.702935,-14.958907,12.159884,-10.482736,5.538965,-3.152054,-2.355764,3.887768,-43.511385,13.426876,-43.878412,79.819366,7.146683,-10.765156,4.669571,-47.863360,-21.607437,48.784114,58.527406,1.415259,-8.372730,-1.528047
141.000000,40.951833,0.950699,76.242667,-4.765098,20.860451,9.646712,-25.157911,5.665915,0.070468,8.002845,-8.721502,-2.133083,-21.752047,-8.905767,-14.857301,12.228919,-10.403173,5.748175,-3.157140,-2.351611,4.171788,-43.933170,13.428376,-44.703093,80.128911,7.911429,-10.829680,4.741962,-48.570254,-21.468926,50.165626,59.137786,1.214818,-8.360460,-1.610472
142.000000,40.865639,0.994640,76.233923,-4.661945,20.992073,9.580102,-25.326992,5.516695,0.172935,7.962441,-8.668441,-2.141496,-21.916315,-9.036972,-14.711638,12.107281,-10.299572,5.839890,-3.171264,-2.447088,4.637606,-44.292479,13.842690,-45.155648,79.505793,8.996958,-10.952592,4.622563,-49.258754,-21.428296,51.347877,59.378557,1.238346,-8.396013,-1.561344
143.000000,40.764013,1.019209,76.208228,-4.547014,21.068727,9.345717,-25.413054,5.477260,0.345270,7.958291,-8.708148,-1.954584,-22.132215,-9.079254,-14.438347,12.100551,-10.264063,5.815518,-3.145554,-2.650186,5.182973,-44.616257,14.519580,-44.953734,78.391686,9.835706,-11.434165,3.983214,-49.731434,-21.336601,51.368712,59.257301,0.934860,-8.607970,-1.124172
144.000000,40.680307,1.022691,76.178294,-4.440352,21.275979,8.976592,-25.557379,5.529889,0.637940,7.874277,-8.748253,-1.833390,-22.556427,-9.039562,-14.032376,12.149298,-10.206700,5.824494,-3.040544,-2.913432,5.354836,-44.766293,15.172077,-44.672261,77.339878,10.159872,-11.643515,3.718679,-50.102624,-21.321704,51.456685,58.714348,0.896965,-8.670269,-0.802029
145.000000,40.664053,1.029933,76.163900,-4.384804,21.560115,8.688654,-25.728447,5.588263,0.868166,7.711702,-8.676657,-1.764095,-22.957394,-8.979108,-13.703672,12.090885,-10.047759,5.976249,-3.011493,-3.077409,5.018621,-44.606603,15.484423,-44.490957,76.840427,9.926166,-11.666576,3.653620,-50.089121,-21.279183,51.305444,58.251323,0.941990,-8.698538,-0.878946
146.000000,40.734464,1.047406,76.183301,-4.392150,21.755802,8.601137,-25.738714,5.614683,0.953633,7.427453,-8.493195,-1.831157,-23.023289,-8.936223,-13.662855,11.809336,-9.797170,6.208323,-3.129781,-3.086243,4.572463,-44.296157,15.437573,-44.231779,76.849600,9.339464,-11.501834,3.807485,-49.788869,-21.228573,50.951432,57.946410,1.356848,-8.682694,-1.205137
147.000000,40.807363,1.066296,76.221061,-4.454856,21.737846,8.711493,-25.582412,5.615102,0.905912,7.189277,-8.306722,-1.965972,-22.772892,-8.902702,-13.825316,11.496852,-9.558461,6.388382,-3.352957,-3.001750,4.355437,-44.084691,15.275662,-43.727827,76.983930,9.164027,-11.433052,3.839899,-49.505153,-21.249282,50.291475,57.721683,1.576499,-8.605520,-0.925533
148.000000,40.808800,1.075681,76.238692,-4.572457,21.533765,8.982547,-25.406021,5.614996,0.713304,7.114425,-8.299620,-2.064400,-22.392075,-8.871881,-14.089574,11.315857,-9.537968,6.405879,-3.635226,-2.856132,4.633001,-44.197925,15.193283,-43.513913,76.991511,9.472665,-11.432538,3.885758,-49.506075,-21.432644,49.621690,57.433169,1.390280,-8.594446,-0.614549
149.000000,40.761840,1.066568,76.214600,-4.623840,21.173562,9.209004,-25.148610,5.597555,0.475929,7.220899,-8.556493,-2.045161,-21.969293,-8.897246,-14.296047,11.369769,-9.801101,6.315212,-3.799507,-2.805989,5.381204,-44.630054,15.279989,-43.486302,76.722839,10.097493,-11.385915,3.696656,-49.856648,-21.810548,49.235162,57.030177,1.025439,-8.593841,-0.283931
150.000000,40.649381,1.046400,76.171535,-4.598678,20.707342,9.373563,-24.821637,5.542209,0.201111,7.389574,-8.883067,-1.913622,-21.473611,-8.950743,-14.416451,11.446024,-10.096069,6.290816,-3.888103,-2.777293,6.246495,-45.145781,15.338711,-43.535004,76.540500,10.667171,-11.403063,3.493943,-50.270032,-22.032742,48.909417,57.112249,1.086664,-8.486666,0.431618
151.000000,40.518504,1.027402,76.160181,-4.556090,20.338476,9.465534,-24.521726,5.496069,0.056641,7.385451,-8.984175,-1.890758,-21.131055,-8.991162,-14.433989,11.483451,-10.271605,6.325731,-3.858193,-2.781786,6.757610,-45.485751,15.243416,-43.696487,76.698995,10.952615,-11.311027,3.313980,-50.548840,-21.998571,48.969612,57.807408,1.630215,-8.113004,1.643616
152.000000,40.384573,1.013324,76.180446,-4.532525,20.302598,9.487485,-24.619388,5.452306,0.038331,7.404211,-8.783798,-2.053712,-21.228757,-9.040587,-14.459277,11.551619,-10.183496,6.499864,-3.720239,-2.662300,7.106420,-45.805608,15.063709,-43.965590,77.003382,11.282322,-11.416946,3.519644,-50.883939,-22.122607,48.860663,58.662644,1.652064,-8.140638,0.455424
153.000000,40.287304,0.990830,76.201540,-4.562267,20.590375,9.479019,-25.007319,5.457989,0.130722,7.330055,-8.450874,-2.310675,-21.597922,-9.035311,-14.483790,11.413705,-9.888320,6.721319,-3.617948,-2.550449,7.243522,-45.839968,15.083677,-43.813020,76.803927,11.546156,-11.627612,3.540481,-50.851021,-22.372565,48.479979,58.803120,1.642066,-8.423912,-0.214303
154.000000,40.240100,0.988733,76.191580,-4.636418,21.102382,9.420608,-25.491796,5.493565,0.223031,7.061920,-8.209489,-2.482542,-22.088412,-8.979565,-14.429866,11.058298,-9.581017,6.804762,-3.532387,-2.466619,6.934063,-45.495620,15.199029,-43.834177,76.346618,11.464971,-11.590372,4.012658,-50.636516,-22.649481,49.023700,58.310384,2.509221,-8.499605,-0.493214
155.000000,40.233183,0.970054,76.139498,-4.794305,21.692589,9.335693,-26.014780,5.640459,0.187362,6.739757,-8.008210,-2.350252,-22.560511,-8.767555,-14.337265,10.497555,-9.253817,6.754428,-3.580319,-2.307794,6.275883,-45.004424,15.302281,-43.818546,76.336271,11.428704,-11.690150,3.658289,-50.348487,-22.657008,48.906477,58.320199,2.360251,-8.550651,-0.226129
156.000000,40.338033,0.996638,76.128757,-4.868260,21.965192,9.336179,-26.084854,5.661381,0.141603,6.413299,-7.953423,-2.312666,-22.573975,-8.679977,-14.346061,10.036733,-9.046627,6.668004,-3.662644,-2.281065,5.778564,-44.719035,15.287174,-44.248196,77.000684,11.727764,-11.440179,3.538340,-50.216295,-22.505410,49.507841,58.662350,2.613256,-8.327508,-0.211583
157.000000,40.475544,1.037659,76.157081,-4.743108,21.957935,9.275772,-25.806432,5.532571,0.277570,6.196086,-7.863883,-2.273656,-22.373965,-8.798898,-14.333709,9.890269,-8.991764,6.840852,-3.747929,-2.354886,5.432806,-44.485787,15.030861,-44.020941,78.131722,12.602486,-11.457696,3.113014,-49.724221,-22.012030,48.559705,59.449502,1.825166,-8.428348,-0.110333
158.000000,40.535447,1.073317,76.185322,-4.665155,21.872709,9.245486,-25.625400,5.454866,0.443796,6.174365,-7.856919,-2.351679,-22.283195,-8.876659,-14.266956,9.996401,-8.979778,6.893335,-3.673454,-2.369844,5.196771,-44.456578,14.609008,-43.976931,79.179822,13.050160,-11.032581,3.947920,-49.477402,-21.839883,48.819265,59.665766,2.701062,-8.288802,-0.428647
159.000000,40.553328,1.076677,76.180553,-4.689067,21.937764,9.252535,-25.775739,5.468648,0.469740,6.346825,-7.918285,-2.376168,-22.412491,-8.891854,-14.320696,10.144992,-8.975426,6.901451,-3.558841,-2.221097,4.889224,-44.445530,14.218068,-43.540762,79.683213,13.167316,-10.937898,4.311983,-49.264655,-21.868737,48.542967,59.595504,3.484462,-8.259077,-0.492960
160.000000,40.697771,1.115985,76.187360,-4.529113,21.932643,9.102099,-25.486806,5.355028,0.626725,6.180042,-7.985361,-2.339826,-22.278335,-9.025543,-14.250628,10.129540,-9.016114,6.985620,-3.270468,-2.207355,4.528491,-44.272426,13.964459,-42.865868,79.690399,13.491102,-11.270269,3.863889,-48.746906,-21.740069,47.256207,59.618624,2.827460,-8.338162,-0.116405
161.000000,40.796757,1.146734,76.170665,-4.501994,22.058808,9.222537,-25.484139,5.215147,0.582065,6.028503,-7.959877,-2.348308,-22.208603,-9.122039,-14.282310,9.946430,-9.032694,6.941123,-3.187549,-2.126768,4.127337,-44.157931,13.858613,-42.525168,79.312150,13.750633,-11.386445,3.983814,-48.448711,-21.677921,46.603620,59.579938,2.411219,-8.395168,0.139673
162.000000,40.822315,1.169907,76.150757,-4.554093,22.256903,9.381823,-25.687401,5.129619,0.466512,5.947900,-7.895057,-2.323294,-22.297298,-9.177472,-14.393498,9.794210,-8.971996,6.886320,-3.245225,-1.996536,3.794577,-44.096104,13.787816,-42.057265,78.942835,13.971295,-11.569179,3.961290,-48.270361,-21.542143,45.659617,59.674331,2.037267,-8.495289,0.075605
163.000000,40.884647,1.180217,76.127231,-4.703628,22.608194,9.622069,-25.988846,5.092911,0.296508,5.719218,-7.795299,-2.331624,-22.464197,-9.163757,-14.575552,9.530392,-8.884398,6.765631,-3.389247,-1.821249,3.270596,-43.898664,13.728601,-41.271363,78.306944,14.178820,-11.685589,3.922854,-48.174298,-21.359919,44.597601,59.834950,1.753571,-8.563900,0.291980
164.000000,40.972582,1.204834,76.102412,-4.815850,22.993562,9.737935,-26.195338,5.083861,0.266377,5.337684,-7.648219,-2.350333,-22.670941,-9.153466,-14.714490,9.249514,-8.794118,6.725771,-3.541710,-1.735462,2.746172,-43.583881,13.770801,-40.776906,77.723311,14.304230,-11.743149,3.726586,-48.085300,-21.189987,43.731164,59.981697,1.503884,-8.615441,0.281901
165.000000,41.107595,1.241196,76.081246,-5.015185,23.351781,10.023796,-26.334168,5.066664,0.081186,4.845114,-7.460564,-2.428985,-22.695146,-9.129228,-15.021189,8.810138,-8.622970,6.778786,-3.923798,-1.511005,2.132860,-43.022207,13.666628,-40.451157,77.263762,14.425783,-11.678761,3.778085,-47.923684,-21.138281,43.234455,59.973938,1.437866,-8.613252,0.204392
166.000000,41.178745,1.273019,76.068085,-5.149843,23.522654,10.200667,-26.394851,5.066340,-0.047590,4.534533,-7.319585,-2.486887,-22.689871,-9.094346,-15.153461,8.534919,-8.467481,6.801355,-4.171306,-1.306014,1.809928,-42.672170,13.551141,-40.428778,77.038018,14.323545,-11.522812,3.906961,-47.896131,-21.197670,43.387506,59.884250,1.669018,-8.614305,0.077114
167.000000,41.191146,1.247198,76.113212,-5.366625,23.113533,10.180834,-25.911176,5.429835,-0.162037,4.383562,-7.412148,-2.490183,-22.329907,-8.736443,-15.198706,8.658254,-8.629576,6.557322,-4.237369,-0.902918,2.352849,-42.489285,13.716423,-41.312112,76.608652,13.534182,-11.627517,3.391502,-47.986542,-21.246890,43.056693,59.731302,1.004326,-8.267752,0.062653
168.000000,41.067579,1.293169,76.195139,-5.690673,22.378232,10.336670,-25.434006,5.783468,-0.402265,4.685171,-7.631873,-2.354122,-21.913378,-8.427896,-15.345883,9.304661,-8.941829,6.280621,-4.585392,-0.248602,3.811070,-42.620456,14.312467,-43.242068,75.462710,12.375204,-12.134231,1.932602,-48.639488,-21.466473,42.390838,59.442822,-0.788862,-7.881802,0.297415
169.000000,40.990108,1.332145,76.201904,-5.794243,22.006727,10.420459,-25.276300,5.892987,-0.377661,5.004612,-7.797605,-2.251554,-21.887941,-8.394600,-15.332132,9.972628,-9.121281,6.072111,-4.933982,-0.021505,5.242215,-43.253450,15.229773,-44.197430,74.123795,12.528495,-12.374646,1.565215,-49.847069,-21.843316,42.734991,58.923058,-1.772568,-8.080339,0.355682
170.000000,40.867066,1.461823,76.159763,-5.736834,22.327746,10.635387,-25.833428,5.508655,-0.307965,5.172500,-7.684578,-2.037189,-22.571569,-8.840589,-15.293490,10.563300,-9.031689,6.144310,-5.499801,0.167773,6.146658,-43.996298,15.771332,-44.010737,73.030049,12.935793,-12.295485,2.607903,-51.584321,-22.522405,44.174754,58.332397,-1.242278,-8.640495,0.090819
171.000000,40.930375,1.503924,76.096272,-5.557725,22.832869,10.916895,-26.346061,4.994271,-0.325517,5.132800,-7.462069,-2.113488,-22.992802,-9.332613,-15.341218,10.565448,-8.884121,6.416465,-6.037090,0.233639,6.048053,-44.168351,15.607576,-43.086582,72.895085,13.808564,-11.949828,3.505003,-52.392305,-23.000047,45.591936,58.046260,0.210182,-8.876896,0.086752
172.000000,40.753591,1.443392,76.176476,-5.536518,22.403736,9.709133,-25.202478,5.890182,0.680860,4.061777,-7.381432,-2.035480,-23.211650,-8.602874,-14.528137,11.022103,-9.080078,5.864050,-5.828191,1.051359,7.223114,-43.610789,16.302191,-42.094989,71.998329,9.961037,-11.714757,4.024555,-53.276210,-22.710101,45.547909,57.780805,-0.135205,-8.227245,-0.370338
173.000000,40.808874,1.646634,76.135677,-5.516052,23.288404,9.528201,-25.766431,5.664611,0.972882,3.445045,-6.812973,-1.943705,-24.242454,-8.869901,-14.360847,11.064235,-8.657032,6.268204,-6.360872,1.935081,6.545442,-42.836293,16.133470,-41.061560,71.933367,8.005788,-11.658780,4.016324,-53.683327,-22.280053,45.288164,58.294626,-0.081736,-8.454584,-0.480832
174.000000,40.901151,1.773286,76.127672,-5.174709,24.136277,9.476595,-26.404376,5.044919,1.299640,3.124308,-6.279913,-2.090262,-24.949001,-9.427870,-14.191430,10.713807,-8.174094,6.561869,-7.065537,2.526731,5.680272,-42.245304,15.558392,-40.235647,72.613701,8.810904,-11.542594,3.441594,-54.031393,-22.123466,45.764938,58.851232,0.872128,-8.370288,0.823976
175.000000,40.927723,1.825278,76.152539,-4.837299,24.171804,9.361694,-26.418963,4.656106,1.349561,3.231568,-6.250978,-2.050848,-24.926512,-9.767630,-14.000616,10.599262,-8.104572,6.529910,-7.705590,3.130232,5.778477,-42.018839,15.240088,-40.425065,73.166783,10.166351,-11.194994,3.730543,-54.648716,-22.258355,47.349241,58.889529,2.024589,-8.008673,1.418079
176.000000,40.981147,1.732407,76.135969,-4.597943,24.137661,9.291444,-26.424293,4.570263,1.313508,3.428553,-6.331312,-2.026105,-24.895365,-9.894348,-13.955670,10.670549,-8.160868,6.487863,-8.078493,3.559513,5.969400,-41.956708,15.109090,-40.493866,73.261374,10.658538,-11.217244,3.917126,-54.876373,-22.353066,47.629935,58.851109,2.066105,-8.052866,1.081850
177.000000,40.874803,1.909324,76.146233,-4.216702,24.032153,8.782682,-26.513280,4.221115,1.645177,4.145087,-6.661837,-1.923447,-25.216838,-10.275944,-13.657137,11.312728,-8.638234,6.083892,-8.444976,4.313988,6.683824,-41.984285,15.111766,-41.529165,73.296659,11.683763,-11.466475,3.980776,-55.350323,-22.664629,47.525566,58.474841,1.206335,-8.779720,-0.631131
178.000000,40.849936,1.922002,76.112336,-3.907707,24.306628,8.398272,-26.712375,4.051956,2.022101,4.168055,-6.691004,-1.883718,-25.774282,-10.507610,-13.334136,11.646567,-8.769974,6.177304,-8.294776,4.530022,6.387126,-42.080707,14.818623,-41.532222,73.449880,11.567990,-11.462616,3.164988,-55.054620,-22.778356,47.525395,58.767678,1.406536,-8.382698,0.770727
179.000000,40.839034,1.975981,76.107794,-3.812283,24.678471,8.142372,-26.980069,4.006298,2.315168,3.991719,-6.567518,-1.982650,-26.353006,-10.592864,-13.056340,11.811224,-8.681731,6.388786,-8.184832,5.055811,5.828900,-42.058819,14.328292,-41.624638,73.516106,11.163376,-11.408609,3.669381,-55.013571,-23.029354,47.922417,59.368182,0.993636,-8.342583,0.201478
180.000000,40.848848,2.002255,76.123643,-3.801290,24.875128,7.971312,-27.137371,4.062328,2.489737,3.954167,-6.456324,-2.047402,-26.677565,-10.562840,-12.883909,11.913925,-8.577036,6.570936,-8.227855,5.657225,5.568144,-42.061876,13.920806,-41.477403,73.384666,10.845032,-11.498176,3.507298,-54.989822,-23.095600,47.697547,60.204361,-0.133988,-8.350798,-0.239531
181.000000,40.909326,1.938780,76.147646,-3.584006,24.606812,7.545532,-26.684236,4.181969,2.808034,3.991011,-6.624920,-2.074973,-26.551140,-10.460730,-12.494620,12.168040,-8.686715,6.414378,-8.113636,5.825084,5.842245,-42.155665,13.735948,-41.434516,72.978877,10.279417,-11.568004,3.336032,-54.910531,-23.131887,47.589019,60.686695,-0.922607,-8.374695,-0.521408
182.000000,40.916458,1.859235,76.153326,-3.277984,24.157852,7.150784,-26.088229,4.214651,3.185075,4.086252,-6.852324,-2.067336,-26.307971,-10.478885,-12.158564,12.566126,-8.998686,6.136382,-8.059364,5.715409,6.349418,-42.434289,13.658962,-41.713799,72.469379,10.049790,-11.439089,3.499867,-54.993579,-23.247247,48.172809,60.912720,-0.649810,-8.497367,-0.969694
183.000000,40.829781,1.813592,76.133370,-3.110216,23.903259,6.997608,-25.811584,4.180607,3.316567,4.096512,-6.976228,-1.968337,-26.250620,-10.555146,-12.012845,12.870307,-9.239028,6.102987,-8.153659,5.690049,6.607608,-42.764501,13.550888,-42.275343,72.015609,10.036524,-11.269151,3.110932,-55.013407,-23.477250,48.550136,60.903909,-0.175957,-8.424272,-0.903280
184.000000,40.733862,1.788328,76.103592,-3.141464,23.996684,7.065636,-25.960562,4.173475,3.215593,3.986415,-6.906904,-2.029761,-26.377837,-10.549789,-11.995983,12.809614,-9.355315,6.304391,-8.248003,5.775176,6.314293,-42.954561,13.238676,-42.825337,71.947649,10.309547,-11.141097,2.425134,-54.781894,-23.735486,48.854472,60.951966,-0.078779,-8.190210,-0.635195
185.000000,40.649778,1.776717,76.094055,-3.380001,24.284819,7.349786,-26.528644,4.242073,2.899900,4.119326,-6.802223,-2.131250,-26.578580,-10.458521,-12.227708,12.529536,-9.270384,6.534167,-8.432886,6.087412,5.719578,-43.001430,12.690440,-43.555088,72.207216,10.544175,-11.217337,2.042527,-54.415424,-23.887412,49.207510,61.214416,-0.158683,-8.140294,-0.786682
186.000000,40.662387,1.715365,76.102579,-3.499842,24.427345,7.405320,-26.802205,4.382672,2.791936,4.292765,-6.804660,-2.274122,-26.607349,-10.287996,-12.264662,12.263286,-9.116115,6.692889,-8.439243,6.274698,5.176974,-42.951815,12.063438,-44.493208,72.688786,10.825620,-11.326580,1.470539,-53.903969,-23.855370,49.279419,61.579995,-0.221256,-8.062736,-0.770990
187.000000,40.741500,1.600838,76.113975,-3.377970,24.311142,7.083846,-26.520113,4.571793,3.022970,4.295586,-6.908953,-2.330257,-26.441288,-10.078567,-11.966680,12.133280,-9.092451,6.702339,-8.252977,6.090860,4.947720,-42.856988,11.685295,-45.359580,73.002093,11.574208,-11.653139,0.462540,-53.348944,-23.681325,48.778742,61.738217,-0.824836,-8.025384,-0.486962
188.000000,40.772569,1.493580,76.106119,-3.209750,24.115611,6.762360,-26.108238,4.701580,3.335593,4.160278,-7.005349,-2.358591,-26.247695,-9.921362,-11.580139,12.089572,-9.167100,6.569684,-8.120514,5.766422,4.902884,-42.751954,11.510977,-46.214272,73.090100,12.253252,-11.718059,0.578938,-53.100414,-23.595413,49.154402,61.565904,-0.943379,-8.202073,-0.384237
189.000000,40.723485,1.420370,76.075226,-3.164602,24.021649,6.613569,-25.931196,4.812691,3.517245,4.017151,-7.051291,-2.311275,-26.174195,-9.805712,-11.434705,12.025418,-9.270635,6.497669,-8.169664,5.557649,4.906440,-42.609708,11.369971,-46.740327,73.238862,12.437059,-11.755035,1.127492,-52.890246,-23.519914,49.454859,61.255165,-0.820214,-8.350023,-0.816587
190.000000,40.738741,1.354859,76.053542,-3.164533,24.183244,6.474658,-25.859166,4.932809,3.675974,3.605348,-6.889759,-2.320077,-26.201000,-9.690108,-11.438415,11.692844,-9.238118,6.520980,-8.140279,5.343777,4.399680,-42.296974,11.081769,-47.057053,73.806259,12.199841,-11.656132,1.352275,-52.327486,-23.204634,49.655021,61.319171,-0.497718,-8.208064,-1.156264
191.000000,40.874749,1.308753,76.079571,-3.174758,24.385231,6.317837,-25.618689,5.058338,3.831624,2.941701,-6.536404,-2.440118,-26.004605,-9.531027,-11.545702,10.999703,-8.966320,6.815341,-7.998069,5.081277,3.542883,-41.814244,10.575378,-47.325305,74.966100,11.692859,-11.569452,0.972265,-51.168208,-22.596127,49.192248,61.880674,-0.440870,-7.886805,-1.572912
192.000000,41.090316,1.263629,76.150578,-3.155151,24.322777,6.042132,-25.022080,5.266535,4.062023,2.351654,-6.246069,-2.689296,-25.488627,-9.269444,-11.526200,10.327094,-8.629181,7.032851,-7.668652,4.715012,2.717783,-41.261432,10.063446,-47.858432,76.202351,10.907267,-11.228453,0.759003,-49.776913,-21.698683,49.245374,62.960848,0.685301,-7.361709,-2.122364
193.000000,41.308677,1.228145,76.230705,-3.094125,23.966569,5.719323,-24.194127,5.466288,4.344205,2.012095,-6.149073,-2.811754,-24.766471,-9.009518,-11.413780,9.868661,-8.352584,7.226706,-7.331811,4.366898,2.157140,-40.589577,9.756027,-48.013932,76.941200,9.841431,-11.190322,0.236409,-48.458461,-20.701680,49.153955,64.348394,1.908959,-7.027029,-2.646771
194.000000,41.491070,1.191078,76.289344,-2.984823,23.556936,5.393292,-23.390985,5.610207,4.634557,1.821699,-6.212106,-2.753662,-24.125290,-8.839886,-11.310379,9.636671,-8.251768,7.332475,-7.072070,4.036850,1.764660,-39.912501,9.762688,-47.414446,77.040005,8.986851,-11.395758,-0.409686,-47.515946,-19.876112,48.588767,65.414477,1.353584,-6.858017,-2.516778
195.000000,41.602385,1.160354,76.310045,-2.919500,23.246326,5.177119,-22.875886,5.719277,4.819824,1.794806,-6.385023,-2.648415,-23.741927,-8.726598,-11.144646,9.667912,-8.288901,7.326829,-6.951068,3.823379,1.508355,-39.355960,10.043116,-46.649328,76.527345,8.267852,-11.503620,-0.494086,-47.197478,-19.500902,48.703487,65.694877,-0.488491,-7.093461,-2.098845
196.000000,41.649795,1.139206,76.299769,-2.898009,22.987937,5.040447,-22.562285,5.816635,4.870354,1.929865,-6.673803,-2.522243,-23.523301,-8.625928,-10.933522,9.833407,-8.426668,7.156179,-7.081506,3.781522,1.545922,-38.954030,10.610425,-45.820324,75.450812,8.384685,-11.590748,-0.281007,-47.468578,-19.383303,49.058800,65.268031,-2.123844,-7.525607,-1.516685
197.000000,41.589198,1.123463,76.264560,-2.914243,22.778782,5.036987,-22.476761,5.868549,4.794420,2.159217,-6.953734,-2.362114,-23.495472,-8.573664,-10.771703,10.141485,-8.607901,6.852847,-7.416830,3.853430,2.203988,-38.990388,11.462319,-44.868530,74.029012,9.173604,-11.762699,-0.379377,-48.117030,-19.561078,48.189426,64.248051,-3.690525,-8.027313,-0.948740
198.000000,41.425127,1.140158,76.208794,-3.011037,22.728678,5.243423,-22.735651,5.843456,4.559227,2.422277,-7.151596,-2.120222,-23.694840,-8.621559,-10.798312,10.496586,-8.819029,6.521282,-7.927528,3.988393,3.406104,-39.520622,12.450211,-43.960313,72.770509,10.101980,-11.839644,-0.792543,-48.951064,-20.082517,47.161623,62.683993,-4.463378,-8.327950,-0.434206
199.000000,41.222483,1.157929,76.153016,-3.095458,22.946780,5.475175,-23.311876,5.761507,4.337983,2.624638,-7.181755,-2.034707,-24.146911,-8.711204,-10.853597,10.687341,-8.958532,6.211161,-8.371706,3.889855,4.385901,-40.341239,13.282341,-44.025203,72.582453,10.603802,-11.396977,0.102567,-49.860118,-20.447027,47.876836,61.428584,-2.984781,-8.304901,-1.052303
200.000000,41.086444,1.188139,76.114762,-3.138035,23.318920,5.616306,-23.935800,5.655681,4.185175,2.726215,-7.044286,-2.056557,-24.680344,-8.816976,-10.956758,10.731126,-8.994213,6.144019,-8.654635,3.687908,4.779083,-41.191153,13.401929,-44.918609,74.163096,10.721473,-10.916086,0.930600,-50.464699,-20.529597,49.073536,60.936721,-1.264102,-8.133976,-1.483099
201.000000,41.079676,1.246628,76.118523,-3.153892,23.734656,5.642914,-24.366451,5.559984,4.131998,2.615804,-6.765519,-2.151072,-25.124981,-8.897067,-11.014148,10.639837,-8.795492,6.401121,-8.691499,3.611532,4.425295,-41.795437,12.786640,-46.263224,76.960420,10.655269,-10.390115,1.133779,-50.837901,-20.510966,50.921499,61.235433,-0.516184,-7.821728,-1.104929
202.000000,41.205010,1.301671,76.168978,-3.104476,23.970559,5.502289,-24.340071,5.524234,4.352506,2.305110,-6.471003,-2.318008,-25.239994,-8.931130,-11.031338,10.441209,-8.462675,6.852775,-8.422855,3.605671,3.769143,-42.090122,11.977701,-47.492279,79.586409,10.674951,-10.093214,0.367093,-50.990521,-20.502061,52.897578,61.839242,-1.156555,-7.525153,-0.167386
203.000000,41.378435,1.346219,76.229823,-3.034063,23.930048,5.277967,-23.960162,5.550000,4.650091,2.025341,-6.309969,-2.364127,-25.061788,-8.898274,-10.970537,10.333920,-8.218647,7.213844,-7.945384,3.657564,3.231639,-42.226760,11.447429,-48.317380,80.972514,10.712457,-10.076316,-0.366255,-50.881624,-20.493716,54.267793,62.417008,-1.329186,-7.203910,0.329296
204.000000,41.536459,1.369321,76.275289,-2.975137,23.671692,5.074453,-23.449390,5.613870,4.870879,1.950585,-6.344543,-2.305937,-24.776371,-8.855170,-10.911034,10.510711,-8.221408,7.304802,-7.479414,3.758550,2.992835,-42.150562,11.424261,-48.303699,80.846914,9.926338,-10.254590,-0.749107,-50.621664,-20.470548,54.641650,62.748156,-0.487419,-6.976375,0.021162
205.000000,41.638806,1.405112,76.296926,-2.929135,23.362327,5.076097,-23.118845,5.570021,4.922010,2.192388,-6.559219,-2.128121,-24.448503,-8.939160,-10.951924,10.757247,-8.346341,7.346152,-7.337804,3.876327,3.124216,-41.955786,11.912455,-47.253380,79.441862,8.926091,-10.487015,-1.100487,-50.518599,-20.540278,53.987120,62.558242,0.137104,-6.899526,0.009592
206.000000,41.679996,1.433685,76.290911,-2.889875,23.022398,5.229601,-22.937362,5.454899,4.733248,2.632159,-6.857997,-1.873108,-24.107199,-9.075832,-10.964360,11.015982,-8.633366,7.229361,-7.468714,3.979445,3.692179,-41.747424,12.788506,-45.827315,77.241373,8.163350,-10.908107,-1.295986,-50.636430,-20.820959,52.524541,61.834495,-0.582753,-7.088287,0.347620
207.000000,41.654482,1.447371,76.269221,-2.918222,22.802339,5.506617,-22.929857,5.348915,4.475661,2.955400,-7.097981,-1.834860,-23.908719,-9.206114,-11.074962,11.251898,-8.912235,6.922237,-7.645014,4.044283,4.459625,-41.652621,13.771027,-45.357538,74.823520,7.430650,-11.004556,0.860086,-51.090590,-21.458084,52.940793,60.487261,0.004662,-7.449686,-0.579279
208.000000,41.573012,1.466108,76.248670,-2.961431,22.901027,5.807243,-23.188895,5.190444,4.200086,2.965594,-6.957090,-1.811588,-24.026517,-9.375751,-11.313994,11.315535,-9.021184,6.970051,-7.837102,4.221682,5.065943,-41.515386,14.352097,-45.359771,73.167841,6.937509,-11.220890,1.907502,-51.216884,-22.149819,53.203530,59.376214,0.282173,-7.868135,-1.286713
209.000000,41.505700,1.479561,76.244724,-3.046103,23.343056,6.076503,-23.710633,5.068409,4.045139,2.727381,-6.531008,-1.980845,-24.403491,-9.500997,-11.650811,11.083086,-8.862742,7.214454,-7.838523,4.399951,4.963431,-41.358937,14.440560,-47.075894,72.714870,6.385636,-11.129341,2.757797,-51.328711,-22.666485,55.423686,59.128149,1.298247,-7.843947,-1.760873
210.000000,41.517276,1.493215,76.269901,-3.141428,23.925542,6.271988,-24.288250,4.991080,3.983705,2.427720,-5.982990,-2.283033,-24.849027,-9.574861,-11.962466,10.737026,-8.454301,7.649023,-7.638951,4.661688,4.272292,-41.226291,14.005402,-49.887770,73.314185,6.506410,-11.349015,1.537888,-51.330108,-22.893575,57.817005,59.913231,1.057239,-7.696252,-1.464093
211.000000,41.629013,1.492581,76.311994,-3.164153,24.341787,6.260753,-24.544252,4.983683,4.090471,2.127139,-5.555789,-2.502080,-25.100216,-9.565934,-12.052775,10.410911,-8.041555,7.986064,-7.218547,4.830957,3.422230,-41.155165,13.426152,-53.250252,74.131813,8.038707,-11.856486,-0.015635,-51.108472,-22.678144,59.756260,61.536787,0.411958,-7.573824,-1.256752
212.000000,41.786915,1.468825,76.356125,-3.158131,24.472870,6.108306,-24.442163,5.090722,4.323772,1.924570,-5.422467,-2.598056,-25.116593,-9.461302,-12.008014,10.270132,-7.827049,8.036691,-6.797631,4.842011,2.838729,-41.123237,13.018064,-55.915091,74.593179,10.350812,-12.479457,-1.427465,-50.756628,-21.999764,60.453082,63.607673,0.579879,-7.305984,-1.374589
213.000000,41.904142,1.419517,76.380140,-3.163093,24.411272,6.017481,-24.283185,5.207805,4.399577,1.976395,-5.426635,-2.537375,-25.018715,-9.347028,-11.948771,10.343445,-7.840903,7.774125,-6.619613,4.707137,2.650056,-41.068531,13.007100,-56.613997,74.294126,12.525793,-12.929521,-2.291100,-50.592410,-21.114425,59.479070,65.431122,1.108631,-7.046580,-1.523781
214.000000,41.934341,1.372268,76.347822,-3.179573,24.309324,6.065305,-24.299663,5.252954,4.310202,2.270317,-5.732521,-2.368929,-24.939823,-9.302912,-11.888865,10.496681,-8.096919,7.437631,-6.756133,4.483485,2.925473,-40.924171,13.416276,-55.218722,73.247160,13.687079,-13.099800,-2.238763,-50.756806,-20.676564,57.486957,65.948605,1.166917,-7.021095,-1.669732
215.000000,41.866872,1.322892,76.280415,-3.195019,24.200459,6.161716,-24.461896,5.270358,4.116937,2.706911,-6.197040,-2.102362,-24.924002,-9.291623,-11.826874,10.676675,-8.474578,7.055406,-7.003690,4.184316,3.716288,-40.721212,14.093114,-52.728357,71.552952,13.279097,-13.036692,-1.721555,-51.011606,-20.919526,55.170440,64.839553,0.334691,-7.420114,-1.802742
216.000000,41.722834,1.297757,76.221478,-3.286721,24.141679,6.363670,-24.765033,5.273114,3.844158,3.135158,-6.545705,-1.831499,-25.039666,-9.288671,-11.837316,10.921293,-8.748426,6.591740,-7.303812,3.949283,4.873606,-40.451515,14.854161,-50.269499,69.343994,11.782131,-12.862399,-0.978922,-51.177747,-21.663308,53.490309,62.496470,0.024273,-7.701515,-2.095655
217.000000,41.528016,1.323731,76.173747,-3.551743,24.246463,6.831431,-25.380573,5.252347,3.422970,3.557271,-6.734021,-1.738256,-25.289764,-9.309118,-12.073019,11.095738,-8.963513,6.170702,-7.819203,3.919201,5.832233,-40.171088,15.145555,-48.828992,67.984684,9.646619,-12.596163,0.274471,-51.230254,-22.195058,53.142519,60.731037,0.712867,-7.825709,-2.708958
218.000000,41.474155,1.348193,76.154304,-3.772177,24.566594,7.263573,-25.923826,5.172679,3.028759,3.592319,-6.556959,-1.826900,-25.454254,-9.355015,-12.455350,10.834814,-8.959296,6.112557,-8.396706,3.927481,5.848055,-39.914119,14.542759,-49.161099,69.285644,8.524755,-12.259139,1.264162,-51.065329,-21.973180,53.929210,60.953120,0.975661,-7.573974,-3.090059
219.000000,41.692686,1.282819,76.187176,-3.751063,24.785921,7.137661,-25.620265,5.280630,3.169363,2.893889,-6.168134,-2.113785,-25.304220,-9.211186,-12.513767,10.318161,-8.715752,6.325528,-8.470750,3.695891,5.067132,-39.545334,13.345162,-51.040655,72.661868,9.405915,-11.847586,0.915841,-50.377095,-20.963239,55.374246,62.954209,0.446008,-7.016634,-3.016387
220.000000,41.881642,1.317816,76.275790,-3.759779,24.589794,6.978262,-24.970004,5.404855,3.462860,2.396815,-5.891071,-2.342940,-24.807671,-9.083025,-12.594106,9.967814,-8.392725,6.711957,-8.248581,3.608541,4.627595,-39.495784,11.900792,-53.599151,76.208307,11.116081,-11.225887,0.114560,-49.563739,-19.888334,57.500234,65.312161,1.648516,-6.314858,-3.493659
221.000000,42.089650,1.304946,76.372212,-3.575495,24.172076,6.486128,-24.092434,5.566610,3.951648,2.190997,-5.825445,-2.429026,-24.264756,-8.932687,-12.391534,9.934029,-8.192949,7.099863,-7.773441,3.430102,4.440348,-39.182483,10.707454,-54.761346,78.631419,11.912553,-11.344214,-1.184559,-48.384923,-18.841958,57.723206,67.397814,3.264712,-6.096088,-4.298029
222.000000,42.241913,1.273659,76.440096,-3.296592,23.700640,5.938064,-23.274472,5.654597,4.457299,2.203748,-5.875922,-2.429935,-23.831408,-8.867151,-12.043875,10.141934,-8.153228,7.281222,-7.211949,3.207520,4.684565,-38.631543,10.273268,-54.240735,78.936004,10.284078,-11.465155,-1.170702,-47.231287,-18.353383,56.890954,68.054775,5.393703,-6.170921,-4.904415
223.000000,42.278522,1.256072,76.448953,-3.095574,23.248212,5.576068,-22.690788,5.699409,4.726052,2.357113,-6.183920,-2.365717,-23.491734,-8.838506,-11.689982,10.404438,-8.374747,7.140084,-6.969327,3.156916,5.429903,-37.920818,10.743308,-52.405180,76.984544,6.868697,-11.243306,0.407427,-46.716216,-18.475076,57.369573,66.796819,7.771643,-6.248236,-5.470502
224.000000,42.204037,1.263848,76.395696,-3.012299,22.924013,5.457663,-22.481938,5.689602,4.667447,2.654180,-6.684658,-2.154149,-23.321621,-8.854487,-11.471608,10.657971,-8.675643,6.939472,-7.019433,3.437434,6.454935,-36.987899,11.435618,-49.848947,73.764376,3.401816,-11.409303,0.922120,-46.814499,-19.306247,57.146967,64.419407,6.355169,-6.611494,-4.175791
225.000000,42.024609,1.289222,76.320523,-3.010638,22.830870,5.484908,-22.698462,5.634587,4.430624,3.026714,-7.108776,-1.857119,-23.544869,-8.920714,-11.296352,11.053912,-8.928585,6.636581,-7.217831,3.958203,7.714149,-36.393461,12.189325,-48.446020,69.980650,1.665969,-11.661724,2.358620,-47.463821,-20.422699,57.054674,61.583629,2.647189,-7.558109,-3.090182
226.000000,41.809300,1.316821,76.232928,-3.055079,23.082040,5.651192,-23.407528,5.530982,4.252782,3.474666,-7.397918,-1.642392,-24.213157,-9.049952,-11.202373,11.552285,-9.179843,6.354899,-7.395606,4.618637,8.555463,-36.212615,12.598438,-48.249132,67.105632,2.457032,-11.922893,2.470985,-47.988530,-21.168192,56.517920,59.610251,-1.445719,-8.406459,-1.852790
227.000000,41.693619,1.312225,76.154417,-3.057181,23.634018,5.778061,-24.251567,5.407466,4.149222,3.683121,-7.420684,-1.639578,-25.038041,-9.201044,-11.201818,11.836601,-9.419972,6.046009,-7.391686,5.000501,8.613986,-36.735701,12.411972,-49.447417,66.899463,5.110096,-12.013991,1.807118,-47.945302,-20.774960,55.674624,60.122624,-3.401918,-8.529480,-1.792317
228.000000,41.736713,1.306070,76.130444,-3.056553,24.098712,5.864038,-24.734070,5.316393,4.049801,3.605467,-7.215139,-1.750537,-25.504461,-9.299381,-11.269839,11.828082,-9.454624,5.967405,-7.236447,5.036787,8.030855,-37.462573,11.568748,-51.796753,69.348010,8.344779,-11.986342,0.253315,-47.461103,-19.584386,55.739196,62.969823,-2.552711,-7.761407,-2.679484
229.000000,41.915724,1.331781,76.191050,-3.043456,24.247385,5.860238,-24.642003,5.278924,4.100549,3.362069,-6.935806,-1.946754,-25.513244,-9.350031,-11.359744,11.794988,-9.305286,6.326318,-6.930030,4.989961,7.219779,-37.931783,10.195751,-54.165552,73.128424,11.422323,-11.535287,-1.248275,-46.454954,-18.303333,55.722681,66.372944,-0.185624,-6.702529,-3.873663
230.000000,42.121372,1.350009,76.298147,-3.032470,24.110817,5.719727,-24.247062,5.375584,4.398954,3.257723,-6.701486,-2.177851,-25.268722,-9.292244,-11.449651,11.885446,-9.097033,6.784537,-6.558451,4.984696,6.698363,-37.859496,8.919279,-55.386803,76.218730,12.142919,-11.129882,-1.440136,-45.050586,-17.202421,55.219484,69.070145,4.332262,-6.113776,-6.154727
231.000000,42.305905,1.330488,76.415402,-2.895342,23.776456,5.418941,-23.658052,5.470961,4.836216,3.285909,-6.501584,-2.334677,-24.842651,-9.224248,-11.373359,11.936986,-8.915938,7.103115,-6.421763,5.031859,6.720222,-37.391679,8.375767,-55.253966,77.532756,9.905621,-10.893376,-0.253468,-43.791997,-16.539967,55.393080,70.212009,9.841619,-6.131615,-8.702662
232.000000,42.444566,1.311184,76.503402,-2.718561,23.240246,5.150627,-22.845924,5.502157,5.142395,3.254728,-6.430413,-2.399108,-24.202540,-9.195177,-11.235359,11.974831,-8.907318,7.250911,-6.320222,5.005342,7.147943,-36.714067,8.584370,-54.549302,76.875603,5.995699,-10.965121,1.243227,-42.622211,-16.783231,55.338630,69.334234,13.990742,-6.536763,-9.931547
233.000000,42.441660,1.306031,76.513875,-2.592473,22.838259,5.078640,-22.367155,5.429534,5.101070,3.256476,-6.495489,-2.306376,-23.760737,-9.252692,-11.152920,11.979087,-9.057034,7.221973,-6.315894,5.043752,7.970539,-36.174417,9.527850,-53.306249,74.237217,2.652767,-11.474691,2.276590,-41.981478,-17.865622,55.125989,66.865394,14.384423,-7.094934,-9.784761
234.000000,42.284554,1.305997,76.450855,-2.568251,22.788107,5.170962,-22.485504,5.324798,4.862512,3.304867,-6.704021,-2.155828,-23.840557,-9.322412,-11.080294,12.031661,-9.167637,6.903174,-6.542356,5.274631,9.083236,-35.874797,11.033442,-52.250517,70.056759,1.474321,-11.994843,2.439986,-42.531383,-19.293865,55.831370,63.691309,12.114037,-7.461574,-8.497756
235.000000,41.996294,1.307346,76.342827,-2.639035,23.049605,5.361722,-23.154276,5.241784,4.555581,3.485854,-6.920365,-1.806141,-24.543272,-9.409234,-10.958218,12.457286,-9.353190,6.398443,-7.003559,5.791692,10.200869,-35.839645,12.669625,-51.615470,65.397470,2.311237,-12.703451,2.250366,-43.865418,-20.501786,55.817047,61.069678,7.006746,-7.943612,-6.002372
236.000000,41.704914,1.297266,76.215595,-2.775955,23.642871,5.588373,-24.207364,5.192628,4.302153,3.675829,-7.099147,-1.612545,-25.661974,-9.506945,-10.930076,13.002524,-9.586237,5.879873,-7.436634,6.489937,10.905979,-36.154234,14.046124,-51.451436,61.465282,4.587924,-13.149035,1.792808,-45.149500,-20.930158,54.937424,59.936440,1.700489,-8.490668,-4.082232
237.000000,41.560623,1.259825,76.109320,-2.950866,24.318131,5.835590,-25.126584,5.207197,4.105861,3.607623,-7.061979,-1.604027,-26.588873,-9.493558,-10.979738,13.198279,-9.846225,5.289565,-7.574435,6.867080,11.067464,-36.915653,14.570235,-52.131614,60.305420,6.678118,-13.261905,1.055124,-45.665613,-20.301279,53.705125,61.178783,-0.723380,-8.219110,-3.503884
238.000000,41.605586,1.246516,76.086426,-3.050717,24.590599,6.016698,-25.313236,5.200012,3.941595,3.309945,-6.864517,-1.715620,-26.827492,-9.490916,-11.060415,13.202606,-9.925728,5.099088,-7.412336,6.691653,10.919779,-37.929885,13.688456,-54.181155,63.808775,8.456817,-13.009097,1.659716,-45.220835,-19.003905,53.923790,64.660807,1.500495,-7.639664,-6.832219
239.000000,41.763261,1.264280,76.197213,-2.979802,24.424139,5.950386,-24.826430,5.173378,4.108783,2.970621,-6.409437,-1.965662,-26.491392,-9.532127,-11.171871,13.127243,-9.712358,5.525788,-7.121800,6.354309,10.692606,-38.705278,11.677859,-56.754115,70.273146,9.381775,-11.738426,2.216674,-44.507364,-17.874426,55.888218,68.461657,6.306645,-6.536605,-9.597124
240.000000,41.909632,1.290306,76.375759,-2.864943,24.202960,5.788366,-24.427629,5.157413,4.491323,2.941779,-5.801674,-2.439328,-26.161453,-9.561931,-11.296774,13.087658,-9.245725,6.299701,-6.821003,6.204028,10.280644,-39.007566,9.220427,-58.674699,76.938345,8.266517,-10.043268,2.878862,-43.514944,-17.376935,58.125415,70.773887,12.021922,-5.894538,-11.021402
241.000000,42.050591,1.305201,76.545125,-2.742738,23.946600,5.658464,-24.114529,5.136443,4.781973,3.135565,-5.342885,-2.920401,-25.784625,-9.598235,-11.346897,13.040776,-8.808831,6.988623,-6.533896,6.334198,9.973954,-38.839925,7.059937,-58.748691,81.349349,4.272479,-9.069259,4.286256,-42.479347,-17.884632,59.324783,70.979285,15.458808,-6.158981,-12.300955
242.000000,42.126480,1.316920,76.629353,-2.634597,23.721396,5.633889,-23.914893,5.057044,4.785567,3.375276,-5.177828,-3.120293,-25.419435,-9.673860,-11.288231,12.920971,-8.550991,7.431438,-6.455463,6.561789,9.961795,-38.582735,6.016187,-56.421071,82.209953,-0.480151,-9.158554,5.902182,-41.783740,-19.096688,59.162436,69.019068,16.030795,-6.686696,-11.523926
243.000000,42.098084,1.317268,76.574534,-2.616291,23.588071,5.754419,-23.894399,4.965705,4.473699,3.578925,-5.517931,-3.031130,-25.180351,-9.724592,-11.272818,12.784203,-8.725045,7.403003,-6.690905,6.976159,10.332136,-38.288842,6.194728,-52.988874,79.684218,-4.015592,-9.848661,4.885318,-41.922933,-20.452038,57.943602,66.209368,13.020575,-7.102205,-9.245958
244.000000,42.006797,1.315500,76.379251,-2.775200,23.611819,6.019307,-24.163932,4.980957,4.140079,3.863626,-6.472123,-2.605016,-25.220953,-9.712519,-11.389508,12.865049,-9.418239,6.701608,-7.259425,7.623073,10.800005,-37.938593,7.245052,-49.655977,74.838991,-3.964979,-10.578853,3.468177,-42.716017,-21.311594,55.724392,63.688666,7.298632,-7.653874,-6.712064
245.000000,41.909620,1.288578,76.157010,-2.946582,23.800141,6.169104,-24.554906,5.073102,3.889388,4.057418,-7.388811,-1.849380,-25.541480,-9.625703,-11.361888,13.055698,-10.160976,5.724820,-7.875484,8.213746,11.197350,-37.663736,8.707368,-47.409911,69.385918,-1.136384,-11.325671,3.506707,-43.697464,-21.312174,52.724600,62.431057,1.508781,-8.209699,-5.129122
246.000000,41.845211,1.261972,76.044148,-3.110249,24.148604,6.207191,-24.943564,5.214474,3.811965,3.937626,-7.681811,-1.492618,-26.003295,-9.464174,-11.233758,13.099501,-10.367690,5.034319,-8.382823,8.236132,11.379212,-37.696463,10.254355,-46.856693,65.729909,3.088033,-12.082690,4.142347,-44.537877,-20.475504,50.730779,63.203497,-0.486137,-8.321283,-5.242627
247.000000,41.857865,1.228706,76.079494,-3.152244,24.587567,6.173100,-25.216176,5.258742,3.869717,3.483869,-7.152038,-1.747521,-26.456710,-9.390801,-11.185826,12.958500,-10.075474,5.130751,-8.447020,7.833697,11.051012,-38.115908,11.227116,-48.349598,65.157245,7.503315,-12.421292,4.362575,-44.142287,-19.591537,49.917765,64.547186,1.663223,-7.840547,-7.751389
248.000000,41.941455,1.212482,76.198167,-2.978133,24.943261,5.836080,-25.301947,5.250964,4.237792,3.110582,-6.390872,-2.339677,-26.835945,-9.415630,-11.085151,12.823859,-9.477985,5.809392,-7.911309,7.428156,10.313527,-38.468056,10.924053,-50.073278,66.875468,9.666336,-12.173124,4.217227,-42.752568,-18.467430,49.514620,66.440692,6.688466,-7.395007,-11.202157
249.000000,42.076123,1.211028,76.324558,-2.686503,24.842681,5.254864,-25.021293,5.304726,4.810447,3.279812,-6.143847,-2.540413,-26.759648,-9.366634,-10.744936,12.774890,-9.012141,6.369562,-7.054385,7.365306,9.769646,-38.502394,9.429098,-51.313333,69.736730,8.259989,-11.613030,4.338614,-41.333484,-17.655614,49.069677,68.483144,12.158731,-7.348099,-12.857190
250.000000,42.169484,1.215004,76.412857,-2.457057,24.474855,4.788131,-24.603817,5.371284,5.320509,3.676333,-6.210151,-2.601398,-26.492429,-9.321491,-10.374530,12.957741,-8.805666,6.656416,-6.435306,7.414462,9.833971,-38.664004,7.959158,-52.047845,72.353690,5.619656,-11.365878,5.030852,-40.874939,-17.546097,49.724682,69.931527,14.701367,-7.436322,-12.536955
251.000000,42.167208,1.221843,76.414090,-2.305558,24.272825,4.581866,-24.418215,5.332827,5.533189,3.890616,-6.370972,-2.483875,-26.439022,-9.371468,-10.115912,13.215214,-8.906930,6.705280,-6.385808,7.456226,10.205740,-38.858087,7.333626,-51.950900,73.348677,3.906798,-11.345121,4.889403,-41.307512,-18.002451,51.474102,69.997964,12.579277,-7.658887,-11.305287
252.000000,42.110461,1.232195,76.322156,-2.312221,24.341125,4.690460,-24.634454,5.256059,5.391947,4.082771,-6.807689,-2.316308,-26.660904,-9.454757,-10.049088,13.497594,-9.294583,6.453979,-7.005346,7.608704,10.734499,-38.894072,7.743549,-50.724670,72.429682,4.772669,-11.320476,4.828259,-42.306250,-18.559337,52.638004,68.984781,7.296352,-8.147051,-10.212609
253.000000,42.004055,1.229454,76.183283,-2.488351,24.463450,5.072643,-25.112294,5.219230,4.960319,4.420364,-7.318290,-1.976249,-26.923294,-9.531226,-10.270124,13.811565,-9.889461,5.947909,-7.831548,8.046561,11.134179,-38.664810,8.508934,-49.523134,70.497026,5.919100,-11.564788,5.068363,-42.930556,-19.108091,51.750468,67.569784,2.561832,-8.614677,-9.578341
254.000000,41.934726,1.248697,76.105958,-2.677336,24.702676,5.441957,-25.514879,5.156927,4.554005,4.380617,-7.418557,-1.778894,-27.205506,-9.596184,-10.509942,13.922690,-10.215426,5.587394,-8.589242,8.425165,11.427209,-38.446838,9.219993,-48.996447,69.173731,6.616756,-11.638005,5.362641,-43.111649,-19.406722,50.586065,66.606932,1.314363,-8.691950,-9.511692
255.000000,41.914240,1.277874,76.131684,-2.757787,24.984504,5.655008,-25.804610,5.061784,4.450782,4.131120,-7.009422,-1.915208,-27.463938,-9.677389,-10.677038,13.838730,-10.067304,5.722702,-8.985104,8.618161,11.423420,-38.372580,9.497788,-49.725273,69.284681,6.282657,-11.451604,5.436575,-42.706151,-19.712694,50.536983,65.968276,3.655167,-8.549856,-10.497731
256.000000,41.937378,1.299836,76.233059,-2.693821,25.212049,5.563380,-25.842586,4.994353,4.589286,3.716921,-6.326020,-2.339064,-27.674465,-9.727658,-10.689792,13.684285,-9.561788,6.243719,-8.824126,8.854932,11.096086,-38.399412,9.152655,-51.244611,70.493221,5.381742,-11.214090,5.219963,-41.825705,-20.046824,50.808169,65.772604,6.898247,-8.443009,-11.694520
257.000000,41.955897,1.308991,76.334518,-2.522859,25.289812,5.222652,-25.732920,4.997589,4.963189,3.487041,-5.815199,-2.704880,-27.835548,-9.720476,-10.444298,13.632282,-9.018263,6.796833,-8.388979,9.129193,10.915671,-38.680444,8.586923,-53.031720,71.780965,4.856964,-10.994214,4.293836,-41.349125,-20.392001,51.187763,66.044378,8.610295,-8.359575,-12.152502
258.000000,41.974828,1.319206,76.377857,-2.306837,25.196162,4.810944,-25.534032,5.001206,5.313816,3.548361,-5.788714,-2.790364,-27.808859,-9.703027,-10.118276,13.586989,-8.742593,7.080100,-7.939446,9.339939,10.938510,-39.043223,8.200232,-54.587828,72.439552,4.673743,-11.137909,3.732277,-41.659048,-20.653515,52.014011,66.854131,8.544939,-8.275593,-11.496720
259.000000,41.962761,1.329658,76.326418,-2.154255,25.065692,4.567286,-25.410790,4.974417,5.465449,3.754954,-6.196835,-2.617440,-27.769049,-9.732125,-9.906531,13.686063,-8.915304,6.964367,-7.669845,9.443928,10.844179,-39.393577,8.187293,-55.600445,72.386850,5.837004,-11.466893,3.282002,-42.186537,-20.707170,52.661868,67.842623,7.100770,-8.220210,-10.781279
260.000000,41.922444,1.328154,76.225227,-2.085891,25.022681,4.501305,-25.417019,4.941881,5.474463,3.879738,-6.662496,-2.253022,-27.858562,-9.791058,-9.818223,13.908198,-9.442950,6.513895,-7.738867,9.429892,10.790251,-39.730835,8.663907,-55.686208,71.757728,7.882825,-11.738699,2.891184,-42.879484,-20.434529,52.623080,68.844311,5.536742,-8.222113,-10.498737
261.000000,41.887501,1.350543,76.163864,-2.199323,25.030982,4.681744,-25.496417,4.928637,5.247712,3.882510,-6.926284,-2.029508,-27.927260,-9.824022,-9.955205,14.108872,-9.831978,6.094784,-8.105985,9.470062,10.878062,-40.076101,9.397504,-54.807224,71.007562,9.717142,-11.888934,2.808403,-43.508875,-20.093592,51.846863,69.404332,5.198472,-8.246899,-10.468028
262.000000,41.839418,1.368052,76.160091,-2.248913,25.040756,4.841022,-25.625765,4.865177,5.066109,3.964084,-6.913525,-2.065233,-27.988537,-9.884031,-10.019155,14.213118,-9.869453,6.061062,-8.324218,9.403217,10.856166,-40.206923,9.846783,-53.460485,70.459965,9.907337,-11.833279,3.280958,-43.538071,-19.949617,50.235017,69.170371,6.134017,-8.262999,-10.792923
263.000000,41.813228,1.384205,76.203352,-2.253778,25.008300,4.885092,-25.671380,4.836014,5.045380,4.060209,-6.787776,-2.200017,-27.955551,-9.911983,-10.059273,14.181423,-9.678882,6.231740,-8.353111,9.350287,10.834866,-40.018201,9.911811,-51.737030,70.123346,8.016312,-11.473370,4.548575,-43.215843,-20.080432,48.717380,68.234327,7.845284,-8.224109,-11.314498
264.000000,41.774285,1.386403,76.235831,-2.236194,24.970800,4.804044,-25.626609,4.873203,5.167054,4.014626,-6.641788,-2.294232,-27.910286,-9.874445,-10.053916,14.047031,-9.453768,6.420781,-8.221367,9.296465,10.771497,-39.769944,9.706047,-50.252936,70.019384,5.069062,-11.232118,5.688108,-42.895145,-20.428083,48.177730,67.067711,8.768711,-8.318454,-11.421744
265.000000,41.729036,1.390222,76.244533,-2.150326,24.863004,4.530985,-25.413148,4.935934,5.371489,3.904038,-6.635860,-2.222945,-27.857579,-9.785990,-9.848662,13.953596,-9.320667,6.526259,-7.983439,9.150548,10.766990,-39.675124,9.508527,-49.382237,70.152019,2.389993,-10.987900,5.557670,-42.942188,-20.728195,48.741712,66.320399,8.453419,-8.206373,-10.891326
266.000000,41.676679,1.404244,76.221174,-2.098365,24.785136,4.301119,-25.275375,5.005320,5.539724,3.842397,-6.743078,-2.077278,-27.905103,-9.710214,-9.646852,14.006762,-9.356612,6.514418,-7.847443,8.952772,10.712590,-39.786511,9.519068,-49.349111,70.316736,1.818790,-10.756375,5.324976,-43.266315,-20.794516,49.958596,66.123000,7.370077,-8.089334,-10.566385
267.000000,41.639110,1.418501,76.201832,-2.070543,24.761627,4.176263,-25.237810,5.033113,5.610498,3.830136,-6.869354,-1.958717,-27.974679,-9.677830,-9.517622,14.074378,-9.430869,6.432817,-7.866713,8.737851,10.627333,-39.965684,9.708276,-49.797270,70.329932,3.153459,-10.722741,5.198886,-43.648146,-20.580004,51.246373,66.287252,6.453945,-8.022879,-10.349332
268.000000,41.605175,1.427987,76.200336,-2.059653,24.656484,4.113662,-25.161778,5.052690,5.590828,3.887411,-6.956169,-1.883554,-27.880984,-9.658395,-9.509434,14.046480,-9.451696,6.341991,-8.077509,8.499506,10.742474,-40.158924,10.026369,-50.582571,70.416081,4.946466,-10.784571,5.179266,-44.039219,-20.134088,52.486616,66.651636,6.469635,-7.921368,-10.255730
269.000000,41.577122,1.421903,76.223230,-1.987614,24.476258,4.086021,-25.064786,5.009000,5.585914,4.073498,-6.965766,-1.897021,-27.642278,-9.720994,-9.588985,13.956049,-9.445685,6.357734,-8.030473,8.068878,10.784530,-40.261124,10.046669,-51.509786,70.807417,5.588144,-10.706201,4.887242,-44.053962,-19.804340,53.162675,66.884211,6.895074,-7.695803,-10.179269
270.000000,41.572329,1.401801,76.245058,-1.881862,24.413297,4.069701,-25.103235,4.922786,5.546704,4.306156,-6.920820,-1.978274,-27.493531,-9.820487,-9.690743,13.822600,-9.414528,6.475159,-7.909885,7.529046,10.434016,-40.061679,9.876763,-52.335249,71.416253,5.275841,-10.662027,4.479793,-43.774655,-19.512732,53.876450,66.925137,7.248451,-7.539524,-10.029691
271.000000,41.581950,1.357659,76.262194,-1.739333,24.443425,3.988912,-25.151637,4.848438,5.630005,4.392372,-6.808586,-2.117767,-27.453160,-9.916525,-9.769833,13.663044,-9.315500,6.667863,-7.633955,6.815540,9.889355,-39.794168,9.738999,-53.191836,71.983992,4.789879,-10.673792,4.066861,-43.344428,-19.260411,54.603408,66.787605,7.824703,-7.467570,-9.859189
272.000000,41.634369,1.298440,76.284391,-1.584824,24.521075,3.752790,-25.148258,4.863101,5.783387,4.414058,-6.719833,-2.190445,-27.360403,-9.904825,-9.788313,13.295426,-9.175421,6.942734,-7.124760,5.804539,9.062869,-39.481912,9.624184,-53.960485,72.625729,4.664177,-10.666919,3.184278,-42.661754,-18.948803,55.098764,66.477405,8.008651,-7.360590,-9.374656
273.000000,41.713661,1.191071,76.303387,-1.490799,24.622163,3.509103,-25.194048,4.996615,5.897744,4.508569,-6.656461,-2.282854,-27.227467,-9.740132,-9.704738,12.802029,-9.031699,7.092518,-6.567648,4.486577,8.077255,-39.152635,9.829654,-54.672823,73.003767,5.025285,-10.775121,2.033131,-41.830411,-18.490948,55.556738,66.035491,7.772494,-7.345857,-9.192002
274.000000,41.845900,1.033842,76.325452,-1.463977,24.571246,3.286924,-25.072859,5.255422,5.948544,4.698337,-6.722539,-2.279174,-26.964275,-9.475165,-9.651108,12.485926,-8.959111,7.067432,-6.002725,2.763319,7.172069,-38.804402,10.282589,-54.925239,73.142768,5.673702,-10.942062,1.106678,-40.965180,-17.810394,55.974162,65.523350,7.404787,-7.435036,-8.986293
275.000000,41.989717,0.857663,76.336402,-1.541200,24.285596,3.171986,-24.774168,5.609749,5.929864,5.043678,-7.023306,-2.287070,-26.549657,-9.128147,-9.605666,12.476785,-9.104343,6.877576,-5.514492,0.824831,6.573655,-38.505666,10.836917,-54.430782,73.144414,6.344639,-11.078708,0.792290,-40.211612,-17.134556,56.060089,64.824130,6.534099,-7.638677,-8.723162
276.000000,42.078665,0.671030,76.338130,-1.765713,23.806267,3.249820,-24.419798,6.046457,5.853280,5.528143,-7.467798,-2.172752,-26.031299,-8.714760,-9.635267,12.698508,-9.369534,6.598375,-4.973554,-1.244279,6.448803,-38.475477,11.290691,-53.050814,73.324301,6.552995,-10.884636,0.808769,-39.605258,-16.668634,55.745644,63.759563,5.590101,-7.715247,-8.010234
277.000000,42.077133,0.469485,76.325822,-2.055677,23.389107,3.454894,-24.203793,6.493272,5.781908,5.938738,-7.861559,-2.073654,-25.619495,-8.275679,-9.637855,12.879794,-9.567916,6.479259,-4.210096,-3.286932,6.715157,-39.004133,11.363948,-50.841999,74.017770,6.732152,-10.435641,1.262782,-39.380682,-16.434031,55.388487,62.844591,4.829612,-7.891200,-7.402096
278.000000,41.971749,0.291888,76.292127,-2.393927,22.991528,3.779819,-24.064782,6.894657,5.602057,6.192912,-8.194954,-2.066990,-25.106865,-7.864679,-9.710406,12.718975,-9.698279,6.570799,-3.215663,-5.055754,7.257692,-40.052789,10.828035,-48.422449,75.458707,6.847445,-9.859060,2.049733,-39.469054,-16.540124,55.287670,62.297274,4.194470,-8.061239,-6.791241
279.000000,41.704771,0.148488,76.252711,-2.933420,22.734817,4.061550,-24.217021,7.512669,5.321950,6.398090,-8.480155,-1.872081,-25.122715,-7.283039,-9.802974,12.949894,-9.867477,6.466696,-1.786945,-6.351130,8.531325,-41.892532,10.502389,-47.428151,76.735167,5.174781,-9.569294,2.173217,-40.071709,-16.711743,54.857511,62.255754,3.063652,-8.055101,-6.649402
280.000000,41.397312,-0.012435,76.266497,-3.550353,22.062723,4.619943,-24.060994,8.098375,4.673321,6.634141,-8.672811,-2.060850,-24.496072,-6.719087,-10.280573,12.956414,-10.049106,6.131529,-0.132818,-7.093253,10.416640,-44.004108,10.005881,-47.308038,77.686517,3.897734,-8.993970,2.196604,-41.095636,-17.230735,55.757269,62.448864,3.635803,-7.417813,-6.679491
281.000000,41.247860,0.092753,76.177287,-3.957373,22.706255,5.826463,-25.421353,7.684537,3.706942,6.997008,-8.403025,-2.222430,-24.841261,-7.084638,-11.128376,12.481615,-9.634617,6.543846,0.504329,-7.213425,10.777804,-45.495453,9.046057,-46.730491,78.023785,4.476887,-8.865656,2.171524,-42.360929,-18.116532,56.701922,62.941477,4.030537,-7.788535,-6.169738
282.000000,40.797549,-0.045006,76.229227,-4.734745,22.418171,6.840208,-25.775040,8.063290,2.643825,6.645250,-8.054422,-2.703588,-24.560616,-6.668768,-12.208041,12.148611,-9.728501,5.979097,1.402526,-6.489682,12.350772,-47.060287,9.178968,-47.900113,76.672712,3.703903,-9.274880,1.756848,-44.403272,-18.530701,56.979999,64.474315,1.712287,-7.092051,-6.321653
283.000000,40.743428,0.190738,76.119560,-5.182579,23.631818,8.295309,-27.454157,7.298792,1.670062,6.336571,-7.316884,-2.817622,-25.209240,-7.291065,-13.237300,11.173868,-9.010243,6.582364,1.254425,-5.668367,11.725441,-47.525074,8.784058,-47.385974,75.288506,4.935711,-9.482803,2.227652,-45.647944,-19.271029,57.048523,65.240983,1.765800,-7.727818,-6.216810
284.000000,40.547478,0.179563,76.214582,-5.633344,22.967925,8.640075,-26.480881,7.681909,1.198264,5.071431,-6.874360,-3.026998,-24.250928,-6.833389,-13.825555,10.479194,-8.958017,5.966069,1.845899,-4.327741,13.120904,-48.004660,9.617935,-48.755144,73.232195,4.479454,-10.160674,1.716097,-46.933508,-19.399602,55.443323,65.877591,2.482188,-7.023183,-7.193139
285.000000,40.467501,0.303661,76.238567,-5.873187,22.764919,9.003507,-26.072966,7.654975,0.951832,4.283930,-6.392946,-3.070822,-23.968584,-6.836223,-14.153503,10.347507,-8.785559,5.919356,2.013690,-3.211695,13.897813,-48.492455,10.307971,-49.309038,72.267650,4.687268,-10.377511,0.490510,-47.823263,-19.443757,52.902732,65.717526,2.795473,-6.934463,-7.587901
286.000000,40.359843,0.421716,76.263535,-5.931203,22.551469,9.214508,-25.898081,7.506203,0.753746,4.083655,-6.203314,-3.081780,-23.947053,-6.994251,-14.226364,10.681607,-8.771378,5.794697,1.869558,-2.353149,14.777188,-49.217872,10.993992,-49.572516,72.258251,5.072841,-10.189654,-0.247845,-48.829979,-19.633404,51.271539,64.392640,4.584676,-6.910455,-7.593946
287.000000,40.268007,0.514346,76.274258,-5.863215,22.353411,9.217853,-25.704654,7.381608,0.842093,4.021319,-6.176681,-3.075373,-23.996690,-7.181031,-14.251862,11.130439,-8.882314,5.677135,1.485787,-1.633946,15.419405,-49.532023,11.735670,-49.338551,72.530277,5.017615,-9.987619,-0.082435,-49.767214,-19.922122,50.866888,62.292555,5.973415,-7.014536,-7.527609
288.000000,40.227064,0.635965,76.255095,-5.840863,22.524377,9.231943,-25.667014,7.208389,0.938347,3.529121,-5.907457,-2.999132,-24.275978,-7.367349,-14.234394,11.272554,-8.881744,5.644315,0.660701,-0.851782,15.353709,-49.134605,12.508316,-48.208510,72.819768,4.597486,-9.836655,0.892768,-50.542983,-19.810933,50.951053,60.557953,5.265984,-7.355400,-7.604419
289.000000,40.220037,0.787084,76.232302,-5.986452,22.995080,9.366655,-25.813192,7.097161,1.060657,2.675843,-5.434776,-2.909753,-24.760677,-7.455239,-14.118519,11.156003,-8.669055,5.667609,-0.690221,0.207790,14.457306,-47.955564,13.145446,-46.672698,73.229402,3.409893,-9.624969,2.141349,-51.156556,-19.124791,51.640991,59.719540,3.792192,-7.580830,-7.246032
290.000000,40.221745,0.995114,76.210397,-6.614817,23.824781,10.172148,-26.693295,7.015164,0.779472,1.973986,-4.770699,-2.923680,-25.622787,-7.484031,-14.221562,11.124981,-8.249498,5.596396,-2.888507,2.228730,13.178042,-46.297853,13.810356,-44.697588,73.041749,2.227856,-9.535859,3.556620,-51.995399,-18.268405,52.763860,59.667160,1.690819,-7.595374,-6.172844
291.000000,40.355840,1.254983,76.208454,-7.186731,24.538721,11.042207,-27.302704,6.788994,0.457613,1.213064,-4.175705,-2.891552,-26.443685,-7.662633,-14.047713,11.485198,-8.011263,5.369446,-5.262766,4.752087,12.222639,-44.337893,14.528309,-42.772386,72.135848,1.978600,-9.706231,3.985791,-53.118016,-17.482149,54.218147,60.218315,-0.705509,-7.828631,-5.005262
292.000000,40.429375,1.556799,76.240933,-7.400876,24.750646,11.718939,-27.465972,6.292789,0.085803,0.829013,-3.779247,-2.700965,-26.882921,-8.128985,-13.849276,12.193095,-8.085635,5.096857,-7.702775,7.551529,12.054165,-42.320187,15.212611,-41.687192,70.805170,2.174144,-10.145589,3.689944,-54.267782,-16.942189,55.502182,60.815540,-2.495048,-7.923110,-4.218996
293.000000,40.470493,1.800543,76.303983,-7.214354,24.357971,11.986059,-27.020425,5.777590,-0.013770,0.873333,-3.731363,-2.647711,-26.712858,-8.669121,-13.771225,13.045960,-8.399410,4.802329,-9.671068,10.488421,12.684664,-40.378210,15.647688,-42.048895,69.388909,2.302382,-10.580086,3.741464,-54.903765,-16.903379,55.894617,61.076276,-2.415700,-7.816641,-4.426418
294.000000,40.565887,1.954484,76.363248,-6.330334,23.679355,11.316932,-25.700040,5.209930,0.584340,0.618708,-3.796354,-2.756305,-26.267045,-9.370112,-13.476187,13.971200,-8.823317,4.669332,-10.861026,12.881248,13.773385,-38.473032,15.947314,-43.000409,67.987683,2.172446,-11.035957,3.766556,-55.161468,-17.175651,55.929854,60.976370,-2.384375,-7.501341,-5.295884
295.000000,40.614051,2.071690,76.335335,-5.403340,23.577950,10.542997,-25.084122,4.547628,1.059255,0.445638,-3.788319,-2.881354,-26.405966,-10.256551,-13.733593,14.728109,-9.418979,4.597043,-11.830219,14.923209,14.383154,-36.832191,16.237854,-43.836796,66.846652,2.401823,-11.541468,4.030759,-55.353649,-17.571987,55.348578,60.568273,-0.321709,-7.751787,-5.438044
296.000000,40.546751,2.190546,76.248777,-4.304056,23.970688,9.293791,-24.990781,3.841618,1.750602,0.255350,-3.815148,-2.776772,-27.272211,-11.122681,-13.438148,15.296279,-9.865174,4.682111,-12.178397,16.270100,14.430463,-35.568422,16.560050,-44.705316,66.188303,3.228646,-11.915222,4.536622,-55.769034,-18.205212,55.998348,59.819159,-1.308463,-8.165774,-5.880112
297.000000,40.494633,2.265930,76.161116,-3.277592,24.546108,7.949160,-25.175732,3.296945,2.532812,0.180614,-3.907333,-2.545239,-28.432787,-11.694591,-12.327115,15.716342,-10.088340,4.931065,-12.481347,17.274732,14.204518,-34.388647,16.639218,-44.898740,65.967354,4.272285,-12.103432,4.777116,-56.291400,-18.537530,56.446702,59.406383,-0.826858,-8.325661,-5.024898
298.000000,40.534559,2.193038,76.101518,-2.375229,25.109419,6.442781,-25.342068,3.162738,3.590669,0.153884,-4.022669,-2.452619,-29.632793,-11.725210,-10.623803,16.046481,-10.082233,5.115185,-12.590173,18.035258,13.935290,-33.313066,16.284016,-44.266033,66.325160,5.080546,-11.948201,5.105410,-56.939141,-18.866429,57.489163,59.216784,-1.421242,-8.494623,-4.436173
299.000000,40.592322,2.130425,76.098806,-1.635138,25.398209,5.119785,-25.372662,3.146037,4.672580,0.354629,-4.212539,-2.355422,-30.415949,-11.636679,-9.360871,16.284028,-9.981094,5.247944,-12.900545,18.627017,13.855268,-32.533653,15.360151,-43.142203,67.300880,5.000481,-11.657352,5.767476,-57.197578,-19.015364,57.897239,59.304381,-1.723574,-8.527310,-4.562704
300.000000,40.650454,2.015768,76.116329,-1.067977,25.501171,4.112784,-25.338238,3.203619,5.595521,0.655381,-4.388083,-2.213406,-30.895650,-11.524671,-8.576562,16.525265,-10.009483,5.204440,-13.448719,19.137253,13.921106,-32.196627,14.157048,-42.373462,68.714647,3.996598,-11.297280,6.299883,-57.358631,-19.083748,57.423087,59.790431,-1.722389,-8.379336,-4.701195
301.000000,40.705684,1.871832,76.127499,-0.657764,25.462061,3.436139,-25.140333,3.264897,6.156489,0.776884,-4.504669,-2.202206,-31.112775,-11.422324,-8.000596,16.754597,-10.152587,5.250744,-14.034122,19.513096,13.889758,-32.309138,12.847308,-42.192585,70.293110,3.268878,-11.062232,7.210235,-57.379033,-19.167695,57.329876,60.384091,-1.653822,-8.253842,-5.053111
302.000000,40.771723,1.707585,76.135039,-0.371983,25.238141,2.923414,-24.699287,3.406762,6.564523,0.752555,-4.635204,-2.365573,-30.986779,-11.250993,-7.522033,16.829677,-10.331015,5.241372,-14.463474,19.658628,13.912078,-32.787162,11.635503,-42.301096,71.533917,3.274036,-11.179290,6.804175,-57.314030,-19.205703,58.306764,61.003951,-1.322573,-8.109110,-5.847211
303.000000,40.812278,1.543992,76.140469,-0.183025,24.960939,2.564070,-24.300411,3.555920,6.815371,0.809697,-4.753948,-2.367403,-30.731774,-11.069572,-7.234349,16.830022,-10.496024,5.116465,-15.028339,19.692316,14.226516,-33.320590,10.983503,-41.852175,71.641485,3.620241,-11.211353,6.295975,-57.614162,-19.354669,58.532337,61.359974,-1.896932,-8.051259,-5.357497
304.000000,40.785411,1.365351,76.148194,0.119129,24.684013,2.092387,-24.047249,3.655036,7.165882,1.105475,-4.875062,-2.322070,-30.535600,-10.978015,-7.065663,16.785755,-10.588618,5.017602,-15.336046,19.347879,14.508625,-33.853467,10.732881,-41.444082,71.037649,2.961297,-11.426089,5.924006,-57.996659,-19.495238,58.330676,61.647416,-2.604919,-8.053701,-4.557665
305.000000,40.676177,1.139715,76.172596,0.632588,24.478816,1.272165,-24.058715,3.763417,7.574314,1.761785,-5.004098,-2.269536,-30.599637,-10.867163,-6.678474,16.738010,-10.545758,4.936885,-14.964290,18.229698,14.595235,-34.887705,10.892752,-41.951951,70.654141,2.618979,-11.471299,7.165560,-58.085336,-19.404771,58.574787,61.827077,-2.135219,-8.093019,-5.510584
306.000000,40.519333,0.892567,76.199996,1.246535,24.289520,0.113611,-24.093825,3.981973,8.160935,2.492948,-5.221159,-2.312729,-30.859433,-10.599793,-5.928502,16.724779,-10.408079,5.005036,-14.081867,16.485167,14.777302,-36.383120,11.462445,-43.217021,70.670827,3.250618,-11.584190,7.668597,-58.101790,-19.248653,58.605632,61.840587,-1.817547,-8.064560,-5.792526
307.000000,40.327847,0.614642,76.228946,1.791528,23.990947,-1.139302,-23.876291,4.362275,8.969271,2.963069,-5.392358,-2.351394,-31.113701,-10.144180,-5.025788,16.791120,-10.222802,5.178988,-12.757088,14.167194,15.196177,-38.442149,12.424906,-44.941050,70.995493,3.813628,-11.947544,6.107812,-58.046609,-19.131090,58.947989,61.752054,-0.867025,-7.954221,-5.126440
308.000000,40.140963,0.312840,76.261497,2.219648,23.599286,-2.260768,-23.446221,4.800511,9.869475,3.163492,-5.384806,-2.360995,-31.218257,-9.638100,-4.266074,16.884200,-10.028979,5.336718,-11.271130,11.511521,15.743330,-40.812272,13.523540,-46.641036,71.356229,4.016379,-12.151098,5.467353,-58.031971,-19.045446,60.190106,61.691034,0.422759,-8.103108,-5.094769
309.000000,39.927113,-0.005788,76.293242,2.447062,23.267204,-2.956139,-23.202067,5.245996,10.628273,3.420455,-5.273945,-2.321082,-31.297088,-9.169262,-3.776047,17.017563,-9.828573,5.466006,-9.973920,8.887590,16.484240,-43.211086,14.592767,-47.732804,71.415994,3.825725,-12.187724,5.635033,-58.337882,-19.261723,61.510218,61.309506,0.909273,-8.558653,-4.868021
310.000000,39.687911,-0.322148,76.313794,2.394516,23.177938,-3.022312,-23.486714,5.683399,10.936560,3.857900,-5.126647,-2.412390,-31.440358,-8.772674,-3.704468,17.094715,-9.692539,5.558631,-9.025215,6.276839,17.508437,-45.585557,15.760824,-48.444220,70.870234,3.107668,-11.972507,6.393117,-58.609525,-19.967360,62.277624,60.002338,1.675211,-8.912896,-5.274556
311.000000,39.409745,-0.629283,76.299304,2.076164,23.383090,-2.593884,-24.409751,6.177229,10.646573,4.607131,-5.040838,-2.692509,-31.731181,-8.428136,-4.157258,17.051777,-9.555438,5.557884,-8.235190,3.702077,18.537362,-48.020400,16.785533,-48.857870,69.986442,2.712641,-11.940951,7.958460,-58.339426,-20.780430,61.881213,58.263802,3.398356,-9.634315,-7.230639
312.000000,39.119023,-0.940648,76.243836,1.406627,23.809433,-1.859940,-25.590438,6.871671,9.904164,5.189992,-5.081763,-2.900367,-31.971576,-7.855549,-4.878000,16.556435,-9.378568,5.451966,-7.248058,1.544713,19.194319,-50.125297,17.240273,-49.696989,69.424385,1.726755,-11.913479,7.389834,-57.889289,-21.958997,61.612268,56.626452,4.246400,-9.716095,-7.242281
313.000000,38.921985,-1.210123,76.214606,0.378243,24.165649,-0.631538,-26.468050,7.568016,8.875471,5.180789,-4.919958,-3.188303,-31.632672,-7.229111,-5.951594,15.487244,-9.182532,5.374863,-6.270039,-0.046883,19.672389,-52.189773,16.879264,-50.897088,69.445764,1.738444,-11.718771,6.935218,-57.335941,-23.371570,61.420053,55.399227,3.824010,-9.144005,-6.129395
314.000000,38.797858,-1.378715,76.191455,-0.870215,24.646193,1.028629,-27.406757,8.089702,7.464172,4.741803,-4.422396,-3.736064,-31.083856,-6.704731,-7.386047,13.922368,-8.659672,5.465333,-5.484002,-1.020839,19.957992,-54.071059,15.886561,-51.793666,69.631033,2.631464,-11.608722,6.486718,-56.727641,-24.749472,60.959302,54.729930,3.643577,-8.919308,-5.681012
315.000000,38.756731,-1.479326,76.163501,-2.050622,25.047062,2.552863,-28.316185,8.531030,6.099087,4.569005,-4.153237,-4.050706,-30.530317,-6.223542,-8.738008,12.489386,-8.127680,5.480038,-4.582902,-1.916176,20.290240,-55.694066,14.818440,-52.530456,69.550976,3.600163,-11.704891,6.122046,-56.055011,-25.863140,60.311759,54.393089,4.176124,-8.733202,-5.757156
316.000000,38.765737,-1.501525,76.134944,-3.056361,25.374591,3.909018,-29.231424,8.800278,4.875012,4.718716,-4.025512,-4.159694,-30.119877,-5.897050,-9.888074,11.427479,-7.781179,5.462584,-3.539152,-2.685600,20.443617,-56.926041,13.697167,-53.394710,69.171805,4.247283,-11.779500,6.114239,-55.144977,-26.623999,59.405400,54.251093,5.173577,-8.630184,-6.487136
317.000000,38.823017,-1.472622,76.126105,-3.847242,25.642170,4.967938,-30.027069,8.951902,3.843015,5.023954,-4.025459,-4.247408,-29.780561,-5.688341,-10.926737,10.578465,-7.445597,5.425359,-2.359198,-3.500803,20.482679,-57.717994,12.689191,-53.959707,68.611463,4.537721,-11.714789,6.273140,-54.221976,-27.017230,58.271636,54.203316,6.025870,-8.519835,-7.165321
318.000000,38.907948,-1.405643,76.124102,-4.418034,25.981687,5.658373,-30.752674,9.048757,3.118051,5.317572,-4.031563,-4.293792,-29.561390,-5.527095,-11.761044,9.708083,-6.992720,5.578507,-0.989635,-4.548246,20.348027,-58.153187,12.016362,-54.380989,67.871132,4.518679,-11.795841,6.114344,-53.127267,-27.264577,57.009315,53.806270,6.935383,-8.512243,-7.598176
319.000000,39.003438,-1.310014,76.116800,-4.872523,26.436371,6.103070,-31.465814,9.135925,2.730931,5.506523,-4.002691,-4.196407,-29.532850,-5.365374,-12.334889,8.864323,-6.460714,5.896332,0.272697,-5.707541,20.161851,-58.406983,11.806899,-54.552055,66.912973,4.279986,-12.013280,5.954606,-52.071638,-27.316611,55.725942,53.072766,7.888345,-8.709564,-8.273843
320.000000,39.100003,-1.190564,76.105571,-5.346317,26.968066,6.567911,-32.199513,9.189562,2.329962,5.570652,-3.876498,-4.064454,-29.563712,-5.216964,-12.817753,7.975529,-5.865118,6.170000,1.186287,-6.914416,19.927762,-58.625583,12.079302,-54.674609,65.900834,4.287044,-12.215700,5.532839,-51.232829,-27.201556,54.568072,52.203003,8.620435,-8.890917,-8.605909
321.000000,39.202303,-1.046992,76.100224,-5.882794,27.419097,7.110150,-32.764978,9.253395,1.980262,5.448949,-3.789042,-3.951098,-29.567766,-5.051202,-13.226293,7.223085,-5.265701,6.295635,1.946188,-8.142341,20.036664,-59.159376,12.712624,-55.020428,64.782876,4.790828,-12.309364,5.120556,-50.714124,-26.976515,53.833106,51.352378,9.107127,-8.946291,-8.812598
322.000000,39.294845,-0.895306,76.099366,-6.421311,27.722343,7.672134,-33.194952,9.296651,1.628499,5.317273,-3.659330,-3.705351,-29.552828,-4.921826,-13.767731,6.749579,-4.850353,6.335206,2.457314,-9.262400,20.313997,-59.822369,13.597004,-55.374017,63.703173,5.647941,-12.285912,5.005740,-50.445629,-26.615075,53.461236,50.795485,9.589740,-8.976288,-8.993010
323.000000,39.373440,-0.727197,76.095742,-6.924101,28.006963,8.138795,-33.544961,9.375122,1.544252,5.112848,-3.572486,-3.505756,-29.615950,-4.803591,-14.245534,6.395638,-4.444590,6.407342,2.866612,-10.185477,20.462837,-60.290531,14.322990,-55.544881,63.034778,5.793386,-12.285116,4.940021,-50.254910,-26.155711,53.314128,50.649575,9.983397,-9.011956,-9.134817
324.000000,39.438468,-0.541328,76.082247,-7.421431,28.413832,8.522526,-33.909120,9.457468,1.480912,4.726158,-3.409202,-3.250583,-29.770636,-4.651972,-14.535840,5.882861,-3.922429,6.680700,3.246231,-10.930319,20.175706,-60.550938,14.790862,-56.020423,62.947768,5.403132,-12.084602,5.146123,-50.074320,-25.583117,53.586826,50.851896,10.228993,-8.999010,-9.563310
325.000000,39.484060,-0.349041,76.061141,-7.924231,28.899675,8.971575,-34.373709,9.461255,1.211095,4.273081,-3.176446,-3.043476,-30.006087,-4.558915,-14.709723,5.346544,-3.376735,6.952647,3.472929,-11.557017,19.711197,-60.903185,15.202159,-56.808387,63.338803,5.191208,-11.963582,5.264954,-50.100138,-25.007635,53.902685,51.177293,10.157880,-8.951030,-9.601260
326.000000,39.551076,-0.161122,76.052129,-8.390250,29.272493,9.520662,-34.739339,9.363034,0.809793,3.850605,-2.900139,-2.978020,-30.056446,-4.556555,-15.000354,4.780195,-2.902646,7.162994,3.569328,-12.074686,19.436922,-61.462816,15.625847,-57.649836,63.896153,5.716688,-11.825134,5.254010,-50.253253,-24.487982,54.025178,51.451426,10.200665,-8.930044,-9.680037
327.000000,39.608958,0.008260,76.060468,-8.698282,29.409290,9.950380,-34.846177,9.219145,0.452322,3.545096,-2.708573,-2.936240,-29.852086,-4.597312,-15.408244,4.254045,-2.528473,7.257775,3.744590,-12.587034,19.421279,-61.989656,16.125062,-58.341775,64.284415,6.017231,-11.781282,5.242945,-50.549598,-24.097753,54.131377,51.570305,10.442502,-8.877542,-9.797631
328.000000,39.581507,0.235622,76.054609,-8.896187,29.559544,10.269478,-35.112940,8.974745,0.251174,3.533506,-2.711891,-2.823906,-29.853992,-4.803124,-15.869466,3.992382,-2.205209,7.425478,3.959389,-12.975439,19.173403,-62.206050,16.410836,-58.792506,64.809363,5.774433,-11.731006,5.671987,-50.878171,-23.884861,54.392150,51.662506,10.641071,-8.911066,-9.881034
329.000000,39.578044,0.449171,76.050639,-9.027580,29.596697,10.455960,-35.224935,8.791554,0.169645,3.600378,-2.877803,-2.633219,-29.848244,-4.971879,-16.087150,3.978550,-2.066926,7.599334,4.185795,-13.152877,18.892954,-62.217627,16.555305,-58.995547,65.535597,5.434522,-11.530911,5.789843,-51.283813,-23.717376,54.808184,51.818876,10.699746,-8.866166,-9.950842
330.000000,39.611149,0.621698,76.054245,-9.076759,29.541725,10.583439,-35.156811,8.615178,0.033410,3.622171,-3.035077,-2.563844,-29.712224,-5.137882,-16.180243,3.981489,-2.028107,7.777623,4.484698,-13.290059,18.630903,-62.257557,16.456280,-59.033851,66.475253,5.256049,-11.395230,5.612492,-51.621648,-23.576905,55.057448,51.947567,10.692069,-8.863776,-10.003987
331.000000,39.646161,0.782371,76.057732,-9.079850,29.457554,10.740483,-35.057742,8.363933,-0.202601,3.652045,-3.172949,-2.473991,-29.476067,-5.367304,-16.312145,3.906872,-1.995854,7.953696,4.641013,-13.345516,18.413669,-62.225967,16.380506,-59.232848,67.228889,5.105195,-11.410357,5.771897,-51.998411,-23.526168,55.328630,51.965145,10.851677,-8.834999,-10.120995
332.000000,39.683732,0.916989,76.048088,-9.094243,29.403563,10.950372,-35.030473,8.108015,-0.426004,3.735043,-3.287151,-2.425825,-29.183981,-5.574058,-16.520559,3.691593,-2.000493,8.156889,4.778086,-13.364816,18.114896,-62.123023,16.270677,-59.436620,67.816586,4.965318,-11.546064,5.582346,-52.187983,-23.602458,55.225655,51.795787,10.882354,-8.868052,-10.104017
333.000000,39.702517,1.034954,76.016742,-9.046707,29.374408,11.016579,-35.020142,7.897583,-0.623825,3.881678,-3.583469,-2.284077,-28.921879,-5.749540,-16.638329,3.409077,-2.032608,8.473991,4.961898,-13.409821,17.750253,-61.967725,16.195393,-59.532564,68.205074,4.778079,-11.576701,5.206139,-52.341416,-23.714109,55.239705,51.533487,10.983153,-8.825167,-10.098741
334.000000,39.730620,1.130084,75.978440,-8.938122,29.393955,10.933963,-35.005085,7.739973,-0.756815,4.009899,-3.879512,-2.051211,-28.726778,-5.891496,-16.631442,3.117976,-2.045839,8.857284,5.308357,-13.534962,17.295453,-61.864555,15.845453,-59.894127,68.956538,4.434813,-11.546954,5.347780,-52.294595,-23.812493,55.216212,51.423121,11.122768,-8.832741,-10.426741
335.000000,39.762184,1.204299,75.954443,-8.808737,29.531929,10.873576,-34.945813,7.564581,-0.655227,3.778209,-3.896701,-2.051214,-28.646556,-6.045555,-16.562408,2.748330,-1.940496,9.351793,5.689711,-13.750626,16.613993,-61.706770,15.083911,-60.560938,70.391151,4.176585,-11.407099,5.791636,-51.926018,-23.776121,55.207114,51.727034,11.217928,-8.705427,-10.718395
336.000000,39.801794,1.291596,75.949639,-8.816032,29.620816,11.074073,-34.714447,7.349001,-0.635988,3.103749,-3.551868,-2.121451,-28.503151,-6.205149,-16.660515,2.421295,-1.832626,9.779069,5.747525,-13.701769,15.868309,-61.430831,14.038142,-61.548057,72.398885,3.121557,-11.230007,5.929372,-51.428715,-23.553019,55.454671,52.601250,11.432792,-8.561807,-10.943385
337.000000,39.877829,1.383906,76.003027,-9.025714,29.350980,11.681240,-34.155249,7.132809,-1.005851,2.285752,-2.896114,-2.174372,-27.930877,-6.345862,-17.122413,2.208228,-1.818928,10.227600,5.245402,-13.071907,15.910147,-60.806674,13.209763,-63.070534,74.413764,0.902227,-11.327531,7.305613,-50.857220,-23.456417,55.985558,53.525471,13.089282,-9.087746,-12.169120
338.000000,39.899004,1.480972,76.134789,-9.402423,28.631048,12.684356,-33.576524,6.892450,-1.733751,2.013790,-2.219866,-2.219158,-26.911162,-6.472531,-17.951330,2.128104,-1.639789,10.659880,4.423978,-11.903281,17.135160,-59.964813,12.840975,-65.423698,75.258637,-3.962023,-11.266196,9.375908,-50.348408,-24.452697,58.233148,52.617342,15.413130,-9.435508,-14.738638
339.000000,39.820892,1.613997,76.294541,-9.972150,27.775932,13.919940,-33.297978,6.689631,-2.598883,2.251502,-1.723388,-2.510301,-25.942986,-6.527369,-18.861163,2.269127,-1.338869,11.001292,3.148837,-10.270688,19.023298,-59.374110,13.110846,-66.701018,74.280589,-7.924235,-11.989508,10.074060,-49.919496,-25.907073,59.576824,50.668997,18.436332,-10.133556,-16.256368
340.000000,39.656836,1.739631,76.381648,-10.655838,27.256961,15.043631,-33.495572,6.626596,-3.295213,2.581241,-1.456700,-2.727553,-25.657145,-6.491209,-19.296850,2.724455,-1.139823,11.092553,1.964769,-8.419202,20.816887,-59.299907,13.824756,-66.724070,71.381317,-9.612508,-13.349373,9.647869,-49.960512,-27.122104,59.471789,49.144567,18.701912,-11.346764,-17.722268
341.000000,39.475214,1.854559,76.340455,-11.442218,27.258822,16.057638,-33.973627,6.647803,-3.939125,2.321546,-1.281934,-2.975328,-25.953486,-6.398863,-19.461046,3.081314,-1.117477,10.750104,1.236518,-6.525497,21.711867,-59.389847,14.400450,-66.049418,67.252822,-8.725432,-14.524749,10.274158,-50.366037,-27.255595,59.601412,50.405471,17.115418,-11.771548,-18.271485
342.000000,39.333740,1.941849,76.205122,-11.950101,27.744176,16.473705,-34.374061,6.728047,-4.306078,1.392849,-1.098049,-3.200153,-26.608436,-6.316908,-19.348319,3.034527,-1.077669,10.229736,1.167964,-5.187983,21.466564,-59.655159,14.764267,-64.947770,63.678817,-4.571288,-14.900749,9.957151,-50.994541,-25.194321,60.364010,56.513053,14.623058,-10.271380,-17.175014
343.000000,39.270589,1.912948,76.060486,-11.850518,28.402528,15.897951,-34.368750,6.959083,-3.819231,0.227219,-0.953061,-3.282579,-27.286380,-6.176141,-18.806038,2.621991,-1.247879,9.467597,2.125187,-4.994193,21.287463,-60.513318,15.022612,-63.270658,61.250432,-1.016177,-14.708934,8.050385,-51.468993,-23.338637,61.329211,61.147234,19.039969,-9.312136,-15.755366
344.000000,39.270967,1.855235,75.977665,-11.167249,28.984366,14.811179,-34.068830,6.961704,-2.816874,-0.729672,-0.708385,-3.211298,-27.804059,-6.291624,-18.182308,2.213817,-1.428885,8.934024,3.108091,-5.565667,21.319939,-61.317313,15.396933,-60.551417,59.914706,1.153424,-14.762238,7.923160,-51.544832,-23.424468,60.714357,60.098165,20.859136,-9.997789,-15.646558
345.000000,39.285922,1.866194,75.974900,-10.606740,29.327268,14.240359,-33.860028,6.694247,-2.247872,-1.339147,-0.279848,-3.439875,-28.074704,-6.610677,-18.213806,2.026719,-1.524044,9.030588,2.938233,-5.547895,21.259450,-60.776191,16.200266,-58.392694,59.004167,1.529655,-14.655595,11.806177,-51.573351,-26.107575,59.965885,53.830275,19.686306,-11.438514,-15.877617
346.000000,39.271137,1.932486,76.054311,-10.437449,29.378870,14.308301,-33.890934,6.387102,-2.319046,-1.396664,0.297806,-3.790898,-28.184945,-6.932391,-18.674207,2.195310,-1.455891,9.654611,1.525131,-4.286853,21.256937,-59.108894,17.253174,-57.692047,57.552875,-1.232259,-15.024020,14.846466,-51.907747,-29.999069,60.117016,46.022030,18.869653,-12.738172,-17.051938
347.000000,39.246941,1.985701,76.171851,-10.489836,29.265703,14.677490,-33.972289,6.132631,-2.483833,-1.278952,0.899603,-4.046182,-28.256769,-7.184753,-18.728080,2.633575,-1.227465,10.345033,-0.591758,-2.385444,21.971578,-58.133366,18.732023,-58.597675,55.473587,-4.324550,-15.926188,15.316295,-52.293520,-32.855228,59.777030,40.135377,19.837637,-13.489179,-18.295804
348.000000,39.251670,1.986253,76.248491,-10.536852,29.122906,14.862555,-33.851657,6.082023,-2.390604,-1.356769,1.208693,-4.277846,-28.357308,-7.277757,-18.182993,3.171495,-1.149528,10.627513,-2.602438,-0.392440,23.180530,-58.147511,19.993388,-60.185598,53.959983,-6.040152,-16.461587,15.519056,-52.795634,-33.471311,59.708879,38.233015,22.468976,-13.514752,-19.368417
349.000000,39.204517,1.913640,76.230437,-10.421852,29.092260,14.746405,-33.663076,6.116743,-2.144242,-1.643360,1.287528,-4.241236,-28.693065,-7.347285,-17.557771,3.807714,-1.382033,10.387715,-3.944730,1.513504,24.218375,-58.471685,20.123057,-61.372071,53.588206,-7.190245,-16.572698,15.232288,-53.997806,-32.344077,60.450002,40.801583,23.327584,-12.729848,-19.244128
350.000000,39.229196,1.736845,76.150244,-10.070480,29.199218,14.084801,-33.338092,6.364888,-1.650784,-2.019952,1.047449,-4.147527,-29.128339,-7.241732,-17.069619,4.322836,-1.825592,9.676440,-4.356138,3.073180,24.540103,-58.775280,18.762308,-61.714202,55.070436,-7.504085,-15.691325,14.963995,-55.748089,-29.460341,62.074221,47.764251,21.308978,-11.211396,-18.124165
351.000000,39.250633,1.585064,76.041263,-9.463102,29.736614,12.806867,-33.286462,6.655105,-0.505753,-2.359913,0.718176,-4.085268,-30.124409,-7.114417,-16.365454,4.782614,-2.282674,8.618451,-4.343106,4.256619,24.240297,-59.183815,16.446462,-60.808983,58.729832,-6.777129,-14.475828,15.062316,-58.031391,-24.940758,64.225184,57.929655,17.405887,-10.033916,-17.541072
352.000000,39.281318,1.423335,76.006961,-8.604037,30.218370,11.261116,-33.163297,6.869619,0.897518,-2.512324,0.625340,-3.898182,-31.087521,-7.012260,-15.415274,5.190619,-2.428389,7.861643,-4.051038,4.953724,23.779034,-59.714377,13.953877,-60.626064,64.115901,-7.012129,-13.060867,14.880165,-59.733085,-21.446347,67.301126,66.336703,15.408278,-8.793772,-16.558142
353.000000,39.369789,1.268000,76.046193,-7.711820,30.527108,9.811951,-32.855546,6.999672,2.180606,-2.668683,0.786215,-3.701198,-31.826178,-6.959246,-14.519201,5.620917,-2.481175,7.449233,-4.191372,5.595776,23.317327,-60.174206,11.770847,-61.362372,70.068404,-8.545903,-11.851711,14.609425,-60.441423,-19.381840,68.307144,70.196135,17.654895,-8.971944,-18.303256
354.000000,39.497921,1.163420,76.129085,-6.990634,30.783756,8.624373,-32.681475,7.093050,3.294054,-2.621009,0.997482,-3.694015,-32.427361,-6.900220,-13.771184,5.986612,-2.400532,7.358072,-4.920776,6.456136,22.893691,-60.394759,10.414211,-61.777586,74.544254,-8.839219,-11.189598,13.499638,-61.020876,-19.367587,66.514581,68.621872,19.139708,-9.373401,-18.534594
355.000000,39.628515,1.078820,76.208216,-6.403638,31.009772,7.713278,-32.670536,7.116661,4.037487,-2.388536,1.089496,-3.745313,-33.000622,-6.892956,-13.054477,6.470132,-2.395181,7.404001,-6.223698,7.693450,22.708496,-60.006354,10.596709,-61.057923,75.629606,-8.121032,-11.662095,13.751590,-62.111295,-20.895144,64.106468,63.684766,16.621909,-10.081287,-19.163996
356.000000,39.803720,0.973676,76.243144,-5.963541,31.123834,7.172579,-32.569535,7.081512,4.605212,-2.194927,0.952683,-3.703868,-33.315047,-6.956911,-12.584285,6.912116,-2.687664,7.287373,-7.853335,9.268536,22.894422,-58.986675,11.886749,-59.730667,73.608894,-8.635039,-12.300829,14.862121,-63.396491,-23.233641,62.344580,57.688556,13.513587,-10.530150,-19.624841
357.000000,39.998460,0.880704,76.217967,-5.525442,31.082177,6.682726,-32.083161,7.021026,5.096957,-2.414942,0.713055,-3.646555,-33.358815,-7.015032,-12.196137,7.255417,-3.200210,7.081042,-9.318105,11.133578,23.191129,-57.608787,13.573750,-59.001066,69.764864,-10.130035,-12.864506,15.906640,-64.326510,-25.381787,61.928410,53.627684,11.650032,-10.897266,-20.845963
358.000000,40.157175,0.775025,76.187038,-4.978672,31.141563,6.036941,-31.627990,6.929051,5.608618,-2.770591,0.693183,-3.656297,-33.438356,-7.094701,-11.943713,7.386542,-3.491600,7.102093,-10.374058,13.105805,23.063044,-56.477079,14.834642,-59.579323,65.916353,-11.638495,-13.310731,15.529132,-64.744934,-26.353983,62.520335,53.212651,10.945292,-10.725278,-21.809805
359.000000,40.326086,0.678536,76.197493,-4.281947,31.189708,5.160045,-31.033637,6.824634,6.342743,-3.213458,0.733128,-3.821172,-33.545142,-7.215593,-11.619104,7.531938,-3.597442,7.204038,-10.798120,15.059645,22.808527,-56.810949,15.025306,-62.403074,64.009924,-11.186227,-13.448563,15.067858,-64.833542,-26.079838,63.898558,55.995072,11.320896,-10.134472,-21.939191
360.000000,40.474322,0.529984,76.217991,-3.511232,31.197281,4.108238,-30.435292,6.804124,7.219734,-3.521370,0.704060,-4.157660,-33.744112,-7.254107,-11.020297,7.772699,-3.712213,7.224055,-10.563472,16.793162,22.373232,-58.567807,14.128970,-65.568839,63.656905,-8.891895,-13.625683,14.802060,-64.273965,-25.260647,64.834929,59.880009,12.182580,-9.516445,-20.923760
361.000000,40.612760,0.377198,76.214129,-2.857026,31.167300,3.218267,-29.959423,6.798825,7.910214,-3.668527,0.587437,-4.324795,-33.873589,-7.221232,-10.287276,7.986120,-3.987634,7.204473,-10.580279,18.089903,21.746759,-60.761404,13.145583,-67.824461,64.083540,-6.353007,-13.618270,12.855500,-62.943943,-24.927737,65.226729,61.947719,12.430493,-8.896353,-18.759188
362.000000,40.760502,0.246590,76.203763,-2.320844,31.090138,2.584275,-29.456997,6.736877,8.382237,-3.882852,0.591084,-4.258403,-33.889418,-7.256790,-9.736094,8.213044,-4.440960,6.982808,-11.675163,18.723743,21.727009,-63.114404,12.961104,-67.633155,64.720550,-5.170065,-13.385003,11.838548,-61.684401,-25.206811,65.034343,60.793861,11.354738,-8.606868,-17.221385
363.000000,40.889162,0.099470,76.192528,-1.996653,31.150675,2.209044,-29.256330,6.753473,8.647156,-3.971179,0.634983,-4.254466,-33.970871,-7.204653,-9.443221,8.298132,-4.706288,6.821660,-14.207728,18.907499,22.031390,-64.659331,13.967885,-65.653739,65.500087,-7.329861,-13.310862,13.931035,-60.415455,-26.546502,64.920279,54.646783,10.448297,-9.191534,-18.362291
364.000000,41.027546,-0.053031,76.186156,-1.873391,31.460834,1.915348,-29.371500,6.946842,9.078498,-4.017793,0.830894,-4.182900,-34.259744,-6.991123,-9.274542,8.281176,-4.743258,6.886378,-18.378861,18.764287,22.588499,-64.946677,15.884264,-63.468140,68.169366,-13.040856,-13.396346,17.966152,-59.434360,-28.071697,63.777288,45.365160,9.136991,-10.209109,-20.574552
365.000000,41.185302,-0.206125,76.208848,-1.884703,31.490214,1.490817,-29.157220,7.414054,9.747771,-3.930602,0.827268,-4.109265,-34.254259,-6.532103,-9.106893,8.310145,-4.732184,7.122783,-24.076113,18.060280,23.817858,-64.887350,17.967509,-64.413028,75.556236,-18.168493,-12.103484,18.516189,-59.841186,-29.660018,63.580155,34.820660,6.744443,-9.956078,-22.538736
366.000000,41.354105,-0.368769,76.196009,-1.838214,31.760491,0.785077,-29.074158,8.000769,10.591684,-3.956584,0.732029,-4.029958,-34.591917,-5.918702,-8.609353,8.318529,-4.611491,7.527329,-29.690108,17.225244,24.225766,-62.944728,20.289555,-68.703650,83.098049,-18.618133,-9.130162,11.154799,-62.313243,-29.638243,64.235436,27.757240,4.790560,-9.005750,-21.292027
367.000000,41.496113,-0.523007,76.145494,-1.433269,32.369197,-0.315425,-29.212839,8.419870,11.591175,-4.208016,0.649604,-4.033816,-35.478130,-5.454172,-7.733159,8.426445,-4.432636,7.830296,-33.310020,17.085131,23.931808,-59.685594,22.250525,-75.012491,85.587933,-15.630521,-9.090241,6.754231,-65.816058,-28.531095,65.455923,24.376827,4.221463,-9.180292,-22.709850
368.000000,41.647175,-0.674794,76.126540,-0.505673,32.385842,-2.181941,-28.570849,8.748038,12.940468,-4.220481,0.159444,-4.051080,-35.934619,-4.983827,-6.205983,8.692400,-4.269066,7.948779,-34.091161,16.871346,23.516230,-57.217434,23.477729,-75.370140,83.674202,-16.340314,-10.466392,6.334310,-69.742092,-26.937061,66.340801,23.349085,5.270470,-8.578311,-24.201858
369.000000,41.721699,-0.871131,76.128078,0.811962,31.945290,-4.404967,-27.456280,8.844829,14.455028,-4.189063,-0.361537,-4.129705,-36.195204,-4.682026,-4.484491,9.253392,-4.292380,7.859284,-31.727854,17.134411,22.788665,-55.781892,22.862484,-72.501188,78.899811,-20.401710,-12.089326,8.125594,-73.448439,-25.796759,66.639840,25.119846,6.975353,-7.933724,-25.646971
370.000000,41.906148,-1.121765,76.020122,2.002796,32.491074,-6.697848,-27.290067,9.166776,15.815487,-4.968178,-0.823928,-6.725137,-38.979056,-3.949772,-1.789733,12.550437,-4.538791,6.037111,-27.879724,19.385142,19.301667,-50.496132,20.979635,-58.856355,70.697997,-9.272255,-11.534764,11.626996,-72.399650,-21.624859,66.072716,31.459431,0.762229,-4.995944,-20.312735
371.000000,42.014736,-1.272834,76.109010,2.425593,30.578696,-8.003464,-24.746354,9.404810,16.936654,-4.452593,-1.958214,-6.737484,-37.058520,-3.493778,-0.859481,12.713182,-5.021866,5.908781,-23.700381,20.669139,20.395295,-50.563269,19.423260,-57.153845,63.689936,-10.723877,-12.495379,10.069609,-76.611684,-23.000703,68.627862,37.637604,0.630681,-4.761444,-19.514972
372.000000,42.131746,-1.412805,76.198542,2.814819,28.997333,-9.161265,-22.565880,9.509657,18.150048,-4.275947,-2.542956,-6.892275,-35.542146,-3.134389,0.131740,12.860195,-5.331418,5.845660,-19.868061,22.469745,21.019875,-51.123997,17.627972,-57.653661,57.787184,-12.274633,-13.095467,7.868450,-79.784655,-21.436366,72.892571,48.873299,-0.432298,-5.192672,-16.052058
373.000000,42.191389,-1.595454,76.219511,3.249929,28.524383,-9.702361,-21.863569,9.375699,18.663169,-4.256198,-2.608736,-7.007120,-35.247348,-3.146367,0.551788,13.125542,-5.580126,5.819860,-16.912457,24.281936,20.554320,-52.981419,16.260819,-59.468900,54.848892,-10.994384,-14.046546,5.822209,-81.228749,-18.757673,76.143577,61.587768,-2.912340,-6.427269,-9.533651
374.000000,42.205104,-1.792904,76.202333,3.707468,28.667269,-9.828965,-22.023639,9.077437,18.744940,-4.349374,-2.353293,-6.937526,-35.687294,-3.378904,0.707896,13.560460,-5.916860,5.662665,-15.304074,25.747074,19.399296,-54.562372,15.319532,-61.097989,53.405160,-9.563988,-14.373628,5.398286,-80.847167,-16.994957,78.141271,70.057305,-5.299289,-5.339863,0.665457
375.000000,42.186671,-1.990067,76.202804,3.821836,28.915757,-9.572780,-22.413233,9.007377,18.568527,-4.329394,-2.086016,-7.069604,-36.027079,-3.490456,0.506380,13.785618,-6.131931,5.389666,-15.253826,27.008305,18.911679,-55.800900,15.263154,-61.271803,52.247457,-9.038237,-14.439267,6.560608,-80.646386,-17.006355,78.830669,71.549947,-7.699326,-5.936751,1.519763
376.000000,42.155707,-2.182445,76.175827,3.658538,29.454935,-9.049073,-23.168630,9.144384,18.158825,-4.351560,-1.792192,-7.336521,-36.475331,-3.465821,0.013898,13.773687,-6.233218,5.266615,-17.227803,27.924149,19.220994,-56.197311,16.480222,-59.641232,51.046665,-9.001438,-14.401099,8.047340,-79.915754,-17.688711,77.597909,67.563658,-6.741853,-6.851434,0.100604
377.000000,42.136103,-2.342935,76.105267,3.398527,30.214252,-8.484879,-24.159752,9.359947,17.734707,-4.390326,-1.470347,-7.512148,-37.022528,-3.389303,-0.594628,13.527844,-6.303124,5.094726,-20.575566,28.436591,20.065359,-56.110486,18.570752,-57.390548,50.322286,-8.944276,-14.319767,10.044901,-79.287179,-18.077006,75.580783,61.710315,-4.905896,-7.910662,-0.706135
378.000000,42.050204,-2.541823,76.014602,3.345918,30.735920,-8.607153,-24.755122,9.764045,17.826160,-4.418794,-1.368628,-7.727565,-37.433221,-3.003680,-0.758422,13.097018,-6.283822,4.914708,-24.078256,27.572876,21.756731,-56.226360,21.646109,-55.809872,50.485029,-7.923142,-14.366832,10.637123,-79.207211,-17.366693,75.073608,56.778905,-2.890627,-7.694161,-1.401503
379.000000,41.953257,-2.759918,75.918412,3.586946,31.101104,-9.437765,-25.025934,10.301569,18.450303,-4.397434,-1.513543,-7.926366,-37.954934,-2.389181,-0.350468,12.866753,-6.194670,4.614830,-27.056804,25.920339,22.964653,-55.765728,24.833123,-54.324511,52.103524,-6.385383,-14.188183,11.035927,-78.905453,-15.967430,74.782997,53.814961,-3.373399,-7.355678,-1.856239
380.000000,41.852814,-2.994961,75.835466,4.235261,31.370760,-11.000964,-25.036659,10.817083,19.529362,-4.345428,-1.796203,-7.880306,-38.711665,-1.629027,0.699755,12.885113,-5.950002,4.465858,-28.899876,23.937679,23.414766,-54.893786,27.662229,-53.448751,54.599904,-4.790655,-13.689894,10.806275,-77.905534,-14.560771,74.966244,52.167773,-2.999718,-7.052593,-1.904453
381.000000,41.780731,-3.214774,75.767916,5.092304,31.588201,-12.831488,-24.909287,11.228140,20.894295,-4.335329,-2.048294,-7.934246,-39.474556,-0.902248,1.904308,12.923986,-5.626229,4.544349,-29.363144,22.087746,23.122229,-54.289178,29.424011,-53.365320,57.571104,-2.397724,-13.240807,10.185480,-76.627223,-13.627256,74.793959,51.623779,-3.131472,-7.274634,-2.062963
382.000000,41.716853,-3.424524,75.722903,5.983886,31.698378,-14.547317,-24.703358,11.487538,22.112060,-4.330340,-2.254820,-8.014911,-40.152473,-0.288260,3.079538,13.028709,-5.362478,4.694815,-28.773719,20.512235,22.587372,-54.173266,30.199521,-52.969685,59.591679,-1.740787,-13.136934,7.564826,-75.616867,-13.395060,74.677778,51.847433,-3.668877,-7.312398,-1.670251
383.000000,41.642913,-3.607844,75.700253,6.642791,31.648987,-15.808024,-24.438622,11.673824,23.051689,-4.308628,-2.406708,-8.047441,-40.584195,0.204158,4.054770,13.197471,-5.170807,4.788975,-27.950647,19.154244,22.176887,-54.356271,30.886703,-53.223365,60.135178,-0.620416,-13.375012,6.470266,-74.771372,-13.548467,74.367994,52.465173,-3.717749,-7.104039,-1.642934
384.000000,41.557607,-3.764669,75.689119,7.029274,31.564740,-16.606561,-24.233137,11.849130,23.672481,-4.285683,-2.457566,-7.994305,-40.802577,0.583466,4.674382,13.275583,-5.032742,4.707442,-27.200713,18.101379,21.680841,-54.194245,31.400476,-53.310590,59.345219,0.006596,-13.909340,6.015603,-73.990763,-13.845206,73.872000,53.036617,-3.255414,-6.971302,-1.485756
385.000000,41.484603,-3.892310,75.665563,7.091836,31.603761,-16.798670,-24.270121,12.026490,23.902715,-4.299427,-2.442913,-8.147258,-40.861125,0.819424,4.878526,13.123731,-4.887121,4.668492,-26.785439,17.427552,21.708168,-54.297026,31.794971,-53.175328,58.202460,0.229217,-14.335997,5.766991,-73.907442,-14.227349,73.293565,53.480081,-2.458268,-6.921109,-1.270731
386.000000,41.411486,-4.007261,75.654554,6.884044,31.689543,-16.573513,-24.421551,12.262024,23.795315,-4.306468,-2.383983,-8.199691,-40.851160,1.001436,4.707757,13.002445,-4.795434,4.495055,-26.539028,17.074143,21.686305,-54.154132,31.656311,-52.372764,57.234093,-0.062407,-14.416250,5.002656,-73.987000,-14.755683,72.788356,53.542492,-2.385188,-7.075247,-0.996461
387.000000,41.343969,-4.098050,75.645900,6.653104,31.842402,-16.179968,-24.692713,12.418471,23.507003,-4.316059,-2.218016,-8.250505,-40.889949,1.064425,4.423379,12.905816,-4.767525,4.380576,-26.329712,17.038651,21.620638,-54.033128,31.065688,-51.527176,56.714650,-0.252787,-14.467235,5.010176,-74.298641,-15.280728,72.773337,53.542816,-2.509145,-7.183726,-0.998325
388.000000,41.296375,-4.158751,75.652766,6.321911,31.883848,-15.545669,-24.882567,12.489148,23.041672,-4.343064,-1.960262,-8.478279,-40.710414,0.967591,3.932055,12.744164,-4.809319,4.292601,-26.167129,17.171674,21.521301,-53.934520,30.022305,-50.914098,56.678474,-0.378774,-14.419559,5.078051,-74.411079,-15.758218,72.652900,53.571390,-2.288790,-7.260037,-1.118524
389.000000,41.237566,-4.197375,75.680232,6.083028,31.713237,-15.131983,-24.806916,12.514238,22.684899,-4.346015,-1.782107,-8.556012,-40.364219,0.903045,3.672143,12.554441,-4.801744,4.267909,-25.765584,17.191687,21.700735,-54.178287,28.891109,-50.650504,57.030577,-0.274892,-14.267902,5.543636,-74.822892,-16.094844,72.762839,53.708171,-2.180497,-7.281973,-1.009198
390.000000,41.178146,-4.232801,75.703561,5.922714,31.666614,-14.793442,-24.883836,12.523393,22.365142,-4.335878,-1.520488,-8.537515,-40.159439,0.811288,3.333062,12.340647,-4.670316,4.216274,-25.273658,17.210403,21.654321,-54.483009,27.965919,-50.745136,57.443435,-0.354557,-14.262861,5.759125,-75.310608,-16.390121,73.031893,53.538301,-2.118794,-7.207919,-0.990807
391.000000,41.108516,-4.241898,75.706530,5.806709,31.750503,-14.537434,-25.105216,12.544239,22.124922,-4.342052,-1.341471,-8.593809,-40.147210,0.746267,3.033374,12.144477,-4.555947,4.207696,-24.817892,17.181074,21.433091,-54.753450,27.346715,-51.117095,57.810270,-0.427828,-14.258535,5.976174,-75.710980,-16.373352,73.183524,53.355819,-1.571738,-7.113177,-1.018696
392.000000,41.057062,-4.260079,75.698894,5.745469,31.941428,-14.360349,-25.419910,12.578230,21.915591,-4.342395,-1.172849,-8.599973,-40.259836,0.719179,2.815188,11.956161,-4.473069,4.168419,-24.155898,17.154575,21.052982,-55.073011,26.835810,-51.726979,58.114931,-0.235785,-14.153124,6.171777,-75.923659,-16.274872,73.517417,53.310381,-1.251536,-7.122509,-1.231636
393.000000,41.020873,-4.267821,75.694251,5.697728,31.967289,-14.253013,-25.494217,12.587765,21.800760,-4.356172,-1.071576,-8.571039,-40.266182,0.698157,2.728115,11.908467,-4.485503,4.142501,-23.476948,16.998835,20.666158,-55.223903,26.389551,-52.228418,58.354254,-0.022669,-14.140528,6.288623,-75.920169,-16.038958,73.756597,53.507596,-1.296865,-7.061067,-1.318392
394.000000,41.014075,-4.257306,75.693935,5.613509,31.943688,-14.087640,-25.498799,12.568631,21.676990,-4.385716,-1.085944,-8.639055,-40.199772,0.650246,2.635950,11.893550,-4.526190,4.181819,-22.925754,16.895596,20.141108,-55.156390,25.865264,-52.448500,58.689992,-0.139585,-14.089704,5.875637,-75.695933,-15.671302,73.190975,53.947044,-1.760834,-7.098929,-0.380833
395.000000,41.032687,-4.293556,75.728285,5.665167,31.818788,-14.141872,-25.332666,12.549385,21.596256,-4.389369,-0.929040,-8.762607,-40.013140,0.629147,2.647704,11.782574,-4.475533,4.242169,-22.062117,16.246780,19.412099,-55.111478,25.372210,-52.655960,59.298835,-0.146499,-14.128904,5.467911,-74.892758,-15.046681,72.868290,54.658541,-1.586726,-7.076821,-0.245282
396.000000,41.049197,-4.357649,75.785869,5.943609,31.595837,-14.550492,-25.007348,12.489813,21.718929,-4.371905,-0.664483,-8.759216,-39.821827,0.640028,2.890134,11.672307,-4.313041,4.310733,-20.895654,15.040526,18.370755,-55.090373,25.037276,-52.756938,60.078433,-0.382618,-14.101492,4.472483,-73.627219,-14.338857,72.585732,55.254721,-0.878442,-6.958843,-0.628224
397.000000,41.045147,-4.487145,75.871336,6.415914,31.112294,-15.368507,-24.309658,12.451177,22.272627,-4.349707,-0.340940,-8.781816,-39.501730,0.796373,3.563982,11.630536,-4.084492,4.486341,-19.322624,12.883881,17.356334,-55.457605,24.954275,-52.484113,61.298885,-1.352201,-14.104986,2.155923,-72.049261,-13.510775,72.648884,55.824779,0.302490,-6.659790,-1.105645
398.000000,40.982002,-4.670330,75.956917,6.963451,30.453587,-16.445244,-23.400426,12.484577,23.074922,-4.320208,0.002230,-9.038441,-39.255525,1.099173,4.453259,11.895442,-3.917111,4.747835,-18.478903,9.894636,16.654446,-56.091183,25.525530,-51.636162,63.899630,-1.174717,-14.146546,1.414567,-71.260279,-12.078097,72.579236,56.039144,-0.972305,-7.082313,-1.054488
399.000000,40.877444,-4.910386,76.025414,7.482016,29.811095,-17.658266,-22.490988,12.663359,23.994871,-4.254749,0.293045,-9.082901,-39.120281,1.582833,5.347582,12.271466,-3.709527,4.950573,-18.163677,6.235195,15.979653,-57.053018,26.515295,-50.314268,67.807208,-1.161387,-13.559626,1.356054,-70.880104,-10.327903,72.155771,55.482108,-0.671762,-7.474658,-0.610272
400.000000,40.710431,-5.162846,76.080775,7.759673,29.064812,-18.766068,-21.473594,13.014507,25.106292,-4.181547,0.423058,-9.012721,-38.823290,2.230020,6.183632,12.625868,-3.564547,4.951490,-18.235811,2.286797,15.762919,-58.261281,28.040408,-48.324015,71.874852,-1.285037,-12.405757,2.264712,-70.910737,-8.618206,71.556422,54.008580,0.750524,-7.441653,-0.514349
401.000000,40.475544,-5.440935,76.096839,7.847937,28.402707,-19.788281,-20.527836,13.572835,26.474375,-4.099581,0.416040,-9.001979,-38.438416,3.039792,6.874640,12.678892,-3.347988,4.808912,-18.366993,-1.672998,15.352226,-59.407776,29.963876,-46.257139,75.753232,-1.835910,-11.174859,3.029267,-71.055025,-7.212632,71.694925,52.323982,2.399747,-7.327184,-0.919949
402.000000,40.239194,-5.675877,76.086575,7.702661,27.790358,-20.411802,-19.653724,14.129056,27.505264,-4.052803,0.255963,-9.036012,-37.784497,3.711979,7.300110,12.310259,-3.128832,4.879087,-18.342125,-5.094401,15.246422,-60.741904,31.604856,-45.476164,78.932084,-1.900908,-10.234690,5.591207,-71.379356,-6.489276,72.330009,50.996279,4.247519,-7.184370,-1.816678
403.000000,40.034828,-5.882154,76.050252,7.653950,27.747178,-20.745547,-19.543195,14.586723,28.018551,-4.052423,0.311831,-9.172016,-37.575975,4.131491,7.358056,11.688384,-2.726462,5.282533,-17.931528,-7.640816,14.551318,-61.578868,32.554246,-45.254156,80.364812,-1.349236,-10.239545,5.857766,-71.492505,-6.447931,73.116492,50.095613,5.005137,-7.095616,-1.906208
404.000000,39.801311,-6.029553,75.989765,7.454958,27.981897,-20.612330,-19.926153,15.034472,27.727401,-4.063478,0.319417,-9.326005,-37.427162,4.398729,7.121641,10.688801,-2.191710,5.812349,-16.800903,-9.301416,14.281220,-62.422403,32.877867,-46.090728,79.258369,-0.932194,-10.999637,4.400519,-71.680335,-7.524807,73.544813,49.449323,4.563777,-7.247946,-1.503290
405.000000,39.602605,-6.140503,75.910068,7.351883,28.451721,-20.240666,-20.695893,15.297110,26.961946,-4.061328,0.340631,-9.381156,-37.591920,4.417349,6.771491,9.874831,-1.874631,6.279089,-15.115347,-10.428448,14.214886,-63.377660,32.721647,-48.031769,76.215649,-0.112750,-12.092031,4.087189,-71.728796,-9.037488,73.548761,49.422508,4.048590,-7.464705,-1.588078
406.000000,39.468133,-6.234380,75.820923,7.327876,28.939508,-19.892353,-21.491033,15.432710,26.066305,-4.044021,0.454211,-9.246071,-37.832387,4.355799,6.500796,9.195255,-1.748842,6.627543,-12.918503,-11.283823,14.036218,-64.133229,32.051697,-50.090367,72.440194,1.278088,-13.190451,5.017483,-71.317229,-10.782289,72.793028,49.997203,3.795298,-7.562886,-1.758472
407.000000,39.373177,-6.275181,75.786346,7.223982,29.337928,-19.505317,-22.171725,15.535742,25.220721,-4.015065,0.654099,-9.035636,-37.905364,4.263109,6.089873,8.476056,-1.368187,7.126260,-10.490608,-12.247518,14.101461,-64.730734,31.174141,-51.935905,68.763544,1.103606,-14.189263,4.885946,-70.942047,-12.525705,72.573089,50.743419,2.963468,-7.682305,-2.457702
408.000000,39.345634,-6.338137,75.785989,7.254352,29.444511,-19.555106,-22.319103,15.634648,25.278322,-3.979995,0.749827,-8.792867,-37.889283,4.328097,6.061753,8.123988,-1.066509,7.451222,-7.907505,-13.467574,14.287786,-65.017780,30.623611,-53.558727,65.209892,2.396511,-13.933927,5.956352,-70.421115,-13.724394,72.280873,51.774227,2.130475,-7.718718,-3.665341
409.000000,39.340135,-6.457350,75.788426,7.335286,29.381030,-19.967003,-22.087575,15.860268,25.881550,-3.967448,0.773042,-8.766990,-37.883654,4.636244,6.294695,8.119402,-0.881057,7.762215,-5.156234,-14.964815,14.346792,-65.010287,30.487157,-55.181498,61.467850,3.003708,-14.219082,4.391389,-69.752426,-14.512654,71.596283,52.773856,2.594942,-7.768743,-3.743661
410.000000,39.337811,-6.549378,75.801504,7.308039,29.309423,-20.395946,-21.819768,16.187919,26.518995,-3.930888,0.766449,-8.672243,-37.841721,5.036428,6.440502,8.125079,-0.543815,8.193067,-2.766548,-16.472789,14.330382,-64.970617,30.762042,-56.846780,58.453661,4.247854,-14.417126,2.610220,-69.276457,-14.895338,71.193384,53.404027,2.743367,-8.005751,-3.857039
411.000000,39.370680,-6.601320,75.798738,7.172469,29.279037,-20.558722,-21.644863,16.456769,26.850112,-3.887155,0.617655,-8.498266,-37.760598,5.346596,6.596784,8.105141,-0.379618,8.488227,-0.818401,-17.786361,14.273860,-64.698461,30.897580,-57.875615,56.342534,4.771159,-14.523289,1.125453,-68.960848,-15.126159,70.737845,53.653492,1.850639,-8.246413,-3.736846
412.000000,39.422736,-6.589406,75.785625,6.795277,29.342302,-20.228976,-21.680101,16.697432,26.643294,-3.865365,0.478623,-8.390055,-37.599901,5.508866,6.369052,7.991900,-0.316109,8.552159,0.537573,-18.617916,14.284505,-64.345764,30.897580,-58.373392,54.774682,5.005447,-14.596475,0.060356,-68.669417,-15.327045,70.095773,53.481539,1.215211,-8.605543,-3.886385
413.000000,39.489082,-6.501912,75.768238,6.151240,29.417690,-19.358891,-21.848262,16.861031,26.029931,-3.872795,0.292631,-8.300644,-37.294513,5.467721,5.746483,7.840364,-0.416696,8.401669,1.296089,-18.881822,14.511830,-64.059934,30.796865,-58.785963,53.673853,5.132377,-14.626550,0.304754,-68.466813,-15.531490,69.560620,53.191836,1.415921,-8.774119,-4.336505
414.000000,39.536285,-6.342746,75.761521,5.261611,29.535050,-17.970983,-22.244394,16.958258,25.034141,-3.890663,0.238362,-8.206947,-36.998032,5.260094,4.759557,7.796115,-0.568979,8.083907,1.426722,-18.562902,14.764786,-63.730098,30.478162,-59.037901,53.221029,4.934081,-14.537409,1.011788,-68.478548,-15.639588,69.398451,52.960952,1.318524,-8.874067,-4.217831
415.000000,39.587346,-6.124674,75.775141,4.321335,29.617133,-16.343418,-22.710155,16.897821,23.775298,-3.931231,0.263974,-8.227195,-36.629492,4.894451,3.667990,7.700780,-0.735644,7.741466,1.311426,-17.950157,15.002263,-63.409680,30.098858,-58.888894,53.114123,5.130286,-14.519375,1.117614,-68.584491,-15.575505,69.454227,52.946517,0.957201,-8.834727,-4.331840
416.000000,39.606017,-5.872980,75.809968,3.581020,29.713933,-14.822382,-23.276146,16.649887,22.449249,-3.957412,0.451526,-8.169628,-36.378052,4.367173,2.571885,7.598269,-0.896890,7.551102,1.184357,-17.355777,15.126373,-63.306080,29.738951,-58.819759,53.488526,5.819478,-14.501214,1.327509,-68.605787,-15.374836,69.592791,53.020272,0.583286,-8.705351,-4.352930
417.000000,39.643809,-5.609955,75.836778,3.145236,29.796404,-13.702450,-23.738087,16.262168,21.429602,-3.975289,0.625514,-8.109852,-36.216412,3.776893,1.751937,7.511758,-0.970874,7.726035,1.249582,-16.996794,15.131702,-63.435109,29.409664,-59.642359,54.349987,7.053664,-14.895514,2.516398,-68.634734,-14.960006,69.956437,53.211593,0.253945,-8.630911,-4.709834
418.000000,39.686114,-5.331120,75.869507,2.894294,29.887239,-13.011273,-24.078659,15.904391,20.680568,-3.984092,0.636546,-7.936013,-36.148052,3.273652,1.168805,7.438109,-0.858853,7.948766,1.589781,-16.740355,15.065843,-63.314979,29.020473,-60.225562,55.173609,7.284525,-14.961657,3.013478,-68.636284,-14.593401,70.011672,53.233398,0.807631,-8.746394,-4.269893
419.000000,39.745080,-5.059870,75.895846,2.672258,29.835237,-12.631506,-24.091204,15.668893,20.290774,-3.998383,0.504319,-7.802847,-36.017336,2.994546,0.970946,7.508531,-0.859419,8.164742,2.010607,-16.540828,15.002087,-63.050057,28.706052,-60.668445,56.064737,6.911556,-14.771408,3.627533,-68.839359,-14.111943,70.408213,53.289471,0.521419,-8.669230,-4.084387
420.000000,39.797243,-4.767374,75.922328,2.480777,29.672275,-12.334630,-23.964832,15.400825,20.066677,-3.997345,0.291243,-7.510868,-35.853340,2.705217,0.876490,7.689998,-0.954507,8.315620,2.315100,-16.349864,14.982872,-62.841845,28.433408,-60.876131,57.038770,6.939793,-14.621355,4.001021,-68.990327,-13.561919,70.650534,53.220868,0.494109,-8.530959,-3.918545
421.000000,39.853999,-4.464868,75.965339,2.234018,29.427806,-11.888903,-23.784418,15.085603,19.799241,-4.003077,0.124643,-7.387747,-35.526426,2.330569,0.565754,7.817779,-1.063815,8.434437,2.369520,-15.921039,15.178656,-62.524412,28.344780,-60.942807,57.639147,6.862126,-14.498697,4.527830,-69.014513,-13.019523,70.731977,52.952592,1.238689,-8.485513,-4.505458
422.000000,39.900970,-4.150949,76.002252,1.968148,29.223064,-11.334609,-23.699146,14.725090,19.279614,-4.007999,0.002766,-7.153837,-35.251532,1.907330,0.232968,7.986884,-1.174056,8.524690,2.383412,-15.467913,15.258153,-62.217129,28.166155,-61.045690,58.060993,7.058435,-14.560751,4.164212,-69.150625,-12.852224,70.779188,52.833870,0.392123,-8.361627,-3.438553
423.000000,39.924642,-3.828282,76.036489,1.665878,28.959935,-10.700488,-23.600289,14.353292,18.668261,-4.010058,-0.167832,-6.980560,-34.940068,1.455495,-0.104695,8.192951,-1.342723,8.680840,2.372284,-15.015986,15.523920,-62.210285,27.907113,-61.273798,58.435151,7.378491,-14.510448,4.080950,-68.956593,-12.647634,70.910368,52.420285,1.075379,-8.315078,-2.669717
424.000000,39.956182,-3.541826,76.061499,1.390223,28.746199,-10.080626,-23.528916,13.997934,18.073831,-4.033029,-0.269352,-6.905561,-34.615201,1.033534,-0.439310,8.277702,-1.490032,8.898844,2.419158,-14.733498,15.589321,-62.110954,27.525128,-61.501018,58.744210,7.779391,-14.389573,4.020187,-68.751161,-12.709560,71.160100,51.732905,1.149172,-7.910442,-2.285547
425.000000,39.966014,-3.292771,76.056993,1.207109,28.744118,-9.512539,-23.704933,13.630283,17.481786,-4.056049,-0.386458,-6.709754,-34.481780,0.590556,-0.806253,8.245424,-1.614673,9.085749,2.554909,-14.612886,15.329689,-62.012059,27.012268,-61.734781,59.052279,8.084549,-14.495750,3.544943,-68.624236,-13.069663,71.365798,51.331966,0.335228,-7.640246,-1.006431
426.000000,39.954665,-3.074742,76.039964,1.024310,28.863468,-8.949196,-24.033778,13.323053,16.966386,-4.079742,-0.417611,-6.668684,-34.501949,0.212449,-1.162036,8.208111,-1.722559,9.134984,2.586419,-14.405180,15.209597,-61.977615,26.642681,-61.888720,59.094605,8.172402,-14.491843,3.502846,-68.620657,-13.559642,71.463982,51.069806,-0.018780,-7.536521,-0.264396
427.000000,39.927834,-2.858783,76.028967,0.846036,28.905207,-8.468306,-24.258660,13.047371,16.466898,-4.091098,-0.527382,-6.508231,-34.457946,-0.116498,-1.494313,8.150596,-1.784773,9.237139,2.635398,-14.300487,15.160255,-61.981890,26.246807,-61.946121,59.214216,8.119609,-14.392529,3.666279,-68.593110,-13.965810,71.502313,50.968244,-0.120243,-7.393355,0.169853
428.000000,39.909342,-2.670276,76.020914,0.710758,28.971115,-8.095150,-24.469767,12.804389,16.155334,-4.096661,-0.613720,-6.303021,-34.477019,-0.415935,-1.784331,8.163800,-1.814577,9.355378,2.720044,-14.276858,15.144959,-62.195573,25.770007,-62.039920,59.547317,8.153267,-14.448092,3.837493,-68.644890,-14.262781,71.460342,51.114895,0.132204,-7.472470,0.411482
429.000000,39.910898,-2.488966,76.023120,0.443686,28.979508,-7.558609,-24.637705,12.611011,15.678976,-4.105555,-0.658135,-6.194768,-34.386444,-0.661239,-2.060963,8.187551,-1.829508,9.443128,2.629935,-14.050168,15.097102,-62.125277,25.380843,-62.092594,59.721378,8.019714,-14.355710,4.300551,-68.583999,-14.580924,71.431013,51.121688,0.320611,-7.469451,0.389524
430.000000,39.931434,-2.315679,76.041317,0.147816,28.934648,-6.913768,-24.758835,12.379014,15.067792,-4.127408,-0.609274,-6.128362,-34.194546,-0.942151,-2.409975,8.182217,-1.827535,9.685715,2.589126,-13.805742,15.010258,-62.055089,24.853117,-61.999656,59.852244,7.982481,-14.454608,4.029647,-68.314234,-14.977032,71.181725,51.303221,0.648754,-7.856791,0.425075
431.000000,39.972967,-2.137715,76.063216,-0.109815,28.886498,-6.324883,-24.846196,12.136999,14.505684,-4.138573,-0.569806,-6.023023,-33.997775,-1.234208,-2.726003,8.190248,-1.804568,9.838153,2.579381,-13.555368,14.971788,-61.994219,24.312176,-61.959248,59.931638,7.966705,-14.359206,4.216856,-68.060581,-15.274550,71.158345,51.264719,0.476196,-7.574249,0.320322
432.000000,40.027446,-1.975592,76.078779,-0.299304,28.819892,-5.816895,-24.878266,11.868636,14.031660,-4.146790,-0.516559,-5.841736,-33.779080,-1.535110,-3.012846,8.175328,-1.851108,9.955417,2.642177,-13.327830,14.912786,-61.865927,23.758372,-61.889048,60.012508,8.204585,-14.233411,4.322442,-67.584558,-15.539037,70.764790,51.397334,-0.099544,-7.425832,0.631569
433.000000,40.074417,-1.816009,76.092499,-0.505351,28.765954,-5.322309,-24.929475,11.639883,13.601508,-4.152784,-0.530866,-5.726282,-33.576776,-1.816052,-3.375771,8.173370,-1.882928,9.992666,2.721176,-13.052443,14.799738,-61.663986,23.112430,-61.884171,60.344988,8.149187,-14.114786,4.425866,-67.180730,-15.890766,70.713481,51.445781,0.119705,-7.498889,1.412026
434.000000,40.132004,-1.650955,76.112747,-0.708202,28.682374,-4.821498,-24.927182,11.396801,13.209119,-4.165514,-0.541807,-5.627918,-33.296517,-2.122854,-3.812795,8.119428,-1.941279,10.052715,2.786607,-12.725097,14.754657,-61.646644,22.266103,-62.081352,61.297683,8.129663,-14.039479,4.091358,-67.006977,-16.227908,70.918401,51.596038,1.109751,-7.526275,2.054056
435.000000,40.159816,-1.466727,76.146811,-0.950184,28.527331,-4.220537,-24.905962,11.117075,12.724677,-4.170083,-0.494201,-5.456520,-32.956749,-2.451291,-4.272886,8.074205,-1.969388,10.085171,2.811229,-12.160482,14.753786,-61.936804,21.246555,-62.763353,62.857070,7.977048,-13.845275,2.604099,-67.101384,-16.718927,71.568887,51.762131,0.976151,-7.206981,3.625873
436.000000,40.161067,-1.289603,76.195037,-1.296758,28.260340,-3.431181,-24.833079,10.850516,12.097121,-4.185793,-0.379322,-5.399775,-32.558959,-2.776744,-4.832121,8.208655,-2.006926,10.053196,2.699366,-11.261700,14.672102,-62.634973,20.317714,-63.808372,64.831356,7.864357,-13.545914,0.527359,-67.734050,-17.833890,72.419307,51.390347,-0.727647,-6.964204,5.217740
437.000000,40.109509,-1.103735,76.269341,-1.860970,27.880724,-2.264752,-24.808927,10.605079,11.258806,-4.176884,-0.114304,-5.430948,-32.023912,-3.117023,-5.587069,8.372124,-1.932743,9.906291,2.216097,-9.963678,14.966386,-63.708371,19.941053,-63.157810,66.383708,5.249426,-12.492980,-1.211806,-68.863675,-19.757500,72.396488,50.436562,-2.640740,-7.272578,5.040216
438.000000,39.937341,-0.851612,76.254320,-1.890958,29.521734,-0.836441,-27.112361,9.471025,10.330416,-4.957704,1.377544,-5.124429,-34.205126,-4.319157,-6.258508,9.127047,-1.605835,9.970031,0.737222,-8.763846,12.959948,-63.752637,19.106471,-61.467277,67.423202,1.090496,-11.020770,1.488258,-68.625574,-21.305233,71.523501,49.474356,-2.488311,-7.047926,1.985510
439.000000,39.765352,-0.626349,76.384807,-3.449497,27.987926,1.190297,-26.316649,9.844414,8.555369,-4.262909,1.038695,-5.543896,-31.985650,-4.114716,-7.715632,8.808827,-1.557131,9.760749,-0.486512,-6.211653,16.625276,-66.436403,20.953043,-59.808695,68.466349,-3.751365,-10.989649,7.842398,-71.004796,-24.954655,69.363146,48.408402,1.019351,-7.383595,-3.000770
440.000000,39.507234,-0.323040,76.358259,-4.242121,29.125262,3.347320,-28.321601,8.986242,6.894125,-4.959790,2.372690,-5.323303,-33.143589,-5.036693,-8.925061,8.774027,-1.117088,9.554836,-2.792923,-4.282155,16.508217,-67.499365,19.573183,-59.414764,72.476920,-8.227956,-9.034056,12.702300,-71.413815,-23.777111,67.301426,52.839139,2.963541,-7.152324,-8.447981
441.000000,39.281672,-0.063278,76.350385,-5.592053,28.891828,5.522724,-28.973522,8.873782,5.037399,-4.957262,2.711572,-5.519483,-32.162572,-5.182964,-10.666671,7.754981,-0.811967,9.245169,-5.122708,-1.780638,18.558367,-70.475893,17.735419,-63.580045,81.144225,-10.348922,-6.972516,10.839619,-74.810529,-21.591592,69.394059,60.168072,4.739207,-6.163671,-9.756167
442.000000,39.100006,0.177138,76.229095,-6.497269,30.059603,6.902317,-30.891692,8.617156,3.896990,-4.970211,2.967535,-5.749992,-33.098281,-5.432389,-11.785695,7.111617,-0.478578,9.148944,-6.932751,0.138229,18.601776,-71.904072,15.672953,-68.199698,87.927498,-9.680956,-6.044510,6.653973,-77.225254,-18.323608,73.094786,67.442183,4.765707,-5.060663,-7.784777
443.000000,38.907662,0.366640,76.121157,-6.978036,31.010088,7.449433,-32.287940,8.493621,3.539559,-4.974028,3.067947,-5.811730,-34.053728,-5.531273,-12.136249,6.652485,-0.068107,9.165036,-7.036038,1.595034,18.649575,-72.242494,15.932466,-69.849333,85.017209,-10.303609,-7.366747,6.021003,-78.505675,-16.983390,76.661237,70.343176,4.365365,-4.952463,-5.692884
444.000000,38.829675,0.530677,76.034713,-6.966530,31.962335,7.330626,-33.345038,8.303887,3.718870,-4.979225,3.107539,-5.770823,-35.061424,-5.676496,-11.795906,6.300619,0.366855,9.461557,-6.075473,2.525898,18.207268,-71.936256,16.516340,-69.197384,78.495457,-10.201663,-9.605380,8.614659,-78.049391,-17.009763,76.060495,69.498985,4.677197,-5.347954,-5.622966
445.000000,38.824543,0.686743,75.985491,-6.681963,32.631278,6.957383,-33.943844,8.035335,3.952350,-4.981214,3.115918,-5.595380,-35.835154,-5.905671,-11.316620,6.170783,0.599773,9.632437,-5.084417,3.274862,17.926492,-71.147827,17.147612,-67.245740,72.205174,-8.950720,-10.526624,8.976232,-76.852360,-17.393290,72.912570,67.274508,4.343920,-6.117152,-5.637046
446.000000,38.911191,0.834097,76.135892,-6.457261,30.150639,6.388098,-30.957508,8.373405,4.126490,-4.614134,2.116217,-5.856955,-32.834789,-5.565754,-11.290979,5.939351,0.223302,9.652300,-4.389269,4.747603,21.700797,-71.739102,17.815789,-65.822089,68.133582,-9.808681,-11.204537,8.158968,-77.524833,-20.474872,74.213004,62.683522,5.123774,-6.803460,-4.952611
447.000000,38.946265,1.035146,76.055598,-6.339592,31.893332,6.910012,-32.957432,7.447567,3.900240,-4.974357,2.897386,-5.399632,-34.655885,-6.482690,-11.852610,5.764719,0.586035,9.608358,-4.804959,5.521843,19.434948,-70.293841,16.616452,-66.962389,67.289644,-9.069337,-11.348516,8.479895,-76.314414,-18.988204,74.321877,62.228447,3.210784,-6.368363,-4.533296
448.000000,38.980332,1.199495,76.009160,-6.485010,32.626762,7.394327,-33.882420,7.003175,3.593462,-4.977175,3.139232,-5.286710,-35.362707,-6.947191,-12.540839,5.802471,0.566161,9.471169,-5.276411,6.568268,18.400492,-70.018694,15.779470,-67.802216,67.760811,-7.579477,-11.286821,8.092291,-75.546537,-18.702685,74.032311,61.977922,1.822471,-6.525432,-3.815026
449.000000,39.037493,1.359473,75.965661,-6.668450,33.158185,7.891076,-34.570497,6.621830,3.223041,-4.978029,3.226971,-5.152999,-35.882856,-7.326112,-12.938054,5.942890,0.419083,9.424161,-5.618862,7.621481,17.552019,-70.010791,14.674870,-67.588943,68.718779,-6.067927,-11.217484,8.094509,-74.701349,-18.677325,73.083304,61.836715,0.816729,-6.622266,-3.877039
450.000000,39.129311,1.505662,76.064342,-6.403494,31.069400,7.538991,-32.109126,6.736732,3.176102,-4.593650,2.277361,-5.311815,-33.350936,-7.191235,-12.831036,5.891030,-0.129893,9.663369,-5.836428,8.679504,20.347178,-71.432400,14.615799,-65.570328,69.070199,-4.775326,-11.109719,7.111752,-75.202357,-20.708780,72.346081,60.530298,-0.076481,-7.140958,-3.572966
451.000000,39.145148,1.642695,75.878590,-6.222941,33.401235,7.692840,-34.627164,5.971427,3.215850,-4.975613,2.937236,-4.916041,-36.076581,-7.973270,-12.779217,6.000663,0.064218,9.704104,-5.902121,8.685040,16.666015,-69.952612,13.793483,-64.771695,69.281279,-3.327400,-10.994590,7.725482,-73.349320,-19.154437,71.170749,61.092231,-0.386089,-6.696418,-4.247891
452.000000,39.295846,1.648710,75.967389,-5.624077,31.607181,6.686681,-32.239886,6.269708,3.711850,-4.620297,1.929252,-4.973605,-33.943670,-7.672977,-12.399239,5.961131,-0.599885,9.593252,-5.709446,8.914989,18.781168,-70.744593,14.608516,-63.045235,68.661863,-3.461908,-11.045434,7.326629,-73.764786,-21.057325,70.842101,60.160347,-0.466215,-7.268921,-2.852772
453.000000,39.297414,1.678904,75.844646,-5.059259,33.636430,6.149363,-34.270143,5.733863,4.317425,-4.977122,2.556347,-4.425027,-36.521356,-8.223021,-12.022934,6.140584,-0.245686,9.626084,-5.435747,8.336971,15.669499,-69.234294,14.558886,-63.173267,68.219875,-3.535653,-11.219469,7.911522,-72.807030,-19.571543,70.731691,61.281816,-0.962421,-7.022474,-2.646058
454.000000,39.312336,1.670253,75.982469,-4.599169,31.576883,5.192955,-31.741733,6.127697,4.967447,-4.583178,1.648244,-4.445937,-34.305885,-7.827097,-11.624170,6.268081,-0.644823,9.657893,-5.369933,8.334339,18.420648,-70.413718,15.832833,-62.529617,67.766753,-4.163711,-11.488489,7.085298,-74.119041,-21.383953,71.617245,60.769989,-1.870522,-7.562417,-1.732180
455.000000,39.271811,1.655492,75.906247,-4.233478,33.301585,4.935983,-33.563731,5.723137,5.441692,-4.974126,2.421066,-4.205924,-36.680797,-8.263445,-11.289383,6.743954,-0.299352,9.766694,-5.349590,7.962549,15.777498,-69.341474,15.627375,-63.101454,68.089384,-3.822057,-11.491830,7.346255,-73.439171,-19.972923,71.655808,61.921484,-2.024839,-6.911606,-1.959077
456.000000,39.282796,1.618346,76.043499,-4.169651,31.401524,4.687159,-31.441324,6.035654,5.532239,-4.545137,1.779800,-4.500061,-34.432493,-7.943161,-11.286268,6.682135,-0.623509,9.820273,-5.620096,8.353936,18.258469,-70.571079,16.445794,-62.301188,68.278997,-3.843858,-11.366943,6.686500,-74.508136,-21.908730,71.730613,61.219908,-1.484513,-7.412639,-1.282412
457.000000,39.244363,1.609051,75.934196,-4.142804,33.180926,5.022958,-33.470529,5.598266,5.482548,-4.974388,2.565239,-4.364616,-36.646629,-8.427787,-11.353686,6.973829,-0.439191,9.814763,-5.827087,8.330610,15.251387,-69.155911,15.752289,-62.552696,68.867547,-3.390718,-11.228848,7.861921,-73.344962,-20.633404,71.600969,61.974671,-2.493437,-6.812171,-2.423067
458.000000,39.237979,1.559203,76.025510,-4.162126,31.189336,4.884154,-31.279367,5.955671,5.424574,-4.554899,1.719325,-4.566979,-34.196934,-8.057128,-11.413030,6.755895,-1.005807,9.763453,-5.969757,8.714410,17.691968,-70.298213,16.299611,-61.782223,69.108469,-3.809680,-11.211547,7.440477,-74.252899,-22.547872,71.663021,61.164911,-2.689346,-7.386303,-1.833393
459.000000,39.160296,1.528265,75.891465,-4.039919,32.901913,5.042105,-33.207283,5.559017,5.556943,-4.974412,2.338351,-4.343261,-36.365515,-8.487697,-11.330423,6.981590,-0.923343,9.870656,-5.770086,8.599995,14.983309,-69.217151,15.457572,-62.225612,69.607441,-3.743956,-11.125454,8.234709,-73.165772,-21.261351,71.485962,61.885947,-1.972088,-6.958527,-3.470026
460.000000,39.122355,1.479029,75.985813,-4.026030,30.907950,4.834460,-31.010500,5.927248,5.565287,-4.559543,1.520078,-4.582122,-33.968764,-8.107607,-11.316995,6.792352,-1.376525,9.903888,-5.783490,8.927094,17.558832,-70.423123,16.086747,-61.644568,69.470892,-3.879017,-11.143390,7.546416,-74.097492,-23.079260,71.578450,60.940485,-1.208712,-7.571253,-3.101169
461.000000,39.019889,1.463022,75.858760,-3.950528,32.741811,4.958628,-33.110175,5.587391,5.638049,-4.974944,2.265540,-4.404365,-36.355133,-8.489526,-11.224661,7.103088,-1.139723,9.890245,-5.706746,8.652255,14.487048,-68.787259,15.499612,-62.196324,69.513226,-3.451822,-11.137342,8.377711,-72.865394,-21.376742,71.304873,61.656022,-1.650951,-7.026807,-3.649046
462.000000,38.962054,1.434094,75.964946,-3.906729,30.815203,4.643864,-30.979638,5.961972,5.648251,-4.576934,1.498909,-4.673901,-34.072286,-8.077210,-11.083093,6.890416,-1.458524,9.965423,-5.814085,8.854228,17.163869,-69.810646,16.330342,-61.416439,69.100819,-3.553903,-11.270435,7.720411,-73.959781,-22.807250,71.465936,60.681853,-1.856574,-7.531463,-3.299867
463.000000,38.840619,1.443473,75.846064,-3.776515,32.586718,4.736150,-33.017056,5.566767,5.737264,-4.975698,2.210625,-4.536415,-36.381638,-8.483405,-10.915649,7.124344,-1.156532,10.032653,-5.828455,8.494409,14.519807,-68.384557,15.849483,-61.873010,69.104350,-3.161869,-11.249509,8.038552,-73.052104,-21.028214,71.225267,61.254229,-1.994876,-6.947343,-3.467382
464.000000,38.768184,1.434455,75.939828,-3.689671,30.651023,4.471850,-30.887024,5.827430,5.655289,-4.586872,1.476784,-4.735756,-34.020131,-8.186644,-10.858575,6.800039,-1.496122,10.125935,-5.982623,8.523144,17.178913,-69.432875,16.549265,-61.296044,68.852856,-3.399265,-11.330871,6.878240,-74.290301,-22.397963,71.160886,60.420707,-1.991161,-7.448816,-0.766826
465.000000,38.655102,1.450311,75.814706,-3.436553,32.444668,4.422414,-32.909579,5.390924,5.671330,-4.975324,2.176641,-4.564682,-36.283925,-8.622697,-10.636202,6.858873,-1.115671,10.189082,-6.174745,7.722764,14.324467,-67.908603,16.046136,-61.879595,69.159784,-2.723444,-11.274371,7.181480,-73.215065,-19.964783,70.731226,61.229552,-2.846888,-6.983255,-1.030670
466.000000,38.602769,1.417700,75.907648,-3.173837,30.512511,3.803128,-30.688955,5.706518,5.821633,-4.554289,1.302891,-4.748963,-34.031851,-8.271372,-10.339907,6.609647,-1.449627,10.264566,-6.224790,7.110510,16.923433,-69.038555,16.900357,-61.274952,69.061477,-2.356876,-11.312973,5.943955,-74.175124,-20.618174,70.702731,60.407265,-3.740579,-7.462568,-0.911634
467.000000,38.507211,1.387659,75.806236,-2.494648,32.018456,2.998164,-32.172250,5.392505,6.498139,-4.972842,1.832878,-4.460718,-36.262704,-8.567940,-9.493592,6.926471,-1.151524,10.408464,-6.000707,5.543470,14.373076,-67.690870,16.523495,-61.748120,69.409366,-1.605163,-11.395127,6.021483,-72.764157,-18.093782,69.869277,61.123691,-3.308323,-7.049255,-1.810188
468.000000,38.461807,1.291240,75.931549,-2.104877,29.913238,1.970394,-29.673798,5.863156,7.097664,-4.498458,0.941777,-4.657645,-34.074277,-8.063065,-8.842280,6.955861,-1.386811,10.668552,-5.629512,3.828379,17.495226,-69.428074,17.654649,-61.409507,69.455203,-1.310822,-11.601548,4.883531,-73.745983,-18.771199,69.487292,60.100166,-1.341479,-7.669683,-1.757906
469.000000,38.368642,1.196809,76.011139,-1.740681,28.698620,0.978263,-28.144778,6.228122,7.935623,-4.427320,0.589648,-4.508002,-33.093448,-7.661158,-8.096268,7.095568,-1.363675,10.797220,-5.157954,1.990678,18.872446,-69.960555,18.146211,-61.574435,69.320164,-0.963151,-11.592780,4.835152,-73.851448,-18.711913,70.159785,58.968015,-0.871950,-7.864252,-2.470720
470.000000,38.268721,1.136701,75.886887,-1.086440,30.750406,0.237552,-30.270551,5.947748,8.731513,-4.970791,1.396168,-3.993429,-36.091345,-7.877351,-7.145873,7.663964,-0.959385,11.160097,-4.689138,0.205737,15.738991,-68.633511,17.002554,-62.765129,69.668162,0.296250,-11.766259,6.568934,-72.305667,-17.400382,70.519552,58.883047,-1.960044,-7.798268,-3.582208
471.000000,38.227013,1.096178,75.938922,-1.720244,29.407003,0.648976,-28.962772,6.480292,8.392954,-4.513681,0.714693,-4.166165,-34.142425,-7.369596,-7.530034,7.129769,-1.070060,11.473425,-4.303562,-0.066594,18.060641,-70.434140,17.120641,-62.464402,69.268070,0.132545,-11.862789,5.276256,-73.245856,-19.290244,70.343340,57.944921,-1.705076,-8.232613,-2.898042
472.000000,38.148344,1.119155,75.943041,-2.264336,28.933340,1.446069,-28.727274,6.566216,7.753778,-4.451486,0.662186,-4.274735,-33.203759,-7.307135,-8.158903,6.560066,-0.935614,11.727249,-3.970985,0.017566,19.267538,-71.884859,16.421687,-62.690919,68.607126,0.275561,-11.979003,3.872947,-73.783132,-20.606027,69.846512,57.966716,-1.394957,-7.952805,-1.270510
473.000000,38.048285,1.201721,75.793505,-2.470506,31.348951,2.376500,-31.687327,5.960073,7.164070,-4.972548,1.786237,-4.048544,-35.945083,-7.923784,-8.620909,6.598028,-0.425968,11.847190,-3.900085,-0.161797,16.001543,-71.184737,14.641166,-63.815591,68.277078,0.850561,-12.038350,4.423620,-72.396891,-19.999993,69.496540,58.996176,-1.535751,-7.526479,-1.405224
474.000000,38.017845,1.269555,75.873435,-3.260103,29.889178,3.292227,-30.361844,6.266039,6.404039,-4.606808,1.348818,-4.376525,-33.937823,-7.679802,-9.532016,6.464555,-0.768935,11.668991,-3.778366,0.308207,18.150765,-72.779265,15.091101,-63.940488,67.717344,1.120471,-12.442533,4.822562,-73.410060,-21.705166,69.719334,58.471098,-1.923110,-7.868688,-1.476456
475.000000,37.955856,1.380996,75.764382,-3.414519,31.750353,3.911872,-32.625604,5.770724,6.253041,-4.978790,2.159979,-4.269635,-36.092106,-8.209907,-9.921336,6.544687,-0.405102,11.568269,-3.686433,0.041944,15.452521,-71.850168,14.003484,-64.901147,67.990367,1.967869,-12.578790,6.759220,-72.266694,-20.625262,69.892472,59.116312,-2.864448,-7.239364,-2.882067
476.000000,37.948704,1.465979,75.840813,-3.816308,30.157666,4.207822,-30.927742,6.087074,5.816210,-4.699652,1.505882,-4.466439,-34.076213,-7.898823,-10.294266,6.436791,-0.803044,11.586583,-3.191810,0.391337,18.155059,-73.711340,14.569577,-63.662650,67.761344,0.802560,-12.235549,5.110258,-73.991378,-22.217256,69.987630,58.598180,-3.176674,-7.561057,-0.764865
477.000000,37.942320,1.612130,75.715786,-3.854164,31.971554,4.554527,-33.040391,5.603674,5.616608,-4.982635,2.093146,-4.163164,-36.281125,-8.406829,-10.332381,6.687054,-0.529953,11.761441,-3.363619,0.134445,14.978782,-72.086916,13.887471,-63.574731,67.858394,0.715735,-11.698266,5.102240,-72.689940,-20.552644,70.004070,58.991183,-3.239914,-7.206505,0.798679
478.000000,37.975249,1.715094,75.789148,-4.189147,30.313100,4.664539,-31.174100,5.973352,5.372015,-4.746938,1.344590,-4.322961,-34.184291,-8.034432,-10.567157,6.559116,-0.903613,11.753189,-3.170760,0.520653,16.834171,-72.875414,14.916962,-63.154422,67.565973,0.346933,-11.814737,4.479134,-73.633667,-21.656175,69.966880,57.928125,-3.134324,-7.649978,2.083712
479.000000,37.976182,1.848283,75.677705,-4.081022,32.164931,4.840678,-33.290417,5.435760,5.421850,-4.984495,1.892749,-4.046566,-36.423732,-8.564355,-10.442837,6.718562,-0.580082,11.855373,-3.232160,0.260693,13.815746,-71.410659,14.461855,-63.958465,67.557183,0.954010,-11.769867,4.910307,-72.451211,-20.055654,69.682874,58.208122,-3.409913,-7.244942,1.489115
480.000000,38.023144,1.947337,75.765198,-4.297469,30.566342,4.934167,-31.440997,5.683582,5.178950,-4.803068,1.288590,-4.278714,-34.297317,-8.312255,-10.800745,6.442339,-0.898390,11.967321,-3.017172,0.715533,15.951535,-72.651944,15.535272,-63.705304,67.129087,1.180383,-12.069601,3.742678,-73.566212,-21.134969,69.546024,57.249532,-3.307812,-7.757831,2.112037
481.000000,38.074553,2.056610,75.789964,-4.374642,29.929305,5.160449,-30.754201,5.575135,4.891853,-4.743033,1.053675,-4.348273,-33.285790,-8.411713,-11.114466,6.091007,-0.960075,12.225180,-2.722275,0.961094,16.501401,-73.057568,15.663599,-63.469895,66.847294,1.847538,-12.230661,3.242645,-73.680570,-21.501992,68.952440,56.736305,-3.748244,-7.915164,2.329883
482.000000,38.089332,2.178355,75.621068,-4.414575,32.481589,5.620668,-33.726252,4.928239,4.682096,-4.986304,1.776754,-4.161157,-36.158120,-9.059008,-11.247770,6.051501,-0.495166,12.398549,-2.793207,0.722180,12.751986,-71.724144,14.712033,-63.538805,67.192362,2.920109,-12.223130,3.710762,-72.231846,-19.842577,68.150173,57.583993,-4.568819,-7.645791,1.597591
483.000000,38.164800,2.256056,75.677645,-4.682557,31.142527,5.807904,-32.178647,5.177907,4.310173,-4.826732,1.128827,-4.318701,-34.360803,-8.807310,-11.587057,5.905607,-0.851128,12.523726,-2.615994,1.203816,14.465133,-72.801340,15.314285,-62.598096,67.254503,2.287550,-11.994292,1.202148,-73.043621,-21.034669,67.555359,56.952293,-4.447818,-7.951057,2.478465
484.000000,38.178274,2.326163,75.711817,-4.721365,30.555117,5.870009,-31.546059,5.173240,4.231250,-4.748421,0.940779,-4.232455,-33.584320,-8.809991,-11.738235,5.765728,-0.852370,12.722990,-2.362621,1.403480,15.328596,-73.464914,15.344519,-61.878263,67.182041,2.091296,-11.825236,0.909681,-73.471150,-21.424553,67.034031,56.768366,-4.216529,-7.936509,2.589235
485.000000,38.179460,2.381411,75.719130,-4.751746,30.403923,5.911135,-31.387697,5.145868,4.224481,-4.731330,0.900496,-4.286938,-33.341292,-8.834251,-11.817541,5.651506,-0.769741,12.889033,-2.226435,1.559461,15.451211,-73.731633,15.321429,-61.785119,66.991349,2.712950,-12.055042,2.699110,-73.673187,-21.606796,66.833756,56.726220,-4.449637,-8.260913,1.852240
486.000000,38.169989,2.420460,75.716013,-4.753677,30.428139,5.903647,-31.412774,5.114621,4.268505,-4.738829,0.894865,-4.288508,-33.330835,-8.872296,-11.875510,5.569498,-0.700561,13.019573,-2.055723,1.662988,15.472130,-74.017353,15.383729,-62.440367,66.738680,3.223927,-12.177503,2.987268,-73.953689,-21.817854,66.978768,56.730073,-4.474984,-8.411153,1.675495
487.000000,38.163444,2.451738,75.710744,-4.745454,30.496649,5.922202,-31.480530,5.058429,4.258084,-4.752423,0.932653,-4.157848,-33.380203,-8.914961,-11.860057,5.501238,-0.626792,13.144687,-1.956839,1.695369,15.536915,-74.363603,15.605766,-63.223571,66.430543,3.580429,-12.331773,2.607316,-74.239334,-22.011707,67.125747,56.770033,-4.254708,-8.434025,1.756527
488.000000,38.158661,2.470736,75.707579,-4.755530,30.530828,5.939860,-31.522419,5.036222,4.241623,-4.762094,0.934214,-4.149492,-33.373052,-8.951088,-11.950277,5.421999,-0.562062,13.180252,-1.885424,1.709750,15.610184,-74.567634,15.827696,-63.575858,66.167178,3.535505,-12.429197,2.336125,-74.514721,-22.174902,67.313536,56.802992,-4.097315,-8.432336,1.864561
489.000000,38.159987,2.479056,75.704718,-4.752972,30.564102,5.964211,-31.561109,5.007224,4.235113,-4.764627,0.950447,-4.143381,-33.353603,-8.979059,-11.991837,5.335665,-0.516971,13.166549,-1.845896,1.683057,15.729712,-74.753251,15.885707,-63.517324,66.217482,3.314249,-12.390744,2.317976,-74.846108,-22.315126,67.288578,56.911974,-3.732278,-8.576139,2.122309
490.000000,38.185379,2.479768,75.701171,-4.767870,30.562454,6.020073,-31.552998,4.987451,4.221520,-4.770699,0.940166,-4.174908,-33.286852,-8.989967,-12.017136,5.282245,-0.567843,13.120892,-1.892616,1.623908,15.854585,-74.879507,15.883654,-63.333161,66.400176,3.205500,-12.369923,2.451098,-75.114985,-22.415907,67.188065,56.987089,-3.386427,-8.683423,2.474492
491.000000,38.217652,2.470057,75.705481,-4.783459,30.539161,6.057391,-31.516853,4.989753,4.188779,-4.756952,0.928216,-4.215710,-33.206174,-8.980032,-12.063289,5.228147,-0.579248,13.079794,-2.060849,1.495584,15.818605,-74.714340,15.922631,-63.013693,66.534027,3.299266,-12.298586,2.601479,-75.144006,-22.374508,67.238206,56.878076,-3.957876,-8.570372,2.082513
492.000000,38.264409,2.447499,75.718886,-4.768330,30.485295,6.069695,-31.422545,4.992338,4.192464,-4.740401,0.863878,-4.242396,-33.094442,-8.981879,-12.089425,5.220724,-0.609161,12.955180,-2.317881,1.306016,15.777932,-74.366137,16.145932,-62.807571,66.459421,3.184466,-12.261153,2.488246,-75.057557,-22.179190,67.060252,56.738692,-4.003897,-8.423312,2.055306
493.000000,38.318342,2.415463,75.739592,-4.706100,30.405970,6.027313,-31.280894,4.995420,4.247189,-4.722065,0.825586,-4.278706,-32.962056,-8.972808,-12.025604,5.201582,-0.600783,12.813192,-2.841317,1.093633,15.824319,-74.002156,16.823972,-62.849782,66.143258,3.287538,-12.392804,2.030375,-75.229630,-21.514432,66.954227,56.963224,-3.765196,-8.479199,2.242507
494.000000,38.390365,2.381893,75.754023,-4.680980,30.326607,5.911695,-31.096834,5.091456,4.340264,-4.725886,0.723782,-4.404789,-32.848835,-8.878342,-11.934986,5.220906,-0.604499,12.637879,-3.643765,0.869988,15.625207,-73.386223,17.727112,-62.901241,65.838652,3.734312,-12.548019,1.337277,-75.406866,-20.245413,66.790665,57.336610,-3.875516,-8.517021,2.533070
495.000000,38.474369,2.350610,75.760710,-4.733827,30.235636,5.831046,-30.902218,5.255855,4.428042,-4.743109,0.536387,-4.576651,-32.736144,-8.721340,-11.828001,5.287579,-0.634522,12.463600,-4.523080,0.650732,15.282079,-72.606851,18.667897,-62.706423,65.648848,4.441908,-12.597409,0.686725,-75.413150,-18.852333,66.520059,57.533504,-4.524411,-8.434846,2.381691
496.000000,38.533440,2.323337,75.764883,-4.743076,30.213200,5.766951,-30.817646,5.341076,4.464406,-4.737081,0.499175,-4.679152,-32.666821,-8.632102,-11.754663,5.265335,-0.636050,12.345272,-5.388263,0.372679,14.916486,-71.885228,19.575244,-62.669390,65.696810,5.532697,-12.948103,1.019247,-75.328210,-17.683548,66.127679,57.610446,-3.900949,-8.566364,2.221271
497.000000,38.582739,2.290349,75.770706,-4.583966,30.274285,5.557061,-30.792508,5.329866,4.593206,-4.723681,0.515986,-4.653503,-32.680211,-8.627030,-11.620893,5.158079,-0.605659,12.309011,-6.039961,-0.140757,14.676704,-71.456360,20.226903,-62.820699,65.773718,6.567244,-13.405698,2.402898,-75.445081,-16.906832,66.069752,57.272407,-4.108991,-8.470591,2.002496
498.000000,38.610780,2.239802,75.770247,-4.332305,30.352352,5.221132,-30.771549,5.312513,4.843672,-4.708621,0.482472,-4.666983,-32.799214,-8.644522,-11.391165,5.140055,-0.614194,12.308324,-6.347456,-0.743971,14.573894,-71.423671,20.457175,-62.757028,65.742531,6.975260,-13.628672,2.458627,-75.567772,-16.435908,65.698531,57.084385,-3.211250,-8.485816,2.115541
499.000000,38.647956,2.192728,75.773907,-4.080782,30.420118,4.837897,-30.709951,5.327816,5.148642,-4.707527,0.459295,-4.680242,-32.926149,-8.627828,-11.135302,5.130433,-0.555418,12.319914,-6.422525,-1.285843,14.489196,-71.557098,20.481922,-62.969399,65.575649,7.071783,-13.769083,2.568200,-75.693215,-16.165210,65.891675,57.247538,-2.868313,-8.442320,1.968852
500.000000,38.692471,2.163073,75.773066,-3.861371,30.465206,4.476825,-30.625803,5.351259,5.413263,-4.707296,0.375712,-4.663412,-33.008334,-8.589450,-10.900561,5.091918,-0.473280,12.354707,-6.414481,-1.707335,14.422966,-71.787406,20.363555,-63.201967,65.287832,6.920378,-14.008133,2.222219,-75.893285,-15.978258,66.085366,57.649249,-2.832461,-8.525533,2.184932
501.000000,38.746148,2.132536,75.772500,-3.742663,30.515495,4.231477,-30.579361,5.411594,5.585660,-4.693999,0.282248,-4.616324,-33.101446,-8.524939,-10.727293,5.135340,-0.471471,12.297776,-6.522031,-2.056401,14.289723,-71.973931,20.224013,-63.499046,65.169984,7.128218,-14.064061,2.042796,-76.010710,-15.884098,66.100986,57.893722,-2.956689,-8.569423,2.184408
502.000000,38.800362,2.109637,75.783002,-3.724663,30.532681,4.142177,-30.525802,5.472131,5.653026,-4.691278,0.280659,-4.609116,-33.142752,-8.455685,-10.644674,5.219164,-0.458902,12.231230,-6.701128,-2.246252,14.167531,-72.053373,19.971333,-63.573147,65.300686,7.222380,-13.963732,2.111709,-76.028065,-15.949231,66.018484,58.047893,-2.913345,-8.581667,2.145813
503.000000,38.863584,2.087373,75.806808,-3.720682,30.455529,4.087255,-30.358903,5.528889,5.722274,-4.721838,0.335491,-4.701454,-33.017759,-8.390832,-10.628440,5.223519,-0.416432,12.300208,-6.815801,-2.382093,14.188212,-72.120384,19.672717,-63.511299,65.480532,7.003842,-13.942551,2.006668,-76.017232,-16.221245,65.987824,58.068902,-2.952109,-8.660110,2.405255
504.000000,38.916519,2.070867,75.822407,-3.747339,30.406547,4.071078,-30.266061,5.590764,5.739960,-4.707491,0.330025,-4.572489,-32.929763,-8.324612,-10.597021,5.215076,-0.371467,12.303061,-6.904438,-2.428617,14.193912,-72.232037,19.509213,-63.326475,65.468224,7.179369,-14.066782,1.661031,-75.748628,-16.395750,65.046200,58.455805,-3.740735,-8.906448,3.210235
505.000000,38.950434,2.054648,75.818264,-3.828199,30.454756,4.144010,-30.306109,5.653862,5.800173,-4.708452,0.289944,-4.670636,-32.956817,-8.281010,-10.646183,5.242370,-0.345094,12.330134,-6.939892,-2.504041,14.084010,-72.430229,19.367509,-63.692839,65.273946,7.211165,-14.073654,2.023553,-75.894644,-16.904173,65.949260,58.013373,-2.545246,-8.750493,2.885243
506.000000,38.967621,2.056975,75.812215,-3.925700,30.526883,4.233369,-30.392518,5.699249,5.741437,-4.719545,0.277863,-4.705244,-33.001319,-8.241232,-10.712353,5.235317,-0.342788,12.310188,-6.990098,-2.400077,14.082369,-72.616672,19.333049,-63.737939,64.987802,7.142161,-14.094764,2.066404,-76.015627,-17.351008,66.232611,57.754188,-2.166220,-8.608519,2.784331
507.000000,38.985083,2.062749,75.811207,-3.998398,30.567026,4.314984,-30.446647,5.715610,5.666640,-4.722532,0.293708,-4.675346,-32.968930,-8.204881,-10.773826,5.131614,-0.292435,12.283128,-7.030869,-2.216119,14.166171,-72.721441,19.404342,-63.559172,64.664386,6.841698,-14.022941,1.986068,-76.012117,-17.573223,65.747155,57.818378,-2.616853,-8.552240,3.120577
508.000000,39.003366,2.068203,75.806087,-3.975335,30.605164,4.286700,-30.457845,5.706778,5.732438,-4.728057,0.272812,-4.677996,-32.997877,-8.212249,-10.739248,5.118854,-0.313060,12.243811,-7.020770,-2.153752,14.248958,-72.762811,19.591218,-63.478214,64.398787,6.485078,-13.989509,2.039421,-76.160926,-17.697877,65.840695,57.731887,-2.512810,-8.615103,3.148285
509.000000,39.013779,2.071970,75.808930,-3.868001,30.637334,4.154676,-30.450800,5.667834,5.817200,-4.727105,0.322715,-4.566790,-33.060605,-8.251889,-10.685370,5.134326,-0.297484,12.180789,-6.998209,-2.111583,14.347656,-72.775194,19.858504,-63.311824,64.267518,6.358722,-13.953162,1.887404,-76.177803,-17.602984,65.159486,58.007403,-3.561389,-8.478927,2.901433
510.000000,39.029297,2.072370,75.812763,-3.740846,30.679137,3.949749,-30.436651,5.660700,5.992862,-4.722024,0.344162,-4.561591,-33.150753,-8.262429,-10.618953,5.150252,-0.245076,12.195822,-6.893762,-2.204661,14.437782,-72.817268,20.099356,-63.317397,64.199004,6.323649,-13.954812,1.948072,-76.285659,-17.499956,65.206587,57.938719,-3.622860,-8.353305,2.628619
511.000000,39.033517,2.070322,75.822377,-3.658794,30.686327,3.780574,-30.404321,5.686142,6.206286,-4.715075,0.337154,-4.613717,-33.219342,-8.247015,-10.580696,5.192570,-0.186327,12.220252,-6.839910,-2.271822,14.511143,-72.822671,20.320354,-63.490959,64.080985,6.285157,-13.838715,2.338875,-76.502995,-17.493612,66.115801,57.468836,-2.517535,-7.952349,2.065110
512.000000,39.027610,2.065477,75.837725,-3.614311,30.648404,3.661750,-30.346332,5.720670,6.350178,-4.703037,0.343175,-4.560214,-33.250276,-8.217264,-10.556947,5.259615,-0.114240,12.183200,-6.843963,-2.242285,14.612618,-72.733100,20.519271,-63.493999,63.985875,6.270670,-13.825089,2.518152,-76.525084,-17.409712,66.329955,57.299639,-2.168502,-7.698922,1.943919
513.000000,39.014649,2.057118,75.842923,-3.663642,30.618769,3.661586,-30.335264,5.790666,6.394545,-4.700085,0.362825,-4.542770,-33.273700,-8.152586,-10.540970,5.341342,-0.094492,12.157377,-6.893216,-2.023196,14.738360,-72.637074,20.614612,-63.504244,63.928808,6.219954,-13.836697,2.615054,-76.568688,-17.376391,66.726433,57.220197,-1.969625,-7.797508,2.261285
514.000000,38.982520,2.052577,75.845176,-3.819902,30.573619,3.810721,-30.352292,5.875717,6.263505,-4.712241,0.367224,-4.536663,-33.286145,-8.076933,-10.577187,5.466957,-0.116019,12.265750,-6.939332,-1.648462,14.883064,-72.641207,20.432637,-63.720686,64.063370,6.217674,-13.826820,2.633768,-76.637810,-17.575806,67.363301,57.099354,-1.768304,-8.029009,2.992893
515.000000,38.946107,2.054765,75.838107,-3.966874,30.571998,4.039767,-30.426078,5.881246,6.122403,-4.740311,0.432268,-4.633914,-33.295321,-8.074956,-10.605441,5.512828,-0.161671,12.510535,-6.871557,-1.270661,15.216668,-73.071003,19.927096,-64.227704,64.399306,6.369025,-13.955206,2.647362,-77.040285,-18.087683,68.064734,57.012726,-1.918549,-8.275038,3.286331
516.000000,38.913652,2.049343,75.823003,-4.137085,30.556260,4.409791,-30.525222,5.831986,5.833467,-4.759314,0.527030,-4.900467,-33.171333,-8.131409,-10.779741,5.438814,-0.300350,12.668727,-6.823956,-0.901077,15.355090,-73.458500,19.232416,-64.544652,64.656107,6.807510,-14.060863,2.592531,-77.151816,-18.622683,68.243063,57.079140,-1.846894,-8.338065,3.697498
517.000000,38.874370,2.045432,75.791544,-4.274209,30.539398,4.767665,-30.621271,5.758396,5.443500,-4.764400,0.504484,-5.043763,-32.993355,-8.211008,-10.993348,5.279016,-0.521996,12.876621,-6.661214,-0.635947,15.657159,-73.963784,18.549365,-64.528158,64.789610,7.081629,-14.142299,3.044828,-77.275804,-19.398818,68.085621,56.956422,-1.211563,-8.224905,3.898353
518.000000,38.839257,2.043357,75.762933,-4.389185,30.527555,4.980851,-30.692176,5.744079,5.239606,-4.757584,0.407113,-4.975847,-32.883427,-8.233063,-11.162767,5.167977,-0.640116,13.171759,-6.375945,-0.265946,16.039647,-74.466404,17.890108,-64.104023,65.059389,7.321314,-14.100512,3.211952,-77.518590,-20.024130,67.782394,57.062607,-0.786910,-8.224025,4.228748
519.000000,38.812739,2.048553,75.757957,-4.434875,30.530801,5.029684,-30.718595,5.757066,5.234132,-4.759060,0.394169,-4.879917,-32.839457,-8.207066,-11.167544,5.047040,-0.619936,13.420277,-6.032695,0.203111,16.327444,-74.718875,17.427578,-63.491813,65.172511,7.278740,-13.904478,3.307463,-77.818551,-20.509175,68.053874,57.101754,-1.669945,-8.180055,3.789841
520.000000,38.793260,2.046353,75.771928,-4.322758,30.511555,4.868339,-30.670469,5.742521,5.343274,-4.753831,0.461888,-4.926467,-32.821248,-8.206338,-11.077562,4.934923,-0.498776,13.512541,-5.681727,0.729655,16.597353,-74.684451,17.384880,-63.016862,64.887794,7.112422,-13.798003,3.517995,-77.997386,-20.773530,68.340387,57.010465,-2.635903,-8.080555,3.252946
521.000000,38.781697,2.015516,75.783980,-4.068207,30.490222,4.535245,-30.578446,5.709120,5.548379,-4.736034,0.555426,-4.969619,-32.829902,-8.244655,-11.027613,4.839733,-0.443581,13.479998,-5.342075,1.013028,16.786826,-74.602707,17.669086,-63.129403,64.526382,6.960710,-13.770183,3.593808,-77.965421,-20.862239,68.293805,56.626622,-2.542705,-8.077484,3.075798
522.000000,38.790542,1.970351,75.791258,-3.753395,30.555366,4.033918,-30.512685,5.726945,5.897752,-4.724277,0.548816,-4.918559,-33.002641,-8.222252,-10.800301,4.853011,-0.401119,13.392759,-5.131012,0.999392,16.842157,-74.489524,18.204167,-63.348297,64.481719,7.198068,-13.876045,3.615170,-78.000815,-20.534720,68.390138,56.297100,-2.606187,-8.172338,3.012059
523.000000,38.815382,1.913693,75.782865,-3.517380,30.665862,3.569213,-30.497532,5.818482,6.233692,-4.720544,0.466592,-4.958796,-33.245249,-8.115226,-10.474435,4.914923,-0.382983,13.317387,-5.119077,0.907586,16.845828,-74.273731,18.782180,-63.216959,64.600271,7.253756,-14.031953,3.633349,-78.075537,-19.981184,68.512460,56.101487,-2.708333,-8.221591,3.065362
524.000000,38.849714,1.846192,75.790501,-3.401796,30.702046,3.317432,-30.445589,5.922003,6.477238,-4.722415,0.492898,-4.928773,-33.356226,-7.999081,-10.234074,4.971612,-0.360564,13.236044,-5.264818,0.869748,16.881905,-74.077991,19.210679,-62.944496,64.760705,7.258997,-14.017593,3.634066,-77.965216,-19.636531,68.213598,55.786864,-2.209425,-8.316471,3.276644
525.000000,38.903549,1.781939,75.808454,-3.400628,30.684713,3.271442,-30.372250,6.009237,6.614126,-4.728588,0.539770,-4.889712,-33.307025,-7.919332,-10.231136,4.979693,-0.338371,13.134006,-5.536840,0.994985,16.942634,-73.890004,19.389063,-62.680899,64.872331,7.086165,-14.056858,3.836691,-77.755447,-19.448168,67.569771,55.542852,-0.510677,-8.416115,3.866759
526.000000,38.938206,1.718661,75.823897,-3.403025,30.680282,3.330424,-30.371136,6.024398,6.637750,-4.713340,0.650638,-4.874831,-33.247428,-7.892141,-10.275326,4.936824,-0.301223,13.119450,-5.680757,1.195834,17.011156,-73.895646,19.316750,-62.817543,64.751395,7.006405,-14.115061,3.954390,-77.698764,-19.621235,67.692318,55.329300,-0.951554,-8.325390,3.575461
527.000000,38.966814,1.653721,75.830221,-3.388193,30.745800,3.422947,-30.457514,5.997450,6.620576,-4.699448,0.780094,-4.894040,-33.257789,-7.910447,-10.334669,4.884517,-0.323556,13.083560,-5.686719,1.428713,16.969294,-74.065308,19.040156,-63.205853,64.615919,7.393475,-14.140138,3.831621,-77.489247,-19.933227,67.829673,55.301952,-1.904659,-8.046049,3.182616
528.000000,39.002833,1.583121,75.823510,-3.425436,30.864062,3.524771,-30.594436,6.029119,6.551803,-4.699699,0.846058,-4.987746,-33.348146,-7.883037,-10.418920,4.898565,-0.432243,12.953479,-5.657698,1.702329,16.835914,-74.224451,18.792272,-63.435539,64.415111,7.765457,-14.277541,3.551302,-77.301397,-20.322075,67.868632,55.249086,-1.835479,-8.216239,3.220005
529.000000,39.030841,1.505335,75.819498,-3.448058,30.917848,3.535226,-30.631069,6.117120,6.572923,-4.709389,0.858605,-4.998871,-33.390370,-7.790054,-10.407361,4.906364,-0.503064,12.832803,-5.619166,1.902189,16.713700,-74.184071,18.618066,-63.336877,64.263057,7.769441,-14.150227,3.535411,-77.200214,-20.616199,67.887320,55.232656,-1.896837,-8.204760,3.250297
530.000000,39.062381,1.437591,75.808328,-3.434652,30.980980,3.479080,-30.678437,6.199922,6.639092,-4.687585,0.821067,-5.053680,-33.412551,-7.712034,-10.407698,4.849764,-0.566746,12.765918,-5.629492,2.082963,16.647722,-74.065028,18.547012,-63.038172,64.163603,7.478684,-14.055889,3.613594,-77.224516,-20.737545,67.877614,55.336226,-2.255115,-7.967901,2.949582
531.000000,39.082259,1.355817,75.801122,-3.353103,31.055244,3.358226,-30.725930,6.264502,6.691617,-4.667030,0.795531,-5.051963,-33.479197,-7.640944,-10.318472,4.785091,-0.594536,12.742358,-5.628636,2.195171,16.666295,-74.019163,18.517654,-62.754842,64.102432,7.117788,-14.050346,3.866973,-77.389732,-20.828590,67.844815,55.414482,-2.390246,-8.047202,2.851595
532.000000,39.092433,1.271982,75.800681,-3.252179,31.121094,3.213340,-30.770467,6.318400,6.756739,-4.644280,0.840328,-5.027830,-33.552024,-7.575600,-10.230706,4.729533,-0.598366,12.662707,-5.582558,2.302310,16.691208,-74.017626,18.471719,-62.640061,64.120204,7.127062,-13.944559,4.213439,-77.640120,-20.875363,68.052064,55.518435,-2.691212,-7.896441,2.836973
533.000000,39.101011,1.199342,75.801694,-3.154544,31.176421,3.061781,-30.801851,6.375667,6.874372,-4.622136,0.891376,-5.002672,-33.613130,-7.506491,-10.161529,4.661651,-0.551422,12.632739,-5.552023,2.393940,16.579801,-73.920146,18.355102,-62.569758,64.181778,7.039757,-13.822057,4.441762,-77.755809,-20.832123,68.209725,55.581925,-2.794400,-7.909635,2.728113
534.000000,39.106345,1.134171,75.805831,-3.038191,31.238741,2.887913,-30.833000,6.413401,7.009043,-4.601729,0.925832,-4.967511,-33.709087,-7.463952,-10.078086,4.639485,-0.513194,12.603109,-5.463951,2.455200,16.534739,-73.940179,18.211917,-62.549056,64.288575,6.868659,-13.802297,4.359574,-77.929153,-20.839749,68.426297,55.601162,-2.579425,-8.031615,2.893699
535.000000,39.121059,1.067643,75.808817,-2.942227,31.269734,2.765209,-30.824555,6.448151,7.105614,-4.600854,0.960417,-4.980771,-33.778485,-7.438092,-10.001984,4.684318,-0.562069,12.528961,-5.420952,2.488930,16.434905,-73.902900,18.150263,-62.558229,64.336216,6.984747,-13.850356,4.411625,-78.013943,-20.778735,68.701369,55.676796,-2.809484,-7.996552,2.831674
536.000000,39.150375,1.013063,75.813985,-2.868029,31.268423,2.661457,-30.769954,6.487817,7.182188,-4.607423,1.002452,-5.065264,-33.767236,-7.394259,-9.916818,4.670128,-0.583461,12.482349,-5.382034,2.546511,16.311513,-73.758018,18.146450,-62.458631,64.265106,6.902308,-13.873413,4.346978,-77.983412,-20.687782,68.783645,55.764287,-2.994243,-8.013335,2.730268
537.000000,39.177194,0.956854,75.820851,-2.807037,31.239741,2.583457,-30.695615,6.527290,7.235597,-4.598797,1.010073,-5.073025,-33.701642,-7.351388,-9.870868,4.615097,-0.609700,12.428619,-5.378933,2.534482,16.210780,-73.596484,18.158620,-62.383335,64.232629,6.735746,-13.801869,4.357521,-77.904994,-20.655870,68.831190,55.717244,-3.051883,-7.977252,2.783773
538.000000,39.196923,0.902324,75.830245,-2.722893,31.192986,2.514654,-30.606849,6.529405,7.303089,-4.592338,1.029016,-5.098903,-33.631787,-7.340824,-9.799155,4.585381,-0.657177,12.438609,-5.409328,2.431105,16.170789,-73.527738,18.236638,-62.395035,64.235846,6.774187,-13.789431,4.444138,-77.850564,-20.654705,68.827079,55.565754,-3.089276,-7.995762,2.817302
539.000000,39.224285,0.853393,75.832957,-2.668777,31.170446,2.456831,-30.539955,6.553278,7.359280,-4.588781,1.015796,-5.121850,-33.566698,-7.313542,-9.765808,4.531488,-0.680703,12.394328,-5.394681,2.298251,16.090920,-73.496442,18.268371,-62.404659,64.260387,6.920333,-13.820625,4.395262,-77.743795,-20.671810,68.717379,55.460542,-3.107388,-8.016530,2.879485
540.000000,39.227694,0.818697,75.825810,-2.620543,31.202058,2.390086,-30.554298,6.573663,7.412885,-4.581661,1.007632,-5.124244,-33.590843,-7.287488,-9.703773,4.478401,-0.644633,12.370137,-5.375831,2.097870,15.880338,-73.571403,18.396177,-62.353815,64.271124,8.072766,-13.699412,3.958330,-77.566661,-20.570062,68.459478,55.488843,-3.267502,-8.019147,2.800391
541.000000,39.266717,0.773196,75.828522,-2.624879,31.155026,2.409525,-30.465024,6.607055,7.409579,-4.592251,0.962237,-5.194961,-33.462429,-7.250007,-9.727613,4.409518,-0.673508,12.315875,-5.369009,1.928168,15.704454,-73.293633,18.186835,-62.031990,64.343592,7.618848,-13.655074,3.913901,-77.265832,-20.376937,67.906137,55.602115,-3.410742,-8.100045,2.429272
542.000000,39.284250,0.743124,75.829381,-2.687049,31.096355,2.521464,-30.410604,6.629014,7.323483,-4.592613,0.923005,-5.284884,-33.388471,-7.234232,-9.774070,4.485662,-0.773133,12.245021,-5.387051,1.822334,15.509867,-73.321056,18.154585,-61.943033,64.399340,8.672853,-13.560804,3.319165,-76.893033,-20.170440,67.341212,55.764205,-3.260857,-8.128158,2.235363
543.000000,39.317238,0.720637,75.848573,-2.807500,30.897374,2.682767,-30.203254,6.685809,7.220555,-4.583849,0.843015,-5.387132,-33.181650,-7.196443,-9.869040,4.660317,-0.894612,12.116077,-5.452277,1.626710,15.489117,-73.238425,17.957288,-61.727363,64.684077,8.948467,-13.477340,2.940951,-76.573961,-19.929669,66.926046,55.958483,-3.094486,-8.111506,1.781368
544.000000,39.349943,0.704848,75.884503,-2.995500,30.658059,2.837041,-29.954430,6.826572,7.137849,-4.571362,0.796770,-5.544326,-32.944461,-7.075214,-9.989408,4.850153,-0.891869,12.020756,-5.612942,1.329977,15.679433,-73.316473,17.857449,-61.551452,65.072414,9.321767,-13.565492,2.540613,-76.425835,-19.726035,66.939843,55.987662,-2.856465,-8.113446,1.390159
545.000000,39.399734,0.667725,75.931841,-3.261320,30.297457,3.008945,-29.568726,7.078279,7.042685,-4.556977,0.750951,-5.678084,-32.529220,-6.849787,-10.156008,4.981333,-0.913187,11.786792,-5.916797,1.075502,16.112633,-73.121813,17.937274,-61.326424,65.090125,8.294246,-13.413992,2.693898,-76.493679,-19.613443,67.426166,55.712695,-2.610831,-8.083023,1.449168
546.000000,39.418694,0.662393,75.958830,-3.424335,30.015019,3.118040,-29.267429,7.219348,6.957734,-4.549828,0.660889,-5.646581,-32.190883,-6.700552,-10.175174,4.999848,-0.893687,11.745555,-6.084035,0.997373,16.611114,-73.170089,18.063731,-61.457646,64.901701,8.002441,-13.385914,2.915415,-76.741506,-19.594331,67.877983,55.658843,-2.709918,-8.114681,1.397519
547.000000,39.413056,0.688788,75.955021,-3.521404,29.908765,3.237382,-29.185228,7.237543,6.886387,-4.545683,0.576380,-5.676756,-32.017683,-6.683779,-10.270316,4.936478,-0.890493,11.746709,-5.994066,1.181820,16.932029,-73.276332,17.912164,-61.806068,64.811563,8.085265,-13.316423,3.061953,-76.868301,-19.874356,68.004177,55.667893,-2.744352,-8.091787,1.287204
548.000000,39.403263,0.723175,75.937194,-3.574888,29.978968,3.352881,-29.310319,7.193158,6.795202,-4.532946,0.521226,-5.652534,-32.068698,-6.726559,-10.333660,4.895968,-0.935230,11.695136,-5.786221,1.413711,17.070579,-73.427737,17.655023,-61.995291,64.833201,8.180489,-13.271955,3.252650,-76.880630,-20.216561,67.961721,55.692594,-2.785753,-8.127932,1.112265
549.000000,39.376044,0.782727,75.782359,-3.361056,32.597916,3.474420,-32.239295,6.614117,6.822470,-4.976291,1.420433,-5.366742,-35.143912,-7.265598,-10.225825,4.875744,-0.409999,11.708922,-5.732646,1.355193,13.474016,-71.636137,16.610445,-62.391271,64.997952,8.486442,-13.127123,4.168954,-75.238195,-18.939636,67.993427,56.484169,-3.185766,-7.795959,0.206145
550.000000,39.407724,0.792603,75.852728,-3.562876,31.359519,3.481976,-30.865680,6.938576,6.672384,-4.629393,0.838901,-5.595178,-33.641803,-6.960700,-10.426977,4.919046,-0.782070,11.583500,-5.566614,1.732171,15.534022,-72.766329,17.272565,-61.752526,64.944881,8.001917,-13.216264,3.539852,-76.345239,-20.010747,68.234211,55.922884,-2.858032,-8.043667,0.901040
551.000000,39.419585,0.809365,75.900209,-3.537186,30.724095,3.356190,-30.126834,7.025544,6.718360,-4.569055,0.713769,-5.644322,-32.906871,-6.875638,-10.427821,4.869464,-0.826803,11.500996,-5.509505,1.877191,16.509025,-73.039441,17.569116,-61.700712,64.897773,7.894734,-13.149743,3.452817,-76.780909,-20.063735,68.415396,55.728739,-2.675794,-8.113560,1.376947
552.000000,39.431545,0.828473,75.922233,-3.446487,30.433144,3.174950,-29.746201,7.045769,6.831160,-4.546007,0.615023,-5.605920,-32.593150,-6.852923,-10.346032,4.848366,-0.823963,11.531820,-5.467781,1.963510,16.921497,-73.073906,17.778202,-61.702249,64.888621,7.791508,-13.198134,3.289919,-76.966581,-19.943244,68.421850,55.654953,-2.200910,-8.309355,1.772199
553.000000,39.440411,0.829052,75.926512,-3.333401,30.333596,2.975621,-29.581092,7.056001,6.957241,-4.524019,0.556463,-5.541351,-32.503371,-6.836973,-10.222384,4.822484,-0.804511,11.518691,-5.407234,2.007012,17.042709,-73.056762,17.951643,-61.717364,64.842701,7.671545,-13.255146,3.203423,-76.989025,-19.792838,68.249538,55.626932,-1.223053,-8.452474,2.018351
554.000000,39.446262,0.828251,75.927573,-3.200338,30.314663,2.809851,-29.510304,7.012183,7.036568,-4.513585,0.544627,-5.485695,-32.500106,-6.882653,-10.158153,4.826711,-0.857957,11.543567,-5.305561,2.007237,17.040671,-73.056045,18.021789,-61.780591,64.834109,7.800059,-13.190186,3.255879,-76.970174,-19.691869,68.454485,55.689001,-2.086784,-8.185493,1.696164
555.000000,39.454135,0.825363,75.928706,-3.135521,30.312158,2.780458,-29.490032,6.957843,7.062600,-4.510192,0.563429,-5.446238,-32.480736,-6.929597,-10.129917,4.794742,-0.850060,11.581661,-5.247356,2.070336,17.038064,-73.133875,17.988370,-61.822344,64.822306,7.978062,-13.172516,3.148835,-76.862926,-19.716125,68.423913,55.660543,-2.231690,-8.074283,1.496204
556.000000,39.450094,0.816614,75.929242,-3.133844,30.332957,2.826879,-29.530828,6.927004,6.995037,-4.505374,0.588424,-5.432274,-32.480015,-6.948689,-10.144855,4.756589,-0.837946,11.575309,-5.268341,2.140236,17.070099,-73.241409,17.991603,-61.854193,64.809193,8.009185,-13.229767,3.122177,-76.862967,-19.828299,68.402555,55.627800,-1.973711,-8.195852,1.594215
557.000000,39.438868,0.809494,75.928307,-3.194733,30.335599,2.939823,-29.575054,6.923977,6.880207,-4.507770,0.620581,-5.452774,-32.438061,-6.946408,-10.233348,4.694439,-0.828515,11.568694,-5.350489,2.243103,17.137544,-73.329389,17.930157,-61.829283,64.827450,7.719339,-13.272135,3.078084,-76.939267,-19.963494,68.349430,55.647846,-1.580988,-8.489681,1.875122
558.000000,39.395735,0.818586,75.773668,-2.978107,32.905732,3.001535,-32.443265,6.447473,7.005988,-4.975372,1.527315,-5.161801,-35.486784,-7.394131,-10.064591,4.684810,-0.271457,11.633196,-5.494624,2.015926,13.501549,-71.589036,17.057656,-62.365453,64.968391,8.038162,-13.120748,4.024030,-75.416545,-18.515236,68.261348,56.495906,-1.892807,-8.270337,0.955550
559.000000,39.400426,0.786194,75.834906,-3.202068,31.633839,2.996253,-31.055794,6.833512,6.887094,-4.615564,0.892645,-5.338818,-33.982363,-7.029233,-10.174913,4.752222,-0.666721,11.570994,-5.486627,2.248274,15.563163,-72.858557,17.712118,-61.968592,64.898757,7.780584,-13.231518,3.560788,-76.594957,-19.627810,68.360310,56.104902,-1.735038,-8.625130,1.494873
560.000000,39.379990,0.766001,75.873607,-3.210622,30.996138,2.894907,-30.356718,6.970784,6.931783,-4.543654,0.735359,-5.350754,-33.279195,-6.898550,-10.146175,4.722249,-0.711950,11.539623,-5.448071,2.249873,16.506781,-73.250678,17.818111,-61.919100,64.858452,7.798830,-13.216176,3.459408,-77.005281,-19.913160,68.468753,55.951615,-2.037606,-8.362814,1.599920
561.000000,39.370984,0.748818,75.893795,-3.182986,30.684584,2.801309,-29.993724,7.036597,7.003570,-4.519989,0.675292,-5.392641,-32.923516,-6.830263,-10.121322,4.680041,-0.682121,11.613395,-5.440897,2.184087,16.974799,-73.422573,17.797255,-61.884635,64.897042,7.652325,-13.207693,3.442308,-77.151590,-20.015012,68.455373,55.858325,-1.805136,-8.368020,1.716947
562.000000,39.357901,0.738890,75.905615,-3.182738,30.539941,2.765489,-29.836797,7.076949,7.025088,-4.506282,0.649732,-5.371280,-32.758991,-6.782006,-10.082991,4.629593,-0.663725,11.581977,-5.457220,2.130761,17.190734,-73.501489,17.753651,-61.905986,64.935141,7.520187,-13.198306,3.365214,-77.210193,-20.094533,68.445729,55.802154,-1.494304,-8.448105,1.998370
563.000000,39.345637,0.735317,75.911617,-3.214538,30.461602,2.793038,-29.769304,7.104676,7.007283,-4.506622,0.650511,-5.372642,-32.652997,-6.755866,-10.108133,4.577467,-0.646516,11.516763,-5.515175,2.119095,17.296575,-73.535230,17.715110,-61.992341,64.969804,7.548711,-13.251107,3.131672,-77.236428,-20.141007,68.545586,55.773170,-1.500519,-8.486864,2.056511
564.000000,39.328784,0.731632,75.914162,-3.240364,30.438280,2.816972,-29.768201,7.123013,6.990649,-4.503282,0.675725,-5.360120,-32.627653,-6.743001,-10.148982,4.563345,-0.620001,11.475993,-5.555385,2.107141,17.337542,-73.555871,17.666764,-62.036081,65.009577,7.656635,-13.221565,3.228900,-77.229823,-20.181889,68.591287,55.746290,-1.499081,-8.522517,1.859150
565.000000,39.315674,0.732862,75.914651,-3.244967,30.427080,2.825287,-29.768816,7.121798,6.971332,-4.504853,0.684118,-5.353083,-32.630788,-6.740405,-10.147992,4.570262,-0.635587,11.441328,-5.597553,2.094212,17.370909,-73.526283,17.641972,-62.045356,65.006906,7.664222,-13.175052,3.393049,-77.229290,-20.163970,68.617658,55.764567,-1.513100,-8.490746,1.932489
566.000000,39.305431,0.735822,75.912839,-3.215098,30.389121,2.749794,-29.711989,7.137024,7.022490,-4.513478,0.660940,-5.384430,-32.626007,-6.720699,-10.110318,4.593249,-0.631376,11.448342,-5.608319,2.100424,17.419562,-73.437934,17.642975,-61.899641,65.025477,7.646849,-13.271260,3.404501,-77.242507,-20.080553,68.488451,55.799644,-1.501028,-8.488434,2.077886
567.000000,39.284143,0.737575,75.910920,-3.136762,30.352248,2.549456,-29.626082,7.184298,7.203270,-4.525514,0.601660,-5.378311,-32.664744,-6.671975,-9.964779,4.632486,-0.625261,11.404369,-5.634008,2.119435,17.400855,-73.230706,17.835769,-61.785072,64.943187,7.529595,-13.406084,3.472872,-77.307496,-19.730197,68.444656,55.975244,-1.208486,-8.510136,2.287939
568.000000,39.248773,0.755569,75.911099,-2.928111,30.326850,2.197962,-29.512069,7.162879,7.537484,-4.542802,0.568124,-5.335254,-32.763741,-6.680558,-9.685206,4.671504,-0.561211,11.493118,-5.603371,2.075022,17.411201,-73.064432,18.067001,-61.775421,65.021208,7.437715,-13.523454,3.688602,-77.570670,-19.149631,68.871045,56.331244,-2.476660,-8.293893,1.857471
569.000000,39.198655,0.765425,75.908512,-2.566485,30.330308,1.664386,-29.399562,7.096885,7.951012,-4.560746,0.578498,-5.283845,-32.965263,-6.736003,-9.287818,4.753933,-0.535156,11.619403,-5.457077,1.975641,17.349215,-72.949794,18.279313,-61.848449,65.280612,7.280558,-13.693409,3.668454,-77.746308,-18.452231,68.746674,56.649992,-3.064737,-8.190333,2.016447
570.000000,39.147550,0.763796,75.909132,-2.130222,30.270319,1.063167,-29.206189,6.997080,8.439111,-4.573826,0.593272,-5.215998,-33.133118,-6.814652,-8.832662,4.873551,-0.538445,11.649951,-5.281690,1.885511,17.257083,-72.803697,18.515195,-62.000960,65.457179,6.940917,-14.015008,3.539381,-77.919870,-17.761034,68.639754,56.938506,-3.314802,-8.175793,2.313092
571.000000,39.101401,0.763540,75.909382,-1.686659,30.185567,0.545279,-29.016389,6.825371,8.861202,-4.568351,0.619302,-5.133963,-33.290158,-6.960420,-8.365561,5.054489,-0.622819,11.675015,-5.035180,1.871432,17.506620,-72.977791,18.685249,-62.156634,65.551853,6.218574,-14.425168,3.493207,-78.326567,-17.296856,68.393942,57.257770,-2.840401,-8.489437,2.634591
572.000000,39.045915,0.764826,75.760400,-0.809731,32.579904,-0.056892,-31.587163,6.168454,9.462627,-4.978335,1.453403,-4.835772,-36.532687,-7.582945,-7.665695,5.503240,-0.325834,11.728733,-4.929790,1.490938,13.964541,-71.301465,17.871284,-62.882977,65.893553,6.425346,-14.688694,4.250539,-76.755193,-15.608155,68.207956,58.244711,-2.439292,-8.689897,2.257945
573.000000,39.061230,0.719220,75.839776,-1.019017,31.064958,-0.060310,-29.859702,6.479556,9.382418,-4.670111,0.826030,-4.998225,-34.787011,-7.303628,-7.748976,5.686735,-0.886496,11.654370,-4.895387,1.426157,16.243955,-72.764526,18.648421,-62.704087,65.929630,6.492842,-14.993474,3.362445,-77.840886,-16.336696,68.262099,58.085377,-1.915384,-9.127319,3.134397
574.000000,39.041588,0.666449,75.888014,-1.122105,30.261406,-0.018974,-28.991257,6.625470,9.347858,-4.607394,0.665466,-5.036120,-33.860427,-7.180038,-7.814810,5.698099,-0.986516,11.575344,-4.962666,1.078578,17.280787,-73.287486,18.778832,-62.665319,65.930757,6.865129,-14.930705,2.890627,-78.127911,-16.686190,68.715774,57.832796,-2.262330,-9.078475,3.254778
575.000000,38.978729,0.627602,75.763166,-0.817187,32.413780,0.000190,-31.467508,6.259018,9.459554,-4.979460,1.459650,-4.847749,-36.587991,-7.534812,-7.583708,5.950744,-0.632466,11.468339,-5.212794,0.665144,13.977483,-71.533268,17.589872,-62.722829,66.063618,7.338223,-14.736575,3.741149,-76.514224,-15.952397,69.296982,58.085349,-2.790733,-8.929414,2.576454
576.000000,38.968211,0.565015,75.841880,-1.401390,30.963421,0.446512,-29.947036,6.714205,9.038748,-4.685923,0.935246,-5.124863,-34.718832,-7.126872,-8.018608,5.925584,-1.032978,11.371841,-5.357529,0.791860,16.236353,-72.812262,18.130635,-62.161340,65.754880,7.031670,-14.681736,3.345216,-77.781778,-17.296638,69.471036,57.585994,-3.561468,-8.870923,2.675829
577.000000,38.904423,0.555433,75.739890,-1.273062,32.684491,0.722824,-32.021706,6.330674,8.952168,-4.980442,1.690966,-4.839727,-36.826905,-7.505989,-7.993873,6.049095,-0.695992,11.455901,-5.536176,0.882411,13.632557,-71.347453,16.762773,-62.574860,65.710374,6.963506,-14.427299,4.302379,-76.502832,-16.963987,69.508137,58.070282,-3.332818,-8.754621,2.162204
578.000000,38.883150,0.529785,75.831217,-1.759406,31.033126,1.075477,-30.265494,6.721092,8.622141,-4.692203,1.154898,-5.074250,-34.699775,-7.139321,-8.368052,5.852317,-1.065635,11.425466,-5.389791,1.257894,16.185074,-72.850203,17.189190,-62.614489,65.390817,6.414430,-14.538285,3.739691,-77.878848,-18.474492,69.501444,57.712155,-3.414145,-8.988639,2.744854
579.000000,38.835749,0.522193,75.880218,-1.843929,30.225014,1.146774,-29.438354,6.800018,8.518913,-4.611612,1.035106,-5.170989,-33.688457,-7.064843,-8.517935,5.647971,-1.114064,11.402559,-5.147295,1.412414,17.408561,-73.458644,17.116632,-63.004370,65.265354,6.760006,-14.809158,4.309081,-78.395511,-19.146630,69.579055,57.583201,-3.956597,-8.686021,2.364586
580.000000,38.761401,0.540890,75.756490,-1.399050,32.398527,0.982110,-31.894405,6.307624,8.699279,-4.978927,1.884954,-4.916044,-36.411404,-7.525119,-8.265057,5.742237,-0.589804,11.336319,-4.992539,1.219866,14.136269,-71.672324,15.934784,-62.696997,65.373257,6.497677,-13.898296,4.540597,-76.750371,-18.347502,69.712674,57.774364,-4.399820,-8.095885,1.982779
581.000000,38.732848,0.518639,75.835222,-1.664704,30.968975,0.960021,-30.316522,6.705626,8.580751,-4.679165,1.321753,-5.223035,-34.673285,-7.132857,-8.426049,5.638494,-0.861784,11.329343,-4.840551,1.169964,16.448185,-73.020022,17.073400,-62.386490,65.046016,6.226405,-14.140547,4.096502,-77.939466,-19.563771,69.780942,56.749177,-4.082886,-8.605093,2.425995
582.000000,38.664201,0.488404,75.872838,-1.784322,30.328391,0.961156,-29.690819,6.899007,8.478182,-4.606153,1.249848,-5.368779,-33.884080,-6.939526,-8.523190,5.395578,-0.779761,11.393906,-4.851836,0.811165,17.390785,-73.335495,17.524503,-62.337354,64.839273,6.230581,-14.050047,4.307494,-78.081917,-20.184032,69.775867,55.763044,-3.833325,-8.587470,2.411787
583.000000,38.599405,0.458062,75.876492,-1.995702,30.144889,1.104619,-29.597593,7.085584,8.282206,-4.594111,1.205205,-5.580758,-33.600795,-6.764887,-8.684714,5.188703,-0.640224,11.458825,-4.980010,0.572224,17.872160,-73.485609,17.829234,-62.088318,64.591849,6.302634,-13.795263,4.337782,-78.076548,-20.712450,69.775307,55.112520,-3.624559,-8.460823,2.508682
584.000000,38.547373,0.432246,75.858581,-2.252473,30.110707,1.305791,-29.659861,7.277134,8.120897,-4.591946,1.086177,-5.632583,-33.471492,-6.574206,-8.815001,4.984330,-0.527912,11.505574,-5.120781,0.443275,18.154510,-73.676533,18.093064,-61.826538,64.278678,6.598571,-13.652933,3.879589,-78.012194,-21.116208,69.884467,54.755960,-3.456324,-8.336085,2.518417
585.000000,38.502383,0.445666,75.819069,-2.499810,30.236767,1.537308,-29.896851,7.392353,7.888401,-4.599240,0.965705,-5.521408,-33.489497,-6.460868,-8.936479,4.750021,-0.439526,11.552238,-5.290613,0.609122,18.322046,-73.821600,18.332412,-61.369700,63.926268,6.941846,-13.608766,3.821973,-78.133806,-21.299540,70.058801,54.711963,-3.361536,-8.201556,2.654633
586.000000,38.477013,0.490451,75.775206,-2.677771,30.442504,1.841589,-30.220865,7.338861,7.598861,-4.617260,0.945443,-5.473656,-33.532520,-6.496582,-9.074368,4.456798,-0.458537,11.561996,-5.398406,1.070457,18.204128,-73.628210,18.231860,-60.781116,63.886086,6.670400,-13.444188,4.175109,-78.311022,-21.256302,70.010716,54.892560,-3.693770,-8.160451,2.544029
587.000000,38.473290,0.527460,75.759977,-2.688820,30.555714,2.001793,-30.406759,7.207047,7.364470,-4.609035,1.021076,-5.491116,-33.542557,-6.636776,-9.231897,4.308026,-0.476884,11.527093,-5.365153,1.525483,17.884026,-73.159550,18.040471,-60.223485,64.112424,6.379236,-13.323875,4.360186,-78.182457,-21.080703,69.633649,54.975479,-4.246608,-8.090586,2.472372
588.000000,38.468662,0.545894,75.773352,-2.540114,30.554667,1.947169,-30.403853,7.057084,7.397627,-4.590003,1.113791,-5.487108,-33.559069,-6.777586,-9.200692,4.312066,-0.464970,11.541960,-5.147803,1.643348,17.716589,-72.959685,17.984520,-60.079478,64.276308,6.249602,-13.450515,4.341731,-78.078515,-20.898282,69.441434,54.910312,-3.763478,-8.263874,2.445333
589.000000,38.476497,0.549478,75.794303,-2.406996,30.485113,1.779763,-30.270702,7.013949,7.581343,-4.591905,1.154082,-5.505292,-33.562259,-6.813517,-9.079953,4.410409,-0.452095,11.515230,-4.948669,1.554581,17.597812,-72.846706,18.218211,-60.155061,64.218531,6.435033,-13.587394,4.410288,-78.090932,-20.594579,69.705803,54.838503,-3.799586,-8.347570,2.467749
590.000000,38.483545,0.550006,75.805879,-2.339670,30.400496,1.598229,-30.115469,7.061874,7.739935,-4.600790,1.101304,-5.408741,-33.546563,-6.766876,-8.977029,4.510089,-0.422399,11.497257,-4.844454,1.369900,17.473258,-72.782079,18.574631,-60.162731,64.116249,6.544499,-13.700378,4.124662,-78.176330,-20.223343,70.097221,54.851747,-4.215288,-8.189794,2.408611
591.000000,38.485667,0.549559,75.808722,-2.378495,30.303734,1.572061,-29.996804,7.129367,7.788602,-4.595714,1.022545,-5.335733,-33.498837,-6.705439,-8.936355,4.624579,-0.483441,11.463754,-4.907868,1.355330,17.380270,-72.699652,18.882686,-60.133047,64.019985,6.362465,-13.753394,3.912386,-78.234606,-19.990272,70.063732,54.869396,-3.949487,-8.226057,2.547422
592.000000,38.485551,0.545300,75.812656,-2.447288,30.236689,1.637611,-29.943129,7.168793,7.750223,-4.592184,1.013384,-5.332270,-33.430982,-6.676675,-9.011521,4.670657,-0.486655,11.467822,-4.956613,1.367621,17.272106,-72.777906,18.957062,-60.330200,64.075897,6.341511,-13.687082,4.204136,-78.196165,-19.909445,69.678448,54.963444,-3.247429,-8.323420,2.633609
593.000000,38.482803,0.548943,75.814235,-2.524038,30.243624,1.773494,-29.993724,7.157853,7.647368,-4.589828,1.032084,-5.368847,-33.391617,-6.690449,-9.146769,4.636899,-0.466038,11.517809,-4.917457,1.422657,17.158658,-73.039277,18.843700,-60.631774,64.171014,6.567198,-13.621912,4.300729,-78.199293,-20.001526,69.771564,55.130121,-3.846065,-8.110985,2.204527
594.000000,38.473421,0.551843,75.818515,-2.632087,30.220199,1.988060,-30.036010,7.129343,7.473111,-4.589189,1.100000,-5.374329,-33.292770,-6.715670,-9.292706,4.569670,-0.462087,11.505857,-4.874510,1.449070,17.078183,-73.356198,18.696774,-60.923081,64.180658,6.591295,-13.657049,4.166504,-78.124161,-20.167115,69.875895,55.242929,-3.705960,-8.075106,2.094660
595.000000,38.451344,0.566877,75.820267,-2.763770,30.201235,2.236267,-30.101726,7.097853,7.307859,-4.594045,1.166234,-5.343182,-33.220363,-6.760301,-9.503342,4.548241,-0.467116,11.452301,-4.865626,1.480690,16.994965,-73.618928,18.623086,-61.134510,64.141111,6.466921,-13.677054,3.776158,-78.091110,-20.375458,69.920626,55.352273,-3.243962,-8.283770,2.340602
596.000000,38.420272,0.589949,75.815344,-2.866467,30.213729,2.402411,-30.185560,7.080847,7.188360,-4.601719,1.195335,-5.332618,-33.227463,-6.785083,-9.637405,4.552350,-0.438138,11.409570,-4.896655,1.495756,16.907951,-73.849125,18.693089,-61.413393,64.144362,6.624264,-13.719812,3.520080,-78.204368,-20.493800,69.982569,55.431271,-2.881975,-8.467755,2.740149
597.000000,38.359055,0.632121,75.807315,-2.908493,30.336420,2.482936,-30.393013,7.026139,7.115151,-4.606736,1.276166,-5.293909,-33.420030,-6.827270,-9.639617,4.570791,-0.376242,11.416606,-4.861424,1.514897,16.739177,-74.115680,18.792425,-61.620969,64.233005,7.807019,-13.805478,3.310581,-78.377739,-20.564093,70.117411,55.510484,-2.762739,-8.499366,2.856699
598.000000,38.342330,0.658664,75.802469,-2.952778,30.381199,2.505780,-30.457658,7.035292,7.063588,-4.619233,1.258035,-5.294193,-33.502269,-6.818546,-9.657580,4.611646,-0.376232,11.413586,-4.809212,1.555500,16.627184,-74.116172,18.756637,-61.578855,64.346632,8.143973,-13.839016,3.270965,-78.481189,-20.569422,70.249575,55.517277,-2.804816,-8.392376,2.609499
599.000000,38.317826,0.692462,75.794268,-2.965289,30.417974,2.473062,-30.503437,7.040568,7.093259,-4.628911,1.232817,-5.284344,-33.581107,-6.810070,-9.621828,4.625057,-0.331067,11.447931,-4.691727,1.614487,16.571506,-74.186885,18.693345,-61.760845,64.443566,8.173996,-13.921574,3.347802,-78.605656,-20.553130,70.478352,55.504419,-2.900042,-8.299207,2.507069
600.000000,38.294798,0.723113,75.786787,-2.954450,30.443542,2.418635,-30.531724,7.039307,7.134689,-4.635180,1.209857,-5.259965,-33.615906,-6.812280,-9.616440,4.570451,-0.257613,11.457467,-4.580907,1.640807,16.528981,-74.231691,18.698194,-61.945431,64.529599,7.949752,-14.042112,3.398507,-78.681293,-20.385442,70.662214,55.600933,-2.877809,-8.377884,2.722676
601.000000,38.277385,0.755500,75.786048,-2.944897,30.452977,2.411320,-30.553137,7.006570,7.137122,-4.630579,1.202281,-5.197430,-33.623515,-6.840929,-9.628888,4.543429,-0.247944,11.440328,-4.513015,1.686997,16.548305,-74.198046,18.699009,-62.113221,64.634278,7.244081,-13.762151,3.867563,-78.743509,-20.207864,70.776162,55.719409,-3.211025,-8.207602,2.375282
602.000000,38.292578,0.771420,75.787818,-3.003387,30.388423,2.487035,-30.487591,7.013225,7.029177,-4.637644,1.166688,-5.292022,-33.520779,-6.848310,-9.709854,4.560208,-0.338707,11.398890,-4.451475,1.836359,16.603857,-74.194426,18.718806,-62.140337,64.666667,7.002035,-13.696780,3.743328,-78.671137,-20.128298,70.717204,55.769925,-3.166912,-8.195030,2.395774
603.000000,38.286176,0.791190,75.786418,-3.045992,30.349772,2.569427,-30.473818,6.989252,6.935073,-4.633861,1.137519,-5.311714,-33.455049,-6.866028,-9.727502,4.539526,-0.385054,11.403270,-4.432231,1.937116,16.628587,-74.122504,18.782050,-62.150207,64.677124,7.003424,-13.653980,3.951136,-78.621679,-20.061522,70.778641,55.748185,-3.420850,-8.076329,2.368446
604.000000,38.270724,0.808141,75.777054,-3.069012,30.362224,2.621941,-30.514738,6.959462,6.836187,-4.635905,1.110180,-5.277895,-33.438482,-6.881500,-9.725400,4.461622,-0.362647,11.436382,-4.427339,1.990923,16.631516,-74.099759,18.874644,-62.225530,64.637686,7.003883,-13.711690,3.869154,-78.611912,-20.014947,70.803168,55.720519,-3.116960,-8.222621,2.533182
605.000000,38.257468,0.814251,75.765890,-3.080643,30.392593,2.630244,-30.557150,6.958387,6.815892,-4.644036,1.078270,-5.237473,-33.456544,-6.881566,-9.743173,4.399757,-0.341077,11.445252,-4.395953,1.961259,16.614661,-74.107102,18.979299,-62.414234,64.613275,6.975028,-13.867267,3.869422,-78.566560,-19.970823,70.710107,55.744811,-2.734064,-8.432689,2.604232
606.000000,38.256273,0.813432,75.766712,-3.100254,30.403026,2.640273,-30.570427,6.972051,6.819984,-4.645734,1.087160,-5.227957,-33.459621,-6.857144,-9.718755,4.381677,-0.299184,11.422177,-4.363446,1.942919,16.604497,-74.045917,19.018751,-62.483636,64.589568,6.989326,-13.893340,3.889856,-78.491209,-19.940993,70.668074,55.748199,-2.727431,-8.398231,2.571637
607.000000,38.261837,0.818065,75.764614,-3.121980,30.435182,2.670070,-30.606631,6.971387,6.830592,-4.645872,1.063383,-5.238123,-33.498513,-6.868254,-9.751388,4.421146,-0.325174,11.444506,-4.320977,1.936685,16.617990,-74.010277,18.963382,-62.391121,64.544980,7.019076,-13.748992,3.846957,-78.409595,-19.922461,70.659338,55.681266,-2.809388,-8.013134,2.351571
608.000000,38.274926,0.818287,75.764775,-3.161629,30.450736,2.734494,-30.628645,6.973755,6.796003,-4.651013,1.077005,-5.281771,-33.515486,-6.868880,-9.774680,4.469359,-0.358549,11.454816,-4.338883,1.926810,16.627286,-73.974685,18.916769,-62.409337,64.529353,7.158793,-13.679070,3.830785,-78.335672,-19.880165,70.664461,55.645384,-2.869460,-7.683062,2.258115
609.000000,38.289300,0.819209,75.767267,-3.193671,30.457376,2.797170,-30.641728,6.965017,6.777246,-4.654320,1.105727,-5.307589,-33.508495,-6.876993,-9.812646,4.487012,-0.370151,11.450914,-4.369619,1.904116,16.613429,-73.927632,18.850909,-62.446466,64.515986,7.087229,-13.652876,3.696238,-78.267896,-19.936291,70.665943,55.555659,-2.676125,-7.761396,2.373800
610.000000,38.304454,0.814988,75.770998,-3.207696,30.483331,2.831437,-30.665777,6.960998,6.812105,-4.648490,1.135439,-5.292987,-33.512603,-6.889946,-9.860420,4.494203,-0.371918,11.400955,-4.381382,1.786096,16.545471,-73.821368,18.734823,-62.564130,64.577581,7.194295,-13.637249,3.899637,-78.147787,-20.017673,70.592560,55.481859,-2.790510,-7.706788,2.423334
611.000000,38.328737,0.807950,75.771701,-3.230626,30.516931,2.883568,-30.697626,6.957299,6.802457,-4.649511,1.103664,-5.322940,-33.516944,-6.887791,-9.864779,4.472242,-0.361472,11.437941,-4.340153,1.657474,16.535410,-73.857977,18.538455,-62.709401,64.737059,7.302914,-13.593497,3.864408,-78.066842,-20.163002,70.550875,55.428648,-2.943696,-7.589470,2.493368
612.000000,38.362095,0.801034,75.770068,-3.325158,30.561097,3.019886,-30.763527,6.975613,6.689057,-4.636557,1.077520,-5.368943,-33.497338,-6.873374,-9.976347,4.447266,-0.379224,11.366078,-4.377601,1.542175,16.365719,-73.792797,18.350256,-62.883427,64.873943,7.399584,-13.567472,3.765398,-77.887256,-20.305686,70.591105,55.442220,-3.161440,-7.847443,2.419408
613.000000,38.396677,0.801811,75.773919,-3.483710,30.553813,3.209389,-30.769469,7.029614,6.545930,-4.640572,1.040885,-5.360274,-33.377949,-6.820000,-10.147925,4.362908,-0.342971,11.247665,-4.616251,1.570709,16.226079,-73.583882,18.362180,-62.969126,64.826951,7.244832,-13.562854,3.682066,-77.803778,-20.287723,70.633445,55.501834,-2.915629,-8.179539,2.344565
614.000000,38.435307,0.815433,75.789446,-3.645310,30.483358,3.403431,-30.693449,7.071050,6.393316,-4.671193,1.045376,-5.384567,-33.216518,-6.784936,-10.312935,4.355283,-0.315488,11.138091,-4.878413,1.762718,16.133482,-73.262125,18.383997,-62.885763,64.664112,7.018518,-13.427545,3.734071,-77.727908,-20.292043,70.593072,55.391991,-2.500302,-8.302418,2.490672
615.000000,38.496670,0.850700,75.801700,-3.761111,30.484280,3.549756,-30.675322,7.070282,6.328771,-4.683369,1.022558,-5.483298,-33.134815,-6.759136,-10.336486,4.315066,-0.281232,11.169917,-5.156199,2.105294,16.119310,-72.999443,18.405644,-62.546945,64.531812,6.991640,-13.285822,4.004608,-77.795288,-20.207174,70.684631,55.373010,-2.337777,-8.251154,2.372624
616.000000,38.528150,0.881079,75.802678,-3.816864,30.524854,3.599666,-30.713315,7.075393,6.312339,-4.680601,1.026467,-5.499072,-33.147980,-6.752619,-10.380118,4.310905,-0.266202,11.114771,-5.355679,2.395695,16.092388,-72.804837,18.532643,-62.392023,64.381548,6.853620,-13.283495,4.022832,-77.907808,-20.148355,70.839471,55.297509,-2.281110,-8.284006,2.286497
617.000000,38.563240,0.909980,75.807029,-3.735232,30.580749,3.506144,-30.719910,7.018895,6.314596,-4.679290,1.034848,-5.442663,-33.196222,-6.807489,-10.346974,4.306121,-0.219964,11.097971,-5.375415,2.636073,16.025557,-72.676177,18.629916,-62.376436,64.249137,6.806894,-13.278164,4.004065,-77.946624,-20.149456,70.947183,55.222916,-2.212698,-8.294043,2.173854
618.000000,38.593346,0.950903,75.808948,-3.632287,30.630091,3.397068,-30.718680,6.940033,6.404466,-4.682240,1.043910,-5.443245,-33.234164,-6.884068,-10.291380,4.277670,-0.171057,11.132939,-5.370357,2.895026,15.994541,-72.626324,18.674178,-62.436385,64.274730,7.021191,-13.317248,4.259822,-77.958263,-20.120528,71.068815,55.268996,-2.492356,-8.117810,2.041228
619.000000,38.612187,0.981856,75.812119,-3.515380,30.689510,3.260639,-30.731422,6.870553,6.526515,-4.670797,1.031664,-5.353345,-33.280117,-6.938438,-10.184393,4.203595,-0.101217,11.173786,-5.347882,3.139693,15.986700,-72.627218,18.700708,-62.523961,64.245982,6.960703,-13.364474,4.444171,-78.009489,-20.062029,71.213854,55.306890,-2.444135,-8.056595,1.960727
620.000000,38.624358,0.992164,75.817603,-3.366482,30.722984,3.082549,-30.714657,6.814142,6.658757,-4.649746,1.019699,-5.322223,-33.311871,-6.992030,-10.107636,4.134687,-0.045852,11.222090,-5.286616,3.296752,16.060181,-72.704031,18.742010,-62.632145,64.211633,6.939365,-13.288291,4.523852,-78.088194,-20.070227,71.242206,55.299991,-2.563542,-7.945897,1.862792
621.000000,38.633537,1.002225,75.819457,-3.236547,30.720865,2.925123,-30.663270,6.763149,6.767161,-4.635083,1.001444,-5.351850,-33.327389,-7.041203,-10.013665,4.113823,-0.036751,11.254422,-5.258682,3.404391,16.167647,-72.823736,18.761362,-62.714387,64.247143,6.986237,-13.222849,4.512735,-78.145765,-20.072596,71.219448,55.336588,-2.752170,-7.760876,1.815210
622.000000,38.618267,1.015489,75.810528,-3.105387,30.771278,2.763850,-30.686271,6.707857,6.901838,-4.629595,0.992821,-5.301148,-33.441077,-7.090199,-9.866855,4.120510,0.002879,11.355701,-5.230657,3.422944,16.240691,-73.074138,18.837332,-62.764500,64.187987,7.418419,-13.530392,4.026850,-78.226744,-20.156998,71.202646,55.316746,-2.476004,-7.946281,2.143641
623.000000,38.603953,1.010624,75.800532,-2.979634,30.847138,2.598908,-30.731791,6.672931,7.030989,-4.632379,0.961246,-5.237594,-33.585304,-7.114398,-9.684640,4.143142,0.015981,11.442548,-5.214319,3.383140,16.266620,-73.267262,18.933706,-62.826600,64.135777,7.871399,-13.762863,3.785340,-78.310462,-20.176334,71.272689,55.356815,-2.467904,-7.973861,2.160743
624.000000,38.610294,0.980047,75.796175,-2.898441,30.889446,2.471751,-30.743296,6.694118,7.148175,-4.627733,0.957869,-5.214771,-33.665077,-7.099013,-9.607974,4.165967,0.018923,11.451219,-5.206833,3.341954,16.280973,-73.314752,18.922274,-62.932311,64.173350,7.870930,-13.662174,3.950625,-78.336642,-20.247698,71.331716,55.320646,-2.437103,-7.908663,2.058098
625.000000,38.618517,0.942275,75.794238,-2.845670,30.879881,2.381586,-30.701946,6.730220,7.220282,-4.622781,0.925796,-5.207074,-33.674376,-7.059781,-9.522669,4.184227,-0.023672,11.418947,-5.215319,3.275137,16.277973,-73.319622,18.803806,-63.063622,64.260674,7.778009,-13.496314,4.086004,-78.284008,-20.319191,71.346291,55.284309,-2.395443,-7.830047,1.994467
626.000000,38.635319,0.908686,75.796062,-2.851906,30.865295,2.397764,-30.678638,6.757957,7.210750,-4.616790,0.921218,-5.203718,-33.653889,-7.038838,-9.522810,4.226121,-0.082441,11.350820,-5.288021,3.227671,16.254307,-73.262487,18.712623,-63.137674,64.262709,7.815425,-13.374680,4.298542,-78.196097,-20.385550,71.371386,55.291180,-2.355879,-7.828677,2.048122
627.000000,38.666084,0.877249,75.798345,-2.877709,30.857068,2.447183,-30.660183,6.783212,7.168655,-4.614999,0.923761,-5.220189,-33.597724,-7.017216,-9.554238,4.223831,-0.144596,11.308824,-5.344512,3.184544,16.178362,-73.143833,18.607150,-63.239082,64.212562,7.920550,-13.213436,4.290235,-78.047014,-20.497560,71.444694,55.264092,-2.414763,-7.815937,2.097121
628.000000,38.697848,0.847110,75.805694,-2.935255,30.837043,2.534482,-30.636776,6.818420,7.113855,-4.618929,0.944763,-5.202360,-33.516350,-6.980090,-9.593243,4.206498,-0.200326,11.234768,-5.415066,3.180909,16.076332,-72.988754,18.499590,-63.465223,64.162223,8.075883,-13.093545,4.323150,-77.882673,-20.705886,71.743877,55.142665,-2.419163,-7.819702,2.102298
629.000000,38.713461,0.813064,75.817496,-2.996190,30.766247,2.608679,-30.565530,6.874716,7.057558,-4.628848,0.973490,-5.236684,-33.394297,-6.928689,-9.665370,4.179313,-0.202787,11.143367,-5.460501,3.182693,16.034028,-72.811838,18.477463,-63.803215,64.004275,7.935368,-12.962120,4.299950,-77.720074,-21.037638,72.220521,54.868928,-2.200636,-7.768414,2.341500
630.000000,38.740495,0.787609,75.829405,-3.028725,30.765577,2.630296,-30.545187,6.924010,7.026905,-4.634702,0.987335,-5.284189,-33.328147,-6.885240,-9.731748,4.114584,-0.196771,11.138821,-5.558981,3.132194,16.015627,-72.670993,18.622282,-64.212808,63.773538,7.960574,-12.970802,4.410999,-77.700423,-21.282063,72.897345,54.649129,-2.013583,-7.735066,2.476088
631.000000,38.755640,0.768618,75.833434,-3.058089,30.785495,2.639093,-30.555138,6.969631,7.043667,-4.640882,1.008314,-5.331171,-33.315733,-6.835972,-9.729878,4.063127,-0.165261,11.113955,-5.636310,3.033702,15.979781,-72.586749,18.825308,-64.687082,63.537691,8.003269,-13.040554,4.364776,-77.822807,-21.566182,73.637635,54.261543,-2.052326,-7.694875,2.452882
632.000000,38.774803,0.754884,75.836319,-3.103933,30.801773,2.672242,-30.569550,7.014889,7.004665,-4.640638,1.017215,-5.344249,-33.316966,-6.798925,-9.773686,4.071685,-0.181793,11.106350,-5.789550,3.010561,15.932511,-72.482254,19.036425,-64.920654,63.264245,7.934582,-13.090123,4.442829,-77.890330,-21.774380,73.994376,53.912227,-2.135522,-7.734331,2.446085
633.000000,38.818824,0.736102,75.850427,-3.187685,30.713306,2.766352,-30.467442,7.072666,6.919017,-4.636568,1.024210,-5.473621,-33.160370,-6.743509,-9.849438,4.072458,-0.233145,11.073460,-5.987192,3.013570,16.010020,-72.285791,19.205968,-64.605544,62.910318,7.208379,-13.300573,4.487453,-77.717226,-21.940562,73.673412,53.599640,-1.596227,-7.953451,2.493039
634.000000,38.787407,0.748530,75.852609,-3.188976,30.712799,2.793945,-30.503266,7.040693,6.928392,-4.629256,1.058003,-5.378715,-33.201362,-6.772377,-9.841541,4.104698,-0.187232,11.123030,-6.077720,2.939860,16.097096,-72.378046,19.516845,-64.473892,62.562402,7.128301,-13.145978,4.559939,-77.582015,-22.192442,73.269898,53.241492,-0.783844,-8.121440,2.484927
635.000000,38.808298,0.735557,75.861126,-3.222912,30.670461,2.817494,-30.447429,7.081380,6.913472,-4.631763,1.058698,-5.425509,-33.134962,-6.748045,-9.914302,4.124457,-0.194819,11.101635,-6.161878,2.883523,16.257389,-72.313740,19.683984,-64.013277,62.210551,6.749799,-13.328860,4.518611,-77.369774,-22.369175,72.548459,52.845812,-0.424918,-8.202404,2.429541
636.000000,38.849881,0.731953,75.866407,-3.232302,30.543570,2.808026,-30.252305,7.111053,6.875039,-4.642748,0.979551,-5.429198,-32.935514,-6.710846,-9.896957,4.085441,-0.256051,11.071942,-6.199124,2.733314,16.552253,-72.231129,19.450342,-63.053813,62.486491,5.976894,-13.263965,4.564533,-76.856970,-22.070853,71.090713,53.175564,0.770347,-8.113285,1.954039
637.000000,38.899955,0.741528,75.868100,-3.159839,30.342891,2.704352,-29.932536,7.104727,6.942979,-4.641565,0.825716,-5.315602,-32.620977,-6.713004,-9.846689,3.972026,-0.328543,10.958420,-6.087655,2.436885,16.764942,-71.928265,17.954112,-61.388183,64.705770,4.173398,-12.179626,5.300134,-76.113408,-20.544850,70.144001,56.253486,0.067174,-7.314373,-0.179404
638.000000,38.948420,0.766098,75.747770,-2.732263,32.703923,2.447308,-32.448559,6.631045,7.342178,-4.981667,1.541114,-4.883356,-35.304182,-7.141807,-9.505671,3.746433,0.279060,10.651897,-5.944171,1.835533,13.020289,-69.528942,14.351238,-61.488880,69.260051,2.948994,-11.530233,8.705380,-73.617411,-16.338205,70.676851,62.048826,-1.490245,-6.540130,-2.914722
639.000000,39.034483,0.751793,75.877208,-2.546546,31.782538,2.104136,-31.244349,6.711655,7.685076,-4.973088,1.493635,-4.800061,-34.271830,-7.040757,-9.299743,3.777562,0.357159,10.555653,-5.727477,1.346209,14.101919,-69.097288,11.849389,-62.409727,73.442210,1.909166,-12.078656,10.880676,-72.811572,-14.032296,72.260102,65.667713,-1.120491,-6.974456,-2.783417
640.000000,39.093724,0.724305,76.052648,-2.792998,30.046520,2.086560,-29.251252,7.123036,7.713584,-4.651562,1.061753,-5.196270,-32.327063,-6.663420,-9.478294,4.099384,0.014996,10.625839,-5.727813,1.206014,16.702155,-69.931158,11.668068,-63.987528,74.355167,2.141797,-12.529938,10.643993,-73.073032,-14.590032,74.502454,64.161130,2.077312,-7.716610,-3.556808
641.000000,39.132413,0.712408,76.168573,-2.881489,29.148617,2.146476,-28.266953,7.236743,7.675724,-4.541698,1.021878,-5.214464,-31.300875,-6.569311,-9.611721,4.197166,0.012304,10.677087,-5.844284,1.046954,17.860229,-70.109016,11.573683,-66.170989,74.353822,3.916834,-12.312929,10.740909,-72.630879,-14.708812,75.982931,63.238058,3.318384,-7.312824,-4.694407
642.000000,39.100796,0.734365,76.063013,-2.762582,31.118760,2.373661,-30.526926,6.810422,7.639666,-4.975704,1.854897,-4.950517,-33.594603,-6.973383,-9.560901,4.137698,0.521482,10.625309,-6.284297,0.921016,14.912364,-68.345072,11.284490,-68.010290,73.767634,5.106726,-12.233990,11.197790,-70.450942,-13.191719,75.486349,64.212302,3.742940,-6.701023,-5.804706
643.000000,39.113346,0.734957,76.105982,-3.185632,29.526089,2.681468,-28.821400,7.196777,7.242754,-4.644975,1.058336,-5.197782,-31.582279,-6.626214,-9.894538,4.115035,-0.075127,10.544408,-6.325979,1.623421,17.445066,-69.430218,13.136417,-67.749876,71.841576,5.326042,-12.647536,9.737575,-70.808462,-15.051311,74.486047,63.488876,3.345114,-7.145217,-4.914612
644.000000,39.060441,0.769421,76.089722,-3.284762,28.995445,2.808473,-28.309094,7.226280,7.027659,-4.597311,0.793712,-5.170685,-30.893905,-6.581476,-9.945380,3.929281,-0.250103,10.582246,-6.029063,2.198891,18.546279,-70.101619,14.341019,-67.638919,69.919547,5.293006,-13.131402,8.098205,-70.988369,-16.485445,73.636092,62.658748,3.116724,-7.579852,-3.431290
645.000000,38.958067,0.808720,75.922453,-2.957435,31.650195,2.756592,-31.341665,6.675480,7.156953,-4.979102,1.718167,-4.942703,-34.057714,-7.093562,-9.712202,3.782644,0.470164,10.655320,-5.638633,2.057097,15.064064,-68.978490,14.517055,-67.970279,68.555770,4.132925,-12.757042,4.780612,-69.728541,-15.951405,73.390683,62.600856,2.247703,-7.099965,-2.391896
646.000000,38.936487,0.813544,75.990754,-3.132693,30.401666,2.710513,-29.946763,6.996745,7.074433,-4.690144,1.197296,-5.206083,-32.679392,-6.810005,-9.852459,4.007225,0.070985,10.653063,-5.379226,2.280163,17.095673,-70.406744,16.079416,-67.629651,67.313652,4.078203,-12.830274,3.621229,-70.922560,-17.680054,74.257120,61.172615,1.497272,-7.575986,-1.578080
647.000000,38.920686,0.829457,76.042813,-3.154723,29.706279,2.592124,-29.170929,7.128146,7.159486,-4.621854,1.062397,-5.226704,-31.918048,-6.688091,-9.876405,3.994995,0.073324,10.670952,-5.251040,2.377280,18.090953,-70.928782,16.772571,-67.569204,66.593778,4.069526,-12.807462,3.484574,-71.825306,-18.173831,74.995334,60.384630,0.918605,-7.664843,-0.965991
648.000000,38.916728,0.857446,76.061469,-3.161747,29.333543,2.516886,-28.734558,7.185342,7.222671,-4.593846,0.912765,-5.178579,-31.468068,-6.622279,-9.831150,3.895967,0.095819,10.647318,-5.240682,2.506263,18.494636,-71.128852,17.055389,-67.305504,66.298174,3.992875,-12.786442,2.852989,-72.623817,-18.225721,75.516682,59.697766,0.522339,-7.767869,0.565270
649.000000,38.916913,0.873612,76.056862,-3.149225,29.170765,2.478833,-28.540729,7.190409,7.266339,-4.579930,0.817836,-5.091193,-31.276136,-6.623614,-9.819959,3.872147,0.039580,10.702334,-5.279392,2.586970,18.278411,-71.072756,17.086497,-67.584237,66.313337,5.575959,-13.245387,3.518483,-73.272671,-18.151393,75.812334,58.785744,-0.290593,-8.270904,1.598651
650.000000,38.929868,0.871931,76.056576,-3.121681,29.043015,2.402766,-28.349803,7.221006,7.385177,-4.587383,0.726811,-5.091545,-31.129475,-6.600927,-9.793059,3.883808,0.006394,10.717304,-5.296151,2.506951,17.783695,-70.779734,16.927393,-67.406392,66.194259,7.068308,-13.570689,4.021616,-74.055472,-18.092036,76.223852,57.474211,-1.849218,-8.645879,2.695227
651.000000,38.954550,0.866212,76.071262,-3.114111,28.838059,2.351250,-28.067891,7.262229,7.509679,-4.586435,0.644168,-5.147703,-30.888106,-6.557295,-9.732143,3.908359,0.009320,10.708133,-5.529499,2.244967,17.222126,-70.258263,16.981409,-66.313917,65.578934,8.743805,-13.515363,5.414352,-74.924218,-17.989525,76.565321,55.901762,-3.656978,-8.813931,4.060456
652.000000,39.003718,0.849311,76.094007,-3.122910,28.530905,2.194385,-27.617544,7.418671,7.765753,-4.578739,0.481837,-5.354987,-30.544206,-6.409143,-9.629792,3.942989,0.047764,10.690408,-6.167657,1.748290,16.666169,-68.882874,17.946957,-64.707074,64.037538,9.243429,-13.956926,6.476998,-76.053070,-17.638718,77.069505,54.329743,-5.680224,-9.167283,5.912898
653.000000,39.024496,0.810218,76.103795,-3.116556,28.261372,1.711106,-27.147943,7.782447,8.223069,-4.567901,0.220253,-5.449025,-30.348139,-6.041743,-9.245200,3.969294,0.092112,10.511420,-7.104769,0.932704,16.196303,-66.855954,20.417853,-62.496825,60.686142,7.779896,-14.612517,7.192859,-77.766307,-17.311070,77.534545,52.016976,-6.665303,-9.854062,7.272287
654.000000,39.005348,0.752536,76.103872,-2.943830,27.989983,0.790431,-26.593364,8.246080,9.024756,-4.537379,-0.118700,-5.551370,-30.290707,-5.546249,-8.499505,4.033084,0.248111,10.416014,-8.310435,-0.279011,16.113613,-64.432460,24.390372,-59.702916,55.429686,5.636289,-15.512922,7.852116,-80.155118,-16.989455,77.473586,49.243454,-6.039937,-10.797308,10.123687
655.000000,38.958481,0.694163,76.105088,-2.632991,27.730966,-0.367817,-26.015173,8.687884,10.020968,-4.476913,-0.490754,-5.542010,-30.374005,-5.058665,-7.569700,4.189791,0.433451,10.293554,-9.614277,-1.837122,16.305695,-61.860026,29.101838,-56.754562,49.340180,3.149029,-15.755228,8.238517,-82.551763,-16.401654,77.063706,47.177168,-5.133602,-11.013438,11.644685
656.000000,38.879076,0.646054,76.102662,-2.206779,27.529193,-1.556528,-25.519462,8.987212,11.041621,-4.416935,-0.782084,-5.593935,-30.604978,-4.686040,-6.578722,4.424550,0.574071,10.215627,-10.639157,-3.588902,16.431497,-59.769817,33.817025,-54.914830,43.972621,2.112909,-15.894038,8.135023,-84.577898,-15.863922,76.982809,45.788943,-3.747149,-10.676107,12.419802
657.000000,38.804066,0.636546,76.086760,-1.741891,27.362321,-2.606961,-25.099072,9.111289,11.887713,-4.377225,-1.119316,-5.583427,-30.792067,-4.495506,-5.777281,4.551715,0.671562,10.247511,-11.221500,-4.940164,16.597836,-58.409654,37.449217,-53.949243,40.426035,2.290444,-16.130357,9.200093,-86.368876,-15.837826,76.959375,44.831777,-3.165101,-10.538821,12.970336
658.000000,38.736874,0.652587,76.071978,-1.291505,27.201971,-3.406860,-24.770345,9.056044,12.422976,-4.342131,-1.350278,-5.444061,-30.894274,-4.484804,-5.169825,4.607133,0.712623,10.363384,-11.268227,-5.698481,16.691218,-57.566187,39.285161,-53.363704,38.934134,1.450561,-15.987333,9.261425,-87.278131,-16.252883,76.774386,44.494974,-3.044424,-10.594323,12.765174
659.000000,38.660902,0.682766,76.066780,-0.943467,27.105336,-3.862808,-24.620778,8.895479,12.736041,-4.322719,-1.429410,-5.275758,-30.964960,-4.603329,-4.819895,4.584718,0.783523,10.502838,-10.973133,-5.878440,16.733996,-57.607352,39.586458,-53.278959,39.042034,1.380658,-15.667636,9.829306,-87.213238,-16.841259,76.525515,44.859832,-2.682354,-10.552014,12.189752
660.000000,38.589072,0.722336,76.074463,-0.750133,27.043518,-3.970741,-24.610097,8.691417,12.791911,-4.302782,-1.374445,-5.180266,-31.038654,-4.788421,-4.715759,4.659004,0.825964,10.687212,-10.767180,-5.693232,16.710585,-57.988026,39.236893,-53.633466,39.758989,1.718509,-15.581384,9.567647,-86.566350,-17.259437,76.132260,45.565913,-2.442862,-10.463834,11.912370
661.000000,38.556105,0.760626,76.093012,-0.753865,26.951768,-3.823940,-24.586495,8.556876,12.683175,-4.305861,-1.279521,-5.181528,-30.991256,-4.933194,-4.799513,4.774115,0.818901,10.790212,-10.758793,-5.364400,16.612676,-58.397639,38.708676,-54.216341,40.606728,2.044916,-15.659657,9.550875,-85.666890,-17.331275,75.839525,46.271963,-2.559835,-10.462948,11.708617
662.000000,38.554260,0.799718,76.094067,-0.867012,26.821355,-3.580002,-24.497498,8.493586,12.470725,-4.320604,-1.321943,-5.112476,-30.767393,-5.011072,-4.957451,4.754637,0.661863,10.749100,-10.908043,-5.040811,16.505495,-58.754585,38.324215,-54.912607,41.342886,2.642275,-15.673274,10.354679,-84.757703,-17.069744,75.874775,46.756944,-2.645573,-10.555379,11.374755
663.000000,38.533840,0.820467,76.088345,-0.911152,26.643473,-3.515090,-24.327959,8.478116,12.354812,-4.322508,-1.440273,-5.059561,-30.553601,-5.035268,-4.985121,4.739165,0.533673,10.652180,-10.914149,-4.851494,16.461234,-59.044028,38.205418,-55.643847,41.667467,3.171132,-15.765953,9.865306,-84.237782,-16.792201,76.258338,46.736054,-3.141178,-10.682480,11.466237
664.000000,38.467607,0.834627,76.083875,-0.878162,26.526318,-3.624611,-24.237830,8.492091,12.416585,-4.300285,-1.527884,-5.010526,-30.557969,-5.010104,-4.807514,4.847089,0.504573,10.625243,-10.750424,-4.739352,16.451245,-59.430255,38.136136,-56.091904,41.826579,3.583560,-15.891764,9.313342,-83.902795,-16.509172,76.507592,46.489512,-3.138825,-10.748366,11.267095
665.000000,38.383833,0.852279,76.085716,-0.797494,26.485338,-3.813546,-24.225402,8.493530,12.588175,-4.275849,-1.560772,-4.924933,-30.713421,-4.982167,-4.609541,5.000641,0.538373,10.674454,-10.451226,-4.666308,16.344626,-59.734649,37.900105,-56.375644,42.018156,3.768268,-15.792060,9.168350,-83.516466,-16.190490,76.426996,46.352293,-2.673199,-10.634494,11.097485
666.000000,38.325629,0.892148,76.085466,-0.737983,26.453437,-3.896509,-24.219774,8.429579,12.672086,-4.283396,-1.573703,-4.850475,-30.805939,-5.025272,-4.517769,5.101115,0.558572,10.691976,-10.196934,-4.601223,16.248100,-59.930102,37.527802,-56.456353,42.291295,3.607976,-15.913523,8.850271,-82.982516,-15.752737,75.558934,46.703635,-3.354118,-10.827053,11.696945
667.000000,38.277900,0.927564,76.076031,-0.736141,26.376284,-3.847569,-24.164873,8.363127,12.619570,-4.299697,-1.625020,-4.912923,-30.743846,-5.096456,-4.538741,5.080699,0.515039,10.682527,-10.043394,-4.531013,16.222283,-60.189355,37.218476,-56.697076,42.457525,3.600069,-15.842600,8.884462,-82.982605,-15.384656,75.749359,46.664313,-3.206568,-10.836867,11.784678
668.000000,38.198128,0.951964,76.070118,-0.788784,26.347108,-3.726402,-24.227758,8.331246,12.420200,-4.307251,-1.568650,-4.887058,-30.705088,-5.138623,-4.636165,4.982443,0.604726,10.636257,-9.979149,-4.351386,16.277849,-60.533221,36.942574,-56.973740,42.627013,3.916041,-15.738610,9.004657,-83.247787,-15.149568,76.215916,46.362675,-2.232759,-10.616871,10.846508
669.000000,38.085330,0.972753,76.068872,-0.856603,26.385319,-3.608282,-24.402692,8.327643,12.332309,-4.315956,-1.438892,-4.834291,-30.802756,-5.148051,-4.751125,4.942617,0.771027,10.754537,-9.862562,-4.127410,16.387885,-60.956098,36.637954,-57.287662,42.869641,4.254672,-15.729811,8.934724,-83.397341,-15.018428,76.098655,46.222776,-1.661945,-10.492951,10.575042
670.000000,37.984470,0.999975,76.063257,-0.883565,26.496557,-3.534979,-24.646400,8.294373,12.307273,-4.329677,-1.299039,-4.817904,-31.030881,-5.177131,-4.799119,4.992448,0.891743,10.870588,-9.702598,-3.996727,16.338673,-61.314410,36.308193,-57.700530,43.147944,4.367965,-15.677808,9.008982,-83.511432,-14.927288,76.105096,46.177393,-1.664346,-10.431477,10.505992
671.000000,37.903172,1.017779,76.050001,-0.913704,26.599985,-3.441080,-24.850043,8.261423,12.192735,-4.353315,-1.209611,-4.817501,-31.162748,-5.224557,-4.904194,4.927987,0.973501,10.837593,-9.613665,-3.964959,16.249669,-61.641706,36.115377,-58.138208,43.452134,4.366343,-15.682186,9.067612,-83.668363,-14.839105,76.270550,46.333019,-2.073907,-10.413427,10.433497
672.000000,37.830934,1.031267,76.033342,-0.986838,26.621639,-3.328569,-24.960569,8.277337,11.975708,-4.375800,-1.181002,-4.893155,-31.137282,-5.218329,-4.989247,4.754376,1.053331,10.798900,-9.590846,-3.977831,16.316325,-61.955553,36.115049,-58.493481,43.687044,4.377978,-15.650373,8.961276,-83.757613,-14.853126,76.299756,46.461085,-2.123090,-10.412645,10.336161
673.000000,37.730473,1.040182,76.025337,-1.061010,26.661215,-3.242755,-25.118878,8.308422,11.910215,-4.365303,-1.129741,-4.864909,-31.204057,-5.195661,-5.078958,4.672757,1.165363,10.810826,-9.523164,-3.962009,16.458382,-62.343822,36.132206,-58.750453,43.876456,4.424661,-15.767251,8.948856,-83.875386,-14.955865,76.328832,46.635651,-2.020871,-10.465774,10.140355
674.000000,37.591416,1.061747,75.999367,-1.053129,26.822046,-3.231651,-25.434093,8.279153,11.902694,-4.362045,-1.064512,-4.775159,-31.520971,-5.211300,-5.022525,4.699086,1.299799,10.946204,-9.304207,-3.887352,16.465974,-62.848730,36.029214,-58.954163,44.057322,5.260631,-15.771337,8.667157,-83.991608,-15.215314,76.426333,46.849408,-2.136338,-10.510879,9.982118
675.000000,37.486660,1.099605,75.965875,-0.997364,27.061480,-3.208338,-25.793542,8.174265,11.877055,-4.381438,-0.982820,-4.643989,-31.864373,-5.315414,-4.978959,4.669762,1.381800,11.096873,-8.987820,-3.601260,16.340685,-63.333175,35.535453,-59.191102,44.424957,6.147055,-15.637506,8.406646,-83.853454,-15.352809,76.479213,47.487881,-2.678810,-10.651580,9.792201
676.000000,37.437057,1.132880,75.942630,-0.906256,27.161284,-3.200954,-25.940389,8.036628,11.779827,-4.413906,-0.981481,-4.551815,-31.966952,-5.441815,-4.899138,4.542404,1.359331,11.289375,-8.364710,-3.051429,16.436746,-64.103108,34.555372,-59.644436,45.297500,6.444494,-15.376711,8.111684,-83.513884,-15.456465,76.563490,48.553745,-3.038462,-10.655954,9.002655
677.000000,37.401655,1.152535,75.939614,-0.756793,27.159123,-3.219713,-25.967503,7.860360,11.755788,-4.441813,-0.914805,-4.616820,-31.988979,-5.619562,-4.866434,4.487494,1.318803,11.504242,-7.355723,-2.388687,16.985082,-65.616521,33.105097,-60.038237,46.990598,6.516324,-15.294194,7.397789,-83.381761,-15.742797,76.909624,49.702054,-3.334765,-10.699063,8.219163
678.000000,37.339571,1.168605,75.946140,-0.606365,27.163382,-3.119159,-26.062120,7.612689,11.421857,-4.466460,-0.731824,-4.645167,-32.076757,-5.875722,-4.911243,4.550835,1.275194,11.747548,-6.256465,-1.644515,17.461749,-67.248895,31.385296,-60.526486,48.975895,6.492346,-15.187520,6.678459,-83.301609,-16.405828,77.704610,50.341540,-3.620234,-10.725368,7.419927
679.000000,37.283772,1.194333,75.948185,-0.655150,27.219649,-2.747823,-26.299589,7.398965,11.324466,-4.491096,-0.534180,-4.777861,-32.197942,-6.111100,-5.175195,4.726064,1.171668,11.851957,-5.311937,-0.671856,18.368375,-69.490126,30.171541,-61.367856,50.579221,7.314605,-14.863617,5.899649,-84.139140,-17.498501,79.067397,50.360726,-4.013055,-10.613911,6.975157
680.000000,37.181002,1.221805,75.936419,-0.752606,27.259366,-2.288890,-26.578622,7.195597,10.967243,-4.512052,-0.230562,-4.832278,-32.350146,-6.361406,-5.534513,4.969500,1.013245,11.883518,-4.882338,0.219800,19.010124,-71.206095,29.420155,-62.480289,51.689294,7.541488,-14.797627,5.386606,-85.283893,-18.532434,80.003577,49.944136,-4.670069,-10.656301,7.408284
681.000000,37.091926,1.189739,75.912923,-0.814392,27.425693,-1.890422,-26.964497,7.054192,10.561498,-4.525481,0.087734,-4.927567,-32.501684,-6.546688,-5.911133,4.944823,0.932824,11.815259,-4.612444,0.540720,19.246913,-72.411494,29.060583,-63.708344,52.414141,7.086285,-14.917934,5.675981,-86.085239,-19.301607,80.214063,49.514473,-4.950448,-10.530712,7.764002
682.000000,37.030077,1.127370,75.865036,-0.860535,27.873998,-1.692752,-27.572931,7.049066,10.398926,-4.557534,0.276570,-4.979384,-32.948795,-6.571746,-6.132446,4.825313,0.978902,11.762574,-4.457461,0.452702,19.293563,-73.565577,29.082129,-64.800709,53.070874,6.565243,-15.107613,6.184482,-86.924348,-19.577843,80.214090,49.709447,-5.342605,-10.476160,7.834851
683.000000,37.024710,1.048582,75.822771,-1.019368,28.287307,-1.576468,-28.065030,7.240443,10.324628,-4.591598,0.337118,-5.000666,-33.390189,-6.393943,-6.207077,4.825865,0.994333,11.689243,-4.465906,0.327236,18.874763,-74.083408,29.120730,-65.336490,53.700197,6.561865,-15.173653,6.614296,-87.374321,-19.488063,80.214090,50.074572,-5.977493,-10.471773,7.655810
684.000000,37.063023,0.981680,75.824296,-1.269484,28.402918,-1.381461,-28.211640,7.466619,10.155152,-4.596170,0.380980,-5.009577,-33.471468,-6.184001,-6.319534,4.912338,0.982371,11.545374,-4.548353,0.400399,18.541800,-74.117900,28.763518,-65.121974,54.367688,6.075154,-15.096140,6.868753,-87.491711,-19.405928,80.214090,50.450151,-6.046085,-10.333360,7.400639
685.000000,37.093404,0.924503,75.852680,-1.435953,28.312450,-1.209929,-28.147169,7.597494,10.052223,-4.573591,0.462672,-4.969971,-33.334383,-6.064291,-6.458102,4.987402,0.983137,11.413889,-4.546545,0.448639,18.395745,-74.158594,28.245909,-64.800962,55.025117,5.708079,-14.962229,7.071295,-87.352225,-19.403780,80.214090,50.886002,-5.381861,-10.243949,7.244293
686.000000,37.093052,0.887787,75.877947,-1.509106,28.191586,-1.003007,-28.095172,7.577064,9.924380,-4.545199,0.558980,-4.957395,-33.169089,-6.106763,-6.687476,5.027547,0.896342,11.284212,-4.453738,0.276040,18.422234,-74.669513,27.904191,-65.781846,55.814168,7.279786,-15.458876,9.069079,-87.427248,-19.597877,80.214090,51.196065,-5.191561,-10.358085,6.891686
687.000000,37.087280,0.864438,75.897473,-1.569648,28.074206,-0.791962,-28.038087,7.529585,9.783537,-4.531705,0.704457,-5.008387,-33.007033,-6.158005,-6.875115,5.063975,0.816213,11.170896,-4.318611,0.150029,18.354325,-74.798952,27.196671,-65.604711,56.163799,6.160833,-14.934593,7.710910,-87.453045,-19.870496,80.214090,51.255922,-5.475174,-10.180771,7.640799
688.000000,37.094599,0.851353,75.907779,-1.626666,28.024786,-0.604456,-28.015887,7.489320,9.649166,-4.545365,0.802342,-5.061316,-32.880391,-6.215482,-7.048764,5.029914,0.788021,11.184460,-4.253740,0.035879,18.161622,-74.839961,26.852899,-65.739307,56.185013,5.842239,-14.595431,7.247328,-87.245367,-20.118963,80.214090,51.048936,-5.497643,-10.279625,7.395531
689.000000,37.089491,0.852846,75.903851,-1.730717,28.020297,-0.437850,-28.041767,7.499399,9.496678,-4.571820,0.809707,-5.098609,-32.806273,-6.215574,-7.165072,4.972837,0.799159,11.197848,-4.310545,0.034962,17.990044,-74.749495,26.722079,-65.719049,56.098874,5.898477,-14.437410,7.147987,-87.063137,-20.324118,80.214090,50.785021,-5.632961,-10.312242,7.193321
690.000000,37.050328,0.859230,75.888050,-1.799864,28.024175,-0.420548,-28.082623,7.561472,9.465542,-4.575844,0.738009,-5.086246,-32.816976,-6.153630,-7.176994,4.925934,0.815805,11.208376,-4.442218,0.086818,17.929276,-74.622767,26.809276,-65.554352,55.955020,5.898272,-14.545122,7.185057,-87.030912,-20.372830,80.214090,50.700631,-5.570077,-10.306552,7.212781
691.000000,36.994195,0.864523,75.870126,-1.805653,28.018035,-0.546064,-28.091911,7.647251,9.560744,-4.573548,0.636595,-5.086835,-32.871918,-6.061990,-7.120511,4.908224,0.785645,11.166050,-4.576000,0.133685,17.887444,-74.449684,27.004529,-65.444666,55.785413,5.654029,-14.687285,7.060716,-87.096496,-20.355758,80.214090,50.744914,-5.493449,-10.287558,7.611562
692.000000,36.942080,0.853382,75.863832,-1.689165,28.021288,-0.743555,-28.091135,7.651983,9.717828,-4.549475,0.597211,-5.016937,-32.959218,-6.054635,-7.003654,4.898900,0.798480,11.248043,-4.463122,-0.211869,17.947536,-74.566514,27.191454,-65.847757,55.650011,5.806667,-14.689725,7.139313,-86.972473,-20.341193,80.214090,50.753486,-5.387583,-10.184880,7.167385
693.000000,36.866307,0.859572,75.844896,-1.577383,28.043728,-0.856220,-28.148835,7.586857,9.759171,-4.553108,0.618901,-4.981174,-33.093889,-6.106164,-6.855484,4.923399,0.755178,11.426696,-4.371567,-0.369843,18.080983,-74.799471,27.164864,-66.245042,55.656029,5.990816,-14.762317,7.015660,-87.019246,-20.434944,80.214090,50.798084,-5.568827,-10.202363,7.304376
694.000000,36.794245,0.876614,75.817627,-1.531292,28.043843,-0.839049,-28.204172,7.505336,9.676545,-4.580003,0.627807,-4.962503,-33.169939,-6.187844,-6.815017,4.967371,0.577478,11.450013,-4.386910,-0.274604,18.182184,-74.919737,26.942622,-66.415243,55.800463,5.903353,-15.049511,6.586989,-87.123093,-20.574096,80.214090,50.885459,-6.081454,-10.414605,7.811033
695.000000,36.749059,0.899630,75.799209,-1.466261,28.043245,-0.774033,-28.255524,7.364097,9.583696,-4.590924,0.654139,-4.899281,-33.156119,-6.321117,-6.819701,4.897071,0.447773,11.534760,-4.211176,-0.195316,18.260572,-75.133795,26.353756,-66.850620,56.193612,5.930123,-15.240100,6.510062,-87.063691,-20.797415,80.214090,51.018887,-6.598013,-10.644505,7.965155
696.000000,36.652398,0.925614,75.773966,-1.456307,28.431727,-0.642586,-28.834040,7.233333,9.373706,-4.522428,0.730761,-4.215422,-33.592527,-6.460987,-6.911257,4.819994,0.491110,10.910971,-3.986125,0.409641,18.216045,-75.443353,25.258574,-66.390675,56.780240,6.542731,-16.042135,6.811343,-86.875669,-21.201295,80.214090,51.285548,-7.962476,-10.554239,7.541384
697.000000,36.577359,0.930666,75.754046,-1.425444,28.785205,-0.653359,-29.314298,7.193553,9.314090,-4.496350,0.830278,-3.915207,-34.045778,-6.499871,-6.949017,4.804826,0.561348,10.720025,-3.541789,0.920516,18.423546,-76.118060,24.307853,-66.017938,57.272933,7.183999,-16.629252,6.828325,-86.890928,-21.801568,80.213209,51.364450,-8.784513,-10.596387,7.571102
698.000000,36.546820,0.923398,75.744206,-1.358301,28.922630,-0.775306,-29.467311,7.205611,9.414501,-4.498848,0.900410,-3.831314,-34.266458,-6.471706,-6.837434,4.807167,0.596786,10.808960,-3.216461,0.909401,18.353763,-76.546258,23.794306,-66.294779,57.621457,7.875959,-16.903028,6.983383,-86.762418,-22.194370,80.214090,51.355806,-8.767275,-10.851683,7.524193
699.000000,36.530206,0.906689,75.740898,-1.331323,28.993465,-0.850970,-29.547511,7.242851,9.498272,-4.497425,0.925335,-3.778359,-34.390180,-6.435806,-6.793897,4.820807,0.643148,10.873649,-3.076867,0.853622,18.302233,-76.721418,23.657583,-66.618872,57.749393,8.731067,-17.180352,7.748354,-86.650751,-22.416433,80.214090,51.455363,-8.512052,-11.024561,7.389518
700.000000,36.524519,0.893469,75.744110,-1.359460,29.042979,-0.852888,-29.610878,7.291069,9.552710,-4.494309,0.984081,-3.764582,-34.471743,-6.388250,-6.779646,4.850446,0.727094,10.819359,-3.091976,0.824639,18.270688,-76.593345,23.632919,-66.180148,57.592360,7.727694,-16.994081,6.978711,-86.690270,-22.587509,80.214090,51.341743,-8.390653,-10.929539,7.722780
701.000000,36.533681,0.886906,75.748008,-1.422831,29.076025,-0.820396,-29.646002,7.350717,9.585608,-4.504687,1.016918,-3.850220,-34.474055,-6.335305,-6.844243,4.814890,0.782592,10.807227,-3.234396,0.850427,18.281083,-76.513514,23.879921,-66.035614,57.324337,7.135587,-17.080112,6.884122,-86.830323,-22.573794,80.214090,51.278683,-8.342007,-10.914612,7.444101
702.000000,36.544171,0.881472,75.751758,-1.421609,29.089998,-0.840292,-29.649974,7.366728,9.600549,-4.503898,1.015490,-3.885219,-34.449176,-6.313352,-6.845088,4.738663,0.841371,10.836639,-3.330231,0.820551,18.317657,-76.416027,24.145385,-65.945879,57.141499,6.758748,-17.182808,6.996827,-86.978463,-22.459250,80.214090,51.322612,-8.203064,-10.793663,7.385810
703.000000,36.548236,0.869445,75.755560,-1.365588,29.073417,-0.924626,-29.609177,7.367927,9.666945,-4.500833,0.997358,-3.885078,-34.445846,-6.298632,-6.752207,4.728275,0.849092,10.847743,-3.356141,0.700053,18.392065,-76.374069,24.426655,-66.053598,57.018682,6.472802,-17.257245,6.940816,-87.186757,-22.323275,80.214090,51.330484,-8.292078,-10.805276,7.494229
704.000000,36.570320,0.857836,75.758797,-1.290601,29.037670,-1.012816,-29.525323,7.351083,9.747786,-4.504479,0.973253,-3.894401,-34.409940,-6.308749,-6.667636,4.735893,0.794712,10.803238,-3.140795,0.633969,18.471391,-76.485298,24.485743,-66.293987,56.977363,6.553126,-17.285325,6.851041,-87.270106,-22.386799,80.214090,51.243764,-8.451107,-10.848554,7.539037
705.000000,36.591244,0.857763,75.763232,-1.230689,28.992480,-1.072558,-29.439082,7.319096,9.794083,-4.504949,0.952268,-3.882341,-34.377858,-6.335961,-6.617264,4.776049,0.755942,10.784878,-2.888577,0.716705,18.603526,-76.635856,24.352918,-66.299888,57.029286,6.571601,-17.261059,6.824990,-87.270604,-22.514112,80.214090,51.238826,-8.339931,-10.785449,7.512826
706.000000,36.603832,0.866432,75.765514,-1.225099,28.986216,-1.069257,-29.416733,7.301376,9.806904,-4.502993,0.947417,-3.862307,-34.357436,-6.361431,-6.637741,4.788337,0.751544,10.778844,-2.856817,0.878098,18.669900,-76.645740,24.309062,-66.103322,57.054349,6.475004,-17.155173,6.865120,-87.232540,-22.503276,80.214090,51.260816,-8.101292,-10.666978,7.499360
707.000000,36.615402,0.867585,75.762677,-1.240694,28.980563,-1.037396,-29.407366,7.296080,9.784471,-4.502381,0.918998,-3.877348,-34.322271,-6.363706,-6.655957,4.773784,0.694878,10.771124,-2.934270,0.960893,18.717855,-76.654100,24.413082,-66.129345,57.015824,6.512958,-17.069611,6.780827,-87.202637,-22.385510,80.214090,51.244939,-8.060762,-10.610438,7.531500
708.000000,36.618885,0.848110,75.759459,-1.260485,29.018070,-1.008687,-29.460679,7.317815,9.740009,-4.495993,0.923303,-3.914881,-34.324064,-6.339046,-6.673656,4.708688,0.736387,10.745927,-3.122638,0.980756,18.723569,-76.659625,24.660786,-66.323514,57.005742,6.691621,-17.097435,6.672718,-87.143091,-22.133891,80.214083,51.335019,-8.027630,-10.634677,7.402124
709.000000,36.639497,0.821127,75.761962,-1.300158,29.086284,-0.901538,-29.556021,7.313608,9.650079,-4.489103,0.942024,-4.034810,-34.278404,-6.341710,-6.785530,4.539873,0.838347,10.749565,-3.118809,0.958513,18.845371,-76.905533,24.781050,-66.843592,57.017760,6.785108,-17.041419,6.333885,-87.056116,-22.155298,79.993502,51.370358,-8.114089,-10.503474,7.367363
710.000000,36.651444,0.803022,75.760490,-1.455879,29.160195,-0.686162,-29.693100,7.368178,9.468299,-4.488178,0.964023,-4.193302,-34.211072,-6.297192,-6.989520,4.355047,0.952396,10.693861,-3.414758,0.984412,18.856665,-77.004017,25.119216,-67.397609,56.891337,6.917141,-16.986221,6.074290,-86.959100,-22.017938,79.794368,51.342552,-8.153932,-10.322470,7.245291
711.000000,36.667433,0.808284,75.760281,-1.686599,29.266230,-0.441472,-29.866665,7.466503,9.241278,-4.489290,0.991512,-4.238047,-34.184557,-6.210230,-7.198303,4.199167,1.139918,10.556506,-4.020234,1.107636,18.665773,-76.731971,25.799547,-67.598922,56.471939,6.908341,-17.013692,6.017466,-86.820153,-21.584786,79.949557,51.165746,-8.004539,-10.226246,6.829147
712.000000,36.665115,0.817621,75.754499,-1.838465,29.392938,-0.289153,-30.056210,7.531871,9.109929,-4.489903,1.028644,-4.270291,-34.225224,-6.153539,-7.360560,4.060038,1.295586,10.498992,-4.502494,1.218520,18.670793,-76.546750,26.459728,-67.487528,56.098700,6.609466,-17.049346,5.875290,-87.106147,-21.205722,80.214015,51.029337,-8.156413,-10.195467,6.848379
713.000000,36.663434,0.814293,75.753599,-1.835769,29.471151,-0.326637,-30.144299,7.562032,9.164681,-4.492777,1.062978,-4.295110,-34.285825,-6.119823,-7.376426,3.963967,1.419600,10.469323,-4.543759,1.201078,18.641741,-76.435581,26.740013,-67.499385,55.955608,6.437490,-16.972919,5.956622,-87.295282,-21.152988,80.214090,50.880039,-8.223857,-10.254121,6.892640
714.000000,36.659157,0.810135,75.756001,-1.739346,29.522755,-0.464418,-30.174147,7.552204,9.257395,-4.494647,1.098981,-4.298815,-34.397540,-6.121257,-7.297413,3.982038,1.485426,10.450658,-4.287116,1.251452,18.608193,-76.387907,26.636300,-67.485807,55.900526,5.997199,-16.922945,6.133339,-87.328483,-21.360279,80.214090,50.837504,-7.847391,-10.239364,6.946133
715.000000,36.651859,0.817290,75.758260,-1.658873,29.560274,-0.532351,-30.212625,7.494303,9.299869,-4.490720,1.138465,-4.241150,-34.487582,-6.176810,-7.277712,4.021183,1.530604,10.497214,-4.007843,1.296784,18.605365,-76.548416,26.460023,-67.596244,55.871436,5.888151,-16.898673,6.076888,-87.404380,-21.635843,80.214090,50.849867,-7.903570,-10.308411,7.073615
716.000000,36.646828,0.824775,75.757885,-1.686079,29.585176,-0.443393,-30.271672,7.459586,9.219790,-4.487804,1.173095,-4.211306,-34.492216,-6.218074,-7.330594,4.005318,1.528823,10.484118,-3.892392,1.329678,18.579569,-76.792370,26.379606,-67.841954,55.839873,6.149061,-16.842620,5.990709,-87.472307,-21.847702,80.214090,50.831159,-8.034885,-10.332186,7.168494
717.000000,36.636722,0.831312,75.756401,-1.745174,29.606640,-0.339428,-30.333881,7.448566,9.129766,-4.484176,1.191323,-4.190791,-34.494351,-6.240753,-7.432909,3.989491,1.559569,10.480685,-3.977099,1.407401,18.583760,-76.905089,26.408872,-67.895618,55.916010,6.109057,-16.853430,5.984203,-87.564664,-21.850779,80.214090,50.841784,-7.956702,-10.328773,7.054873
718.000000,36.620417,0.832959,75.756276,-1.792062,29.609538,-0.291888,-30.362612,7.471030,9.108735,-4.489153,1.229977,-4.200896,-34.493756,-6.229881,-7.505306,3.985241,1.593826,10.448327,-4.083939,1.490931,18.596638,-76.971505,26.509834,-67.927304,55.965918,6.043912,-16.821258,6.058206,-87.640439,-21.781997,80.214090,50.821652,-7.834000,-10.300517,6.992874
719.000000,36.589497,0.836604,75.758582,-1.822533,29.592455,-0.275119,-30.376604,7.490142,9.112985,-4.489287,1.243789,-4.195777,-34.504432,-6.203254,-7.503800,3.999437,1.626041,10.449213,-4.145895,1.536748,18.604689,-77.069307,26.611694,-68.036764,55.972632,6.038524,-16.768659,6.041070,-87.650240,-21.686925,80.214090,50.852688,-7.706132,-10.221981,7.016118
720.000000,36.555403,0.831070,75.761503,-1.783960,29.568138,-0.317683,-30.367796,7.479326,9.143493,-4.488290,1.283080,-4.188789,-34.521723,-6.205273,-7.416379,3.997053,1.663813,10.475728,-4.099649,1.509887,18.653393,-77.231524,26.643200,-68.112627,55.951469,5.955809,-16.802588,5.915131,-87.664269,-21.638138,80.214090,50.936949,-7.606291,-10.149046,7.066803
721.000000,36.512220,0.835240,75.754207,-1.741302,29.563624,-0.391310,-30.374667,7.479096,9.215119,-4.492948,1.284210,-4.195473,-34.575039,-6.214539,-7.385497,3.999007,1.699011,10.487262,-4.050589,1.488376,18.643556,-77.369630,26.687272,-68.313728,55.973192,6.048607,-16.780515,5.739702,-87.710687,-21.584777,80.214090,51.014181,-7.627911,-10.137524,7.161152
722.000000,36.469442,0.839381,75.753987,-1.741438,29.533455,-0.406110,-30.370402,7.480486,9.196872,-4.497077,1.312323,-4.203752,-34.559408,-6.200483,-7.347450,3.951053,1.738355,10.464390,-4.043571,1.506023,18.651411,-77.449899,26.711475,-68.536850,55.928922,6.054312,-16.803483,5.775919,-87.744797,-21.584067,80.214090,51.019696,-7.626119,-10.221005,7.102729
723.000000,36.413702,0.851306,75.752795,-1.721840,29.536020,-0.426394,-30.416458,7.460389,9.195522,-4.501372,1.378349,-4.192532,-34.627628,-6.211138,-7.299022,3.964293,1.806239,10.453287,-4.049305,1.534024,18.715550,-77.540248,26.715790,-68.504899,55.974408,5.913781,-16.734751,5.814785,-87.848834,-21.578386,80.214090,51.091598,-7.523559,-10.214712,7.080223
724.000000,36.356211,0.848676,75.754094,-1.733853,29.483427,-0.414610,-30.407623,7.468578,9.178729,-4.513222,1.443913,-4.224572,-34.610184,-6.200730,-7.305261,3.951651,1.865832,10.442766,-4.062196,1.577468,18.744816,-77.541410,26.662480,-68.400055,56.045670,5.854716,-16.697062,5.856076,-87.882309,-21.565120,80.214090,51.185038,-7.491177,-10.220949,7.044403
725.000000,36.295074,0.845416,75.753838,-1.709154,29.402273,-0.455703,-30.358210,7.474938,9.218769,-4.513750,1.464989,-4.217371,-34.558718,-6.192192,-7.264011,3.901550,1.919863,10.427354,-4.016557,1.572311,18.723510,-77.490641,26.529933,-68.341336,56.182913,5.802991,-16.736960,5.823614,-87.848821,-21.580784,80.214090,51.250871,-7.437567,-10.263969,7.221759
726.000000,36.243087,0.845096,75.757325,-1.665171,29.385242,-0.538063,-30.351858,7.487079,9.266072,-4.519945,1.542162,-4.243301,-34.561686,-6.176700,-7.210317,3.809156,2.064564,10.425357,-4.016315,1.573141,18.467223,-77.221757,26.414203,-68.225708,56.280185,5.747166,-16.773524,5.732241,-87.637508,-21.517121,80.214090,51.293286,-7.398036,-10.238588,7.204343
727.000000,36.253837,0.839935,75.758201,-1.612392,29.390131,-0.663665,-30.295816,7.520930,9.259688,-4.548819,1.573900,-4.317385,-34.488477,-6.134677,-7.135546,3.609804,2.210991,10.508675,-4.050016,1.655555,17.879053,-76.483051,26.297642,-67.463588,56.279277,5.902309,-16.782605,5.819537,-87.011433,-21.435896,80.214090,51.183836,-7.030406,-10.218454,7.111365
728.000000,36.371258,0.822529,75.768173,-1.512805,29.326468,-0.886860,-30.036641,7.580553,9.335434,-4.584916,1.459402,-4.377078,-34.231627,-6.068909,-6.994399,3.338919,2.287032,10.607518,-4.095052,1.673750,16.754054,-74.627214,26.199436,-65.617737,55.896684,5.581951,-16.660853,6.489570,-85.368315,-21.382368,79.291714,50.889571,-5.852822,-10.014316,6.650127
729.000000,36.614436,0.808061,75.643462,-0.674265,31.902297,-1.456981,-32.596432,7.027485,9.849270,-4.979096,2.066329,-4.003791,-37.039692,-6.554949,-6.452496,3.005790,2.941126,10.771178,-4.150570,1.052752,10.899995,-69.280501,25.263120,-63.100211,54.899203,5.755598,-16.353594,8.359086,-80.487694,-20.228710,76.938304,50.351147,-4.117454,-9.310197,5.592135
730.000000,37.046027,0.774907,75.784570,-0.521146,30.661841,-1.820890,-30.708517,7.103632,10.120762,-4.965373,1.556242,-3.895060,-35.729119,-6.511206,-6.160406,3.836642,2.087481,10.809342,-4.161567,0.811690,9.505895,-64.289729,25.775548,-59.382723,52.296112,6.427805,-15.959862,8.953723,-76.075965,-21.315567,73.831886,47.229932,-2.023558,-8.837422,5.694469
731.000000,37.631106,0.746689,75.927764,-0.319405,29.665056,-2.097045,-28.976675,7.032566,10.339218,-4.962106,0.936220,-3.806495,-34.563967,-6.601852,-5.932162,4.678102,1.183084,10.859170,-4.346552,0.525950,7.343138,-58.536101,26.353370,-55.425230,49.615430,7.619455,-16.167148,8.648514,-71.157280,-22.558216,70.841336,43.671133,-0.792160,-8.737704,6.722391
732.000000,38.332585,0.731523,76.109046,-0.251929,27.772409,-2.243243,-26.144465,6.974682,10.520167,-4.953365,-0.011629,-3.801894,-32.372539,-6.707145,-5.817765,5.807734,-0.213859,10.930332,-4.708179,0.188986,5.696058,-52.433897,27.341059,-52.408742,47.420467,10.842518,-17.348834,9.465598,-65.859102,-24.008267,67.947671,39.709364,-0.265931,-8.940927,7.559453
733.000000,39.109552,0.721642,76.167142,0.092198,27.796797,-2.408863,-25.439665,6.638711,10.800758,-4.966447,-0.587642,-3.641126,-32.298315,-7.049562,-5.586573,6.898867,-1.318836,10.834420,-5.102874,-0.142047,1.275406,-46.057034,27.568028,-49.531258,45.954749,12.057203,-17.845763,8.483087,-59.984736,-24.797797,65.597444,36.929928,-0.364555,-9.415826,8.588429
734.000000,39.904392,0.716332,76.371199,-0.143076,24.963231,-2.175901,-21.512241,6.637869,10.806141,-4.945590,-1.474827,-3.615414,-28.519018,-7.099257,-5.779879,7.405022,-2.637042,10.781495,-5.493348,-0.113175,0.186601,-39.661785,28.860274,-46.017990,42.463952,11.268356,-17.954262,5.519282,-54.552427,-27.265816,62.847323,32.231915,-0.096952,-8.965594,11.273392
735.000000,40.593070,0.743597,76.405108,0.071500,25.008258,-1.970708,-20.997383,6.202385,10.826352,-4.958899,-1.792523,-3.347753,-28.346888,-7.553668,-5.828524,8.306430,-3.648558,10.752649,-5.869333,-0.024138,-3.946447,-33.674496,29.095496,-43.543477,40.488166,10.286702,-18.526743,3.273512,-48.730111,-28.543613,59.519286,29.785605,-0.591951,-9.525376,13.067027
736.000000,41.208237,0.759915,76.428801,0.198240,24.342378,-1.852659,-19.686169,5.927671,10.980161,-4.957449,-2.405136,-3.175775,-27.534873,-7.891090,-5.850072,9.433358,-4.933070,10.701154,-5.923572,-0.004122,-7.152297,-28.302047,30.031389,-41.600688,37.656889,10.211520,-18.837233,2.087688,-43.654758,-30.636919,57.689629,26.448593,0.884242,-9.513554,14.297340
737.000000,41.750649,0.742385,76.434839,0.197430,23.559088,-1.553547,-18.344087,5.744598,10.875638,-4.956379,-3.000161,-3.143921,-26.511941,-8.174739,-6.098031,10.405553,-6.219952,10.474642,-6.034912,0.126977,-9.835991,-23.266807,30.952730,-39.438738,34.871992,10.485635,-19.126242,0.149842,-37.940622,-32.481863,54.146253,23.661934,1.370127,-9.451747,16.298310
738.000000,42.189366,0.739189,76.426619,0.140030,22.638833,-1.194326,-16.953896,5.598172,10.747141,-4.954391,-3.583436,-2.965903,-25.205454,-8.416267,-6.377111,10.994105,-7.311924,10.317799,-6.104699,0.160964,-12.045612,-18.662648,31.589700,-37.598521,32.680970,10.141181,-19.145403,-1.269633,-32.671896,-33.990904,51.304461,21.391427,1.891886,-9.286086,17.667157
739.000000,42.505351,0.797279,76.406002,-0.333878,21.174716,-0.784252,-15.343591,5.908246,10.311029,-4.033030,-5.133218,-2.857775,-22.652181,-8.112215,-6.728972,10.292089,-8.030379,10.146855,-6.038916,0.392363,-11.730733,-17.121181,33.139914,-35.507162,31.672021,8.801622,-19.110232,-2.381594,-30.578419,-36.222802,48.638542,19.954683,3.326684,-9.353626,17.994132
740.000000,42.778638,0.839740,76.379913,-0.186016,20.188060,-0.421683,-13.742464,5.487711,10.157915,-4.945132,-5.014446,-2.567272,-21.536553,-8.626453,-6.932017,10.930044,-8.945706,9.975168,-6.088446,0.371774,-14.331417,-11.360518,32.081118,-34.362060,30.714087,9.623245,-19.020267,-2.642448,-23.569344,-36.039333,46.135404,19.093756,3.496667,-9.095255,17.520035
741.000000,42.986751,0.894787,76.353079,-0.682018,18.997211,0.106066,-12.614105,5.834576,9.506834,-3.960440,-6.396354,-2.714810,-19.323297,-8.285203,-7.513537,10.157611,-9.503424,9.810171,-6.066266,0.689521,-13.835398,-10.038652,33.050920,-32.275714,30.832826,9.600619,-19.004725,-4.093313,-20.759909,-37.211902,42.639874,18.800550,4.623539,-8.847373,18.849053
742.000000,42.923588,0.982970,76.342773,-0.810474,18.105174,0.413768,-11.753540,5.781677,9.140662,-3.808163,-6.720943,-2.398284,-18.079010,-8.322977,-7.776725,9.823508,-9.752372,9.631556,-5.885632,0.686638,-14.070666,-7.830243,32.805146,-30.865686,31.403663,9.953993,-19.094863,-4.605923,-16.833455,-37.516334,39.554247,18.706261,3.467677,-9.500829,18.062399
743.000000,42.987141,1.067750,76.327598,-1.039408,17.413799,1.005150,-11.059553,5.746536,8.568190,-3.783998,-7.051521,-2.370263,-16.923720,-8.381610,-8.331384,9.599076,-10.093896,9.479212,-5.870530,0.923188,-14.790421,-5.280074,32.056656,-29.772299,32.534172,10.454066,-19.186128,-5.012946,-12.726273,-37.482818,36.601140,19.394071,2.123777,-10.456931,16.943082
744.000000,43.032983,1.176890,76.303661,-1.257584,16.718952,1.619930,-10.367742,5.683629,7.911702,-3.753247,-7.342843,-2.147157,-15.828128,-8.471978,-8.886321,9.477825,-10.465299,9.278943,-5.899348,1.270333,-15.367972,-2.843890,30.865468,-28.800234,34.021401,11.128303,-19.273264,-5.352156,-8.450609,-36.791111,33.964017,20.936456,1.798874,-10.736064,16.668768
745.000000,42.995557,1.319858,76.280349,-1.437995,16.109332,2.227100,-9.853830,5.558740,7.239075,-3.730233,-7.594573,-1.955783,-14.936512,-8.640920,-9.470128,9.447913,-10.781512,9.082944,-5.991411,1.549477,-15.937176,-0.639531,29.579480,-28.026947,35.847766,11.890161,-19.402240,-5.475141,-4.679108,-35.930418,31.502205,22.948935,1.214586,-11.025985,16.437298
746.000000,42.915249,1.458197,76.253474,-1.575578,15.682609,2.785982,-9.588523,5.401344,6.572423,-3.698007,-7.733698,-1.723824,-14.285658,-8.812167,-9.939819,9.360950,-10.988557,8.832488,-5.983176,1.661209,-16.672649,1.208097,28.161205,-27.410336,38.170212,12.684748,-19.485976,-5.339497,-1.415411,-34.841693,29.595722,25.530277,0.435449,-11.288214,16.029435
747.000000,42.896536,1.566579,76.233917,-1.689877,15.320847,3.266324,-9.304579,5.282664,6.072100,-3.691958,-7.916439,-1.520700,-13.673459,-8.931802,-10.343054,9.253989,-11.159974,8.694447,-5.908100,1.819703,-17.526721,2.767396,26.723066,-27.138601,40.908626,14.083806,-19.423321,-4.811090,1.500708,-33.519731,28.068193,28.424102,0.447210,-11.466781,15.435987
748.000000,42.865324,1.640403,76.216257,-1.762209,14.988072,3.591378,-9.025722,5.200625,5.685866,-3.685576,-8.044379,-1.436720,-13.133850,-9.011711,-10.645687,9.119749,-11.297116,8.686222,-5.669526,1.881713,-18.469443,4.089288,25.482816,-26.989467,43.707507,16.526995,-19.539718,-4.165542,4.025850,-32.200469,27.114915,31.241220,0.228976,-11.818884,14.557551
749.000000,42.787516,1.695573,76.196694,-1.812281,14.712097,3.743202,-8.819071,5.161857,5.407430,-3.664026,-8.205182,-1.295657,-12.813676,-9.042740,-10.796835,9.102212,-11.527566,8.554833,-5.274115,1.802642,-19.276626,5.091528,23.847150,-26.935722,47.427963,17.586663,-19.428449,-2.700305,5.600003,-30.997991,27.032516,34.417446,-1.189557,-12.296304,13.639598
750.000000,42.726332,1.741979,76.185071,-1.808448,14.365734,3.768001,-8.476564,5.118921,5.294579,-3.649292,-8.369359,-1.197562,-12.486145,-9.088321,-10.860959,9.196439,-11.750793,8.481243,-4.851426,1.674130,-19.968371,5.658133,22.267405,-27.238839,51.637712,18.419017,-19.366921,-1.433723,6.579899,-29.588868,27.427246,38.242274,-3.263194,-12.819764,12.852526
751.000000,42.647183,1.762545,76.181149,-1.773535,13.932314,3.778271,-8.099518,5.079814,5.228713,-3.524828,-8.531593,-0.969732,-12.142838,-9.128363,-10.830190,9.433544,-12.014864,8.347389,-4.460773,1.525251,-20.399907,5.741515,20.948771,-27.940926,55.661015,20.043976,-19.181596,-0.164728,7.169738,-27.685554,28.122870,42.809717,-4.440674,-13.096300,11.281194
752.000000,42.575333,1.737750,76.183367,-1.712069,13.387287,3.648655,-7.660989,5.114722,5.293597,-3.182664,-8.845057,-0.823697,-11.781629,-9.110242,-10.686186,9.792188,-12.291675,8.155515,-3.998520,1.317558,-20.500487,5.707826,19.527968,-28.726707,59.769708,20.580924,-18.963834,1.165452,7.292613,-25.386042,28.809287,47.880053,-4.607524,-13.156438,9.613562
753.000000,42.494616,1.729442,76.191688,-1.647934,12.759866,3.577188,-7.210835,5.120660,5.346897,-2.705071,-9.234803,-0.594865,-11.276507,-9.125765,-10.568309,10.078354,-12.537584,7.997215,-3.610753,1.098317,-20.412843,5.224702,18.115183,-29.571584,64.147689,20.802997,-18.680547,1.969241,6.855262,-23.205453,29.764332,53.286800,-5.845180,-12.912234,8.476572
754.000000,42.423207,1.724290,76.197457,-1.564260,12.139298,3.496279,-6.715170,5.100832,5.387967,-2.308717,-9.543973,-0.441739,-10.737341,-9.156115,-10.439079,10.282316,-12.721479,7.873822,-3.259386,0.898371,-20.296582,4.518337,16.878550,-30.452115,68.332143,21.827582,-18.074965,1.666754,6.162056,-21.122063,30.863210,58.710052,-7.360833,-12.292406,8.223429
755.000000,42.403448,1.698272,76.255268,-1.521477,11.437657,3.335925,-5.992219,5.166371,5.465977,-2.038808,-9.267213,0.621340,-9.953040,-9.079108,-10.386156,10.279709,-12.941694,6.350117,-3.020646,0.869922,-19.871614,3.811175,16.107883,-32.439594,72.283387,21.567630,-17.246697,1.171707,5.391350,-19.815064,33.103738,63.034060,-6.946412,-11.408579,8.575810
756.000000,42.320487,1.688948,76.253629,-1.443956,10.842040,3.305590,-5.448278,5.128591,5.471912,-1.859022,-9.461705,0.814020,-9.340781,-9.097760,-10.286400,10.274741,-13.058109,6.154957,-2.729516,0.727947,-19.552371,2.795408,14.776301,-32.704585,76.871334,22.900356,-16.385996,0.867901,4.699419,-18.234344,34.085694,67.253697,-7.003693,-10.517924,8.955852
757.000000,42.208734,1.661748,76.253700,-1.371841,10.383945,3.240088,-5.162814,5.114675,5.439336,-1.515882,-9.654021,0.934652,-9.002768,-9.110339,-10.143026,10.430926,-13.183687,5.975756,-2.394793,0.546350,-19.191406,1.525888,13.494024,-32.506352,81.277229,24.636581,-15.583927,0.498271,3.927476,-16.756409,34.701432,71.069498,-7.144723,-9.523399,9.756089
758.000000,42.081386,1.608926,76.255774,-1.302676,10.042520,3.108625,-5.064371,5.150858,5.504455,-1.058248,-9.866693,1.035570,-8.922649,-9.090419,-9.917766,10.761077,-13.344145,5.785055,-2.082033,0.311834,-18.785821,0.326879,12.519516,-32.280591,84.743817,25.830053,-14.939608,-0.916995,3.129682,-15.600606,35.292154,73.923793,-7.473534,-8.472773,11.213012
759.000000,41.995007,1.568459,76.257974,-1.255399,9.688049,3.061818,-4.930260,5.180152,5.513035,-0.615151,-10.111766,1.068738,-8.744190,-9.091533,-9.815472,11.056713,-13.532079,5.640886,-1.883486,0.123342,-18.284200,-0.398908,12.193866,-32.368625,86.078381,26.264956,-14.919720,-2.438082,2.446657,-14.946904,36.031512,75.542104,-7.702018,-7.794726,12.498916
760.000000,41.891706,1.515212,76.264000,-1.221870,9.327789,3.054881,-4.824593,5.221710,5.504966,-0.169097,-10.339230,1.027296,-8.579118,-9.075699,-9.734794,11.386397,-13.712103,5.568167,-1.756522,-0.019154,-17.733287,-0.766499,12.222489,-32.699524,86.025980,26.127067,-15.210071,-2.872081,1.936232,-14.734190,36.916848,75.987596,-7.727543,-7.427105,13.457289
761.000000,41.796461,1.455412,76.269644,-1.222838,9.069334,3.004035,-4.832399,5.313031,5.484629,0.321478,-10.595399,1.034749,-8.543850,-9.015768,-9.681791,11.721376,-13.874313,5.568949,-1.658189,-0.068924,-17.265303,-0.821300,12.377355,-32.963005,85.305265,25.353012,-15.433624,-2.800426,1.627083,-14.840958,37.348864,75.744011,-7.360339,-7.270071,14.137361
762.000000,41.727155,1.429821,76.273084,-1.237890,8.772799,3.141652,-4.820803,5.344622,5.334586,0.799749,-10.837639,1.045815,-8.314861,-9.016733,-9.765615,11.916984,-13.997194,5.540598,-1.702416,-0.120919,-16.799427,-0.848036,12.484867,-32.826354,84.580999,24.726371,-15.460955,-2.247987,1.495412,-15.004387,37.187245,75.412747,-6.853776,-7.347045,14.234834
763.000000,41.676128,1.398557,76.276916,-1.243052,8.476483,3.217397,-4.717586,5.382262,5.221032,1.164960,-11.050022,1.101038,-8.038644,-8.995336,-9.790741,12.007490,-14.056476,5.517058,-1.698233,-0.187016,-16.422652,-0.819087,12.523391,-32.499003,83.995283,24.442795,-15.318574,-1.483461,1.457376,-15.105776,36.772533,75.233222,-6.476459,-7.362786,14.287476
764.000000,41.623789,1.352681,76.272827,-1.218803,8.256098,3.220724,-4.637573,5.413168,5.188643,1.434434,-11.190163,1.110070,-7.828001,-8.976951,-9.790503,12.007016,-14.059254,5.532523,-1.673984,-0.277321,-16.231907,-0.835013,12.331885,-32.285597,83.934275,24.321609,-15.320065,-1.326698,1.402640,-15.149998,36.573252,75.110962,-6.445026,-7.379505,14.244637
765.000000,41.597995,1.309951,76.272869,-1.205379,8.109368,3.176941,-4.560020,5.461707,5.203622,1.598458,-11.270942,1.121189,-7.639534,-8.931229,-9.767270,11.899975,-14.022314,5.556523,-1.633162,-0.319603,-16.060608,-0.859596,12.123029,-32.076354,83.764409,23.962206,-15.325963,-1.474460,1.322869,-15.169570,36.419877,74.949947,-6.598629,-7.367664,14.274735
766.000000,41.573334,1.266425,76.270950,-1.200372,8.029167,3.085895,-4.489558,5.526793,5.270816,1.652986,-11.288007,1.104105,-7.561610,-8.861928,-9.687660,11.822909,-13.980554,5.528626,-1.570052,-0.326779,-15.909097,-0.876779,11.957444,-31.888196,83.399458,23.436435,-15.382894,-1.894312,1.230875,-15.119355,36.181544,74.898393,-6.594143,-7.344851,14.498834
767.000000,41.556880,1.222818,76.269227,-1.198279,8.003339,3.008429,-4.473437,5.587807,5.338262,1.690476,-11.291625,1.099510,-7.563699,-8.790097,-9.575843,11.805694,-13.954196,5.459236,-1.532117,-0.331778,-15.823754,-0.897961,11.899878,-32.077987,82.925238,23.283314,-15.404313,-2.392033,1.134567,-15.057422,36.207041,74.845240,-6.757243,-7.362386,14.712019
768.000000,41.542971,1.192795,76.270634,-1.175144,7.966910,2.945144,-4.466616,5.607216,5.389902,1.764277,-11.292263,1.137509,-7.513033,-8.764945,-9.505493,11.720727,-13.925648,5.455585,-1.508382,-0.341796,-15.705108,-0.956314,11.851276,-32.294367,82.497402,23.256215,-15.316967,-2.664064,1.085030,-15.061011,36.187821,74.717085,-6.877352,-7.314673,14.886783
769.000000,41.541609,1.151939,76.276159,-1.157261,7.931923,2.850306,-4.446745,5.651692,5.427471,1.850052,-11.286097,1.124810,-7.457410,-8.703962,-9.415542,11.624092,-13.852465,5.421630,-1.441357,-0.357296,-15.603241,-1.001358,11.821300,-32.219785,82.189401,23.003464,-15.345248,-3.466324,1.122951,-15.011646,36.081625,74.590583,-6.513598,-7.041063,16.065877
770.000000,41.536739,1.113114,76.279342,-1.164285,7.892611,2.790009,-4.423143,5.721243,5.508141,1.918189,-11.308768,1.101912,-7.380167,-8.633656,-9.406476,11.501903,-13.770792,5.362716,-1.423621,-0.333816,-15.483731,-1.050081,11.899496,-32.041268,81.888750,22.487281,-15.274098,-3.849473,1.062282,-15.127498,35.882986,74.565080,-6.539271,-7.129100,15.598803
771.000000,41.526768,1.067228,76.279008,-1.170719,7.876536,2.706928,-4.412130,5.797592,5.567096,1.969600,-11.292809,1.091750,-7.374498,-8.551288,-9.326926,11.449805,-13.736421,5.283937,-1.399256,-0.315533,-15.367750,-1.142100,12.018925,-32.022912,81.590476,21.981024,-15.153516,-4.422482,1.009609,-15.159740,35.752653,74.586178,-6.591849,-7.111506,15.480060
772.000000,41.531569,1.030615,76.278603,-1.161672,7.856595,2.637881,-4.368874,5.840984,5.612314,1.974068,-11.270464,1.091387,-7.358493,-8.505937,-9.265292,11.431520,-13.708107,5.280504,-1.389544,-0.305945,-15.238521,-1.258136,12.156479,-31.939597,81.372640,21.982819,-15.017493,-4.629400,0.933177,-15.192697,35.511246,74.682914,-6.592272,-7.100666,15.459496
773.000000,41.529796,0.992552,76.277375,-1.152126,7.800118,2.595634,-4.309804,5.879440,5.660605,2.021853,-11.310572,1.090030,-7.286103,-8.465927,-9.242944,11.387915,-13.708280,5.245812,-1.396376,-0.306152,-15.099216,-1.374558,12.311416,-31.920715,81.199324,22.022654,-14.870430,-4.658898,0.859782,-15.179839,35.201132,74.830897,-6.465209,-7.033601,15.348413
774.000000,41.514766,0.951817,76.281148,-1.163254,7.747425,2.575542,-4.292206,5.944759,5.699679,2.076961,-11.292093,1.039478,-7.234314,-8.389325,-9.205422,11.362904,-13.699277,5.181880,-1.424768,-0.274594,-14.963817,-1.438690,12.519061,-31.996721,80.865594,22.038263,-14.698733,-4.835994,0.718431,-15.140943,35.049775,75.026479,-6.589066,-6.931649,15.263210
775.000000,41.493657,0.909299,76.285422,-1.191010,7.742033,2.535841,-4.344285,6.034050,5.724701,2.163045,-11.293172,1.006575,-7.253680,-8.295381,-9.166186,11.340668,-13.680234,5.109873,-1.406119,-0.231567,-14.891868,-1.591090,12.623736,-31.879058,80.823787,21.953959,-14.535976,-4.898059,0.558947,-15.130648,35.015668,75.163295,-6.758531,-6.866475,15.212406
776.000000,41.484991,0.882405,76.288110,-1.218442,7.735201,2.557988,-4.349896,6.088203,5.716697,2.158118,-11.261266,0.987905,-7.204545,-8.234253,-9.205883,11.249537,-13.614615,5.077152,-1.431300,-0.180723,-14.838224,-1.727744,12.729501,-31.749602,80.705078,21.815860,-14.460752,-5.045143,0.432090,-15.147213,34.978519,75.219671,-6.950360,-6.887516,15.218421
777.000000,41.482192,0.851031,76.287383,-1.239846,7.738484,2.560296,-4.322215,6.143307,5.748105,2.075825,-11.224467,0.926704,-7.145738,-8.174960,-9.217237,11.105195,-13.557381,5.058135,-1.451202,-0.144950,-14.788430,-1.911273,12.770550,-31.548138,80.714832,21.694889,-14.411706,-5.082464,0.296344,-15.134487,34.835280,75.270297,-6.899572,-6.946918,15.123364
778.000000,41.475022,0.816193,76.290065,-1.251047,7.767039,2.535677,-4.326704,6.187496,5.729131,2.009767,-11.163170,0.949028,-7.110224,-8.116884,-9.223742,10.936017,-13.467538,5.091824,-1.421736,-0.153585,-14.749775,-2.134883,12.810785,-31.383281,80.779650,21.642662,-14.340663,-5.207434,0.185478,-15.115017,34.717585,75.225361,-6.764674,-7.018498,15.146115
779.000000,41.463214,0.788724,76.292306,-1.264393,7.812482,2.512158,-4.327796,6.230096,5.789232,1.888389,-11.070722,0.926731,-7.088536,-8.053039,-9.175353,10.733804,-13.337423,5.103272,-1.368165,-0.166991,-14.685824,-2.442855,12.725273,-31.157851,80.997383,21.359893,-14.463400,-5.285945,0.035726,-15.096429,34.821264,75.149990,-6.657526,-7.108023,15.099474
780.000000,41.437554,0.758322,76.293427,-1.283253,7.925533,2.451008,-4.419715,6.286962,5.825860,1.793623,-10.963676,0.917604,-7.207152,-7.989409,-9.157681,10.627376,-13.281486,5.081715,-1.305864,-0.168550,-14.654601,-2.635625,12.654095,-31.155464,80.957768,21.066035,-14.493837,-5.184461,-0.131873,-15.083523,34.913198,75.075383,-6.592966,-7.096085,15.003562
781.000000,41.408423,0.733943,76.296818,-1.332410,8.050734,2.504381,-4.605804,6.345432,5.758048,1.779854,-10.879812,0.896278,-7.315555,-7.930165,-9.245209,10.528794,-13.191824,5.071305,-1.314656,-0.141896,-14.647050,-2.722566,12.586965,-31.334623,80.705966,20.871482,-14.390247,-5.238867,-0.258662,-15.093151,35.082444,75.014636,-6.691200,-7.007059,15.090736
782.000000,41.391319,0.719576,76.299423,-1.373031,8.173479,2.569432,-4.806115,6.384465,5.701919,1.826041,-10.858456,0.857011,-7.422256,-7.891423,-9.302631,10.462985,-13.133099,5.082434,-1.365592,-0.121194,-14.597573,-2.774343,12.498843,-31.521313,80.445032,20.550108,-14.332221,-5.326109,-0.434352,-15.128401,35.200340,74.891132,-6.850204,-7.030971,15.099825
783.000000,41.391355,0.726417,76.321632,-1.414681,8.646388,2.612568,-5.219706,6.414716,6.046962,1.578848,-11.118442,0.465287,-8.069780,-7.839682,-8.969906,10.665075,-13.025073,4.967578,-1.854633,0.012226,-14.906437,-3.313767,11.975177,-33.318803,80.096822,19.345302,-13.145570,-5.189082,-1.243185,-14.075340,33.609735,76.685129,-10.092429,-8.489457,13.350131
784.000000,41.410550,0.750641,76.313919,-1.436614,8.772135,2.597887,-5.295566,6.417086,6.088360,1.485917,-11.110305,0.389693,-8.291527,-7.842401,-8.942436,10.839964,-13.090626,4.966883,-1.782787,0.011173,-14.863229,-3.451536,11.947773,-33.867671,79.981187,18.958860,-12.773000,-5.371036,-1.531049,-13.829389,32.911601,77.108007,-10.847829,-9.010578,12.959196
