Frame,root_translateX,root_translateY,root_translateZ,root_rotateX,root_rotateY,root_rotateZ,left_hip_pitch_joint_dof,left_hip_roll_joint_dof,left_hip_yaw_joint_dof,left_knee_joint_dof,left_ankle_pitch_joint_dof,left_ankle_roll_joint_dof,right_hip_pitch_joint_dof,right_hip_roll_joint_dof,right_hip_yaw_joint_dof,right_knee_joint_dof,right_ankle_pitch_joint_dof,right_ankle_roll_joint_dof,waist_yaw_joint_dof,waist_roll_joint_dof,waist_pitch_joint_dof,left_shoulder_pitch_joint_dof,left_shoulder_roll_joint_dof,left_shoulder_yaw_joint_dof,left_elbow_joint_dof,left_wrist_roll_joint_dof,left_wrist_pitch_joint_dof,left_wrist_yaw_joint_dof,right_shoulder_pitch_joint_dof,right_shoulder_roll_joint_dof,right_shoulder_yaw_joint_dof,right_elbow_joint_dof,right_wrist_roll_joint_dof,right_wrist_pitch_joint_dof,right_wrist_yaw_joint_dof
0.000000,176.938689,35.029992,70.772332,2.309736,-5.742304,124.456253,15.108740,2.947158,56.596163,-5.000031,-26.773647,0.187674,-8.189107,20.610410,44.581895,11.139882,-11.154306,0.939796,-16.510536,-0.321096,-7.625216,-6.735704,7.318487,14.952105,-9.538053,-4.800604,-6.200238,-2.151851,34.822459,34.377462,-92.227027,25.243479,25.189333,5.375027,-14.685291
1.000000,175.863922,36.309612,70.522422,6.430818,-6.821896,157.397011,9.038628,9.517904,23.616890,0.275349,-30.937659,1.722677,-12.724420,16.153715,13.219300,24.153311,-26.702799,-3.116839,-51.781419,-20.162706,-10.429398,-7.365262,37.959606,10.231541,-7.318324,-20.499664,-1.332473,-17.923113,65.832840,34.377469,-114.591559,75.617598,34.095782,20.554800,-0.274959
2.000000,176.330769,36.425248,69.858772,2.879202,-2.934376,174.235765,3.409655,2.538299,4.383424,7.938663,-32.511591,4.907271,-16.311639,4.653960,-2.187062,40.023044,-38.748322,-3.346306,-63.474485,-29.385789,-4.299625,-18.287398,49.405357,8.273243,-7.059609,-34.209125,2.171232,-23.951272,65.832853,34.377469,-114.591559,94.754067,22.510512,13.473644,9.856435
3.000000,177.132177,36.361182,69.763792,1.107350,-1.710999,176.000219,1.023998,-0.019854,2.634922,11.474552,-31.299598,5.284873,-17.299592,1.348146,-3.366323,43.351036,-39.609380,-2.945420,-62.261122,-29.793753,-4.539418,-19.439063,47.835841,6.833189,-7.260866,-35.838617,2.698319,-24.576581,65.832853,34.377469,-114.591559,97.369435,22.033639,12.240081,11.411743
4.000000,177.415371,36.316717,69.571954,-0.503093,-1.548772,177.260128,-1.317104,-2.249181,1.515446,14.978608,-32.023919,6.047986,-18.571114,-1.284709,-3.775265,46.147364,-40.811688,-2.388086,-62.499120,-29.793804,-5.041059,-20.633619,46.708385,5.842603,-7.382523,-36.944097,3.088266,-24.806026,65.832853,34.377469,-114.591559,97.402821,21.840631,11.688764,12.542295
5.000000,177.343345,36.164135,69.221604,-1.725290,-2.220355,178.484470,-4.314759,-4.284498,0.702863,19.636773,-34.082572,6.267185,-20.225005,-3.413450,-3.934599,48.808259,-42.683389,-1.869638,-64.953733,-29.793804,-6.309775,-22.132731,46.910849,5.925411,-6.738727,-37.662701,3.570905,-24.649610,65.832853,34.377469,-114.591559,97.402828,21.129803,11.358430,13.726801
6.000000,177.439606,36.114481,68.883044,-2.853077,-2.823747,179.535947,-7.738019,-5.974216,0.166436,24.657208,-36.178607,6.745101,-21.881585,-5.374205,-4.125891,51.214620,-44.023107,-1.452076,-66.748051,-29.793804,-7.738584,-22.938323,47.132253,5.857564,-6.112709,-38.079934,3.899980,-24.610683,65.832853,34.377469,-114.591559,97.402828,20.479480,11.238066,14.625428
7.000000,177.590585,36.073115,68.529409,-3.731217,-3.397498,-179.566494,-11.210115,-7.384421,-0.135898,29.799514,-38.266111,7.400338,-23.498532,-6.946469,-4.178682,53.426276,-45.066398,-1.149400,-68.337040,-29.793804,-8.971334,-23.491426,47.326989,5.712069,-5.603862,-38.422106,4.136678,-24.567408,65.832853,34.377469,-114.591559,97.402828,19.986126,11.246118,14.852496
8.000000,177.728701,35.969934,68.125480,-4.268971,-3.928511,-178.730379,-14.507554,-8.527063,-0.299015,34.775830,-40.022634,7.675915,-24.990125,-8.246550,-4.360721,55.506451,-46.146589,-0.924461,-69.587033,-29.793804,-9.854155,-23.860009,47.568275,5.355279,-5.277826,-38.746874,4.218949,-24.535687,65.832853,34.377469,-114.591559,97.402828,19.730695,10.980983,14.424789
9.000000,177.874768,35.929349,67.743033,-4.599135,-4.533919,-177.973497,-17.607341,-9.324292,-0.359790,39.124010,-41.764285,7.710260,-26.450551,-9.303173,-4.699966,57.362176,-47.004081,-0.711684,-70.478352,-29.793804,-10.446579,-24.186345,47.906394,4.880730,-5.141490,-38.912817,4.253346,-24.620069,65.832853,34.377469,-114.591559,97.402828,19.867347,10.526705,14.157776
10.000000,177.987278,35.869396,67.389029,-4.684486,-5.078541,-177.334010,-20.154802,-9.878578,-0.481367,42.736893,-42.790121,7.635462,-27.743200,-9.898445,-4.873377,58.954334,-47.745334,-0.666575,-71.373278,-29.793804,-10.485722,-24.662324,48.199026,4.500098,-5.131659,-39.106955,4.327927,-24.718666,65.832853,34.377469,-114.591559,97.402828,20.546495,9.824837,13.765306
11.000000,178.171706,35.853088,67.124742,-4.714829,-5.598512,-176.802923,-22.421556,-10.233476,-0.643956,45.538504,-43.818809,7.860895,-28.953653,-10.472885,-5.214662,60.138415,-48.095303,-0.512766,-71.540337,-29.793804,-10.441320,-25.033849,48.433701,3.946220,-5.143736,-39.113423,4.420234,-24.826587,65.832853,34.377469,-114.591559,97.402828,21.003593,8.891280,13.866753
12.000000,178.235078,35.773987,66.950524,-4.425273,-6.188522,-176.617356,-23.987952,-10.216957,-0.669485,47.412083,-44.538014,7.672970,-29.927727,-10.377012,-5.337808,60.581517,-48.307445,-0.579935,-72.086773,-29.793804,-10.214859,-25.552125,49.386038,3.773470,-4.818732,-39.105510,4.455873,-24.840546,65.832853,34.377469,-114.591559,97.402828,20.685305,7.436030,13.708932
13.000000,178.360307,35.730413,66.832453,-4.359300,-6.636062,-176.577709,-25.239228,-10.232700,-0.660862,48.560401,-45.098578,7.989868,-30.801479,-10.496956,-5.405741,61.097319,-48.325914,-0.499415,-71.937984,-29.793804,-9.593211,-26.150458,49.959432,3.491983,-4.748217,-39.250478,4.555265,-25.068341,65.832853,34.377469,-114.591559,97.402828,20.870430,6.162536,13.723482
14.000000,178.443110,35.671586,66.743284,-4.342716,-6.903051,-176.567889,-25.993605,-10.304856,-0.569086,49.232714,-45.282300,8.023722,-31.428275,-10.571507,-5.337322,61.559525,-48.369617,-0.413715,-71.351114,-29.793804,-9.006139,-26.647556,50.061749,3.067129,-4.706005,-39.232159,4.663569,-25.270097,65.832853,34.377469,-114.591559,97.402828,20.903794,5.104929,13.685593
15.000000,178.369725,35.580236,66.867638,-4.159471,-7.245893,-177.093493,-25.561232,-10.026309,-0.426335,48.019273,-44.908678,7.723231,-31.581135,-10.080776,-5.142706,60.831536,-48.127664,-0.385025,-71.373045,-29.680642,-8.279540,-27.496921,51.016489,3.346859,-3.903606,-39.501197,4.568760,-25.081643,65.832853,34.377469,-114.591559,97.399160,19.861540,3.109531,13.297848
16.000000,178.489804,35.552305,66.785783,-4.430937,-7.080387,-176.862851,-25.857440,-10.398535,-0.369083,48.542694,-44.892586,7.914747,-31.810889,-10.495076,-4.953373,61.487815,-48.347405,-0.251336,-70.278473,-29.676410,-7.702847,-27.613744,50.085241,2.597721,-4.177488,-39.829056,4.527302,-25.190779,65.832853,34.377469,-114.591559,97.395800,20.222141,2.558709,13.185050
17.000000,178.392041,35.463575,66.938353,-4.464504,-7.427969,-177.072801,-25.328208,-10.391897,-0.328813,46.974165,-44.812519,8.474136,-31.890126,-10.274510,-4.628378,60.836577,-48.085922,-0.155768,-70.522120,-29.414517,-7.315303,-28.097778,50.724864,3.019152,-3.712829,-39.920502,4.430740,-25.037488,65.832853,34.377469,-114.591559,97.377140,20.079629,1.666159,12.794391
18.000000,178.482628,35.394409,66.856104,-4.722285,-7.250509,-176.789965,-25.457565,-10.942397,-0.339408,47.291974,-44.479671,7.982136,-32.029038,-11.002372,-4.768675,61.481825,-48.351558,0.073965,-69.415513,-29.586645,-6.869580,-28.126594,50.254353,2.509589,-4.121340,-39.903765,4.381996,-25.405864,65.832853,34.377469,-114.591559,97.393450,20.707882,1.462633,12.756638
19.000000,178.437877,35.347316,66.905713,-4.760474,-7.401045,-176.552761,-25.188664,-11.096277,-0.472094,46.595516,-44.468565,7.959987,-32.051865,-11.094234,-4.709313,61.371237,-48.301131,0.081335,-69.439801,-29.454180,-6.715723,-28.280689,50.539322,2.697057,-3.871617,-39.985133,4.432970,-25.220694,65.832853,34.377469,-114.591559,97.398757,20.974422,1.591108,12.298259
20.000000,178.387606,35.320202,66.952229,-4.849086,-7.482648,-176.314104,-24.925790,-11.380894,-0.658862,45.974820,-44.114686,7.826683,-31.989795,-11.341618,-4.772296,61.322224,-48.313439,0.006004,-69.258815,-29.483666,-6.725501,-28.403415,50.726446,2.540100,-3.747797,-39.649562,4.255398,-25.090205,65.832853,34.377469,-114.591559,97.402220,20.955181,1.772450,12.401078
21.000000,178.356862,35.356045,66.989726,-4.940259,-7.540070,-175.910365,-24.700134,-11.687279,-1.060370,45.386730,-43.923362,7.866833,-31.873938,-11.661077,-4.983818,61.306753,-48.371140,-0.196885,-69.135182,-29.454484,-7.123766,-28.364988,50.856684,2.551911,-3.567805,-39.525857,4.067002,-24.870469,65.832853,34.377469,-114.591559,97.402828,20.642582,2.328705,12.231155
22.000000,178.334486,35.368204,67.026979,-4.975467,-7.549018,-175.337358,-24.567277,-12.005682,-1.468356,45.124365,-43.681385,8.017330,-31.627430,-12.070835,-5.379232,61.175026,-48.457303,-0.228988,-69.198450,-29.416119,-7.498585,-28.102573,51.067388,2.593229,-3.389080,-39.417114,3.847630,-24.729977,65.832853,34.377469,-114.591559,97.402828,20.383578,2.989370,12.204365
23.000000,178.291535,35.372329,67.040598,-4.949120,-7.562874,-174.696835,-24.493263,-12.317284,-1.942461,44.915836,-43.394965,7.733117,-31.384822,-12.315837,-5.672775,61.164522,-48.478733,-0.351046,-69.458133,-29.387377,-7.771907,-27.856039,51.282952,3.006116,-3.265361,-39.450220,3.767558,-24.554988,65.832853,34.377469,-114.591559,97.402828,20.237068,3.800294,12.112912
24.000000,178.224003,35.412112,67.075038,-4.974915,-7.590608,-174.214601,-24.380830,-12.559938,-2.338239,44.703397,-43.217103,7.716023,-31.115074,-12.722942,-6.138711,61.034707,-48.583224,-0.384202,-69.576303,-29.355753,-8.138087,-27.514442,51.604910,3.273027,-3.131647,-39.462309,3.694704,-24.373079,65.832853,34.377469,-114.591559,97.402828,19.955591,4.686935,12.109789
25.000000,178.185272,35.429570,67.085731,-4.938371,-7.643496,-173.629086,-24.447096,-12.810366,-2.785110,44.739006,-43.079256,7.784146,-30.893373,-13.022390,-6.553791,60.948872,-48.685660,-0.470609,-69.615904,-29.200773,-8.627981,-27.018364,51.947034,3.428025,-3.049059,-39.420474,3.831664,-24.589933,65.832853,34.377469,-114.591559,97.402828,19.640778,5.589676,12.431182
26.000000,178.122985,35.451728,67.095524,-4.924226,-7.673619,-173.124382,-24.476500,-13.101360,-3.241042,44.783638,-42.952092,7.648469,-30.660405,-13.291352,-6.937541,60.894770,-48.694215,-0.493428,-69.682717,-29.015747,-8.873001,-26.691688,52.111656,3.988168,-2.925640,-39.412411,3.709550,-24.501917,65.832853,34.377469,-114.591559,97.402828,19.372921,6.369306,12.395628
27.000000,178.144264,35.476068,67.043382,-4.997853,-7.630871,-172.608081,-24.825672,-13.449217,-3.498922,45.377946,-42.901675,7.658856,-30.552573,-13.919200,-7.460675,61.151141,-48.972572,-0.470276,-69.073963,-28.975216,-9.305784,-26.259385,51.834732,3.687117,-3.115331,-39.637070,3.717783,-24.793657,65.832853,34.377469,-114.591559,97.402828,19.367401,7.145622,12.735280
28.000000,178.035092,35.488650,67.069280,-4.824993,-7.795189,-172.259659,-24.850438,-13.535873,-3.938676,45.313620,-42.745752,7.362743,-30.377908,-13.825759,-7.704447,60.850135,-48.926004,-0.631114,-69.351883,-28.754314,-9.548732,-25.930241,52.287653,4.116355,-2.884479,-39.620582,3.824155,-24.894846,65.832853,34.377469,-114.591559,97.402828,19.304616,7.898425,13.271510
29.000000,177.991247,35.526255,67.082864,-4.737734,-7.852305,-171.901330,-24.970965,-13.577662,-4.223623,45.468771,-42.663086,7.259564,-30.203561,-13.914711,-8.048154,60.709023,-48.947642,-0.697366,-69.378514,-28.536025,-9.772872,-25.603953,52.525835,4.512738,-2.734711,-39.585072,3.651984,-24.487012,65.832853,34.377469,-114.591559,97.402828,19.117168,8.298509,13.020495
30.000000,177.941000,35.557589,67.074782,-4.652493,-7.913649,-171.629652,-25.120946,-13.604682,-4.419921,45.708790,-42.766734,7.406264,-30.056866,-14.096033,-8.467915,60.607779,-49.056912,-0.729503,-69.318176,-28.292935,-9.908793,-25.319803,52.946336,4.981981,-2.684293,-39.154975,3.353683,-24.278853,65.832853,34.377469,-114.591559,97.402828,18.828759,8.453104,12.521981
31.000000,177.898002,35.591391,67.066234,-4.552504,-7.932126,-171.321617,-25.260440,-13.603138,-4.617312,45.965787,-42.742269,7.270451,-29.911823,-14.113756,-8.741682,60.559982,-49.090287,-0.725886,-69.300301,-28.220083,-10.028063,-24.950599,52.982857,5.062918,-2.689960,-39.354771,3.460757,-24.568136,65.832853,34.377469,-114.591559,97.402828,18.737676,8.848489,12.724820
32.000000,177.852690,35.631666,67.062044,-4.464663,-7.939873,-171.116262,-25.292701,-13.642350,-4.891379,46.075537,-42.749761,7.146252,-29.756952,-14.102622,-8.969090,60.458294,-49.172980,-0.859826,-69.285596,-27.989432,-10.067780,-24.750374,53.054403,5.126246,-2.717413,-39.729950,3.594510,-24.784974,65.832853,34.377469,-114.591559,97.402828,18.911033,9.055104,12.929791
33.000000,177.813780,35.672459,67.059255,-4.402404,-7.948376,-170.939678,-25.334280,-13.636082,-5.043466,46.200076,-42.769897,7.089879,-29.621701,-14.130663,-9.208022,60.351886,-49.286969,-0.936247,-69.029430,-27.595586,-10.228575,-24.519831,53.138964,5.210327,-2.720432,-39.943380,3.625107,-24.774800,65.832853,34.377469,-114.591559,97.402828,18.867259,9.179161,12.532036
34.000000,177.761078,35.698476,67.057300,-4.386281,-8.000712,-170.818387,-25.370907,-13.616248,-5.095810,46.225948,-42.767646,7.175934,-29.548177,-14.248520,-9.419401,60.299697,-49.326410,-0.941194,-68.681227,-27.315827,-10.277488,-24.392533,53.476464,5.174190,-2.862494,-39.582124,3.450794,-24.809436,65.832853,34.377469,-114.591559,97.402828,18.467486,9.586375,13.190564
35.000000,177.707613,35.721281,67.051262,-4.367586,-8.010073,-170.661486,-25.335207,-13.660827,-5.198470,46.219794,-42.796415,7.041660,-29.437634,-14.252248,-9.498080,60.274206,-49.369000,-1.072336,-68.473773,-26.966734,-10.234052,-24.314751,53.432201,5.151077,-2.905200,-39.593527,3.592138,-25.104116,65.832853,34.377469,-114.591559,97.402828,18.370397,9.880715,13.943080
36.000000,177.686632,35.751155,67.059124,-4.373957,-8.000837,-170.592907,-25.280309,-13.644994,-5.245730,46.189219,-42.664261,6.999729,-29.370749,-14.286376,-9.616025,60.222884,-49.424991,-1.059340,-68.358432,-26.544449,-9.932231,-24.509881,53.408630,5.463456,-2.941590,-39.486710,3.584268,-25.141146,65.832853,34.377469,-114.591559,97.402828,18.333616,9.639483,13.947777
37.000000,177.647591,35.780567,67.064941,-4.358137,-8.000099,-170.479975,-25.231187,-13.626822,-5.300776,46.147879,-42.737371,7.058136,-29.269580,-14.306966,-9.729452,60.154904,-49.520121,-1.068658,-68.149387,-26.171173,-9.863344,-24.494792,53.351004,5.495542,-2.901787,-39.381146,3.610510,-25.073677,65.832853,34.377469,-114.591559,97.402828,18.275284,9.597171,13.836266
38.000000,177.622247,35.819525,67.068082,-4.343183,-7.964315,-170.392814,-25.152214,-13.635526,-5.401924,46.117779,-42.711079,6.939663,-29.167664,-14.278910,-9.795998,60.149658,-49.511901,-1.179686,-67.904621,-25.820885,-9.856411,-24.465208,53.137236,5.295280,-2.945462,-39.552140,3.746528,-25.148021,65.832853,34.377469,-114.591559,97.402828,18.240766,9.565540,13.896945
39.000000,177.585495,35.869327,67.081863,-4.373897,-7.948392,-170.361249,-25.069332,-13.594151,-5.453597,46.053189,-42.809952,7.107094,-29.040971,-14.281763,-9.842425,60.026455,-49.550400,-1.249790,-67.803725,-25.493546,-9.702585,-24.552968,53.117165,5.444165,-2.978723,-39.576073,3.626545,-24.801720,65.832853,34.377469,-114.591559,97.402828,18.451012,9.286796,13.354112
40.000000,177.525246,35.909206,67.105496,-4.358520,-7.951099,-170.389395,-24.921497,-13.517559,-5.467662,45.850404,-42.718827,6.979146,-28.908403,-14.240438,-9.953268,59.858282,-49.581993,-1.329855,-67.615369,-25.230828,-9.706536,-24.496222,53.057610,5.277289,-3.025599,-39.425737,3.622242,-24.752602,65.832853,34.377469,-114.591559,97.402828,18.391044,9.231338,13.431443
41.000000,177.494419,35.945538,67.147398,-4.372803,-7.939099,-170.346222,-24.760344,-13.488894,-5.530893,45.611897,-42.670644,6.987284,-28.767271,-14.136420,-9.893850,59.639600,-49.587228,-1.385986,-67.490363,-25.002029,-9.613412,-24.474354,53.175765,5.307459,-3.035439,-39.001934,3.484284,-24.566744,65.832853,34.377469,-114.591559,97.402828,18.340233,9.256551,13.452178
42.000000,177.477837,35.998747,67.177689,-4.376351,-7.890149,-170.392543,-24.587291,-13.389925,-5.515262,45.388089,-42.586431,6.859920,-28.612036,-14.069743,-9.955065,59.440268,-49.614132,-1.459786,-67.505533,-24.834107,-9.507195,-24.495237,53.275701,5.428825,-2.996762,-38.737295,3.376393,-24.584043,65.832853,34.377469,-114.591559,97.402828,18.259240,9.188563,13.363746
43.000000,177.472949,36.036736,67.205459,-4.347771,-7.812513,-170.414478,-24.400923,-13.371159,-5.655041,45.198784,-42.511145,6.635443,-28.425342,-13.948739,-9.994498,59.263127,-49.581648,-1.501012,-67.558685,-24.676601,-9.410306,-24.439571,53.295587,5.463023,-3.096667,-38.534435,3.074475,-24.366722,65.832853,34.377469,-114.591559,97.402828,18.137762,9.179142,13.042711
44.000000,177.470613,36.083630,67.221636,-4.329980,-7.742449,-170.410189,-24.305201,-13.257869,-5.654711,45.199518,-42.384022,6.560815,-28.277133,-13.767249,-9.947832,59.038994,-49.546551,-1.491737,-67.817939,-24.681659,-9.214854,-24.473893,53.374657,5.634947,-3.087526,-38.509286,2.961653,-24.349100,65.832853,34.377469,-114.591559,97.402828,18.472854,9.167845,12.734198
45.000000,177.484334,36.144149,67.247486,-4.323827,-7.684255,-170.437554,-24.243106,-13.101912,-5.597866,45.159531,-42.444715,6.745866,-28.142401,-13.718845,-10.046827,58.883095,-49.497206,-1.485012,-67.934680,-24.711867,-9.164373,-24.385952,53.213051,5.632269,-2.881194,-39.062702,3.430955,-24.830337,65.832853,34.377469,-114.591559,97.402828,18.408253,9.306479,13.029137
46.000000,177.521944,36.178449,67.248398,-4.282481,-7.622426,-170.535870,-24.220413,-13.022883,-5.573664,45.199395,-42.382232,6.587689,-28.107680,-13.577887,-10.028608,58.814677,-49.518673,-1.605657,-67.947678,-24.687019,-9.106342,-24.352556,53.166387,5.702010,-2.787950,-39.353207,3.658404,-24.998839,65.832853,34.377469,-114.591559,97.402828,18.492102,9.408315,13.141657
47.000000,177.556324,36.239520,67.248583,-4.281610,-7.566983,-170.626109,-24.227989,-12.876406,-5.492612,45.274189,-42.432065,6.581566,-28.085349,-13.412681,-9.942555,58.721793,-49.498343,-1.659538,-68.028589,-24.743441,-9.140227,-24.329359,53.416256,5.814957,-2.786576,-38.816030,3.438938,-24.719414,65.832853,34.377469,-114.591559,97.402828,18.409033,9.611932,13.002289
48.000000,177.605796,36.288053,67.249709,-4.252132,-7.526614,-170.716561,-24.287275,-12.764181,-5.447552,45.385231,-42.478299,6.532820,-28.126167,-13.189052,-9.833416,58.668627,-49.484020,-1.692191,-68.094309,-24.896258,-9.075251,-24.314992,53.332969,5.851031,-2.766306,-38.504140,3.394539,-24.636707,65.832853,34.377469,-114.591559,97.402828,18.391246,9.617563,13.034123
49.000000,177.720761,36.328346,67.182356,-4.324462,-7.366532,-170.669620,-24.595074,-12.843775,-5.353886,46.005689,-42.535597,6.567831,-28.225268,-13.313467,-9.804147,59.061479,-49.613968,-1.722425,-67.710309,-25.148516,-9.092064,-24.264370,52.730607,5.436109,-2.970497,-38.752366,3.510754,-24.931493,65.832853,34.377469,-114.591559,97.402828,18.747609,9.789370,13.183816
50.000000,177.730572,36.354637,67.181158,-4.231189,-7.440141,-170.945022,-24.625631,-12.592660,-5.209056,46.039201,-42.688351,6.611482,-28.364256,-13.007253,-9.683206,58.909261,-49.545274,-1.711854,-68.055704,-25.285538,-9.119745,-24.432403,52.871610,5.658603,-2.759069,-38.981942,3.584328,-25.042757,65.832853,34.377469,-114.591559,97.402828,18.706551,9.736744,13.541425
51.000000,177.864087,36.403880,67.125595,-4.326771,-7.348780,-171.019505,-25.003591,-12.713180,-5.244271,46.587160,-42.859707,6.815035,-28.571392,-13.102302,-9.601692,59.246577,-49.640422,-1.695257,-67.711804,-25.559777,-9.159407,-24.403373,52.735190,5.474123,-2.884461,-38.862281,3.735867,-25.471917,65.832853,34.377469,-114.591559,97.402828,19.024356,9.978697,13.730905
52.000000,177.861392,36.409172,67.136222,-4.199502,-7.463258,-171.307629,-25.001995,-12.441921,-5.059577,46.554474,-42.973327,6.744594,-28.755592,-12.684070,-9.363747,59.104735,-49.519455,-1.731070,-68.170096,-25.735560,-9.234423,-24.489478,52.888515,5.687514,-2.656286,-39.019781,4.038723,-25.714122,65.832853,34.377469,-114.591559,97.402828,18.780618,10.019024,13.799076
53.000000,177.915442,36.431071,67.136604,-4.165337,-7.490495,-171.536650,-25.118948,-12.272877,-4.956257,46.591329,-43.111929,6.823767,-28.930199,-12.452713,-9.184465,59.126243,-49.365961,-1.775566,-68.270213,-25.928737,-9.316034,-24.565928,52.983126,5.768190,-2.568422,-39.097871,4.229309,-25.814411,65.832853,34.377469,-114.591559,97.402828,18.540200,9.973779,13.972847
54.000000,178.013444,36.421174,67.077059,-4.236492,-7.399806,-171.629352,-25.453460,-12.338531,-4.822660,47.168986,-43.109709,7.030001,-29.123268,-12.549661,-9.073840,59.523432,-49.438583,-1.733319,-68.081236,-26.185555,-9.293832,-24.617491,52.575125,5.440982,-2.816115,-39.232586,4.181040,-25.733667,65.832853,34.377469,-114.591559,97.402828,18.781403,9.997347,13.919136
55.000000,177.992654,36.379641,67.092854,-4.145008,-7.511185,-171.985183,-25.358553,-12.071447,-4.486858,46.948736,-43.257921,6.839705,-29.283172,-12.276298,-8.897307,59.392094,-49.287209,-1.701786,-68.629147,-26.290435,-9.254485,-24.779124,52.836571,5.759354,-2.678426,-39.217416,4.058940,-25.334188,65.832853,34.377469,-114.591559,97.402828,18.806897,9.695520,13.337286
56.000000,178.019702,36.333925,67.095560,-4.090221,-7.538182,-172.235258,-25.386039,-11.914549,-4.288191,46.959057,-43.241146,6.771904,-29.424141,-12.081006,-8.687253,59.359221,-49.194256,-1.729546,-68.868927,-26.550279,-9.368659,-24.755850,53.204377,5.577232,-2.698026,-39.111825,4.085463,-25.619042,65.832853,34.377469,-114.591559,97.402828,18.812936,9.731182,13.639729
57.000000,178.052437,36.284921,67.099625,-4.104790,-7.524767,-172.520743,-25.432793,-11.850089,-4.193464,47.028164,-43.323637,7.250103,-29.548283,-11.925377,-8.421423,59.409464,-49.072099,-1.784977,-69.135830,-26.699761,-9.448025,-24.718274,53.017745,5.365824,-2.623852,-39.356021,4.138209,-25.565065,65.832853,34.377469,-114.591559,97.402828,18.664786,9.690396,13.535245
58.000000,178.079247,36.203796,67.081434,-4.064272,-7.492117,-172.700318,-25.472026,-11.754861,-3.933945,47.136679,-43.492005,7.249609,-29.640224,-11.820596,-8.228808,59.522544,-48.962720,-1.824430,-69.531271,-26.930220,-9.455302,-24.746860,53.136963,5.409614,-2.572301,-39.124177,4.330805,-25.850847,65.832853,34.377469,-114.591559,97.402828,18.327983,9.801483,14.060139
59.000000,178.171241,36.124650,67.003340,-4.144974,-7.308151,-172.795149,-25.708967,-11.836924,-3.682494,47.761611,-43.672544,7.427352,-29.762471,-12.039191,-8.138103,60.062553,-49.002642,-1.745171,-69.521695,-27.163521,-9.404754,-24.794193,52.540086,5.200653,-2.723134,-39.174437,4.377229,-25.842892,65.832853,34.377469,-114.591559,97.402828,18.607414,9.988240,13.721157
60.000000,178.128839,36.022669,67.007875,-4.053054,-7.331051,-173.156716,-25.640252,-11.726810,-3.610666,47.797848,-44.025654,7.720448,-29.853777,-11.678773,-7.753143,59.989415,-48.856650,-1.830182,-70.011556,-27.120009,-9.573074,-24.760529,52.577376,5.341910,-2.497873,-39.042864,4.379236,-25.591339,65.832853,34.377469,-114.591559,97.402828,18.573479,9.640389,13.049533
61.000000,178.143549,35.890085,66.995704,-4.035330,-7.348878,-173.551044,-25.679452,-11.656434,-3.316339,47.853934,-44.227824,8.004661,-30.034493,-11.544865,-7.452588,60.065852,-48.740889,-1.720317,-70.367150,-27.272283,-9.573523,-24.741291,52.663593,5.444329,-2.494272,-38.974801,4.317421,-25.538060,65.832853,34.377469,-114.591559,97.402828,18.679580,9.494708,12.676963
62.000000,178.112578,35.751969,66.990674,-4.051209,-7.313923,-173.975218,-25.495771,-11.568439,-2.939988,47.753664,-44.425671,8.134845,-30.139238,-11.399900,-7.072695,60.127733,-48.666478,-1.687196,-70.586433,-27.356873,-9.610592,-24.718946,52.625600,5.334772,-2.511411,-39.010171,4.203609,-25.392811,65.832853,34.377469,-114.591559,97.402828,18.570535,9.395726,12.154081
63.000000,178.072619,35.571206,66.978061,-4.055640,-7.270841,-174.395810,-25.266731,-11.513781,-2.526182,47.591426,-44.360938,7.954723,-30.203937,-11.332992,-6.747847,60.159664,-48.683901,-1.529276,-70.741342,-27.486303,-9.515802,-24.689515,52.751989,5.330862,-2.470372,-38.651856,4.287917,-25.489482,65.832853,34.377469,-114.591559,97.402828,18.503046,9.415024,12.240632
64.000000,178.064072,35.401350,66.965979,-4.126447,-7.222065,-174.823454,-25.100670,-11.509570,-2.176644,47.465262,-44.502039,8.228135,-30.321211,-11.310390,-6.335269,60.265109,-48.579157,-1.369490,-71.044199,-27.512091,-9.391864,-24.762291,52.713037,5.408626,-2.479404,-38.593400,4.325205,-25.472721,65.832853,34.377469,-114.591559,97.402828,18.419840,9.420795,12.031863
65.000000,178.044915,35.154316,66.942412,-4.184046,-7.213389,-175.197010,-24.985105,-11.681295,-1.936558,47.316057,-44.654500,8.666991,-30.461510,-11.358714,-5.876405,60.339401,-48.548466,-1.264299,-71.412701,-27.431407,-9.280694,-24.784547,52.762743,5.373916,-2.535751,-38.520259,4.250870,-25.225084,65.832853,34.377469,-114.591559,97.402828,18.587602,9.443767,11.872329
66.000000,178.008831,34.950298,66.928637,-4.274525,-7.266569,-175.555736,-24.842132,-11.776663,-1.538540,47.061315,-44.722982,8.851840,-30.703329,-11.384061,-5.423279,60.514964,-48.494162,-1.140233,-71.665951,-27.296136,-9.298018,-24.885094,52.786827,5.375796,-2.497355,-38.441240,4.190605,-25.058502,65.832853,34.377469,-114.591559,97.402828,18.731638,9.338738,11.832754
67.000000,177.902079,34.755757,66.942489,-4.370564,-7.266740,-175.985877,-24.501801,-11.859572,-1.203037,46.649413,-44.792148,9.089530,-30.777638,-11.480809,-5.108054,60.563356,-48.549412,-0.995379,-71.918115,-27.138621,-9.287855,-24.979615,52.790368,5.302878,-2.584423,-38.359558,4.276140,-25.181490,65.832853,34.377469,-114.591559,97.402828,18.593156,9.262795,11.829435
68.000000,177.809715,34.586570,66.942930,-4.440176,-7.122183,-176.307894,-24.066791,-11.958086,-0.959417,46.263060,-44.932147,9.068324,-30.707380,-11.416872,-4.648993,60.680029,-48.551963,-0.890249,-72.158264,-27.198384,-9.201536,-25.070413,52.889266,5.433734,-2.545117,-38.233510,4.245169,-25.217844,65.832853,34.377469,-114.591559,97.402828,18.471417,9.263261,12.026834
69.000000,177.635705,34.364149,67.020464,-4.493326,-7.051247,-176.812251,-23.139436,-12.085986,-0.860903,44.931091,-44.891401,9.341415,-30.521660,-11.244781,-4.135618,60.449121,-48.406876,-0.784024,-72.733633,-27.203433,-9.360522,-25.040544,53.411861,5.833900,-2.231354,-38.479988,4.018182,-24.731505,65.832853,34.377469,-114.591559,97.402828,18.032468,8.847562,11.472518
70.000000,177.670252,34.126198,66.823769,-4.788946,-6.578951,-176.753612,-23.198833,-12.722292,-0.722510,45.851200,-45.388342,9.714862,-30.695809,-11.993892,-3.902695,61.892954,-48.505241,-0.569145,-72.426349,-27.578941,-9.272783,-24.958862,52.885417,5.411958,-2.621069,-38.457093,3.998312,-24.809023,65.832853,34.377469,-114.591559,97.402828,18.624309,9.308468,11.225691
71.000000,177.541447,33.913061,66.733056,-5.061248,-6.339160,-176.908846,-22.677527,-13.323301,-0.737895,45.501436,-45.628587,10.213934,-30.887960,-12.334639,-3.375617,63.004076,-48.392949,-0.545762,-73.098262,-27.950577,-9.507845,-25.010107,53.186424,5.585782,-2.480997,-38.610107,3.883734,-24.697940,65.832853,34.377469,-114.591559,97.402828,18.609764,9.326196,11.136807
72.000000,177.465165,33.725214,66.532785,-5.433456,-5.846079,-176.764240,-22.430099,-14.123479,-0.746706,46.280655,-45.866636,10.612706,-31.156307,-12.884823,-2.759746,65.079907,-48.119144,-0.454838,-73.356471,-28.638131,-9.731998,-25.060872,52.913616,5.509993,-2.622373,-38.584903,4.035341,-24.993850,65.832853,34.377469,-114.591559,97.402828,18.756184,9.547320,11.456007
73.000000,177.339041,33.545613,66.264284,-5.854809,-5.224008,-176.520474,-22.188749,-14.986924,-0.719819,47.281616,-46.360230,10.981430,-31.538200,-13.701079,-2.396760,67.928724,-47.671165,-0.466738,-73.536118,-29.391660,-9.721071,-25.106969,52.518472,5.310395,-2.918883,-38.901780,4.181260,-25.061091,65.832853,34.377469,-114.591559,97.402828,19.377491,9.876559,11.304841
74.000000,177.207553,33.352208,66.100907,-6.170500,-4.824585,-176.301398,-21.904873,-15.747580,-0.762832,47.852527,-46.560273,11.798159,-32.444334,-14.340745,-2.002387,70.992085,-46.119135,-0.938922,-74.341562,-29.793804,-9.867714,-25.082487,52.765417,5.750802,-2.797511,-38.761638,4.297407,-24.773943,65.832853,34.377469,-114.591559,97.402828,19.743295,10.161691,11.222744
75.000000,177.068996,33.159167,65.929580,-6.372292,-4.782412,-176.184513,-22.068210,-16.473335,-0.913818,48.480532,-46.734255,12.577874,-34.008902,-15.190378,-2.223361,74.309658,-44.204728,-1.423370,-74.947877,-29.793804,-9.796685,-25.073519,52.605741,6.408706,-2.790000,-38.724755,4.467612,-24.831574,65.832853,34.377469,-114.591559,97.402828,20.289171,10.319565,11.538653
76.000000,176.976132,33.038172,65.806752,-6.505413,-4.742850,-176.250602,-22.248312,-16.786315,-0.692927,49.073058,-47.019292,13.273771,-35.768779,-16.662518,-3.347201,77.419498,-42.443082,-2.392195,-75.451174,-29.793804,-9.591930,-25.150630,51.946625,7.298498,-2.771157,-38.775892,4.455437,-24.712866,65.832853,34.377469,-114.591559,97.402828,20.852935,10.196001,11.130727
77.000000,176.857686,32.959655,65.682304,-6.466027,-4.799326,-176.165624,-22.534406,-16.996834,-0.731834,49.756651,-47.176759,13.594383,-37.551277,-17.544531,-4.549982,79.557961,-42.217392,-3.230095,-75.986387,-29.793804,-9.370888,-25.014301,51.805414,7.981391,-2.724137,-38.587331,4.626703,-24.728886,65.832853,34.377469,-114.591559,97.402828,21.476497,10.384403,10.301102
78.000000,176.665032,32.975262,65.617150,-6.515643,-4.890277,-175.758978,-22.690341,-17.264215,-0.908701,50.238927,-47.338825,13.651928,-39.320200,-17.332264,-4.976104,80.327669,-42.275893,-3.171174,-76.556401,-29.793804,-9.160119,-24.949942,51.508758,9.007271,-2.818122,-37.906235,4.804288,-24.762053,65.832853,34.377469,-114.591559,97.402828,22.003690,10.600833,9.252368
79.000000,176.447916,33.001301,65.582961,-6.440519,-5.259065,-175.521586,-23.027235,-17.326754,-1.068294,50.550216,-47.467762,13.608187,-41.387487,-16.842697,-5.409211,79.697639,-42.186892,-2.767020,-77.321730,-29.793804,-9.249808,-24.856617,51.591933,9.828774,-2.870108,-37.776031,5.004015,-24.943204,65.832853,34.377469,-114.591559,97.402828,22.546516,10.815920,9.133770
80.000000,176.196122,33.058283,65.547216,-6.423782,-5.503988,-175.299410,-23.266327,-17.463132,-1.311105,50.923322,-47.606449,13.645645,-43.409247,-16.258125,-5.532093,78.207565,-41.827788,-2.087283,-77.584030,-29.793804,-9.327898,-24.730631,51.442816,10.533922,-2.891225,-37.629186,5.106321,-25.017783,65.832853,34.377469,-114.591559,97.402828,22.719938,11.007222,8.606503
81.000000,175.921416,33.128294,65.511829,-6.268253,-5.703099,-175.144468,-23.474624,-17.398964,-1.553751,51.428685,-47.884400,13.647143,-45.334168,-15.540178,-5.522946,75.917348,-41.969784,-1.508427,-77.758377,-29.793804,-9.218305,-24.672786,51.075144,10.961538,-2.897700,-37.281795,4.901363,-24.638019,65.832853,34.377469,-114.591559,97.402828,23.027319,10.949080,7.659346
82.000000,175.546026,33.212894,65.515924,-6.041875,-6.040633,-174.913393,-23.679334,-17.339371,-1.974775,51.752518,-48.166655,13.555645,-47.133964,-14.593488,-5.186873,73.043061,-41.816826,-0.889292,-77.807650,-29.793804,-9.165941,-24.422668,51.133955,11.219418,-3.099382,-37.023286,4.864270,-25.098958,65.832853,34.377469,-114.591559,97.402828,23.506574,11.061969,7.588979
83.000000,175.105357,33.306345,65.564388,-5.733032,-6.461250,-174.791386,-23.739424,-17.000109,-2.262967,51.764347,-48.455708,13.518743,-48.789739,-13.270979,-4.508596,69.675354,-41.477861,-0.176378,-78.117659,-29.793804,-9.159056,-24.224902,51.259183,11.656651,-3.110364,-37.245633,4.886185,-25.393784,65.832853,34.377469,-114.591559,97.402828,23.454692,11.100187,7.479600
84.000000,174.663508,33.395517,65.527505,-5.385883,-6.742932,-174.402673,-23.901856,-16.733480,-2.650586,52.322859,-48.827865,13.329969,-50.379216,-12.085108,-3.580659,66.843503,-41.465225,0.515523,-78.091506,-29.793804,-8.956177,-24.041433,50.971871,11.617650,-3.260735,-37.500382,4.668019,-25.383992,65.832853,34.377469,-114.591559,97.402828,23.798353,10.993587,7.186162
85.000000,174.099040,33.513078,65.558958,-5.025460,-7.334934,-174.228056,-24.073439,-16.413756,-3.090806,52.397957,-49.167803,13.093677,-51.743136,-10.638130,-2.431972,63.591759,-41.232035,1.375129,-78.278223,-29.793804,-9.035819,-23.724370,51.558540,11.583445,-3.305336,-37.870179,4.862591,-25.578217,65.832853,34.377469,-114.591559,97.402828,23.374350,11.285582,7.525359
86.000000,173.488820,33.626977,65.545702,-4.805618,-7.735830,-174.126174,-23.989791,-16.202092,-3.496302,52.429188,-49.597757,13.107079,-52.984602,-9.463558,-1.080235,61.302409,-41.044926,1.838800,-78.083173,-29.793804,-9.092792,-23.612165,51.742508,11.343145,-3.485097,-38.079264,4.849885,-25.528187,65.832853,34.377469,-114.591559,97.402828,23.824241,11.412753,7.280387
87.000000,172.783399,33.774242,65.548193,-4.589112,-8.159786,-174.134336,-23.775426,-15.844616,-3.740878,52.421586,-49.923290,12.953874,-53.918989,-8.602756,-0.083690,59.628555,-40.951140,1.765928,-77.691763,-29.793804,-9.307316,-23.420264,51.615722,10.918304,-3.542476,-38.252324,5.011183,-25.627365,65.832853,34.377469,-114.591559,97.402828,23.274544,11.812167,7.895098
88.000000,171.980453,33.923298,65.555000,-4.605802,-8.400063,-174.211761,-23.108541,-15.645884,-3.882778,51.937892,-50.000308,12.933919,-54.277229,-8.297354,0.327222,58.712607,-41.073896,2.098020,-77.340930,-29.793804,-9.516242,-23.383311,51.818835,10.914275,-3.497691,-38.132448,5.026046,-25.600999,65.832853,34.377469,-114.591559,97.402828,22.727366,12.093788,7.779269
89.000000,170.986569,34.169304,65.596592,-4.787199,-8.602227,-174.403449,-21.866022,-15.467634,-4.061078,50.769264,-50.000308,12.607195,-54.036652,-8.364799,0.162990,58.388029,-41.339006,2.193360,-77.168324,-29.793804,-9.717968,-23.422059,52.061505,10.950611,-3.551233,-38.138660,5.064635,-25.581499,65.832853,34.377469,-114.591559,97.402828,22.357274,12.081509,7.865400
90.000000,169.870043,34.346098,65.570641,-4.964436,-8.729714,-174.311219,-20.449281,-15.443123,-4.446352,49.886472,-50.000308,12.380374,-53.571578,-8.349479,0.574545,59.149431,-41.288989,1.909142,-77.173426,-29.793674,-10.019051,-23.431387,52.196746,10.707816,-3.646514,-38.075320,5.337453,-25.620444,65.832853,34.377469,-114.591559,97.402828,22.017533,12.080614,7.948782
91.000000,168.599164,34.643883,65.520221,-5.323028,-8.855966,-174.499962,-18.767965,-15.270348,-4.487463,48.934149,-50.000308,11.777931,-52.717610,-8.750906,-0.131819,59.832512,-41.815689,1.975421,-77.249883,-29.735147,-10.341864,-23.720514,51.962191,10.727577,-3.725912,-38.026720,5.108613,-25.050339,65.832853,34.377469,-114.591559,97.402828,21.992490,11.665997,7.415666
92.000000,167.218602,34.976399,65.511876,-5.473543,-8.875244,-174.281875,-16.786872,-15.069086,-5.260068,47.914730,-50.000308,10.855828,-51.675524,-8.396746,-0.000516,60.322523,-41.642229,1.868798,-77.749799,-29.622363,-10.700643,-23.880896,52.224996,10.555724,-3.726404,-38.031282,5.359134,-25.344385,65.832853,34.377469,-114.591559,97.402828,21.519320,11.352690,7.823026
93.000000,165.814316,35.372323,65.420222,-5.611657,-8.730556,-174.097750,-14.994287,-14.832540,-6.233701,47.850079,-49.871016,9.893462,-51.163899,-7.356407,0.755077,62.026765,-40.374058,2.082507,-77.911305,-29.657060,-10.743940,-24.163010,52.119582,10.337105,-3.918757,-37.941028,5.346185,-25.413686,65.832853,34.377469,-114.591559,97.402828,21.550719,11.200166,7.908627
94.000000,164.284217,35.742161,65.384972,-5.542091,-8.592937,-173.975393,-12.975012,-14.257156,-7.081060,47.490145,-49.314481,9.035298,-50.240095,-6.517210,0.989474,63.490413,-38.740215,2.025173,-78.249639,-29.414438,-10.746752,-24.301139,51.966545,10.510631,-3.756262,-37.890123,5.408112,-25.268715,65.832853,34.377469,-114.591559,97.402828,21.519401,10.741210,7.583294
95.000000,162.835062,36.192715,65.286744,-5.288013,-8.450192,-173.716954,-11.792216,-13.434909,-7.536776,48.561702,-48.851309,7.673068,-49.385888,-5.856841,0.740156,64.863274,-38.078964,1.280177,-78.343130,-29.437559,-10.376585,-24.529426,51.638037,10.179893,-4.017598,-37.894371,5.374945,-25.430647,65.832853,34.377469,-114.591559,97.402828,21.962856,10.675447,7.827000
96.000000,161.204433,36.665806,65.106219,-4.796029,-8.282842,-173.698449,-10.915957,-12.205649,-7.588992,50.819913,-48.220476,6.543451,-48.467241,-4.659674,0.299518,66.531807,-38.951589,-0.399750,-77.714234,-29.013301,-10.245279,-24.444692,51.099879,9.998238,-4.069755,-37.719515,5.436148,-25.475009,65.832853,34.377469,-114.591559,97.402828,22.192782,10.580287,7.403072
97.000000,159.558666,37.143731,64.845240,-4.206460,-8.129654,-173.996987,-10.611474,-10.919166,-7.346521,54.443660,-47.304613,4.791213,-47.525225,-3.254535,-0.389459,67.927775,-40.741317,-2.222868,-76.663450,-28.854551,-10.080590,-24.340837,50.430002,9.452989,-4.432971,-37.731795,5.540180,-25.691063,65.832853,34.377469,-114.591559,97.402828,22.489139,10.735666,7.629801
98.000000,157.886791,37.648332,64.528364,-3.576345,-7.863527,-174.445558,-10.791290,-9.628461,-7.111580,59.486959,-45.436307,2.463850,-46.328456,-1.471246,-0.843456,69.187330,-43.087572,-4.035776,-75.311681,-28.747525,-9.894130,-24.262109,49.729682,8.547636,-5.007568,-37.738223,5.648919,-25.963029,65.832853,34.377469,-114.591559,97.402828,22.681638,10.903425,8.036876
99.000000,156.245267,38.172296,64.261907,-2.464688,-7.285284,-175.334554,-11.860921,-7.972572,-7.339746,66.304697,-41.227404,-0.495317,-44.313349,1.073338,-1.594556,69.615364,-45.082336,-6.027831,-74.430928,-28.622201,-9.300808,-24.360098,49.786717,8.487138,-5.019767,-37.541759,5.807484,-25.775845,65.832853,34.377469,-114.591559,97.402828,22.738518,10.679580,8.661145
100.000000,154.792655,38.610554,63.981467,-1.020473,-6.342783,-176.102884,-14.049501,-6.823716,-8.393552,75.193553,-35.499311,-4.208418,-41.880377,4.001471,-2.326832,69.533737,-46.569835,-8.220483,-73.302915,-28.648276,-8.072438,-24.440814,49.700141,8.646870,-4.873128,-37.738732,6.028285,-25.520843,65.832853,34.377469,-114.591559,97.402828,22.598099,9.906883,8.877786
101.000000,153.488278,38.973466,63.705713,-0.198874,-5.347734,-177.031016,-17.309487,-7.574641,-10.032803,84.479427,-30.896368,-4.356088,-39.777038,6.128696,-2.600763,69.881100,-47.954697,-10.237908,-71.629594,-28.939669,-6.955975,-24.568307,49.017170,8.567331,-5.127379,-37.936961,6.131447,-25.172927,65.832853,34.377469,-114.591559,97.402828,23.495286,9.333690,8.193555
102.000000,152.391362,39.097947,63.431519,0.552140,-4.512030,-177.676829,-21.992466,-8.737112,-10.467205,92.546673,-27.659266,-4.886596,-37.900095,7.902694,-2.729041,70.042183,-49.236460,-11.937858,-70.473195,-29.324178,-5.414222,-24.763761,48.850459,9.016494,-5.167038,-38.163047,6.355158,-24.665094,65.832853,34.377469,-114.591559,97.402828,24.341642,8.679716,6.965633
103.000000,151.381218,39.410204,63.321960,0.414534,-4.313727,-178.131724,-27.946825,-9.386898,-10.143781,97.104335,-29.558859,-3.949319,-36.955825,8.794867,-2.360955,70.245101,-50.000308,-12.804229,-69.020687,-29.557715,-4.623145,-24.975008,47.380073,9.319461,-5.542053,-38.398528,6.500913,-24.287449,65.832853,34.377469,-114.591559,97.402828,25.139377,8.433031,5.785480
104.000000,150.351036,39.621255,63.262469,0.522492,-4.654447,-179.015418,-34.598648,-8.247012,-8.727866,99.027634,-31.228578,-4.299912,-36.427567,9.774334,-2.099004,69.537022,-50.000308,-13.434379,-67.668071,-29.427723,-4.236044,-25.066010,47.062766,9.733644,-5.666438,-38.028253,6.295662,-23.460404,65.832853,34.377469,-114.591559,97.402828,25.640295,7.887847,4.341245
105.000000,149.244547,39.979798,63.224310,0.525827,-4.942800,-179.604645,-41.175242,-6.346326,-7.758328,98.175179,-33.998049,-3.297673,-35.729044,10.541279,-2.006306,68.889568,-50.000308,-13.734846,-65.827820,-29.416839,-4.006119,-25.064151,45.993456,9.393259,-6.012872,-38.118746,6.462020,-23.122644,65.832853,34.377469,-114.591559,97.402828,25.564039,7.747800,2.976397
106.000000,148.019743,40.205804,63.213497,0.890183,-5.337006,179.912103,-47.202215,-2.698282,-6.194596,94.810450,-36.156771,-1.238268,-34.785245,11.340605,-2.179847,67.835499,-50.000308,-14.117971,-64.365606,-29.311962,-4.066654,-25.049502,46.130555,8.910107,-6.194525,-38.124361,6.800762,-22.866389,65.832853,34.377469,-114.591559,97.402828,23.999914,8.076950,1.861580
107.000000,146.680391,40.291840,63.296133,1.559818,-5.652706,179.223086,-51.874440,0.191381,-5.281153,89.165934,-36.762114,0.114439,-33.485969,12.559172,-2.112525,66.331526,-50.000308,-14.716834,-62.740116,-29.054839,-3.984732,-24.876198,45.802122,7.773778,-6.335804,-38.231069,7.180017,-22.355995,65.832853,34.377469,-114.591559,97.402828,21.432044,8.647299,1.269657
108.000000,145.152640,40.230507,63.397366,2.132166,-6.069173,178.539864,-55.307621,1.628423,-5.171747,81.904357,-37.182454,0.883125,-31.915483,13.641972,-1.676970,65.008982,-50.000308,-14.995511,-61.681970,-28.415052,-3.934212,-25.157480,46.180606,7.177135,-6.328563,-38.334078,7.292340,-22.063994,65.832853,34.377469,-114.591559,97.402828,18.389750,8.918402,0.888641
109.000000,143.542802,40.109426,63.580781,2.439462,-6.386563,177.828359,-57.318968,1.811347,-5.887128,73.993830,-35.720633,0.283810,-30.116360,14.272035,-1.133623,63.762582,-50.000308,-15.000035,-61.540182,-28.048812,-3.946214,-25.529896,46.743042,7.071235,-6.018760,-38.819063,7.519355,-21.788758,65.832853,34.377469,-114.591559,97.402828,16.701964,8.960935,1.287407
110.000000,141.920209,39.982322,63.781160,2.719599,-6.714837,177.528918,-58.552814,1.515988,-7.265260,66.655468,-34.394695,-0.555849,-28.169555,14.333531,-1.029649,62.332839,-50.000308,-15.000035,-61.947350,-27.458073,-4.186344,-25.730793,47.866597,6.948930,-5.697601,-38.894622,7.448051,-21.566438,65.832853,34.377469,-114.591559,97.402828,16.412492,8.983700,1.196947
111.000000,140.176928,39.852732,63.947189,2.715015,-7.162752,177.692351,-59.195740,1.510341,-7.985318,60.722260,-34.126197,-0.758088,-26.224240,14.193627,-0.869464,61.244291,-50.000308,-14.911403,-62.914163,-26.705104,-4.822406,-25.874821,48.369620,6.779796,-5.427546,-38.922762,7.302463,-21.690756,65.832853,34.377469,-114.591559,97.402828,16.043150,9.140331,1.387880
112.000000,138.310289,39.565805,63.931906,2.527585,-7.687174,177.713551,-60.025642,2.109016,-7.451051,57.835877,-34.324221,-0.076413,-24.244849,13.157185,-1.382736,60.825512,-50.000308,-13.566473,-63.412760,-25.877355,-5.263869,-26.001053,48.489057,6.619355,-5.504114,-38.776179,7.204011,-21.899029,65.832853,34.377469,-114.591559,97.402828,16.591597,9.778305,1.605552
113.000000,136.338675,39.196324,63.915396,2.148898,-8.261369,177.318259,-60.203241,2.733768,-6.523423,56.794761,-34.445515,0.674207,-22.753747,11.850260,-1.668937,61.317456,-50.000308,-12.917276,-63.608404,-25.022379,-5.862721,-26.042135,48.435566,6.250793,-5.704953,-38.927833,7.407965,-22.362523,65.832853,34.377469,-114.591559,97.402828,17.166470,10.478037,1.702761
114.000000,134.203959,38.761434,63.837826,1.272398,-8.720334,176.842531,-59.388488,2.188475,-5.866758,56.901541,-35.226977,1.527612,-21.532902,10.220780,-1.312560,63.373535,-50.000308,-11.685708,-64.093846,-24.348033,-6.752794,-26.090747,47.964898,6.194313,-5.656076,-38.892743,7.509549,-22.348010,65.832853,34.377469,-114.591559,97.402828,17.509011,11.080490,1.702502
115.000000,131.858134,38.301104,63.559556,0.461350,-9.056355,176.865731,-58.512503,1.530727,-4.511013,58.593222,-35.639695,3.038627,-20.336263,8.296376,-1.477438,66.667721,-50.000308,-10.548056,-64.296252,-23.902542,-7.675417,-26.208529,47.562272,5.474744,-6.054500,-38.926348,7.505667,-22.658529,65.832853,34.377469,-114.591559,97.402828,18.388111,11.524658,2.129701
116.000000,129.218197,37.722704,63.267356,-0.987994,-8.940896,177.097938,-56.944441,0.715740,-1.295054,60.099552,-36.468436,4.896345,-18.554506,5.167741,-1.664141,70.863506,-48.451026,-8.130122,-66.266120,-24.148882,-9.164105,-26.561416,48.321188,5.433849,-5.806662,-38.859422,7.603373,-22.993354,65.832853,34.377469,-114.591559,97.402828,19.039098,11.564191,3.545289
117.000000,126.869226,36.938801,63.453287,-3.199580,-7.993845,177.468538,-54.089347,-2.816435,0.249775,61.105734,-35.498440,6.713821,-17.188345,0.902355,-1.153524,75.097575,-42.033210,-5.238970,-69.320655,-25.849163,-12.161569,-26.464188,50.253841,5.640893,-4.565859,-39.017599,7.933818,-23.389039,65.832853,34.377469,-114.591559,97.402828,18.306977,11.502693,6.663335
118.000000,124.676716,36.191425,63.788307,-4.867833,-7.043148,178.583570,-50.805225,-6.075652,1.577726,60.413160,-35.251108,7.871607,-16.830032,-3.065152,-1.320340,79.321528,-33.264162,-1.638588,-71.940552,-27.575654,-13.986729,-26.439143,51.551061,6.001209,-4.162318,-39.298999,7.514893,-24.532643,65.832853,34.377469,-114.591559,97.402828,19.436179,11.265426,9.554363
119.000000,122.526896,35.523719,64.043754,-5.978328,-6.284618,-179.965250,-47.971888,-9.073163,2.003666,60.078856,-35.751789,9.181599,-16.995006,-5.620638,-1.061048,83.698142,-23.645821,1.276771,-73.303065,-28.683721,-15.267950,-26.092031,51.246984,5.850551,-3.956034,-39.372861,7.315862,-24.864313,65.832853,34.377469,-114.591559,97.402828,20.316826,11.394494,11.359837
120.000000,120.547593,34.916031,64.257628,-6.712799,-5.552802,-178.688890,-45.396272,-11.253208,2.324932,60.124202,-36.644392,9.886550,-17.839288,-7.832851,-0.917389,88.116653,-15.611126,3.502373,-73.823123,-29.445058,-15.775580,-25.994305,51.129714,5.507500,-4.180164,-39.540809,7.132077,-25.942476,65.832853,34.377469,-114.591559,97.402828,20.591026,11.489859,12.489976
121.000000,118.641627,34.187812,64.521992,-7.493647,-4.826567,-177.690341,-42.264849,-13.159297,2.884588,59.327214,-38.082140,10.582801,-19.835711,-10.459003,-0.527824,92.368384,-7.747530,5.006640,-75.029819,-29.759397,-16.261157,-25.575987,50.057278,6.234912,-4.427738,-38.774506,7.409688,-28.652968,65.832853,34.377469,-114.591559,97.402828,19.464998,11.709598,10.795708
122.000000,116.913760,33.530474,64.685422,-7.817331,-4.333498,-177.003584,-40.237133,-14.466032,3.033992,59.527564,-39.388311,11.267708,-22.343601,-13.463316,-1.001375,95.984908,-6.781136,4.848303,-74.751038,-29.774451,-15.641422,-25.513436,48.595372,6.296353,-4.909845,-38.461782,7.114567,-28.967222,65.832853,34.377469,-114.591559,97.402828,19.917672,11.754419,9.045768
123.000000,115.375948,33.181193,64.938456,-7.761237,-4.014577,-176.287064,-38.107729,-15.394215,2.407778,59.290120,-40.671939,11.363093,-25.834074,-13.736106,-1.181131,98.131151,-13.256433,3.801153,-75.132040,-29.785021,-14.722876,-25.714846,47.901285,6.597533,-5.182567,-38.091637,7.068441,-28.973386,65.832853,34.377469,-114.591559,97.402828,20.589875,11.217910,7.334094
124.000000,113.736832,33.035174,64.940208,-7.632195,-3.738048,-175.649712,-36.203633,-15.862927,1.860983,59.557836,-42.153349,10.914587,-29.203973,-13.597983,-2.027313,99.738739,-19.965683,3.287195,-75.314495,-29.788354,-13.725662,-26.001562,47.531403,6.914085,-5.423564,-37.843066,7.085362,-29.157586,65.832853,34.377469,-114.591559,97.402828,21.717300,10.118176,5.741383
125.000000,112.006807,32.877180,64.872676,-7.423247,-3.641479,-175.371999,-34.468813,-15.688477,1.883056,60.045354,-44.101070,10.566014,-32.805163,-14.245615,-3.265883,100.069423,-25.387028,2.689155,-75.455367,-29.793804,-12.823963,-26.384155,47.501087,7.475552,-5.428220,-37.748243,7.308724,-29.208915,65.832853,34.377469,-114.591559,97.402828,23.510076,8.824895,4.569105
126.000000,110.265410,32.750329,64.797521,-7.169991,-3.690836,-175.263081,-32.903244,-15.550964,1.616382,60.590875,-46.276420,10.383281,-36.618253,-15.131294,-4.717862,98.763463,-29.812649,1.479200,-75.399333,-29.793804,-12.186541,-26.657610,47.394471,7.920666,-5.463372,-37.869912,7.525915,-29.295101,65.832853,34.377469,-114.591559,97.402828,24.975770,7.669010,4.076232
127.000000,108.490801,32.700741,64.843011,-6.671858,-3.908086,-175.119890,-31.106386,-15.148216,1.023921,60.402689,-47.636017,9.943895,-40.081852,-15.711853,-6.597084,95.496543,-32.965686,0.200246,-75.958062,-29.793804,-11.863186,-26.633044,48.235527,8.863618,-4.967458,-38.035643,7.630848,-28.951693,65.832853,34.377469,-114.591559,97.402828,25.126280,6.210042,3.627996
128.000000,106.793046,32.744017,64.873064,-6.570237,-4.197924,-174.901221,-29.727572,-15.278467,0.420205,60.349940,-48.463488,9.823109,-43.383883,-16.560127,-8.328605,90.750408,-35.472584,-0.249154,-75.923597,-29.793804,-12.076040,-26.332430,48.453816,8.977164,-4.830786,-38.314612,7.691649,-29.098197,65.832853,34.377469,-114.591559,97.402828,24.491149,5.686598,3.396739
129.000000,105.107319,32.849938,64.967912,-6.512943,-4.634840,-174.373762,-28.255193,-15.557682,-0.387589,59.700020,-49.323859,9.791273,-46.225026,-16.684535,-9.388977,84.804913,-36.887406,-0.234171,-76.403575,-29.793804,-12.516394,-25.895045,48.754505,8.993433,-4.596372,-38.449826,7.784814,-28.742310,65.832853,34.377469,-114.591559,97.402828,24.281688,5.751945,4.121505
130.000000,103.441596,32.981503,65.047091,-6.465004,-4.972515,-173.592279,-26.733010,-15.979321,-1.388356,59.197571,-50.000308,10.245561,-48.677833,-16.093836,-9.340218,78.313638,-37.625528,0.402861,-77.117405,-29.793804,-12.849863,-25.624851,49.151653,9.052664,-4.557331,-38.583325,7.509784,-28.412559,65.832853,34.377469,-114.591559,97.402828,23.715228,6.151028,4.310059
131.000000,101.912951,33.114818,65.224195,-6.364035,-5.214966,-172.479930,-25.056532,-16.569834,-2.845218,57.875444,-50.000308,10.663745,-50.504454,-15.247322,-8.501431,71.231155,-36.988128,1.802263,-78.013669,-29.793804,-13.318002,-25.050810,49.478963,8.979111,-4.274779,-38.934780,7.287705,-28.380565,65.832853,34.377469,-114.591559,97.402828,21.888972,6.835683,4.002421
132.000000,100.202823,33.213383,65.348059,-6.296512,-5.548495,-171.904402,-23.237391,-16.847428,-3.914459,56.754945,-50.000308,11.550288,-52.209126,-14.347917,-6.947339,65.035279,-36.366150,2.507825,-78.827835,-29.793804,-13.451887,-24.819639,50.391592,9.141199,-4.085505,-39.198275,7.214501,-28.378055,65.832853,34.377469,-114.591559,97.402828,21.895957,7.945919,4.774531
133.000000,98.383659,33.353925,65.442765,-6.288916,-5.724771,-171.587971,-21.012020,-16.898487,-4.787458,55.407505,-50.000308,11.846987,-53.422984,-13.490358,-4.959604,60.240704,-36.904362,2.871930,-79.132891,-29.793804,-13.566035,-24.533464,50.765101,9.245085,-4.041210,-39.266693,6.754589,-28.095901,65.832853,34.377469,-114.591559,97.402828,22.486637,8.848163,4.776542
134.000000,96.423090,33.544281,65.550917,-6.351614,-5.900823,-171.743408,-18.523987,-16.663508,-5.341801,53.873387,-50.000308,12.013966,-53.906940,-12.948804,-3.684705,57.018822,-37.272609,2.618849,-79.354203,-29.792684,-13.836696,-24.333140,51.439712,9.563533,-3.876988,-39.389076,6.603042,-27.917507,65.832853,34.377469,-114.591559,97.402828,23.229648,9.325071,4.392246
135.000000,94.131887,33.839831,65.505970,-6.542771,-6.205311,-172.246263,-15.841362,-16.223076,-5.564366,52.575029,-50.000308,11.925069,-54.239786,-12.477273,-3.043332,56.587817,-37.169859,2.160456,-78.912119,-29.771719,-14.476289,-24.057668,52.057854,9.538817,-3.945060,-39.598756,6.670667,-28.235667,65.832853,34.377469,-114.591559,97.402828,24.059449,9.764126,4.257464
136.000000,91.731036,34.194249,65.341723,-6.469058,-6.370454,-172.396893,-13.262959,-15.534254,-5.880132,52.541073,-50.000308,11.354276,-53.806130,-12.027690,-3.236595,58.107329,-36.735264,2.081622,-78.468553,-29.444782,-14.693255,-24.100794,52.052783,9.152740,-4.100763,-39.738208,6.744434,-28.334562,65.832853,34.377469,-114.591559,97.402828,25.073997,9.989120,4.199464
137.000000,89.033329,34.615788,65.108430,-5.986717,-6.222879,-172.594500,-10.638270,-14.214660,-6.194200,54.100477,-50.000308,9.980858,-52.297550,-11.120689,-3.977740,60.598381,-36.447163,1.493889,-78.016381,-29.048870,-14.771437,-23.812818,51.732905,8.699609,-4.176769,-39.854181,6.722331,-28.299651,65.832853,34.377469,-114.591559,97.402828,25.510304,10.048204,4.560744
138.000000,86.316830,35.113484,64.921737,-4.870595,-5.612503,-172.755712,-8.425231,-11.942260,-6.414510,57.425942,-48.240533,7.294928,-50.509167,-9.448782,-4.954666,63.379545,-36.236691,0.435005,-77.388796,-28.871913,-14.081874,-23.761953,51.842092,8.474332,-4.149488,-39.867254,6.776184,-28.207493,65.832853,34.377469,-114.591559,97.402828,25.621513,9.760696,4.833759
139.000000,83.574337,35.653174,64.762717,-3.452806,-4.992886,-172.897518,-7.232769,-9.274740,-6.413020,62.585918,-44.695723,4.670709,-48.453540,-6.872347,-5.618672,65.457241,-37.222554,-1.085975,-76.510837,-28.759546,-12.958324,-23.812206,51.322062,7.933337,-4.382512,-39.909844,6.716110,-28.036024,65.832853,34.377469,-114.591559,97.402828,25.574414,9.627655,5.056875
140.000000,81.023824,36.263466,64.810759,-1.562418,-3.674749,-173.501272,-7.552745,-5.931653,-5.937739,70.032600,-36.924812,1.124303,-44.592143,-3.663088,-7.185461,65.731459,-38.836018,-3.804685,-75.008632,-28.730573,-11.191657,-23.861676,51.129826,8.232327,-4.122142,-39.511746,6.510456,-27.574748,65.832853,34.377469,-114.591559,97.402828,25.086901,8.599200,5.070751
141.000000,78.771347,36.746353,64.776576,0.038624,-2.313863,-174.227627,-9.821876,-4.104948,-6.307546,79.397602,-28.071859,-1.175038,-40.970982,-0.460538,-8.096638,65.732607,-40.725191,-6.733738,-72.493490,-28.756275,-9.230705,-23.814990,50.229870,8.062784,-4.417534,-39.036146,6.329313,-27.404078,65.832853,34.377469,-114.591559,97.402828,24.701137,7.450271,5.227268
142.000000,76.686257,37.150145,64.682829,0.969628,-1.295416,-175.099906,-13.629905,-4.109480,-6.888462,88.190515,-21.781723,-0.518638,-38.088369,1.794944,-8.595979,66.094470,-42.621449,-9.165071,-69.973669,-28.827718,-6.899070,-24.503992,49.317518,7.905449,-4.848589,-38.839949,6.379503,-27.348351,65.832853,34.377469,-114.591559,97.402828,25.808696,6.443992,4.577337
143.000000,74.814206,37.500656,64.737642,0.994481,-0.542480,-175.507706,-18.442826,-5.043797,-6.460687,93.193847,-23.410287,-0.088745,-35.510932,2.614032,-8.842045,66.470527,-44.768345,-10.271565,-67.835472,-28.913164,-4.716922,-25.216792,47.429561,7.699141,-5.373329,-38.817990,6.440472,-27.418596,65.832853,34.377469,-114.591559,97.402828,27.618379,5.169843,2.606918
144.000000,72.818166,37.851462,64.656878,0.816718,-0.218934,-175.764805,-23.990935,-5.468100,-5.321956,95.740531,-27.414178,0.367874,-33.285175,3.106408,-8.941129,67.071536,-47.174819,-10.724341,-66.590089,-29.052520,-2.615687,-26.203549,45.944326,8.234118,-5.723167,-38.915324,6.473944,-27.076992,65.832853,34.377469,-114.591559,97.402828,29.541825,2.880804,-0.980759
145.000000,70.802325,38.171420,64.548087,0.788927,-0.477296,-176.276178,-30.154787,-4.868159,-3.761867,95.834678,-32.101138,0.912102,-31.582767,3.885024,-8.903122,67.088474,-49.451058,-11.216035,-65.357404,-28.962072,-1.330992,-27.211503,45.344714,8.771646,-5.889494,-38.825565,6.725038,-27.113983,65.832853,34.377469,-114.591559,97.368370,30.640010,-0.354482,-5.722511
146.000000,68.952751,38.494509,64.528781,1.025081,-0.981827,-177.020433,-36.466240,-2.682770,-1.938383,93.734607,-35.544844,2.524129,-30.400311,4.847217,-9.037739,66.256653,-50.000308,-11.809872,-63.270925,-28.824945,-0.737101,-27.649652,45.030792,8.319861,-6.147152,-38.770899,6.921780,-27.067172,65.832853,34.377469,-114.591559,96.679832,30.618785,-3.196961,-8.725478
147.000000,67.053813,38.616103,64.582378,1.686938,-1.646131,-178.103135,-42.081946,-0.113978,-0.272248,89.428842,-37.474861,3.629733,-29.143277,6.568731,-8.612775,64.678688,-50.000308,-12.483242,-61.025828,-28.613481,-0.337530,-27.957382,44.731472,7.249184,-6.391398,-38.680287,7.166953,-27.382946,65.832853,34.377469,-114.591559,94.964362,29.736509,-4.827263,-9.928053
148.000000,64.978653,38.641638,64.635175,2.613533,-2.306539,-179.204631,-46.472863,2.738008,1.102281,83.469508,-37.863844,3.792814,-27.551378,8.600583,-8.093377,63.173383,-50.000308,-13.299189,-59.638691,-28.335248,-0.126626,-28.277420,45.277088,6.595402,-6.239671,-38.692219,7.595240,-27.869125,65.832853,34.377469,-114.591559,92.252380,28.939341,-5.969888,-9.480350
149.000000,62.919325,38.582692,64.681411,3.351501,-2.788016,179.639704,-50.101797,3.494301,0.549408,76.570505,-37.073782,3.759357,-25.788288,10.357714,-7.324919,61.859036,-50.000308,-14.220596,-58.501281,-28.054937,0.117368,-28.165337,44.987382,5.719845,-5.875346,-40.341034,8.558978,-27.197651,65.832853,34.377469,-114.591559,90.260158,28.520657,-5.800583,-8.142235
150.000000,60.789889,38.505155,64.748895,3.795342,-3.404636,178.441796,-52.849897,2.942914,-1.468000,68.837454,-35.070443,2.801846,-23.868398,11.433370,-6.704404,60.562720,-50.000308,-14.735092,-58.139158,-27.695968,0.120717,-28.381915,46.035902,5.730069,-5.716362,-40.812371,9.119597,-26.874447,65.832853,34.377469,-114.591559,88.392046,27.603047,-5.144479,-6.716382
151.000000,58.630157,38.387468,64.879960,3.770867,-4.229169,177.695012,-54.590348,1.773676,-3.972724,60.646663,-33.767991,1.090728,-22.234873,11.508259,-6.162956,59.719786,-50.000308,-15.000035,-58.689193,-27.240504,-0.183268,-28.492329,46.749558,5.997558,-5.515145,-41.452756,9.351904,-26.023040,65.832853,34.377469,-114.591559,86.751216,26.663090,-4.444984,-6.098655
152.000000,56.419963,38.318664,64.821887,3.357320,-5.067003,177.103200,-56.617805,0.730479,-6.664623,55.925480,-33.982257,0.822152,-20.657740,10.972287,-6.185500,59.499089,-50.000308,-15.000035,-58.121946,-26.591615,-0.600808,-28.558057,46.432439,5.485152,-5.909238,-41.738350,9.365981,-25.427889,65.832853,34.377469,-114.591559,86.582654,27.603253,-4.510049,-7.015685
153.000000,53.934991,38.145679,64.689875,2.867160,-6.001551,176.879339,-57.897478,0.551799,-7.498207,53.799949,-34.276608,1.595129,-19.136269,10.070618,-6.216432,59.953980,-50.000308,-14.594741,-57.541270,-25.707686,-1.169494,-28.667486,46.180617,4.878265,-6.428627,-41.601675,9.486523,-25.913707,65.832853,34.377469,-114.591559,87.173773,27.160608,-4.311962,-6.796501
154.000000,51.123482,37.832987,64.340776,2.126946,-6.882026,176.651578,-58.302693,0.324424,-6.949992,54.596420,-34.454975,2.570572,-17.606182,8.442192,-6.353832,62.182630,-50.000308,-13.229495,-57.111481,-24.857162,-1.613771,-28.892383,45.470103,4.196371,-7.010145,-41.779167,9.510260,-26.301061,65.832853,34.377469,-114.591559,88.449720,27.550410,-4.422380,-7.920745
155.000000,48.092622,37.374228,63.839561,1.143068,-7.296900,176.487816,-57.602195,0.017553,-4.864450,57.402802,-33.526527,3.350448,-15.943355,6.111105,-6.516430,66.012173,-50.000308,-11.441748,-57.178676,-24.125900,-2.614718,-29.120959,44.965359,3.783248,-7.135718,-41.775298,9.389371,-26.417222,65.832853,34.377469,-114.591559,89.971842,27.797528,-4.634190,-9.323220
156.000000,44.886294,36.815014,63.379353,-0.799775,-7.175637,176.315275,-56.682719,-1.333303,-1.855148,60.963550,-32.782876,5.480738,-14.013886,2.329270,-6.256729,71.322953,-47.710917,-9.120606,-59.091880,-25.159340,-4.312031,-29.625017,46.054483,3.510123,-6.752685,-41.639784,9.591787,-26.523470,65.832853,34.377469,-114.591559,91.274229,28.109606,-3.709855,-7.534629
157.000000,42.069021,36.110348,63.347268,-2.852716,-5.932296,176.545089,-54.108567,-3.896074,0.659294,63.271061,-31.460408,5.950031,-12.886226,-1.982398,-5.741610,76.847947,-39.856353,-5.251155,-62.126567,-26.564069,-5.855651,-29.911683,47.557692,4.108398,-5.613872,-42.397914,9.355191,-25.522866,65.832853,34.377469,-114.591559,92.853731,28.002427,-4.116912,-8.984061
158.000000,39.570096,35.393766,63.527751,-4.406360,-4.623492,177.616047,-50.942652,-6.414787,2.506846,64.051499,-31.778124,7.535460,-13.277897,-5.779227,-5.262856,83.074717,-29.263293,-1.287870,-65.135320,-28.362902,-6.974216,-29.899221,49.362153,3.934508,-5.355369,-42.012818,8.578689,-25.625061,65.832853,34.377469,-114.591559,94.064430,30.687340,-4.316825,-10.627816
159.000000,37.252226,34.697452,63.792193,-5.583911,-3.357719,178.429016,-47.725079,-8.916389,3.566737,64.678722,-33.387853,9.582650,-14.828245,-9.210037,-4.508689,89.518351,-19.470253,0.981257,-67.269686,-29.441698,-7.780256,-29.587136,49.462854,3.085463,-5.342609,-41.881064,8.359562,-26.821605,65.832853,34.377469,-114.591559,95.086021,30.813545,-3.384714,-7.513010
160.000000,35.070565,34.028694,64.092386,-6.232718,-2.583383,178.803509,-44.811737,-10.469199,4.430742,64.854436,-35.362977,10.923085,-17.915547,-12.146977,-3.786857,94.860194,-13.773413,1.960108,-69.126780,-29.435807,-7.339450,-29.754917,49.072864,3.060002,-5.403758,-41.592905,8.128467,-27.523188,65.832853,34.377469,-114.591559,96.324717,31.712237,-2.561039,-4.430131
161.000000,33.192837,33.398777,64.510870,-6.242280,-1.784061,179.145473,-41.959966,-11.382146,4.747113,64.717613,-37.045792,11.076449,-21.709545,-13.912726,-3.266745,97.852309,-17.952421,0.427745,-70.391076,-29.218306,-5.760698,-29.908077,48.102068,3.070566,-5.704689,-41.430770,7.933273,-27.777203,65.832853,34.377469,-114.591559,97.360624,33.052085,-2.372988,-3.655969
162.000000,31.267560,33.087265,64.756596,-6.163486,-1.104444,179.189383,-38.804200,-11.650400,4.881214,64.357218,-39.617317,11.170979,-25.841483,-14.405479,-2.911312,99.797636,-22.731979,-0.764469,-72.631986,-29.111653,-4.886303,-30.013128,48.129935,3.703572,-5.386850,-41.161230,7.969570,-27.559106,65.832853,34.377469,-114.591559,97.386948,33.459191,-2.546014,-4.597890
163.000000,29.361635,32.862189,64.857167,-6.047551,-0.513395,179.248691,-36.051876,-11.820816,5.019246,64.452520,-41.990978,10.951457,-29.935766,-14.653148,-3.170433,100.044472,-26.874293,-1.669889,-74.343515,-29.035274,-4.383320,-29.896336,48.204647,3.837456,-5.265154,-40.985506,7.816063,-27.328017,65.832853,34.377469,-114.591559,97.386183,33.353894,-2.816011,-5.522759
164.000000,27.525303,32.715476,64.909297,-5.830503,-0.000765,179.253856,-33.514854,-11.798220,5.023634,64.617073,-44.433014,10.714453,-33.933763,-14.634749,-3.845431,98.511866,-30.680230,-2.492291,-75.978676,-28.935229,-3.694985,-29.774687,48.163673,4.105633,-5.249164,-40.889955,7.858979,-27.548059,65.832853,34.377469,-114.591559,97.384168,32.635887,-2.702591,-5.080771
165.000000,25.658572,32.648450,64.909369,-5.612057,0.295283,179.060117,-31.163947,-11.893531,4.721186,64.848698,-46.746132,10.634667,-37.720621,-14.658040,-4.904194,95.496133,-33.824582,-2.928124,-77.169984,-28.901184,-3.026143,-29.677974,48.321468,4.121514,-5.279647,-40.715540,7.866909,-28.004952,65.832853,34.377469,-114.591559,97.380609,32.219071,-2.212593,-3.454393
166.000000,23.839873,32.631981,65.006059,-5.446358,0.475925,178.904724,-28.802877,-11.911817,4.531042,64.341529,-48.167334,10.989143,-41.010348,-14.367585,-5.968614,91.008132,-35.508921,-3.296939,-78.822849,-28.854155,-2.467050,-29.532696,48.741572,5.016961,-4.728113,-40.841096,7.910545,-28.086378,65.832853,34.377469,-114.591559,97.366840,31.299011,-2.193026,-2.724971
167.000000,22.140461,32.716268,65.028340,-5.763892,0.405170,178.936250,-27.068839,-12.625136,4.289217,63.886161,-49.241112,11.624906,-44.389966,-13.428045,-6.028952,85.738962,-36.352067,-2.784817,-79.360050,-28.885956,-2.675098,-29.278227,48.641411,5.058369,-4.667036,-40.639202,7.860860,-28.500808,65.832853,34.377469,-114.591559,97.357366,31.215621,-1.058623,0.588550
168.000000,20.475970,32.839736,65.040123,-6.239141,0.442964,179.170801,-25.159219,-13.607429,3.843468,63.158725,-50.000308,12.403722,-47.227135,-11.706548,-4.932397,79.958422,-36.631442,-1.807683,-79.741878,-28.974875,-2.993878,-29.150390,48.029552,5.322557,-4.558011,-40.748847,8.047109,-28.817794,65.832853,34.377469,-114.591559,97.356430,30.995170,-0.662325,1.694722
169.000000,18.886651,32.952410,65.172577,-6.804726,0.261649,179.260031,-23.257873,-14.593380,3.516361,61.533215,-50.000308,12.823719,-49.526180,-9.925597,-3.274977,73.458220,-36.175834,0.011410,-80.177378,-29.164027,-3.515506,-29.118264,48.118082,5.743068,-4.512478,-40.715266,7.771549,-28.451918,65.832853,34.377469,-114.591559,97.349710,30.768366,-0.869193,0.919663
170.000000,17.302112,33.101225,65.265816,-7.258327,0.058206,179.474937,-21.382460,-15.431245,3.037224,59.959751,-50.000308,13.360544,-51.308494,-8.045781,-1.000118,67.364797,-35.879581,1.560395,-80.534214,-29.272985,-3.979013,-29.128315,48.092134,5.955980,-4.547172,-40.512424,7.478869,-28.342404,65.832853,34.377469,-114.591559,97.339997,29.448070,-1.574361,-0.985732
171.000000,15.671994,33.295727,65.325654,-7.507354,-0.658100,179.577354,-20.100084,-15.909807,2.478959,58.769188,-50.000308,13.477416,-53.116032,-6.717809,0.968450,62.154810,-36.351879,2.067289,-80.484600,-29.307263,-4.365777,-29.216021,48.043366,5.598706,-4.673405,-40.847212,7.539475,-28.665672,65.832853,34.377469,-114.591559,97.336247,29.261145,-1.116137,0.229591
172.000000,13.948202,33.567518,65.364891,-7.668493,-1.186285,179.635329,-18.537511,-16.139505,1.886654,57.667424,-50.000308,13.352836,-54.388899,-6.393491,1.724248,58.583612,-36.981687,2.155969,-80.163014,-29.306863,-4.735009,-29.261763,48.054557,5.070551,-4.784045,-40.847424,7.490587,-28.669186,65.832853,34.377469,-114.591559,97.341588,29.113203,-0.956382,0.785390
173.000000,12.115125,33.922198,65.430373,-7.542715,-1.789843,179.934285,-16.884658,-15.923773,1.164946,56.687350,-50.000308,13.190775,-54.924737,-6.118248,2.071443,56.170779,-37.527224,1.943112,-80.329930,-29.241443,-4.712628,-29.408455,48.601598,5.175611,-4.763342,-40.577058,7.510955,-28.749134,65.832853,34.377469,-114.591559,97.350304,29.429847,-1.250221,-0.108538
174.000000,10.060189,34.358501,65.419716,-7.164322,-2.478224,-179.129080,-15.214117,-15.489044,0.044307,56.458706,-50.000308,13.312098,-55.174596,-5.337407,3.252518,56.037891,-37.659375,1.679638,-80.102963,-28.819252,-4.658577,-29.269116,48.231712,4.829172,-4.834533,-40.633547,7.334861,-28.557139,65.832853,34.377469,-114.591559,97.366778,29.767822,-1.467109,-1.241214
175.000000,7.798013,34.817716,65.322518,-6.772996,-3.151346,-178.064462,-13.518831,-14.911242,-0.802570,56.929333,-50.000308,13.079891,-55.007372,-4.271502,4.785913,57.774938,-37.718620,1.537153,-79.666889,-28.530911,-4.432502,-29.120990,47.692199,4.292910,-5.100413,-40.661899,7.297127,-28.501413,65.832853,34.377469,-114.591559,97.380220,29.920730,-1.134980,-1.320755
176.000000,5.228014,35.406494,65.071821,-6.244823,-3.637523,-177.606905,-11.804198,-13.788596,-1.290613,58.939758,-50.000308,11.957555,-53.918251,-3.488162,4.751431,60.199320,-38.557668,0.941868,-78.992955,-28.315164,-4.289643,-29.095868,47.680769,4.028720,-5.208737,-40.661530,7.495676,-28.556444,65.832853,34.377469,-114.591559,97.380883,30.030112,-0.632336,-0.475540
177.000000,2.507695,36.074939,64.779651,-5.127214,-3.474361,-177.818869,-9.790133,-11.682052,-1.685112,62.466636,-49.371865,10.230649,-51.994911,-2.653934,2.577189,62.145542,-38.618142,-0.008952,-78.477542,-28.191293,-3.934919,-29.017946,48.267038,4.557744,-4.781333,-40.669730,7.615833,-28.267464,65.832853,34.377469,-114.591559,97.368055,30.198408,-0.948854,-0.499056
178.000000,-0.165331,36.826232,64.626372,-3.604609,-3.091604,-177.556073,-8.133376,-8.713272,-2.066627,66.370710,-46.975869,7.420515,-50.161780,-0.142041,1.432663,63.983067,-37.432131,-0.396829,-77.895036,-28.280750,-3.193914,-28.818320,48.509632,4.680703,-4.664525,-40.849995,7.642449,-28.514865,65.832853,34.377469,-114.591559,97.364183,29.815517,-1.131462,-0.029466
179.000000,-2.723541,37.602201,64.686781,-1.856676,-2.427743,-177.873836,-7.350077,-5.696340,-2.758295,71.122978,-40.680340,3.239673,-47.385349,2.530017,0.020388,64.810005,-35.972110,-1.264413,-76.903887,-28.353124,-2.450978,-28.356760,48.658643,5.069952,-4.526833,-40.734620,7.411223,-28.688270,65.832853,34.377469,-114.591559,97.345215,28.993443,-1.420023,0.031569
180.000000,-5.093904,38.303149,64.844257,-0.056521,-1.561176,-178.567316,-8.103864,-3.615795,-4.201100,77.237432,-31.137378,-1.054818,-44.181157,5.428849,-1.242629,64.539673,-35.827901,-3.350912,-75.338462,-28.592719,-1.463129,-27.795803,48.369023,5.525539,-4.382581,-40.418829,6.983080,-27.860956,65.832853,34.377469,-114.591559,96.827822,28.073736,-1.714635,-0.311760
181.000000,-7.343152,38.872519,64.874613,0.998676,-0.952344,-179.490499,-10.036264,-3.922337,-6.202704,84.076787,-23.731228,-2.869561,-41.812028,7.715481,-1.815023,65.094756,-37.139680,-5.555301,-73.153409,-28.668551,-0.645212,-27.639496,47.720503,5.353626,-4.736667,-40.019564,6.968720,-27.767205,65.832853,34.377469,-114.591559,97.316344,28.545594,-1.608032,0.227250
182.000000,-9.422942,39.346603,64.928979,1.567115,-0.348372,-179.768423,-13.484866,-3.558043,-6.365580,90.594755,-17.704576,-2.992715,-39.272109,9.047846,-2.227089,65.656430,-38.762099,-7.483549,-71.686203,-28.586367,0.174911,-27.579874,46.882565,5.704470,-4.863157,-39.902792,7.042019,-27.450033,65.832853,34.377469,-114.591559,97.378594,29.336141,-1.490150,-0.490527
183.000000,-11.347724,39.973396,65.129203,1.288650,-0.158454,-179.511184,-18.042384,-2.645872,-5.445384,95.100112,-18.018112,-2.148487,-37.047451,9.225942,-2.481690,65.779769,-41.005543,-8.342011,-70.362205,-28.602010,0.441314,-27.420517,45.793717,5.873704,-5.082303,-39.973805,7.191018,-27.314932,65.832853,34.377469,-114.591559,97.402828,30.625452,-0.906584,-2.060074
184.000000,-13.256834,40.441573,65.271437,0.939860,-0.195629,-179.418117,-23.242090,-1.872701,-3.975889,98.411572,-21.487044,-1.314674,-34.992531,9.217199,-2.623378,65.852572,-43.259314,-8.362986,-69.657343,-28.652702,0.412711,-27.198484,45.337396,6.523686,-5.150920,-39.962050,7.184171,-26.824380,65.832853,34.377469,-114.591559,97.402828,31.581261,-0.282206,-4.205662
185.000000,-15.209417,40.809003,65.251964,0.628267,-0.408258,-179.223474,-28.655348,-1.245694,-2.414295,100.351687,-24.933966,-0.498752,-33.219913,9.206816,-2.645145,66.096786,-45.439275,-8.133610,-68.871837,-28.686501,0.129490,-26.945448,45.344649,6.502321,-5.414058,-40.061621,7.294004,-26.818536,65.832853,34.377469,-114.591559,97.402828,32.176584,0.079625,-5.368762
186.000000,-17.208005,41.164529,65.172768,0.353185,-0.689859,-179.028852,-34.164780,-0.574744,-0.987126,100.406608,-27.948992,0.813312,-31.432083,9.119393,-2.808056,66.325597,-47.832300,-8.199178,-68.123275,-28.656206,-0.056862,-26.809749,45.406613,6.513180,-5.631671,-40.267756,7.355287,-26.657798,65.832853,34.377469,-114.591559,97.402828,32.765210,-0.059878,-6.173324
187.000000,-19.215319,41.461721,65.167129,0.320218,-1.269942,-178.742417,-39.541720,1.049287,0.957725,97.967760,-31.026394,2.287238,-29.621882,9.055292,-3.302120,65.543540,-49.535568,-8.248012,-67.865634,-28.585675,-0.597540,-26.744420,46.550434,6.335943,-5.596651,-40.814960,7.723564,-27.091296,65.832853,34.377469,-114.591559,97.401674,31.048862,-0.991071,-5.768227
188.000000,-21.156286,41.651288,65.181547,0.556410,-1.525799,-178.909447,-43.805466,2.017645,2.370643,93.489731,-32.736615,3.236112,-27.781782,9.638479,-3.526445,64.626014,-50.000308,-8.974906,-66.872818,-28.471350,-0.496735,-26.532544,46.446642,5.991024,-5.618558,-41.108887,7.798280,-26.983386,65.832853,34.377469,-114.591559,97.381531,29.077031,-1.688664,-4.908606
189.000000,-23.093186,41.767314,65.196496,0.918768,-1.313220,-179.353863,-46.840847,2.419841,3.167789,87.292140,-33.682364,3.548846,-25.307965,10.809988,-3.148095,63.418088,-50.000308,-9.890703,-65.723004,-28.346871,-0.468547,-26.389471,46.462276,5.262196,-5.673502,-41.377880,7.910256,-27.200161,65.832853,34.377469,-114.591559,97.346137,24.095698,-2.027043,-3.605334
190.000000,-25.143567,41.832718,65.177375,1.252933,-1.295456,179.955791,-49.092340,2.279208,3.170101,79.755299,-33.881338,3.157603,-22.992365,11.666459,-2.898929,62.518470,-50.000308,-10.386268,-64.522195,-28.116142,-0.181574,-26.578158,46.784207,4.739627,-5.775631,-41.541378,8.284778,-28.293268,65.832853,34.377469,-114.591559,97.058784,20.511529,-1.633423,-0.008146
191.000000,-27.196547,41.815290,65.169245,1.489291,-1.354041,179.136210,-50.760118,1.288964,1.960399,71.441374,-33.431898,2.245836,-20.840154,12.227940,-2.594051,61.788944,-50.000308,-10.882055,-63.831717,-27.745150,0.461490,-27.021874,47.101237,5.153594,-5.577069,-41.603177,8.304311,-28.034732,65.832853,34.377469,-114.591559,96.510231,20.300207,-1.919120,0.537613
192.000000,-29.314384,41.817400,65.215892,1.557947,-1.666392,178.588553,-51.596820,0.665253,0.949731,62.300170,-33.284133,1.132498,-18.681758,12.286721,-2.679064,60.736904,-50.000308,-10.938307,-63.756688,-27.264138,0.353064,-27.237850,47.854447,5.518704,-5.258465,-41.748739,8.465895,-28.226739,65.832853,34.377469,-114.591559,95.829262,19.961006,-2.149351,0.938575
193.000000,-31.522635,41.767049,65.252709,1.488566,-2.347231,178.418175,-52.219624,-0.054664,-0.175613,53.990344,-34.181009,0.619478,-16.899013,11.894300,-2.996795,59.893615,-50.000308,-10.907620,-64.136269,-26.516058,0.149472,-27.404648,48.068713,5.752212,-5.033604,-41.772949,8.389673,-28.111078,65.832853,34.377469,-114.591559,95.186029,18.763262,-2.180238,0.867296
194.000000,-33.846241,41.694489,65.054244,1.275951,-3.110218,178.635414,-53.658591,-0.820793,-1.099643,49.597688,-34.742683,0.921521,-15.196327,11.333920,-3.192287,59.789570,-50.000308,-10.364360,-63.807832,-25.293039,0.232507,-27.576766,47.387965,5.590925,-5.287620,-41.679901,8.210943,-27.867918,65.832853,34.377469,-114.591559,95.551621,18.439510,-2.144229,0.137620
195.000000,-36.502925,41.491485,64.688915,1.108501,-4.169432,179.451854,-54.501474,-0.857005,0.769907,47.984910,-34.784774,1.242054,-13.315847,10.541098,-3.833003,60.038941,-50.000308,-9.215445,-63.679117,-23.951255,0.152522,-27.800538,46.801375,4.957001,-5.711554,-41.592611,8.170722,-28.043978,65.832853,34.377469,-114.591559,96.069718,18.261484,-1.982739,-0.194597
196.000000,-39.355955,41.265863,64.385694,0.630489,-5.248323,179.929393,-54.558735,-1.280383,2.288463,49.397311,-33.934869,2.346595,-11.507230,9.603076,-3.795628,60.358225,-50.000308,-8.457220,-63.189242,-22.538103,-0.288350,-28.083267,46.076200,4.577393,-6.150995,-41.376808,8.101987,-28.105576,65.832853,34.377469,-114.591559,96.994984,18.691380,-1.958676,-1.038508
197.000000,-42.727131,41.024223,63.855988,-0.333018,-6.310864,-179.599626,-53.957265,-1.792869,5.044591,52.160881,-34.038156,4.006862,-9.225874,7.917831,-3.884823,62.088475,-50.000308,-7.020081,-63.095635,-21.526675,-1.565416,-28.544332,45.769067,3.903058,-6.622583,-41.191505,7.969866,-28.186082,65.832853,34.377469,-114.591559,97.349648,19.582519,-1.924393,-1.103267
198.000000,-46.248019,40.715989,63.533390,-2.439527,-6.669640,-179.751997,-53.007770,-3.171147,7.490306,55.189404,-31.766076,5.906383,-6.641926,5.130562,-3.051868,65.157136,-46.846171,-4.354426,-64.519155,-21.820305,-4.432905,-29.310148,46.530742,3.492281,-6.507050,-41.102866,8.104456,-28.275533,65.832853,34.377469,-114.591559,97.281776,20.067632,-1.594628,0.696039
199.000000,-49.485448,40.403074,63.638383,-5.033231,-6.217859,-179.784206,-50.899256,-6.304900,8.692066,57.531571,-29.640470,7.148076,-5.267419,1.695304,-2.058400,69.317459,-38.238602,-0.372746,-66.409519,-23.381314,-8.142992,-29.673955,47.704271,3.719658,-5.559467,-40.835782,8.132213,-28.152541,65.832853,34.377469,-114.591559,96.889526,21.407855,-1.327697,1.995586
200.000000,-52.413911,40.164715,63.826126,-7.313632,-5.420938,-178.456493,-47.960075,-9.502180,10.032880,58.499279,-30.896818,9.069184,-5.742454,-1.138578,-1.567469,75.291060,-26.956725,4.658143,-68.311194,-25.082934,-11.256844,-29.538143,47.593858,3.593964,-5.067097,-41.206391,8.067353,-28.804769,65.832853,34.377469,-114.591559,97.284795,21.610748,-0.545561,4.725668
201.000000,-54.871607,39.963770,64.090478,-8.901727,-4.380404,-176.798952,-44.703622,-12.463903,10.461861,58.792520,-32.172039,11.233117,-8.012133,-2.840410,-1.058311,82.967770,-15.822374,8.205695,-70.278726,-26.611134,-12.820706,-29.273672,47.132940,3.792813,-4.960534,-40.557113,7.565392,-29.126573,65.832853,34.377469,-114.591559,97.372085,21.297324,0.407860,5.950575
202.000000,-57.192361,39.594153,64.452821,-9.404417,-3.337372,-175.648131,-41.127007,-14.245445,10.171077,58.815292,-33.929043,12.550394,-11.535051,-6.635063,-2.463086,89.747156,-6.517133,9.497597,-72.213288,-27.695971,-12.730441,-28.893466,46.368891,4.581077,-4.854496,-40.026835,7.057649,-29.255428,65.832853,34.377469,-114.591559,97.398211,20.720255,1.301027,5.637975
203.000000,-59.259272,39.029512,64.853668,-9.033466,-2.406908,-174.931996,-38.263205,-14.875213,9.567461,59.283228,-36.076479,13.489435,-16.016194,-10.658173,-3.440615,94.295659,-9.071084,7.595234,-72.975845,-28.437612,-11.626277,-28.576057,45.726768,4.739843,-5.042806,-39.765884,6.817792,-28.777428,65.832853,34.377469,-114.591559,97.402828,22.532454,2.032000,3.638920
204.000000,-61.422443,38.845691,65.253979,-8.547492,-1.654935,-174.398948,-34.829276,-15.251449,8.366982,59.154199,-38.343565,13.538832,-21.004104,-12.086999,-3.717955,96.588342,-17.517133,4.570469,-74.848689,-28.734380,-10.545450,-28.351267,46.166635,5.922289,-4.780262,-39.703616,6.740861,-28.107536,65.832853,34.377469,-114.591559,97.402828,23.668863,1.005132,-1.368333
205.000000,-63.688147,38.859501,65.372723,-8.319787,-1.090292,-173.900121,-32.005471,-15.459556,7.505099,59.703913,-40.658446,13.614935,-25.781842,-13.655184,-4.392294,97.356601,-24.939092,2.912127,-75.315048,-29.379611,-9.919352,-28.072112,46.327913,5.744879,-5.076792,-39.931215,6.770649,-27.856949,65.832853,34.377469,-114.591559,97.402828,24.919711,0.015661,-4.392166
206.000000,-65.925384,38.851267,65.420711,-7.929195,-0.656100,-173.620517,-29.283856,-15.606709,6.348003,60.147595,-43.672851,13.975197,-30.724206,-15.405186,-5.238165,96.253416,-31.592712,0.761148,-75.624080,-29.751689,-9.475841,-27.738337,46.638751,5.498745,-5.317769,-40.087220,6.841053,-27.896316,65.832853,34.377469,-114.591559,97.402828,25.829588,-0.783109,-6.076837
207.000000,-68.316698,38.901308,65.456700,-7.328261,-0.614814,-173.583026,-26.513754,-15.435287,5.111759,60.301247,-46.614815,14.468808,-35.575249,-16.452809,-6.256517,93.228961,-36.033172,-1.575693,-76.245757,-29.725526,-9.051778,-27.421379,47.172083,6.050452,-5.049830,-40.369963,6.904093,-27.400433,65.832853,34.377469,-114.591559,97.402828,25.509373,-1.505544,-6.346728
208.000000,-70.529854,39.156079,65.559483,-6.992277,-0.666945,-173.276043,-24.029500,-15.386058,3.675767,59.754730,-48.192363,14.946976,-39.949387,-16.574009,-7.034679,88.031481,-37.950013,-2.521925,-77.060018,-29.709274,-9.046683,-27.162499,48.158035,6.468184,-4.910581,-40.675621,6.768011,-27.038803,65.832853,34.377469,-114.591559,97.401762,24.851614,-2.759369,-6.688644
209.000000,-72.643024,39.448443,65.709209,-6.989837,-0.928238,-172.897905,-21.734002,-15.542483,2.389994,58.779720,-49.157490,15.000035,-43.644431,-16.151068,-7.113805,81.059654,-39.100084,-2.445539,-77.683730,-29.780298,-9.098299,-27.077686,48.617935,6.762754,-4.856833,-41.151220,6.895101,-27.157066,65.832853,34.377469,-114.591559,97.395813,24.013659,-3.127956,-6.189407
210.000000,-74.780971,39.617825,65.826410,-7.043764,-1.210311,-172.222930,-19.430608,-15.908692,1.288728,57.761154,-49.981494,15.000035,-46.271099,-14.900809,-6.109575,73.122796,-39.060482,-0.716506,-78.170129,-29.793804,-9.157194,-27.048447,48.594054,6.735558,-4.901728,-41.474445,6.801702,-26.989610,65.832853,34.377469,-114.591559,97.393313,23.619834,-2.990266,-6.256860
211.000000,-76.856130,39.779276,66.045362,-7.010634,-1.567566,-171.656864,-17.041681,-16.003949,0.142930,56.053225,-50.000308,14.921909,-47.986751,-12.764795,-3.963703,64.977748,-38.781445,1.200148,-78.692932,-29.793804,-9.289871,-26.971963,48.898864,7.254564,-4.683934,-41.608823,6.580487,-26.842611,65.832853,34.377469,-114.591559,97.390472,23.315165,-2.832183,-6.791453
212.000000,-79.053628,39.914694,66.206956,-6.938557,-1.924233,-171.414765,-14.428401,-15.827580,-0.745495,54.397481,-50.000308,14.807498,-48.937868,-10.430095,-1.162378,58.903729,-38.364831,2.726548,-78.791020,-29.793804,-9.450871,-26.861737,49.218391,7.333320,-4.722636,-41.812806,6.549924,-27.055192,65.832853,34.377469,-114.591559,97.392173,22.521705,-2.385597,-6.716423
213.000000,-81.331867,40.068364,66.201729,-6.867025,-2.063203,-171.368252,-11.776862,-15.346554,-1.149338,53.342941,-50.000308,14.405750,-49.311292,-9.123295,0.401235,56.207030,-38.560793,2.944251,-78.378026,-29.793804,-9.509144,-26.715933,49.226543,7.043764,-4.899316,-41.800064,6.501926,-27.016398,65.832853,34.377469,-114.591559,97.394147,22.445496,-2.127263,-7.059672
214.000000,-83.876747,40.275854,66.148943,-6.784639,-2.081761,-171.478627,-8.784677,-14.503674,-1.042464,52.668497,-50.000308,13.847934,-48.219851,-8.307087,0.383704,55.736352,-38.018131,2.905062,-77.999941,-29.793804,-9.637323,-26.651332,49.332462,6.744574,-4.931724,-41.881456,6.596689,-27.355403,65.832853,34.377469,-114.591559,97.392671,21.794946,-1.934233,-6.254429
215.000000,-86.574560,40.551820,65.838748,-6.272293,-1.895222,-171.260032,-6.383184,-13.374245,-1.820974,54.628881,-49.623811,12.534786,-46.776059,-6.580286,0.845097,58.098060,-36.552714,2.338307,-77.150723,-29.787787,-9.358293,-26.428143,48.948277,6.060205,-5.227717,-41.623839,6.600990,-27.772777,65.832853,34.377469,-114.591559,97.395451,21.392294,-1.585450,-5.545449
216.000000,-89.203507,40.919438,65.599334,-5.486090,-1.549063,-171.372689,-4.705996,-11.305525,-1.588744,57.860691,-47.960557,10.132007,-45.850554,-5.377755,-0.175237,61.160806,-35.843696,1.428264,-76.061280,-29.786653,-8.820319,-26.255940,48.286005,5.188780,-5.533223,-41.402035,6.734707,-28.252833,65.832853,34.377469,-114.591559,97.394188,21.025972,-1.113107,-3.722875
217.000000,-91.997683,41.307393,65.436870,-4.020310,-0.872042,-171.216261,-3.663613,-8.341869,-1.636878,63.306810,-43.686190,6.841590,-43.987965,-2.668825,-0.590161,63.678140,-35.231014,0.079931,-75.678988,-29.645384,-7.446644,-26.290814,47.871966,5.271489,-5.478107,-41.337251,6.855193,-28.330190,65.832853,34.377469,-114.591559,97.392617,21.076253,-1.061777,-2.962363
218.000000,-94.542003,41.777411,65.465212,-2.012534,0.236580,-171.395573,-4.439402,-4.234060,-1.294275,70.717067,-35.574610,2.515077,-40.765076,-0.138235,-2.618957,64.050201,-35.560232,-2.596005,-74.921404,-29.461154,-5.550020,-26.282121,48.338485,6.541797,-4.904415,-41.029701,6.796480,-28.002162,65.832853,34.377469,-114.591559,97.374947,21.180883,-1.701650,-3.345216
219.000000,-96.806216,42.194036,65.420711,-0.157191,0.846190,-171.591855,-7.691976,-1.595546,-2.238213,79.825240,-26.956414,-0.309698,-38.092153,2.658932,-4.158850,63.912266,-36.804659,-6.038832,-72.881206,-29.213733,-4.144452,-26.009562,48.298255,6.462665,-4.793282,-40.623622,6.886096,-28.164360,65.832853,34.377469,-114.591559,97.371621,22.356048,-1.633127,-1.109511
220.000000,-98.898208,42.540041,65.348279,0.803705,1.574559,-171.732630,-11.833730,-0.328768,-2.948875,88.303411,-20.462736,0.180613,-35.684962,4.400941,-5.295184,64.440103,-38.778904,-9.030173,-70.769489,-28.977470,-2.863540,-25.819015,47.699845,6.576382,-4.928876,-40.244065,7.068240,-28.191160,65.832853,34.377469,-114.591559,97.402193,23.113522,-0.930871,-0.277384
221.000000,-100.701880,42.957342,65.451217,0.686796,2.065355,-171.185367,-16.693254,1.207192,-2.170820,93.144690,-21.997669,1.422385,-33.399570,4.576710,-6.228143,64.770814,-41.105451,-10.339357,-69.335935,-28.890006,-1.706364,-25.716227,46.243529,7.403432,-5.019892,-40.014909,6.846753,-27.869380,65.832853,34.377469,-114.591559,97.402828,23.512977,-0.133259,-2.833997
222.000000,-102.727437,43.158001,65.490979,0.923349,1.743924,-171.048843,-22.457573,1.502657,-1.634005,95.476175,-25.726247,2.762499,-31.701121,5.411050,-6.488896,64.767194,-43.452564,-11.144650,-68.488588,-28.823231,-0.639869,-25.484042,45.654176,8.656700,-5.055553,-39.914526,7.032040,-28.039750,65.832853,34.377469,-114.591559,97.402828,25.343367,1.176613,-4.079442
223.000000,-104.679346,43.256071,65.509599,1.150603,1.198687,-170.981104,-28.316385,1.583595,-0.699302,95.127323,-30.266795,3.376093,-30.097990,5.998728,-6.886470,64.388385,-45.555063,-11.222890,-68.373711,-28.692160,-0.028778,-25.270701,46.197193,10.362848,-4.985798,-39.751489,7.129801,-28.467714,65.832853,34.377469,-114.591559,97.402828,26.194397,1.958594,-6.242205
224.000000,-106.797314,43.346903,65.490490,1.138523,0.520093,-170.732254,-33.472015,2.374280,1.060940,92.121746,-34.374880,3.879331,-28.608884,6.270106,-7.053679,64.341864,-47.606944,-11.431782,-67.789184,-28.641521,-0.101988,-24.952001,46.713774,10.779080,-5.169998,-39.633518,7.308995,-29.215591,65.832853,34.377469,-114.591559,97.402828,26.383918,2.801824,-6.469929
225.000000,-108.800590,43.296605,65.598601,1.162841,-0.117381,-170.967376,-37.581477,3.487508,3.356011,86.817469,-36.526390,4.956740,-26.939233,6.759107,-6.774499,63.420089,-48.878968,-11.488096,-67.396967,-28.604858,-0.522555,-24.551462,47.461550,11.059292,-5.064042,-39.709125,7.548261,-29.842049,65.832853,34.377469,-114.591559,97.402828,24.377167,3.142362,-5.179873
226.000000,-110.755098,43.141744,65.781873,1.382210,-0.454269,-170.854630,-40.353919,5.135904,6.489607,79.709728,-37.798373,5.097680,-24.981263,7.140798,-6.770162,61.996090,-50.000308,-11.615429,-67.421180,-28.519860,-0.293647,-24.301320,47.836169,11.082876,-5.074158,-39.751527,7.382774,-30.369975,65.832853,34.377469,-114.591559,97.402828,22.275294,2.534901,-4.600406
227.000000,-112.649572,42.892426,65.954214,1.599919,-0.501273,-170.973840,-42.030501,5.214897,8.646780,71.776853,-37.475284,4.267565,-22.682152,7.761659,-6.544711,61.045348,-50.000308,-11.870154,-67.595022,-28.441398,0.398557,-24.124382,47.870105,10.982732,-5.121482,-39.866192,6.936689,-30.170137,65.832853,34.377469,-114.591559,97.402828,20.604990,1.851842,-5.277152
228.000000,-114.551914,42.614144,66.145712,1.688099,-0.638712,-171.382074,-42.987991,3.807944,9.159364,63.842468,-36.161713,2.544624,-20.486094,8.049291,-6.280984,60.178563,-50.000308,-12.234871,-67.971365,-28.021216,0.813186,-23.780381,47.800502,10.853052,-5.131087,-40.077525,6.858923,-30.179444,65.832853,34.377469,-114.591559,97.402828,17.755370,1.962067,-5.493836
229.000000,-116.415751,42.326638,66.263932,1.671141,-0.960738,-171.568773,-43.482350,2.489360,9.095924,57.177720,-35.697208,1.066213,-18.620870,7.938217,-6.210969,59.540521,-50.000308,-12.326584,-68.731838,-27.235856,1.069783,-23.374533,47.647837,10.869441,-5.312195,-40.102793,6.890499,-30.218686,65.832853,34.377469,-114.591559,97.402828,14.952730,3.252312,-5.300907
230.000000,-118.317091,41.960070,66.265124,1.588010,-1.611910,-171.731223,-43.736225,2.690070,10.523565,53.407568,-35.814111,1.441077,-17.292477,7.427709,-6.481182,59.418295,-50.000308,-11.992377,-69.586056,-26.119658,1.371647,-23.179290,47.374073,10.738494,-5.627531,-39.375699,6.635836,-29.939168,65.832853,34.377469,-114.591559,97.402828,13.325622,4.482641,-4.164331
231.000000,-120.276320,41.516662,66.137713,1.282264,-2.248285,-172.045957,-43.412177,3.501039,13.188798,52.314997,-35.838949,2.525988,-16.118104,6.523314,-6.819316,60.177737,-50.000308,-10.886407,-70.333497,-25.178012,1.432459,-23.123170,46.783476,10.251744,-6.100431,-39.273919,6.931764,-30.448638,65.832853,34.377469,-114.591559,97.402828,12.842414,5.809172,-2.311650
232.000000,-122.435927,41.033301,65.894979,0.373392,-2.911648,-173.207516,-42.516305,3.001204,14.411518,52.744592,-35.734010,3.390256,-15.036842,5.080183,-6.397921,62.035425,-50.000308,-9.480262,-70.410337,-24.276683,1.121747,-23.257149,46.444859,9.989844,-6.521129,-38.978793,6.866556,-30.371659,65.832853,34.377469,-114.591559,97.402828,12.827037,6.706777,-1.780333
233.000000,-124.787700,40.435329,65.746880,-0.792765,-3.365128,-174.848318,-40.981108,1.291275,14.095099,53.346646,-33.614534,4.651095,-13.994635,3.846547,-4.524121,64.266773,-49.449641,-8.564196,-70.915750,-23.594011,-0.122184,-23.350334,46.532832,9.715077,-6.401223,-38.601323,7.027597,-30.321300,65.832853,34.377469,-114.591559,97.402828,12.953045,7.427973,0.341756
234.000000,-127.014542,39.921740,65.546834,-2.335783,-3.682482,-175.643896,-40.344664,-0.447315,14.179347,55.146520,-32.932717,7.405259,-13.120812,1.603516,-3.578271,67.644698,-47.275510,-6.390400,-71.976902,-23.481664,-1.206055,-23.623942,46.426329,9.118549,-6.545190,-38.337876,7.191325,-30.401063,65.832853,34.377469,-114.591559,97.402828,13.384439,8.134319,2.371153
235.000000,-129.036522,39.285231,65.493613,-3.621845,-3.779503,-175.766937,-38.999236,-1.917147,15.437092,56.307799,-34.319208,8.936263,-13.213863,-0.916587,-3.168839,72.059513,-41.606162,-2.452992,-73.694640,-23.452281,-1.877496,-23.925012,46.708546,9.190510,-6.523679,-37.984840,7.184855,-30.528323,65.832853,34.377469,-114.591559,97.402828,14.211615,8.852784,3.975535
236.000000,-130.785322,38.528234,65.641099,-5.021333,-3.557523,-175.461078,-36.003273,-4.321249,16.555356,54.977490,-35.956486,9.877977,-14.825160,-3.084132,-1.594915,77.950237,-33.306861,3.329619,-76.662426,-23.998679,-2.495191,-23.858886,47.540364,10.652260,-5.764787,-36.989115,6.915129,-31.051146,65.832853,34.377469,-114.591559,97.402828,14.055650,9.512724,6.920441
237.000000,-132.249999,38.087776,65.727955,-5.947751,-3.042844,-174.690952,-33.964881,-6.267898,16.374117,54.671167,-36.963495,10.950544,-16.967836,-3.651393,0.285214,84.143669,-27.737397,6.045108,-78.277731,-24.527168,-2.436755,-23.654371,46.923857,10.847698,-5.846181,-36.633187,6.679938,-31.279664,65.832853,34.377469,-114.591559,97.402828,14.254350,10.359224,8.684778
238.000000,-133.591628,37.667802,65.851033,-6.418592,-2.474879,-174.174863,-32.036316,-7.654272,15.913407,54.598828,-37.970999,11.505196,-19.798096,-3.802004,1.968050,88.965898,-26.260069,7.594060,-79.276421,-24.987316,-1.803288,-23.524316,45.948619,10.862601,-6.070094,-36.295526,6.472406,-31.356012,65.832853,34.377469,-114.591559,97.402828,14.750393,11.038784,9.670210
239.000000,-134.956896,37.294552,66.009539,-6.571978,-2.068088,-173.627943,-30.158765,-8.906794,14.876051,54.365591,-39.081653,11.489213,-23.330786,-3.333248,3.610940,91.577483,-27.882022,8.738715,-80.331241,-25.641227,-0.849567,-23.610219,45.391846,11.195713,-6.204322,-35.932881,6.440973,-31.386895,65.832853,34.377469,-114.591559,97.402828,15.630550,11.403181,10.182330
240.000000,-136.337388,36.943722,66.126543,-6.403417,-1.666358,-172.543558,-28.321902,-9.777389,13.729596,54.441467,-39.961627,11.098475,-26.755224,-3.046579,4.584524,92.098182,-30.312246,9.288200,-81.056403,-26.100410,-0.088019,-23.652129,44.882143,11.432227,-6.167351,-35.828451,6.622458,-31.546806,65.832853,34.377469,-114.591559,97.402828,16.174496,11.407755,9.997777
241.000000,-137.701857,36.614797,66.238594,-5.951051,-1.304741,-171.124092,-26.603682,-10.764899,11.687097,54.433326,-41.175259,10.668195,-30.083647,-3.264604,5.033318,90.514712,-33.001247,8.376394,-81.749906,-26.546784,0.617988,-23.594530,45.160439,12.237331,-5.836158,-35.514689,6.325293,-31.048356,65.832853,34.377469,-114.591559,97.402828,15.945387,10.789541,8.053765
242.000000,-139.046335,36.445409,66.308260,-5.501869,-1.033711,-168.861126,-25.271307,-11.705555,9.333244,54.869546,-42.139166,10.041120,-32.977526,-2.723926,5.713969,87.120675,-35.617640,7.261795,-82.036323,-27.377538,1.023899,-23.431621,45.477408,12.136080,-5.824412,-35.631997,6.468850,-31.146250,65.832853,34.377469,-114.591559,97.402828,16.049592,10.645997,7.590061
243.000000,-140.332139,36.418378,66.319835,-5.068401,-0.896567,-165.815587,-24.232618,-12.980903,6.179723,55.522973,-43.023597,9.163593,-35.412465,-0.712108,7.656252,82.312351,-37.178509,7.179868,-81.972884,-28.040491,1.149634,-23.195623,45.872838,11.781538,-5.730935,-35.944963,6.621011,-31.393896,65.832853,34.377469,-114.591559,97.402828,16.969357,10.709292,7.632618
244.000000,-141.662562,36.386874,66.443592,-4.235236,-1.081768,-162.020508,-23.474652,-14.121365,2.473486,56.006738,-43.513499,8.559760,-37.290111,2.605213,11.000220,76.437583,-38.256446,7.531016,-82.059566,-28.234122,1.659356,-23.098752,46.596350,11.959138,-5.319535,-36.242032,6.306261,-30.819514,65.832853,34.377469,-114.591559,97.402828,17.120882,10.343919,6.971817
245.000000,-142.917132,36.361235,66.556448,-3.191315,-1.565481,-157.285843,-23.455810,-15.402614,-1.621806,56.825391,-43.768477,8.175847,-38.541941,7.535971,16.637765,71.146140,-38.608741,8.753745,-82.169211,-28.277885,2.586301,-23.264500,47.173480,12.376267,-5.011891,-36.203585,6.006338,-30.309671,65.832853,34.377469,-114.591559,97.402828,17.590182,10.310782,5.991642
246.000000,-144.163764,36.369061,66.672790,-2.030397,-1.848069,-152.281444,-23.381411,-16.801934,-6.361781,57.932394,-43.720919,7.645202,-38.875152,11.972780,22.297952,67.350931,-38.604485,9.509118,-81.279149,-28.134825,3.305334,-23.160323,47.832597,12.264615,-4.649340,-36.419774,5.652994,-29.784150,65.832853,34.377469,-114.591559,97.402828,18.250607,10.520446,5.804731
247.000000,-145.338345,36.429283,66.743588,-1.068447,-1.874721,-146.844561,-23.374885,-17.923545,-10.331043,59.251905,-43.472856,6.289453,-38.304859,14.637717,25.856880,65.073521,-38.481347,10.695962,-79.885298,-27.869769,4.068458,-22.906848,47.848009,12.530111,-4.406500,-36.422462,5.486098,-29.829803,65.832853,34.377469,-114.591559,97.402828,18.997768,10.900874,5.225959
248.000000,-146.675968,36.469549,66.907948,0.178304,-1.794928,-140.567406,-23.139008,-18.918442,-15.219637,60.286139,-43.109166,4.648274,-36.716573,16.214178,27.754904,63.031178,-37.746559,11.776226,-79.109587,-27.520140,5.292524,-22.703335,48.869225,13.250642,-4.025476,-36.288498,5.173102,-29.862403,65.832853,34.377469,-114.591559,97.402828,19.766448,11.425441,4.259755
249.000000,-147.967207,36.619931,66.979545,0.942229,-1.869137,-133.966008,-23.221690,-20.707617,-20.049038,61.639322,-42.393444,3.492748,-34.798065,17.553245,29.464514,63.013058,-35.591330,10.989865,-77.614486,-27.089475,5.760931,-22.367971,49.179432,13.502486,-3.641302,-36.285001,5.157465,-29.554481,65.832853,34.377469,-114.591559,97.402828,20.199579,12.608379,3.787688
250.000000,-149.211693,36.819586,66.984093,1.255177,-2.124827,-128.373114,-23.286497,-22.074816,-23.271604,62.665770,-41.906049,2.295353,-34.065114,15.483011,26.899940,63.296340,-35.493464,8.100738,-74.821922,-26.735669,5.813047,-22.027252,50.161544,14.029441,-3.452500,-36.414214,5.241687,-29.799060,65.832853,34.377469,-114.591559,97.402828,20.007048,14.090880,4.617817
251.000000,-150.542665,37.009618,67.042428,1.867495,-2.415291,-122.315445,-23.529787,-22.970145,-26.267352,63.318032,-41.626284,0.850163,-33.518822,12.084864,22.207916,62.361724,-37.721011,5.123690,-72.509869,-26.342583,5.666087,-21.513798,50.481249,15.005222,-2.864195,-36.379087,5.255294,-29.663751,65.832853,34.377469,-114.591559,97.402828,20.928142,15.384313,4.767138
252.000000,-151.831365,37.364176,67.028421,2.451302,-2.947946,-116.659194,-24.477311,-23.859992,-28.264880,64.137758,-41.254069,-0.446770,-33.389646,8.871209,17.430310,61.944543,-40.095406,2.321293,-69.506703,-26.348423,5.225909,-21.181327,50.551992,16.219701,-2.456943,-36.137281,5.390224,-29.874223,65.832853,34.377469,-114.591559,97.402828,23.207972,17.363207,5.863772
253.000000,-153.084016,37.608176,67.031175,3.031081,-3.306578,-110.564423,-25.740948,-24.177582,-29.027829,64.990070,-40.652681,-1.391892,-32.978274,5.485415,12.315339,61.837405,-41.937959,0.434710,-67.060553,-26.022331,5.165566,-20.869354,50.423417,17.666872,-2.212669,-36.389800,5.577963,-30.211139,65.832853,34.377469,-114.591559,97.402828,23.896940,17.773211,4.778633
254.000000,-154.215765,37.844443,67.082661,3.684369,-3.141282,-102.908740,-28.015483,-22.670496,-26.624125,65.752879,-39.894858,-1.617340,-31.908134,1.929135,6.834615,61.354934,-43.705540,-1.158571,-66.567768,-25.786105,5.812160,-20.323897,50.150391,19.595490,-2.013183,-36.006701,5.541363,-30.159923,65.832853,34.377469,-114.591559,97.402828,24.186605,18.580503,2.692855
255.000000,-155.198586,38.125718,67.081016,4.288642,-2.785091,-94.942634,-30.687791,-19.386380,-20.863550,65.825572,-40.327100,-1.629297,-30.698118,-1.942879,0.594885,60.796777,-45.654791,-2.370879,-66.472637,-25.531573,6.825590,-20.009756,49.794958,21.094547,-2.205377,-35.359910,5.604046,-30.550077,65.832853,34.377469,-114.591559,97.402828,25.073104,18.975080,0.981528
256.000000,-156.109393,38.430282,67.011237,4.957940,-2.335680,-88.031217,-32.505786,-16.062071,-14.863820,65.701673,-41.167989,-1.889453,-29.850208,-5.119718,-5.102753,60.528351,-47.316692,-3.709692,-66.146059,-24.780949,8.186068,-19.897847,49.111553,21.836127,-2.811629,-34.959978,5.379457,-30.978914,65.832853,34.377469,-114.591559,97.402828,25.535992,18.428612,-1.285002
257.000000,-156.846213,38.681972,67.049265,6.009810,-1.219826,-80.840543,-33.750506,-10.966940,-7.460938,65.958597,-43.044317,-0.520249,-28.978505,-7.680654,-10.936510,59.448805,-47.892952,-4.865476,-67.132290,-23.468308,10.146090,-19.789874,48.862395,22.920127,-3.331101,-35.337292,4.793279,-31.126186,65.832853,34.377469,-114.591559,97.402828,26.415195,16.595579,-5.241774
258.000000,-157.272208,38.953704,67.070818,6.895501,0.264467,-73.761277,-33.953400,-4.032814,1.547419,67.272316,-44.539592,1.588196,-28.231095,-10.284182,-16.895598,58.703789,-48.540088,-5.913632,-67.972697,-22.134099,12.208926,-19.974694,48.806455,23.562787,-3.809697,-35.032320,5.033661,-31.600174,65.832853,34.377469,-114.591559,97.402828,26.233903,14.986574,-7.091908
259.000000,-157.769525,39.208987,67.027241,7.746598,1.754989,-67.993833,-33.172098,1.877087,8.455573,68.321378,-46.161547,4.272927,-28.079364,-12.118917,-21.674994,58.451229,-48.935747,-7.186983,-67.850184,-21.010116,13.827978,-19.984850,48.985738,23.347091,-4.695513,-34.766233,5.672102,-32.209707,65.832853,34.377469,-114.591559,97.402828,26.858450,14.117184,-6.105316
260.000000,-158.149743,39.465788,66.974342,8.360660,3.471858,-63.028485,-31.784828,7.396390,14.940885,69.403772,-47.546371,5.648213,-27.839650,-13.521588,-26.508727,57.808214,-49.341454,-7.715854,-67.475569,-19.506470,14.985623,-20.370635,48.948745,23.296186,-5.044750,-34.379696,6.412759,-32.659120,65.832853,34.377469,-114.591559,97.402828,26.733519,12.877831,-5.338493
261.000000,-158.443773,39.714909,67.114061,8.631625,5.464644,-58.913821,-30.752923,10.901796,18.675436,68.633497,-47.901947,6.462688,-27.275915,-13.497800,-30.515544,56.043772,-48.890197,-8.918479,-67.473096,-18.048992,16.029423,-20.632694,49.464684,23.602422,-4.833926,-34.399271,7.006201,-33.200419,65.832853,34.377469,-114.591559,97.402828,25.497672,11.296927,-4.444258
262.000000,-158.572567,39.960814,67.156917,8.371149,7.179766,-55.411554,-30.025556,12.770797,20.550455,67.465603,-47.131976,5.579402,-26.529606,-13.366317,-33.988097,54.781317,-48.651267,-9.694937,-66.711359,-17.280467,16.556220,-20.391277,49.975125,23.157372,-4.814633,-34.131121,7.258554,-33.402521,65.832853,34.377469,-114.591559,97.402828,23.951004,11.274843,-1.689526
263.000000,-158.729148,40.282103,67.333299,8.017986,8.440327,-52.287648,-30.063313,12.430038,20.012705,64.062209,-47.037126,4.727771,-25.773454,-13.335833,-36.879101,53.433581,-48.300417,-10.490859,-66.497663,-16.843127,17.538392,-20.392911,50.271763,24.012558,-4.402079,-33.593360,7.313383,-34.048852,65.832853,34.377469,-114.591559,97.402828,23.328301,11.272953,1.176087
264.000000,-158.866251,40.575132,67.501295,7.832061,9.189769,-48.997536,-30.224646,11.197082,19.133831,60.881711,-47.104157,4.664778,-25.038456,-14.125054,-39.542028,52.611352,-47.962541,-9.899464,-66.268551,-16.802192,17.443427,-20.091865,51.799598,23.486440,-3.717067,-33.662721,6.657470,-31.126456,65.832853,34.377469,-114.591559,97.402828,23.975876,13.100467,4.661854
265.000000,-158.855200,40.885505,67.703342,7.652500,9.559828,-45.938836,-30.053341,8.997033,17.241872,57.594149,-47.173238,4.628719,-24.392619,-15.150741,-41.357475,52.227824,-47.581847,-10.075179,-66.460910,-16.826743,17.214414,-20.246185,51.683778,23.412239,-3.056803,-33.309135,5.710401,-28.968960,65.832853,34.377469,-114.591559,97.402828,23.113787,14.273422,4.862970
266.000000,-158.761334,41.229695,67.804557,7.449204,9.792936,-43.188818,-29.867171,6.507388,14.551423,54.840675,-47.021881,4.984245,-24.221995,-16.411109,-42.417797,53.021724,-47.429295,-10.773823,-66.350076,-16.918683,17.153288,-19.835943,52.455860,22.972460,-2.895250,-33.369808,6.126862,-29.331855,65.832853,34.377469,-114.591559,97.402828,22.279573,15.537048,5.523931
267.000000,-158.723700,41.593939,67.887092,7.290562,9.895331,-40.413447,-29.836223,4.106547,12.439389,52.758522,-46.773330,5.843021,-24.440095,-17.921494,-42.863952,54.426420,-47.576328,-11.929063,-66.477350,-17.210455,17.008831,-19.721268,52.807112,23.042021,-2.599270,-33.294204,6.271930,-29.906943,65.832853,34.377469,-114.591559,97.402828,21.522483,16.668580,6.107240
268.000000,-158.673465,41.950676,67.814505,6.541108,9.796271,-37.259674,-30.292162,2.189879,9.837264,53.000543,-46.568011,5.835081,-24.990428,-18.781519,-41.331770,56.714267,-47.978404,-12.722158,-66.194430,-17.474211,17.440791,-19.656608,52.692679,22.492807,-2.663240,-33.755526,6.931385,-31.070524,65.832853,34.377469,-114.591559,97.402828,21.508699,17.150880,6.858411
269.000000,-158.671391,42.265180,67.661315,5.242142,9.409430,-32.623165,-30.617252,0.016629,6.468234,54.006142,-46.234876,5.580071,-26.604529,-17.374521,-35.510092,58.587505,-49.224374,-12.488295,-66.664764,-17.884360,18.444344,-20.101141,52.470982,22.742016,-2.664365,-33.519307,6.307202,-30.218038,65.832853,34.377469,-114.591559,97.402828,21.763648,16.945930,6.068321
270.000000,-158.760309,42.392564,67.346805,4.098409,8.396618,-26.849639,-30.799311,-3.061907,2.647632,55.638243,-45.986431,5.507947,-29.523571,-12.588905,-25.015611,60.818443,-50.000308,-9.648817,-67.698909,-18.766223,19.206738,-20.671602,51.528924,21.803195,-2.719518,-33.516766,6.240251,-29.588895,65.832853,34.377469,-114.591559,97.402828,22.152539,16.256926,5.555347
271.000000,-158.738256,42.389318,66.955751,3.833892,7.137449,-21.511447,-30.682596,-6.913979,-0.805694,56.944332,-45.862371,5.921627,-31.910497,-5.898068,-13.561975,63.706049,-49.914100,-5.458294,-69.152127,-19.657494,18.820653,-21.407850,50.813660,20.779693,-2.663200,-33.135864,6.215499,-28.691337,65.832853,34.377469,-114.591559,97.402828,23.065831,15.573386,4.228565
272.000000,-158.722222,42.340928,66.690701,4.105424,6.335594,-17.589088,-30.672549,-9.925470,-2.953915,57.699833,-45.668854,5.857118,-32.508483,-1.198435,-6.631618,65.577370,-49.775711,-2.644960,-69.865588,-20.270656,17.990587,-22.112246,50.234457,19.583800,-2.916151,-32.909685,6.200020,-28.357433,65.832853,34.377469,-114.591559,97.402828,23.860412,15.186898,3.354818
273.000000,-158.671451,42.225274,66.616386,4.487188,5.909210,-14.930763,-30.439302,-11.978158,-4.428571,57.559999,-45.268889,5.384058,-31.987804,0.718977,-3.488202,65.801257,-49.641361,-1.455511,-69.859885,-20.567300,16.670450,-22.572821,50.242298,18.609498,-2.889194,-32.376268,6.029092,-28.287143,65.832853,34.377469,-114.591559,97.402828,24.350753,14.741864,3.109251
274.000000,-158.586407,42.062306,66.710502,4.747835,5.792462,-13.148895,-30.057419,-12.983574,-5.398447,56.917558,-44.666698,4.602852,-30.632927,-0.419007,-3.883616,63.947981,-49.268064,-2.148066,-69.907758,-20.761562,15.173854,-22.895446,50.741465,17.868781,-2.431346,-32.235358,5.918924,-28.282832,65.832853,34.377469,-114.591559,97.402828,24.542277,14.273150,2.919893
275.000000,-158.670437,41.872960,66.864723,4.766166,6.007737,-11.206362,-30.104854,-13.694544,-6.745527,56.249576,-44.244849,3.738226,-29.213460,-1.069665,-4.756309,61.245009,-49.569094,-3.198996,-69.913523,-20.634276,13.755776,-22.974537,51.374607,17.664310,-1.708464,-32.267101,5.582796,-27.803841,65.832853,34.377469,-114.591559,97.402828,24.462212,13.809866,2.216072
276.000000,-158.938563,41.742539,66.942066,4.567510,6.302195,-9.725072,-30.804884,-14.321276,-8.201354,56.343074,-43.537275,2.774191,-28.547961,-1.382252,-5.832867,59.318041,-50.000308,-3.743289,-68.884281,-20.214643,12.630551,-22.824798,51.639673,17.152915,-1.348575,-32.414008,5.533168,-27.832227,65.832853,34.377469,-114.591559,97.402828,24.702824,14.185492,1.898919
277.000000,-159.099102,41.528216,66.954249,4.487059,6.417522,-8.663984,-31.398981,-14.351559,-8.498625,56.853504,-42.797781,2.020434,-28.362468,-1.802881,-6.894380,58.968848,-49.850945,-4.033471,-67.326206,-20.131532,11.638712,-22.791988,51.310608,16.837461,-1.080004,-32.508224,5.615477,-28.104748,65.832853,34.377469,-114.591559,97.402828,24.095657,14.966534,2.558972
278.000000,-159.201181,41.326505,66.994423,4.461834,6.571460,-8.042087,-31.725354,-14.142340,-8.525150,56.882748,-42.593148,1.181129,-28.183999,-1.832784,-7.372761,58.338606,-49.892712,-4.209719,-66.825751,-20.061703,11.682941,-23.081412,51.337157,18.312833,-0.716290,-32.378778,5.280466,-27.723984,65.832853,34.377469,-114.591559,97.402828,24.682183,15.505701,0.979746
279.000000,-159.249520,41.034400,67.096859,4.174030,6.777860,-7.510162,-31.791597,-13.610100,-8.962970,56.705286,-42.272816,0.382690,-27.646208,-1.417476,-8.051893,57.002973,-49.947415,-4.845831,-65.931611,-20.123194,11.110242,-22.777745,51.458843,18.665287,-0.506398,-32.011628,5.436921,-28.559251,65.832853,34.377469,-114.591559,97.402828,23.365143,16.629653,2.789286
280.000000,-159.239221,40.785918,67.185301,3.710243,6.842704,-7.041336,-31.746286,-13.013087,-9.366775,56.766600,-42.146300,-0.209507,-26.899315,-0.783426,-8.644573,55.635456,-50.000308,-5.459882,-65.437447,-19.791525,11.049367,-22.885053,50.896381,18.397506,-0.558015,-32.240733,5.790640,-29.801949,65.832853,34.377469,-114.591559,97.402828,21.782851,16.573802,5.051351
281.000000,-159.251797,40.553531,67.264628,3.116952,7.004966,-6.664721,-31.731881,-12.399513,-10.148588,56.805119,-42.337232,-0.806283,-26.310855,0.160432,-9.191931,54.171566,-50.000308,-6.167808,-65.960243,-19.210196,11.524736,-23.172064,50.462066,18.847466,-0.488462,-32.285061,5.480603,-28.995273,65.832853,34.377469,-114.591559,97.402828,22.798944,15.521555,2.711669
282.000000,-159.273672,40.339667,67.310435,2.612143,7.133538,-6.304809,-31.975281,-11.930559,-10.794846,57.210798,-42.374675,-1.379212,-25.864793,0.863246,-9.819557,53.060290,-50.000308,-6.697047,-65.778540,-18.992796,11.755976,-23.556136,49.939297,18.124235,-1.005777,-32.445178,5.418114,-29.020060,65.832853,34.377469,-114.591559,97.402828,23.155538,14.713747,3.332242
283.000000,-159.218729,40.101591,67.322099,2.123194,7.195543,-5.997130,-32.169354,-11.433772,-11.347050,57.905046,-42.302517,-1.892175,-25.318587,1.691061,-10.224181,52.252733,-49.901307,-7.099161,-66.427018,-19.049684,11.958880,-23.893928,50.006537,17.457180,-1.283137,-32.329109,5.537216,-28.901443,65.832853,34.377469,-114.591559,97.402828,25.334399,13.632326,2.875771
284.000000,-159.211195,39.902222,67.285246,1.655598,6.994443,-5.713619,-32.539475,-10.985109,-11.540715,59.267942,-41.869575,-2.365902,-24.647011,2.484287,-10.413090,51.517334,-49.821917,-7.273655,-66.685760,-18.790161,12.088059,-24.352951,49.060426,16.753911,-1.437472,-32.560874,5.479392,-28.740866,65.832853,34.377469,-114.591559,97.402828,23.712964,12.218971,2.321281
285.000000,-159.254527,39.763248,67.208666,1.200914,6.811669,-5.636499,-33.683187,-10.685545,-11.453796,62.045234,-40.875086,-2.799981,-24.176646,3.186859,-10.584032,51.093903,-49.680467,-7.661393,-67.121990,-19.095215,12.335527,-24.575881,49.251330,17.013224,-1.268806,-32.223207,5.296784,-28.261344,65.832853,34.377469,-114.591559,97.402828,23.012852,11.491045,0.996694
286.000000,-159.321249,39.673737,67.054874,0.831517,6.470535,-5.495426,-35.379181,-10.583323,-11.057054,65.802275,-39.301018,-3.614074,-23.927635,3.730601,-10.685717,51.287320,-49.813557,-8.443120,-67.049344,-20.169783,12.523044,-24.495338,49.460630,17.117888,-1.245672,-32.207361,5.329872,-27.711502,65.832853,34.377469,-114.591559,97.402828,25.166122,11.648018,-0.984224
287.000000,-159.248173,39.594907,66.888899,0.446138,6.212181,-5.532830,-37.480328,-10.056459,-10.261187,69.928904,-37.404923,-4.883265,-23.485363,4.373417,-10.820421,51.198494,-50.000308,-9.233882,-66.293563,-21.797999,12.116351,-24.031829,50.152341,16.775332,-1.102892,-32.203809,6.149772,-28.988593,65.832853,34.377469,-114.591559,97.402828,25.495923,13.535482,2.360974
288.000000,-159.221995,39.516044,66.747814,0.265073,5.686929,-5.465533,-39.525864,-9.578420,-9.478334,73.076085,-36.867657,-4.866487,-23.034828,4.542862,-10.968580,51.507645,-50.000308,-9.652088,-65.245088,-22.673677,12.138743,-23.669259,49.829676,17.666950,-0.788508,-32.331281,6.429206,-29.175249,65.832853,34.377469,-114.591559,97.402828,25.354560,15.123422,2.094150
289.000000,-159.030437,39.341864,66.661501,0.241259,5.570787,-5.422712,-42.068160,-7.543782,-7.533135,74.520813,-37.625313,-3.056307,-22.713977,4.724164,-11.023930,51.424675,-50.000308,-9.732733,-64.606029,-24.220829,11.811833,-23.015868,50.478052,18.866562,-0.386465,-32.130709,6.835978,-29.425568,65.832853,34.377469,-114.591559,97.402828,25.272535,17.646352,3.198135
290.000000,-158.725584,39.238894,66.598922,0.213483,5.545318,-5.380270,-44.230509,-4.991889,-5.135927,74.085559,-38.188448,-1.477217,-22.474666,4.558796,-11.411629,51.556098,-50.000308,-9.649842,-63.584239,-24.987491,11.557013,-22.269914,50.575676,19.417821,-0.428197,-32.392579,7.491447,-30.667498,65.832853,34.377469,-114.591559,97.402828,24.534629,19.321162,3.587850
291.000000,-158.288133,39.144400,66.578358,0.236287,5.842094,-5.465766,-46.173588,-2.256639,-2.561499,71.662980,-38.578797,-0.465485,-22.410291,4.559822,-11.544066,51.588333,-50.000308,-9.611186,-63.611321,-25.563621,11.776255,-21.615397,51.494623,20.669657,-0.415229,-31.734708,7.406042,-30.830583,65.832853,34.377469,-114.591559,97.402828,24.171879,20.385955,3.870742
292.000000,-157.764530,39.047447,66.615397,0.165096,6.163809,-5.124812,-47.870095,-0.189582,-0.751616,68.254955,-39.305437,1.077856,-22.118984,4.515004,-11.947912,51.292853,-50.000308,-9.763003,-64.318601,-25.909599,12.389939,-21.471232,51.003341,20.837085,-0.625529,-32.144421,7.885552,-31.745036,65.832853,34.377469,-114.591559,97.402828,24.307260,20.747757,4.933628
293.000000,-157.108712,39.025122,66.677421,-0.164429,6.519313,-4.508216,-48.955729,1.093746,0.432758,64.061635,-39.221200,1.320881,-21.509090,4.659679,-12.526572,50.531946,-50.000308,-9.802401,-66.236374,-25.338424,14.074313,-21.404496,51.684373,22.580390,-0.812489,-29.938615,4.753693,-29.592563,65.832853,34.377469,-114.591559,97.402828,24.245566,18.875308,2.433601
294.000000,-156.428826,39.022568,66.654164,-0.623022,6.878725,-3.800498,-50.323331,1.184746,0.297191,60.576770,-38.969275,1.044060,-20.971725,4.710405,-13.408891,50.149551,-50.000308,-10.022551,-68.010393,-25.221399,15.729856,-21.774184,50.368366,22.518061,-0.651710,-31.227939,6.622348,-31.374740,65.832853,34.377469,-114.591559,97.402828,24.652214,18.487246,3.217444
295.000000,-155.649674,38.981932,66.636109,-0.957557,7.297211,-3.064079,-51.256844,0.869318,-0.086257,57.445518,-38.648916,0.715434,-20.438527,4.637466,-14.275124,49.947339,-50.000308,-9.835306,-69.651694,-24.348371,17.122559,-22.308646,50.180495,23.715078,-0.542770,-31.396877,7.061339,-31.102243,65.832853,34.377469,-114.591559,97.402828,24.432002,17.704718,1.788276
296.000000,-154.728317,38.995269,66.602302,-1.338507,7.909706,-2.225046,-51.885628,0.747624,0.177117,54.765246,-38.410419,0.577512,-19.966461,4.482445,-15.278361,49.703826,-50.000308,-9.560206,-71.169506,-23.384520,17.809390,-22.349298,50.155848,24.240956,-0.607604,-31.456494,7.068775,-30.291121,65.832853,34.377469,-114.591559,97.402828,23.816914,16.918597,-1.093251
297.000000,-153.699088,39.078948,66.503167,-1.672763,8.561650,-1.235914,-52.407345,0.933187,1.550881,53.452842,-37.956451,0.659819,-19.517897,4.097975,-16.295780,49.826633,-50.000308,-9.149728,-71.501344,-22.606753,17.913891,-22.335731,49.930387,23.976423,-0.866605,-31.114018,7.000890,-29.949574,65.832853,34.377469,-114.591559,97.402828,23.324821,16.796151,-2.025103
298.000000,-152.534044,39.228106,66.429245,-1.847528,9.307963,-0.695488,-52.314471,1.277020,3.401670,52.699725,-37.592224,1.017031,-19.055162,3.709996,-16.934918,49.810797,-50.000308,-8.600935,-71.503495,-21.801605,17.700381,-22.334865,50.089018,24.227951,-0.992728,-30.793478,6.690778,-29.462434,65.832853,34.377469,-114.591559,97.402828,23.440519,16.908717,-3.204180
299.000000,-151.154852,39.388695,66.371876,-1.769242,10.226631,-0.682560,-51.758289,1.523394,5.008864,52.470999,-37.022894,1.681661,-18.573842,3.262609,-17.171791,49.613654,-50.000308,-8.460772,-70.640876,-21.525003,16.896870,-22.277360,50.409818,24.132223,-1.236768,-30.827929,7.101232,-30.401660,65.832853,34.377469,-114.591559,97.402828,24.417356,17.866175,-1.273697
300.000000,-149.670720,39.542183,66.321772,-1.449857,10.887506,-1.033577,-50.824544,1.473209,5.771255,52.660338,-36.841917,2.870450,-17.751639,2.824228,-16.897804,49.538119,-50.000308,-8.309221,-69.525582,-20.512962,15.626737,-22.012892,50.360293,24.300396,-1.143268,-30.264917,6.996681,-30.179949,65.832853,34.377469,-114.591559,97.402828,24.389398,18.249067,-1.347921
301.000000,-148.072886,39.722925,66.252285,-0.979823,11.433932,-1.123124,-50.728488,1.121549,6.319020,53.705296,-35.866765,3.503203,-16.940594,1.989244,-16.647679,50.617583,-50.000308,-7.933190,-68.529241,-20.258788,14.595938,-21.964577,50.023486,23.269819,-1.536661,-30.646502,7.728618,-31.366507,65.832853,34.377469,-114.591559,97.402828,24.944623,18.715254,-0.185706
302.000000,-146.395910,39.910948,66.222697,-0.161190,11.794842,-1.443564,-50.246498,-0.193301,6.140289,54.974348,-35.452910,3.197758,-16.277451,0.920205,-15.966812,52.160037,-49.279607,-7.035280,-67.715732,-20.070793,13.275943,-22.246254,49.823775,22.608030,-1.906222,-30.886221,7.810250,-31.900638,65.832853,34.377469,-114.591559,97.402828,24.973229,18.725370,0.847190
303.000000,-144.588184,40.117276,66.252512,0.931349,12.177428,-1.767809,-49.077368,-1.464427,6.600107,55.294561,-35.634941,2.760823,-15.797988,-0.509648,-15.082675,54.240151,-48.012101,-5.273296,-68.140447,-20.307095,11.791751,-22.610158,50.219990,22.351270,-1.735969,-31.110685,7.951530,-32.022953,65.832853,34.377469,-114.591559,97.402828,25.145162,18.346844,1.652698
304.000000,-142.803741,40.346524,66.202104,1.901143,12.277873,-1.526746,-47.913835,-3.152031,6.326673,55.844614,-36.255494,3.368600,-15.555636,-2.321543,-14.517854,57.796555,-45.626220,-3.651356,-68.482646,-20.383086,10.447059,-22.886774,50.383556,21.539490,-2.075360,-31.296429,7.880622,-32.254417,65.832853,34.377469,-114.591559,97.402828,25.397898,18.258414,2.537931
305.000000,-141.100800,40.672573,66.161227,2.526512,12.163923,-0.753549,-46.353717,-4.644725,6.786710,56.015334,-37.652401,4.477119,-16.028989,-3.952711,-14.001210,62.448262,-41.570785,-1.423950,-69.432554,-20.329291,9.285314,-23.110563,50.239426,20.407716,-2.254082,-31.745941,8.190654,-32.524114,65.832853,34.377469,-114.591559,97.402828,25.351140,18.158418,3.538279
306.000000,-139.397681,41.078219,66.110438,3.400980,11.792899,-0.076299,-44.027294,-6.563482,7.152024,55.535489,-39.112098,5.766282,-17.495577,-6.255541,-12.941177,69.082992,-35.206237,1.273575,-71.175072,-20.570802,8.202360,-23.735391,50.677459,20.156348,-2.238573,-31.587193,7.954054,-32.054457,65.832853,34.377469,-114.591559,97.402828,24.908805,17.778077,4.600950
307.000000,-137.930524,41.484401,65.992481,4.410199,10.855585,1.097402,-41.491377,-9.116266,7.062372,55.282076,-39.952795,7.554963,-20.067238,-8.094472,-10.460073,77.341046,-28.310968,3.406633,-73.403387,-21.493837,7.335496,-24.214025,50.808538,19.589445,-2.300974,-31.598931,8.282958,-32.652238,65.832853,34.377469,-114.591559,97.402828,24.606931,17.749476,7.405780
308.000000,-136.552572,41.758594,65.779793,5.237047,9.581994,2.336677,-39.230899,-11.187965,6.918884,56.038936,-41.029872,9.393855,-22.951259,-9.465646,-8.140003,85.521693,-22.398991,5.221712,-75.142162,-22.223979,6.894817,-24.840712,49.933590,18.990801,-2.605562,-32.072577,8.160252,-32.243014,65.832853,34.377469,-114.591559,97.402828,25.147788,17.117868,7.523067
309.000000,-135.230207,42.047647,65.645117,5.764791,8.249662,3.326218,-36.792078,-12.781039,6.743009,56.712676,-42.566876,11.023000,-26.490096,-10.306438,-5.635340,92.007593,-19.755303,6.358459,-77.078890,-23.053637,6.936032,-25.338994,49.292888,19.668112,-2.626109,-31.835782,7.182388,-29.539151,65.832853,34.377469,-114.591559,97.402828,26.562157,15.593129,3.080807
310.000000,-133.923817,42.207786,65.599656,5.857986,7.107158,4.398939,-34.683366,-13.992264,5.928316,57.613376,-43.960211,12.511551,-30.591652,-9.897320,-3.268288,96.193352,-22.723573,5.810633,-77.831870,-24.472503,6.727105,-25.641066,48.330231,18.494829,-3.310972,-32.293411,7.387398,-29.167121,65.832853,34.377469,-114.591559,97.402828,28.104263,14.719773,1.686431
311.000000,-132.445478,42.381808,65.449399,5.794363,6.034646,4.694104,-32.388316,-14.517514,5.539043,58.473468,-45.961142,13.700105,-34.867716,-10.475067,-1.689472,98.714347,-26.094664,4.586053,-78.063257,-25.833177,6.309432,-25.965063,48.401343,17.859019,-3.747973,-32.414982,7.688327,-28.979188,65.832853,34.377469,-114.591559,97.402828,29.290614,14.124900,1.318533
312.000000,-130.947113,42.550924,65.397656,5.880144,5.049730,4.292770,-29.502548,-14.988377,5.153438,58.176430,-47.551336,14.499488,-39.364381,-11.639675,-0.607889,98.809410,-29.842469,3.055171,-78.792844,-26.991781,5.554983,-26.064541,49.179862,18.205130,-3.427678,-32.838153,7.762711,-28.352766,65.832853,34.377469,-114.591559,97.402828,27.635951,12.599561,-0.463828
313.000000,-129.432559,42.506704,65.337211,6.264315,4.166199,4.412914,-26.917367,-15.598902,4.759975,57.874406,-48.573747,14.785994,-43.265601,-12.679004,-0.304910,96.528154,-32.557599,1.628066,-79.468964,-27.949669,4.379143,-25.675909,49.863253,17.781115,-3.354678,-33.427424,7.800102,-28.154713,65.832853,34.377469,-114.591559,97.402828,26.448279,11.610034,-3.060421
314.000000,-127.846467,42.386344,65.309930,6.627201,4.409838,4.829267,-25.335603,-16.288488,4.191329,57.163971,-49.269617,14.694542,-47.474538,-13.578583,-0.740488,91.980054,-34.513014,1.045748,-80.421215,-28.456341,3.202456,-25.383819,51.003642,17.160073,-3.429729,-33.385821,7.775355,-28.401250,65.832853,34.377469,-114.591559,97.402828,27.920639,12.373239,0.397429
315.000000,-126.208842,42.240599,65.250403,6.917058,4.169819,5.107526,-23.272013,-16.729790,3.617682,56.985088,-49.926781,14.581344,-50.300160,-13.840067,-1.473883,85.906329,-35.369021,1.214024,-81.123796,-28.581111,2.572302,-25.364678,51.310338,17.099563,-3.241818,-33.986820,7.660919,-27.707583,65.832853,34.377469,-114.591559,97.402828,29.945858,12.081636,-1.036382
316.000000,-124.613869,42.082492,65.276504,7.114907,4.121218,5.648945,-21.217317,-17.087429,2.869971,55.990267,-50.000308,14.188220,-52.421599,-12.933902,-1.629320,78.686655,-35.189206,2.584992,-81.241822,-28.648440,2.168244,-25.702009,51.373186,16.377361,-3.353537,-34.501977,7.765249,-28.152879,65.832853,34.377469,-114.591559,97.402828,29.835800,11.615888,0.100859
317.000000,-122.961271,41.931692,65.321416,7.296706,3.879900,5.849086,-18.714493,-17.386042,2.007732,54.811452,-50.000308,13.904523,-53.614202,-11.536004,-1.260163,71.028701,-35.312064,4.079790,-81.319536,-28.751920,1.756188,-25.944019,51.764983,16.467069,-2.974848,-34.083173,7.317280,-28.379127,65.832853,34.377469,-114.591559,97.402828,28.886728,10.850328,0.704325
318.000000,-121.260190,41.781214,65.298933,7.561476,3.714928,6.021607,-16.369655,-17.648562,1.303377,53.897429,-50.000308,13.676418,-54.532664,-10.240780,-0.413455,64.671510,-35.831241,4.939766,-81.401887,-28.818149,1.393817,-26.175117,51.668322,16.491246,-2.767313,-34.270710,7.499693,-28.845672,65.832853,34.377469,-114.591559,97.402828,28.538277,10.611537,1.380084
319.000000,-119.389141,41.637346,65.317494,7.768090,3.869946,5.765759,-13.903022,-17.570281,0.987227,52.489655,-50.000308,13.338006,-54.908109,-9.615031,-0.362625,59.939418,-36.339666,5.236824,-81.086824,-28.439183,0.848101,-26.235096,51.968823,16.557681,-2.564641,-34.084102,7.409373,-29.208245,65.832853,34.377469,-114.591559,97.402828,28.112099,10.420461,1.902622
320.000000,-117.331338,41.458371,65.267891,7.738799,4.156294,5.589432,-11.500464,-17.156330,0.639105,51.519871,-50.000308,12.778822,-54.836696,-9.372491,-0.878662,58.030906,-37.165170,4.445785,-80.532951,-27.600528,0.863067,-26.174934,51.554527,16.528747,-2.468080,-33.880108,7.232930,-28.792854,65.832853,34.377469,-114.591559,97.402828,27.763869,10.110650,1.517310
321.000000,-115.033770,41.259146,65.085244,7.555783,4.543783,5.634448,-9.417187,-16.616860,0.202935,51.605033,-50.000308,12.092306,-54.292702,-9.424497,-1.777981,58.923291,-37.992350,3.167979,-79.438051,-26.682966,0.700662,-25.865348,50.971205,15.400676,-2.843534,-34.478713,7.577986,-29.365883,65.832853,34.377469,-114.591559,97.402828,28.197982,10.492407,2.012009
322.000000,-112.418878,41.082278,64.926797,6.881760,4.713925,5.857196,-6.965947,-15.478588,-0.444929,52.366835,-49.704909,10.515483,-52.173469,-9.123380,-3.141344,60.247535,-38.286021,1.888938,-78.991657,-25.790612,0.874296,-25.443286,51.496191,15.150364,-2.668637,-34.285303,7.380649,-29.141415,65.832853,34.377469,-114.591559,97.402828,28.598402,10.837718,2.206882
323.000000,-109.835303,40.848362,64.826649,5.687500,4.322240,6.464060,-4.828794,-13.437043,-1.161606,55.042032,-47.794256,8.433454,-50.444608,-7.691678,-3.790435,62.050807,-36.306034,1.129922,-78.627389,-25.576070,1.331380,-24.826057,51.839247,14.814834,-2.479794,-34.841994,7.412003,-29.607484,65.832853,34.377469,-114.591559,97.402828,28.521142,11.639644,3.616546
324.000000,-107.268953,40.619034,64.717585,4.526692,3.717819,6.913464,-3.853455,-11.423759,-1.370851,60.217810,-44.087345,5.961456,-48.994026,-4.973039,-3.046470,64.830851,-35.143085,0.014280,-77.728550,-25.415943,1.813375,-24.322649,51.311373,14.063625,-2.573682,-35.195285,7.431253,-29.374683,65.832853,34.377469,-114.591559,97.402828,28.568298,12.492777,4.257196
325.000000,-105.002105,40.301815,64.850718,3.315607,2.669620,6.452791,-4.368213,-8.707906,-0.555867,66.921292,-36.523347,1.822917,-46.189902,-2.824611,-3.812554,65.741718,-35.289149,-2.698362,-76.573080,-25.601354,2.498765,-23.825062,51.512710,13.999134,-2.370268,-35.298561,7.339197,-28.829057,65.832853,34.377469,-114.591559,97.402828,27.673854,13.090980,5.305154
326.000000,-102.963972,40.030295,64.988095,2.170974,1.582060,5.921272,-6.579240,-7.408289,-1.293883,75.055357,-27.774990,-1.443280,-43.136879,-0.495153,-4.470114,65.996990,-36.714616,-5.922449,-75.214064,-25.589374,3.265791,-23.537950,51.053103,14.065313,-2.374608,-35.453425,7.445944,-28.348717,65.832853,34.377469,-114.591559,97.402828,27.437377,13.107366,4.975900
327.000000,-101.118302,39.925915,65.099639,1.120784,0.478690,5.732016,-10.120553,-7.074381,-2.453761,83.247056,-19.987118,-3.159365,-40.285275,1.654704,-4.726782,66.515777,-37.937497,-9.632903,-74.928616,-25.697303,4.773726,-23.616337,50.473387,15.121607,-2.920572,-35.038676,8.023994,-30.782184,65.832853,34.377469,-114.591559,97.402828,26.893983,12.861161,2.529760
328.000000,-99.453962,39.581704,65.291941,1.308745,-0.185537,5.637542,-14.172808,-7.100068,-2.552782,88.529593,-20.146647,-3.403427,-38.007240,1.841835,-5.274337,66.907836,-40.381998,-10.794560,-73.737035,-26.056094,5.405593,-23.721042,49.395552,15.698339,-3.407906,-34.467149,7.994252,-31.008577,65.832853,34.377469,-114.591559,97.402828,27.959335,13.226361,0.343397
329.000000,-97.718090,39.176643,65.442681,1.796679,-0.571458,5.899394,-19.000005,-5.979768,-1.927988,92.056047,-24.631318,-1.657758,-35.715175,1.706104,-5.567872,67.188666,-42.567429,-11.120447,-73.529568,-26.822269,5.641060,-23.749632,48.552103,16.474517,-3.737322,-33.900138,8.070844,-31.247251,65.832853,34.377469,-114.591559,97.402828,29.526662,14.194114,-1.183910
330.000000,-95.869249,38.866320,65.383792,2.106456,-0.706968,6.060273,-23.839805,-3.492769,-0.265588,94.509464,-29.040236,0.378995,-33.716027,1.580076,-6.019005,67.749179,-44.818796,-11.367696,-74.080683,-26.944400,5.484737,-23.610977,48.564182,18.151019,-3.726346,-33.636878,8.156538,-31.028153,65.832853,34.377469,-114.591559,97.402828,30.157013,13.675646,-6.500303
331.000000,-94.065934,38.540924,65.235662,2.589323,-0.786942,6.171492,-28.680999,-1.169736,1.462985,95.050005,-32.484858,2.972481,-32.192013,1.300883,-6.289262,68.830535,-46.992484,-11.839591,-73.327477,-27.830489,5.116635,-23.423198,48.467678,17.536555,-4.371041,-33.694904,8.394036,-31.484963,65.832853,34.377469,-114.591559,97.402828,31.258863,13.672278,-7.175331
332.000000,-92.279899,38.376173,65.041733,2.726668,-0.422120,6.111097,-33.601751,1.614356,3.729136,93.824055,-35.447705,5.312948,-30.928336,1.554513,-6.314862,69.378835,-49.036558,-12.001641,-73.311753,-28.031284,4.397357,-23.271850,48.918095,17.161079,-4.582979,-33.467094,8.510121,-31.611632,65.832853,34.377469,-114.591559,97.402828,31.308003,12.953017,-7.761261
333.000000,-90.670174,38.363785,64.946574,2.490805,-0.197037,5.603154,-38.015013,3.227802,5.341380,90.587406,-37.044183,6.765653,-29.868578,2.597154,-5.924558,69.253583,-50.000308,-12.315109,-73.136901,-28.033644,4.048688,-22.855614,49.127027,17.667237,-4.367728,-33.509895,8.031687,-30.864460,65.832853,34.377469,-114.591559,97.402828,29.224347,10.644857,-12.753008
334.000000,-89.206755,38.416159,64.955664,1.754760,1.096271,4.623905,-43.120644,4.229975,6.210397,85.763728,-37.319334,6.525884,-30.000913,3.712333,-5.942770,68.365809,-50.000308,-12.663181,-72.104279,-27.939867,3.838084,-22.632416,49.793558,16.491386,-4.680888,-33.973720,8.419496,-32.019999,65.832853,34.377469,-114.591559,97.402828,29.898180,10.875523,-8.046541
335.000000,-87.749279,38.497692,64.930415,1.181113,1.501647,3.451563,-46.768638,4.131480,5.975085,80.181332,-37.131982,6.078282,-29.123343,5.060998,-5.532748,67.704558,-50.000308,-13.075450,-71.336838,-27.848887,3.808393,-22.319011,50.697554,16.228014,-4.474657,-33.041826,7.688950,-30.952993,65.832853,34.377469,-114.591559,97.402828,29.104577,10.731167,-6.678566
336.000000,-86.203092,38.549843,64.953017,0.663316,2.381545,2.274920,-49.855327,3.573622,4.964807,74.005824,-36.420078,4.552661,-28.559241,6.411425,-4.928875,66.792311,-50.000308,-13.545447,-70.926248,-27.728936,3.467289,-22.335277,50.669444,15.534236,-4.185061,-34.885150,9.098242,-33.020894,65.832853,34.377469,-114.591559,97.402828,28.377274,11.217785,-1.075863
337.000000,-84.656739,38.599879,64.978927,0.277014,2.745404,1.439906,-51.839152,3.271750,3.870322,68.221377,-35.891425,3.755696,-27.297054,7.317719,-4.598432,65.984839,-50.000308,-13.925046,-70.820019,-27.205892,3.350957,-22.247179,50.983281,15.757586,-4.027844,-35.376572,9.230387,-32.784396,65.832853,34.377469,-114.591559,97.402828,27.669002,11.366051,-1.164056
338.000000,-82.983261,38.709414,65.095741,0.130919,3.482439,0.729408,-53.064016,2.331044,2.396945,62.322717,-35.472215,2.985070,-26.155781,7.792452,-4.294821,65.118976,-50.000308,-14.018662,-71.369241,-26.944184,3.032348,-22.078228,51.756923,16.147476,-3.794814,-35.786397,9.285939,-32.672599,65.832853,34.377469,-114.591559,97.402828,27.387542,11.914332,-0.225878
339.000000,-81.253105,38.895050,65.147644,0.244040,4.114316,0.103660,-53.963334,0.538527,0.195687,58.074319,-34.975087,1.992112,-24.865369,7.515278,-4.343450,64.747427,-50.000308,-14.353364,-71.359187,-26.245210,2.204174,-21.809397,51.289058,15.916999,-3.735347,-36.109513,9.144161,-32.486794,65.832853,34.377469,-114.591559,97.402828,27.508010,11.875593,-1.661290
340.000000,-79.458982,39.043489,65.152574,0.672012,4.899139,-0.620949,-54.611006,-1.480452,-2.321039,55.661223,-34.817921,1.481397,-23.912041,7.073580,-3.980028,65.020450,-50.000308,-14.189734,-71.302899,-25.649333,1.579006,-21.855538,51.203305,16.050461,-4.017016,-36.190939,8.758832,-32.031395,65.832853,34.377469,-114.591559,97.402828,27.512250,11.957881,-3.039225
341.000000,-77.491850,39.266160,65.041655,1.040749,5.734780,-0.618688,-54.968290,-3.058102,-3.602045,54.999740,-34.662763,1.538291,-23.027667,6.552601,-3.606413,66.138709,-50.000308,-13.567752,-71.241229,-25.248918,0.779126,-21.760793,50.407742,15.081508,-4.528405,-37.134861,8.869918,-31.647866,65.832853,34.377469,-114.591559,97.402828,27.897593,12.518586,-3.008905
342.000000,-75.295871,39.613971,64.862740,1.471727,6.537558,-0.091050,-54.634246,-3.782636,-2.477614,55.619012,-34.510275,2.184615,-21.886887,5.242121,-3.770790,67.944003,-50.000308,-13.448327,-71.692971,-24.742715,-0.278846,-21.826230,50.461858,14.522311,-5.230026,-36.841975,8.599759,-31.336126,65.832853,34.377469,-114.591559,97.402828,28.280936,13.435593,-1.694970
343.000000,-73.025763,39.957410,64.667821,2.231468,7.269936,0.173625,-53.697315,-4.823865,-1.098478,56.660080,-34.916815,2.840624,-20.601135,3.581355,-3.933428,69.233550,-50.000308,-11.456198,-71.856377,-24.122304,-1.707908,-21.673551,50.749340,13.909469,-5.964902,-36.502863,8.477297,-31.458598,65.832853,34.377469,-114.591559,97.402828,27.903370,14.416069,-0.178179
344.000000,-70.584857,40.443102,64.516884,3.513530,7.676804,0.451933,-52.888204,-7.244689,-0.661548,57.904452,-33.268694,4.016334,-18.833661,1.672122,-2.973681,71.139180,-49.814328,-9.687571,-72.950300,-23.918568,-3.413475,-21.646806,51.066879,13.719912,-6.201607,-36.506251,8.293433,-30.668485,65.832853,34.377469,-114.591559,97.402828,27.316030,14.856426,1.302919
345.000000,-68.044949,40.936521,64.472491,4.991560,7.992853,1.143815,-52.076514,-10.120599,-0.091140,59.395626,-31.135537,4.625054,-16.942303,-0.366127,-1.910887,72.847560,-46.970753,-7.463498,-73.891951,-24.164919,-5.465805,-21.479499,51.033490,13.301574,-6.538179,-36.652803,8.380371,-30.438393,65.832853,34.377469,-114.591559,97.402828,26.438776,15.432790,2.914552
346.000000,-65.581590,41.456729,64.686441,6.294724,8.137842,2.044409,-50.264834,-12.238542,1.108841,59.551033,-30.477796,5.401189,-15.406123,-2.913136,-1.703852,74.233016,-41.860590,-4.316991,-74.619113,-24.395373,-7.403184,-21.214924,51.052153,12.933341,-6.893208,-36.366243,7.944738,-29.919316,65.832853,34.377469,-114.591559,97.402828,25.051556,15.201317,4.098847
347.000000,-63.205069,42.008284,64.966559,7.708232,7.982772,2.689554,-47.829561,-14.695449,1.863233,59.169519,-31.175832,7.202777,-14.912552,-5.284940,-0.982760,77.135881,-34.043036,-0.918502,-75.245202,-24.875954,-8.472992,-21.378079,50.766648,13.058532,-7.025777,-36.532954,7.892629,-29.393542,65.832853,34.377469,-114.591559,97.402828,25.964172,14.484811,7.380406
348.000000,-60.933763,42.471394,65.185362,8.869202,7.597236,3.467749,-45.023835,-16.844949,2.416020,58.682199,-32.710848,8.656430,-15.554374,-6.952946,-0.064909,81.502605,-25.644218,1.891465,-74.426796,-24.935404,-9.978737,-21.230205,49.604802,11.861704,-7.755160,-36.072264,7.616402,-29.453394,65.832853,34.377469,-114.591559,97.402828,22.450683,12.607584,7.309609
349.000000,-58.826452,42.908430,65.333635,9.644497,6.989147,3.972668,-42.259968,-18.363319,2.822738,58.577697,-34.289489,9.794364,-17.135454,-8.586222,0.385666,86.814778,-18.468208,3.839418,-74.067896,-25.219362,-9.709356,-21.789693,48.501477,10.689645,-8.722257,-35.632786,7.231058,-29.300757,65.832853,34.377469,-114.591559,97.402828,22.277714,10.881635,8.692188
350.000000,-56.908411,43.416882,65.497130,9.898299,6.233333,4.422524,-39.553339,-19.561790,2.568393,58.852175,-35.977912,10.779090,-19.579868,-10.838904,-0.023310,91.499816,-15.526366,4.826858,-73.346656,-25.152216,-8.724122,-22.530547,46.586856,9.238822,-9.407015,-35.279529,6.774545,-28.591551,65.832853,34.377469,-114.591559,97.402828,21.232326,8.579720,7.456096
351.000000,-55.139250,43.870771,65.747601,9.663240,5.471469,4.756854,-36.833988,-19.838614,2.376887,58.954846,-37.659232,10.978448,-22.917581,-12.544727,-0.466458,94.386172,-20.764532,3.138757,-72.437735,-25.076106,-7.256914,-23.281422,44.449819,7.850750,-9.899586,-35.492060,6.705953,-27.865662,65.832853,34.377469,-114.591559,97.395697,20.589409,6.305135,4.648946
352.000000,-53.240806,44.080329,65.795958,9.444317,4.810810,4.989474,-34.059951,-20.019821,1.976006,59.197420,-39.353190,10.162085,-26.470839,-12.916997,-0.866272,96.229196,-26.126995,1.860148,-71.834575,-25.070850,-6.072514,-24.096892,42.887728,6.533879,-10.293712,-35.700873,6.822640,-27.468381,65.832853,34.377469,-114.591559,97.295403,19.284780,3.652897,2.671956
353.000000,-51.343870,44.293550,65.819609,9.024359,4.061902,4.606781,-31.088818,-19.723886,1.412183,59.422898,-41.365121,9.800386,-30.474508,-13.294964,-1.470701,96.445577,-30.723229,0.702502,-71.944186,-24.668012,-4.592216,-25.311363,42.403071,6.801586,-10.008158,-36.012674,6.996378,-26.684173,65.832853,34.377469,-114.591559,95.157055,19.168438,-0.294978,-3.229544
354.000000,-49.509555,44.394535,65.843695,8.526092,3.423823,4.073172,-28.434165,-19.115797,1.136166,59.802582,-43.165966,9.418885,-34.568632,-13.955513,-2.764941,94.792179,-34.427111,-0.790688,-71.641383,-25.336889,-4.184420,-25.686989,42.867743,5.913286,-9.894341,-36.241069,7.504120,-26.651745,65.832853,34.377469,-114.591559,92.678741,19.148068,-1.748812,-4.577690
355.000000,-47.696474,44.431418,65.844494,8.141215,2.766132,3.534864,-25.746398,-18.438528,1.125320,60.017733,-45.013020,9.415028,-38.253683,-14.682467,-4.548201,91.394515,-37.233485,-2.091095,-71.408856,-25.956875,-3.747094,-25.886415,42.371089,5.241950,-9.721513,-35.785649,7.204938,-25.555049,65.832853,34.377469,-114.591559,90.229838,18.557371,-2.390823,-4.946773
356.000000,-45.804155,44.382310,65.900439,7.617235,2.215497,2.909485,-22.764966,-17.677848,0.853622,59.807841,-46.624084,9.526688,-41.137693,-14.655253,-6.667979,86.179147,-39.039654,-2.825375,-71.153113,-26.353988,-3.542503,-25.775237,43.373187,5.096825,-9.328196,-36.331176,7.581526,-25.835814,65.832853,34.377469,-114.591559,88.033946,17.629207,-2.357962,-3.606541
357.000000,-44.051331,44.267777,66.073608,7.081753,1.685693,2.852646,-19.898467,-17.053379,0.278536,59.040469,-47.281493,9.590368,-43.214771,-13.406538,-8.092085,79.233678,-39.325613,-2.570211,-71.431730,-26.832460,-3.101916,-25.452987,44.428082,5.882912,-8.750911,-36.623403,7.566389,-26.243282,65.832853,34.377469,-114.591559,86.495221,16.306913,-1.701748,-1.958466
358.000000,-42.345488,44.145611,66.225183,6.696001,1.311407,2.911051,-17.384660,-16.636732,-0.290245,58.449043,-47.667996,9.362010,-44.884728,-11.805619,-8.721653,71.571667,-38.406844,-0.840475,-71.644122,-27.337368,-2.571212,-25.063133,45.121968,6.748287,-8.461200,-36.715009,7.091143,-25.872137,65.832853,34.377469,-114.591559,86.036191,15.571436,-1.254700,-2.583311
359.000000,-40.686002,43.989930,66.338509,6.188304,1.238090,3.044023,-15.537185,-16.137367,-1.000628,58.390789,-48.020994,9.316680,-46.315257,-9.895065,-8.605891,64.354377,-37.971600,0.347733,-71.401848,-27.621884,-2.327534,-24.583084,45.303350,6.680941,-8.417167,-36.825532,6.997336,-26.151591,65.832853,34.377469,-114.591559,86.035658,15.082641,-0.374008,-1.318288
360.000000,-38.927653,43.870965,66.381264,5.624101,1.422636,3.270931,-13.883671,-15.464819,-1.678105,58.333702,-48.259900,8.909890,-47.545357,-8.026693,-7.683686,58.885253,-38.302618,0.775307,-70.947408,-27.417482,-1.889292,-24.433754,45.380969,6.709494,-8.472016,-36.948950,6.786654,-26.170927,65.832853,34.377469,-114.591559,86.507180,14.972797,0.126073,-0.895050
361.000000,-37.025991,43.745348,66.320634,5.032823,1.872579,3.280024,-12.453693,-14.679513,-2.162653,58.601070,-48.162017,8.378140,-48.433701,-6.585402,-7.234432,55.629883,-38.882450,0.626384,-70.261801,-26.883961,-1.432531,-24.399140,45.293208,6.642007,-8.604589,-36.983565,6.640841,-25.988540,65.832853,34.377469,-114.591559,86.738539,15.005174,0.316768,-0.506804
362.000000,-34.961408,43.598130,66.184217,4.407823,2.271925,3.650501,-11.003371,-14.121920,-3.197278,59.181281,-48.190205,7.915422,-48.588941,-5.147590,-6.612231,54.748365,-38.813329,0.406035,-69.521586,-26.330048,-0.930973,-24.369565,44.945049,6.227445,-8.802943,-37.029635,6.609904,-25.914253,65.832853,34.377469,-114.591559,86.777786,15.161724,0.516422,0.029725
363.000000,-32.632712,43.433511,65.897512,3.748594,2.590847,4.151521,-9.254391,-13.121456,-3.718317,60.197196,-47.655937,6.690177,-47.929415,-3.686892,-6.176945,55.966512,-38.515806,-0.035300,-68.715617,-25.586286,-0.337791,-24.534424,44.565048,5.739074,-8.966357,-37.187750,6.828774,-26.259035,65.832853,34.377469,-114.591559,86.794287,15.861101,0.362009,0.017453
364.000000,-30.204475,43.216819,65.548760,3.023559,2.797270,4.650712,-7.739286,-11.905685,-4.164384,62.177739,-46.575220,5.205644,-46.701002,-2.516794,-6.440058,57.631654,-38.098775,-0.801319,-67.846059,-24.698738,0.186657,-24.629497,44.110526,5.013593,-9.137860,-37.564896,7.012399,-26.477804,65.832853,34.377469,-114.591559,86.876345,16.985699,-0.117169,-1.434829
365.000000,-27.695468,42.907518,65.373737,2.124668,2.601546,5.022258,-6.414386,-10.438137,-4.788725,65.020109,-43.118103,3.303797,-45.532555,-0.116113,-5.627413,59.368052,-35.073377,-2.125011,-67.659471,-24.646294,0.729584,-24.796297,44.520840,4.703879,-8.771437,-37.737584,7.340533,-26.547962,65.832853,34.377469,-114.591559,86.442533,17.404951,-0.476447,-0.967430
366.000000,-25.437948,42.624068,65.250289,1.177288,1.962927,4.961334,-6.420958,-9.241047,-5.203587,70.219324,-36.015116,-0.029653,-44.443351,2.367604,-5.078087,61.995653,-33.534764,-5.040631,-66.862156,-24.910876,1.469564,-24.610374,44.357803,4.452112,-8.578800,-38.323935,7.637343,-26.927420,65.832853,34.377469,-114.591559,86.418251,17.265149,-0.297648,-0.193082
367.000000,-23.410472,42.373064,65.119499,0.141295,1.166321,4.636190,-8.072715,-8.160336,-5.587861,77.009427,-27.493371,-4.797146,-42.730500,4.254708,-5.630218,63.684342,-33.692835,-7.694083,-66.075475,-25.153444,2.446394,-24.367677,43.956092,4.405922,-8.480523,-38.423140,7.530368,-26.717460,65.832853,34.377469,-114.591559,86.430054,18.094559,-0.570460,-1.746865
368.000000,-21.525483,42.193213,65.000308,-0.806978,0.480649,4.137499,-10.891426,-8.725458,-6.919029,84.082948,-20.427711,-7.896974,-40.754533,5.924472,-6.312327,64.586030,-36.098967,-9.970177,-64.850092,-25.436120,3.369480,-24.261308,43.723514,4.117036,-8.494081,-38.557944,7.368619,-26.472399,65.832853,34.377469,-114.591559,86.373240,17.978041,-0.779076,-2.460766
369.000000,-19.704345,41.928566,64.909810,-0.733788,-0.047884,4.301963,-14.462333,-8.805891,-6.990129,89.635182,-18.154013,-8.018152,-38.908593,6.168967,-6.750924,65.961131,-38.813086,-11.771922,-63.704997,-26.004757,4.025249,-24.447096,43.225644,3.377255,-8.927479,-38.739675,7.318960,-26.283869,65.832853,34.377469,-114.591559,87.100977,18.553809,-0.742664,-2.933420
370.000000,-17.967287,41.476572,64.842421,0.094181,-0.355399,4.723328,-18.950920,-7.729145,-5.648335,93.318880,-21.631364,-6.319158,-37.211946,5.816198,-6.742304,67.372160,-41.633223,-12.399881,-63.172993,-26.714774,4.280170,-24.890791,42.755608,3.155790,-9.306910,-39.024388,7.469585,-26.495837,65.832853,34.377469,-114.591559,88.090876,19.069350,-0.814820,-4.063867
371.000000,-16.272251,41.085666,64.672607,0.877973,-0.518571,4.957809,-23.651895,-6.513651,-4.164290,95.727656,-26.235872,-3.886895,-35.837033,5.566969,-6.576802,68.869706,-44.381056,-12.760372,-62.821942,-27.432673,4.150657,-25.317689,42.385108,3.060462,-9.474022,-39.344584,7.767736,-26.559780,65.832853,34.377469,-114.591559,88.915246,19.392034,-1.034849,-5.380693
372.000000,-14.496364,40.754631,64.404261,1.584457,-0.496099,4.870914,-28.311990,-4.807462,-2.298332,96.692222,-30.717201,-1.503708,-34.371609,5.084233,-6.767909,70.213662,-47.043283,-12.803452,-62.264476,-27.764654,3.512889,-25.591010,42.078521,2.681108,-9.629426,-39.489391,8.009910,-26.844163,65.832853,34.377469,-114.591559,89.320904,19.243508,-1.307177,-6.205006
373.000000,-12.753211,40.589884,64.180374,1.941376,-0.202434,4.614430,-33.126609,-3.002282,-0.409359,96.272848,-33.977739,1.011928,-33.229099,5.194470,-6.539182,71.049028,-49.467573,-12.847826,-62.406557,-27.932902,2.913502,-25.702133,42.343259,2.941794,-9.317659,-39.516032,8.154324,-26.680770,65.832853,34.377469,-114.591559,89.180544,18.778955,-1.748646,-7.199731
374.000000,-11.224860,40.434551,64.112574,1.854400,0.148371,3.846840,-37.704785,-1.387485,0.905999,94.204442,-35.964016,2.838319,-32.423263,5.992414,-6.243346,70.803735,-50.000308,-13.062249,-61.926661,-27.850317,2.489036,-25.608766,42.572320,2.633954,-9.202824,-39.680664,8.341713,-26.575525,65.832853,34.377469,-114.591559,89.047410,18.653646,-1.870747,-7.217089
375.000000,-9.783901,40.413177,64.068675,1.462731,0.494272,2.842891,-42.002689,-0.297189,1.715897,91.088400,-36.659329,4.084952,-31.467614,6.870762,-6.148282,70.299579,-50.000308,-13.208314,-61.465665,-27.596046,2.618706,-25.632421,42.833264,2.687649,-9.190467,-39.684663,8.370602,-26.920352,65.832853,34.377469,-114.591559,88.911844,18.616563,-2.149621,-7.595979
376.000000,-8.252324,40.384939,64.071119,0.886106,0.952336,1.824424,-45.610484,0.837319,2.264472,87.152299,-36.662809,4.452400,-30.455175,8.132868,-5.934729,69.454746,-50.000308,-13.446124,-60.995051,-27.129344,2.735923,-25.655490,43.277663,2.531362,-9.051153,-39.674277,8.315869,-26.742568,65.832853,34.377469,-114.591559,88.872844,18.754398,-2.219013,-7.312173
377.000000,-6.710827,40.407255,64.081401,0.277395,1.446525,0.807888,-48.679568,1.620217,2.512399,82.727668,-36.322451,4.655339,-29.407530,9.370905,-5.645750,68.689553,-50.000308,-13.597813,-60.615586,-26.498680,2.958716,-25.680932,43.734640,2.518325,-8.994090,-39.784633,8.467222,-26.944533,65.832853,34.377469,-114.591559,88.864982,19.242735,-2.633928,-7.622915
378.000000,-5.173486,40.478081,64.110088,-0.238694,1.978111,-0.096102,-51.114943,2.050747,2.734607,77.746998,-35.883526,3.944913,-28.290763,10.399994,-5.307056,67.889690,-50.000308,-13.455945,-60.177272,-25.826697,2.972996,-25.738900,44.227486,2.406322,-8.946318,-39.809590,8.546509,-27.397827,65.832853,34.377469,-114.591559,89.171384,19.367343,-2.491831,-6.988185
379.000000,-3.484481,40.568483,64.203233,-0.436522,2.528388,-0.983236,-52.568988,1.680733,2.541853,72.112611,-35.025029,2.990395,-26.922347,11.012166,-4.872810,67.169631,-50.000308,-13.239037,-60.248798,-25.361128,2.772412,-25.892745,44.951374,2.833320,-8.416208,-40.150007,8.864459,-27.345012,65.832853,34.377469,-114.591559,89.023292,19.920897,-2.527573,-5.918250
380.000000,-1.811387,40.675610,64.355135,-0.551466,3.138741,-1.878785,-53.633128,1.012466,1.881575,66.326628,-34.133765,1.842437,-25.588177,11.198584,-4.660370,66.312019,-50.000308,-13.291692,-60.327578,-24.793730,2.583059,-26.113475,45.699303,3.330859,-8.131986,-39.856585,8.741635,-27.675570,65.832853,34.377469,-114.591559,89.227734,21.187469,-2.366522,-5.682419
381.000000,0.016511,40.769744,64.516175,-0.177605,3.775166,-2.303156,-53.983677,-0.337091,1.010714,60.311670,-33.588159,0.864876,-24.223213,10.963425,-3.988934,66.165067,-50.000308,-12.882451,-61.235194,-24.573781,2.076493,-26.381993,46.720147,4.165730,-7.670244,-39.756431,8.710640,-27.722117,65.832853,34.377469,-114.591559,89.142541,23.775275,-2.473881,-5.396722
382.000000,1.897532,40.880758,64.603835,0.347552,4.515425,-2.412018,-54.576121,-1.357339,0.477711,55.678893,-33.193572,0.653374,-23.034227,10.340129,-3.467833,66.418330,-50.000308,-12.314657,-62.107648,-24.425641,1.501047,-26.758663,47.170714,4.103564,-7.662437,-39.277040,8.581719,-27.723615,65.832853,34.377469,-114.591559,89.272560,27.393674,-2.124072,-3.767726
383.000000,3.931234,41.048932,64.721280,0.963674,5.461498,-2.070170,-54.826372,-2.199789,0.590847,51.763951,-33.228624,0.942230,-21.699762,9.081409,-3.373357,66.343185,-50.000308,-11.710265,-63.492687,-23.757932,0.827490,-27.232859,47.886275,4.269378,-7.453247,-39.023155,8.355870,-27.796811,65.832853,34.377469,-114.591559,89.711632,31.054220,-2.136287,-2.774336
384.000000,6.061031,41.239130,64.798254,1.602740,6.524581,-1.678794,-55.077170,-2.739760,1.489601,49.604659,-33.217700,1.555577,-20.223405,8.037417,-3.052534,65.688743,-50.000308,-10.249208,-64.279798,-22.937165,0.022853,-27.442578,47.966182,4.154091,-7.328996,-38.959720,8.405571,-27.678841,65.832853,34.377469,-114.591559,90.752266,33.270756,-2.002560,-1.882233
385.000000,8.472744,41.497496,64.756227,2.443544,7.581541,-1.346835,-54.996212,-3.798191,2.407381,49.168237,-33.035866,1.910533,-18.599244,6.902444,-2.277345,65.727388,-50.000308,-8.774325,-64.350928,-21.894214,-0.940467,-27.727196,48.037079,3.818483,-7.470618,-38.763578,8.077645,-27.390138,65.832853,34.377469,-114.591559,92.409741,34.386290,-1.740661,-1.795698
386.000000,11.245573,41.778967,64.584589,3.679801,8.490201,-1.270820,-54.126217,-5.584437,3.038880,50.244145,-32.018578,2.764004,-16.630326,5.224747,-1.356471,66.796976,-50.000308,-7.296813,-64.289326,-21.139922,-2.770064,-27.718598,48.487089,3.107580,-7.468383,-39.092595,8.302560,-27.407766,65.832853,34.377469,-114.591559,94.354357,34.356227,-0.809834,-0.458558
387.000000,14.015900,42.139736,64.507020,5.159999,8.976083,-0.844630,-53.574122,-7.622596,4.368690,51.787901,-30.596136,3.909319,-14.502435,3.136777,-0.583487,68.192124,-47.809483,-4.887920,-65.224133,-21.047617,-4.636768,-27.920888,48.689673,2.625285,-7.391889,-39.410133,8.355064,-27.225363,65.832853,34.377469,-114.591559,96.655448,33.571555,0.097679,0.466695
388.000000,16.788854,42.605993,64.737773,6.702039,9.106749,-0.334230,-51.866937,-9.831666,5.788328,52.788633,-28.999341,4.840782,-12.734060,0.508137,-0.041565,69.753566,-41.862977,-1.292703,-67.446977,-21.971117,-6.680932,-27.970318,49.891339,3.182628,-6.493515,-39.796155,8.481206,-27.146969,65.832853,34.377469,-114.591559,97.400881,32.830383,1.437094,1.865250
389.000000,19.365786,42.936105,64.983076,8.405015,8.495708,0.086979,-49.223876,-11.899126,7.102443,53.265480,-27.534670,5.733626,-12.299247,-1.909544,0.785919,73.896377,-31.993825,3.431474,-69.781748,-23.467292,-8.878703,-27.442867,51.520568,3.843936,-5.744108,-39.555842,8.035165,-27.198959,65.832853,34.377469,-114.591559,97.402828,33.579481,3.827242,3.495630
390.000000,21.673284,43.176988,65.106696,9.634717,7.574928,0.980687,-46.806504,-14.390382,7.354594,54.123983,-28.189618,8.198154,-13.245534,-3.046816,1.952378,79.981570,-22.878190,6.834759,-71.663451,-24.576364,-10.267760,-26.739270,51.894975,3.802352,-5.648414,-39.524642,7.718278,-27.656245,65.832853,34.377469,-114.591559,97.402828,34.250486,6.371577,5.520808
391.000000,23.729207,43.467492,65.201509,10.299022,6.439283,1.739853,-44.298606,-16.142447,7.485282,55.309629,-30.037379,11.047676,-15.496434,-4.460596,2.353192,86.803877,-15.941650,8.023330,-73.276359,-25.388011,-10.644759,-26.282696,51.529389,3.241868,-5.848351,-39.762377,7.602641,-28.278585,65.832853,34.377469,-114.591559,97.402828,34.642095,8.456993,7.144926
392.000000,25.607690,44.235578,65.418106,9.859716,5.315114,1.379392,-41.652546,-16.410465,7.692394,56.292520,-32.756344,12.621747,-19.116933,-10.076383,0.410753,92.007190,-16.214656,6.484172,-73.871221,-25.594305,-9.800421,-26.149091,50.554916,2.551865,-5.963348,-40.979636,7.871171,-28.954828,65.832853,34.377469,-114.591559,97.402828,35.528496,9.172386,5.798111
393.000000,27.494976,44.685665,65.642858,9.436642,4.383501,1.617158,-38.886494,-16.968203,7.204375,56.928295,-35.294586,13.076010,-23.377639,-13.135114,-0.318300,95.323049,-21.852879,3.047485,-75.087008,-25.958282,-8.969556,-26.512122,50.216333,1.659183,-5.872971,-42.301865,8.657388,-29.995742,65.832853,34.377469,-114.591559,97.402828,35.923851,9.634725,5.207876
394.000000,29.479507,44.817603,65.694755,9.214277,3.602785,1.877207,-36.293733,-17.291105,6.745841,57.868129,-37.556212,13.075623,-27.494739,-14.976701,-1.183094,96.628189,-27.526794,0.744403,-76.220663,-26.161365,-8.460905,-27.296991,50.367622,0.392212,-5.744864,-43.640882,9.467676,-30.957737,65.832853,34.377469,-114.591559,97.402828,36.330664,9.281877,3.782917
395.000000,31.415126,44.862130,65.666413,9.022959,2.953468,2.177238,-33.858440,-17.557505,6.287659,58.722968,-39.892546,12.685640,-31.616474,-16.199257,-2.197911,95.898445,-32.052698,-0.857317,-76.930750,-26.825783,-8.233073,-28.507475,50.740519,-1.820084,-6.121178,-45.200464,10.775371,-33.698381,65.832853,34.377469,-114.591559,97.402828,36.327321,9.305838,4.330418
396.000000,33.310127,44.876489,65.701926,8.543227,2.383520,2.262186,-31.114319,-17.091498,5.911245,59.190597,-42.097970,12.404813,-35.415241,-16.928955,-3.745659,92.857248,-36.746397,-2.078244,-78.003752,-27.688219,-7.843508,-30.165558,51.282600,-3.212402,-5.494226,-46.996203,11.617959,-35.299104,65.832853,34.377469,-114.591559,97.402828,35.908169,8.820625,4.476615
397.000000,35.137305,44.728175,65.686721,8.285955,1.891272,2.340068,-28.588206,-16.851656,5.488838,59.442706,-44.552870,11.713751,-38.881637,-16.971854,-5.261693,88.559727,-39.129918,-2.676290,-78.114169,-28.706459,-7.626284,-31.494467,50.590497,-4.861014,-4.576251,-48.681019,12.730979,-36.285032,65.832853,34.377469,-114.591559,97.402828,33.994927,9.003679,5.499988
398.000000,36.930743,44.577169,65.758836,7.728771,1.945330,2.102710,-26.526129,-16.180086,4.728802,59.608031,-46.032579,11.185608,-42.140348,-15.998499,-6.808748,82.879681,-40.405084,-2.609740,-78.412231,-29.121700,-6.967729,-32.754575,50.269765,-5.618281,-3.145597,-50.181704,13.406556,-36.722239,65.832853,34.377469,-114.591559,97.402828,31.527764,8.854096,6.149817
399.000000,38.558823,44.398037,65.926617,7.240933,2.771679,2.023877,-25.447632,-15.607259,4.188200,59.026959,-46.902653,10.502343,-45.525755,-13.752668,-7.307098,76.305938,-39.810680,-1.624320,-78.511863,-29.123978,-6.140349,-33.817308,50.447463,-5.587213,-1.830051,-51.819119,14.122101,-37.821978,65.832853,34.377469,-114.591559,97.402828,29.505891,8.322182,6.220867
400.000000,40.126240,44.233817,66.057527,7.059480,3.792449,2.110743,-24.803743,-15.197082,4.036789,58.571939,-47.292199,10.025729,-48.423295,-11.736179,-7.269042,69.788605,-38.062015,0.198696,-78.593566,-29.144018,-5.710941,-34.401235,50.515574,-5.420991,-0.867088,-52.625542,13.923382,-37.368918,65.832853,34.377469,-114.591559,97.402828,29.310661,8.126343,6.457640
401.000000,41.662955,44.050086,66.209316,6.904772,4.883599,1.922137,-24.142767,-14.818150,3.804481,57.772930,-47.820439,9.569478,-50.425091,-10.486439,-7.838832,64.060775,-37.171583,1.323316,-78.898616,-29.127178,-5.271181,-34.917792,50.998075,-4.990812,-0.387957,-52.080097,13.639644,-36.939552,65.832853,34.377469,-114.591559,97.402828,29.615174,7.748631,6.607671
402.000000,43.182877,43.797565,66.324788,6.733466,5.983627,1.824796,-23.471899,-14.215003,3.764019,57.065090,-48.232761,9.271625,-51.581636,-9.676115,-8.595595,59.156548,-36.815283,1.489549,-79.336581,-29.086275,-5.220998,-35.045209,50.896271,-4.727430,0.273040,-51.925957,13.523821,-36.033776,65.832853,34.377469,-114.591559,97.402828,29.108839,7.850290,6.285690
403.000000,44.911605,43.546143,66.413099,6.444529,6.863509,1.860820,-22.506670,-13.662502,3.529045,56.673963,-48.476533,9.060057,-51.593924,-9.505391,-9.812699,56.138476,-37.065490,0.763717,-79.589565,-29.052930,-5.334061,-34.780341,50.709288,-4.636149,0.656315,-52.107981,13.113191,-35.222056,65.832853,34.377469,-114.591559,97.402828,28.926305,8.436499,5.859399
404.000000,46.736991,43.293354,66.384923,6.095173,7.579126,2.120450,-21.322522,-13.042034,3.296149,56.684122,-48.715443,8.585754,-50.858285,-9.385711,-10.854633,55.153033,-36.977548,-0.192830,-79.771473,-29.022696,-5.568979,-34.477484,50.817458,-4.560476,0.778918,-51.930318,12.756918,-34.837677,65.832853,34.377469,-114.591559,97.402828,29.025326,9.357836,5.268697
405.000000,48.741186,42.950991,66.297477,5.770838,8.060523,2.618434,-20.058908,-12.596537,2.559361,57.272516,-48.685780,8.064837,-49.211769,-8.570393,-10.913130,55.194793,-36.572835,-0.652947,-80.153185,-28.924270,-5.900586,-34.102117,50.953338,-4.347070,0.958651,-51.639167,12.574669,-34.439327,65.832853,34.377469,-114.591559,97.402828,28.784719,10.204554,4.642538
406.000000,50.745565,42.665437,66.130555,5.226897,8.174235,2.893230,-18.937179,-11.754629,1.996146,59.418957,-47.926047,7.308293,-48.296838,-7.821438,-11.066352,56.247345,-34.160494,-1.321571,-79.960062,-28.903025,-5.999661,-33.537684,50.863449,-4.471211,1.015488,-51.545337,12.458138,-34.361247,65.832853,34.377469,-114.591559,97.402828,28.862528,11.025941,4.416219
407.000000,52.810603,42.336193,65.924186,4.275897,8.154138,2.884020,-18.511474,-10.258314,1.614082,63.637433,-46.123250,5.669557,-47.710295,-6.115868,-10.635091,58.397940,-34.349841,-3.633355,-79.333296,-28.916186,-5.504914,-32.943802,50.725759,-4.582850,0.998614,-51.391965,12.296454,-34.093907,65.832853,34.377469,-114.591559,97.402828,29.063135,11.777320,4.217100
408.000000,54.636532,41.891795,65.760320,3.393098,7.819651,2.453034,-19.247389,-8.389303,1.807171,69.593931,-40.802174,1.987188,-46.550379,-4.428966,-11.036078,60.135116,-35.084558,-5.011492,-78.753167,-28.970367,-4.748981,-32.412751,50.312307,-4.057227,0.969911,-51.265013,11.948209,-33.859724,65.832853,34.377469,-114.591559,97.402828,29.277568,12.104720,3.379115
409.000000,56.313086,41.453910,65.568322,2.304429,7.503630,1.813733,-21.557616,-6.842921,1.003540,77.000930,-33.947283,-2.286922,-45.028056,-2.264572,-11.553548,60.871868,-36.606976,-6.685848,-78.102366,-28.915640,-3.925979,-31.859192,50.330752,-3.155739,1.144885,-50.807588,11.344108,-33.287975,65.832853,34.377469,-114.591559,97.402828,28.934334,12.151507,2.742001
410.000000,57.858694,41.122016,65.355223,1.623385,7.123665,1.092522,-24.164168,-6.825119,-0.628556,83.864642,-28.644785,-4.746761,-43.820738,-0.754888,-11.719747,62.281572,-38.420647,-8.800458,-76.794378,-28.862897,-3.333733,-31.513178,49.914804,-2.970083,0.899103,-50.514051,11.057988,-32.834485,65.832853,34.377469,-114.591559,97.402828,28.943688,12.239706,2.288103
411.000000,59.313166,40.730360,65.147877,1.365291,6.967805,0.388663,-27.553919,-7.133935,-1.849196,89.789640,-26.441672,-5.291208,-42.797467,0.454302,-11.839187,63.364341,-40.323466,-10.191892,-75.946369,-28.818112,-3.090733,-31.390873,49.695483,-2.606613,0.703688,-50.233231,10.834321,-32.212979,65.832853,34.377469,-114.591559,97.402828,29.596900,12.440735,1.754128
412.000000,60.758936,40.246236,65.039051,1.515057,6.966368,0.154713,-31.297976,-5.792804,-1.787871,93.699486,-27.759950,-3.996080,-41.828905,1.084181,-11.819583,64.287557,-42.574710,-10.891346,-75.756975,-28.816572,-3.313082,-31.226450,49.298335,-2.223002,0.579354,-49.922915,10.809094,-31.741883,65.832853,34.377469,-114.591559,97.402828,30.130287,13.017880,0.697519
413.000000,62.321562,39.833632,64.865398,1.745050,6.910187,-0.375739,-34.821906,-4.152224,-1.322305,95.914311,-29.325561,-2.221491,-40.669672,1.453285,-11.790045,65.491815,-44.556667,-11.680239,-75.831164,-28.839681,-3.530423,-31.176525,49.063206,-1.460346,0.574263,-49.527662,10.763646,-31.197097,65.832853,34.377469,-114.591559,97.402828,31.086008,13.300500,-0.834722
414.000000,63.766557,39.491987,64.656550,2.141164,6.798840,-1.094365,-38.467171,-3.095702,-0.830274,96.403141,-32.046018,-0.384021,-39.569926,1.758964,-11.531726,66.585916,-46.699322,-11.827490,-75.828350,-28.869584,-3.810885,-31.107591,48.980004,-1.101577,0.367380,-49.213521,10.781308,-31.032326,65.832853,34.377469,-114.591559,97.402828,31.987098,12.762634,-2.181278
415.000000,65.253675,39.245167,64.436805,2.368236,6.764861,-1.961770,-41.897395,-2.013093,-0.293794,95.221716,-33.716382,1.321158,-38.431391,2.353492,-11.027965,67.415415,-48.742552,-12.376527,-76.695320,-28.928409,-4.291633,-30.920652,49.649830,-0.442159,0.496565,-48.810287,10.640585,-30.462616,65.832853,34.377469,-114.591559,97.402828,31.966945,11.551441,-4.922563
416.000000,66.693318,39.019263,64.364862,2.374819,6.925915,-2.745134,-45.182101,-0.919952,0.297796,92.125605,-34.879939,2.478412,-37.398769,3.131727,-10.681372,67.527341,-49.644813,-12.601439,-77.549189,-28.928580,-4.786231,-30.512774,50.856711,-0.336169,0.484417,-48.404434,10.676812,-30.321949,65.832853,34.377469,-114.591559,97.402828,31.856750,10.644482,-6.533619
417.000000,68.056053,38.863391,64.382446,2.155550,7.024810,-3.491119,-47.925884,0.380602,1.047463,87.708426,-35.753305,3.337005,-36.194948,3.926598,-10.470595,67.054726,-50.000308,-12.661562,-78.316902,-28.880731,-4.593967,-30.313875,51.690066,-0.174539,0.369450,-48.231504,10.656961,-30.286538,65.832853,34.377469,-114.591559,97.402828,32.439017,9.957269,-7.340867
418.000000,69.309711,38.889724,64.401627,1.770798,7.127028,-4.267763,-50.433687,1.244737,1.778248,82.788539,-36.093906,3.922827,-35.010204,4.700418,-10.275974,66.314792,-50.000308,-12.595562,-78.724938,-28.787250,-4.386533,-30.174280,52.415299,-0.041038,0.380658,-47.874346,10.611434,-30.115038,65.832853,34.377469,-114.591559,97.402828,32.607508,9.394235,-8.105965
419.000000,70.692170,38.906109,64.483255,1.406329,7.379598,-5.013662,-52.368993,1.733028,2.280621,77.288344,-35.649332,3.725011,-33.742521,5.493469,-9.986775,65.550466,-50.000308,-12.620876,-79.076898,-28.707207,-4.229928,-30.086181,53.137127,-0.127915,0.429819,-47.517705,10.589514,-29.997504,65.832853,34.377469,-114.591559,97.402828,32.879742,9.143621,-7.968287
420.000000,72.120160,38.885072,64.659178,1.200162,7.602794,-5.850882,-53.492269,1.890151,2.550248,71.068952,-34.803683,2.896540,-32.215998,6.236897,-9.525280,64.471972,-50.000308,-12.682551,-79.728149,-28.596639,-4.379407,-30.003679,54.088866,-0.061078,0.651941,-47.371238,10.664131,-30.308736,65.832853,34.377469,-114.591559,97.402828,32.511646,8.964199,-7.703804
421.000000,73.610026,38.881195,64.853352,1.093556,8.024047,-6.315296,-54.382055,1.699925,2.590050,65.080706,-34.700960,2.007259,-30.715443,6.559699,-9.230167,63.314631,-50.000308,-12.554412,-80.359354,-28.140772,-4.578188,-29.847298,54.763794,0.036567,0.924849,-47.379554,10.658853,-30.511859,65.832853,34.377469,-114.591559,97.402828,31.959176,9.065714,-7.326010
422.000000,75.223756,38.866752,65.138972,1.220748,8.525429,-6.764822,-54.456043,1.194180,2.527484,59.261050,-34.172160,1.227828,-29.113555,6.588593,-8.935606,62.142646,-50.000308,-12.616501,-81.233605,-27.503041,-5.010082,-29.579032,55.480903,0.297730,1.235101,-47.204861,10.629350,-30.809173,65.832853,34.377469,-114.591559,97.402828,30.686708,9.609066,-6.247165
423.000000,76.875228,38.911745,65.317619,1.290279,9.092593,-6.914235,-54.882961,0.768703,2.411400,55.555031,-34.134868,0.882164,-27.554612,6.251941,-9.071158,61.150595,-50.000308,-12.391639,-81.423286,-26.579174,-5.205804,-29.388105,55.296634,0.053112,1.156677,-46.994625,10.476679,-31.025427,65.832853,34.377469,-114.591559,97.402828,30.288593,10.290615,-5.339406
424.000000,78.773791,38.953674,65.380055,1.569524,9.787652,-6.878962,-55.027532,0.313160,2.574247,53.616480,-34.252880,1.223815,-26.006430,5.293661,-9.461462,61.183967,-50.000308,-12.026697,-81.543497,-25.622644,-5.274096,-29.306802,55.063824,-0.152552,0.993208,-46.710947,10.515745,-31.248737,65.832853,34.377469,-114.591559,97.402828,30.217167,11.324846,-4.166331
425.000000,80.714661,39.054686,65.487325,1.932908,10.431806,-6.756151,-54.299362,0.097073,3.893839,52.739350,-34.097991,1.717289,-24.756755,4.586587,-9.247755,61.307826,-50.000308,-11.131215,-81.851341,-24.621456,-5.411897,-29.376306,54.829511,-0.185120,0.978649,-46.582180,10.646171,-31.260447,65.832853,34.377469,-114.591559,97.402828,30.149613,12.126329,-2.453520
426.000000,82.939237,39.166453,65.463436,2.680415,10.861736,-6.754232,-52.866907,-1.087838,4.686690,52.778972,-33.900196,2.165653,-23.249450,3.591607,-8.574153,62.478281,-50.000308,-9.613480,-82.025019,-23.597564,-5.960274,-29.466379,54.672919,-0.135362,0.939804,-46.248655,10.738088,-31.492739,65.832853,34.377469,-114.591559,97.402828,29.401669,12.963995,-0.866706
427.000000,85.225987,39.341608,65.371060,3.652123,10.966364,-6.585082,-51.918320,-2.736113,5.101361,54.207667,-32.778986,3.317953,-21.689524,1.908470,-7.920856,64.624518,-48.569694,-8.356758,-82.256187,-22.724338,-6.470149,-29.658047,54.009304,-0.611817,0.599463,-46.076197,10.731194,-31.650250,65.832853,34.377469,-114.591559,97.402828,29.500454,13.417628,0.785155
428.000000,87.518060,39.626330,65.350717,4.583276,10.907559,-6.250744,-50.758530,-4.583097,5.578122,55.639551,-31.883880,4.082039,-20.423833,0.105816,-7.320868,67.084130,-46.218206,-6.116475,-82.508289,-22.047893,-7.191773,-29.845106,53.550599,-1.233987,0.388994,-45.590516,10.635945,-31.602671,65.832853,34.377469,-114.591559,97.402828,29.117435,14.214686,2.756635
429.000000,89.843720,39.973697,65.471882,5.797812,10.365844,-6.344530,-48.421752,-6.865240,5.738505,55.921477,-32.506749,6.259862,-19.670533,-2.141089,-6.080945,70.713427,-40.153429,-2.833341,-82.676674,-21.526617,-8.034038,-30.077534,53.920611,-1.928798,0.485518,-45.702568,10.557989,-31.567765,65.832853,34.377469,-114.591559,97.402828,27.899730,14.807519,4.860473
430.000000,92.060488,40.419579,65.591162,6.770457,9.241283,-6.368960,-44.942699,-8.663647,6.788125,55.580330,-33.976424,8.858734,-20.288326,-4.150875,-4.284704,76.500755,-30.645768,1.571071,-82.730236,-21.436414,-8.169256,-30.502044,53.191877,-2.032480,0.656824,-45.563492,10.384766,-31.899504,65.832853,34.377469,-114.591559,97.402828,25.655534,15.371853,6.775127
431.000000,94.018912,40.739632,65.555078,7.236399,7.936116,-5.594221,-41.905427,-10.546716,7.121678,55.974975,-36.118638,10.983640,-21.944344,-4.252726,-1.782050,83.225650,-21.738810,5.309897,-82.772583,-21.231049,-7.467564,-30.980454,51.863727,-2.404288,0.421179,-44.860245,9.531616,-31.686579,65.832853,34.377469,-114.591559,97.402828,24.637170,15.818809,7.249450
432.000000,95.861012,40.993956,65.484500,7.347068,6.611062,-5.313725,-39.063020,-11.563177,7.289671,56.830616,-38.568924,12.529390,-24.515395,-4.155271,0.194959,89.934187,-14.435299,7.552722,-82.722333,-21.171020,-5.894486,-31.609234,50.641218,-2.452183,0.124670,-44.374332,9.052028,-31.582043,65.832853,34.377469,-114.591559,97.402828,25.559584,15.598661,6.528774
433.000000,97.585368,41.347545,65.469903,6.955860,5.449072,-4.914712,-36.760379,-12.276673,7.032926,58.144383,-40.295893,13.600402,-27.723070,-4.803510,0.903302,94.569174,-13.836966,7.652226,-82.468858,-21.011646,-4.505813,-31.767135,49.113647,-2.758430,-0.174089,-44.410375,8.764243,-31.182914,65.832853,34.377469,-114.591559,97.402828,26.859137,15.137151,4.878409
434.000000,99.274778,41.617113,65.577120,6.179528,4.507254,-4.928093,-34.112734,-12.247181,6.737779,58.773873,-42.674964,14.185007,-32.018332,-4.264596,1.655424,96.956277,-19.212931,5.880504,-82.390509,-21.420237,-2.642003,-32.151408,48.380306,-2.742010,-0.422263,-44.466553,8.622488,-30.894243,65.832853,34.377469,-114.591559,97.402828,28.400555,14.383094,3.470272
435.000000,101.171350,41.770548,65.609294,5.043905,3.761352,-5.620761,-31.033422,-11.359919,6.546526,59.191915,-45.292019,14.251311,-36.003986,-3.921599,1.207007,97.005625,-24.676729,3.325940,-82.373304,-21.895042,-1.250105,-32.233982,48.892905,-2.340141,-0.235829,-44.312652,8.707296,-30.774315,65.832853,34.377469,-114.591559,97.402828,29.690040,13.928338,2.854577
436.000000,103.167415,41.837707,65.810430,3.768133,3.212390,-6.352870,-27.560814,-10.316518,6.017808,58.309059,-46.830205,14.237917,-39.124174,-3.394303,-0.282170,93.784248,-28.929130,0.977237,-82.327337,-22.597116,0.277927,-32.107353,50.873120,-2.272757,0.195404,-44.415057,8.636061,-30.609575,65.832853,34.377469,-114.591559,97.402828,28.706144,14.272772,3.794594
437.000000,104.998827,41.739276,65.966207,3.264813,2.380661,-6.585781,-24.283660,-10.212792,5.529226,57.360188,-47.907794,13.775063,-41.269755,-3.531929,-1.943739,88.445219,-31.883593,-0.570499,-82.220690,-23.326559,0.797948,-31.863082,51.236780,-2.544477,0.316183,-43.833777,8.235472,-30.430907,65.832853,34.377469,-114.591559,97.402828,26.958260,16.375430,5.564903
438.000000,106.800866,41.556627,66.164649,2.922143,1.563264,-6.652757,-20.944206,-9.976817,5.452389,56.297288,-48.462313,13.241888,-42.376918,-3.936204,-4.329551,81.022135,-33.893106,-1.304202,-82.237540,-23.689311,1.147491,-31.550894,51.341572,-2.776503,0.459651,-43.609477,8.330550,-30.575386,65.832853,34.377469,-114.591559,97.402828,24.063535,19.089496,7.548249
439.000000,108.636904,41.338938,66.380793,2.800244,0.937015,-6.684587,-17.626819,-10.023317,5.246591,54.801633,-48.627549,12.978703,-42.963266,-2.892447,-5.575553,72.549682,-34.403420,-1.268731,-82.333354,-24.068087,1.556782,-31.541288,51.364751,-2.598260,0.604247,-43.050006,8.313105,-30.939189,65.832853,34.377469,-114.591559,97.402828,21.437276,20.936958,10.256950
440.000000,110.399842,41.123584,66.593575,2.461091,0.599118,-6.578251,-14.842705,-9.721617,5.224491,53.707430,-48.700021,12.731742,-43.073270,-0.807479,-6.058126,63.631292,-34.711230,0.281419,-82.445403,-23.998746,2.337365,-31.724757,51.083244,-2.227848,0.842577,-42.827482,7.949212,-30.932632,65.832853,34.377469,-114.591559,97.402828,20.662888,21.803970,11.218222
441.000000,112.205172,40.933535,66.824532,2.004807,0.551526,-6.557551,-12.435933,-9.287462,5.118111,52.825161,-48.536274,12.556866,-42.694963,1.321194,-6.088309,55.231526,-35.413971,1.454876,-82.590395,-23.698941,3.322604,-31.997421,51.219831,-1.651556,1.132291,-42.411561,7.557176,-30.480798,65.832853,34.377469,-114.591559,97.402828,20.879359,22.011704,11.361794
442.000000,114.053893,40.735495,67.007393,1.214976,0.776120,-6.270696,-10.388675,-8.120091,5.294317,52.554129,-48.052488,11.268602,-41.860269,2.727936,-6.535382,48.974632,-36.679936,1.069530,-82.778368,-23.097326,4.446742,-31.956129,51.279571,-1.076171,1.239862,-42.273028,7.505848,-30.580826,65.832853,34.377469,-114.591559,97.402828,20.649544,21.498555,10.366751
443.000000,116.005814,40.536234,66.988862,0.592247,0.916571,-5.482006,-8.859303,-7.352389,4.786471,53.447320,-47.924080,10.001149,-41.120256,3.176150,-7.130492,46.752751,-38.399894,0.012221,-82.726124,-22.449205,5.170332,-31.693481,51.130677,-0.941262,1.072054,-41.667333,7.382285,-30.920154,65.832853,34.377469,-114.591559,97.402828,20.908080,21.414933,10.194577
444.000000,118.030334,40.356609,66.790897,-0.017933,1.037849,-4.279093,-7.719668,-6.688032,4.074733,55.380765,-47.426105,8.633392,-40.119070,3.962446,-6.915632,47.410542,-39.058078,-0.573689,-82.734498,-21.608362,5.755312,-31.433043,50.344201,-1.101140,0.861783,-41.574877,7.451863,-30.965793,65.832853,34.377469,-114.591559,97.402828,21.479739,21.577850,10.490179
445.000000,120.216882,40.096468,66.536421,-0.553117,1.224634,-3.260599,-6.613048,-5.600141,4.006424,57.647842,-46.789630,7.162633,-38.505338,4.543203,-7.138810,48.483131,-39.025030,-0.950661,-82.857681,-20.429104,6.351415,-31.239400,50.373311,-1.031139,0.759995,-40.812580,7.034970,-30.321665,65.832853,34.377469,-114.591559,97.402828,21.900515,21.412250,10.241473
446.000000,122.443259,39.801833,66.367072,-1.333954,1.334333,-2.694327,-5.845253,-4.120996,3.881011,60.733475,-44.802319,5.613050,-37.115583,4.879920,-8.230599,49.466122,-36.457139,-2.091992,-83.037922,-19.744605,6.920831,-30.906507,49.792680,-1.020404,0.832448,-41.083902,7.312312,-30.781200,65.832853,34.377469,-114.591559,97.402828,22.480955,21.083191,10.133453
447.000000,124.570012,39.578071,66.320443,-2.436246,1.182998,-1.867480,-5.653535,-2.259514,3.616595,64.796051,-40.364314,3.149847,-35.548706,6.300352,-8.106780,50.339232,-32.572756,-3.601551,-83.024180,-19.188402,7.889550,-30.389424,49.887958,-0.752257,1.069709,-41.117445,7.501295,-31.187170,65.832853,34.377469,-114.591559,97.402828,21.925160,20.799972,10.200997
448.000000,126.373184,39.327848,66.289300,-3.176939,0.975608,-1.282075,-6.531587,-0.816640,3.109241,69.540574,-34.531924,0.560675,-34.493774,7.149604,-8.272958,51.544330,-32.111182,-5.774659,-82.665657,-18.744460,8.687382,-29.852704,49.759079,-0.287482,1.114526,-41.039444,7.664571,-31.477395,65.832853,34.377469,-114.591559,97.402828,22.008818,20.775187,11.123443
449.000000,128.209436,39.025843,66.285485,-3.974560,0.593134,-0.825827,-7.815260,0.313029,1.893830,74.592680,-28.539648,-1.947051,-32.930586,8.214590,-8.627652,52.539820,-33.244440,-7.766587,-82.292988,-18.060373,9.475477,-29.445417,49.496212,0.471806,1.109922,-40.828381,7.656214,-31.540536,65.832853,34.377469,-114.591559,97.402828,21.751702,20.431946,10.929506
450.000000,129.950678,38.747826,66.316462,-4.543580,0.158571,-0.384838,-9.678965,0.762141,0.550963,79.792401,-23.475191,-3.703011,-31.131374,9.045600,-9.023976,53.304296,-34.644075,-9.543009,-82.005211,-17.801691,10.179925,-29.025739,49.435297,1.098333,0.954936,-40.648635,7.881378,-31.860404,65.832853,34.377469,-114.591559,97.402828,21.725440,20.072579,10.889276
451.000000,131.474352,38.372302,66.443419,-4.389963,-0.231939,0.488869,-12.239922,1.850993,0.304265,84.350193,-22.016642,-3.827486,-29.236782,9.065088,-9.311377,53.615564,-36.418937,-10.242001,-81.728869,-17.781774,10.390313,-28.897376,48.812336,1.798952,0.743541,-40.832097,7.914921,-31.694181,65.832853,34.377469,-114.591559,97.402828,21.612551,19.582373,10.216195
452.000000,132.998598,37.940696,66.655076,-3.798436,-0.530944,1.668178,-15.125369,4.086253,1.079987,87.508500,-25.654010,-2.610074,-27.223305,8.475664,-9.612315,53.688234,-38.162531,-10.675603,-81.726465,-17.746375,10.159535,-28.829125,48.483422,2.224437,0.413872,-41.108480,8.143694,-31.614548,65.832853,34.377469,-114.591559,97.402828,21.917000,19.011886,9.065193
453.000000,134.560847,37.721610,66.690052,-3.466794,-0.810713,1.946018,-18.006534,4.490615,0.957459,89.796292,-29.519688,-1.600378,-25.435927,8.453129,-9.508436,54.010984,-39.587455,-10.808237,-81.664043,-17.976156,9.778379,-28.747590,48.582941,2.744930,0.183789,-41.256778,8.359597,-31.631928,65.832853,34.377469,-114.591559,97.402828,22.374501,18.293250,8.562370
454.000000,136.150861,37.581432,66.680819,-3.197071,-1.003694,1.653353,-21.057236,4.105207,0.474768,90.565863,-32.533400,-1.426664,-23.574716,8.857120,-8.835001,54.093606,-41.168446,-10.741259,-81.675593,-18.436953,9.133635,-28.558587,49.185493,3.359096,0.185469,-41.319701,8.658556,-31.732058,65.832853,34.377469,-114.591559,97.402828,22.042042,17.240094,8.555018
455.000000,137.605357,37.358674,66.639811,-2.801062,-1.357826,1.377382,-24.087731,4.209908,0.083088,89.956685,-34.835823,-1.132755,-21.916783,9.046585,-8.222085,54.605307,-42.517350,-11.015618,-81.685388,-18.871237,8.416862,-28.386522,49.429406,3.696138,0.096910,-41.460963,8.792914,-31.726744,65.832853,34.377469,-114.591559,97.402828,21.649663,16.611206,8.598412
456.000000,139.038229,37.164226,66.550535,-2.319712,-1.758231,0.973267,-26.995146,4.479758,-0.231147,88.040414,-36.757493,-0.414115,-20.297278,9.121923,-7.565338,55.278606,-44.001574,-11.081191,-81.693085,-19.306583,7.580576,-28.220793,49.681795,3.562274,-0.091278,-41.755607,9.078217,-32.042190,65.832853,34.377469,-114.591559,97.402828,21.653718,16.219917,9.129614
457.000000,140.444946,37.037265,66.423666,-1.829069,-2.190001,0.109820,-29.747578,3.973914,-1.182365,85.070409,-37.828634,0.378367,-18.754426,9.282400,-6.555232,56.126772,-45.453311,-11.376746,-81.758642,-19.736284,6.828043,-28.100233,49.906686,3.537381,-0.135388,-41.901534,9.147826,-31.929680,65.832853,34.377469,-114.591559,97.402828,21.494554,15.897849,9.439436
458.000000,141.780508,36.909920,66.281122,-1.320347,-2.595994,-0.997165,-32.242229,3.122763,-2.495261,81.430950,-38.183411,1.634513,-17.379150,9.542457,-5.288347,57.114144,-46.811330,-11.434196,-81.885055,-20.118133,5.979165,-28.045747,49.925268,3.308365,-0.093163,-41.968982,9.343554,-32.002114,65.832853,34.377469,-114.591559,97.402828,21.606004,15.881703,9.849710
459.000000,143.131971,36.820731,66.293675,-0.766893,-2.743787,-2.686898,-34.225689,2.423220,-3.579993,76.789249,-37.761469,2.860788,-16.083086,10.036715,-3.200390,57.449739,-47.574385,-11.794138,-82.120334,-20.315771,5.096924,-27.994985,50.485548,3.482978,0.294594,-42.052853,9.293618,-31.643396,65.832853,34.377469,-114.591559,97.402828,21.080670,15.615409,8.625299
460.000000,144.309294,36.814663,66.243112,-0.172720,-2.829179,-4.622543,-36.052020,0.830272,-5.456957,71.698265,-37.879444,3.270406,-15.244246,10.019157,-1.493859,58.200998,-48.045354,-11.773994,-82.199564,-20.369603,4.370738,-28.131731,51.256670,3.329545,0.445927,-42.346514,9.116569,-31.610915,65.832853,34.377469,-114.591559,97.402828,20.619687,14.996896,6.801759
461.000000,145.570791,36.778831,66.281343,0.481980,-2.606871,-7.029657,-37.131504,-2.388997,-9.365393,65.790417,-37.988313,1.718785,-14.691874,10.278139,1.037337,59.081731,-48.084634,-11.596231,-82.341817,-20.652120,3.181892,-28.121832,51.669039,2.769247,0.639209,-43.365752,10.136307,-33.355738,65.832853,34.377469,-114.591559,97.402828,20.157109,15.757789,8.205406
462.000000,146.598840,36.742592,66.357994,1.036946,-2.430026,-9.451552,-37.770212,-5.493208,-13.843360,59.941084,-38.979961,0.245092,-14.417384,11.038643,3.918028,59.611774,-48.835702,-10.644264,-82.457165,-20.498443,2.541186,-28.100112,52.324857,2.677844,0.893740,-42.136403,9.476992,-32.891216,65.832853,34.377469,-114.591559,97.402828,19.281084,16.224775,8.718858
463.000000,147.695971,36.695880,66.348398,1.866725,-2.074557,-12.220502,-38.131905,-9.295824,-19.321019,55.137986,-41.285594,-0.910083,-14.441392,10.777653,6.111465,60.751261,-48.867896,-9.508359,-82.554140,-20.266199,1.875023,-28.205891,52.517000,2.600431,1.049431,-42.066841,9.355620,-33.019532,65.832853,34.377469,-114.591559,97.402828,18.590178,16.607277,9.164475
464.000000,148.878133,36.741146,66.378617,2.705682,-1.590529,-15.062870,-38.000297,-12.227316,-23.278497,51.163694,-42.627757,-2.056812,-14.624690,10.580222,8.426322,61.857513,-48.596028,-7.493356,-82.875316,-19.769255,1.309705,-28.407238,52.309936,2.086976,1.225374,-42.236756,9.422833,-33.154746,65.832853,34.377469,-114.591559,97.402828,18.222315,17.024731,9.398192
465.000000,150.050473,36.921507,66.196543,3.300064,-1.559743,-17.159303,-38.288808,-15.068495,-25.252698,50.318731,-43.217506,-2.490566,-14.683978,9.999983,9.833960,63.930974,-48.188791,-5.860609,-82.927786,-19.497543,1.165098,-28.698013,51.367616,1.522109,0.847708,-42.729776,9.547070,-33.548363,65.832853,34.377469,-114.591559,97.402828,18.795308,17.341029,8.944479
466.000000,151.483369,37.090620,66.157001,4.110048,-1.099674,-20.282335,-37.554938,-16.499276,-25.738007,49.365981,-43.659163,-2.282672,-15.013654,9.433784,12.095953,65.495968,-47.764486,-3.839045,-83.234482,-19.364163,0.922629,-29.219478,51.406370,1.315087,0.840560,-42.920468,9.837186,-33.820573,65.832853,34.377469,-114.591559,97.402828,19.252072,17.742566,9.603479
467.000000,152.898884,37.471694,66.052228,4.810005,-0.954437,-23.804741,-36.286019,-19.477729,-27.712060,49.813126,-43.368136,-1.929988,-15.307516,8.914125,14.860021,67.331636,-46.184076,-2.040827,-83.316177,-19.103535,0.752132,-29.464934,50.731145,0.961890,0.642853,-43.079840,10.081221,-34.180538,65.832853,34.377469,-114.591559,97.402828,19.295482,18.070927,10.324277
468.000000,154.368591,37.905616,66.058922,5.473065,-0.690525,-28.589276,-34.230692,-22.292843,-31.159647,50.026225,-42.155764,-1.620177,-15.965007,9.039540,18.583697,68.871796,-45.596936,0.076046,-83.448280,-18.680672,1.058377,-29.845809,51.115083,1.235626,0.817126,-42.409164,10.127672,-34.089717,65.832853,34.377469,-114.591559,97.402828,19.284520,18.052653,11.075586
469.000000,155.974531,38.316748,66.151941,5.467764,-0.595106,-33.062631,-33.295372,-21.390344,-29.701368,50.446339,-39.777413,-1.396670,-16.186992,9.291621,21.430685,70.356419,-43.488327,1.720552,-83.749929,-18.511612,2.209230,-30.374934,51.271105,1.351098,0.938691,-42.209814,10.131690,-33.581284,65.832853,34.377469,-114.591559,97.402828,19.044203,17.708889,9.621987
470.000000,157.612538,38.703877,66.307342,5.339424,-0.534197,-37.863270,-32.758694,-18.601622,-25.576955,50.651453,-36.410857,-2.311785,-16.727635,9.396489,23.396378,72.063079,-40.709515,2.991346,-83.919126,-19.159147,3.208525,-30.703531,51.815820,1.132462,0.805910,-42.701397,10.561790,-34.034126,65.832853,34.377469,-114.591559,97.402828,19.812072,18.226421,9.333535
471.000000,158.982539,39.258018,66.361552,4.988142,-0.666734,-42.104600,-32.474158,-15.986703,-20.784062,50.838109,-34.776151,-3.098223,-18.089261,8.235881,22.829760,74.526366,-37.596476,3.040238,-83.843646,-19.712756,4.292495,-31.070250,51.362903,0.979873,0.364010,-42.662523,10.325027,-33.547065,65.832853,34.377469,-114.591559,97.402828,20.033093,17.842817,7.650690
472.000000,160.260344,39.949670,66.372371,4.747353,-0.737336,-46.448423,-32.549751,-13.842085,-16.363777,51.687603,-35.293309,-0.860770,-20.550590,5.156764,19.730178,77.440125,-35.679324,2.153705,-83.460540,-20.356038,4.343958,-31.300855,50.436760,0.021530,-0.214518,-42.500360,10.074332,-33.147980,65.832853,34.377469,-114.591559,97.402828,20.729506,17.529170,7.734630
473.000000,161.505747,40.713400,66.383022,4.394190,-0.826404,-51.520498,-32.634917,-11.599921,-11.908058,53.066441,-35.843217,1.832824,-23.741999,0.003772,14.115809,80.405943,-36.249617,-1.218599,-82.943427,-20.861551,4.517773,-31.490710,49.465982,-0.591699,-0.630195,-42.273342,10.014033,-32.642246,65.832853,34.377469,-114.591559,97.402828,21.155669,17.533155,7.571210
474.000000,162.877357,41.220137,66.405416,4.612826,-0.538919,-57.512151,-32.544198,-8.458200,-6.366408,53.574587,-36.925024,3.579427,-26.983798,-5.886347,7.104148,82.484158,-37.856504,-5.887451,-82.805566,-21.240531,4.679614,-31.815240,49.069349,-0.080036,-0.559131,-42.093592,10.276049,-32.244647,65.832853,34.377469,-114.591559,97.402828,21.296923,16.866874,6.678948
475.000000,163.936138,41.647464,66.396612,5.260389,-0.925628,-62.682886,-32.974347,-6.779703,-1.858728,54.544210,-37.708778,5.482239,-28.614582,-9.647987,0.950548,82.929240,-41.150090,-8.563888,-82.633951,-21.364652,3.922622,-31.778275,48.476844,0.058071,-0.837822,-42.566183,10.600641,-32.539059,65.832853,34.377469,-114.591559,97.402828,21.952380,16.293517,5.372997
476.000000,164.889574,41.734478,66.269386,6.448876,-1.555733,-68.181000,-33.055083,-4.846705,3.291417,54.727458,-39.533517,6.390754,-29.237974,-10.801088,-4.398136,82.277217,-42.683198,-7.916801,-82.732538,-21.349503,2.573699,-31.799114,48.269042,0.609052,-0.711984,-42.638976,10.547067,-31.827541,65.832853,34.377469,-114.591559,97.402828,22.447879,15.291144,3.227063
477.000000,165.711522,41.974792,66.094363,7.469499,-2.508609,-73.776303,-33.105814,-2.821657,8.464875,55.035970,-40.970917,6.707743,-29.416955,-11.148260,-9.596003,81.158466,-44.019842,-5.896363,-82.741246,-21.380623,0.654557,-31.678021,48.263162,0.550452,-1.067162,-42.047894,10.285040,-31.569288,65.832853,34.377469,-114.591559,97.402828,22.441164,14.611713,2.028080
478.000000,166.513932,42.240110,65.908724,8.371558,-3.731013,-79.877146,-33.004888,-0.601754,13.871073,55.366661,-42.279479,7.323392,-28.827363,-12.499932,-15.390283,79.822215,-43.931258,-3.814937,-82.803743,-21.381960,-1.364915,-31.319153,48.562840,0.324534,-1.324572,-41.058589,9.856184,-30.869078,65.832853,34.377469,-114.591559,97.402828,23.107223,14.405318,1.755707
479.000000,167.374420,42.577544,65.749323,9.081459,-4.865034,-86.072578,-32.753896,1.579037,18.938095,55.505126,-43.542343,7.671814,-27.551472,-15.189236,-22.301266,78.528816,-44.798449,-2.456930,-82.769940,-21.042862,-3.183844,-30.851329,48.815164,0.155568,-1.658828,-41.591610,9.723921,-30.735001,65.832853,34.377469,-114.591559,97.402828,22.863473,13.573024,1.688737
480.000000,167.882860,42.868817,65.605640,9.790310,-6.314151,-92.307775,-32.553416,3.992034,24.103698,55.844433,-44.500407,7.671118,-26.137017,-17.553885,-28.282748,76.580368,-46.073212,-3.047822,-82.789017,-20.544821,-5.262855,-30.620575,49.765653,-0.217612,-2.213488,-41.376036,9.789553,-31.732342,65.832853,34.377469,-114.591559,97.402828,22.752265,12.926562,2.844893
481.000000,168.373668,43.256527,65.547067,10.197010,-7.836822,-98.905350,-31.848318,6.565270,29.702447,55.891588,-45.571323,7.805716,-25.148214,-18.642626,-32.782275,72.982497,-46.782708,-3.675909,-82.978582,-20.154059,-6.927947,-30.093513,50.286066,0.083645,-2.288914,-41.469087,9.858204,-32.348848,65.832853,34.377469,-114.591559,97.402828,22.076901,12.743239,4.724299
482.000000,169.157696,43.836749,65.837085,10.413087,-7.868223,-105.065784,-31.095970,9.623760,33.592868,55.298991,-45.939460,8.836719,-24.988925,-16.445702,-33.960168,67.199383,-49.234876,-7.487286,-83.037451,-19.085347,-7.005077,-28.948128,50.733412,1.646772,-1.729864,-41.789580,9.887465,-31.636460,65.832853,34.377469,-114.591559,97.402828,20.651244,11.910422,5.652960
483.000000,169.819582,44.519415,66.014928,10.585801,-8.162390,-110.279880,-30.976479,12.580557,37.088699,56.049871,-45.903550,8.460768,-26.052315,-13.831242,-32.179207,62.568358,-50.000308,-8.728522,-83.041433,-18.195136,-7.239336,-28.159523,51.123058,2.213950,-2.295806,-41.545005,9.846830,-31.805346,65.832853,34.377469,-114.591559,97.402828,19.595456,11.703138,7.025695
484.000000,170.438981,45.116040,66.138846,10.624807,-7.953923,-115.171252,-31.450023,15.848838,38.627192,58.389361,-45.735988,9.002790,-26.951575,-10.183643,-28.663623,58.091667,-50.000308,-9.271463,-83.039705,-17.479111,-6.807333,-27.669682,50.734007,2.867386,-2.662831,-41.156681,9.882814,-31.771578,65.832853,34.377469,-114.591559,97.402828,19.397561,12.756663,8.543311
485.000000,170.916557,45.677751,66.082346,10.657717,-7.615523,-119.362234,-32.267234,19.289023,39.443735,61.393415,-46.058049,9.544996,-27.551943,-6.833437,-25.675803,54.894258,-50.000308,-9.830300,-83.098656,-16.574607,-5.365021,-27.501227,49.479472,3.269419,-3.236611,-41.451554,9.982708,-31.418378,65.832853,34.377469,-114.591559,97.402828,19.120768,12.360905,7.905936
486.000000,171.186936,46.007368,65.859675,10.116094,-7.466643,-123.671635,-33.244925,21.844388,38.013797,65.447638,-45.675975,9.980036,-28.283327,-4.710821,-23.113065,55.329368,-50.000308,-10.852576,-83.161535,-16.377860,-4.410529,-27.609614,48.836846,3.863552,-3.932226,-41.615905,10.209780,-31.799783,65.832853,34.377469,-114.591559,97.402828,19.897613,12.955680,7.151154
487.000000,171.463406,46.466595,65.603644,9.277746,-7.224564,-128.118419,-34.438046,23.905276,36.013689,69.399093,-45.584491,10.483827,-29.360746,-2.247150,-19.716955,56.533022,-50.000308,-11.233457,-83.237070,-16.867188,-3.623523,-27.695814,48.410123,4.782981,-4.218599,-41.370777,10.323053,-31.568185,65.832853,34.377469,-114.591559,97.402828,21.092609,13.492526,5.996264
488.000000,171.722662,46.844813,65.464664,8.294193,-6.982959,-132.692569,-35.870770,24.688470,32.230420,72.237153,-45.836887,10.841427,-29.945025,0.301812,-16.101720,57.140526,-50.000308,-11.290836,-82.976225,-17.830904,-3.700591,-27.590587,47.985484,5.329875,-4.369557,-41.049123,10.384988,-31.495399,65.832853,34.377469,-114.591559,97.402828,21.871470,13.829349,5.500598
489.000000,171.987343,47.147954,65.351772,7.262290,-6.422020,-137.834114,-37.559029,23.704936,26.029767,73.483307,-47.115656,10.809144,-30.045579,3.275273,-12.442483,57.880334,-50.000308,-11.450571,-82.411860,-18.847868,-4.067480,-26.683008,48.486789,6.653070,-4.091548,-40.954788,10.688890,-30.901743,65.832853,34.377469,-114.591559,97.402828,21.263257,13.497713,5.009925
490.000000,172.203577,47.313702,65.338290,6.220917,-6.079567,-143.223843,-39.215254,19.962268,17.615876,73.131962,-47.499099,8.481710,-29.975791,5.991757,-8.516567,57.828042,-50.000308,-11.405239,-79.905236,-19.725610,-5.118120,-26.260599,48.923702,6.112064,-4.439226,-41.057080,10.961643,-31.438247,65.832853,34.377469,-114.591559,97.402828,20.488464,13.738330,6.557310
491.000000,172.273099,47.351003,65.367055,5.300472,-5.677801,-148.507911,-39.968372,13.889964,7.547047,71.998827,-47.557791,5.305199,-29.525853,8.725349,-4.595510,57.828978,-50.000308,-10.672009,-77.409806,-20.336767,-5.880707,-25.920512,48.904786,5.602560,-4.404614,-41.405792,10.900470,-31.352392,65.832853,34.377469,-114.591559,97.402828,19.392277,14.125937,8.629069
492.000000,172.258615,47.278991,65.287685,4.283424,-5.288978,-153.089033,-39.411438,6.995739,-2.085311,70.733316,-47.719585,2.626850,-29.138086,10.693912,-1.109346,59.150388,-50.000308,-9.511318,-75.496191,-20.791203,-6.269035,-25.540114,48.420085,5.135587,-4.436138,-41.031573,11.161140,-31.965528,65.832853,34.377469,-114.591559,97.402828,18.692148,14.922483,10.895928
493.000000,172.396088,47.189495,65.293497,3.536803,-4.980994,-156.993075,-37.961433,1.289572,-9.962534,69.091345,-47.704059,0.813916,-28.909681,12.298507,1.990900,59.534408,-50.000308,-8.492285,-74.660354,-20.843603,-5.802010,-26.070250,48.792932,5.873541,-4.169818,-40.586422,10.691361,-30.826536,65.832853,34.377469,-114.591559,97.402828,19.184596,15.002166,10.820572
494.000000,172.406626,46.984893,65.277767,2.774165,-4.867318,-160.138319,-36.056309,-3.334352,-15.996069,67.349804,-47.903078,-0.319230,-28.670344,13.032383,4.262396,60.540092,-50.000308,-7.394253,-74.690414,-20.752546,-5.213992,-26.647891,48.498458,6.042632,-4.112412,-40.685401,10.357762,-30.161661,65.832853,34.377469,-114.591559,97.402828,20.090631,14.636344,9.439318
495.000000,172.494352,46.659100,65.300244,2.193944,-4.751794,-162.520068,-34.248857,-6.539646,-19.825864,65.769688,-47.784567,-1.303601,-28.572906,13.630033,6.502618,61.274488,-49.854094,-6.485470,-75.144751,-20.527229,-4.526453,-27.137048,48.743000,5.809770,-4.441251,-41.027324,10.781483,-30.978439,65.832853,34.377469,-114.591559,97.402828,21.179189,13.365470,7.438322
496.000000,172.576809,46.168163,65.345335,1.897266,-4.462781,-163.958513,-32.956930,-6.536396,-19.431154,64.700736,-47.461953,-0.999337,-28.262046,13.624282,7.682967,61.456232,-50.000308,-5.525559,-75.673551,-20.294724,-3.780274,-27.918868,48.827062,5.303699,-4.713678,-41.209707,10.684876,-31.317988,65.832853,34.377469,-114.591559,97.402828,21.984489,11.342116,6.452501
497.000000,172.624850,45.545265,65.429777,1.595668,-4.241173,-165.121898,-32.010925,-5.942266,-17.399067,63.863252,-47.402681,0.412049,-27.906005,13.407186,8.899860,61.918977,-49.712941,-4.865533,-76.702082,-19.936180,-2.898558,-28.707306,48.427896,4.696704,-4.726289,-41.517418,10.762021,-30.973754,65.832853,34.377469,-114.591559,97.402828,22.632725,9.196194,5.364066
498.000000,172.700155,44.860187,65.533632,1.297625,-4.314543,-166.255127,-31.517423,-5.583589,-15.460893,63.016097,-47.215619,1.297991,-27.903387,12.931928,9.964363,62.192677,-49.472146,-3.811065,-77.672290,-19.540773,-1.905499,-29.597190,48.285425,4.057983,-4.825362,-41.381558,10.616089,-31.091701,65.832853,34.377469,-114.591559,97.402828,22.917453,7.517981,5.555816
499.000000,172.757077,44.088444,65.663749,0.859027,-4.526048,-167.454094,-31.049302,-5.649575,-13.684141,62.197267,-47.116643,1.695534,-28.000304,12.304453,11.349703,62.548933,-49.124544,-2.584328,-78.415558,-19.059540,-1.062416,-30.629434,47.962500,3.538987,-4.757198,-41.553126,10.649681,-31.418669,65.832853,34.377469,-114.591559,97.402828,23.167546,5.964789,6.004004
500.000000,172.780943,43.260121,65.761769,0.357715,-4.801421,-168.797898,-30.596789,-5.889136,-12.025834,61.416125,-46.964951,2.133469,-28.227620,11.612364,12.818270,62.961374,-48.960507,-1.463913,-78.955225,-18.622758,-0.097395,-31.421787,47.479654,3.302488,-4.423622,-41.288449,10.311570,-30.850213,65.832853,34.377469,-114.591559,97.402828,22.529739,4.616620,6.509408
501.000000,172.756898,42.422724,65.849948,-0.057398,-5.013491,-170.135306,-30.002272,-5.988536,-10.258621,60.445528,-46.854978,1.935434,-28.406106,10.947697,14.052408,63.276949,-48.845958,-0.500550,-78.891335,-18.006704,0.042306,-31.974175,46.893343,2.439292,-4.214648,-41.509249,9.983684,-30.907091,65.832853,34.377469,-114.591559,97.402828,21.223146,3.364332,5.472279
502.000000,172.782445,41.649288,65.904552,-0.633973,-5.258087,-171.424121,-29.571502,-6.403427,-8.606566,59.515516,-46.915125,2.496956,-28.849995,10.064825,15.039120,63.995826,-48.677218,0.013860,-78.622301,-17.752486,0.146280,-32.072352,46.772391,1.323924,-4.141013,-41.266022,9.991220,-30.883510,65.832853,34.377469,-114.591559,97.402828,19.164903,3.104462,7.337104
503.000000,172.800612,40.944716,65.895438,-1.294780,-5.384326,-172.607506,-29.159676,-7.017423,-7.166252,58.863117,-46.998313,3.321324,-29.353971,8.979734,15.487857,64.994980,-48.316123,0.678067,-78.466702,-17.349157,0.019880,-32.249981,45.706554,0.835178,-3.858548,-41.206473,9.885675,-30.909386,65.832853,34.377469,-114.591559,97.402828,16.763519,2.615491,6.498825
504.000000,172.803009,40.253520,65.888685,-2.049248,-5.599320,-173.888542,-28.843701,-7.362997,-5.128701,57.977378,-47.063869,4.391397,-30.030484,7.650050,15.618585,65.655228,-48.349553,1.463131,-78.226006,-17.435279,-0.100939,-32.563849,45.547598,-0.316481,-3.104368,-40.982508,8.014905,-26.374145,65.832853,34.377469,-114.591559,97.402828,14.833750,2.930957,7.922674
505.000000,172.953117,39.597821,65.873027,-2.658527,-5.598182,-175.375600,-28.595789,-7.734087,-3.480101,57.510036,-47.240044,5.046848,-30.944507,5.926265,14.698345,66.498715,-48.393092,1.290469,-78.421971,-17.666610,0.361100,-33.271518,45.418248,-0.521794,-3.133069,-41.524849,8.168353,-25.774322,65.832853,34.377469,-114.591559,97.402828,15.207508,3.835440,9.242459
506.000000,172.978258,38.998672,65.895134,-3.117087,-5.585299,-176.783689,-28.071825,-8.203854,-2.393036,56.850694,-46.986493,5.465891,-31.570726,4.111438,13.303643,66.912781,-48.240431,0.919822,-78.294568,-17.226263,0.855141,-33.549865,45.078432,-1.120326,-3.122480,-41.540985,8.008233,-25.399674,65.832853,34.377469,-114.591559,97.402828,13.017149,4.247400,10.118766
507.000000,173.065698,38.498384,65.841812,-3.396655,-5.435209,-178.023636,-27.881954,-8.323775,-1.295486,56.833007,-46.979622,5.920973,-32.287923,2.326073,11.403453,67.707044,-48.101334,0.071306,-78.180886,-17.367993,1.003618,-33.657355,44.825568,-2.039282,-3.133805,-41.015935,8.157976,-25.477490,65.832853,34.377469,-114.591559,97.402828,11.760596,4.763543,11.814568
508.000000,173.090744,38.064045,65.885395,-3.516911,-5.390106,-178.970895,-27.497790,-8.324366,-0.401032,56.202184,-46.951390,6.034374,-32.648297,0.503700,9.211904,67.654779,-48.035761,-0.360623,-78.506693,-17.043788,1.159822,-34.106560,44.969829,-2.299291,-3.000262,-41.202495,8.229343,-26.208617,65.832853,34.377469,-114.591559,97.392610,9.827225,4.348582,12.303786
509.000000,173.158443,37.697914,65.851998,-3.778329,-5.316933,-179.744955,-27.343445,-8.573218,0.305442,55.976235,-46.992893,6.316071,-33.112668,-1.380684,7.193204,68.167316,-47.640406,-0.770790,-78.525039,-17.116196,1.426942,-34.246398,44.951435,-2.692998,-2.995771,-40.883088,8.431889,-26.793459,65.832853,34.377469,-114.591559,97.383915,9.392169,4.442317,13.298284
510.000000,173.300683,37.426385,65.860301,-3.911787,-5.344399,179.533577,-27.395317,-8.501822,1.079549,55.774536,-46.903981,6.453775,-33.634546,-2.911499,5.228551,68.241636,-47.591095,-1.079586,-78.563008,-17.267900,1.528113,-34.397328,44.506131,-3.292308,-2.973162,-40.930472,8.424610,-27.420244,65.832853,34.377469,-114.591559,97.361061,9.357418,4.439080,15.673534
511.000000,173.413122,37.159869,65.934682,-3.927539,-5.452973,178.712325,-27.277733,-8.335302,1.714633,55.206592,-46.664392,6.493349,-33.965848,-3.989090,3.572947,67.714065,-48.149825,-1.987471,-78.942295,-16.625592,2.316932,-34.421896,44.607402,-2.411583,-2.547550,-40.307569,7.829466,-26.270514,65.832853,34.377469,-114.591559,97.346335,7.735847,3.117614,12.122446
512.000000,173.532498,36.986619,65.970665,-4.006318,-5.634882,178.028886,-27.439873,-8.138453,2.372257,54.940221,-46.577553,6.632739,-34.352334,-4.640605,2.341852,67.288189,-48.244194,-2.397785,-78.950034,-16.672960,2.930845,-34.469554,44.474855,-2.067700,-2.561322,-39.963942,7.440443,-25.564423,65.832853,34.377469,-114.591559,97.198120,7.122487,1.925277,9.530223
513.000000,173.670745,36.896569,66.001087,-4.036346,-5.936343,177.236794,-27.850428,-7.691473,3.093658,54.896822,-46.584458,6.759351,-34.813737,-5.193923,1.214315,66.630777,-48.490822,-2.894467,-78.478580,-17.014864,2.840071,-34.266632,44.565154,-2.553070,-2.766014,-39.732990,8.008779,-26.407069,65.832853,34.377469,-114.591559,96.994150,7.658937,2.731429,12.911801
514.000000,173.788035,36.833385,65.969974,-4.073272,-5.961757,176.667239,-28.075884,-7.390949,3.654166,55.154327,-46.546687,6.647628,-35.030978,-5.259839,0.895685,66.389958,-48.532869,-3.015135,-77.916155,-16.538828,3.254101,-34.330337,43.766401,-2.365745,-2.852896,-39.747801,7.782385,-26.412907,65.832853,34.377469,-114.591559,97.062719,7.061842,2.418905,12.138803
515.000000,173.876226,36.846206,65.986001,-3.954496,-6.163703,176.147170,-28.474365,-6.857361,4.012034,55.412993,-46.528061,6.466617,-35.331998,-4.916824,1.007909,66.058195,-48.476919,-3.055444,-77.775084,-16.546470,3.588801,-34.242771,43.805159,-2.222488,-2.801220,-39.447720,7.988938,-26.850141,65.832853,34.377469,-114.591559,97.017837,7.958306,2.408145,12.736498
516.000000,173.953879,36.940265,66.046429,-3.863426,-6.304440,175.508954,-28.572251,-6.206750,4.481054,55.382743,-46.458260,6.132716,-35.427628,-4.296736,1.339798,65.389704,-48.232781,-2.552201,-77.796012,-16.465879,3.918284,-34.063813,43.829515,-1.898651,-2.772987,-39.346623,7.825058,-27.113684,65.832853,34.377469,-114.591559,96.725096,7.317096,2.515585,13.654658
517.000000,174.020588,37.067196,66.115099,-3.840874,-6.320463,175.094599,-28.621129,-5.800430,4.664767,55.315038,-46.617008,6.490569,-35.297482,-3.812713,1.660211,64.787466,-48.028131,-1.946127,-77.974321,-16.184202,4.303251,-33.954670,43.605205,-1.632966,-2.655252,-39.226313,7.352317,-26.768251,65.832853,34.377469,-114.591559,96.521365,7.472279,2.185871,12.448303
518.000000,174.078476,37.245205,66.169155,-3.701542,-6.368555,174.565408,-28.791464,-5.043756,5.046849,55.725789,-46.604915,6.615635,-35.023011,-3.461089,1.652497,63.788421,-48.195328,-1.622451,-77.843680,-15.879524,4.235424,-33.652871,43.305302,-1.619578,-2.457213,-39.049735,7.199054,-26.739473,65.832853,34.377469,-114.591559,96.363840,7.155144,1.818645,11.799018
519.000000,174.208128,37.428015,66.200596,-3.450726,-6.511997,174.037898,-29.120238,-4.151867,5.382925,56.243968,-46.375420,6.073810,-35.053630,-2.570337,1.891868,63.042550,-48.359683,-1.826222,-77.405769,-15.571817,4.193867,-33.140163,43.214200,-1.875969,-2.483479,-39.321331,6.774415,-26.716567,65.832853,34.377469,-114.591559,96.555400,6.346474,2.358629,12.856706
