Frame,root_translateX,root_translateY,root_translateZ,root_rotateX,root_rotateY,root_rotateZ,left_hip_pitch_joint_dof,left_hip_roll_joint_dof,left_hip_yaw_joint_dof,left_knee_joint_dof,left_ankle_pitch_joint_dof,left_ankle_roll_joint_dof,right_hip_pitch_joint_dof,right_hip_roll_joint_dof,right_hip_yaw_joint_dof,right_knee_joint_dof,right_ankle_pitch_joint_dof,right_ankle_roll_joint_dof,waist_yaw_joint_dof,waist_roll_joint_dof,waist_pitch_joint_dof,left_shoulder_pitch_joint_dof,left_shoulder_roll_joint_dof,left_shoulder_yaw_joint_dof,left_elbow_joint_dof,left_wrist_roll_joint_dof,left_wrist_pitch_joint_dof,left_wrist_yaw_joint_dof,right_shoulder_pitch_joint_dof,right_shoulder_roll_joint_dof,right_shoulder_yaw_joint_dof,right_elbow_joint_dof,right_wrist_roll_joint_dof,right_wrist_pitch_joint_dof,right_wrist_yaw_joint_dof
0.000000,-165.392447,41.583481,71.294641,0.903945,-10.588864,-2.983209,14.098087,-3.659556,6.747094,9.757609,-27.997511,5.309214,3.329921,-6.657467,-10.227307,33.636831,-36.157509,0.618602,0.274078,-2.815940,10.794908,2.487778,15.805877,-20.606338,46.613435,-2.467780,1.581870,-4.582445,-3.563232,-18.785085,36.557068,42.313063,-18.566054,2.251183,12.295852
1.000000,-164.612496,41.620034,70.411974,2.895222,-11.460265,-2.779176,14.522761,-6.482579,6.195187,14.251829,-33.215111,6.009442,1.904064,-9.247967,-9.045383,41.652345,-42.711225,1.234285,0.125374,-4.683942,12.622891,-0.060161,16.742114,-19.565396,50.352998,-2.292667,-1.373594,-3.796893,-6.372266,-19.068005,36.526564,46.271946,-18.225919,0.169892,11.203956
2.000000,-164.662349,41.694975,69.891477,4.672922,-12.473826,-2.475889,13.457555,-8.543773,6.436620,18.666489,-35.541661,6.353366,0.593040,-11.893363,-8.192593,46.883101,-45.514748,1.875429,-0.053601,-6.514931,14.499257,-1.945510,17.142259,-19.470438,52.500724,-0.036778,-3.322988,-1.793875,-8.196779,-18.573419,36.198889,48.304816,-17.595990,-1.132230,8.827807
3.000000,-164.831579,41.824189,69.604599,5.823020,-12.807782,-1.996775,11.809990,-9.814819,6.492645,22.232732,-36.851176,6.592802,-0.526105,-13.682255,-7.747507,49.607199,-46.468588,2.253128,-0.044333,-7.854409,15.686062,-3.214209,17.102949,-19.388887,54.000814,0.987647,-4.122705,-0.871457,-9.289968,-17.985051,36.020085,49.740648,-17.360633,-1.801289,7.708101
4.000000,-164.805651,41.983092,69.571489,5.706263,-9.975449,-1.488180,7.467081,-9.807476,6.136770,24.752804,-38.054232,6.940554,-3.800430,-13.682047,-8.173391,50.004655,-46.415452,2.282616,-0.634780,-8.104029,14.317544,-5.516412,17.535623,-19.075489,55.726530,1.199514,-5.164229,-0.888577,-11.244501,-17.291734,35.679481,51.393212,-17.728615,-2.824479,7.393605
5.000000,-165.027368,42.055064,69.332105,6.348822,-10.558218,-1.240437,6.380723,-10.341729,6.368102,27.551914,-38.921980,7.052909,-4.321393,-14.865748,-7.900782,52.023850,-47.005358,2.593413,-0.610790,-8.667571,14.627239,-5.120507,17.428647,-19.295153,55.986750,1.491591,-5.209278,-1.059044,-10.715477,-17.187370,35.705258,51.728803,-17.465540,-2.711535,7.232007
6.000000,-164.785039,42.180303,69.483060,5.486517,-7.831038,-1.321704,3.868562,-9.601061,6.150446,27.172140,-39.062566,7.214849,-6.696168,-13.641185,-8.280406,51.029272,-46.433771,2.049448,-0.871358,-7.854052,12.433980,-5.828038,17.835567,-19.716220,56.409781,1.514840,-5.431876,-0.812395,-11.100470,-17.413106,36.257622,51.799041,-18.079207,-3.459481,6.542189
7.000000,-164.968097,42.264789,69.246125,6.096720,-8.653362,-1.034263,3.242987,-10.102243,6.400330,29.661527,-39.804847,7.154646,-6.803015,-14.833460,-8.082953,52.868116,-47.097853,2.398159,-0.849341,-8.367116,12.942759,-5.592675,17.613989,-20.258679,56.718137,1.636401,-5.533056,-0.520229,-10.519552,-17.454823,36.626725,52.032289,-18.119491,-3.260856,6.187381
8.000000,-164.747262,42.381328,69.363046,5.269073,-7.037852,-0.999323,1.908766,-9.386265,6.062096,29.396246,-40.039252,7.132808,-7.762411,-13.749605,-8.562271,51.672922,-46.572908,2.085358,-0.797378,-7.661075,11.941631,-6.874039,18.020146,-19.862100,57.739899,2.991016,-6.108969,-0.562709,-10.849353,-17.796857,36.206918,51.483811,-17.532915,-3.446235,7.011444
9.000000,-164.726734,42.407370,69.355708,5.091755,-6.657239,-1.002810,1.267582,-9.160919,6.052762,29.872314,-40.243895,7.098782,-8.155125,-13.525273,-8.635390,51.625729,-46.511085,2.022567,-0.832900,-7.432281,11.601277,-6.958952,17.953588,-19.849264,57.850343,3.079219,-6.209286,-0.605177,-10.853679,-17.873389,36.132329,51.418228,-17.476195,-3.424205,7.135361
10.000000,-164.726079,42.409027,69.347215,5.013268,-6.487602,-1.007946,0.933686,-9.052190,6.061022,30.178610,-40.379658,7.084834,-8.352413,-13.430145,-8.663976,51.642787,-46.496564,1.995822,-0.854282,-7.338963,11.424834,-6.953202,17.935423,-19.851745,57.861586,3.091382,-6.222209,-0.609325,-10.836156,-17.892876,36.130973,51.403000,-17.470604,-3.418091,7.149687
11.000000,-164.543438,42.567918,69.313174,4.899325,-6.285380,-1.063136,0.749662,-9.118233,6.043131,30.457945,-40.632491,7.185377,-8.530693,-13.513352,-8.663842,51.924075,-46.503100,1.882288,-0.929136,-7.337244,11.022030,-6.356544,18.328961,-20.162812,56.777122,2.987466,-5.859774,-1.271448,-10.484319,-17.483331,36.207919,50.852616,-17.344724,-3.113771,7.165524
12.000000,-164.528906,42.581543,69.308597,4.894815,-6.204933,-1.059940,0.617166,-9.111921,6.045777,30.543834,-40.664703,7.179736,-8.634365,-13.511981,-8.661333,51.954001,-46.504528,1.882481,-0.952442,-7.362894,10.882080,-6.251115,18.376788,-20.130471,56.702284,3.052047,-5.824109,-1.310819,-10.411165,-17.452107,36.234389,50.800092,-17.376471,-3.106261,7.209995
13.000000,-164.528799,42.581740,69.307041,4.892124,-6.160148,-1.058015,0.545080,-9.105749,6.047535,30.585741,-40.678247,7.179060,-8.692141,-13.509391,-8.662276,51.967409,-46.504473,1.880299,-0.964466,-7.362240,10.826555,-6.230701,18.382305,-20.126836,56.689785,3.055293,-5.818735,-1.313345,-10.398619,-17.448876,36.242760,50.793836,-17.379521,-3.103613,7.212068
14.000000,-164.296532,42.731041,69.354469,4.782259,-6.453837,-1.582595,1.700045,-9.180077,6.435207,29.446557,-40.537986,7.244411,-8.090220,-13.343612,-8.312128,51.500303,-46.433989,1.912349,-1.298206,-7.246430,10.877627,-5.241069,17.819738,-20.254281,55.452591,2.111823,-5.418417,-1.666616,-11.029725,-16.978530,37.270201,51.179820,-19.948404,-3.617524,7.632203
15.000000,-164.275658,42.754531,69.336027,4.786701,-6.603692,-1.638928,1.885751,-9.227896,6.414982,29.452015,-40.606287,7.303550,-7.941000,-13.370555,-8.242949,51.523672,-46.500334,1.973954,-1.308229,-7.309631,11.090789,-5.995467,17.836342,-20.588304,56.178945,1.999050,-5.464288,-0.967342,-11.245172,-17.068737,37.445266,51.084959,-19.138176,-3.651319,6.618078
16.000000,-164.278626,42.767358,69.311577,4.771112,-6.530317,-1.566026,1.637412,-9.191757,6.378419,29.746177,-40.680009,7.203585,-8.084563,-13.385740,-8.236476,51.683751,-46.523892,1.955471,-1.267526,-7.348811,11.063683,-6.578769,17.851109,-20.232352,57.108322,3.168036,-5.955250,-0.845504,-11.121428,-17.404002,37.335286,50.658092,-18.829303,-3.936420,7.177680
17.000000,-164.278471,42.769089,69.306403,4.752940,-6.474685,-1.564835,1.515933,-9.163921,6.383863,29.864664,-40.729477,7.199927,-8.160046,-13.366940,-8.242585,51.706806,-46.524684,1.950282,-1.278285,-7.308498,11.029153,-6.646014,17.801090,-20.225592,57.205966,3.201730,-6.028407,-0.839090,-11.133123,-17.454224,37.319915,50.618252,-18.819429,-3.918354,7.225007
18.000000,-164.278972,42.769244,69.304538,4.739536,-6.444478,-1.565386,1.453136,-9.144209,6.386069,29.925330,-40.755974,7.197484,-8.196762,-13.350651,-8.247489,51.712233,-46.522922,1.945872,-1.281818,-7.289160,11.001207,-6.654188,17.791811,-20.226740,57.219271,3.203418,-6.037438,-0.837118,-11.132849,-17.463247,37.317900,50.612433,-18.818240,-3.915289,7.229521
19.000000,-164.242578,42.763513,69.302416,4.712204,-6.421543,-1.606144,1.446275,-9.109241,6.393299,29.967175,-40.805237,7.191594,-8.187341,-13.315208,-8.250341,51.689570,-46.529209,1.941204,-1.319324,-7.297061,10.953085,-6.715832,17.846453,-20.134146,57.122211,3.434605,-6.101852,-1.139151,-11.048686,-17.434961,37.114951,50.612262,-18.584383,-3.867332,7.609167
20.000000,-164.075589,42.740759,69.352257,4.761760,-6.115822,-2.077306,1.717484,-9.216558,6.619103,29.075436,-40.539806,7.574993,-8.488382,-13.134522,-7.819388,51.522747,-46.457502,1.860263,-1.161760,-7.231181,10.912638,-7.655083,17.483437,-21.238748,56.638893,1.657397,-5.379707,-0.487666,-11.401385,-17.082827,37.080236,51.251281,-17.707849,-3.191651,6.362645
21.000000,-164.298975,42.696452,69.107151,5.427111,-7.167561,-1.821103,1.284593,-9.689628,6.835729,31.531452,-41.152559,7.472687,-8.419422,-14.314539,-7.581252,53.427826,-47.147741,2.149894,-0.942681,-7.859171,11.514811,-7.513007,17.268446,-21.159680,57.128600,2.622479,-5.636870,-0.640932,-10.675406,-17.180858,37.011603,51.065284,-17.575002,-3.438454,6.880565
22.000000,-164.068758,42.712238,69.308674,4.735195,-5.833767,-1.978979,1.002465,-9.124247,6.520387,29.815412,-40.746091,7.550328,-8.917911,-13.168484,-7.918164,51.813962,-46.514893,1.802961,-0.973478,-7.220293,10.716261,-8.359877,17.489961,-20.904047,57.539030,2.964508,-5.877486,-0.889261,-11.175762,-17.480747,36.633149,50.666032,-17.412836,-3.432589,7.436355
23.000000,-164.070308,42.712229,69.306439,4.736778,-5.770756,-1.981117,0.901810,-9.117621,6.528457,29.868455,-40.759560,7.547551,-9.007341,-13.168688,-7.911283,51.841105,-46.515989,1.801301,-0.973399,-7.193842,10.649241,-8.373933,17.447365,-20.914360,57.579683,2.970887,-5.904702,-0.880711,-11.157072,-17.524148,36.626367,50.637011,-17.408667,-3.421019,7.452534
24.000000,-164.070654,42.712343,69.305348,4.734275,-5.738157,-1.980613,0.848862,-9.111647,6.530430,29.899973,-40.770079,7.547215,-9.050017,-13.165161,-7.911413,51.851009,-46.515627,1.799501,-0.977277,-7.186179,10.614448,-8.373631,17.441086,-20.916590,57.585045,2.971376,-5.908266,-0.878965,-11.151821,-17.530625,36.626042,50.631936,-17.408166,-3.418991,7.454604
25.000000,-164.191628,42.587698,69.039637,5.453010,-6.879378,-1.829921,0.629206,-9.496921,7.039105,32.407598,-41.691485,7.401716,-8.871693,-14.205163,-7.385322,53.892675,-47.229102,2.217978,-1.093630,-8.093487,11.280892,-7.588411,17.214092,-21.212496,57.386908,2.732802,-6.300591,-0.850034,-10.536627,-17.397347,37.065435,50.751150,-18.243726,-3.645055,7.635965
26.000000,-163.966393,42.596123,69.239956,4.734577,-5.887690,-2.037246,0.759598,-8.896588,6.766301,30.667843,-41.327313,7.448039,-8.974192,-13.043048,-7.709038,52.247880,-46.617776,1.890566,-1.194860,-7.557312,10.612840,-7.862572,17.776597,-20.977471,57.289639,2.574432,-6.390973,-1.052863,-10.965585,-17.300183,36.929532,50.701379,-18.469948,-3.750666,7.868403
27.000000,-163.966370,42.594820,69.239056,4.725824,-5.922852,-2.041876,0.792026,-8.882998,6.769038,30.687541,-41.341468,7.441705,-8.929330,-13.032089,-7.711057,52.239442,-46.618913,1.888996,-1.190233,-7.550667,10.632814,-7.835551,17.777430,-20.977094,57.279476,2.576418,-6.391615,-1.053913,-10.947701,-17.298265,36.939422,50.704305,-18.472728,-3.756437,7.862188
28.000000,-163.917220,42.516565,69.255531,4.648694,-5.908541,-2.179245,0.830702,-8.700112,6.848378,30.713940,-41.343388,7.341134,-8.842948,-12.813394,-7.689249,52.059114,-46.643133,1.785313,-1.105684,-7.517837,10.564844,-7.784154,17.796924,-20.968891,57.374415,2.683456,-6.332884,-0.986403,-10.965961,-17.297428,37.049142,50.757953,-18.303305,-3.722714,7.699775
29.000000,-163.824272,42.362112,69.279027,4.505897,-5.856409,-2.428073,0.867972,-8.352886,7.011210,30.778397,-41.361710,7.146135,-8.715747,-12.410437,-7.655056,51.749895,-46.669276,1.594021,-0.945953,-7.431703,10.414702,-7.652427,17.830036,-20.911029,57.521613,2.954950,-6.244903,-0.933592,-10.970139,-17.353858,37.235948,50.763779,-17.971167,-3.678960,7.570277
30.000000,-163.819480,42.359102,69.279003,4.428150,-5.879681,-2.448216,0.861835,-8.252574,7.015383,30.886074,-41.435964,7.127073,-8.646640,-12.306457,-7.682309,51.682337,-46.647771,1.571340,-0.933727,-7.348475,10.432478,-7.635548,17.818189,-20.901183,57.518341,2.970747,-6.244647,-0.936707,-10.961433,-17.370153,37.246418,50.755132,-17.960278,-3.682464,7.578381
31.000000,-163.818610,42.358822,69.277900,4.395138,-5.892124,-2.453696,0.852584,-8.210646,7.015139,30.948916,-41.474507,7.120114,-8.616803,-12.265172,-7.696006,51.658968,-46.640811,1.562931,-0.929072,-7.313341,10.446763,-7.635224,17.813584,-20.900654,57.517426,2.972211,-6.244293,-0.936959,-10.960925,-17.376450,37.246405,50.753059,-17.959704,-3.682502,7.579542
32.000000,-163.812935,42.276049,69.279206,4.388692,-5.835234,-2.478663,0.774895,-8.110997,7.037784,31.006101,-41.523616,7.062549,-8.648804,-12.142768,-7.681521,51.606693,-46.658781,1.516021,-0.977958,-7.337533,10.332212,-7.575127,17.848210,-20.866310,57.456391,3.083270,-6.148263,-0.905502,-11.009712,-17.304325,37.216570,50.729092,-17.839703,-3.567626,7.558532
33.000000,-163.796794,42.138758,69.283712,4.389090,-5.728254,-2.513882,0.633800,-7.971508,7.067794,31.103708,-41.590456,6.973796,-8.729735,-11.982038,-7.661082,51.555398,-46.682359,1.449973,-1.067421,-7.383003,10.130171,-7.437308,17.920644,-20.786168,57.348618,3.285991,-6.079442,-0.913801,-11.027228,-17.238270,37.206137,50.637619,-17.748325,-3.483328,7.602784
34.000000,-163.796258,42.137069,69.281924,4.361379,-5.683209,-2.516625,0.545956,-7.929695,7.068568,31.189871,-41.630590,6.966323,-8.774606,-11.944149,-7.673561,51.548018,-46.675348,1.440391,-1.080419,-7.356980,10.075417,-7.410858,17.928348,-20.774048,57.327868,3.292970,-6.073827,-0.918602,-11.014549,-17.237533,37.220703,50.626243,-17.755097,-3.479610,7.608587
35.000000,-163.796294,42.136931,69.280577,4.348242,-5.660016,-2.517392,0.498015,-7.910104,7.069113,31.238355,-41.652679,6.963594,-8.799879,-11.927129,-7.679177,51.547964,-46.672636,1.435934,-1.084903,-7.342301,10.049685,-7.404962,17.927923,-20.772799,57.324658,3.293428,-6.072540,-0.919177,-11.010756,-17.238718,37.223705,50.624744,-17.755125,-3.479052,7.608714
36.000000,-163.796365,42.136902,69.279820,4.341511,-5.647601,-2.517828,0.472257,-7.900019,7.069542,31.264276,-41.664379,6.962235,-8.813795,-11.918455,-7.681923,51.548493,-46.671335,1.433677,-1.086797,-7.334548,10.036459,-7.403154,17.927245,-20.772699,57.324091,3.293536,-6.072311,-0.919187,-11.009322,-17.239467,37.224613,50.624430,-17.755056,-3.478972,7.608674
37.000000,-163.787568,41.908738,69.330209,4.493625,-5.313484,-2.383850,0.353387,-7.849275,6.937320,30.758299,-41.313379,6.909047,-9.086219,-11.833945,-7.751398,51.445849,-46.596940,1.135357,-0.788768,-7.188427,9.971934,-8.184728,17.340937,-21.123974,57.422910,3.008693,-5.751289,-1.390941,-10.882653,-17.748539,37.616372,50.266968,-18.030813,-3.637125,6.923093
38.000000,-163.794339,41.905168,69.319791,4.535619,-5.317803,-2.378337,0.300961,-7.889562,6.951898,30.844765,-41.336114,6.911587,-9.140728,-11.895628,-7.727526,51.542226,-46.630641,1.153664,-0.777330,-7.208841,9.969287,-8.194636,17.301422,-21.145794,57.444766,3.008438,-5.754806,-1.376924,-10.855378,-17.781651,37.598467,50.251071,-18.029510,-3.644746,6.936310
39.000000,-163.795197,41.905165,69.318497,4.540387,-5.301288,-2.376960,0.271888,-7.893243,6.953544,30.861838,-41.340010,6.912561,-9.168026,-11.901983,-7.724955,51.556399,-46.633755,1.154906,-0.778534,-7.211518,9.952112,-8.195813,17.298719,-21.148810,57.448038,3.008151,-5.756530,-1.375404,-10.852546,-17.784247,37.595239,50.248021,-18.028404,-3.644145,6.939177
40.000000,-163.818836,41.801888,69.310671,4.576321,-5.272542,-2.388926,0.116956,-7.812998,6.937373,31.065261,-41.387589,6.854050,-9.284967,-11.805748,-7.648161,51.669479,-46.681430,1.170493,-0.822660,-7.253587,9.917166,-8.036588,17.150067,-21.553707,57.369990,2.934126,-5.704087,0.182634,-10.954905,-17.754028,37.702559,50.332630,-17.920118,-3.758785,6.695254
41.000000,-163.824522,41.700053,69.305366,4.505174,-5.210165,-2.449071,-0.050449,-7.626833,6.907107,31.304427,-41.503750,6.897866,-9.326257,-11.612444,-7.725144,51.596041,-46.704116,1.141138,-0.862789,-7.192321,9.862510,-7.968167,17.253763,-21.553104,57.574868,3.010961,-5.937102,-0.500230,-11.024742,-17.718306,37.648594,50.325643,-17.798737,-3.909849,7.483884
42.000000,-163.824165,41.698322,69.302166,4.450124,-5.178819,-2.453334,-0.147416,-7.550979,6.905700,31.450607,-41.578418,6.886385,-9.342360,-11.542430,-7.752679,51.568328,-46.691887,1.124834,-0.865555,-7.138319,9.838259,-7.973520,17.261572,-21.541776,57.586623,3.012829,-5.958782,-0.523364,-11.027819,-17.723624,37.636750,50.315463,-17.790882,-3.903765,7.506112
43.000000,-163.824189,41.698125,69.300091,4.423407,-5.161982,-2.456053,-0.199476,-7.514150,6.905745,31.527631,-41.617278,6.880806,-9.354705,-11.508833,-7.764132,51.559520,-46.686638,1.117123,-0.866196,-7.109751,9.822662,-7.973798,17.259304,-21.541515,57.588132,3.012942,-5.960517,-0.524408,-11.027016,-17.726716,37.636289,50.313984,-17.790078,-3.902688,7.507338
44.000000,-163.819611,41.543144,69.332522,4.341959,-5.018941,-2.325857,-0.400315,-7.280772,6.762238,31.630527,-41.581724,6.819845,-9.266801,-11.296160,-8.082242,51.213827,-46.641907,0.983118,-0.978645,-7.038264,9.622249,-7.783956,17.358190,-21.418010,57.718404,2.799296,-6.038809,-1.259549,-10.940387,-17.521112,37.555413,50.566530,-17.592600,-3.712053,7.592286
45.000000,-163.822603,41.532570,69.330233,4.276204,-4.985667,-2.326011,-0.491158,-7.185464,6.758838,31.770458,-41.659188,6.803346,-9.270385,-11.205686,-8.116904,51.161716,-46.622321,0.959448,-0.996977,-6.984300,9.577876,-7.743745,17.392385,-21.403081,57.704676,2.839091,-6.052280,-1.289306,-10.918178,-17.511738,37.568933,50.543393,-17.600995,-3.708087,7.608412
46.000000,-163.822317,41.531825,69.328314,4.246149,-4.969369,-2.329295,-0.542944,-7.144064,6.758399,31.849917,-41.700193,6.796510,-9.279457,-11.167002,-8.129566,51.148131,-46.615741,0.950624,-0.999087,-6.953723,9.560241,-7.736983,17.392730,-21.400910,57.701267,2.842836,-6.053796,-1.289737,-10.914510,-17.514330,37.572826,50.539715,-17.603062,-3.708409,7.610212
47.000000,-163.822281,41.531745,69.327158,4.231663,-4.959899,-2.330845,-0.571388,-7.124155,6.758268,31.891301,-41.721077,6.793448,-9.286688,-11.148734,-8.135508,51.143442,-46.612868,0.946449,-0.999620,-6.938071,9.550718,-7.735646,17.391332,-21.400803,57.700748,2.843187,-6.053706,-1.289676,-10.913364,-17.516073,37.573485,50.539165,-17.603015,-3.708337,7.610320
48.000000,-163.837647,41.405031,69.364452,4.281409,-4.703217,-2.054457,-1.008583,-7.039394,6.556087,32.033676,-41.560301,6.759770,-9.289735,-11.122696,-8.369001,50.664134,-46.453763,1.060530,-1.183435,-6.970750,9.547225,-8.049206,17.270799,-21.402270,57.762295,3.102123,-6.063146,-0.810959,-11.220527,-17.633901,37.662599,50.515847,-18.333302,-4.144828,8.199106
49.000000,-163.831460,41.403860,69.366848,4.236919,-4.634121,-2.033291,-1.134440,-6.987854,6.522045,32.147098,-41.608297,6.747883,-9.321232,-11.077542,-8.421872,50.607426,-46.439136,1.049836,-1.214061,-6.915687,9.481234,-8.043183,17.267389,-21.376583,57.772540,3.186860,-6.092127,-0.813739,-11.215324,-17.660217,37.648894,50.504775,-18.335339,-4.163817,8.219631
50.000000,-163.831401,41.403887,69.365054,4.215594,-4.606328,-2.033891,-1.195547,-6.958245,6.520726,32.213952,-41.639562,6.743954,-9.348202,-11.050899,-8.431792,50.601993,-46.434180,1.043400,-1.219394,-6.890593,9.452058,-8.039801,17.262581,-21.373969,57.773585,3.189350,-6.094246,-0.812834,-11.212395,-17.665147,37.651845,50.503057,-18.334569,-4.163746,8.220716
51.000000,-163.807416,41.581416,69.306529,3.978296,-4.880982,-1.588539,-1.474427,-6.881190,6.261634,33.430125,-42.542223,6.774108,-8.483933,-11.309147,-9.167005,49.939037,-46.559870,1.909155,-1.102407,-7.001078,9.145406,-6.734047,17.652795,-20.112698,56.716692,3.534597,-6.810679,-1.439661,-9.980186,-17.721781,36.932913,50.352189,-18.084140,-3.816569,8.314450
52.000000,-163.774991,41.736218,69.253886,3.756249,-4.900863,-1.427873,-1.811735,-6.711975,6.212448,34.289875,-43.181153,6.762705,-8.382332,-11.343057,-9.461818,49.981689,-46.547988,2.125225,-0.896354,-6.732630,9.221291,-6.603193,17.579823,-19.869319,56.418141,3.509031,-6.861320,-1.572735,-9.562810,-17.831428,35.895127,50.363049,-17.165975,-3.642600,8.160438
53.000000,-163.813841,41.976187,69.173485,3.966370,-4.868019,-1.023942,-2.203144,-7.236782,6.056771,34.710045,-43.869475,6.799137,-8.649301,-12.129999,-9.723430,50.650941,-46.637409,2.713781,-0.695367,-6.680543,9.399140,-6.454362,17.436068,-19.605698,55.912362,3.217910,-7.171197,-2.574359,-8.936719,-18.204216,33.982585,50.467561,-16.523891,-3.454456,8.153204
54.000000,-163.816071,42.264721,69.076312,4.205412,-4.730158,-0.546308,-2.652176,-7.957252,5.639890,35.129562,-44.108081,7.305669,-9.123875,-12.971854,-9.930894,51.582589,-46.774918,3.070631,-0.688216,-6.572915,9.695498,-6.621604,17.204500,-19.778934,55.538297,2.600679,-6.625854,-3.299509,-8.525142,-18.565842,31.772923,50.479961,-14.845776,-2.406884,7.467744
55.000000,-163.856494,42.634162,68.929285,4.769685,-4.640441,-0.273856,-2.919407,-9.135473,5.483840,35.113125,-44.482092,7.989090,-10.044979,-14.337166,-9.802132,53.216186,-47.118647,3.742727,-0.798722,-6.746487,9.846175,-6.133918,16.764453,-20.381119,54.529239,0.911288,-6.057476,-4.233946,-8.577761,-18.737178,30.248500,51.365072,-14.479207,-2.194439,6.461773
56.000000,-163.731444,43.028030,68.750423,5.710996,-4.584266,0.146733,-2.530913,-10.939376,5.016261,34.201032,-44.620222,8.555294,-11.093631,-16.169375,-9.328550,55.600185,-47.331148,4.465436,-0.961341,-7.327265,10.039815,-5.400260,16.726940,-20.380610,53.405567,0.709759,-5.829020,-5.336382,-8.656692,-19.077869,28.839951,52.236590,-14.789815,-2.096997,6.517569
57.000000,-163.646793,43.445703,68.492526,6.763394,-4.674808,0.812911,-2.140894,-12.915629,4.371840,33.491979,-45.024750,9.278550,-12.271918,-18.343188,-8.883698,58.708522,-47.550056,4.856371,-1.239474,-8.073982,10.435414,-5.023260,16.774945,-20.595739,52.987078,0.972445,-5.450874,-5.324305,-8.695592,-19.693498,27.767103,52.548446,-14.444081,-1.924596,6.609195
58.000000,-163.459408,43.913636,68.168688,8.032643,-4.842936,1.623987,-1.407649,-15.187101,3.636826,32.745607,-45.025959,10.239372,-13.634791,-21.014120,-8.348609,62.710665,-47.303349,5.415626,-1.572904,-9.015400,10.889465,-5.000442,16.817196,-20.840198,53.383864,1.144655,-5.726484,-5.356260,-8.616941,-20.333086,26.377904,52.817812,-13.663795,-2.119238,6.429570
59.000000,-163.292801,44.370040,67.849392,9.158415,-5.254967,2.398064,-0.447646,-16.977936,3.409498,32.135016,-45.296493,10.603224,-15.421570,-23.617582,-7.410990,67.957930,-45.781737,5.662881,-1.987379,-9.866002,11.508572,-4.738664,16.877778,-20.714311,53.848450,2.053894,-5.888100,-4.686556,-8.382225,-20.701101,25.261376,53.129398,-13.176473,-1.895706,6.165210
60.000000,-163.071012,44.875404,67.692268,9.975662,-5.266307,2.998564,0.847904,-18.605000,2.758920,30.253636,-44.692571,10.997629,-18.378162,-25.460118,-5.655580,73.533557,-43.037579,5.493679,-2.472164,-10.481744,12.081642,-4.712013,17.143614,-20.255250,54.359058,2.618107,-5.654591,-3.863423,-8.700092,-20.921815,24.467461,53.596819,-12.796559,-1.538972,5.651602
61.000000,-162.692869,45.336899,67.674077,10.113442,-5.503788,3.242848,2.660703,-19.251380,2.279358,28.307372,-43.868065,11.092066,-20.889367,-26.508326,-4.609236,78.583649,-41.043426,4.248103,-3.032073,-10.592543,12.718903,-4.296611,17.589018,-19.821620,54.776673,2.739902,-5.293467,-2.864432,-9.082131,-20.846617,24.103058,54.178355,-12.532671,-1.351973,4.747990
62.000000,-162.381625,45.593992,67.583376,10.391174,-6.422284,4.166739,3.569199,-19.478363,2.159566,29.271022,-44.006714,10.529621,-22.115931,-27.460308,-4.399473,82.748500,-40.517068,3.300225,-3.902596,-10.814598,13.668388,-3.369603,17.908671,-19.749594,55.273060,3.288450,-5.065218,-2.131069,-8.599806,-20.681705,23.553240,54.142100,-12.155378,-1.318837,4.281715
63.000000,-161.734223,45.899388,67.855811,9.478106,-5.737529,4.599569,6.230739,-18.818173,0.946893,24.332554,-42.374541,10.022387,-24.677216,-25.308399,-4.098754,84.455863,-39.903471,3.232066,-5.075420,-9.930317,13.684497,-3.225455,18.396857,-19.308185,55.483894,3.630218,-4.789972,-2.534874,-9.037667,-20.605453,23.161972,53.840988,-11.747425,-1.211457,4.874449
64.000000,-161.068809,46.013337,67.946237,9.210737,-5.785109,5.271699,7.841402,-18.597756,-0.109373,22.778421,-41.889663,9.786748,-26.180498,-24.343037,-4.957058,84.722110,-39.527712,3.342606,-5.869699,-9.675289,13.724399,-2.433261,18.983894,-19.621496,55.427351,3.786616,-4.791744,-3.046556,-8.174736,-20.462972,22.764817,53.189641,-11.582626,-1.546100,4.418154
65.000000,-160.320199,46.085250,67.993069,8.852000,-5.837286,5.923644,9.157738,-18.092246,-0.750363,21.943642,-41.846165,9.233998,-27.356156,-23.050951,-6.376850,83.209285,-39.643507,3.629264,-6.424195,-9.393970,13.713265,-1.813160,19.481723,-19.583221,55.315178,3.969265,-4.659620,-3.786925,-7.513342,-20.057486,22.406229,53.382204,-11.376695,-1.524234,4.476212
66.000000,-159.622324,46.055767,67.873979,9.226730,-6.253786,6.315240,9.776362,-18.283593,-0.826003,22.978198,-42.374647,8.645868,-28.425601,-23.222964,-7.885301,80.599989,-41.339136,4.163701,-6.445163,-9.912031,14.186159,-1.456324,19.850876,-19.490027,55.270731,4.363173,-4.840055,-3.291991,-6.924505,-19.641790,22.195748,53.770688,-11.277880,-1.496624,4.133827
67.000000,-158.624828,45.966673,67.989534,7.964611,-5.760604,6.053377,10.777735,-16.723845,-1.051354,21.808891,-42.537913,8.259633,-29.451970,-20.948450,-10.251386,75.513766,-42.113232,4.327683,-6.070953,-9.103443,13.900372,-1.500601,20.623087,-18.949998,55.281434,4.845554,-5.020428,-3.111467,-6.871346,-19.010308,22.649416,54.551823,-11.468051,-1.278213,3.798596
68.000000,-157.698560,45.913857,67.988408,7.588035,-5.723968,5.658919,11.819140,-16.167058,-0.914617,21.271905,-42.751885,8.245121,-30.494025,-19.255466,-11.208116,70.257211,-42.500811,4.978832,-5.278197,-8.918938,14.001229,-1.560038,20.825628,-18.277352,55.445628,5.508142,-5.078693,-2.686304,-6.749713,-18.843520,23.575351,54.828350,-13.015609,-1.180474,3.367453
69.000000,-156.643486,45.838183,67.993373,7.088892,-5.374436,5.481750,12.506501,-15.535477,-0.939264,20.924947,-42.936096,8.393134,-31.614210,-16.983532,-11.263691,64.659926,-42.844622,5.473398,-4.879219,-8.717107,13.813212,-1.745537,20.948733,-18.077766,55.900563,5.740906,-5.153369,-1.691075,-6.878732,-18.798217,24.276384,54.838865,-13.376085,-1.102361,2.751706
70.000000,-155.529296,45.710415,68.004698,6.325517,-4.829449,4.676697,12.850077,-14.652192,-0.712526,20.946232,-43.121102,8.594672,-32.720902,-14.534086,-11.038824,59.440589,-43.121959,5.275613,-3.894222,-8.196080,13.447199,-2.452677,20.910745,-17.613902,57.022449,6.567901,-5.499374,-0.914529,-7.074226,-18.930291,24.652624,54.716676,-13.170533,-1.043103,1.865770
71.000000,-154.367924,45.578292,67.967570,5.881284,-4.029772,4.179782,12.854783,-13.952697,-0.236056,21.122316,-43.500553,8.313169,-33.875819,-13.486627,-11.321671,55.677373,-43.809622,4.359314,-3.400866,-7.969628,12.903631,-2.690439,20.904257,-17.302087,57.531926,6.859932,-5.689597,-0.864452,-7.346221,-19.205548,24.548994,54.370532,-12.936847,-1.075512,1.601907
72.000000,-152.987349,45.430306,67.896879,5.373822,-3.074982,3.765037,12.830428,-13.154354,-0.013795,21.506553,-43.663965,7.682557,-34.619562,-12.817180,-12.276401,53.263861,-44.021628,3.708675,-3.208517,-7.650022,11.990943,-2.647385,20.718435,-17.328077,57.860991,6.805790,-5.610409,-1.298926,-7.552576,-19.564104,24.099248,54.191025,-12.081112,-1.343793,2.097130
73.000000,-151.489520,45.234874,67.718333,5.022543,-2.535494,3.738352,12.637149,-12.481723,-0.316193,23.641510,-43.942364,7.091258,-34.955764,-12.096692,-12.427734,52.920838,-43.318330,3.469946,-3.199119,-7.462121,11.549733,-2.635220,20.401027,-17.241885,57.965787,6.886090,-5.489886,-1.320731,-7.622069,-19.927034,23.822288,53.608676,-12.027155,-1.373365,2.024150
74.000000,-149.809802,45.040810,67.487192,4.727819,-2.214485,4.248522,12.795967,-11.813505,-1.172655,25.948997,-44.051145,6.299311,-34.643174,-11.665651,-12.439780,54.091222,-42.054885,3.053778,-3.491992,-7.247560,11.428754,-2.676941,19.841722,-16.987889,57.805960,4.971181,-5.892589,-1.890079,-7.650451,-20.258071,23.429243,53.221674,-11.530444,-1.402543,2.243597
75.000000,-148.023736,44.784975,67.318189,4.090106,-2.029733,4.682985,12.943299,-10.604877,-1.632534,28.964718,-43.895006,5.272346,-33.908641,-11.079207,-13.006273,55.912137,-39.907610,1.733593,-3.711744,-6.675692,11.614417,-2.646436,19.111747,-16.031533,56.936976,3.786936,-5.508542,-1.589136,-7.829179,-20.380882,22.905137,53.236021,-11.262148,-1.295818,2.109863
76.000000,-146.202588,44.576326,67.102206,3.579349,-2.206925,4.882053,12.791144,-9.559382,-1.486014,33.506596,-43.434539,3.816778,-33.466052,-10.364972,-12.726398,58.435171,-39.089408,1.236792,-3.299454,-6.424549,11.786030,-2.284902,18.314722,-14.892283,56.334516,2.347704,-5.744343,-1.527062,-7.413201,-20.092487,22.767198,53.589306,-11.211915,-1.332605,2.466713
77.000000,-144.179189,44.179240,67.088223,2.503749,-1.819838,5.427240,11.965963,-7.630001,-1.862746,38.044509,-42.460971,1.779986,-32.466649,-8.236155,-12.613987,59.308295,-38.698902,0.011064,-3.340492,-5.623067,11.380196,-2.152254,17.920704,-13.566184,55.845341,0.611802,-5.514019,-1.138105,-7.433061,-19.970235,22.789512,54.424737,-11.381545,-1.330192,2.484131
78.000000,-142.104661,43.660802,67.213053,0.645618,-1.458506,5.721554,10.354330,-4.640691,-2.138149,43.931572,-40.403393,-0.600920,-30.228348,-5.576170,-14.084831,57.984174,-39.012456,-1.869631,-3.319498,-4.194858,10.747198,-1.766361,17.894742,-12.879298,55.062198,-1.070357,-5.293790,-0.883254,-7.513322,-19.770777,23.637212,54.998206,-10.968846,-1.242080,2.348863
79.000000,-140.099835,43.180227,67.282879,-0.933425,-1.289973,6.176421,8.007841,-1.632523,-1.952470,50.878923,-36.370860,-3.622146,-27.762610,-3.356523,-15.628098,56.528199,-40.369806,-3.501597,-2.991747,-3.082138,10.047019,-1.466749,17.953051,-12.870909,54.421943,-2.368656,-4.864858,-0.912150,-7.346127,-19.669977,24.687531,54.845647,-11.094920,-1.170516,2.893002
80.000000,-138.301873,42.771187,67.284417,-2.698996,-1.267021,6.100157,4.744630,0.707664,-2.650416,59.414962,-32.397865,-5.981170,-25.392138,-0.739302,-16.855075,54.876916,-41.323949,-4.892587,-2.028336,-1.902411,9.517258,-1.503881,18.243369,-12.868629,53.909501,-3.165672,-4.425232,-0.149260,-7.331134,-19.791382,26.354836,54.265730,-11.935656,-1.241665,2.568336
81.000000,-136.624479,42.467642,67.281771,-4.504169,-0.958858,5.907958,-0.005877,3.620413,-2.555270,69.134560,-27.655760,-7.097678,-23.468170,1.954277,-17.764248,52.902127,-41.958306,-6.017722,-0.682770,-0.506197,8.787098,-1.833004,18.411342,-12.859035,53.495397,-4.138885,-4.389682,1.451981,-7.688756,-20.242314,28.286477,53.460789,-13.751989,-1.883953,1.477424
82.000000,-134.992933,42.278051,67.297775,-5.692614,-0.562729,4.957415,-5.236617,3.410931,-3.848443,78.670665,-22.481646,-6.157226,-21.844065,4.307187,-17.562138,51.261727,-42.551624,-7.161816,1.664658,0.511476,8.334758,-3.091479,18.119385,-12.371156,52.916440,-6.456984,-3.845175,1.426803,-8.993605,-20.584348,29.473912,53.279966,-12.688898,-1.551428,1.435931
83.000000,-133.216262,42.044717,67.440140,-5.877631,-0.795367,4.900344,-9.954393,5.862582,-2.136687,85.335707,-21.892211,-4.297165,-18.984342,5.234712,-17.582650,49.575583,-43.429440,-7.975521,3.410724,0.725119,8.532815,-4.482429,17.799862,-11.985047,52.561820,-7.176486,-3.457677,2.996661,-10.526473,-20.863846,30.143599,53.308967,-12.892597,-0.958350,0.179391
84.000000,-131.468832,41.844872,67.372453,-5.641170,-1.357753,4.374746,-14.303410,7.614104,-0.391789,89.433281,-27.660617,-2.379360,-16.772699,5.635358,-17.039266,49.793978,-45.074665,-7.916544,5.548488,0.582088,8.548413,-5.113905,17.594373,-11.644845,52.249328,-7.319078,-4.329385,3.667420,-11.476735,-21.614250,32.429858,53.166831,-15.258243,-2.011780,0.478761
85.000000,-129.699290,41.728616,67.533916,-5.584627,-1.412824,3.119656,-19.141904,8.457741,1.070120,90.260082,-32.989909,-1.247938,-14.000434,6.704850,-15.968654,47.526973,-45.270924,-7.826044,7.807900,0.343474,8.832773,-6.502890,17.685469,-10.903623,52.231823,-7.886466,-5.234598,3.075823,-14.042971,-22.355460,34.347734,53.196484,-17.800064,-4.247346,2.054487
86.000000,-127.959120,41.699293,67.512560,-5.573940,-1.718553,2.004965,-23.823123,9.210626,2.378762,88.663075,-38.030350,0.071946,-11.666602,7.421452,-14.942354,46.635989,-46.081299,-7.573895,9.614336,0.325637,9.059603,-6.807332,17.627695,-10.036806,51.586619,-8.697459,-4.852510,2.416501,-16.523966,-21.372628,33.539897,54.304034,-17.133562,-2.246960,2.518234
87.000000,-126.061046,41.677943,67.575079,-5.248870,-2.422061,1.218242,-27.181436,10.113200,4.159552,84.043053,-41.325940,1.738432,-8.352158,7.759699,-13.720290,45.226022,-46.675693,-7.361713,10.826581,-0.026800,9.773909,-6.923538,17.840177,-9.059281,51.281784,-9.172083,-4.720032,2.515906,-18.793103,-20.491855,32.646286,54.297535,-16.295575,-1.853378,2.141175
88.000000,-124.148953,41.675842,67.706978,-4.752753,-3.236149,0.982690,-29.711419,10.322301,5.918593,76.779919,-42.422278,2.362905,-4.557416,7.662786,-13.040981,43.068000,-46.901208,-7.205631,11.301113,-0.357894,10.630804,-6.906198,18.130662,-8.138412,51.616286,-9.428182,-4.604673,2.937408,-20.736196,-19.929969,31.849025,53.684706,-15.253694,-1.869433,1.717006
89.000000,-122.245252,41.792008,67.910254,-4.023849,-3.975372,0.949462,-31.316195,8.076590,5.838250,67.438754,-42.342071,2.121219,-0.717556,7.112880,-12.389838,40.736754,-47.059187,-7.016542,11.294626,-0.678035,11.556631,-6.819397,18.190590,-7.379468,52.802905,-9.215574,-4.648023,3.056236,-22.596424,-19.450516,30.437655,52.850416,-14.390232,-2.532631,0.275450
90.000000,-120.308363,41.844809,68.201041,-2.873189,-4.082059,0.771593,-32.042965,5.252065,5.232946,56.901131,-40.034262,1.524983,2.149373,5.981490,-11.725582,39.040743,-46.875107,-6.919479,11.295637,-1.482120,11.901602,-6.477323,18.307697,-6.513853,54.283666,-8.542324,-4.305825,3.469741,-23.996125,-18.973065,29.430315,51.733871,-13.196296,-3.000472,-0.727098
91.000000,-118.432689,42.013341,68.459874,-1.505672,-3.185101,1.148947,-32.421627,2.478422,4.898075,46.365045,-38.121195,1.779880,3.287949,4.136603,-11.899587,38.691352,-46.802782,-6.948443,10.453609,-2.679315,11.212309,-5.687523,18.451876,-5.996603,56.050271,-8.454482,-4.279627,3.640731,-24.951356,-18.432420,29.014787,50.696335,-11.848578,-3.142991,-1.626148
92.000000,-116.589916,42.298803,68.552184,-0.243028,-1.822115,0.931889,-32.139827,0.482623,5.631310,37.692921,-36.773035,2.042917,2.940840,1.862933,-12.375160,40.202832,-47.174662,-6.333509,9.856398,-3.924120,10.058844,-4.639652,18.540362,-5.253877,57.820017,-7.080300,-3.745032,4.527054,-25.685423,-17.700575,28.891509,49.903548,-11.279899,-3.023379,-2.687379
93.000000,-114.548123,42.586750,67.991579,0.614555,-1.875895,0.236956,-33.478473,-0.373977,5.883295,40.051618,-37.412795,2.331041,3.066471,-0.007138,-11.874922,44.680516,-47.556818,-5.538657,9.786223,-4.536558,9.763965,-2.944615,18.239899,-5.160164,59.170120,-6.604291,-3.402036,4.485365,-25.565734,-17.224955,29.497152,49.470992,-11.724291,-3.216247,-2.293422
94.000000,-112.104166,43.036309,67.465520,1.698091,-1.602546,-0.939597,-33.358576,-1.194303,6.964631,43.828221,-37.253272,3.994850,3.031606,-2.165006,-10.547764,49.212039,-47.468493,-4.312277,9.764561,-5.503762,8.948447,-1.177558,18.055231,-4.879962,60.757654,-6.219322,-2.943944,4.406974,-25.092226,-16.756751,30.205456,49.302802,-11.893051,-3.191372,-1.674650
95.000000,-109.492719,43.711093,67.397904,6.067460,-1.095894,-1.823573,-29.716995,-5.112818,12.112745,39.827144,-34.114575,6.951690,2.116689,-8.474106,-8.161653,55.267828,-46.550205,-1.741398,9.350214,-10.027783,7.794069,1.030168,18.455135,-4.747943,62.274646,-6.212538,-2.980506,2.091801,-23.542084,-16.403838,30.702947,48.685144,-12.468475,-3.129004,0.809470
96.000000,-107.000434,44.242242,67.160416,7.440142,-0.748764,-1.862827,-29.900584,-6.943864,12.554047,43.125329,-33.181312,7.367831,2.018096,-11.219058,-7.732634,59.610244,-43.090540,0.392735,8.368546,-11.127022,7.020818,2.090922,18.078333,-5.146504,62.580563,-5.956678,-2.938637,1.950956,-21.696246,-16.065075,30.328051,49.366200,-12.288762,-2.855609,0.527100
97.000000,-104.449308,44.972682,67.427415,10.516722,-0.315513,-1.821423,-26.537218,-11.730360,13.312735,38.838074,-30.797589,8.765615,0.686427,-16.464612,-6.483471,64.753390,-36.578945,3.960527,7.562670,-14.124109,5.570253,3.533601,18.541872,-5.947316,62.382863,-5.425126,-3.250911,0.420906,-18.341962,-16.113506,29.940903,49.209095,-12.481199,-3.134581,2.678390
98.000000,-102.170837,45.705053,67.531240,12.632977,0.127885,-1.002666,-24.183408,-15.429037,13.536822,36.458283,-30.532581,10.207218,-1.714529,-20.070675,-4.857356,70.916215,-27.647784,7.055538,6.090353,-15.836437,4.597743,4.432039,18.581856,-6.442903,60.628181,-4.574153,-3.256135,-0.256721,-14.980903,-16.782533,30.133449,49.341638,-12.744228,-3.252947,4.033484
99.000000,-99.924952,46.379727,67.739344,14.311224,0.143914,-0.577630,-20.278770,-18.825820,13.071228,32.406751,-30.458211,12.870677,-4.826741,-22.962362,-2.343335,77.716372,-20.405018,7.743468,4.915463,-17.145390,4.349796,4.463422,19.055729,-6.165449,59.037771,-4.035441,-2.035704,-0.799727,-12.562458,-16.791231,29.813270,50.291680,-10.101357,-1.138937,1.324635
100.000000,-97.880018,46.959457,68.027592,15.707639,-0.319891,-0.247131,-14.800263,-21.875851,11.827683,26.243221,-29.272695,14.377646,-8.740380,-26.298334,-0.317637,84.462953,-13.830694,7.908321,3.342531,-18.166070,5.135669,3.163124,19.370335,-6.127147,58.066676,-4.003659,-2.388976,-0.398997,-11.686636,-17.897150,31.241719,51.379220,-11.929188,-1.888970,1.320893
101.000000,-95.933068,47.405407,67.926592,16.564048,-1.363811,0.387697,-12.182018,-23.631235,11.044190,26.677025,-31.062922,14.999958,-11.705369,-31.300114,-0.909567,90.374092,-13.741074,6.339667,1.345385,-18.789454,5.912479,2.039929,19.870625,-7.296381,57.192907,-3.248362,-3.078346,0.193048,-10.322713,-18.412993,31.940434,52.807546,-13.041174,-1.687801,1.163739
102.000000,-93.850499,48.008743,68.519509,15.289032,-2.050449,0.686927,-3.901700,-23.989147,7.478270,17.508741,-29.047183,14.921539,-15.497349,-31.079499,-0.399356,92.670620,-17.387365,5.153301,-0.543892,-17.492661,7.170156,-1.325342,21.302061,-8.960871,57.918522,-1.781231,-3.325464,0.245717,-10.466210,-18.666297,31.441318,55.382698,-13.721824,-1.700136,1.633270
103.000000,-92.037529,47.999495,68.450177,16.485828,-3.295909,2.171915,-1.014069,-25.392427,6.976786,18.187120,-29.856341,13.978882,-18.224420,-33.202629,-1.048617,93.997405,-25.117532,4.742176,-3.011746,-18.261166,7.707650,-2.596033,21.932627,-11.041039,57.790053,-0.182539,-3.010060,0.295244,-8.705842,-18.846690,30.823353,56.755891,-13.480733,-1.235215,1.667789
104.000000,-89.807034,48.256716,68.793142,14.092987,-4.325459,2.558045,6.402504,-23.538691,3.716360,11.773860,-29.278292,13.380661,-20.117996,-30.929972,-3.807133,92.049824,-30.560264,3.367278,-4.033876,-16.048303,9.589758,-6.975786,23.329817,-12.723647,58.069141,0.923405,-2.477549,0.248523,-8.214050,-18.979501,29.409610,57.202319,-12.862840,-0.934055,2.407339
105.000000,-88.148999,48.137873,68.661809,15.242064,-5.752305,3.525256,8.859324,-24.438420,3.023111,13.243388,-30.169929,12.643586,-23.070460,-33.136888,-5.313976,89.727362,-35.646283,2.515600,-5.306334,-16.860206,10.413251,-8.650581,23.512790,-13.778951,57.013262,1.336702,-2.616641,0.906220,-6.669596,-19.110779,29.567442,56.975614,-12.883942,-1.109719,2.491045
106.000000,-85.954958,48.143300,68.761855,12.481883,-6.338183,3.918537,12.228736,-21.337301,1.681294,13.402944,-32.501667,11.890568,-24.256095,-29.895813,-9.835820,84.339333,-39.084644,1.987229,-6.277223,-14.354397,12.343462,-12.874408,24.584525,-14.199455,56.067247,1.341438,-2.650432,1.979919,-6.280254,-19.410703,28.985240,55.390317,-12.349075,-1.070051,2.849130
107.000000,-84.158182,47.925362,68.587804,12.756945,-7.425557,4.634130,14.169480,-21.132749,1.209707,15.613555,-34.216393,11.271837,-26.765242,-28.469487,-10.436339,79.263416,-40.634889,3.101516,-6.620394,-14.561181,13.320752,-14.876413,24.292391,-13.860804,54.411083,0.902511,-2.908970,3.000039,-5.029768,-19.097810,29.129449,54.841245,-12.395432,-1.302669,2.567760
108.000000,-82.000494,47.768521,68.597698,10.397751,-7.913467,4.193939,15.854886,-18.311952,0.969180,17.721117,-36.977603,10.709568,-27.654420,-24.198742,-13.504459,71.491440,-41.190409,4.034013,-6.298225,-12.185052,14.513076,-17.525454,24.124139,-13.228780,52.680990,0.820905,-2.707578,3.811019,-4.755987,-18.768071,28.587938,54.324538,-12.525539,-1.081918,2.464057
109.000000,-80.067277,47.517529,68.484110,8.971339,-8.098783,3.635450,16.555407,-16.361974,1.630181,20.379217,-39.299327,10.438995,-29.015446,-21.305747,-15.655449,64.280597,-41.454368,4.487776,-5.823123,-10.754344,15.042774,-19.121635,23.656478,-12.683593,51.142189,0.365566,-3.145505,4.407984,-4.563908,-18.196377,28.201482,54.321727,-12.223480,-0.911804,2.104324
110.000000,-78.270930,47.321984,68.147892,8.815203,-8.525823,3.945686,17.267589,-15.700836,1.902992,23.305995,-41.531430,9.179227,-30.712584,-19.869553,-15.397734,59.324544,-42.819566,5.725847,-5.710211,-10.616489,15.285495,-19.804950,22.728307,-12.582487,49.927552,-0.754117,-4.521583,4.371726,-4.039020,-17.674863,27.810833,54.407200,-13.183168,-1.238374,3.525369
111.000000,-76.238537,46.960139,68.174648,6.184918,-7.409104,3.378025,16.412598,-12.221964,2.521750,26.234391,-43.709270,7.280037,-30.895685,-14.848597,-16.527326,51.564534,-42.662168,5.206133,-5.164030,-7.803454,14.563915,-20.777376,21.464303,-12.403577,49.465811,-3.376075,-6.382699,3.459742,-4.575784,-17.786513,26.461975,54.989850,-15.158526,-1.986441,6.444686
112.000000,-74.058861,46.710259,67.974526,5.437527,-6.754828,3.690053,16.320742,-10.974670,2.024428,29.108948,-44.371395,7.128455,-31.519684,-12.480226,-14.936893,48.794130,-42.739564,4.707904,-5.339009,-7.000134,13.774328,-20.007928,20.202043,-12.092152,48.887516,-4.028852,-6.610693,3.365820,-4.721607,-17.626061,25.931906,55.607360,-14.998957,-1.911508,5.966814
113.000000,-71.588051,46.454108,67.580658,4.491546,-6.597040,4.509603,16.020426,-9.267678,1.094839,34.298143,-44.901855,6.114376,-30.772424,-10.731311,-13.966098,49.337137,-42.541830,4.049945,-5.769448,-6.028735,13.179548,-18.406528,18.871473,-11.940316,49.064838,-4.208940,-6.750752,3.220062,-4.644243,-17.719497,25.382680,55.832999,-14.473294,-1.744127,5.642057
114.000000,-68.907839,46.179283,67.044175,3.483441,-6.501144,4.664840,15.714841,-7.269066,1.297397,40.559224,-44.254640,4.194919,-29.868745,-10.153037,-14.955876,52.412963,-41.192908,2.619550,-5.492290,-5.349372,12.582640,-16.187045,17.981340,-11.981134,49.901109,-4.201306,-6.640078,2.293988,-4.644056,-17.654687,24.999785,55.985937,-14.684623,-1.797236,5.543808
115.000000,-66.130799,45.561984,66.993254,-0.148533,-6.086520,4.234329,13.714483,-2.028241,1.112311,48.856114,-42.579017,1.693398,-27.337709,-5.298121,-17.417604,50.954478,-38.950916,-0.100247,-5.205734,-1.726765,11.254466,-12.837884,16.938171,-11.632400,51.660272,-3.512038,-6.309434,1.246473,-4.887287,-18.252403,25.284930,56.698739,-14.274223,-1.870280,5.397335
116.000000,-63.522667,45.073739,67.037880,-2.891356,-5.761681,3.129659,11.368998,2.269183,1.979760,57.059049,-36.490549,-1.815562,-25.725214,-0.909241,-17.714429,50.658933,-37.322626,-1.905362,-4.207807,1.003205,10.008193,-9.097967,15.936395,-11.886489,54.231169,-3.014474,-5.728133,0.723273,-5.294089,-19.088198,26.331277,56.927031,-14.377003,-1.660818,4.808024
117.000000,-61.089432,44.567943,67.090714,-4.979880,-5.458542,2.016725,7.977868,5.971356,2.480046,66.144706,-28.554724,-4.974890,-24.114978,2.656502,-17.752666,50.340584,-36.962156,-3.992974,-3.267264,2.855930,9.022273,-5.052212,15.920312,-13.181484,56.374548,-1.807662,-4.840175,-0.170391,-6.030590,-20.002948,27.122842,56.064833,-14.012446,-1.153340,4.491498
118.000000,-58.640331,44.067040,67.192447,-6.764607,-5.145756,1.272162,3.628701,9.241163,1.896259,75.366438,-21.230275,-5.780559,-22.031108,6.045666,-17.658735,49.349141,-37.175162,-7.141534,-2.690564,4.444144,8.415874,-1.174350,16.347361,-14.184860,56.870911,-2.172560,-2.881285,-2.748671,-6.952246,-21.001519,27.509091,54.308822,-12.917814,-1.249629,4.473692
119.000000,-56.285983,43.589422,67.371762,-7.946630,-5.383247,0.786263,-0.757297,12.389587,1.749942,82.858131,-16.723595,-5.216199,-18.708356,8.779157,-17.341635,47.342165,-37.997630,-9.328380,-1.817681,5.485161,8.850107,1.309981,17.300007,-15.914947,57.121446,-1.306857,-1.823045,-4.328449,-8.413618,-22.067769,27.523152,52.562530,-11.493802,-1.687698,3.408594
120.000000,-53.985357,43.250686,67.270571,-8.334724,-6.200475,0.141626,-3.938811,14.992291,2.784821,87.739661,-22.351577,-3.578420,-16.242825,9.855221,-16.772769,48.424921,-40.347222,-9.558910,-0.540385,5.901189,9.339833,3.296457,17.753801,-17.248318,57.398943,0.336199,-2.095633,-4.541200,-9.579279,-22.683681,27.867503,51.893913,-11.576150,-1.782609,2.579908
121.000000,-51.576394,42.839280,67.742383,-8.006037,-6.538954,-1.004620,-7.566093,15.224389,3.731650,88.985849,-27.180236,-2.181215,-11.276564,11.191652,-14.952015,44.298715,-40.633608,-9.115671,1.787844,5.124811,9.923212,3.947331,19.229423,-17.195694,56.735301,2.257259,-2.693461,-4.214590,-12.270363,-23.465125,27.511625,52.063868,-12.860567,-1.641360,1.749648
122.000000,-49.272802,42.591915,67.842001,-7.555898,-7.182222,-2.466504,-10.620967,15.172541,5.462387,88.264048,-34.013027,-1.037825,-7.959155,11.394270,-13.315979,43.856440,-42.246810,-7.926840,4.124292,4.439632,10.326566,4.668902,19.740235,-16.732184,56.373052,2.035062,-3.305979,-3.462532,-14.373247,-23.305589,27.753301,53.528804,-13.691137,-1.201569,0.803962
123.000000,-46.937791,42.359784,67.920732,-6.964245,-7.947521,-3.517968,-13.581666,14.470705,6.917400,85.505369,-38.920095,-0.116323,-4.435933,11.277164,-11.777023,43.160556,-43.788008,-6.789842,6.203479,3.532562,10.726794,4.982549,20.252684,-15.561046,56.156046,0.610995,-4.009139,-3.128306,-16.086728,-23.015369,27.650236,54.394862,-13.716111,-1.050348,-0.355316
124.000000,-44.657695,42.179483,67.972839,-5.763022,-8.450216,-4.368563,-16.666544,13.320060,8.906672,80.831867,-41.644326,1.215147,-1.424912,10.041173,-10.483062,43.210543,-45.080300,-6.098597,8.068286,2.233031,11.382867,4.849989,20.324985,-14.229771,55.335351,-0.987156,-3.916571,-3.365670,-17.858414,-22.591646,27.047594,54.645075,-12.844862,-0.658182,-0.007526
125.000000,-42.426136,42.078617,68.020046,-5.209518,-8.800913,-5.178104,-19.720286,12.298991,10.019955,75.278144,-42.678468,2.095714,1.558801,9.597683,-9.210769,42.220275,-45.819832,-5.662995,9.684354,1.832808,12.086480,4.240345,19.866584,-12.601258,55.064896,-1.975310,-3.979177,-3.125661,-19.266019,-22.468153,25.935067,53.953266,-12.509799,-1.206596,-0.335811
126.000000,-40.205261,42.028910,68.032277,-4.788277,-9.105835,-5.419871,-22.620210,10.387090,9.810504,68.895913,-42.472729,2.128434,4.753790,9.053983,-8.610019,40.797307,-46.446219,-5.337033,10.353619,1.625550,12.597704,3.697632,19.169457,-10.184734,54.967197,-3.209225,-3.866412,-2.029147,-20.632777,-22.336179,25.100991,53.547105,-11.595923,-1.599518,-0.590871
127.000000,-37.974793,41.983449,68.065423,-4.075843,-8.915124,-5.832956,-24.968967,8.203361,9.752361,61.330604,-41.327873,1.574190,7.109639,8.097468,-8.006464,39.787802,-46.866641,-5.129799,10.969886,1.342680,12.916933,2.794487,17.781783,-6.785992,55.258546,-6.275978,-3.134515,-0.558620,-22.441927,-22.330988,24.492363,53.812608,-10.733963,-1.735759,-0.713679
128.000000,-35.774994,41.966981,68.150985,-2.938182,-8.157958,-5.890331,-26.618101,5.827842,10.366840,52.155478,-40.370072,1.033981,8.521721,6.565891,-7.990983,39.202397,-47.196276,-4.938202,10.970315,0.583138,12.637708,2.357890,16.656110,-3.757536,54.963704,-8.861354,-2.362432,2.409716,-24.197060,-22.303006,24.171522,54.134546,-9.980016,-1.506835,-2.663698
129.000000,-33.577767,42.002627,68.272543,-1.370503,-6.556892,-5.675793,-27.452685,3.155973,11.363706,41.271111,-37.963527,0.593649,8.475497,4.550962,-8.270930,39.708572,-47.537215,-4.705915,10.542477,-0.711248,11.546793,1.952540,16.500455,-2.354900,55.510491,-11.778488,-2.765335,2.926681,-25.821759,-22.329903,23.776790,54.757715,-10.299662,-2.027830,-3.518127
130.000000,-31.286600,42.091668,68.318486,0.532640,-4.189934,-5.807606,-27.307901,0.502691,12.795208,29.503917,-34.678923,1.040496,6.790227,1.756194,-8.763313,42.028695,-47.803172,-3.917556,10.224674,-2.481832,9.677600,1.579309,17.371818,-2.132652,55.943682,-10.691449,-3.051077,2.835647,-27.117726,-22.253158,23.499326,55.257883,-10.589235,-2.213250,-3.487549
131.000000,-28.731775,42.099726,67.648655,1.959916,-3.776977,-6.056863,-29.199407,-0.285259,14.269189,31.241569,-34.944351,1.595571,6.986658,-0.718850,-8.723440,46.231201,-47.809285,-2.545446,9.737694,-3.476164,8.980186,2.058864,17.925246,-2.476111,56.569662,-9.285064,-2.922002,2.366053,-27.158844,-22.326480,23.742516,55.383286,-10.656552,-2.154405,-3.352747
132.000000,-25.658959,42.255950,66.947877,3.843391,-3.277907,-6.811698,-30.014689,-2.147231,15.079137,35.321330,-34.841833,2.993646,6.946939,-3.537601,-7.020367,51.232446,-47.159967,-0.314847,9.785153,-5.134347,7.955767,2.496467,18.554689,-2.144502,58.035667,-8.784612,-2.701691,1.816741,-26.824595,-22.461086,24.048744,55.400101,-10.560196,-2.093088,-2.802105
133.000000,-22.353175,42.495486,66.369617,6.285033,-2.920426,-7.335987,-30.289696,-4.609270,16.603348,39.414594,-32.662692,5.762250,6.852555,-7.020581,-5.061541,56.949694,-44.356645,2.229859,9.355452,-7.344265,6.848573,2.811670,19.044207,-1.801476,59.864942,-8.183301,-2.425103,2.389257,-26.036311,-22.495278,24.378270,55.250233,-10.532825,-2.192758,-2.486244
134.000000,-19.181457,42.952430,66.166514,8.946776,-2.585819,-6.723409,-30.310679,-8.169274,17.764335,42.568440,-30.558837,9.763375,5.850116,-10.951130,-3.659453,63.094173,-36.729506,5.874963,7.989121,-9.873685,5.647657,2.600690,19.480142,-1.545452,61.995708,-6.919207,-2.423633,3.058680,-24.051121,-22.140306,24.040888,54.994477,-10.476228,-2.319725,-2.126592
135.000000,-16.204216,43.426397,66.226542,12.224784,-2.424425,-5.720248,-28.735924,-13.475679,18.363773,41.892590,-30.336196,13.467534,3.049949,-15.433842,-1.548636,70.794945,-25.868433,10.431114,6.767545,-13.027879,4.740185,2.257159,20.168676,-2.311976,62.951443,-6.103722,-2.657668,1.777997,-20.694196,-21.567343,22.704753,54.551119,-9.763289,-2.099100,-0.848159
136.000000,-13.440657,43.631336,66.536182,14.350836,-2.208216,-4.453071,-25.867135,-17.243236,17.924836,39.904916,-30.856377,15.000035,-0.840052,-17.109873,1.492273,78.619480,-14.803499,12.976034,5.338699,-14.747622,4.351334,1.533658,20.377530,-3.440374,62.115202,-5.821230,-3.122506,1.206093,-17.784042,-21.374589,21.811417,54.580178,-8.952017,-2.249984,0.118481
137.000000,-10.895318,43.429714,67.122042,15.310962,-2.187124,-3.702347,-21.684292,-18.937027,16.175199,36.551112,-31.318279,15.000035,-6.153636,-19.392534,2.512882,86.103769,-6.772539,12.102546,3.746381,-15.412004,4.653175,0.139542,20.856765,-3.725016,60.506419,-5.121871,-1.899750,-0.053298,-16.402976,-20.839617,22.087199,55.499204,-5.429921,-1.229371,-2.898147
138.000000,-8.322505,43.684408,67.253786,15.432958,-3.029676,-3.104584,-18.664755,-19.758086,15.534429,37.225269,-33.615299,15.000035,-10.175142,-24.410259,1.318889,91.681110,-11.817742,9.065707,1.911684,-15.393836,5.214440,-0.844470,20.657207,-4.847436,58.585251,-5.316006,-2.703244,0.180048,-14.813801,-20.575252,23.183984,56.284437,-6.287509,-0.991015,-2.627637
139.000000,-5.424167,44.146171,68.161637,15.516034,-4.096260,-2.222068,-7.509804,-23.057949,11.497619,24.117442,-30.230342,15.000035,-13.857026,-26.232359,1.825202,93.080309,-19.682001,6.980522,-0.024935,-14.730389,6.726099,-3.521796,20.377579,-6.085693,57.559117,-5.031114,-2.769798,0.987966,-14.341061,-21.352712,23.818383,57.365891,-7.531645,-1.001669,-1.838403
140.000000,-3.059685,44.196036,68.149889,16.080276,-5.091055,-0.013985,-4.568763,-24.450511,9.754785,25.348502,-31.797239,15.000035,-17.312340,-29.058999,0.384672,93.813386,-26.929735,5.307641,-2.980406,-15.012197,7.006073,-4.806353,20.127681,-7.955948,56.830770,-3.645715,-2.875198,1.196321,-12.112555,-21.034934,23.496187,58.046206,-7.651352,-0.812009,-1.805452
141.000000,-0.260414,44.515049,68.578094,13.570281,-5.488980,1.676626,2.480437,-23.396596,5.164526,20.310869,-31.877702,15.000035,-19.789508,-28.354089,-3.492691,90.666103,-33.146088,3.633208,-5.531632,-12.211142,8.032402,-8.576049,20.203542,-9.750153,56.763622,-1.604428,-2.247915,1.464448,-10.540296,-21.382445,21.757732,57.903632,-7.286361,-0.740873,-1.282108
142.000000,2.095189,44.464716,68.500769,13.600758,-6.507189,3.282763,5.415255,-23.697406,3.373855,21.976731,-33.990986,15.000035,-22.817019,-29.506926,-5.471346,86.938452,-37.540236,3.022761,-7.278565,-12.174563,9.069321,-10.867623,19.716087,-10.751750,55.982768,-1.220152,-2.233554,1.565904,-8.440311,-20.952333,20.744306,57.972638,-6.578238,-0.866458,-1.012724
143.000000,4.640766,44.339943,68.618906,11.221423,-7.205747,4.178469,8.917710,-21.018575,1.396966,22.792408,-36.478889,14.692770,-24.332247,-27.063120,-9.538252,80.221911,-40.225842,2.588839,-8.139423,-9.754205,10.848915,-14.750811,19.121372,-11.146280,55.179141,-1.489237,-1.903427,2.019569,-6.922823,-20.900437,19.819066,57.498602,-6.115420,-0.752871,-1.064279
144.000000,7.035137,44.119561,68.565577,10.144918,-8.013742,4.774150,12.009411,-19.501245,0.296227,23.586540,-38.557050,14.109309,-26.132288,-24.979216,-11.749742,72.970476,-41.028875,3.365024,-8.285232,-8.829652,12.244018,-17.499262,18.530324,-11.247180,53.919781,-1.278760,-2.269548,2.925322,-5.549820,-20.336466,19.646040,58.103285,-6.182497,-0.677266,-1.050600
145.000000,9.399237,43.863067,68.532819,9.162779,-8.375908,4.821889,14.950514,-17.944194,-0.050068,23.254511,-39.958376,13.553936,-27.780763,-22.155030,-13.300771,65.084073,-41.084534,4.751993,-7.982767,-8.159891,13.088581,-19.579890,18.084174,-11.172710,52.329412,-1.252491,-2.892205,3.493039,-4.745722,-19.748816,19.920153,58.748431,-6.943979,-0.305962,-1.070633
146.000000,11.735924,43.534964,68.465370,8.222547,-8.151884,4.599910,16.900007,-16.255092,0.403584,23.372634,-41.230171,12.973244,-29.291987,-19.357839,-14.461174,57.767035,-41.925740,5.214429,-7.411477,-7.580661,13.164209,-20.461601,17.781609,-10.773582,49.980958,-0.898400,-3.337317,3.814596,-3.948228,-19.320913,20.440955,59.054779,-8.303571,-0.109778,-0.807222
147.000000,13.924608,43.218353,68.165922,7.987362,-7.997738,5.007629,17.489043,-15.376812,0.444571,26.111567,-42.106241,11.986804,-31.203695,-17.775233,-13.852435,54.145522,-42.942455,5.442108,-7.041395,-7.744816,12.915171,-20.690895,17.313353,-10.785461,48.403963,-0.600681,-3.981403,4.071509,-3.171934,-18.884309,20.862065,59.379588,-8.817006,0.122451,-0.752366
148.000000,16.407427,42.780674,68.179661,5.482846,-6.380705,5.277998,15.754023,-11.793056,0.350222,30.645908,-43.611516,10.832193,-30.931126,-13.084212,-14.493088,48.321720,-42.094855,4.163601,-7.024590,-5.592430,11.363871,-19.988091,16.869579,-10.808009,46.711186,-0.833660,-4.377210,3.966473,-2.971305,-18.802358,21.152348,59.599971,-9.017731,0.206974,-0.582046
149.000000,19.056334,42.548972,67.574221,5.093888,-6.419585,5.980250,15.856540,-10.587749,-0.040067,35.911465,-43.831349,9.432136,-30.933152,-12.148781,-13.209855,51.308907,-41.984268,3.699545,-6.739207,-5.550845,11.007629,-18.747869,16.321519,-11.177889,46.594253,-0.993911,-4.561598,3.573696,-2.642697,-18.722698,21.155794,59.721924,-9.029416,0.310352,-0.651757
150.000000,21.901034,42.089111,67.190993,4.330733,-6.240697,6.165661,15.432859,-8.895637,-0.294602,41.829509,-42.502983,7.896212,-29.907971,-11.850642,-14.717418,54.283355,-39.907317,1.589261,-6.070430,-5.090918,10.386473,-16.668156,16.074210,-11.300662,47.014682,-0.893822,-4.657898,2.764133,-2.706792,-18.847625,21.035559,59.839595,-9.027301,0.340664,-0.833409
151.000000,24.690005,41.535541,67.162788,0.697450,-6.195647,6.552260,12.818836,-2.915405,0.490534,51.678468,-39.520349,4.535699,-26.937043,-7.601388,-17.575105,53.509672,-36.722113,-0.453402,-5.867748,-1.758404,9.509849,-13.577746,15.911219,-11.085868,48.594173,-0.586752,-4.607456,1.358091,-3.220382,-19.299260,21.577420,60.383332,-9.217764,0.543813,-0.843859
152.000000,27.246040,40.980810,67.246228,-2.964651,-6.450537,6.041370,9.842005,3.604562,1.895704,61.433262,-33.599569,-1.777802,-24.025573,-2.406390,-19.355933,51.687511,-35.856898,-2.571341,-5.074762,1.895139,9.071127,-10.399125,15.192113,-11.935252,51.678724,-4.516386,-5.378426,-0.663926,-4.146358,-20.746459,21.653557,59.922773,-13.237371,-0.523300,3.029541
153.000000,29.701266,40.472406,67.311537,-4.820512,-6.265033,4.975005,5.854025,7.311899,2.351725,71.218382,-26.379953,-3.068547,-22.393668,0.943343,-19.550667,51.596837,-36.174109,-5.267168,-3.419266,3.424282,8.429352,-7.068898,15.670054,-12.781473,54.543384,-4.253800,-4.207166,-0.553411,-5.241336,-21.442803,22.127721,58.650466,-11.942769,-0.322310,1.199311
154.000000,32.052156,39.993867,67.491764,-6.333290,-6.246310,4.369161,0.865902,10.518188,1.826536,80.317943,-20.075466,-2.444515,-19.862725,4.131424,-19.563830,50.047948,-36.903597,-7.661845,-2.131341,4.689330,8.529743,-4.565223,16.513079,-13.793091,56.631609,-4.753829,-2.568650,-1.255406,-7.248230,-22.343656,22.873866,56.970864,-9.870869,-0.170094,0.309872
155.000000,34.432676,39.508653,67.681080,-6.887070,-6.780999,4.004596,-3.077232,14.153776,2.653831,86.439022,-20.953589,-0.556276,-16.300600,6.083195,-19.429277,48.371509,-38.451704,-9.166948,-0.858945,4.965956,9.222037,-2.469274,17.817279,-14.281769,58.076443,-2.904548,-2.067713,-1.688894,-9.719682,-23.141699,23.217527,55.614457,-9.274194,-0.968367,-1.225004
156.000000,36.762926,39.190575,67.804408,-6.987916,-7.498127,2.766959,-6.628094,15.059894,2.934016,89.870734,-24.327367,1.297528,-12.887828,7.659740,-18.073615,47.454211,-39.771823,-9.524895,1.264581,4.845881,10.057723,-0.672451,19.159145,-14.358605,58.545472,-0.870046,-1.936148,-1.425672,-12.928974,-23.958898,24.236988,55.339794,-10.726670,-1.020545,-1.478860
157.000000,39.008287,39.001352,67.831844,-6.543002,-7.948215,1.101628,-10.142041,14.535515,3.785338,90.646938,-29.703133,2.263244,-10.431638,8.160642,-16.297547,48.038261,-41.501916,-9.206925,3.750178,4.144014,10.449380,1.060320,19.972689,-13.134507,58.540144,-0.370745,-2.365349,-1.101882,-16.174844,-24.315205,24.687649,55.422518,-12.407288,-0.931489,-1.715522
158.000000,41.246814,38.863763,67.843252,-5.832684,-8.436644,-0.391670,-13.562993,13.268915,4.682088,88.888997,-35.361556,2.635732,-7.792530,8.150633,-14.455423,48.415933,-43.265287,-8.502703,6.106182,3.185411,11.019852,2.474538,20.450850,-11.342833,58.185774,-1.291215,-3.314869,-0.200991,-19.176340,-24.159718,24.610524,55.630112,-12.569629,-0.733423,-2.701170
159.000000,43.509182,38.757041,67.905998,-4.851187,-9.140236,-1.667496,-16.667468,11.872487,5.849991,84.945683,-38.140978,2.852361,-4.585712,7.659425,-12.654256,48.184539,-44.959099,-7.996461,8.137050,2.004169,11.985000,3.617646,20.575392,-9.450896,57.592490,-3.734835,-3.513489,-0.431922,-21.968515,-23.652329,24.464677,55.538010,-11.676337,-0.711830,-3.375421
160.000000,45.651633,38.707209,67.970639,-4.127386,-9.834679,-2.998853,-19.067583,11.304186,7.602678,79.219007,-40.972201,3.080994,-1.408601,7.197648,-10.918371,47.459904,-46.192884,-7.268645,10.078364,1.096785,12.967476,4.489824,20.692622,-7.480380,56.861195,-4.512475,-3.830488,0.345289,-24.269894,-23.083989,23.992086,54.535943,-11.053170,-0.753850,-3.653876
161.000000,47.808397,38.692808,68.012124,-3.872178,-10.220929,-3.827389,-21.782643,10.587996,8.158969,73.081180,-41.204807,3.310724,1.775022,7.198323,-9.578035,45.860250,-46.999686,-7.356369,11.099750,0.847441,13.537321,5.410190,20.354179,-6.638267,56.409873,-5.212320,-3.401414,-0.027951,-26.084412,-22.725784,24.215041,52.996780,-10.453114,-0.931062,-3.307292
162.000000,49.931157,38.727036,68.048245,-3.397322,-10.351990,-4.384532,-24.298557,8.341124,7.365666,65.947000,-41.036494,2.567151,4.616399,6.710745,-8.536870,44.472475,-47.587110,-7.189187,11.895813,0.475626,13.947761,5.330054,20.099872,-5.949882,57.145369,-4.789992,-3.418578,0.417859,-27.409901,-22.495537,24.444632,51.207687,-10.294728,-1.378467,-3.518674
163.000000,52.019083,38.749295,68.114489,-2.629932,-9.935167,-4.380187,-26.316200,6.229176,7.172670,57.577887,-40.560607,1.498529,6.717602,5.837140,-8.020342,43.232840,-48.006043,-6.999392,12.025045,-0.181040,13.758654,5.213043,19.658860,-5.615802,58.192331,-4.423652,-3.612379,0.728487,-28.148376,-22.064730,24.391666,49.597548,-10.253261,-1.911361,-3.174117
164.000000,54.077458,38.830936,68.219388,-1.178593,-8.598740,-4.028967,-27.932870,3.680673,7.519520,48.291401,-38.894522,1.231181,7.067382,3.988906,-7.934518,43.363140,-48.305102,-6.878938,11.668628,-1.538762,12.972139,4.822617,19.136631,-4.945045,59.037327,-3.997953,-3.605452,0.693712,-28.853134,-21.591358,24.359877,48.529788,-10.495478,-2.430120,-1.599294
165.000000,56.176829,38.962004,68.314773,0.299158,-6.972580,-3.674410,-28.282335,1.480786,8.209870,38.584237,-36.693211,1.637991,6.841906,1.846346,-8.377905,44.221233,-48.521920,-6.473239,11.198050,-2.918414,11.850360,4.299041,18.689373,-4.656700,59.666033,-2.980160,-3.547432,0.828585,-28.878689,-20.987986,25.024121,48.005892,-10.419274,-2.840360,-1.483296
166.000000,58.421892,39.129779,67.707026,1.073138,-6.695977,-3.669852,-30.570957,1.118493,9.367569,39.028401,-37.442530,1.462632,7.470029,-0.264732,-9.415964,47.462162,-49.069076,-5.435152,10.696431,-3.474030,11.511736,4.416128,17.937933,-5.561390,59.796496,-2.763454,-3.395350,0.514242,-28.043751,-20.092144,25.808052,48.418832,-11.072185,-2.858676,-0.482103
167.000000,61.153215,39.511240,67.569733,3.686074,-5.085589,-4.015360,-28.611490,-2.498643,10.693633,33.212246,-34.346259,2.799720,6.459446,-3.907643,-8.069962,51.174697,-48.320173,-3.503037,10.805650,-6.177424,10.078472,3.527889,18.019441,-6.236900,60.448390,-2.793568,-3.286724,-0.045755,-27.323642,-19.093884,26.279394,50.151525,-11.899632,-2.846548,0.223261
168.000000,63.906348,39.670596,66.789103,5.508899,-4.896244,-3.889565,-29.685590,-4.045169,11.630426,38.119224,-34.730791,3.591483,6.802443,-6.902923,-7.750870,56.390674,-46.725242,-1.588287,10.178829,-7.569663,9.729574,3.463354,16.932416,-6.785927,60.185257,-3.036620,-3.417721,-0.011253,-25.401132,-18.446703,27.104231,51.716577,-12.564990,-2.235516,0.476387
169.000000,67.257059,40.244699,66.261089,7.339266,-4.239282,-4.525792,-28.376660,-5.800215,14.238965,40.414376,-35.268522,5.591441,6.717744,-10.361238,-6.594904,61.365493,-43.019547,1.270504,9.962502,-9.325008,8.031923,3.612396,16.365668,-7.119269,59.632981,-3.577197,-3.324751,-0.585433,-23.232451,-17.453982,28.080385,54.190092,-13.808172,-1.559394,1.852887
170.000000,70.348626,40.951389,66.514546,12.361396,-3.768538,-4.349774,-22.855355,-13.068808,16.295085,30.868623,-27.582655,8.638308,4.668425,-18.055036,-4.719618,67.865818,-34.675173,5.127695,8.958221,-14.296896,6.078481,4.210734,16.653224,-7.770647,59.174464,-3.484559,-3.167254,-1.383347,-20.124457,-16.248269,29.568972,56.552655,-16.848391,-1.961999,4.473780
171.000000,73.269331,41.634902,66.455758,15.361377,-3.819888,-3.307963,-21.170827,-18.006151,16.140386,30.803142,-26.833761,12.550088,2.180349,-23.370308,-3.334621,75.080363,-21.572516,9.299681,7.120305,-17.040040,4.924710,3.935163,16.661044,-8.744858,59.166719,-2.474719,-3.599613,-2.378504,-16.696677,-15.950624,30.588268,57.159097,-18.943034,-2.310976,7.736566
172.000000,75.974792,42.228857,66.484833,17.705398,-4.110853,-2.029438,-18.580188,-21.962441,16.051959,30.343590,-27.567222,14.617879,-1.686571,-27.022187,-0.278123,83.040340,-9.067544,12.250483,5.389822,-19.137015,4.977323,2.473788,16.801721,-9.474627,58.872740,-0.632462,-3.512323,-3.571755,-13.532050,-16.258984,30.854314,56.552935,-20.498514,-2.262441,11.110273
173.000000,78.480059,42.770928,66.787755,18.828918,-4.676542,-1.158293,-14.466359,-24.517495,14.721238,28.168014,-28.046915,15.000035,-6.923218,-30.411315,2.346135,89.841692,0.807823,14.166712,3.878249,-19.925207,6.090428,0.071412,16.807373,-9.970958,57.893872,2.243480,-3.436813,-4.247062,-11.409049,-16.354871,29.669194,56.378673,-21.086763,-1.962182,13.395699
174.000000,80.959660,43.022493,66.760874,19.647139,-6.167539,0.184935,-10.879843,-26.244061,13.504575,29.120874,-30.552590,15.000035,-10.092824,-33.671685,3.020528,94.639579,-4.469464,11.112785,1.528714,-20.405153,7.054418,-1.412337,17.059250,-11.254794,56.668252,1.996420,-3.934173,-2.932412,-9.110771,-16.627638,29.590330,56.409993,-20.043824,-1.702962,12.669525
175.000000,83.617878,43.683639,67.561477,16.215940,-8.240105,-0.070085,-1.132763,-24.923369,9.157386,22.280815,-31.007150,15.000035,-12.375446,-30.326562,2.411833,94.799269,-14.099682,7.263196,0.488368,-16.820314,9.450674,-4.808515,17.835675,-11.917016,55.664607,0.225249,-3.677917,-3.054808,-7.984618,-17.915303,28.800497,55.743650,-18.893707,-1.094891,11.962569
176.000000,85.982347,43.888351,67.579162,16.056282,-9.455982,1.516126,2.858599,-25.591590,7.009130,22.531419,-32.968620,15.000035,-15.277987,-32.284880,0.141102,94.632858,-22.555523,5.441292,-2.243081,-16.520489,9.950201,-6.527551,19.164152,-13.901026,54.976456,1.779256,-3.959456,-1.420070,-6.602501,-18.615471,28.083378,56.156634,-18.967987,-0.875582,9.657350
177.000000,88.734347,43.880013,67.925775,13.435330,-11.182354,1.736991,10.466098,-23.272150,3.909036,18.347691,-33.878169,14.211009,-16.126387,-30.081980,-3.957228,90.986111,-29.491036,3.423922,-3.631612,-13.702836,11.691836,-9.248258,20.162061,-14.969137,54.486680,1.274458,-4.145862,-1.227285,-5.668742,-19.468746,26.566111,56.273662,-18.464457,-1.512572,7.923815
178.000000,90.989184,43.605351,67.753774,13.762048,-12.351695,3.130471,13.466281,-23.220458,2.540803,19.920380,-35.941900,13.104059,-18.673070,-30.614308,-6.348064,87.301873,-35.300514,3.021218,-5.402954,-13.904187,12.651179,-11.198222,21.078780,-15.850825,53.571694,0.629397,-4.891197,-0.654699,-4.635007,-19.993641,25.672603,56.338399,-17.182835,-2.245823,8.155809
179.000000,93.500996,43.452635,67.831421,11.367808,-12.987173,3.188623,17.038814,-20.352485,1.311796,19.986675,-38.159417,12.028584,-20.291351,-27.140530,-10.019243,80.799212,-38.131624,3.035997,-6.026830,-11.639599,14.114489,-14.482851,21.887090,-16.603724,53.146084,-0.105035,-5.289230,-0.254940,-4.444537,-20.196478,24.593324,56.487007,-15.739273,-2.088221,8.063335
180.000000,95.841849,43.243203,67.730761,10.144810,-13.539962,3.250996,19.170932,-18.626290,0.909112,21.777271,-40.400907,11.517155,-22.311817,-24.009018,-11.730420,74.052207,-39.423661,3.466714,-5.997298,-10.502358,14.910938,-16.499032,22.032297,-16.798948,52.381534,-0.226733,-5.411424,0.078276,-3.778906,-20.158953,24.238711,56.676456,-14.935510,-1.763058,7.695953
181.000000,98.111415,43.023914,67.579275,8.805069,-13.369607,3.039585,19.818139,-16.811254,0.953413,24.583220,-43.109504,10.873170,-24.267693,-21.031737,-13.744905,66.667250,-40.723630,4.663558,-5.457721,-9.261654,15.121979,-18.331396,21.934087,-16.723481,51.782762,-0.270715,-5.528972,0.087149,-3.364488,-20.066968,23.836821,56.823878,-14.940313,-1.425675,7.572516
182.000000,100.283861,42.699629,67.604220,7.368578,-12.731212,2.793223,20.201020,-14.786849,1.033900,26.335446,-44.072561,9.781978,-25.460462,-17.372760,-15.543024,58.242123,-41.856748,5.467624,-4.970910,-7.908931,15.155469,-19.449869,21.373207,-16.134975,50.861007,-0.704678,-5.710550,0.368734,-3.540660,-19.961204,23.602794,57.075690,-14.727346,-1.228285,7.269669
183.000000,102.543736,42.339328,67.601097,6.009506,-11.658266,2.573190,20.068305,-12.697702,1.350131,28.399240,-44.775814,8.880232,-26.265446,-13.821296,-16.269837,51.103329,-42.154732,4.939743,-4.481253,-6.873859,14.325104,-19.436102,20.955565,-15.589019,49.919500,-1.184125,-5.982544,0.930273,-3.591633,-19.631996,23.599183,57.290360,-14.671199,-1.104267,6.270867
184.000000,105.010724,42.008072,67.425483,4.248289,-10.766755,2.850114,19.109302,-10.014176,1.142875,33.119451,-45.403993,7.275401,-26.026195,-10.146607,-16.047109,46.761760,-42.112023,3.533474,-4.360649,-5.343094,13.350813,-18.229727,20.045273,-14.917555,49.071924,-1.700518,-6.215317,0.352925,-3.439620,-19.512693,23.583955,57.361103,-14.942183,-1.174158,6.416752
185.000000,107.691991,41.793540,66.782457,3.618215,-10.605185,3.908989,18.644702,-8.372458,0.791703,39.334250,-45.927449,6.107890,-25.748229,-8.662526,-14.756060,49.256100,-42.212154,2.974239,-4.346603,-5.078666,12.863520,-16.522844,19.204837,-14.782363,49.010316,-2.220635,-6.097142,0.665766,-3.321810,-19.098134,23.614735,57.459472,-14.942692,-0.958422,5.893443
186.000000,110.614419,41.507119,66.192704,2.339370,-10.263803,4.529998,17.790112,-5.832471,1.039830,46.656028,-44.727890,3.820099,-25.068290,-7.290559,-15.421929,52.003759,-40.401023,1.014163,-3.989029,-4.265981,12.051005,-14.191585,18.516139,-14.649444,49.576897,-2.389121,-5.886526,0.235230,-3.313407,-18.781924,23.972661,57.463105,-14.805173,-0.818759,5.966193
187.000000,113.491082,40.987521,66.060638,-2.261704,-9.707439,4.693487,14.473357,1.265431,1.248882,57.205744,-41.050817,-0.448416,-22.866041,-1.172305,-17.240040,50.339959,-36.004922,-2.046801,-4.328315,-0.024568,10.390856,-10.119464,17.512339,-13.776927,50.763434,-2.433455,-5.502722,-0.101644,-3.609365,-19.116120,25.542278,57.447874,-15.318243,-1.175112,5.663596
188.000000,116.081703,40.586877,65.992683,-5.014728,-9.502375,3.990746,10.960234,6.128232,1.836669,67.136730,-31.918902,-4.693975,-21.654575,2.514432,-18.053921,51.141892,-35.315473,-4.888531,-3.317020,2.574898,9.200331,-6.299773,16.356975,-13.270144,53.406991,-2.648604,-4.835814,-0.582865,-4.204722,-19.908190,27.163638,56.812878,-16.127540,-1.292081,6.031355
189.000000,118.559301,40.210846,66.165102,-7.314218,-9.462226,3.052939,6.615689,9.088724,0.254767,76.668949,-22.710628,-6.899597,-19.196725,6.081691,-18.476157,49.995369,-35.734153,-7.027820,-2.236915,4.663330,8.766931,-2.660555,15.721210,-12.935137,55.271318,-3.073066,-3.308249,-0.448772,-5.403479,-20.574099,28.535757,55.648912,-15.863980,-1.064088,4.420125
190.000000,120.860720,39.876977,66.561002,-8.624865,-9.756124,2.294985,1.832570,11.146788,-0.950789,84.377828,-13.828997,-6.999179,-15.793597,8.947018,-17.933983,47.646525,-36.129658,-8.860977,-0.783443,5.820496,9.276073,0.051667,15.959248,-13.327220,56.537113,-2.796410,-1.712126,-1.433264,-7.120400,-21.425516,28.863164,53.835766,-14.807133,-1.172576,3.469776
191.000000,123.142338,39.432162,66.953999,-9.040432,-10.396485,1.736758,-2.005056,14.643089,-0.253834,88.792794,-16.155199,-5.287007,-11.479265,10.693073,-17.444703,44.695778,-36.976523,-9.216578,0.900578,5.951353,10.321999,1.745263,16.933777,-14.349454,57.260044,-2.281498,-1.248364,-2.785355,-9.546071,-22.092776,29.399320,52.623729,-14.007750,-1.175965,3.172620
192.000000,125.338471,39.184868,67.045927,-9.010447,-11.034021,0.245865,-5.112279,15.960574,0.697863,90.509248,-25.702827,-2.988060,-8.726239,11.488637,-15.998960,44.940182,-38.696423,-8.162424,3.328636,5.717211,10.886398,3.717397,17.735802,-14.526667,57.248446,-1.049286,-1.826866,-3.441117,-11.685591,-22.402351,29.987450,51.993750,-14.375743,-1.396260,3.245792
193.000000,127.666044,39.017403,67.385036,-8.167376,-11.325047,-0.899536,-8.373809,15.987214,2.293989,89.065359,-31.930124,-1.145968,-4.964418,11.455164,-14.130828,43.108401,-39.367479,-6.998936,5.617927,4.293062,11.481621,4.824017,19.213027,-13.665574,56.629672,-0.797598,-2.562232,-3.258871,-14.926265,-22.367712,30.236479,52.140718,-15.395342,-1.366448,2.764754
194.000000,129.795325,38.928029,67.410046,-7.593644,-11.779486,-2.252462,-11.528876,16.130895,3.995997,86.196407,-37.720259,0.003427,-2.706157,11.150175,-12.515341,44.034271,-40.957492,-6.054930,7.881442,3.525980,12.110706,5.535166,19.787625,-12.533531,56.515338,-1.163072,-3.213977,-1.676051,-17.461274,-22.334217,30.550996,52.187034,-15.384129,-1.261299,1.054506
195.000000,131.796432,38.889948,67.423785,-6.120969,-12.034128,-3.187856,-14.731678,15.534338,6.642882,81.302706,-40.483467,1.256902,-0.979068,9.595497,-11.060076,45.439357,-43.030468,-5.342094,9.834749,1.950518,12.904643,5.274370,20.389359,-11.438738,57.204204,-1.640701,-3.848304,-0.576817,-20.025551,-22.310897,30.794857,51.922634,-14.007400,-1.184291,-0.412874
196.000000,133.829796,38.914499,67.397201,-4.655324,-12.238818,-3.769353,-17.473292,14.452424,9.097098,75.075664,-41.422485,2.166634,0.682230,7.799663,-10.052594,46.826694,-45.042919,-4.875471,10.918838,0.662977,13.674901,5.308076,20.400803,-10.613956,57.253275,-1.705804,-3.938939,-0.213952,-22.415632,-22.452249,30.922203,50.952709,-14.267219,-1.555669,-0.296270
197.000000,135.730398,39.026785,67.380130,-3.771613,-12.189531,-4.244520,-20.398063,12.259282,9.443643,68.019142,-41.804682,1.718710,1.966840,6.669114,-9.103064,47.689672,-46.542835,-4.596455,11.268604,-0.005001,13.942602,5.201516,20.222197,-10.389762,57.821868,-1.295757,-3.627839,-0.584220,-24.309307,-22.526985,31.157018,49.830379,-14.128139,-1.809097,0.664532
198.000000,137.592471,39.138564,67.400634,-3.048350,-11.969712,-4.422879,-23.008194,9.336228,7.970189,60.481708,-40.679227,0.762588,3.372609,5.516125,-8.895203,47.873499,-47.406567,-4.875589,10.900459,-0.577601,13.909225,5.002739,19.981691,-10.594112,58.583796,-0.313929,-3.746800,-1.121824,-25.719540,-22.124574,30.788731,48.866312,-13.704602,-2.394882,1.417827
199.000000,139.493322,39.279401,67.458248,-2.326216,-11.247061,-4.273364,-24.883209,6.633801,6.581910,52.380301,-40.447940,0.078073,4.664589,4.315056,-9.169864,47.409603,-47.847743,-4.760120,10.132859,-1.129030,13.647958,4.592945,19.446097,-10.682451,58.672664,0.859847,-3.312081,-1.805262,-26.359237,-21.752991,30.425535,47.526775,-13.267396,-2.638063,1.852649
200.000000,141.373050,39.462742,67.561120,-1.618295,-10.111963,-4.256511,-26.041075,4.262835,4.927726,44.365668,-39.371953,0.059925,5.167601,3.195468,-9.284340,47.184726,-48.457706,-4.847189,9.254926,-1.745252,12.815047,4.242385,18.855415,-10.856015,58.336386,1.700478,-3.006103,-2.082818,-26.255281,-20.905206,29.981785,46.315349,-12.868391,-2.603850,2.466030
201.000000,143.356121,39.732385,67.621583,-0.614084,-8.619935,-4.321236,-26.083297,2.228773,4.231314,36.478913,-37.713525,0.096737,5.127178,1.500353,-9.403372,47.567179,-48.868153,-4.510961,8.516968,-2.592839,11.621450,3.374172,18.123618,-11.357045,58.040871,2.083520,-2.858460,-2.250742,-25.491834,-19.884089,29.358950,45.840535,-12.283575,-2.599699,2.753600
202.000000,145.482481,40.074071,67.003208,0.144226,-8.496378,-4.768451,-27.727913,1.446623,4.539577,39.004290,-38.610008,0.298041,5.795666,-0.229575,-8.917822,50.285024,-49.630070,-3.626450,7.900271,-3.223665,11.235391,3.045487,17.175738,-11.702928,57.485789,1.891494,-3.208466,-2.362128,-23.855720,-18.460089,29.103935,46.277755,-11.955229,-2.527962,2.915386
203.000000,148.022366,40.574491,66.375256,0.937793,-7.915368,-5.719954,-27.778904,0.502069,5.347200,42.318459,-39.220760,1.118605,6.141658,-2.055736,-7.866642,53.346981,-49.782503,-2.224226,7.857193,-4.049506,10.153224,2.463246,16.611088,-11.808633,56.797111,1.158360,-3.575905,-2.334128,-21.662285,-17.170307,28.895365,47.285157,-11.605566,-2.291173,2.399533
204.000000,150.759733,41.212219,66.425663,5.157256,-7.725148,-6.517356,-22.246558,-4.480103,8.836338,34.396867,-34.042332,3.015853,5.956987,-8.031482,-5.095815,57.873347,-48.262595,-0.141636,8.382478,-8.168431,9.043410,1.941855,16.893670,-12.695687,56.083844,-1.471760,-3.933067,-1.944456,-18.867650,-15.934638,28.756883,49.299875,-11.655789,-2.115963,1.497239
205.000000,153.339493,41.697553,66.053069,7.239680,-7.581435,-7.296203,-22.411172,-6.942461,9.842617,37.425762,-30.748624,3.280792,5.844376,-11.722520,-3.958444,62.455864,-46.147220,2.799221,7.607195,-9.875251,7.970285,2.011667,15.918813,-12.177010,54.653357,-2.896615,-4.239137,-2.093774,-16.618311,-15.149713,29.045977,51.892437,-12.661425,-1.422623,3.032494
206.000000,155.848706,42.428601,66.250098,11.791797,-6.924004,-7.096559,-19.032469,-12.837060,12.059696,30.928374,-26.354314,5.030657,3.277351,-18.636248,-1.872988,68.471683,-40.171966,6.838024,5.879787,-14.117660,5.501055,2.699340,16.522040,-12.091915,54.090389,-3.577242,-4.573390,-2.552790,-14.366260,-14.555053,28.873108,55.771247,-14.709183,-1.549020,5.228924
207.000000,157.898796,42.980844,66.244930,13.300363,-7.453198,-7.010351,-18.611601,-15.150982,12.716199,33.508539,-27.392182,6.547203,1.689635,-21.904434,-0.772856,74.668803,-32.904932,9.106830,4.393004,-15.318400,5.237925,2.238507,17.035002,-12.491325,54.116494,-3.002259,-4.569601,-2.894732,-12.564627,-15.302619,29.476706,57.861900,-16.201210,-0.848998,6.824400
208.000000,159.765959,43.718594,66.783404,14.371168,-7.551935,-7.504326,-14.108117,-17.966632,12.875219,27.485130,-25.349550,8.585012,-2.377928,-24.696926,1.561379,81.025004,-26.440274,9.495044,2.756316,-15.916914,5.438626,0.378395,18.139987,-12.401703,54.480024,-3.041300,-4.399488,-3.106696,-12.488124,-17.242857,30.074248,58.351611,-18.098724,-0.764556,8.282121
209.000000,161.548448,44.153494,66.863132,14.931481,-8.752736,-7.840262,-12.107984,-19.330538,13.459445,28.391522,-27.043431,10.094620,-4.298148,-28.814359,1.058751,85.899635,-27.663490,8.585947,1.262030,-16.430179,6.063584,-0.090528,19.219063,-12.339154,53.861837,-2.273645,-4.316423,-2.595995,-11.570536,-18.592053,30.182503,57.847345,-18.528036,-1.174192,8.730760
210.000000,163.115585,44.668964,67.046583,14.543490,-9.793088,-8.422707,-9.396575,-19.867675,13.758585,28.141660,-27.920936,10.918931,-7.034394,-33.048820,-0.754808,88.995924,-31.492841,6.022258,-0.633280,-16.151094,6.689642,-1.344807,20.893545,-12.678001,54.157967,-2.099483,-4.599817,-1.336343,-11.256603,-19.950025,29.683111,56.957350,-17.543612,-1.855819,7.804920
211.000000,164.861000,44.994792,67.708492,12.486879,-10.152139,-9.581734,-2.026353,-19.546371,12.085109,19.190683,-26.122427,10.731966,-9.011603,-32.045393,-2.648631,88.597935,-34.606198,4.476702,-1.860812,-13.978354,8.052009,-4.773547,22.697986,-12.351131,55.653761,-1.515720,-4.678041,-0.326769,-11.882062,-22.003463,28.312690,55.438538,-14.865270,-2.331398,7.958259
212.000000,166.064036,44.983459,67.663169,13.496915,-11.423315,-8.983108,-0.700207,-20.912982,12.131598,20.608728,-27.155693,10.791516,-10.221084,-34.463680,-4.725120,87.471726,-38.699155,5.051913,-3.527418,-14.934415,8.221692,-5.658171,23.671381,-12.215354,56.095490,-1.238938,-4.133441,0.384446,-11.124895,-22.480852,26.289197,55.505198,-14.319101,-2.278895,6.402501
213.000000,167.310965,45.082054,67.734450,12.775426,-11.490475,-9.094235,0.616685,-20.745559,11.484071,21.075597,-28.593644,11.097368,-11.658936,-35.711166,-9.119122,84.933436,-41.872980,5.128183,-4.342188,-14.728135,8.808822,-8.328915,25.586754,-11.333281,56.280281,-1.360770,-4.196223,1.067915,-10.706906,-22.468793,23.972680,55.107640,-13.315780,-2.441106,5.007494
214.000000,168.537605,45.062876,68.005216,10.388603,-11.393243,-10.780409,2.354868,-18.491255,11.482187,21.196538,-30.724800,11.466045,-12.057393,-33.842925,-13.947007,80.418292,-44.729505,4.156799,-3.077946,-12.902661,10.420130,-12.340108,27.057885,-10.408591,56.435053,-2.401397,-4.057411,2.265646,-10.930190,-21.967738,21.617745,55.238250,-11.721903,-2.138287,2.903655
215.000000,169.421959,44.984847,67.971915,10.394082,-12.063822,-11.553329,3.177794,-18.602573,12.034723,22.329598,-31.990386,11.198904,-13.137877,-34.081008,-16.050466,76.658963,-47.381272,4.442148,-1.970459,-13.186953,11.169547,-14.139186,27.153989,-8.905259,55.428563,-3.727122,-4.407671,3.569958,-10.162860,-21.586560,20.919119,55.571590,-10.764668,-2.065333,1.517861
216.000000,170.295143,44.962567,68.419546,7.767204,-11.461003,-13.771176,4.975274,-15.928828,12.626428,20.735969,-32.788125,11.005813,-13.516244,-29.757758,-18.896961,70.052162,-48.607451,3.548273,0.029235,-10.852967,12.096576,-16.502594,27.445213,-7.413661,53.722935,-5.951907,-4.753506,4.744509,-10.926776,-20.828192,20.678487,56.776767,-11.128590,-1.963476,0.569322
217.000000,170.944417,44.949642,68.618119,6.467862,-10.900226,-14.673314,5.305206,-14.407582,13.183737,20.903138,-33.598674,10.794525,-14.519625,-25.983877,-18.934116,64.923045,-49.412860,3.036971,0.902644,-9.725137,12.212823,-17.539219,27.104168,-6.095663,51.637002,-6.459529,-4.490942,6.105877,-11.352486,-20.416221,21.671029,57.117973,-12.398546,-1.729089,0.387613
218.000000,171.515715,44.858319,68.746054,5.230929,-10.426241,-15.364877,5.130734,-12.855920,13.289159,22.278481,-35.020245,10.580348,-14.559832,-22.976668,-19.716183,60.645625,-49.496615,2.202952,1.240954,-8.837289,12.558186,-17.876905,26.832912,-5.624143,49.605478,-7.942753,-5.284992,6.719906,-12.146767,-19.871283,22.896061,57.126015,-13.020308,-1.367781,0.641223
219.000000,172.092164,44.709373,68.513066,5.804890,-11.177669,-14.128511,5.222653,-13.483758,12.511571,24.530732,-36.358859,10.592419,-14.015474,-22.440696,-17.650051,60.453185,-48.548701,2.981178,0.600409,-9.838825,13.242567,-17.595327,26.016269,-5.910634,48.235236,-7.931760,-5.740721,6.340939,-12.115258,-19.374470,23.447500,56.451916,-13.157453,-1.617189,1.194290
220.000000,173.035491,44.423509,68.305200,6.541953,-11.829161,-12.818783,6.072556,-14.436573,11.489816,25.990625,-37.386806,10.720222,-12.807095,-21.911327,-15.661532,60.613148,-44.702704,2.450443,-0.106993,-10.965519,13.674855,-16.900948,25.333209,-6.748152,47.650979,-7.443201,-5.780919,5.613615,-12.212984,-18.845615,23.798223,55.762549,-13.191324,-1.550133,1.724355
221.000000,173.359323,44.346035,68.186760,6.781663,-12.184203,-12.528505,5.979978,-14.520475,11.573188,27.342268,-38.159423,10.582833,-11.982783,-23.240118,-16.452812,60.973823,-45.372212,2.682847,0.216603,-11.371821,14.031706,-15.887073,24.244147,-8.093590,47.983769,-6.648349,-5.728775,4.665550,-12.029047,-18.352754,24.383977,54.844346,-13.039110,-1.909049,2.131641
222.000000,174.160147,44.118193,68.622804,5.778219,-10.694196,-12.460491,7.526095,-13.530490,10.631837,23.434724,-37.100225,10.054981,-10.381751,-21.166150,-18.237105,57.456460,-44.907196,2.270891,0.539429,-9.980487,12.883821,-15.194763,22.663876,-9.431440,49.783920,-5.183974,-5.628237,2.942016,-11.688555,-18.505971,24.514271,54.038725,-12.867921,-1.823736,2.963116
223.000000,174.354470,43.992081,68.558168,6.161013,-11.284160,-12.110851,7.570854,-13.557053,10.913425,24.690324,-37.138225,9.283845,-9.863350,-22.314699,-18.308525,58.292366,-45.046689,2.861377,1.169461,-10.480432,13.435165,-13.224660,21.043804,-10.448699,51.008116,-4.132160,-5.167741,2.241658,-11.419555,-18.321463,25.233582,53.803347,-12.823728,-1.771125,3.502616
224.000000,174.987805,43.703571,68.836612,5.524162,-9.420251,-12.350118,8.302751,-12.799064,10.458586,20.968966,-36.359382,8.878292,-9.863389,-20.298882,-19.125631,55.928803,-44.981911,2.274164,1.420941,-9.276415,12.141804,-11.275312,18.983131,-10.906899,52.717774,-3.541376,-5.036981,1.215072,-12.196055,-18.611825,25.365262,54.043438,-13.172828,-1.579553,3.855721
225.000000,175.073373,43.519318,68.669951,6.126392,-10.130264,-12.307173,8.252553,-13.085970,10.937273,22.322279,-36.730947,8.577981,-9.842686,-21.559776,-18.759374,57.328769,-45.438213,2.520024,2.277527,-10.084920,13.219759,-8.936339,17.139603,-11.140880,53.455670,-4.307477,-4.657526,0.089340,-12.435806,-18.252224,25.453694,53.970410,-13.069655,-1.487431,3.921322
226.000000,175.216293,43.280509,68.548036,6.595621,-10.372755,-12.147251,8.192908,-13.335765,11.052236,23.111543,-37.267988,8.577200,-9.913045,-22.144571,-18.506760,58.110321,-46.165392,2.814935,2.587965,-10.693116,13.973606,-6.351746,16.186867,-11.762962,54.622713,-3.476114,-4.467587,-0.705431,-13.146420,-18.139814,25.194976,53.810290,-13.541844,-1.397071,3.336860
227.000000,175.723934,42.969900,68.756241,5.818704,-8.973089,-12.463927,9.036738,-12.370911,10.872237,20.197262,-36.479337,7.973752,-9.994886,-19.646052,-18.160676,56.319472,-45.835029,2.118446,2.622544,-9.755353,13.147316,-3.691724,15.723507,-11.793639,55.871190,-1.576775,-4.697411,-2.387216,-13.855690,-18.291643,24.977396,53.461711,-13.698240,-1.328566,3.251697
228.000000,175.636196,42.693695,68.574059,6.474671,-9.962063,-12.564793,8.946991,-12.659568,11.527904,21.899405,-37.086650,7.416224,-9.845065,-21.121236,-18.143962,57.688659,-46.507861,2.865780,2.703965,-10.741420,14.449806,-1.256119,15.729398,-12.619428,56.893041,-0.629905,-4.499295,-2.996049,-14.227479,-18.200487,25.085239,52.840058,-13.516128,-1.365417,2.903327
229.000000,176.021051,42.265940,68.739146,5.864937,-8.938308,-12.880564,9.021240,-11.625621,11.589513,21.066083,-37.150792,6.917020,-9.678652,-19.060992,-18.083628,56.106722,-46.201107,2.569510,1.314636,-10.552453,13.794329,1.734150,16.506457,-12.149028,58.507961,1.902615,-4.097044,-4.964676,-15.188973,-18.366590,25.603060,51.190195,-12.680571,-1.035791,2.394938
230.000000,176.018476,41.794091,68.539649,6.612842,-10.248879,-13.237288,8.994816,-11.750309,12.579084,23.634391,-37.899763,6.032748,-9.281390,-19.719909,-16.605723,57.450497,-46.860063,3.034256,0.535940,-11.884421,14.748262,5.818324,16.847259,-12.112206,58.262682,3.137632,-4.001489,-7.003442,-15.594912,-18.354236,25.930762,50.077209,-13.130502,-1.251328,4.327049
231.000000,176.230550,41.303429,68.584985,5.320494,-9.333345,-14.251451,7.290429,-9.340758,13.445693,27.049468,-39.683293,5.647321,-9.047080,-16.734165,-16.558851,55.598064,-46.554508,2.093994,-0.402475,-10.981605,13.787935,8.809487,17.845744,-10.744968,57.387980,4.618094,-4.426233,-7.042554,-15.864984,-18.450067,25.940102,48.703121,-12.822340,-1.069170,3.931399
232.000000,176.282632,40.840569,68.401259,4.610081,-9.824260,-14.368949,5.515910,-7.426134,13.925691,32.877331,-41.530053,4.805039,-7.959214,-15.285617,-16.311378,55.155413,-46.827217,1.211778,-1.430636,-10.521462,14.604391,9.603761,17.778651,-10.750558,57.668831,4.138391,-4.470491,-7.377072,-16.235672,-18.747572,25.863230,48.134908,-12.847646,-1.175729,3.929260
233.000000,176.169229,40.401670,68.109041,3.085566,-9.855313,-15.812827,2.639104,-4.219217,15.131803,40.581224,-43.673811,3.871697,-7.613362,-12.705844,-15.915157,54.508550,-47.406297,0.831205,-1.526192,-9.487537,15.007758,10.391378,18.157371,-9.750921,57.623601,3.157257,-4.300764,-7.928710,-16.410412,-19.130629,25.716378,47.431467,-13.099394,-1.578939,3.700941
234.000000,175.923395,39.963511,67.610109,1.262949,-9.138471,-18.560251,-2.062956,0.181652,16.236526,51.101652,-45.117658,2.683516,-8.855962,-9.343641,-14.606395,54.951949,-47.569833,0.070910,-0.600937,-8.040107,14.988164,10.421024,18.429005,-8.718726,57.792997,1.186612,-3.462495,-8.291471,-16.817539,-19.495354,26.239992,47.498047,-13.023239,-1.572192,3.686450
235.000000,175.796664,39.602736,67.201543,-0.715230,-7.957021,-21.293276,-6.555090,4.475018,15.809351,60.329189,-45.505193,1.602187,-10.055509,-5.460361,-13.225352,54.962764,-47.485029,-0.687965,0.017996,-6.264626,14.577065,10.016573,18.782272,-6.988373,57.133545,0.378644,-3.460065,-5.651840,-16.918450,-19.822121,26.465286,47.614970,-13.457090,-1.396424,2.080660
236.000000,175.721002,39.338136,66.981143,-2.672187,-6.028956,-24.944893,-11.174767,7.001464,12.622573,67.166065,-47.254083,2.107546,-11.543668,-0.881023,-11.367089,53.920450,-46.733691,-1.403072,1.009775,-4.123045,13.778646,8.932674,18.764531,-5.689946,57.147076,-0.549690,-3.455663,-3.200202,-17.460622,-20.264461,27.471376,48.435422,-13.584230,-1.397506,0.912030
237.000000,175.690806,39.201519,66.943169,-3.365875,-4.540013,-28.744000,-14.923046,6.224652,8.501542,70.160215,-48.022903,2.214028,-13.119093,1.992747,-9.019566,53.394184,-46.003178,-1.553703,1.846068,-2.908678,13.107660,7.342326,18.392864,-5.079431,57.359198,-1.735214,-3.524425,-1.341624,-18.365580,-20.562051,28.147806,50.420211,-14.165835,-1.353344,0.201876
238.000000,175.771439,39.105797,67.062986,-3.467071,-3.697382,-32.696478,-17.297176,3.520903,4.200230,70.316504,-48.070926,1.247718,-14.099672,4.005584,-6.111725,52.852461,-45.135266,-0.805370,2.254654,-2.488650,12.332415,6.527641,18.498570,-4.662361,57.201315,-2.554151,-3.868018,-0.262114,-18.611560,-20.801836,28.675030,51.821038,-14.921573,-1.645520,-0.582974
239.000000,175.856984,39.117232,67.238796,-3.022332,-3.416283,-37.160727,-18.669777,-0.434653,-0.099383,68.272495,-47.953327,0.581788,-15.095609,5.382591,-2.395231,52.694291,-44.703762,-0.166376,2.798449,-2.525408,12.415557,4.927214,18.336370,-4.897404,56.789980,-3.575455,-3.981485,-0.065459,-19.375751,-21.258131,29.062916,52.681000,-15.352162,-1.512653,-0.653683
240.000000,175.996864,39.113444,67.430884,-2.420114,-3.129425,-41.761523,-19.495684,-4.318318,-4.561776,64.832852,-47.881836,0.051319,-15.972706,6.569235,1.164274,52.314400,-44.469784,0.767885,2.697383,-2.651944,12.115407,4.177786,18.202698,-4.854303,55.598416,-4.833240,-4.016297,-0.418606,-19.786991,-21.898362,29.651559,52.428334,-14.768131,-1.370990,-0.017196
241.000000,176.163888,39.124259,67.618811,-1.843505,-3.271342,-46.541055,-19.249925,-9.062639,-10.169564,60.586182,-47.450069,-0.449685,-16.533813,7.312846,4.504181,52.120166,-44.520867,1.991284,2.823215,-3.031684,12.353667,2.719555,18.787190,-5.603702,55.223650,-5.609178,-4.310305,-0.255381,-20.015103,-22.499816,29.388795,51.741255,-14.109989,-1.709923,-0.637670
242.000000,176.406980,39.125055,67.791075,-1.074771,-3.727160,-51.795752,-17.976103,-13.645366,-15.433625,55.671209,-46.902926,-0.930281,-17.220191,7.896354,8.097013,51.908058,-44.862530,3.272120,3.114693,-3.964630,12.545709,1.218199,19.716668,-5.971029,54.949200,-6.070697,-4.648790,0.379039,-20.184088,-23.016491,29.083055,50.844000,-12.910221,-1.833418,-1.724016
243.000000,176.674616,39.274400,67.885047,-1.764568,-4.223485,-56.493205,-15.554882,-16.751223,-20.226774,52.619152,-45.968642,-1.577404,-16.582057,9.024338,11.198864,51.955415,-44.758844,4.658452,2.324073,-3.813794,12.513616,2.119354,20.846207,-5.230033,54.436369,-4.472720,-5.587785,-1.310130,-19.261352,-23.604369,28.597116,50.354190,-12.894182,-1.895486,-1.935822
244.000000,177.024865,39.440742,67.840290,-2.162059,-3.592153,-61.250025,-14.501146,-17.263904,-21.243601,51.625421,-44.891422,-1.517428,-17.105410,11.570971,15.199833,52.676181,-44.564317,5.446147,2.169258,-3.122790,12.206415,0.604578,21.731136,-5.402266,56.033841,-2.759621,-5.341141,-1.306790,-18.657406,-24.240418,27.615109,50.133585,-12.365894,-2.003757,-1.435542
245.000000,177.515852,39.687178,67.857724,-1.903564,-2.878027,-65.256080,-14.680523,-15.587672,-18.064964,50.866068,-43.046253,0.067061,-18.174831,13.016162,17.645160,52.915255,-43.905918,6.693528,0.192083,-2.486978,12.083750,-0.141977,22.226822,-5.959775,56.903959,-1.843092,-4.785462,-0.768783,-18.911172,-25.032093,26.981832,50.157562,-12.087918,-1.905731,-1.579544
246.000000,178.081954,40.008137,67.979360,-0.551494,-2.798085,-68.247677,-15.476734,-14.819004,-14.848251,48.539631,-40.866845,1.294561,-20.149041,12.586409,19.078532,53.088366,-43.509931,6.962864,-2.607924,-2.899288,11.235456,-1.653378,23.162643,-6.817894,58.661899,-0.783108,-4.863546,0.146304,-19.015276,-25.557101,26.034484,50.607566,-11.523759,-1.902894,-1.705543
247.000000,178.560913,40.362066,68.021458,1.257674,-2.365921,-71.476759,-16.927598,-13.934394,-12.217705,46.604259,-40.230333,1.759494,-23.207320,13.018821,20.641271,53.919907,-42.664661,8.444598,-5.302965,-2.977068,10.104769,-2.625574,24.378922,-7.884759,59.204387,-0.781524,-4.336015,-0.459680,-19.183715,-25.880280,24.867062,51.184201,-10.671985,-1.667638,-1.648317
248.000000,178.952515,40.808070,67.977232,3.135121,-2.573876,-74.889581,-18.164089,-13.240199,-9.028593,44.156333,-39.399219,1.684940,-27.080814,12.329761,20.607924,55.894320,-41.742022,10.237018,-7.382144,-3.485637,9.144552,-3.665561,26.066427,-8.717687,58.987201,1.377661,-4.117454,0.214822,-18.837211,-26.076868,22.950530,51.725265,-9.478898,-1.411792,-2.181775
249.000000,179.262567,41.293752,67.705876,2.824391,-3.203752,-78.505295,-18.598998,-12.394063,-5.266081,44.814620,-40.350743,1.829625,-29.214935,10.494546,18.165438,58.820647,-42.719531,10.290738,-9.140221,-3.857941,9.719091,-4.250774,27.083117,-8.963457,58.739545,1.972153,-4.060917,1.020359,-17.610601,-26.151090,21.719134,52.717200,-8.309941,-1.160227,-3.250656
250.000000,179.743016,41.287169,68.016851,3.579805,-4.391768,-82.461636,-15.708663,-12.139539,-1.667917,38.024350,-38.709588,2.528476,-31.265966,4.280204,12.411347,60.066623,-44.913497,9.356726,-9.349132,-5.064057,10.317761,-7.622826,29.024967,-9.352182,59.355778,1.427837,-4.491923,1.527664,-17.179925,-26.497077,19.448088,53.699087,-6.834030,-1.416933,-2.998496
251.000000,179.861617,41.610330,67.860246,2.630730,-5.143219,-86.808268,-15.559241,-11.154017,2.425822,39.122555,-39.268550,2.499091,-31.569913,-0.822172,5.887635,62.437362,-46.965661,7.580286,-9.568579,-5.662248,10.890243,-8.720862,29.875039,-9.216568,59.301642,1.136576,-4.375509,2.710875,-15.584017,-26.570594,19.368074,55.420855,-6.542978,-1.039671,-3.255600
252.000000,180.102527,41.535118,68.213367,2.489023,-5.026868,-91.319559,-12.647322,-9.642201,5.895905,34.424857,-38.243909,2.992533,-30.060072,-6.247435,-2.060346,62.804122,-47.962172,6.013702,-8.516792,-5.600798,11.261647,-12.052565,31.327762,-9.452204,60.017104,-0.205775,-3.936406,3.318939,-14.669896,-26.379902,18.434173,58.316633,-7.068017,-1.269636,-3.874803
253.000000,180.289102,41.780704,67.989379,1.778174,-5.830286,-95.814666,-12.997445,-9.050792,9.807048,35.970409,-38.634863,3.263970,-28.600444,-12.381559,-7.907250,65.959997,-48.622781,4.600860,-7.805602,-6.225761,10.942604,-13.159371,31.407238,-7.823743,59.406970,-1.110821,-3.918851,4.261701,-12.766838,-26.305668,18.564437,59.749334,-8.054374,-0.623735,-3.535137
254.000000,180.502343,41.562754,68.185622,1.663198,-6.269367,-100.169854,-9.731239,-9.021514,13.126516,30.287555,-37.353690,3.263282,-25.911590,-16.525885,-12.665926,66.538166,-48.560640,4.131740,-6.615493,-6.435403,10.695940,-15.347841,31.410367,-5.934450,57.992138,-3.425746,-4.031973,4.693882,-11.365693,-26.580233,17.720441,60.097298,-9.627882,-0.293592,-1.282882
255.000000,180.580938,41.707337,67.910528,0.859438,-7.443233,-104.016286,-9.903107,-8.779638,17.233775,31.660642,-39.124816,4.573101,-23.846473,-21.954202,-16.619440,69.221747,-48.913816,4.166069,-6.095468,-7.662238,9.995671,-16.240914,30.913774,-3.953206,56.635058,-4.729089,-4.172873,7.198309,-9.484347,-26.074123,17.045401,60.169015,-9.669179,-0.543202,-2.632319
256.000000,180.739117,41.419637,67.979467,-0.249242,-7.657103,-108.567608,-5.863228,-9.469097,20.597482,26.465591,-38.606784,5.378853,-20.035988,-25.431977,-20.644602,69.215320,-48.458744,5.249531,-5.078303,-8.447835,10.420492,-17.126838,30.647469,-2.383736,54.284814,-7.425922,-4.554826,9.089729,-8.270474,-25.183900,15.457444,59.618870,-8.861648,-1.088945,-2.531924
257.000000,180.721784,41.655907,67.778027,-1.261195,-8.756234,-113.004998,-6.000770,-9.235323,24.800017,27.622421,-39.128784,5.340778,-18.824117,-29.907025,-23.428649,70.432665,-49.326820,4.877351,-4.595636,-9.628430,9.678730,-17.084409,29.744569,-1.121598,52.658747,-8.860508,-5.317608,9.253118,-7.502453,-24.451784,15.192354,59.459481,-9.614495,-1.497102,-2.855993
258.000000,180.701792,41.565740,67.903197,-1.368486,-8.447730,-117.896143,-4.116584,-8.619648,28.861613,24.809303,-38.762632,5.355124,-17.365421,-30.501999,-26.181182,68.963559,-48.768141,4.850294,-3.500218,-9.539439,9.046267,-16.523093,29.581351,-0.700562,50.649773,-9.094142,-5.433369,9.647592,-7.016752,-23.349726,14.807941,59.022445,-9.658916,-1.825062,-4.103381
259.000000,180.523205,41.852212,67.720330,-2.767331,-9.389211,-121.857759,-4.117477,-8.786739,31.799957,26.277891,-39.345465,6.098855,-17.593406,-31.860630,-25.904804,68.710965,-48.197004,6.474899,-3.026479,-10.768432,8.763781,-16.383245,28.316636,-1.231379,50.147666,-9.011705,-5.285027,9.189462,-7.005087,-22.659335,15.306886,59.063678,-9.114184,-1.766844,-3.678282
260.000000,180.328250,42.055613,67.732877,-2.986988,-8.918725,-125.847028,-4.218690,-6.950201,35.097525,28.133160,-40.306568,6.267461,-17.918716,-29.591542,-25.112085,65.854901,-47.943464,5.942026,-2.658118,-10.735317,8.329122,-15.872600,27.802432,-1.916882,49.973082,-8.980808,-5.147986,8.248963,-7.839977,-21.631619,16.581886,58.903572,-9.809793,-1.570736,-2.968585
261.000000,180.115962,42.442369,67.671788,-3.113387,-8.328401,-129.574455,-5.328091,-3.920264,37.892039,32.593495,-42.004338,6.437055,-17.994046,-27.464920,-24.659455,63.418805,-48.575110,4.769601,-2.634757,-10.584309,7.879636,-15.147813,27.021359,-3.129659,50.338873,-8.831550,-5.186269,8.074931,-8.675316,-20.932781,18.980981,58.001850,-11.130460,-1.640496,-2.864726
262.000000,179.799056,42.907602,67.612320,-2.670439,-6.920947,-132.980819,-6.991086,0.983337,39.449072,39.352155,-43.976911,6.282974,-17.456171,-23.294309,-23.606713,60.293126,-49.436154,3.419136,-2.641125,-9.500215,7.798520,-14.569724,26.248583,-4.994541,51.266341,-8.221258,-5.121765,6.620343,-9.524753,-20.179487,21.828123,56.774957,-11.238748,-1.711519,-1.831515
263.000000,179.401457,43.560576,67.438483,-1.014121,-4.848355,-135.983869,-10.267539,8.544888,39.002521,49.295924,-45.666013,5.686149,-17.051489,-17.172129,-22.352574,57.329275,-49.630962,1.515164,-2.985154,-7.184432,7.633448,-14.125343,25.212950,-6.962773,52.581539,-6.876196,-5.141497,6.165470,-10.538342,-19.952705,25.469045,54.797884,-13.128874,-2.439926,-0.767245
264.000000,179.107475,44.029135,67.152846,-1.099236,-3.938997,-138.610775,-12.136029,12.694515,38.688295,57.370638,-45.490658,6.087577,-17.612676,-14.943648,-20.312160,58.038365,-49.897817,0.952776,-3.736051,-6.908757,7.847801,-13.531248,23.642389,-8.750067,53.914556,-5.889343,-4.850441,6.069677,-11.517101,-19.796747,28.171848,53.258673,-15.317799,-3.115566,-0.118276
265.000000,178.831053,44.419017,66.997081,-0.707086,-2.857487,-141.040051,-13.994555,17.401007,38.424561,64.832279,-44.225970,5.893331,-17.604276,-12.279175,-19.046594,57.916801,-49.432002,0.553378,-4.667017,-6.161560,8.189079,-13.000870,21.474396,-9.774703,55.193335,-5.006717,-4.263951,6.246382,-12.445934,-19.220885,29.597744,51.964325,-14.201410,-3.021957,0.818097
266.000000,178.578889,44.699514,67.001092,0.468962,-1.641207,-144.148894,-16.051445,21.854672,36.882137,70.413021,-43.657435,6.176291,-17.260730,-8.354313,-17.707896,56.005284,-48.769094,-0.177575,-4.515327,-4.677583,8.515275,-12.961886,18.800009,-10.904163,56.162624,-5.381413,-4.027802,6.480882,-13.329072,-19.260413,31.710594,50.460345,-14.251529,-2.881676,1.618598
267.000000,178.491557,44.861707,66.975397,1.289973,-0.486517,-147.371659,-18.655507,23.202677,32.616233,72.965668,-43.914022,5.281901,-16.995450,-5.023987,-15.786345,54.830375,-48.130386,-0.585808,-3.984933,-3.355138,8.987078,-12.966799,15.687939,-11.859563,56.319967,-6.012928,-4.038360,5.485381,-13.755799,-19.438464,32.847821,49.242713,-14.310286,-2.945580,3.549256
268.000000,178.342462,44.883475,67.041934,1.749901,0.429066,-151.131973,-21.263859,21.692192,26.155670,72.535537,-44.886255,4.172678,-16.576879,-2.036943,-13.065967,53.638476,-47.424756,-0.900422,-2.403206,-2.366130,9.525355,-13.216403,12.934940,-13.814956,55.895242,-6.395847,-4.408081,4.197062,-13.785894,-20.047372,34.002109,48.408559,-14.692060,-3.073311,4.546281
269.000000,178.008628,44.787118,67.286032,1.022318,1.056844,-154.796692,-21.531534,18.377425,20.824682,68.954919,-45.581110,3.209466,-15.465929,-0.683238,-9.977384,52.593024,-46.916115,-0.680638,-0.268235,-2.687710,10.333495,-13.534857,11.380512,-16.446935,54.105371,-6.334251,-4.357431,0.560111,-13.518305,-20.312909,34.599563,48.583842,-14.516534,-2.761382,5.958308
270.000000,177.853727,44.634253,67.470032,-0.126672,1.647926,-157.846297,-21.580234,13.815097,14.546963,64.761996,-46.055457,2.949335,-14.673109,-0.445965,-7.137632,52.584984,-46.729713,-0.245769,1.360189,-3.350920,11.277194,-13.718667,11.842565,-19.989460,51.219671,-5.168913,-4.534978,-5.589093,-13.130206,-20.802029,34.677362,49.083734,-14.420619,-2.665438,8.414271
271.000000,177.675998,44.477737,67.653424,-1.390295,1.941770,-160.716310,-21.309174,8.519034,7.621193,60.215330,-46.026623,2.950526,-14.441827,-0.688022,-4.336380,53.121998,-46.767200,0.463353,2.914185,-4.237577,11.905642,-14.112811,12.568914,-21.949764,48.502256,-5.829552,-4.514828,-10.242620,-12.573468,-21.202931,34.267223,49.860275,-13.656705,-2.492976,10.553161
272.000000,177.391124,44.285721,67.800021,-2.272403,2.331409,-163.534384,-20.286406,3.286657,0.182798,56.111479,-45.438083,2.707214,-13.938886,-0.550332,-1.625677,53.191580,-46.655581,0.942976,4.073497,-4.898703,12.326729,-14.375803,13.268060,-21.820914,46.223968,-7.487199,-5.017567,-11.409279,-12.377650,-21.492391,33.298695,50.911260,-14.332274,-2.505487,11.413187
273.000000,177.039659,44.025439,67.887509,-2.358187,2.757416,-166.752834,-18.561290,-0.530045,-6.652441,52.925507,-44.071369,1.375430,-13.616165,0.615440,1.266364,53.107357,-46.518120,1.111404,5.400480,-4.874363,12.328996,-14.502477,14.319915,-21.884469,45.438199,-6.758081,-5.536305,-8.392864,-11.841453,-21.794876,33.296820,51.833124,-14.064169,-2.114920,9.339252
274.000000,176.997149,43.590909,67.868239,-2.158840,2.936290,-168.767559,-17.537648,-3.192901,-11.454384,51.467583,-42.297709,0.746431,-13.748332,1.211548,3.014425,53.162719,-46.638437,1.207993,5.491857,-4.582536,11.958656,-14.444692,15.318648,-21.474615,45.406305,-6.344887,-5.776070,-6.067879,-11.233587,-22.305931,32.603959,52.521754,-13.424454,-1.594369,7.893598
275.000000,176.792085,42.887744,67.915332,-2.010853,2.983693,-170.055160,-16.183577,-2.425980,-9.827131,49.736136,-42.364597,0.689798,-13.486682,1.124871,4.259495,52.825690,-46.674378,1.766760,5.101537,-4.255028,11.755053,-14.393457,16.512252,-21.090265,46.211434,-2.833305,-6.436743,-2.562093,-10.372479,-22.824610,31.053523,52.841045,-13.476087,-1.619847,5.270913
276.000000,176.617682,42.064443,68.055397,-2.355426,2.613981,-170.950754,-14.819970,-2.748472,-7.910284,47.082041,-42.247951,1.986575,-13.651155,0.167831,5.459397,52.723996,-46.543545,2.434264,4.500853,-4.326360,11.253248,-14.581725,16.963250,-20.370848,48.593572,-0.847493,-6.189787,0.963560,-9.307231,-23.395759,29.355357,52.637030,-12.573388,-1.914496,2.050074
277.000000,176.553035,41.124985,68.177205,-2.970791,1.801925,-171.258108,-14.426582,-3.970950,-6.500645,44.962773,-41.724215,3.491514,-14.482468,-1.369483,6.441509,53.019900,-46.422566,3.425508,3.425273,-4.626228,10.587632,-14.522411,17.347173,-20.322456,51.259631,-1.089713,-6.198846,0.142936,-8.413103,-24.117751,27.970608,52.650428,-12.385925,-2.578691,2.038994
278.000000,176.460791,40.163806,68.311989,-3.457360,1.232822,-171.546838,-13.891856,-5.223482,-5.728580,43.046495,-41.115744,4.014932,-14.859447,-2.896302,7.167124,52.947650,-46.243792,4.088780,2.370649,-4.892339,9.891181,-13.743726,18.139760,-20.811701,53.883147,0.155436,-5.895154,0.435897,-7.535070,-24.385732,27.196900,53.113026,-10.649626,-1.908403,1.896118
279.000000,176.505339,39.171097,68.279946,-3.679832,1.033288,-172.218852,-13.725692,-6.346883,-5.319992,42.504899,-41.187379,4.203869,-15.463652,-4.143183,7.714710,53.491531,-46.383002,4.972290,1.967389,-4.724477,9.764818,-13.355886,18.745251,-20.766067,56.386053,1.249378,-5.506148,-1.078937,-6.557320,-24.774807,26.326773,52.879174,-9.974246,-1.731303,2.525645
280.000000,176.510859,38.220802,68.214953,-4.055656,0.678661,-173.089557,-13.409057,-7.390447,-4.302669,41.394105,-41.484472,4.911122,-16.517590,-5.348192,8.411374,54.422018,-46.523014,5.811799,1.955017,-4.625839,9.592305,-12.528917,19.434369,-21.292507,57.302050,1.950851,-5.088479,-2.307490,-5.937051,-25.022994,25.860640,53.057398,-10.847607,-2.153262,2.186254
281.000000,176.542926,37.362170,68.144029,-4.413438,0.592458,-173.898301,-12.855879,-8.447404,-3.625998,40.312497,-41.444567,5.533010,-17.498950,-6.838061,8.371780,55.649140,-46.844542,6.647887,2.248690,-4.593729,9.834580,-11.292260,20.831807,-21.771930,56.326425,4.656210,-5.051774,-1.636026,-5.086972,-24.883368,25.506467,52.793172,-10.955130,-1.781252,2.683806
282.000000,176.570392,36.626038,68.084735,-4.620243,0.567560,-175.019088,-12.211349,-9.007436,-2.600299,39.111098,-41.783501,6.215179,-18.624966,-8.677928,6.904295,56.935429,-47.380824,7.211991,2.816147,-4.468913,10.057892,-10.972155,21.118113,-21.005185,57.286279,4.453968,-5.458012,-1.919320,-4.869408,-24.191979,26.005693,53.349767,-10.662158,-1.565152,3.306341
283.000000,176.610708,36.069998,68.109572,-5.197792,0.967062,-176.612859,-10.663792,-9.729850,-1.233555,37.098029,-41.325267,6.816136,-19.408314,-11.645883,3.806432,58.529462,-47.590801,7.062007,3.561533,-4.784276,10.816762,-9.061997,21.675626,-20.338948,55.298728,2.679858,-5.214239,-1.156514,-4.975492,-22.796185,26.908365,54.014864,-11.501338,-1.323802,2.628659
284.000000,176.641703,35.612124,68.126678,-5.468580,1.143593,-177.949552,-9.871421,-10.035816,0.020080,35.913565,-41.032887,7.131535,-19.957254,-14.558657,-0.363806,59.786647,-48.048800,6.303407,4.405129,-4.863811,11.164059,-7.636780,21.663647,-18.613440,54.357029,0.246168,-4.967809,-1.730287,-4.961474,-21.451789,27.810051,54.096208,-12.782646,-1.377344,4.165119
285.000000,176.725435,35.252792,68.115658,-5.393600,1.035552,-179.143792,-9.884708,-9.963260,1.053894,35.555441,-40.732144,6.725386,-20.456925,-15.849381,-3.558825,60.961146,-48.709067,5.053771,4.747990,-4.782679,10.981687,-5.756181,22.208007,-18.374621,53.173719,-0.000772,-5.221225,1.515122,-5.230355,-20.053190,30.541676,53.455226,-13.541770,-1.709501,2.792990
286.000000,176.550210,34.961891,68.166161,-4.929326,1.182497,-179.936285,-9.406303,-9.425372,1.657616,35.482242,-41.072943,6.896569,-19.439396,-15.825752,-6.532557,60.533282,-49.322124,4.095562,5.148832,-4.310711,10.907425,-4.018938,22.057338,-17.613779,52.644407,-0.816774,-5.194346,2.242329,-5.316056,-19.474445,32.679890,51.937660,-18.428912,-1.399927,2.348812
287.000000,176.528609,34.703016,68.159896,-4.653143,1.648023,179.259391,-8.973538,-9.047953,2.438370,35.944407,-41.539882,7.170980,-18.436690,-15.387339,-8.363727,59.737920,-49.366541,3.697663,5.802257,-4.133642,11.194195,-2.980361,21.694272,-16.798189,53.037447,-1.559440,-5.925477,2.309194,-6.033791,-19.806724,33.604080,51.165937,-22.768798,-1.207462,0.857554
288.000000,176.330304,34.513032,68.210614,-4.320273,1.885290,179.132156,-8.455110,-8.697043,2.707999,35.983697,-41.767601,7.272551,-16.967098,-14.733437,-9.958434,57.708603,-48.825580,2.832949,5.998596,-3.951360,10.969444,-1.433955,21.455200,-16.970348,52.606879,-2.840375,-5.442281,-0.504778,-6.384369,-19.878910,33.504048,51.387417,-21.658347,-1.762508,2.946034
289.000000,176.070917,34.421241,68.239123,-4.572874,2.798451,178.773617,-6.786767,-9.131506,2.691662,35.028591,-41.488003,7.263090,-15.160886,-15.196939,-10.353985,56.623262,-47.856957,1.519439,6.685587,-4.351759,11.272309,-0.196781,21.430475,-17.819581,53.297431,0.179858,-5.824217,-0.731836,-6.115454,-19.551942,33.081734,51.828592,-17.978096,-2.635243,3.360307
290.000000,175.868022,34.337261,68.319815,-4.865957,3.637418,178.675233,-5.000115,-9.559171,2.830657,33.653011,-40.826452,7.045577,-13.747182,-15.381980,-9.757058,55.938928,-47.680912,1.410834,7.740241,-4.679747,11.593485,0.507415,21.143447,-18.823131,53.767222,2.281917,-5.443232,-2.635783,-5.906414,-19.656453,33.868692,51.531841,-15.522938,-2.635182,6.247948
291.000000,175.753629,34.288675,68.376809,-4.954133,4.069308,178.905030,-4.216971,-9.837470,2.503437,33.265142,-40.811429,7.315660,-12.832641,-15.375806,-9.381121,55.333599,-47.379175,1.829438,8.420232,-4.833263,11.567730,0.639421,20.488582,-19.283313,54.837362,3.656827,-4.867144,-5.391622,-6.065451,-20.028748,34.885680,51.072784,-16.596362,-2.623037,10.443615
292.000000,175.630224,34.314352,68.464446,-4.778164,4.162166,179.323287,-3.949667,-9.702724,2.032730,33.166012,-40.571617,7.199992,-11.902930,-15.241953,-9.762320,54.372715,-47.150780,1.972161,9.008730,-4.845368,11.212807,0.479871,19.779951,-19.220519,55.267405,6.109226,-4.605860,-5.307535,-6.138766,-20.447980,36.711256,50.500909,-20.639845,-3.574727,11.398127
293.000000,175.641060,34.429717,68.520749,-4.435806,3.983800,179.451429,-4.252571,-9.168595,1.858261,33.375152,-40.617595,7.021762,-11.507295,-15.061542,-10.906605,53.517763,-47.243138,1.761878,9.906042,-4.721971,11.003124,0.374445,18.924514,-19.184820,54.723250,5.892061,-4.094955,-5.792032,-6.261707,-20.240784,36.977476,50.191580,-21.205540,-3.252037,11.945960
