Frame,root_translateX,root_translateY,root_translateZ,root_rotateX,root_rotateY,root_rotateZ,left_hip_pitch_joint_dof,left_hip_roll_joint_dof,left_hip_yaw_joint_dof,left_knee_joint_dof,left_ankle_pitch_joint_dof,left_ankle_roll_joint_dof,right_hip_pitch_joint_dof,right_hip_roll_joint_dof,right_hip_yaw_joint_dof,right_knee_joint_dof,right_ankle_pitch_joint_dof,right_ankle_roll_joint_dof,waist_yaw_joint_dof,waist_roll_joint_dof,waist_pitch_joint_dof,left_shoulder_pitch_joint_dof,left_shoulder_roll_joint_dof,left_shoulder_yaw_joint_dof,left_elbow_joint_dof,left_wrist_roll_joint_dof,left_wrist_pitch_joint_dof,left_wrist_yaw_joint_dof,right_shoulder_pitch_joint_dof,right_shoulder_roll_joint_dof,right_shoulder_yaw_joint_dof,right_elbow_joint_dof,right_wrist_roll_joint_dof,right_wrist_pitch_joint_dof,right_wrist_yaw_joint_dof
0.000000,-176.454926,-14.386258,68.045604,1.029685,3.182075,-35.201046,-40.059025,35.045065,22.287862,55.289784,-22.198726,-5.639544,18.656433,-30.917015,-14.301684,15.375135,-31.275887,11.683968,12.515712,-3.969345,3.963422,-19.439581,31.475349,-1.137262,-2.766760,-11.201091,-11.458114,20.983490,-2.514016,-39.623652,7.538633,-15.736903,-13.621281,-12.180271,-14.435887
1.000000,-176.372254,-14.434163,67.730832,-0.073745,4.722337,-37.152025,-42.715330,38.946732,20.431608,58.644885,-23.544089,-6.254578,15.632541,-29.204847,-11.238213,17.094425,-32.221110,11.344972,15.468874,-2.399598,4.223276,-23.164640,32.055321,-2.867200,-0.142968,-12.810118,-13.150164,22.247560,-2.835811,-39.926738,6.359540,-15.891410,-13.968237,-12.136356,-16.245045
2.000000,-176.314259,-14.480992,67.701209,-0.074638,5.053135,-37.462386,-43.041123,39.435955,20.355390,58.909712,-23.721409,-6.305323,15.196484,-28.957833,-10.859963,17.077884,-32.286779,11.258063,16.107724,-2.259608,3.907328,-23.923465,31.955866,-3.507191,0.528936,-12.933107,-13.491936,22.318082,-2.536544,-39.937328,5.937405,-15.831007,-14.035242,-12.124554,-16.433973
3.000000,-176.290762,-14.504893,67.690158,-0.058129,5.188692,-37.597964,-43.192371,39.629946,20.314936,59.018285,-23.761630,-6.337856,14.988848,-28.884491,-10.693341,17.101872,-32.274392,11.267122,16.395423,-2.231427,3.823437,-24.349390,31.967348,-3.808265,0.839108,-12.917678,-13.698709,22.465457,-2.379243,-39.941034,5.678582,-15.803927,-14.119240,-12.125123,-16.501238
4.000000,-176.258326,-14.526336,67.681789,-0.021668,5.247474,-37.648759,-43.243615,39.681808,20.301914,59.067087,-23.816427,-6.325250,14.891156,-28.879628,-10.644680,17.129691,-32.318058,11.256217,16.538822,-2.242097,3.824816,-24.587634,31.899968,-3.988541,1.014828,-12.900446,-13.748771,22.532497,-2.269570,-39.948738,5.552075,-15.826351,-14.042200,-12.131925,-16.460257
5.000000,-176.233506,-14.544274,67.676497,0.020812,5.246117,-37.669007,-43.231143,39.663810,20.312498,59.096491,-23.849800,-6.322866,14.863859,-28.937176,-10.689145,17.166193,-32.309250,11.233737,16.590207,-2.265490,3.872177,-24.692708,31.876220,-4.098934,1.102117,-12.850337,-13.780386,22.456994,-2.227555,-39.996751,5.507497,-15.857952,-13.965252,-12.142104,-16.384517
6.000000,-176.217198,-14.567675,67.665726,0.028985,5.237637,-37.731741,-43.209177,39.716191,20.297369,59.166275,-23.904672,-6.316949,14.833528,-28.988938,-10.728742,17.203319,-32.323406,11.186211,16.628901,-2.243881,3.958701,-24.687837,31.965972,-4.038956,1.139212,-12.711740,-13.826928,22.411517,-2.261165,-40.064537,5.466855,-15.894029,-13.975511,-12.169636,-16.425131
7.000000,-176.209891,-14.594768,67.643565,0.054340,5.261914,-37.868176,-43.219251,39.843400,20.292060,59.271979,-23.968367,-6.264253,14.713259,-29.027908,-10.617385,17.238358,-32.389167,11.156124,16.730212,-2.220247,4.123996,-24.652953,31.973912,-3.830254,1.166520,-12.802651,-13.811987,22.447497,-2.345257,-40.056877,5.399723,-15.927127,-14.052113,-12.193115,-16.552772
8.000000,-176.181138,-14.630057,67.641848,0.074486,5.279968,-37.985466,-43.176286,39.944777,20.315587,59.318540,-24.023322,-6.201747,14.616190,-29.036015,-10.506683,17.297628,-32.411338,11.082662,16.781565,-2.182448,4.255607,-24.534022,31.963906,-3.604587,1.284451,-12.865581,-13.745318,22.477937,-2.408144,-39.899209,5.343067,-15.808661,-14.071271,-12.115420,-16.691266
9.000000,-176.148582,-14.682329,67.649084,0.096695,5.317039,-38.085454,-43.189325,40.075336,20.364945,59.404136,-24.010277,-6.041088,14.522372,-29.023513,-10.431916,17.337861,-32.398026,11.030454,16.751570,-2.170117,4.347380,-24.427876,32.003866,-3.439847,1.450597,-12.818040,-13.676695,22.526266,-2.564844,-39.666501,5.352954,-15.636024,-14.124543,-12.035411,-16.899114
10.000000,-176.106417,-14.752088,67.618334,0.109680,5.356221,-38.154845,-43.290244,40.240053,20.360319,59.616166,-24.043796,-6.027053,14.539197,-29.024838,-10.430993,17.296071,-32.378355,11.200876,16.714986,-2.140483,4.358392,-24.353072,32.175607,-3.302014,1.518176,-12.772559,-13.730801,22.441761,-2.810265,-39.468590,5.352856,-15.508312,-13.942265,-12.054696,-17.095350
11.000000,-176.058495,-14.807893,67.548931,0.039295,5.381084,-38.223225,-43.568530,40.632024,20.355711,60.249112,-23.902571,-6.235789,14.627257,-29.014609,-10.418238,17.233937,-32.324280,11.399179,16.694669,-1.988997,4.468724,-24.053759,33.151170,-2.983280,1.169598,-12.517973,-13.980170,22.023554,-3.683083,-39.461879,5.751579,-15.391022,-12.268359,-11.953246,-16.808872
12.000000,-176.030195,-14.817670,67.440844,-0.159397,5.549285,-38.274873,-44.310572,42.100098,21.494532,61.801280,-23.210965,-6.293083,14.562361,-28.804096,-10.270202,17.298161,-32.406184,11.336572,16.844846,-1.836508,4.751484,-23.478739,34.862184,-2.234404,0.454281,-12.301359,-14.724783,21.560023,-6.412911,-39.764159,6.671657,-15.408304,-10.458936,-11.799502,-16.699075
13.000000,-176.014972,-14.839080,67.318159,-0.628930,6.245489,-38.112433,-45.369234,45.960664,25.906503,64.428430,-22.286470,-4.759807,14.227243,-27.826358,-10.041722,17.404999,-32.682148,10.946389,17.493940,-1.662664,5.150815,-22.540650,36.648118,-1.189136,-0.344705,-12.931229,-15.651315,21.051041,-11.770500,-40.776110,7.770659,-15.965839,-12.854536,-11.835975,-17.211488
14.000000,-175.857389,-14.814349,67.209268,-1.586288,7.996675,-37.139135,-45.975929,51.102082,32.950455,66.135923,-23.012521,-1.173819,13.907950,-25.643786,-10.745991,17.113029,-32.244381,10.619383,18.435912,-1.025948,4.726180,-20.659432,38.666534,-0.070830,-0.880906,-13.239058,-15.969445,21.031916,-18.911897,-40.415899,9.425045,-16.818373,-14.597999,-11.419532,-18.291388
15.000000,-175.122976,-14.625233,67.216033,-2.041487,10.220766,-36.198726,-45.964024,52.528588,37.358604,65.023544,-27.215126,2.848742,13.629404,-23.808392,-11.898153,15.653141,-30.193903,11.034726,20.616404,-1.136448,3.264718,-18.155577,40.183161,1.172406,-1.094089,-13.283634,-16.106102,21.079410,-26.455208,-38.537020,11.076799,-17.955871,-14.429519,-10.755449,-19.435515
16.000000,-173.635900,-14.260206,67.670405,-0.802203,11.125244,-35.644237,-45.990956,49.046882,36.413815,64.355982,-29.676243,3.281093,13.267648,-24.539096,-10.691456,14.767422,-25.368351,12.181972,24.050664,-3.794672,2.510863,-14.834522,41.490903,3.426189,-1.484618,-12.767791,-16.433440,21.000124,-34.391386,-36.559537,12.516223,-18.918888,-14.251441,-9.814828,-21.129824
17.000000,-171.497703,-13.873227,68.746871,0.099740,11.310496,-32.872699,-45.068539,42.892437,35.593311,61.628346,-30.295345,3.857210,13.317331,-25.324852,-9.266916,17.367885,-16.184494,13.510691,27.533722,-6.874939,2.505365,-11.631133,41.267518,4.537163,-1.647609,-11.907878,-16.862412,21.135996,-39.439476,-36.437925,12.892764,-19.629110,-17.207417,-8.928967,-22.280864
18.000000,-168.649101,-13.442527,70.595455,-0.099744,10.968416,-26.996783,-42.635779,34.209177,33.138083,56.433601,-29.927013,6.322369,13.324787,-24.412129,-7.148616,24.423247,-0.199252,14.998033,29.825804,-8.909236,2.650133,-8.877983,39.266160,4.315184,-1.111718,-12.676044,-16.311880,19.115136,-40.711776,-38.947897,12.539917,-20.135333,-21.775715,-8.091533,-23.098510
19.000000,-165.750706,-14.590408,73.339999,-3.365610,8.669338,-16.443128,-37.764830,25.522175,25.806386,48.638655,-26.892229,7.036503,12.300199,-8.982862,3.639793,39.008498,4.586816,15.000035,28.080458,-8.063871,4.283407,-6.631938,38.592095,4.384345,-0.330101,-13.206942,-14.918366,16.169435,-38.311081,-43.409629,9.998878,-20.576240,-25.058478,-7.026855,-24.453819
20.000000,-162.879300,-14.398353,75.584841,-7.116396,5.269376,-7.308218,-31.750220,20.266828,19.603208,42.088934,-25.053236,7.272681,4.900615,-3.967388,0.120584,58.810996,-4.616631,15.000035,24.522611,-5.851654,5.903690,-5.324665,41.903620,5.216303,1.016745,-11.565896,-13.789553,14.934294,-33.810399,-46.458059,7.076058,-20.111248,-23.130386,-6.659495,-26.549722
21.000000,-160.312057,-13.063076,77.633953,-10.689379,1.272793,0.139467,-25.019316,17.313867,14.365968,35.826043,-23.467569,7.195647,-6.247374,-12.133055,-6.297860,76.793367,-13.237618,11.258501,20.037885,-2.685092,7.090182,-6.132930,46.513322,5.377268,2.796755,-9.057359,-13.191616,13.659466,-26.095177,-47.995138,3.367394,-18.716180,-20.773412,-7.002747,-28.529692
22.000000,-158.124673,-13.123578,79.829210,-15.753747,-3.731569,6.513298,-18.657478,19.579289,7.437088,30.271006,-21.449584,5.010139,-19.004409,-14.348173,-8.110206,89.762114,-19.182781,6.674944,14.504074,2.655739,8.676356,-9.823953,49.735494,5.044240,4.808538,-8.124225,-12.127949,12.157986,-17.870504,-48.923873,-0.182304,-15.386895,-21.065548,-6.412175,-30.911483
23.000000,-155.760050,-13.695672,82.095659,-20.648716,-11.357039,15.640363,-12.042607,23.748301,-1.735297,23.959783,-18.635034,1.023640,-28.971241,-11.063372,-5.860680,97.560496,-23.145908,10.848315,4.829095,8.916613,13.204970,-17.293991,50.505431,2.284963,7.072966,-11.740294,-10.835780,12.021386,-10.493925,-49.488330,-3.349480,-9.467820,-22.110043,-5.074079,-34.196619
24.000000,-153.404891,-14.133374,84.177965,-24.477329,-21.317716,25.719386,-6.554597,30.993144,-8.652083,18.648669,-14.606102,-5.466598,-35.039810,-16.974594,-3.286693,104.918058,-27.238528,12.872485,-7.726967,14.679914,21.163094,-26.726732,49.241207,-2.672696,9.482398,-21.000832,-11.308055,14.084918,-4.928936,-49.109381,-5.296411,-2.186900,-21.333710,-4.125461,-36.523911
25.000000,-150.929415,-14.943327,85.903829,-26.747330,-30.926375,36.234561,-7.417794,40.149932,-6.948669,17.820740,-9.220655,-10.587970,-41.192041,-29.510177,2.927097,109.327341,-31.846324,11.956567,-21.104832,17.966565,28.648665,-35.695614,47.386995,-9.128655,12.113607,-30.712922,-12.947023,18.230974,0.511546,-47.931348,-5.768220,4.688021,-19.846527,-3.596048,-37.607496
26.000000,-147.840667,-15.776308,87.012118,-29.062968,-38.717991,46.310095,-14.457992,48.656570,-2.096147,16.107659,-4.438707,-14.431264,-50.233613,-48.196308,9.437809,101.530386,-30.579406,8.859517,-32.187130,19.995946,29.793804,-42.234386,45.627241,-18.217679,15.603010,-34.842325,-14.679306,22.964052,9.525094,-45.959182,-4.859394,10.955663,-17.247889,-3.138838,-38.820630
27.000000,-145.319986,-16.819499,87.394559,-30.369102,-45.363566,54.931202,-22.982425,53.541334,5.118522,12.415246,-1.993770,-15.000035,-53.727791,-61.783268,7.965106,71.240519,-23.216120,10.634873,-40.394712,21.275250,29.793804,-48.798509,44.284355,-26.456475,20.608620,-31.419871,-15.250694,25.704908,17.006818,-44.603116,-3.754823,16.663515,-13.722090,-3.039689,-39.943568
28.000000,-141.747916,-19.868685,88.097250,-30.491571,-49.420592,57.930819,-29.743619,57.518013,9.650912,8.684480,1.602119,-15.000035,-51.917412,-62.719360,1.320492,26.804329,-11.413441,14.999884,-42.759491,21.976661,29.793804,-53.877840,43.091370,-30.981820,24.953767,-27.694054,-14.772652,26.198837,21.130030,-45.520769,-1.674208,21.033605,-13.323641,-3.196982,-38.017615
29.000000,-139.148986,-21.192567,89.616883,-29.300757,-53.793264,61.158156,-31.266157,59.596460,6.063780,2.733216,5.228863,-15.000035,-52.694855,-60.395080,-0.366134,4.947567,-2.321560,15.000035,-42.858696,21.859438,29.793804,-56.365617,38.749036,-33.554462,27.360874,-28.532099,-14.446564,25.270966,23.676311,-45.450411,-0.098906,25.439866,-14.030187,-2.352159,-37.448134
30.000000,-137.481177,-21.065551,89.484388,-26.705821,-55.450588,64.875905,-31.272779,60.460684,5.607712,1.634582,5.417628,-15.000035,-53.325855,-63.331864,-2.998890,7.301663,1.614610,15.000035,-41.555824,20.619796,29.793804,-58.541469,35.398565,-34.141769,28.085786,-32.331472,-14.710376,25.379564,23.774032,-44.441930,-0.168293,28.866978,-13.053649,-1.440098,-38.105438
31.000000,-137.016010,-20.060618,88.355720,-18.813187,-57.970166,77.619106,-32.736499,58.306443,-0.691961,0.534018,5.072197,-15.000035,-56.581902,-70.431121,5.494039,36.788618,-8.922008,15.000035,-40.015756,18.362328,29.793804,-64.688271,30.845971,-41.162067,31.576245,-34.806012,-15.626546,23.366285,23.153752,-39.494292,-4.307790,36.783472,-6.378820,-2.373225,-43.514978
32.000000,-135.824299,-18.806016,87.995172,-8.913708,-60.362311,92.366763,-34.636603,57.053308,-9.107619,-0.170817,3.831541,-15.000035,-61.368348,-70.533554,17.559310,78.707910,-25.740031,15.000035,-39.606170,17.075799,29.793804,-64.845748,28.370350,-44.010324,31.992203,-30.299925,-14.946126,20.047522,24.485195,-37.015206,-8.102260,40.541121,-6.187483,-1.827555,-46.774030
33.000000,-133.992887,-18.649554,87.855035,-4.950621,-57.295348,98.754685,-34.149607,54.034224,-11.529462,1.014623,1.643088,-15.000035,-63.295302,-61.783091,19.986768,113.417538,-38.433051,14.987682,-37.115046,15.186309,29.793804,-63.777731,26.211874,-41.286014,29.722053,-29.590319,-14.436052,17.709234,22.242842,-35.394713,-12.100042,40.830806,-4.046676,-1.984786,-48.281432
34.000000,-132.192838,-19.488816,87.147141,-5.351737,-54.201678,94.815791,-33.232924,55.369642,-9.459424,5.812666,-1.650117,-15.000035,-66.532804,-47.415805,6.474576,138.983517,-43.538761,13.173732,-27.065482,16.842299,29.793804,-60.185093,23.884494,-35.242857,21.871961,-31.197060,-12.623831,12.855969,19.384926,-35.054010,-18.875257,38.452397,3.417999,-4.037336,-49.932357
35.000000,-130.604362,-19.548595,86.215228,-2.629937,-48.148195,97.536098,-29.979865,51.081441,-7.246533,10.556302,-6.359488,-15.000035,-65.324558,-41.087720,-6.197235,142.291241,-42.062105,13.278720,-23.711951,13.513847,29.793804,-55.117246,24.258855,-31.645745,17.267697,-32.242857,-12.093523,11.096262,16.053909,-35.357912,-22.132275,34.501256,6.478088,-4.896350,-51.179915
36.000000,-128.384066,-19.069077,84.853232,-2.305524,-42.692332,97.572285,-29.066389,48.130895,-3.908566,16.379253,-11.535967,-13.446371,-64.479813,-34.322380,-9.435066,132.765531,-40.640742,14.780423,-19.523167,11.443095,29.793804,-48.884603,25.860858,-28.891133,13.159580,-32.120891,-12.479971,11.278432,13.174986,-36.557870,-24.419369,29.986730,8.050262,-5.584205,-50.572073
37.000000,-126.918066,-18.176818,83.332568,-1.341452,-38.214595,99.082574,-28.766831,44.577417,-3.543506,22.274464,-17.345790,-11.074930,-58.541032,-30.718264,-7.578189,117.970235,-38.016430,14.888301,-16.875560,10.567611,29.612282,-41.367676,27.022242,-27.223013,9.744954,-32.940421,-11.877813,10.998205,11.432416,-37.298082,-25.931092,24.915205,9.694433,-6.072502,-50.000830
38.000000,-125.817657,-17.451589,82.061988,0.431557,-34.564027,101.061966,-28.217217,41.632250,-3.623288,27.738698,-21.733493,-9.762624,-49.797642,-27.476096,-6.804432,99.933174,-29.075675,15.000035,-15.496043,10.263201,29.255746,-33.236640,28.306517,-25.775616,7.762595,-31.190793,-12.007717,9.582248,9.398211,-38.344156,-25.608483,20.371743,10.770935,-6.508679,-50.348183
39.000000,-123.765457,-17.120743,81.060129,1.835410,-31.166694,102.139451,-28.649771,39.628211,-4.342386,33.415167,-25.150500,-8.688029,-41.399225,-19.793163,-6.109980,80.294659,-12.568629,15.000035,-13.782945,9.675477,29.056899,-26.164136,28.864642,-24.281684,7.737804,-29.407868,-11.674328,9.049933,6.547497,-39.611808,-24.204257,17.273347,10.006829,-6.262026,-50.408148
40.000000,-121.608579,-16.414145,79.775977,2.871265,-26.676693,103.626451,-28.865284,36.240471,-4.896617,39.504404,-28.864871,-7.705974,-32.147767,-15.454003,-3.727047,61.303393,0.997028,15.000035,-12.729196,8.322678,29.043686,-20.008530,28.517063,-22.884977,6.351744,-30.968870,-11.656340,9.999416,4.340776,-40.091086,-22.472099,13.144316,9.047608,-6.161729,-50.942361
41.000000,-119.369245,-15.498510,78.037542,2.957313,-22.469936,103.823212,-29.357929,33.861213,-4.540783,45.369187,-32.433457,-7.809609,-24.445638,-13.816849,-2.294011,45.031383,9.678669,15.000035,-10.908245,7.050816,28.833514,-15.698117,28.636466,-22.024730,4.035819,-32.746683,-11.816598,9.322833,2.167113,-40.066047,-21.085747,9.129778,8.104854,-6.395573,-49.622315
42.000000,-116.878402,-14.663120,76.178700,3.089269,-17.617221,104.479606,-29.912274,30.695423,-4.224301,51.419600,-35.547484,-7.671709,-18.251637,-12.297249,-0.059786,33.730920,16.546615,15.000035,-9.636962,4.883174,28.807955,-11.684994,28.484728,-21.366900,1.099956,-35.313253,-11.649076,8.646102,0.822378,-40.065442,-19.577737,4.867864,5.992392,-6.147090,-47.639586
43.000000,-114.721835,-13.599412,74.119931,2.664808,-16.085785,104.091127,-30.741517,31.587238,-4.622325,54.020376,-37.185145,-8.145927,-15.101678,-9.069657,1.256416,30.120806,16.952248,15.000035,-7.501421,4.965878,27.473044,-9.909420,28.468042,-21.196514,-0.095464,-36.411639,-11.833515,8.751427,0.037913,-39.923678,-18.366256,2.271276,4.916759,-6.753915,-46.518578
44.000000,-114.149666,-13.806325,71.714383,1.168917,-12.211517,102.871407,-33.377693,28.785860,-2.769271,60.972047,-41.034141,-6.823721,-15.293502,-16.349183,-1.567076,31.699666,6.235282,15.000035,-6.875021,2.386847,25.250494,-4.375612,30.218154,-19.215549,-7.249207,-37.745948,-11.130676,9.619569,0.674397,-38.715797,-16.665214,-6.273303,1.704218,-5.411883,-43.307877
45.000000,-113.394332,-13.556205,69.494063,0.443474,-10.944991,101.901725,-35.407988,29.314178,-2.638128,65.249193,-43.509780,-7.041673,-15.822980,-20.487065,-3.191195,33.623109,-6.567580,15.000035,-5.723167,2.341434,23.598141,-1.993705,30.812045,-17.909704,-11.070192,-39.151676,-10.669587,8.915451,0.396884,-39.004700,-15.870030,-10.836993,-0.959601,-5.505442,-40.503459
46.000000,-112.713695,-13.319819,67.564744,-0.028677,-9.532314,100.893508,-36.879234,29.587478,-2.424222,69.413744,-45.771539,-6.634451,-17.477590,-23.522352,-1.731415,36.681562,-15.982649,15.000035,-4.923967,2.460652,22.297924,-0.365015,30.156641,-16.905618,-14.248442,-42.108266,-10.324963,8.403557,0.200397,-39.973549,-15.182129,-14.569210,-3.083504,-6.120665,-37.357378
47.000000,-112.024629,-13.302743,66.043246,-0.542988,-8.226985,100.121088,-38.359176,29.605189,-2.300755,72.723141,-47.331271,-6.127869,-20.368751,-25.891944,0.133791,40.833388,-22.240387,15.000035,-5.079537,2.641655,21.226556,0.358827,28.575903,-15.938467,-16.670014,-44.709056,-9.268156,7.708891,-0.957752,-40.892035,-13.538862,-17.524597,-2.579424,-6.156249,-36.389540
48.000000,-110.901284,-13.341588,65.316159,0.088117,-8.364198,100.216421,-39.257168,30.611610,-4.025540,74.057924,-47.574204,-6.777433,-22.119571,-24.880076,0.626207,45.482803,-24.351607,15.000035,-6.235507,3.635727,21.514032,-0.151143,27.096537,-15.979390,-17.966338,-44.310159,-9.392758,6.962326,-2.225406,-41.756546,-12.018203,-19.105079,-2.987498,-6.168871,-34.917156
49.000000,-110.108531,-13.347429,64.645380,0.581353,-8.014218,100.502884,-39.809044,30.785452,-5.140890,75.174046,-47.770797,-7.178589,-23.057156,-24.985413,1.390644,48.683799,-26.803312,15.000035,-7.273909,4.218065,21.970446,-1.754060,26.175896,-16.899850,-18.771948,-42.923487,-10.081376,7.533129,-2.764916,-42.779230,-11.298290,-19.865247,-3.509403,-6.267158,-33.740018
50.000000,-109.435678,-13.341887,64.041913,0.686287,-7.248232,100.864944,-40.333264,30.401763,-5.654900,76.063807,-47.875678,-7.408763,-24.394627,-25.761247,2.494796,51.809181,-29.023632,15.000035,-7.779936,4.250150,21.947397,-3.714083,25.918889,-18.296420,-19.664106,-43.820663,-10.263954,8.491581,-2.784275,-42.887909,-11.010962,-20.049904,-2.226278,-6.193689,-34.496038
51.000000,-108.886182,-13.283394,63.656747,0.844961,-6.561506,101.617829,-40.654662,29.726923,-6.151507,76.467629,-47.772577,-7.620725,-25.046008,-26.672034,2.906529,54.169418,-30.423134,15.000035,-8.177098,4.208104,21.657128,-5.415940,26.543768,-19.473812,-20.405808,-44.677172,-10.256485,8.368873,-1.960118,-43.024065,-11.492028,-19.922043,-1.702923,-6.039961,-34.333793
52.000000,-108.487344,-13.203631,63.480639,1.270221,-6.092202,102.681789,-40.596848,28.958875,-6.807694,76.405126,-47.556247,-7.980000,-24.509178,-27.557008,2.485358,55.366630,-31.406053,15.000035,-8.658828,4.232754,21.632377,-6.515808,27.607729,-19.882676,-21.105180,-44.261303,-10.300799,7.884635,-0.430690,-43.071398,-12.476247,-19.982456,-2.475613,-6.151943,-34.483142
53.000000,-108.211255,-13.261427,63.417727,1.381524,-5.665210,103.208509,-40.596087,28.419514,-6.960912,76.196655,-47.174675,-8.233423,-24.500298,-28.109007,2.535682,56.036969,-31.858482,15.000035,-8.814543,4.026651,21.498534,-7.008905,28.567545,-19.600295,-21.755889,-44.334153,-10.336478,7.465809,0.951606,-42.773879,-13.437452,-19.975588,-2.899942,-6.285455,-34.613958
54.000000,-108.090341,-13.449422,63.527793,1.216491,-5.333697,103.216269,-40.526333,28.120357,-6.560710,75.679507,-46.633441,-8.209723,-24.911382,-28.301555,2.949132,55.992415,-31.641596,15.000035,-8.848600,3.603435,21.386226,-7.682678,29.191744,-19.398395,-21.903223,-45.251021,-10.114249,7.334580,1.812827,-42.098291,-13.828466,-19.644010,-2.474936,-6.058749,-34.939894
55.000000,-108.117068,-13.748404,63.947988,1.094777,-5.198419,102.840073,-39.954769,28.104654,-5.802320,74.456514,-45.852149,-8.037853,-25.000632,-28.072288,3.196485,54.718783,-30.564936,15.000035,-9.029423,3.229040,21.590076,-9.279661,29.619095,-19.762080,-21.105556,-44.713868,-10.126946,7.395982,2.359230,-41.335933,-13.742705,-19.341313,-1.836117,-6.041147,-35.230522
56.000000,-108.246255,-14.272735,64.759445,0.677388,-5.515215,101.596159,-39.244467,28.693912,-4.701721,72.434716,-44.655288,-7.520557,-25.401496,-26.862507,3.226115,52.037832,-28.110542,15.000035,-9.331293,3.060353,21.928775,-11.460741,29.889027,-20.447659,-19.816819,-43.268699,-10.031190,7.334912,2.323987,-40.749499,-13.269362,-19.113873,-1.826181,-6.043681,-35.008835
57.000000,-108.258545,-15.064700,66.068029,-0.117859,-6.392385,98.868193,-38.118511,30.485682,-3.166257,69.158978,-42.727369,-7.132180,-26.370199,-23.862859,2.795552,47.904399,-23.906429,15.000035,-9.454467,3.180562,22.485666,-13.440670,29.446902,-21.118040,-18.431399,-42.187019,-10.159102,7.436147,1.490807,-40.243096,-12.218723,-18.760771,-1.761485,-6.281141,-34.320051
58.000000,-108.058393,-16.152275,67.672396,-1.135549,-7.123590,95.248480,-36.574519,32.611944,-0.973488,65.302926,-40.153944,-6.815653,-27.856857,-19.950933,1.936259,43.089249,-18.017001,15.000035,-9.669161,3.345344,23.367640,-14.933666,27.856580,-21.861620,-17.078190,-42.403348,-10.253381,7.847022,-0.101479,-40.403451,-10.844565,-18.252514,-1.453481,-6.388287,-33.908112
59.000000,-107.757354,-17.522949,69.213867,-1.905049,-7.427140,90.858273,-34.330102,35.086180,2.287488,61.819933,-37.605580,-6.891626,-29.823154,-18.226580,-2.476745,38.498675,-12.477969,15.000035,-9.581555,3.507668,24.229826,-15.807185,26.129213,-22.599332,-15.956329,-41.900458,-10.834012,9.935104,-1.833872,-41.071427,-9.404184,-17.745929,-1.237445,-6.498399,-33.393918
60.000000,-108.550584,-18.425716,70.341939,-3.190529,-7.954424,85.345990,-31.569749,38.152890,6.792636,59.022847,-35.913114,-6.626360,-31.128727,-21.692536,-10.045713,36.554162,-7.384772,15.000035,-9.055669,4.071220,23.757920,-15.930675,25.706056,-23.190529,-15.655702,-41.704193,-11.057571,10.291483,-3.221353,-41.847490,-7.976383,-17.162886,-1.307143,-6.725566,-32.141689
61.000000,-109.933019,-18.291476,71.223009,-4.940357,-7.775506,80.541036,-28.686774,39.280647,10.600889,56.684840,-35.052275,-5.622207,-30.809515,-27.738566,-14.074939,39.079440,-3.169632,15.000035,-8.808246,4.407770,21.848378,-15.951741,26.172265,-23.821111,-15.860710,-42.121298,-11.014657,9.894202,-3.821828,-42.423900,-7.191192,-16.663377,-1.458888,-7.193635,-31.285487
62.000000,-110.843337,-17.822233,71.846020,-5.303733,-6.076968,77.475237,-24.839591,36.394321,10.941929,53.775558,-34.721676,-4.935135,-29.194312,-34.691562,-14.058986,42.432861,3.626290,15.000035,-9.529241,3.616771,20.446615,-16.753397,26.701231,-24.403112,-15.919696,-42.940207,-10.830077,9.380011,-3.994599,-43.144970,-7.118710,-16.047092,-1.567064,-7.009390,-30.670418
63.000000,-110.750854,-17.790791,72.361225,-5.525917,-5.004017,73.994003,-21.525937,35.135603,10.832748,50.861680,-34.030793,-4.900718,-27.016892,-36.997004,-14.651669,41.606873,12.401963,15.000035,-9.802777,3.396708,19.216503,-17.816229,27.204587,-24.344164,-15.499482,-41.995845,-10.787611,9.321228,-3.911911,-43.846174,-7.590939,-15.386509,-1.398736,-6.643095,-30.266388
64.000000,-109.860289,-18.666255,72.892350,-6.105471,-4.225315,70.075809,-19.336088,36.004700,12.314566,48.327133,-32.499877,-5.321388,-26.387888,-34.079775,-15.289783,37.763593,14.427835,15.000035,-10.058384,3.417475,18.175161,-18.957479,27.348359,-23.759064,-14.764425,-40.382568,-10.679563,9.142043,-4.645034,-44.841565,-8.105357,-14.257876,-0.907124,-6.507890,-29.934031
65.000000,-108.968318,-19.474751,73.085999,-6.121484,-2.855250,66.273658,-16.547120,35.982174,13.976286,46.016105,-31.536489,-5.590664,-26.861143,-31.823641,-15.740552,33.571473,12.393451,15.000035,-10.653578,3.074673,17.204420,-19.403370,26.953668,-23.229451,-14.565718,-40.793759,-10.789044,9.089757,-5.947564,-45.919632,-7.920105,-12.998343,-0.502934,-6.331717,-29.845106
66.000000,-108.241510,-19.891362,73.196489,-5.723903,-1.166146,62.356633,-12.706856,34.908885,15.829308,43.097124,-30.652178,-5.656526,-28.495588,-32.004583,-17.686285,32.409842,10.330831,15.000035,-11.493363,2.421409,16.207592,-19.273124,26.396362,-22.948628,-14.585922,-42.165189,-11.188647,9.378016,-8.030245,-46.783575,-6.566863,-11.737999,-0.046324,-6.028528,-29.976105
67.000000,-107.267833,-20.237103,73.436671,-5.088551,0.212776,58.934727,-8.918046,34.013980,17.644392,40.281235,-28.664122,-5.713381,-29.637441,-31.787325,-19.259815,31.360049,8.611154,15.000035,-12.978272,1.737469,15.435031,-18.604057,26.234816,-22.373985,-14.492533,-43.051239,-11.601653,9.421244,-10.696454,-47.369752,-4.386872,-10.337817,-0.042586,-6.003282,-30.124536
68.000000,-105.936539,-20.550123,73.737210,-4.032029,1.389431,55.517672,-5.975140,33.753555,19.580476,40.158586,-25.255856,-5.460938,-29.708075,-30.234181,-17.094113,29.154519,6.043276,15.000035,-14.242912,0.857616,14.707562,-17.784510,26.528431,-21.431264,-14.008624,-42.209971,-11.535768,8.822587,-13.502987,-47.484769,-1.648511,-8.741636,0.157563,-6.077047,-29.689132
69.000000,-104.489613,-20.445760,73.983002,-2.280611,2.599251,51.795293,-3.865872,32.453644,19.463345,41.970023,-21.484177,-4.018618,-29.303786,-29.158286,-12.946262,27.409512,2.339300,15.000035,-14.667751,-0.645189,13.920272,-17.417903,27.011320,-20.429287,-13.452036,-41.715421,-11.080344,8.374360,-16.067590,-47.309589,1.034015,-6.794107,0.484494,-5.969956,-29.165400
70.000000,-103.303194,-20.360900,74.275768,-0.899897,2.817574,48.066709,-1.647197,29.673330,15.578951,40.693557,-20.686355,-4.843075,-29.623446,-27.828368,-10.380165,27.438144,0.958444,15.000035,-14.526911,-1.523479,13.745704,-17.207504,27.284015,-19.697699,-13.314361,-41.320172,-10.856704,7.531240,-18.068337,-46.895003,3.056863,-4.880753,0.315368,-5.925982,-28.634970
71.000000,-102.472627,-20.321095,74.454403,-0.711783,2.097423,43.578572,1.076403,25.071948,7.583983,34.710769,-23.941567,-8.163384,-29.663057,-24.097350,-8.258444,26.426955,0.252139,15.000035,-13.677041,-1.207809,13.922377,-16.689449,26.844441,-19.143907,-13.324287,-40.427521,-11.252622,7.165435,-20.141096,-46.273162,5.264852,-3.067843,-0.219773,-5.989506,-28.243886
72.000000,-101.899862,-20.034280,74.408352,-0.302356,1.815742,39.638407,4.064386,22.518003,3.565697,29.530121,-26.233703,-8.278524,-30.277385,-22.972281,-7.492138,26.406722,0.177399,15.000035,-12.949609,-0.920444,14.081249,-16.341540,25.863549,-18.796600,-13.419010,-40.557346,-11.641732,7.466449,-22.538545,-45.949083,7.418694,-1.022996,-0.257305,-6.076022,-27.811243
73.000000,-101.401746,-19.795392,74.256533,-0.045727,1.966924,36.491582,6.817999,21.267741,2.326183,26.265308,-27.098040,-8.241177,-31.395723,-22.875400,-7.474039,27.169487,0.113572,15.000035,-12.514714,-0.713943,13.621684,-16.132094,25.020390,-18.653699,-13.529075,-40.797755,-11.787505,7.598650,-24.556376,-45.769716,9.072163,0.787767,0.001679,-5.953538,-27.190444
74.000000,-100.952208,-19.777274,73.947591,-0.195372,2.195805,34.776107,9.502886,21.421679,2.876418,23.108526,-27.373172,-8.441510,-32.894642,-21.452350,-6.407710,28.404795,0.615304,15.000035,-12.867748,-0.447912,12.952863,-16.062903,24.786490,-18.564213,-13.907517,-40.664566,-11.741414,7.134678,-26.234523,-45.826184,10.185516,2.137207,-0.023414,-6.046305,-26.755905
75.000000,-100.533140,-19.589475,73.437142,-0.871421,2.338604,34.215680,11.817027,22.326097,4.183057,19.632199,-28.573282,-8.971117,-34.320386,-20.859374,-6.632389,30.306321,0.520519,15.000035,-14.074654,0.142483,11.869356,-16.015945,25.073034,-18.517556,-14.346821,-40.709884,-11.684694,6.840209,-27.011394,-45.777987,10.724954,2.995972,-0.162311,-6.158358,-26.242159
76.000000,-100.217581,-19.425307,72.943145,-1.407217,2.404227,34.351734,13.325649,23.148908,6.002186,16.883019,-30.031372,-9.261765,-35.565830,-21.221546,-7.650672,32.592993,-0.424411,15.000035,-15.634071,0.649460,11.071784,-16.313186,25.214977,-18.556155,-14.546575,-40.648256,-11.627662,6.883295,-27.489614,-45.577863,11.101065,3.693075,-0.072975,-5.985440,-25.746731
77.000000,-99.909765,-19.237557,72.505951,-1.642168,2.372985,35.014357,13.988083,23.888298,8.156771,15.802508,-31.380382,-8.953251,-36.501593,-22.418318,-9.014578,35.149793,-1.512251,15.000035,-17.141888,0.828683,10.561752,-16.823355,25.431730,-18.687408,-14.324064,-40.326738,-11.507356,6.928063,-27.473166,-45.515278,11.078665,4.314015,-0.177289,-5.874877,-25.276867
78.000000,-99.672389,-18.951969,72.060269,-1.358328,2.515134,35.931076,14.091130,23.870150,9.367020,15.741769,-32.705886,-7.887486,-37.519848,-24.795241,-10.457298,38.059508,-3.103669,15.000035,-18.336838,0.453991,10.144600,-17.778108,25.608753,-19.045110,-13.765918,-39.859027,-11.486017,7.239951,-26.984775,-45.377752,10.706529,4.887975,-0.342438,-5.888845,-24.967202
79.000000,-99.398822,-18.855675,71.631438,-1.189874,2.452143,36.531971,14.195088,24.100891,9.652010,16.003268,-34.027384,-7.124913,-38.089168,-25.662003,-10.110911,40.268630,-4.738540,15.000035,-18.813734,0.026552,9.822934,-18.629177,25.780172,-19.479139,-13.447303,-39.830528,-11.596682,7.539005,-26.159763,-44.984886,10.287175,5.328555,-0.136857,-5.835921,-24.971773
80.000000,-99.120307,-18.780494,71.221286,-0.965220,2.237033,36.998148,14.539859,24.393228,9.930247,16.272512,-35.301283,-6.357166,-38.437439,-26.348512,-9.739669,42.336367,-6.366897,15.000035,-18.959939,-0.433070,9.714606,-19.323152,25.959300,-19.708765,-13.170366,-39.802791,-11.587071,7.902505,-25.326290,-44.701256,9.994215,5.776989,-0.115081,-5.819513,-24.768930
81.000000,-98.828858,-18.781283,70.875734,-0.852315,1.962442,37.390446,14.861165,24.873126,10.164204,16.663071,-36.228474,-5.983916,-38.402947,-26.741954,-9.681080,43.816370,-7.975392,14.992755,-18.956053,-0.798060,9.621989,-19.509228,25.956211,-19.683775,-12.932118,-39.621132,-11.570674,7.881623,-24.603762,-44.561373,9.870234,6.202880,-0.399787,-5.920864,-24.441957
82.000000,-98.574239,-18.821092,70.604467,-0.738823,1.830022,37.467799,14.993633,25.091991,9.718236,17.107874,-36.782908,-5.927975,-38.717214,-26.919777,-9.581913,45.179540,-8.867724,14.994400,-18.649357,-1.156915,9.556489,-19.305917,25.770982,-19.379028,-12.845341,-39.936864,-11.524418,7.982776,-24.048039,-44.464439,9.759586,6.417519,-0.702376,-5.798356,-23.907619
83.000000,-98.357457,-18.891421,70.381230,-0.763209,1.787972,37.697232,15.013524,25.375215,9.319286,17.179336,-37.201233,-6.023287,-38.993936,-27.106278,-9.729429,46.243827,-9.688685,14.996223,-18.468222,-1.391746,9.407424,-18.812189,25.533597,-19.073380,-12.799366,-40.265878,-11.567191,8.090238,-23.450811,-44.276718,9.446211,6.445190,-0.709413,-5.746000,-23.285225
84.000000,-98.182118,-18.946300,70.240432,-0.796051,1.771044,37.790009,15.061523,25.596045,9.155939,17.223804,-37.381461,-6.128296,-39.208042,-27.199429,-9.790253,46.996015,-10.229227,14.995339,-18.235651,-1.635943,9.367728,-18.278980,25.354420,-18.766172,-12.687774,-40.407102,-11.626887,8.382592,-23.041028,-43.990776,9.210088,6.512007,-0.622379,-5.624172,-23.244447
85.000000,-98.043197,-18.992539,70.128548,-0.786509,1.741314,37.935358,15.006831,25.798323,9.068002,17.423358,-37.477190,-6.264042,-39.341538,-27.313109,-9.772069,47.617268,-10.664148,14.990754,-18.021912,-1.903384,9.446346,-17.743187,25.055938,-18.614738,-12.571246,-40.514695,-11.417636,8.217702,-22.717718,-43.748198,9.022227,6.560966,-0.451893,-5.370306,-22.871455
86.000000,-97.917223,-19.033194,70.025736,-0.809859,1.733809,38.219686,14.846135,26.015511,8.789934,17.550299,-37.546568,-6.506764,-39.464843,-27.504863,-9.847896,48.249385,-11.086276,14.987709,-17.924556,-2.136348,9.482991,-17.484364,24.847909,-18.581514,-12.397561,-40.724030,-11.423852,8.378450,-22.476305,-43.676089,8.896417,6.509387,-0.078154,-5.349820,-22.682476
87.000000,-97.803229,-19.062361,69.936603,-0.790175,1.719378,38.542629,14.660511,26.185368,8.568932,17.755188,-37.660898,-6.552227,-39.498673,-27.764161,-9.917305,48.795582,-11.507838,14.985042,-17.807546,-2.362910,9.593043,-17.527947,24.840184,-18.613495,-12.281697,-40.471125,-11.506149,8.563466,-22.320908,-43.805726,8.856126,6.358527,0.021666,-5.507863,-22.702260
88.000000,-97.714019,-19.070090,69.859588,-0.748777,1.723611,38.768502,14.497543,26.297719,8.524617,18.022801,-37.799971,-6.458251,-39.549551,-27.989939,-9.896415,49.236296,-11.841407,14.981007,-17.594248,-2.540681,9.643511,-17.680713,24.838803,-18.605582,-12.199172,-40.362156,-11.469267,8.607551,-22.224833,-44.084056,8.890711,6.124576,-0.010941,-5.485985,-22.764559
89.000000,-97.647095,-19.068502,69.784850,-0.750805,1.744935,38.949666,14.331491,26.393791,8.426596,18.236436,-37.970722,-6.301248,-39.617945,-28.189820,-9.940745,49.609689,-12.125837,14.980794,-17.389009,-2.532477,9.725326,-17.871559,24.872665,-18.465249,-12.195704,-40.295299,-11.520117,8.723509,-22.210664,-44.465372,8.873929,5.802070,-0.071910,-5.496450,-22.797049
90.000000,-97.578186,-19.080888,69.716150,-0.746992,1.766477,39.099098,14.231304,26.473248,8.297518,18.336696,-38.065614,-6.202165,-39.665422,-28.352851,-10.004043,49.954532,-12.401233,14.984682,-17.215683,-2.440682,9.905736,-18.093554,24.968231,-18.279200,-12.275331,-40.345910,-11.612141,8.966158,-22.189256,-44.831483,8.770678,5.477161,-0.081488,-5.541921,-23.116861
91.000000,-97.529936,-19.121090,69.651914,-0.653059,1.773280,39.239889,14.140921,26.517333,8.249904,18.510707,-38.046138,-6.124716,-39.833588,-28.589212,-10.122643,50.491395,-12.418419,14.992880,-16.945486,-2.351811,10.344380,-18.828936,25.266077,-18.318755,-12.221456,-40.573489,-11.443618,8.955094,-21.747413,-45.353880,8.360015,5.099206,-0.169510,-5.579026,-22.932529
92.000000,-97.468472,-19.109890,69.572723,-0.503356,1.898042,39.561100,13.944499,26.359107,7.861145,18.582602,-38.163586,-5.830974,-40.279517,-29.517588,-10.692887,51.523098,-12.072674,14.994499,-16.763823,-2.245262,10.819770,-20.959510,25.342826,-18.842680,-11.406201,-40.212189,-11.080105,9.086884,-20.668808,-46.036718,7.478728,4.855368,-0.157519,-5.625473,-22.502120
93.000000,-97.376084,-18.715945,69.472712,-0.149238,2.248174,39.995533,13.909681,25.586826,7.278460,18.487493,-38.383556,-5.355810,-40.870288,-33.244368,-13.743118,53.689771,-11.240466,14.935134,-16.922770,-2.151625,11.405947,-25.317607,24.850757,-19.882300,-9.621713,-38.182752,-11.022997,9.781463,-19.144383,-47.066362,6.439715,4.964805,-0.294332,-5.798865,-22.554133
94.000000,-97.239095,-18.608677,69.348007,0.550362,3.329479,39.447926,13.936719,23.972827,7.307891,18.055774,-38.412779,-4.920493,-41.763561,-39.965260,-22.070453,56.360153,-10.483721,10.595445,-17.028068,-2.408234,11.756531,-31.892469,23.250961,-21.173860,-7.130604,-36.041740,-11.129608,10.657329,-17.335886,-48.386826,5.600050,5.483133,-0.445752,-5.980675,-22.674703
95.000000,-96.777052,-18.487537,69.201523,1.323711,5.309383,37.790800,14.234217,21.629225,8.647211,16.985770,-37.978143,-4.843150,-41.935128,-46.785327,-32.315104,58.490209,-11.947939,4.892500,-17.709350,-2.899225,10.564973,-38.055021,21.589673,-21.768617,-5.419960,-34.139806,-11.470064,11.635735,-15.430647,-49.359769,5.473778,6.569279,-0.470236,-6.144282,-22.585914
96.000000,-95.662916,-18.552294,69.186330,1.402113,7.297598,37.058762,14.630909,20.391137,9.896942,14.353525,-36.036618,-5.839419,-41.766986,-48.818067,-37.342540,59.164622,-15.908243,1.220874,-20.179869,-2.527587,8.586484,-44.381217,20.041845,-21.922807,-3.728579,-31.174691,-12.102570,13.397265,-13.295761,-49.973858,4.880835,8.113455,-0.929515,-6.220733,-22.768190
97.000000,-93.799901,-18.698137,69.473547,0.824680,8.386688,37.033072,15.421252,20.849695,10.587684,12.245517,-31.582904,-6.922029,-42.525284,-46.701296,-35.069893,59.635324,-19.022427,1.013023,-24.220353,-0.466038,7.092844,-50.596621,18.309167,-21.229712,-2.080500,-29.587372,-12.645725,15.738402,-10.743805,-50.427884,3.729655,8.968600,-1.786032,-6.465766,-22.997105
98.000000,-91.203552,-18.884422,70.451003,0.927334,8.658469,33.795262,16.600078,21.218521,11.231967,15.578062,-24.160274,-6.490528,-42.260307,-41.232131,-32.240211,58.050495,-20.602381,0.255731,-26.792501,1.723550,6.378260,-54.741091,18.706280,-19.352214,-1.907655,-28.855958,-13.682899,17.525104,-8.232412,-50.443433,3.203966,9.192344,-1.685370,-6.869972,-22.706919
99.000000,-87.747532,-19.317473,72.368705,1.935851,7.201717,26.236304,16.019681,20.524380,7.326871,28.787598,-10.859313,-4.249835,-39.207468,-30.121086,-27.066979,52.446946,-20.924940,-0.963651,-26.868882,2.899004,6.836528,-55.798373,22.954256,-17.344367,-2.485697,-26.134356,-15.279101,18.970635,-5.828269,-49.661090,2.987125,9.831542,-0.894424,-7.210951,-21.206491
100.000000,-84.345341,-19.233960,74.449593,3.690974,4.167155,15.717570,12.149611,6.661790,-8.013045,48.963598,-13.387929,-7.851611,-33.545002,-19.332644,-20.121577,45.576725,-20.828074,-0.978549,-24.860140,2.148298,8.115154,-53.319530,29.364428,-15.134475,-3.173631,-26.574045,-16.981792,19.355084,-3.432991,-48.779862,2.591091,10.410554,-2.082225,-7.062384,-18.663325
101.000000,-81.659007,-19.556025,76.275498,7.663896,1.890090,8.965012,-0.086341,5.467305,-0.794708,70.852721,-21.296953,-2.652913,-28.748693,-16.642374,-13.670356,41.293336,-19.883174,-0.324116,-24.037457,-0.648447,8.607124,-48.962064,34.579588,-11.921639,-3.163067,-29.097798,-17.708413,19.515794,-0.417507,-49.121180,0.852137,10.779314,-3.715145,-7.287259,-17.588698
102.000000,-79.145026,-19.705530,77.940094,11.505044,-0.618035,3.185391,-15.195491,6.012213,4.707670,85.007968,-27.557699,2.197748,-24.163276,-16.276616,-7.910934,37.492192,-18.411004,0.907368,-22.230886,-3.538332,8.736517,-43.315810,39.441255,-7.905419,-0.202144,-26.557403,-17.347583,20.047811,2.601371,-50.249951,-1.676811,11.329786,-3.158538,-6.964477,-14.663276
103.000000,-76.291394,-19.390886,79.604203,15.473892,-5.316102,-4.181245,-28.753426,3.797107,7.156548,90.939591,-29.222001,0.875493,-18.092710,-16.994347,-0.454268,33.724237,-18.246721,3.120199,-17.815379,-7.585936,10.520861,-36.321348,43.504661,-3.463401,4.055439,-24.064317,-16.674935,21.981973,3.423962,-52.297017,-3.388516,10.803054,-3.173348,-7.149581,-12.639566
104.000000,-73.144370,-19.126245,81.413174,19.205105,-13.305334,-14.215267,-38.281568,8.264795,8.525859,95.733960,-30.867223,-1.155129,-10.583185,-19.385506,9.608756,29.698520,-17.570119,5.969262,-9.599228,-13.271203,15.647019,-28.831089,46.425165,1.773842,8.732724,-24.262432,-16.903359,24.321597,0.063190,-55.212507,-2.307347,9.855861,-7.524650,-6.786022,-13.380295
105.000000,-69.997597,-18.787305,83.193707,21.619183,-22.517616,-26.214249,-45.751312,18.202886,5.176679,102.351628,-34.124356,-3.302524,-5.147029,-24.690051,18.981422,25.944180,-15.136925,9.874517,1.323705,-18.759656,22.685616,-21.603139,48.588354,7.604868,14.294754,-24.362520,-16.590710,26.255488,-7.474234,-57.567737,1.364336,8.717934,-9.162239,-6.242593,-14.683360
106.000000,-66.683233,-18.488339,84.899133,22.330714,-31.366399,-39.292869,-52.375257,34.284346,-1.473910,105.421880,-38.581860,-5.151106,-5.279132,-34.106283,18.854899,22.653004,-10.262969,13.887645,12.854842,-22.444830,28.302465,-13.553170,48.762537,12.679036,20.973214,-24.579892,-16.674973,29.349033,-16.321056,-60.216150,8.456240,7.521095,-10.187716,-5.903902,-16.316089
107.000000,-63.658315,-18.489979,86.365116,21.091440,-39.193885,-53.056467,-58.840365,55.529441,-7.024293,92.870150,-37.681839,-5.764289,-10.351316,-42.453666,14.573670,19.370635,-5.213767,15.000035,21.931700,-25.301266,29.793804,-2.904433,47.018636,17.559201,27.900758,-29.230286,-17.840411,33.289792,-28.016862,-60.599979,22.137963,7.602053,-11.601351,-5.367958,-19.086153
108.000000,-60.783166,-17.690329,87.345278,18.810040,-44.940766,-65.324673,-56.463275,68.959919,-2.425308,56.272368,-27.544855,-9.207023,-19.453267,-47.814265,10.327225,16.467438,-0.598222,15.000035,28.031387,-27.875214,29.793804,5.733062,45.722509,21.764394,33.366007,-33.508645,-18.851454,36.749474,-39.061094,-57.593999,34.678223,7.924166,-12.430374,-4.445734,-19.701909
109.000000,-55.584681,-14.363638,88.890147,16.847906,-49.473226,-70.701720,-53.353770,66.793895,4.234963,14.610471,-8.073741,-14.999845,-28.590504,-54.440190,6.102144,14.026331,6.422754,15.000035,29.512144,-29.401266,29.793804,10.359821,45.511658,22.131006,36.780685,-29.959665,-19.465474,38.356150,-42.338294,-56.265729,39.555234,6.293197,-11.461723,-4.796821,-20.899252
110.000000,-52.218086,-14.169763,90.325677,14.454988,-53.679766,-76.116079,-55.911392,66.167020,5.867893,3.106384,0.689169,-15.000035,-31.290128,-59.209639,4.122765,9.329002,8.643696,15.000035,30.355444,-29.691416,29.793804,12.272293,43.605126,23.016242,38.073414,-28.854995,-19.928882,39.142790,-43.095751,-54.168622,41.837292,4.581577,-9.907592,-5.443928,-21.168165
111.000000,-50.079072,-14.777549,89.327610,11.750433,-54.322809,-79.873650,-54.322533,69.438100,8.435990,5.990086,3.447843,-15.000035,-30.399236,-61.226219,1.559278,6.931495,8.113561,15.000035,29.378365,-29.495209,29.793804,11.390759,41.869466,25.007349,36.594859,-30.461428,-21.282489,40.326813,-44.802964,-52.417153,42.737474,2.143440,-8.904880,-5.802571,-20.694326
112.000000,-49.318281,-16.107529,87.775147,5.999310,-56.028864,-89.080686,-61.249455,72.309731,-6.434893,36.721535,-12.488544,-15.000035,-29.728849,-62.057364,4.034259,3.903677,5.486007,15.000035,26.703536,-29.793698,29.793804,15.456360,37.820458,28.659651,33.334448,-31.510118,-24.618331,43.558872,-50.584555,-48.717253,48.301322,-1.102728,-7.559886,-4.972866,-18.048218
113.000000,-47.172025,-16.852379,87.231678,-0.989467,-57.753434,-96.868731,-73.330284,67.057015,-20.828928,79.243342,-31.857819,-11.332207,-31.370762,-64.667808,10.137196,3.856828,4.380830,14.999988,23.367605,-29.385407,29.793804,18.224376,34.611919,28.224158,32.487600,-31.502509,-24.370885,44.169904,-50.409651,-46.699185,51.201755,-2.223932,-5.590011,-4.698918,-16.244579
114.000000,-44.593707,-16.828515,86.684895,-0.040428,-53.310760,-97.858684,-77.535331,55.464882,-23.361597,107.840375,-40.878710,-12.679416,-31.775867,-60.979410,9.345406,5.805645,2.085865,14.999268,20.192474,-26.129978,29.793804,17.205976,33.110749,27.928927,29.759175,-30.418814,-24.354708,42.839916,-50.317088,-45.761673,50.472878,-3.991461,-4.566148,-5.299100,-14.194905
115.000000,-42.026889,-16.226760,85.912395,2.747344,-47.047633,-95.248588,-77.324913,40.533963,-12.500980,121.327929,-40.702429,-14.951591,-31.959623,-57.034354,5.305110,10.749020,-0.734264,15.000035,13.804762,-21.041216,29.793804,16.130998,31.974660,27.769157,24.316353,-25.575853,-23.354456,39.340684,-50.733224,-47.164775,47.289614,-7.212396,-4.610061,-5.450626,-9.335947
116.000000,-39.679658,-16.055882,85.173178,2.365669,-40.804912,-98.281340,-71.956589,33.325463,0.378595,120.440373,-36.381023,-15.000035,-32.580921,-50.700108,4.689535,14.682934,-2.961691,14.979098,11.052992,-16.973903,29.793804,16.356847,32.445673,28.363810,19.682368,-23.597235,-22.979548,36.538203,-49.612633,-47.119867,45.016612,-9.882340,-5.767687,-6.147264,-5.616197
117.000000,-37.334669,-16.466647,84.417784,0.348605,-35.389310,-103.518174,-62.028821,28.023520,8.553168,110.253228,-30.529784,-15.000035,-33.353306,-44.679846,6.484931,18.921962,-5.029974,14.914186,10.554321,-14.100447,29.788497,16.266695,32.878062,28.788998,14.492458,-24.173325,-22.995408,34.851754,-44.795137,-45.824494,43.037090,-11.896289,-3.766252,-6.149458,-4.067272
118.000000,-35.258466,-17.611386,83.094597,-0.772478,-30.756529,-106.989322,-51.168987,23.454193,10.476051,94.371303,-23.813943,-15.000035,-34.227475,-41.600975,3.623676,24.389678,-7.468100,13.209019,9.908545,-11.765807,29.450116,14.002257,33.954612,28.161276,10.124158,-23.622298,-22.822985,33.618106,-39.865133,-46.030281,40.790897,-13.774355,-4.255505,-6.824564,-4.599971
119.000000,-33.193916,-19.144058,81.497329,-2.036936,-26.487037,-110.081083,-38.602091,18.546551,9.794813,73.656412,-14.946768,-15.000035,-34.556417,-40.670273,-2.586773,30.493864,-10.552033,10.545236,9.916140,-9.477164,29.136409,11.020589,34.986104,26.236719,5.889247,-23.661580,-22.557072,31.580995,-34.712732,-47.106121,38.240989,-15.399607,-5.011273,-7.696413,-3.998209
120.000000,-30.974126,-20.867887,79.342806,-2.756481,-21.665290,-112.521138,-25.894458,13.088056,4.684038,51.012306,-3.877772,-15.000035,-34.747986,-37.727148,-1.458151,36.794229,-14.614937,10.520098,9.574005,-7.071794,28.758559,8.244543,35.660073,24.112926,2.012590,-22.756208,-22.106216,30.247465,-30.686285,-46.752327,36.264531,-16.050934,-3.330572,-8.172417,-2.388139
121.000000,-28.994417,-22.463144,76.311594,-2.922723,-16.317872,-115.007287,-15.263528,13.030989,0.455806,33.639597,2.994395,-15.000035,-36.078804,-34.372425,-0.388382,44.913678,-19.352658,9.865199,9.383074,-4.282875,28.150778,5.780921,35.606220,22.293005,-1.916064,-22.463338,-21.382974,28.679561,-27.859360,-46.486589,34.813635,-17.051630,-2.612614,-8.433737,-3.325506
122.000000,-27.151799,-23.491484,73.003107,-2.811603,-11.053236,-116.286855,-9.574290,16.546343,1.577902,28.348514,-6.549999,-15.000035,-37.390720,-31.676604,-0.377074,53.115670,-23.825658,11.129060,9.165678,-1.314387,27.850516,3.020957,35.245781,19.587335,-6.847749,-22.872237,-20.174345,26.453876,-24.458906,-47.200251,31.650185,-18.565730,-3.108487,-8.534156,-4.523117
123.000000,-26.297435,-23.788732,69.918787,-2.380585,-6.881110,-115.819430,-11.152911,25.057644,4.115758,36.929276,-19.884376,-13.796043,-38.256890,-30.031054,-1.572373,60.392055,-27.821573,11.572588,6.998030,-0.161000,27.435658,0.829958,35.678316,17.251292,-11.308039,-23.411296,-19.793074,25.271659,-21.999684,-47.419886,28.669552,-19.530371,-3.830465,-8.634379,-7.236992
124.000000,-24.719644,-24.124086,67.709255,-2.939775,-5.384993,-114.651986,-15.706664,26.919710,3.672921,47.106500,-27.853897,-10.071915,-39.875467,-31.475062,-0.471992,65.519853,-29.996190,12.111997,5.381725,-1.246667,27.536603,-3.079814,35.786342,13.422298,-14.220122,-26.642937,-20.071240,25.685913,-19.324222,-46.743595,25.830790,-19.076563,-5.234908,-8.048438,-10.554612
125.000000,-23.344375,-24.507762,65.954626,-3.397730,-4.208683,-113.359280,-18.191084,27.825779,2.810653,52.858974,-34.637289,-8.029067,-40.653962,-33.188555,0.177508,68.969631,-31.430236,13.561026,5.152129,-2.198948,27.453812,-7.872219,35.939298,9.148074,-14.559651,-28.571620,-19.673043,24.828453,-16.293862,-45.001518,22.888456,-17.778197,-6.627295,-7.591984,-10.109850
126.000000,-22.164920,-24.882887,64.763111,-3.727282,-2.941318,-112.722144,-19.164409,28.024261,0.873984,56.229990,-40.329248,-5.950653,-40.634739,-33.925966,0.627552,70.663710,-32.053518,14.875648,5.795655,-2.561085,27.110629,-11.553873,35.396660,5.641422,-14.057210,-27.774606,-18.942778,25.009217,-13.761702,-43.462198,20.853138,-16.730905,-7.946613,-7.623240,-9.297224
127.000000,-21.297468,-24.972948,64.120340,-3.839474,-2.261053,-113.178940,-20.732674,28.977016,1.168873,60.158831,-41.698383,-6.681101,-41.246372,-33.574727,1.360689,71.324524,-31.995704,14.931610,7.708275,-2.931610,26.914215,-14.431367,34.717469,2.943351,-13.858249,-27.923292,-18.796312,24.606609,-11.903525,-42.171705,20.045396,-16.131015,-7.050529,-6.976207,-10.973911
128.000000,-20.628491,-25.035655,63.746798,-3.681385,-1.646132,-113.572736,-21.763080,29.595295,0.932812,62.434076,-42.835699,-6.820483,-41.723703,-33.001613,1.683064,71.541826,-31.551629,14.943149,9.062815,-3.134430,26.609370,-15.814828,34.652698,1.647640,-14.027361,-27.427605,-18.443814,24.417694,-11.300644,-41.643223,20.278811,-16.305130,-5.881874,-6.698294,-11.350255
129.000000,-20.100117,-25.143638,63.536143,-3.519221,-0.915606,-113.756413,-22.588086,30.228232,0.608918,64.258932,-43.800596,-6.321693,-41.593451,-32.465703,1.312563,71.377683,-30.994138,14.972907,9.498840,-3.139501,26.012700,-15.880139,34.571563,1.155025,-14.148210,-28.190178,-18.302675,24.198716,-12.146258,-42.119564,20.826148,-16.758846,-5.558158,-6.846802,-9.909676
130.000000,-19.701648,-25.263119,63.392258,-3.454994,-0.454312,-113.717160,-23.290306,30.454816,0.251853,65.679741,-44.411775,-5.852120,-41.472536,-32.337216,1.077121,71.296615,-30.534528,14.982966,9.531755,-3.100323,25.389618,-15.293176,34.813297,1.370660,-13.943081,-29.156852,-18.178728,24.184911,-13.348191,-43.124421,20.951607,-17.137964,-5.474987,-6.993695,-9.400038
131.000000,-19.449015,-25.280023,63.390225,-3.443593,-0.236512,-113.900184,-23.431037,30.589016,0.284386,66.168947,-44.613962,-5.655600,-41.500653,-32.113507,1.092073,71.045627,-30.013193,14.987817,9.842600,-3.088924,24.880175,-14.198293,35.287633,2.141888,-13.766490,-28.981357,-18.121581,24.075922,-14.180460,-43.965467,21.094197,-17.488197,-4.908273,-7.014455,-9.640315
132.000000,-19.271693,-25.212589,63.570046,-3.461833,-0.133953,-114.028490,-23.299105,30.388451,0.189073,65.878486,-44.360866,-5.555285,-41.408623,-32.056540,0.861117,70.529531,-29.189992,14.985444,10.210219,-2.993355,24.534550,-12.809868,35.352161,3.076917,-13.548056,-28.977289,-18.443080,24.490123,-15.068871,-44.743002,21.415278,-17.457907,-4.675448,-7.021070,-9.643985
133.000000,-19.165488,-25.013840,63.919926,-3.512977,-0.118371,-113.778176,-23.224779,29.905140,-0.024843,64.991593,-43.668685,-5.299697,-41.025504,-32.306897,0.279514,69.694656,-28.219442,14.977947,10.445747,-2.867879,24.392649,-11.342659,35.172978,4.099740,-13.075463,-29.827081,-18.217489,24.367892,-16.606466,-45.256635,21.978154,-16.757143,-4.703744,-6.962422,-9.540354
134.000000,-19.118188,-24.651332,64.472628,-3.602817,-0.376099,-113.045986,-23.176118,28.758419,-0.493564,63.202636,-42.452190,-4.867153,-40.161338,-32.764513,-0.106455,68.166155,-27.472771,14.957626,10.680397,-2.779507,24.540658,-10.252448,34.779183,5.211418,-12.471215,-30.218089,-18.307002,24.685468,-18.751217,-45.825109,22.763269,-15.998972,-5.285208,-7.121466,-9.582147
135.000000,-19.133395,-24.086463,65.311021,-3.585622,-0.916562,-111.777976,-23.285863,27.096913,-1.006337,60.382485,-40.326571,-4.238538,-38.963781,-33.470632,-0.581328,65.912985,-26.569082,14.478314,10.997382,-2.711369,24.875600,-9.435844,34.473676,6.218973,-11.968094,-29.353110,-18.250834,24.585742,-21.106632,-46.494119,23.949201,-15.536160,-5.565091,-7.380682,-9.463721
136.000000,-19.383475,-23.127595,66.563839,-2.911659,-1.481057,-110.360926,-23.747070,25.796366,-1.419908,55.916314,-36.645734,-4.021373,-37.912451,-33.293969,-1.869190,62.890265,-25.103906,12.131954,11.961981,-2.495156,24.887818,-9.178855,33.900326,6.442535,-11.795323,-28.932190,-18.168663,24.464787,-22.618125,-46.590442,25.089173,-15.226911,-5.403053,-7.358332,-9.736230
137.000000,-19.831511,-21.922544,68.101871,-2.033652,-1.990470,-108.366704,-24.251592,24.575202,-1.827456,50.133858,-31.297791,-4.953783,-36.652124,-33.223973,-4.089565,59.697240,-23.314878,8.406326,13.092935,-2.280773,25.152691,-10.001661,33.496942,6.054361,-11.563508,-28.794626,-18.192443,24.445626,-23.996613,-46.284511,26.337785,-14.570204,-5.349109,-7.346944,-10.363501
138.000000,-20.450437,-20.528230,69.772118,-1.219059,-2.197517,-105.307049,-25.315205,23.265392,-2.664578,44.291690,-24.043307,-7.293864,-34.697866,-33.068538,-6.898705,56.452108,-21.657750,4.015531,13.680313,-1.947268,25.874698,-12.249161,33.741124,5.219056,-10.846390,-28.222229,-18.240649,24.324436,-25.411205,-45.992902,27.230479,-13.568896,-6.494702,-7.351681,-10.670759
139.000000,-21.408205,-19.303121,71.575630,-0.605848,-2.289392,-100.217174,-26.998887,20.947893,-4.451855,38.873742,-13.865718,-12.433532,-31.535007,-28.618085,-5.743252,51.887380,-22.509686,3.348013,12.670731,-1.725629,26.150691,-14.353221,33.978849,4.046890,-10.487164,-27.592236,-18.294207,24.116428,-25.242622,-45.963386,27.044055,-13.293646,-6.405727,-7.728808,-11.474099
140.000000,-21.596603,-18.220945,73.374182,-0.436223,-3.866755,-93.133279,-29.305524,14.389334,-4.914268,35.038222,-2.124219,-15.000019,-28.238239,-25.127260,-0.701819,47.011854,-23.488419,4.988263,10.082590,-2.423466,26.743454,-16.965830,33.694348,2.641132,-10.352504,-27.537405,-18.573987,23.387669,-23.750663,-46.554320,26.000020,-13.377386,-5.292103,-8.183271,-11.634076
141.000000,-22.339232,-17.255796,74.618560,-0.024940,-4.738722,-85.006008,-32.686837,13.832193,-0.020537,33.767540,4.784460,-15.000035,-24.424963,-23.603611,0.825449,44.216408,-25.568873,4.136864,6.577395,-2.934727,26.794045,-19.775720,33.605163,1.097037,-10.222123,-27.363956,-18.443628,22.875921,-21.536789,-47.467865,24.447332,-13.697342,-4.642233,-8.409396,-11.941721
142.000000,-23.639199,-17.026852,75.470263,0.128132,-4.377415,-77.301798,-34.423033,18.114857,4.561399,33.411629,5.050463,-15.000035,-20.038998,-20.840529,0.420591,41.808268,-27.542854,3.324757,3.230492,-2.730644,25.947735,-21.809431,33.535727,-0.153430,-9.984400,-26.556050,-18.231482,21.976091,-18.663086,-48.504728,22.620070,-14.064394,-4.759120,-8.851838,-11.773979
143.000000,-24.502842,-17.322183,75.991827,-0.445377,-3.369699,-71.383205,-33.795281,24.173108,7.600045,31.711516,10.662924,-14.210094,-15.846560,-17.124053,0.189781,39.840814,-29.246525,1.680079,0.938954,-1.886819,24.938609,-22.386305,33.913467,-0.457692,-9.936096,-25.734618,-18.083810,21.346564,-15.699075,-49.377961,20.831823,-14.265874,-4.528856,-9.453139,-11.098407
144.000000,-24.683610,-17.624572,76.123774,-1.176276,-2.561209,-65.892064,-31.872200,31.574363,15.533901,28.795528,16.640224,-9.819539,-12.494916,-15.045621,-0.942799,39.012302,-30.838287,0.318152,-0.885366,-1.228348,24.060883,-22.312941,34.339363,-0.252575,-10.265680,-26.059612,-17.734921,21.346621,-12.835632,-49.751282,18.954058,-14.261490,-4.106436,-9.769754,-11.317021
145.000000,-24.458432,-18.059091,75.985521,-2.145168,-2.036518,-61.653066,-28.519694,37.680757,22.695795,25.094974,21.884508,-8.049843,-9.476928,-14.366651,-2.982192,38.634538,-31.552506,-0.903604,-1.595430,-0.781429,23.341393,-21.811917,34.699099,0.514846,-10.725577,-26.966176,-17.343546,21.087278,-10.140424,-49.862307,17.342446,-14.474837,-3.859074,-9.961674,-11.693228
146.000000,-23.430160,-18.422338,75.790602,-3.367490,-2.049464,-59.311589,-24.304316,39.006278,22.911728,20.853811,27.176747,-10.674742,-5.902961,-14.514183,-4.409384,37.388906,-31.458854,-1.665320,-0.844072,-0.164854,22.443061,-20.736598,34.740507,1.449976,-10.866757,-27.281024,-17.056118,20.617689,-7.016792,-50.071178,15.858074,-14.917560,-3.726537,-10.275164,-12.523356
147.000000,-22.260968,-18.695912,75.398868,-4.459194,-1.919541,-56.428793,-21.366358,41.318611,26.302179,19.437043,28.814731,-11.803730,-2.687008,-15.119845,-7.028745,36.778987,-31.825827,-1.652756,-0.182309,0.704628,21.372504,-19.761472,34.433658,2.111558,-10.636701,-27.563877,-16.827407,20.192221,-3.711750,-50.190802,13.927144,-15.248338,-3.699934,-10.452325,-12.698613
148.000000,-20.871814,-18.738724,74.971980,-4.785095,-1.508184,-54.042681,-19.706701,41.587536,27.064042,18.184735,29.699650,-13.691503,-0.656135,-15.919110,-9.050740,36.258865,-32.401926,-1.512816,0.670331,1.502733,19.484149,-18.550071,33.643316,2.759633,-10.309405,-28.641128,-16.638040,20.158462,-1.168431,-50.283071,12.300993,-15.275464,-3.524290,-10.579174,-12.265514
149.000000,-19.473971,-18.274188,74.549830,-4.308132,-0.773163,-51.535162,-19.955035,38.079432,23.214534,15.005492,25.950947,-15.000035,-0.015679,-17.328639,-11.231111,36.019522,-32.593434,-0.760349,1.451568,2.044460,17.399736,-17.842394,32.791632,3.150772,-10.152329,-30.311147,-16.559333,20.098197,0.436140,-50.331309,10.715426,-15.145057,-3.655366,-10.381654,-11.792244
150.000000,-18.261307,-18.057579,74.133211,-4.624147,0.046741,-48.676987,-20.969432,36.946109,23.293257,13.895548,22.295030,-15.000035,1.646086,-17.895685,-13.989669,35.586348,-32.505396,-0.235942,1.907576,2.774823,16.250903,-17.797648,32.486309,3.114295,-9.918516,-30.520366,-16.581063,20.044172,1.386096,-49.966157,9.537949,-14.921764,-3.986137,-10.178611,-11.998928
151.000000,-17.136082,-18.275093,73.828214,-5.259524,0.640710,-46.206568,-22.510313,37.351036,24.340311,15.968012,18.368120,-15.000035,4.176907,-17.597595,-15.668906,34.299882,-32.276902,-0.284650,2.849386,3.562685,15.419852,-18.774028,32.156695,2.216604,-9.285865,-29.745727,-16.462551,20.086420,2.345447,-49.235743,8.593154,-14.747430,-4.671112,-9.987229,-12.194324
152.000000,-16.028200,-18.301663,73.620725,-5.504779,0.589560,-43.657963,-24.328965,36.358487,23.243972,18.327901,15.411586,-13.992746,6.751822,-17.336010,-14.146900,32.284426,-31.913717,0.319637,4.206303,3.721335,14.832736,-20.771879,31.672099,0.581807,-8.521647,-29.154014,-16.377786,20.175100,3.244483,-48.139556,7.504124,-14.584083,-4.709604,-9.937271,-12.183087
153.000000,-14.907683,-18.162875,73.304760,-5.145743,0.365618,-41.555106,-25.675335,34.331263,21.046098,20.042038,11.926229,-13.217339,8.766398,-17.315469,-10.875306,30.203510,-31.948019,1.646593,5.984718,3.291267,13.855783,-23.198616,31.156290,-1.061832,-7.617413,-28.950170,-16.061098,20.062262,3.906707,-47.062155,6.746922,-14.651055,-4.245464,-9.568557,-12.708675
154.000000,-13.784738,-17.988211,72.932929,-5.003527,0.542171,-40.214552,-26.184804,33.859614,22.045516,21.173149,7.864428,-12.185412,10.624710,-17.871933,-11.754301,28.349404,-32.284361,2.620350,7.873929,3.275963,12.567213,-24.718103,30.766181,-1.933806,-7.066191,-28.201060,-16.179682,20.276696,4.165212,-46.566287,6.815881,-15.028921,-3.760149,-9.535402,-12.923812
155.000000,-12.850855,-17.778839,72.600985,-4.876495,0.888761,-39.123709,-27.275529,33.747640,23.007810,22.978807,4.679877,-11.061186,12.650899,-18.431749,-14.244381,25.776301,-32.958887,2.685898,9.525606,3.263728,11.173553,-25.728493,30.027018,-2.657429,-6.671785,-28.277622,-15.803420,19.757912,4.115163,-46.203569,7.172083,-15.394177,-3.566383,-9.618161,-12.427413
156.000000,-12.151189,-17.621763,72.306699,-4.416901,1.042167,-38.077187,-29.062117,33.438181,22.702932,25.548973,2.791503,-11.647020,13.944286,-18.575528,-13.670682,23.831297,-33.470703,3.558023,10.897522,2.590423,10.255092,-26.739917,29.672101,-3.289293,-6.557575,-28.629867,-16.014746,19.428220,3.477170,-45.612710,7.542656,-15.602312,-3.530781,-9.564445,-12.288821
157.000000,-11.433000,-17.505246,72.044671,-4.111674,1.359764,-37.705844,-29.698926,33.530536,23.522651,27.023234,-0.039226,-11.680657,14.439592,-19.146921,-14.504416,23.230691,-33.603704,4.300138,12.416392,2.141929,9.243195,-27.272097,29.805853,-3.524801,-6.336909,-28.163991,-16.127796,19.242309,2.989121,-45.035699,8.074497,-15.980411,-3.593318,-9.452059,-11.955155
158.000000,-10.706070,-17.344145,71.842098,-3.857175,1.723681,-37.418314,-30.806899,33.971466,24.263062,29.389939,-1.744324,-11.499716,15.003839,-19.592061,-15.084616,22.266217,-33.421362,5.121745,13.731108,1.871612,8.222201,-27.550661,29.632550,-3.757424,-5.951463,-27.794862,-15.742946,19.384932,2.674287,-44.495602,8.431007,-16.421638,-3.222251,-9.461298,-12.081752
159.000000,-10.115599,-17.189600,71.596581,-3.749013,2.293772,-37.293298,-32.573360,34.116607,23.159010,31.648832,-2.878967,-10.885751,14.880433,-19.670574,-15.085781,22.051459,-33.476864,5.027449,14.905296,1.794259,7.406065,-28.162390,29.354097,-3.941379,-5.702203,-28.341728,-15.021907,19.507305,2.237365,-44.261600,8.764166,-16.850328,-2.795726,-9.373881,-11.896516
160.000000,-9.524517,-17.064118,71.381557,-3.602525,2.568354,-37.162142,-33.600211,34.172990,22.723469,33.522674,-4.403837,-10.495966,14.988678,-20.065639,-15.453861,22.007578,-33.557314,4.860965,15.733370,1.549399,6.785827,-28.427939,29.127857,-4.102558,-5.693855,-28.731618,-14.971032,19.564367,1.796861,-44.172206,9.245379,-17.040248,-2.697182,-9.409823,-11.841491
161.000000,-8.982415,-16.956402,71.166301,-3.391809,2.698572,-36.916698,-34.454739,34.028716,22.526334,35.233394,-5.717586,-10.108317,15.309259,-20.513078,-15.762926,21.797090,-33.684864,4.747351,16.105675,1.171188,6.264822,-28.495022,28.986544,-4.189571,-5.635130,-28.623515,-15.210602,19.873424,1.310412,-44.140340,9.795541,-17.003459,-2.885594,-9.406759,-11.498535
162.000000,-8.496258,-16.848800,70.941824,-3.093520,2.808420,-36.715710,-35.283825,33.724715,22.296429,36.777724,-6.707715,-9.662630,15.567326,-21.042090,-15.980023,21.563025,-33.822940,4.848598,16.394366,0.736174,6.036782,-28.963349,28.797198,-4.277118,-5.435932,-28.415535,-15.386683,20.097439,0.895630,-44.059016,10.175211,-17.002257,-2.903627,-9.427627,-11.146987
163.000000,-8.023886,-16.788836,70.719242,-2.929736,2.868870,-36.529617,-36.061589,33.398471,21.762706,38.240501,-7.287689,-9.293855,16.033922,-21.528804,-16.474637,21.222199,-33.644030,5.382485,16.544443,0.533082,5.786890,-29.305241,28.472420,-4.150391,-5.229858,-28.361071,-15.231824,19.976509,0.891063,-43.858595,10.325888,-17.037362,-2.573252,-9.380981,-11.041528
164.000000,-7.608595,-16.795665,70.433974,-2.859458,3.168201,-36.821607,-37.069749,33.833516,21.273044,40.107294,-8.065806,-9.262280,15.827836,-21.791575,-16.310260,21.434378,-33.790913,5.736709,17.032764,0.615423,5.366101,-29.460498,28.389905,-3.810478,-5.133674,-28.233506,-15.104977,20.207123,1.103132,-43.948214,10.135021,-17.184671,-2.385566,-9.309275,-10.756655
165.000000,-7.163836,-16.807429,70.124519,-2.892771,3.347706,-36.961549,-37.999286,34.113100,20.557944,42.016691,-8.958585,-9.121203,15.866722,-22.006292,-16.233029,21.723154,-34.109545,5.907447,17.322891,0.801997,5.096269,-29.690303,28.074432,-3.731940,-5.213829,-28.396882,-15.181291,20.588678,1.553844,-44.079319,9.873089,-17.352072,-2.307294,-9.379128,-10.653480
166.000000,-6.717210,-16.837269,69.776732,-2.951242,3.399667,-37.055999,-38.749705,34.507263,20.143474,43.984714,-10.226810,-9.119644,16.029790,-22.301756,-16.206934,22.128409,-34.560023,5.904502,17.470558,0.946337,4.934387,-30.031669,27.851129,-3.785283,-5.295489,-28.531053,-15.214916,20.656454,1.978781,-44.107743,9.704833,-17.351860,-1.872563,-9.396611,-10.853617
167.000000,-6.270491,-16.865641,69.425941,-2.926663,3.338121,-36.954392,-39.393997,34.577075,19.743801,45.814996,-11.546930,-8.860371,16.409565,-22.764536,-16.477507,22.464870,-34.976736,5.959401,17.256096,0.920923,4.809411,-30.399396,27.798446,-3.871858,-5.168671,-28.252470,-15.079605,20.645507,2.180858,-44.057650,9.656664,-17.056225,-1.736453,-9.280923,-11.098254
168.000000,-5.867442,-16.898307,69.099891,-2.852387,3.233799,-36.878813,-39.947905,34.665549,19.550969,47.522779,-12.752524,-8.571286,16.692467,-23.297652,-16.692031,22.900656,-35.339887,6.045772,16.949352,0.838959,4.694443,-30.606969,27.790773,-3.907092,-5.006419,-28.163127,-14.812245,20.571353,2.504301,-43.983785,9.501446,-16.790159,-2.229736,-9.220625,-11.073025
169.000000,-5.499803,-16.951355,68.816143,-2.807808,3.190550,-36.992250,-40.317015,34.907321,19.412422,48.980414,-13.903878,-8.452360,16.868658,-23.704127,-16.746883,23.236601,-35.688449,6.094525,16.780130,0.852932,4.647682,-30.731337,27.812607,-3.859141,-4.933355,-28.060417,-14.867039,20.561608,2.984553,-43.779487,9.236492,-16.721550,-2.282277,-9.343726,-11.038142
170.000000,-5.206703,-17.019071,68.570787,-2.794304,3.327327,-37.469555,-40.759451,35.582898,19.343591,50.357735,-14.842302,-8.412195,16.488350,-23.977557,-16.330482,23.822996,-35.989547,6.210804,16.863594,0.959355,4.579929,-30.767328,27.903305,-3.564325,-4.972886,-28.142533,-14.927925,20.773264,3.432167,-43.508291,8.964855,-16.688807,-1.924664,-9.193230,-11.136243
171.000000,-4.949232,-17.073329,68.374568,-2.736974,3.444079,-37.678679,-41.165851,35.975078,19.347503,51.427961,-15.637578,-8.077590,16.372862,-24.223833,-16.297835,24.096573,-36.198435,6.336919,16.655365,0.995730,4.560966,-30.780650,27.936131,-3.304834,-5.044828,-28.184610,-14.926091,20.858167,3.886722,-43.513165,8.672605,-16.695253,-1.782149,-9.154579,-10.858291
172.000000,-4.702590,-17.121322,68.213391,-2.687474,3.442574,-37.766796,-41.425756,36.431744,19.857645,52.491161,-16.163144,-7.857379,16.515889,-24.509456,-16.434728,24.162271,-36.211778,6.574175,16.373548,1.013292,4.784920,-30.933490,27.994401,-3.017787,-5.186730,-28.072346,-15.062249,20.849745,4.293211,-43.709970,8.401798,-16.716454,-1.635753,-9.249134,-10.865984
173.000000,-4.475640,-17.204453,68.025815,-2.927259,3.745333,-37.920416,-41.915310,38.294712,21.968482,54.117023,-16.705449,-7.055425,16.439352,-24.360752,-16.666051,24.439057,-36.223857,6.464398,16.136600,1.421480,4.883749,-31.002676,28.412941,-2.384349,-5.496295,-27.508194,-15.253387,20.889425,4.108666,-44.028943,8.513771,-16.470779,-0.667938,-9.300800,-10.947749
174.000000,-4.223221,-17.263284,67.805088,-3.144538,4.265643,-38.313384,-42.665548,40.196029,23.336526,55.860586,-17.380120,-6.660916,15.946922,-24.086811,-16.420808,24.832328,-36.433687,6.109479,15.996308,1.877422,4.710316,-30.618953,29.416457,-1.272513,-6.061250,-27.299885,-15.458960,20.543633,2.268921,-44.418595,9.105162,-15.726087,1.362869,-8.978139,-10.527431
175.000000,-3.870226,-17.244077,67.582989,-3.086762,4.780113,-38.840609,-43.491281,41.752055,24.325317,57.757883,-17.932694,-6.440187,15.241005,-24.136271,-15.873949,25.105371,-36.505910,5.998185,16.169962,1.900205,4.847889,-29.944348,31.207595,-0.035309,-7.064321,-27.507472,-16.555810,21.084113,-2.415882,-45.641694,9.826915,-15.250001,-1.510887,-9.403849,-10.742545
176.000000,-3.326187,-17.169568,67.387080,-3.051569,5.697854,-39.018870,-44.290696,44.314448,27.538022,59.869777,-18.681478,-5.072338,14.754436,-23.859792,-15.777076,24.699134,-36.177402,6.015391,16.843638,1.975549,4.927459,-28.729647,33.357213,1.058015,-8.034325,-27.972543,-17.360113,21.480031,-9.440881,-46.156291,11.326546,-15.322401,-4.682684,-9.668338,-11.974765
177.000000,-2.468625,-17.129417,67.256725,-3.193906,7.400202,-38.432750,-44.752796,47.686410,33.625803,61.459374,-20.387466,-2.071770,14.870285,-22.666982,-16.657701,22.971915,-35.148758,6.173754,18.343107,2.331366,3.807219,-26.506783,34.882186,1.614771,-8.918013,-28.664654,-17.785825,21.533572,-16.688281,-44.456892,13.021770,-16.429808,-3.605371,-9.381119,-13.649097
178.000000,-1.289183,-17.054427,67.235863,-3.326273,9.854569,-37.497702,-44.935073,50.337077,40.256445,62.490357,-23.607485,1.905073,14.867525,-20.938544,-17.955420,20.532630,-32.981676,6.575386,20.899703,2.137350,1.752244,-23.498040,36.713387,2.720223,-9.795123,-28.733107,-18.054212,20.905114,-25.391254,-43.273005,14.324146,-18.086035,-6.918582,-9.395623,-14.203985
179.000000,0.475099,-16.765352,67.578620,-2.393194,11.764344,-37.037983,-44.919883,48.201495,41.467209,61.161892,-27.821982,5.328497,14.076808,-20.575183,-16.227385,18.752633,-27.928910,7.636916,24.518137,0.248279,-0.054312,-19.454373,38.281510,5.205726,-11.258510,-28.882483,-18.742574,20.622213,-34.784241,-40.674203,16.032819,-19.002956,-10.939936,-9.009072,-14.762701
180.000000,3.036457,-16.403024,68.603933,-0.947259,11.850431,-35.080209,-43.344872,42.782468,41.271626,59.463524,-28.853608,6.355746,13.402172,-22.235843,-13.298792,21.094421,-18.265362,9.332598,28.332690,-3.255737,-0.392765,-15.332484,37.346248,6.160919,-12.556117,-31.491513,-18.989058,20.365730,-41.431142,-38.837118,17.711256,-19.540435,-13.086885,-7.907068,-17.182319
181.000000,6.241648,-16.034524,70.378131,-0.755217,10.798908,-29.286992,-40.044166,33.402408,39.060213,54.306725,-28.787301,8.787297,12.780768,-22.797059,-10.853084,29.418755,-1.723889,10.255322,30.247923,-5.755294,0.184378,-11.223316,35.258082,6.086373,-12.631597,-33.780616,-18.190986,18.614815,-44.548878,-40.045700,19.024432,-19.156792,-15.618390,-6.671674,-19.558634
182.000000,9.487725,-16.324930,72.502768,-2.279607,8.128303,-19.546334,-35.009767,23.017777,33.114519,47.403169,-27.278404,9.531022,9.733745,-12.094575,0.360209,43.808594,-3.210005,14.110104,29.177854,-6.071754,1.843986,-7.671660,34.374320,6.324475,-11.520616,-33.358432,-16.415117,15.757639,-43.910146,-44.491490,17.773875,-18.562434,-16.512566,-5.580155,-20.613637
183.000000,12.340148,-16.318232,74.537355,-5.574754,5.390970,-11.591753,-29.298554,17.982995,27.158688,41.485575,-25.918577,9.240951,1.097764,-9.586127,-4.146990,60.624711,-10.328056,12.152310,27.415683,-4.299460,3.308489,-5.364825,36.528036,7.748365,-9.535198,-29.823396,-15.504975,14.794968,-40.824290,-49.325680,15.850233,-16.781981,-18.074120,-4.730789,-23.043025
184.000000,14.970647,-16.187955,76.606619,-9.900076,1.816461,-4.520740,-22.949098,16.500318,20.857439,36.166572,-24.500461,7.724538,-9.762211,-14.174028,-11.751908,73.960102,-16.675490,5.300631,23.916727,-0.691692,4.286505,-4.167439,39.824511,8.910038,-7.901967,-26.900664,-14.512035,14.234985,-33.873200,-52.871159,13.085216,-13.860800,-18.989709,-5.114000,-25.748155
185.000000,17.555648,-16.477303,78.676695,-14.203337,-3.476441,4.755124,-16.206695,16.410855,12.418369,30.624202,-22.792451,5.406328,-20.820141,-14.004335,-11.772129,82.515795,-20.153662,5.674582,16.961603,4.074915,6.083896,-6.369448,42.302801,8.138214,-7.093668,-26.919331,-13.330904,12.632727,-24.233994,-55.020319,9.573802,-9.150018,-19.422118,-3.874718,-27.076999
186.000000,20.274805,-17.040768,80.942112,-18.879987,-12.094458,16.051458,-8.460532,20.139279,1.793770,24.861694,-20.531371,0.939093,-28.551871,-13.798324,-8.668830,90.343650,-23.128388,9.026574,6.483045,10.797268,11.495618,-13.470745,43.895976,5.152915,-5.980407,-27.836100,-13.270801,12.821465,-14.070422,-56.485804,6.200784,-3.326358,-18.725959,-3.064912,-29.517527
187.000000,22.699967,-17.734104,83.074319,-22.081423,-22.731716,28.433774,-3.120963,27.561695,-7.040265,20.501428,-16.416744,-5.757258,-32.995841,-20.581568,-4.104109,100.220575,-26.823411,10.798863,-6.689203,17.104932,20.386088,-25.305547,43.456519,-0.866284,-3.307911,-29.257662,-14.371444,16.149294,-5.179003,-57.305984,2.928789,3.884101,-20.423912,-3.270311,-30.177289
188.000000,25.340194,-18.911244,85.022557,-23.889808,-32.653714,40.223323,-4.382780,37.428036,-9.053193,19.550197,-10.109950,-12.892482,-38.288118,-28.695151,5.183291,107.089908,-31.722035,12.493630,-19.979384,20.845954,28.306794,-35.725837,42.649443,-7.949194,-0.886598,-34.298434,-15.578599,19.152084,2.316810,-56.571458,2.389572,11.365448,-22.895059,-2.653600,-25.917544
189.000000,28.011781,-19.847159,86.220258,-24.868171,-40.518140,52.176782,-12.113018,45.383349,-4.955192,17.490071,-5.066294,-15.000035,-47.199322,-46.712821,14.679791,101.384186,-30.879972,9.930903,-31.170555,22.649020,29.793804,-42.886812,40.436205,-17.227390,2.243097,-39.402296,-17.373544,22.098898,12.332527,-54.384439,4.617190,18.494730,-25.568513,-3.070504,-23.045550
190.000000,30.682325,-21.320301,86.563540,-24.728144,-47.958033,63.069725,-21.937854,51.215415,3.266191,13.355704,-2.251817,-15.000035,-51.020878,-62.748381,13.355291,73.503866,-23.833773,10.635726,-40.025595,23.648569,29.793804,-49.179233,38.040141,-24.497935,6.514241,-38.616349,-18.392854,24.310238,20.459857,-52.271332,7.710005,25.108050,-27.912482,-4.304517,-21.033552
191.000000,34.794217,-24.671094,87.192953,-24.289376,-52.400906,67.204638,-30.745451,56.258602,11.192384,9.893923,1.147503,-15.000035,-49.101636,-65.253681,4.189129,30.454926,-11.344070,14.999889,-42.622788,24.728555,29.793804,-53.990637,35.939660,-27.541413,10.401582,-37.318531,-18.321487,25.822058,24.758328,-51.694300,10.745888,30.319415,-28.555286,-4.937307,-16.540954
192.000000,38.225970,-26.562512,88.788605,-21.817604,-56.854418,71.557226,-34.212356,58.936316,9.236204,3.637900,5.322280,-15.000035,-50.254705,-62.467790,0.880715,5.437041,-3.512008,15.000035,-42.706823,24.921052,29.793804,-55.781199,31.415288,-30.099452,12.296086,-39.697958,-18.572039,26.353184,27.395730,-50.328929,12.761150,34.917839,-28.884556,-4.783912,-14.860087
193.000000,40.090641,-26.683912,88.942564,-18.988080,-58.468866,75.199686,-33.522411,59.871690,6.734387,1.215122,6.138360,-15.000035,-50.912018,-62.997505,-0.981517,4.345945,0.602403,15.000035,-41.015593,24.045853,29.793804,-57.511880,29.761487,-32.258922,12.297665,-41.983295,-18.880880,25.978261,27.690398,-49.502602,12.666774,38.303049,-28.614321,-4.101444,-14.716261
194.000000,41.106132,-26.502901,87.507701,-10.556346,-59.416701,86.486953,-33.942680,58.769830,4.317556,0.281603,6.116580,-15.000035,-51.827127,-68.752814,2.969225,25.900579,-4.118096,15.000035,-37.448729,20.234514,29.793804,-62.842556,29.489775,-39.816735,13.289970,-43.314939,-19.007488,23.187570,26.158045,-44.458169,10.138230,43.804650,-27.142335,-4.243205,-15.744783
195.000000,41.623962,-25.210303,86.907578,-0.957235,-59.986627,102.313759,-35.928772,55.076842,-4.151648,-0.200366,4.076299,-15.000035,-56.498246,-71.414129,14.212363,66.639950,-20.805953,15.000035,-37.789780,17.686304,29.793804,-63.020646,28.004151,-42.508956,13.921502,-41.732179,-17.449677,19.925388,26.965025,-41.901008,6.135016,45.452843,-26.138886,-3.518173,-17.881029
196.000000,42.989448,-24.166603,86.746567,-1.848476,-56.241614,106.815475,-37.591719,49.011252,-6.096384,2.664130,-0.186639,-15.000035,-62.595651,-65.728352,21.679589,103.235741,-33.855455,14.999816,-37.088911,16.201099,29.793804,-62.276353,27.049974,-40.644062,12.363952,-41.769670,-15.835966,16.030143,24.575630,-39.976940,-0.606896,44.507084,-24.514922,-2.399885,-21.330390
197.000000,46.465313,-25.704679,86.043799,2.320657,-55.008672,105.732926,-36.782481,55.451649,-6.608110,4.258298,-0.004176,-15.000035,-64.132840,-46.242693,9.208786,134.893135,-41.744129,14.811192,-25.486760,16.330709,29.793804,-57.501921,27.240160,-37.430792,7.157714,-44.173374,-13.617384,12.091937,23.694585,-39.394376,-7.262135,40.399305,-20.409415,-0.951038,-25.492117
198.000000,48.292315,-25.814927,85.266119,3.271132,-49.166708,106.496018,-32.961287,52.453056,-3.228705,8.213561,-3.833887,-15.000035,-64.101496,-37.600950,-5.038255,142.046925,-42.068675,14.686607,-20.630576,13.786278,29.793804,-53.224591,27.719647,-34.264679,4.928344,-42.585977,-12.872898,9.859400,20.426471,-40.283459,-12.167544,35.671001,-15.633425,-0.347652,-29.005095
199.000000,50.494528,-25.251761,84.188831,3.293068,-43.729463,106.316718,-30.734454,49.905856,-0.524504,13.014718,-8.086955,-14.329445,-63.494818,-30.095880,-10.352335,133.627447,-40.574329,14.853756,-16.306595,11.880156,29.793804,-46.922730,28.693239,-30.703568,2.869269,-41.592324,-12.556796,10.099518,17.507076,-41.086327,-15.981292,29.926228,-9.685585,-0.062319,-31.402321
200.000000,52.069294,-24.279256,82.854211,3.773118,-38.713914,107.814009,-29.883201,46.095301,0.107403,18.606842,-13.597885,-11.699322,-58.972065,-25.297011,-8.866103,119.388865,-38.201139,14.941763,-13.834655,10.605207,29.529821,-39.924211,29.707163,-28.293271,0.461754,-42.362524,-12.578062,10.436227,14.765103,-41.394775,-18.611162,23.853078,-5.226926,-0.327538,-33.370453
201.000000,52.906728,-23.239700,81.621844,5.672936,-34.245637,110.952152,-28.431830,42.266030,-0.332070,23.604350,-18.411880,-9.713354,-50.256979,-23.418986,-7.444623,102.167944,-33.527732,15.000035,-13.287196,9.968747,29.197276,-32.231854,31.681604,-26.369042,-1.041220,-38.960741,-12.655298,9.263161,12.170580,-42.200204,-18.785431,18.043794,-4.155268,-0.386597,-35.686731
202.000000,54.372197,-22.331193,80.509692,6.921749,-29.862195,112.595909,-27.498572,39.359798,-0.506760,29.155769,-22.274905,-8.288119,-42.205303,-17.958622,-6.496709,84.058674,-24.082998,15.000035,-11.998473,9.088836,28.731478,-25.562552,32.540917,-24.164926,-1.207836,-37.684151,-11.502504,7.724788,8.476285,-43.344865,-17.580193,13.457404,-4.877633,-0.459442,-36.341756
203.000000,55.834287,-21.255800,79.134214,7.592022,-25.062753,113.623577,-26.471930,36.165818,-0.179262,35.036497,-26.170618,-7.177397,-33.612659,-15.429628,-5.590086,66.923116,-13.309637,15.000035,-10.785134,7.667733,28.291943,-19.598041,32.263003,-21.733746,-2.697084,-40.674600,-11.321190,7.524620,4.501547,-44.018848,-15.557236,8.970863,-6.071556,-0.660433,-36.553209
204.000000,57.477951,-20.222835,77.502328,6.989848,-20.362021,113.749485,-26.613820,32.855389,0.352974,41.054385,-29.847182,-6.036568,-26.786976,-14.139040,-4.433773,53.228682,-3.469002,15.000035,-9.016298,5.932709,27.029849,-14.590389,32.478776,-19.853097,-4.752367,-42.206997,-11.345699,6.614952,1.283529,-44.414535,-13.182381,4.295018,-7.435495,-0.669352,-36.100224
205.000000,59.436858,-19.067457,75.853288,6.108367,-16.338298,114.045977,-27.561167,30.315474,0.469836,46.419861,-32.844990,-5.565827,-21.481951,-12.128885,-3.049082,44.100305,4.008120,15.000035,-7.140959,4.456592,25.330356,-10.382538,32.205725,-18.918692,-6.821639,-43.735426,-11.334109,6.410203,-0.974745,-44.323754,-10.931165,0.156031,-8.872316,-0.838645,-35.265691
206.000000,60.820425,-17.952749,74.020398,5.138218,-12.812203,114.375309,-28.444237,27.813570,0.522232,51.336945,-35.731325,-5.199399,-16.802644,-11.534963,-0.861355,37.650431,7.130803,15.000035,-5.655247,3.079921,23.675589,-6.895166,32.532990,-17.674182,-8.848138,-43.602070,-11.471601,5.979770,-2.314076,-44.353951,-8.692371,-4.212069,-10.549879,-0.948549,-33.305228
207.000000,61.839533,-17.077366,71.889591,3.413042,-10.405742,113.967154,-30.497973,26.435228,1.034971,55.991189,-38.375438,-4.962258,-14.993484,-13.764969,-0.285928,35.722723,0.934142,15.000035,-4.216589,1.767755,21.034013,-3.608061,33.355174,-15.903401,-11.086411,-43.089450,-10.770588,5.762548,-2.809379,-44.232121,-6.440969,-9.064891,-11.252764,-0.904811,-30.829121
208.000000,62.317920,-16.556029,69.809783,2.359855,-8.989767,113.213571,-32.453644,26.372906,1.588340,60.639150,-41.116038,-5.168160,-14.667228,-18.138848,-1.324526,37.226539,-10.670385,15.000035,-2.631325,1.656894,18.943815,-1.217135,33.323260,-14.578871,-13.508238,-45.254019,-10.215322,5.192643,-3.440772,-43.989622,-4.823717,-13.068455,-9.673072,-1.927642,-29.596299
209.000000,62.661630,-16.236509,67.830819,1.440068,-7.182268,112.787701,-34.189495,25.500404,2.093457,65.340950,-43.724521,-4.278680,-15.625982,-22.919999,-1.174634,39.559298,-20.277049,15.000035,-2.045066,1.493165,17.393867,0.392374,32.335072,-13.364420,-15.331913,-46.653822,-9.554318,4.517876,-4.240281,-45.023596,-3.351520,-16.079887,-9.816999,-2.577108,-26.992730
210.000000,63.122785,-16.033922,66.226226,0.908954,-5.158682,112.847031,-35.256173,24.231488,2.531992,69.093005,-45.574226,-3.620180,-17.449812,-27.541251,-1.162583,43.783756,-26.823620,14.838475,-2.536385,1.108944,16.828475,0.876767,30.424781,-12.818616,-16.239335,-47.282613,-9.212219,4.544384,-5.389433,-46.165037,-1.541093,-17.812756,-10.631288,-2.773683,-26.579415
211.000000,64.107287,-15.883407,65.359122,1.202450,-4.467140,113.013913,-36.016796,24.523903,1.727125,70.896858,-46.087716,-4.067912,-19.761756,-27.668996,0.239140,49.033918,-28.901922,14.974327,-3.561213,1.403728,16.971357,0.410205,28.507400,-13.029156,-16.564372,-47.151316,-9.217769,4.643819,-6.744384,-46.254437,0.595049,-18.614221,-9.654248,-2.958009,-26.823939
212.000000,64.876121,-15.795806,64.718014,1.595271,-4.112334,113.316467,-36.695881,24.800451,0.706528,72.219927,-46.435837,-4.368436,-20.530061,-27.866414,0.307714,51.905483,-31.240206,14.648042,-4.995150,2.023070,17.382367,-0.936187,26.746609,-14.069463,-16.471618,-46.453083,-9.523692,5.003046,-8.010536,-47.109932,2.197343,-18.872007,-9.238561,-3.194592,-25.836442
213.000000,65.561503,-15.737009,64.209580,1.633782,-3.763621,113.392073,-37.381175,25.045286,0.132513,73.123944,-46.496137,-4.835764,-21.348509,-27.546477,1.396051,53.879309,-33.555541,14.133405,-5.790827,2.408416,17.510199,-2.811646,25.599207,-15.929376,-16.655555,-46.783108,-10.081075,6.366443,-8.297924,-47.720544,3.049026,-19.041543,-8.927865,-3.338514,-26.212367
214.000000,66.065937,-15.649146,63.895696,1.697042,-3.574460,113.532498,-37.799005,25.229998,-0.390405,73.581368,-46.496035,-5.165357,-22.129142,-27.529422,1.539305,55.796994,-34.685449,13.740763,-6.334492,2.787239,17.372576,-4.246757,25.478632,-17.333325,-17.120568,-46.921491,-10.271852,6.728306,-7.706320,-48.030184,3.212977,-19.289899,-8.168986,-3.663365,-26.263993
215.000000,66.422534,-15.561980,63.727570,1.805504,-3.384064,113.857807,-37.990479,25.168853,-0.843114,73.725895,-46.367429,-5.492932,-22.288567,-27.651898,1.374364,56.915946,-35.408090,13.596397,-6.843157,3.040989,17.180864,-5.072529,25.824341,-18.185812,-17.776399,-46.858933,-10.093078,6.356022,-6.613181,-48.262390,2.603752,-19.629042,-7.781063,-3.788141,-25.332910
216.000000,66.704035,-15.474069,63.598901,1.904494,-3.157177,114.110525,-38.051346,25.086682,-1.128912,73.831654,-46.206510,-5.762286,-22.416476,-27.805914,1.298371,57.863833,-35.935244,13.284370,-7.054601,3.040675,16.902575,-5.516295,26.489161,-18.585730,-18.287896,-46.823757,-10.092205,5.933387,-5.296131,-48.149856,1.829497,-19.665887,-7.224453,-3.803710,-25.506375
217.000000,66.914660,-15.394539,63.496464,1.996627,-2.995673,114.211616,-38.076317,25.124356,-1.273206,73.975744,-46.083078,-5.941210,-22.608331,-27.867920,1.307891,58.674829,-36.274981,12.964942,-7.110539,3.011034,16.652406,-5.453278,26.938659,-18.351414,-18.705212,-46.890768,-10.028821,5.863403,-4.160246,-48.128535,1.120396,-19.771593,-7.175343,-3.663271,-26.013860
218.000000,67.036510,-15.383711,63.393408,2.019459,-2.828628,114.242359,-38.118760,25.056175,-1.335476,74.127066,-46.064408,-5.997992,-22.882556,-28.021184,1.420382,59.315904,-36.507259,12.819046,-6.849397,2.843383,16.426444,-5.467124,27.253766,-18.211849,-18.966582,-47.557518,-10.062296,5.893124,-3.062390,-48.142523,0.085892,-19.892427,-7.361043,-3.623876,-25.942460
219.000000,67.053372,-15.460049,63.339806,2.126148,-2.748827,114.385994,-38.239162,24.925901,-1.385677,74.322587,-45.940908,-5.975607,-22.884487,-28.104330,1.497090,59.537311,-36.515472,12.696801,-6.783256,2.720120,16.289735,-5.690460,27.828762,-17.995838,-19.061714,-47.917653,-9.984362,5.850314,-2.112149,-48.064557,-0.751539,-19.802271,-7.121400,-3.515129,-26.210475
220.000000,67.015046,-15.664455,63.368553,2.265303,-2.731698,114.469589,-38.361611,24.759755,-1.394287,74.357326,-45.702404,-5.834106,-22.833560,-28.032548,1.687331,59.355450,-36.215538,12.558476,-6.814276,2.492148,16.417850,-6.523370,28.629727,-17.954646,-18.951560,-47.686526,-9.991828,5.721802,-1.345058,-47.888966,-1.432879,-19.568118,-7.144253,-3.369285,-26.827194
221.000000,66.908449,-16.079523,63.561827,2.305201,-2.803278,114.425964,-38.485490,24.521375,-1.190391,73.990101,-45.300051,-5.337767,-22.847707,-27.742229,2.117928,58.411648,-35.431442,12.423853,-7.219290,2.173307,16.885903,-8.054969,29.247013,-18.297167,-18.571252,-47.503996,-9.899879,5.656831,-1.045502,-47.591679,-1.816858,-19.244454,-7.430565,-3.294561,-27.249475
222.000000,66.736507,-16.759574,64.064860,2.043596,-3.003627,113.718933,-38.420989,24.526362,-0.310525,72.844432,-44.430705,-4.537493,-23.446129,-27.227504,2.661110,56.546159,-33.585430,12.356354,-7.856807,1.659773,17.456900,-10.035531,29.639811,-18.885051,-17.835226,-47.386961,-10.027554,5.802505,-1.390724,-47.083202,-1.611892,-18.690203,-7.755781,-3.176131,-27.764214
223.000000,66.467059,-17.735529,64.993966,1.566303,-3.515827,112.105565,-38.016187,25.057276,1.277799,70.667897,-42.903741,-3.680039,-24.336871,-26.174268,3.016213,53.096470,-29.943334,13.775912,-8.703463,1.342527,18.210766,-11.900507,29.436182,-19.295986,-16.883710,-47.003630,-10.111450,5.774286,-2.395814,-46.480458,-0.827976,-18.230622,-7.769988,-3.161825,-27.691522
224.000000,66.623527,-18.907176,66.373312,0.953671,-5.209506,108.776311,-37.650509,27.805767,2.832400,67.340153,-40.428019,-3.560722,-25.838793,-22.221411,2.384748,48.385385,-24.466631,15.000028,-8.766823,1.917967,19.166650,-13.667710,28.747665,-19.566603,-15.707220,-46.670853,-10.306397,6.435482,-4.123832,-46.077703,0.366684,-17.994337,-7.462427,-3.299819,-27.566094
225.000000,67.473775,-20.355538,67.911297,0.321386,-7.002179,104.494928,-37.091752,31.674610,4.551251,63.567567,-37.218855,-4.061010,-28.284561,-17.187623,-0.217001,44.243329,-17.857900,15.000035,-8.141095,2.605545,20.595735,-15.300170,27.884729,-19.783079,-14.595703,-46.304588,-10.785057,7.593838,-6.194695,-46.146056,1.716155,-17.774951,-7.127254,-3.411223,-27.580154
226.000000,67.939234,-22.048846,69.187862,-0.461233,-8.277604,99.376114,-35.847555,35.679692,7.671731,60.355185,-34.607353,-4.821035,-30.538264,-17.297369,-6.441192,40.956150,-14.176747,15.000035,-6.787877,3.289794,21.466248,-16.416928,27.323856,-20.225689,-14.012912,-46.256145,-11.340950,8.931563,-7.845027,-46.457075,3.391374,-17.743411,-6.991923,-3.582447,-27.378929
227.000000,67.040223,-23.116386,70.135963,-2.070185,-9.393326,94.392720,-34.385129,38.849078,11.793320,57.783455,-33.112293,-4.529348,-30.449861,-22.905487,-11.059786,40.478197,-11.566861,15.000035,-5.404957,4.018392,20.698180,-17.388487,27.885142,-20.906278,-13.845262,-46.308044,-11.804292,9.961686,-8.826054,-46.585838,4.825110,-17.781402,-7.109977,-3.792482,-27.170267
228.000000,66.237026,-23.683119,70.852816,-3.439710,-9.491069,91.606621,-33.219913,39.695697,14.975260,55.776933,-31.931957,-3.488696,-28.338315,-29.490199,-11.251412,42.495190,-6.435060,15.000035,-5.324842,4.121886,19.501886,-18.586715,29.048258,-22.044531,-13.757475,-46.500085,-11.659091,9.868046,-9.055021,-46.751323,5.567083,-17.649270,-7.331505,-3.790234,-26.850657
229.000000,65.988398,-24.149790,71.299160,-4.152340,-8.933793,90.095750,-32.218258,39.460950,17.012949,54.202824,-30.756024,-2.350496,-24.528288,-35.287575,-10.155552,43.396365,1.392212,14.895435,-5.987389,3.872254,18.700812,-19.951797,30.028906,-23.308377,-13.691724,-46.746624,-11.644578,10.027290,-8.687715,-46.991544,5.659724,-17.343397,-7.772124,-3.645059,-26.768770
230.000000,66.552460,-24.870704,71.704859,-4.903736,-8.676948,87.390542,-31.225012,40.860541,18.972263,52.517567,-28.954736,-2.182658,-21.129335,-38.741735,-11.854904,42.119960,10.608480,13.354439,-5.609348,3.841331,18.027383,-21.076729,30.832792,-24.147902,-13.853719,-47.158672,-11.707237,10.187068,-8.156773,-46.984407,5.406004,-17.033804,-7.886320,-3.445021,-27.093783
231.000000,67.404276,-25.662169,71.952701,-5.838656,-8.005470,84.326950,-30.229902,42.270897,21.114273,51.029914,-27.196350,-1.869922,-18.698471,-39.765563,-12.944072,38.157357,18.858600,14.637239,-4.848930,3.449399,17.081151,-21.636330,31.262483,-24.590684,-14.026701,-47.383806,-11.836889,10.271417,-7.673757,-46.834949,4.807471,-16.574945,-7.856509,-3.256446,-27.336821
232.000000,68.989146,-27.083689,72.407550,-7.073319,-7.520859,80.366236,-29.490004,44.485948,22.882431,48.747204,-24.571829,-1.906609,-18.940772,-36.275825,-13.489537,32.969002,20.928511,15.000033,-3.661015,2.941754,16.321717,-21.683653,31.776031,-24.356637,-14.111144,-47.341660,-11.760498,10.145813,-7.695029,-46.512355,4.036392,-16.118505,-7.579800,-3.146358,-27.300935
233.000000,70.697063,-28.678203,72.719610,-7.476617,-6.363450,76.296559,-27.987450,45.625114,24.222875,46.937992,-22.432619,-1.454250,-20.111849,-33.269688,-15.557614,28.436072,24.939160,15.000035,-2.611359,1.851672,16.116344,-21.150403,31.742519,-24.067281,-14.206297,-47.390475,-11.972193,10.388643,-8.026286,-46.075637,4.114898,-15.708472,-7.346440,-3.067249,-27.326970
234.000000,71.897191,-29.947379,72.792274,-7.169130,-4.650959,71.712493,-25.567469,44.447777,24.365057,45.060841,-22.073308,-2.618359,-21.254230,-33.238846,-20.644153,25.677401,22.799469,15.000035,-1.647759,0.521942,16.073544,-20.262627,31.677130,-23.614781,-14.062667,-47.657054,-12.081660,10.240218,-8.755835,-46.123714,4.641385,-15.314360,-7.297947,-3.207573,-27.291716
235.000000,73.065299,-30.868202,72.830909,-6.515066,-2.840174,66.763664,-23.096129,40.788312,21.515956,42.295649,-22.688439,-5.121922,-22.010549,-33.170185,-25.269289,24.134613,18.781762,15.000035,-0.766509,-0.893980,15.742727,-19.248583,31.802891,-23.226028,-13.595633,-47.431463,-11.937456,9.665548,-9.538391,-46.786850,5.238799,-14.863646,-7.364137,-3.631175,-26.640779
236.000000,74.419177,-31.461659,72.762269,-5.443055,-1.031760,62.899329,-20.417659,36.691076,18.361220,39.761782,-24.051359,-6.918988,-22.264383,-32.852510,-26.354343,21.844282,13.746746,15.000035,-0.831517,-2.327238,15.290922,-18.409110,31.729466,-23.117358,-13.233563,-47.414856,-11.964620,9.374815,-10.113823,-47.558860,5.497156,-14.341490,-6.915764,-4.046107,-26.135164
237.000000,75.763923,-31.775770,72.707075,-4.034685,0.932119,59.294290,-17.103437,32.351024,15.810549,37.126538,-25.245544,-7.048602,-24.239481,-32.870770,-23.681548,22.130042,8.915106,15.000035,-1.182003,-3.970053,14.777358,-17.781865,31.811036,-23.051318,-13.545882,-47.719175,-11.903158,8.796461,-10.791672,-48.342935,5.856473,-13.897247,-6.060656,-4.252080,-25.798514
238.000000,77.129960,-31.827292,72.782397,-3.122030,1.426042,55.758122,-13.576422,29.493788,12.749951,34.412727,-26.670617,-7.269517,-25.323358,-31.348130,-21.496166,22.623969,5.789472,15.000035,-1.833589,-4.203739,14.287721,-16.974798,31.770031,-23.091002,-14.120908,-47.489137,-11.654264,7.784768,-11.589566,-48.965083,6.369566,-13.496781,-5.353782,-4.280621,-25.358462
239.000000,78.505749,-31.949887,72.847301,-2.409006,1.500265,52.665255,-10.077602,27.910127,10.787727,32.003562,-27.886001,-7.346651,-26.450237,-28.909428,-17.648495,23.730104,3.246914,15.000035,-3.230384,-4.069992,13.938452,-16.136964,31.300944,-22.770527,-14.577003,-47.255900,-11.638383,7.267943,-13.309535,-49.740088,7.377432,-12.651970,-5.432115,-4.306585,-25.179397
240.000000,79.848444,-31.948307,72.861975,-2.032334,1.515081,50.300351,-6.705420,27.807917,10.808861,29.692786,-27.948217,-7.141406,-27.537680,-27.070219,-15.128483,25.419056,1.580985,15.000035,-5.439271,-3.750811,13.365723,-15.438835,30.509243,-22.354091,-15.003047,-47.456161,-11.740336,7.294238,-15.637076,-50.342790,8.780141,-11.354631,-5.807660,-4.308015,-25.359896
241.000000,81.099510,-31.980431,72.793013,-1.858897,1.883875,48.279072,-3.859267,28.058117,11.067664,27.335011,-26.850908,-7.420588,-28.999395,-25.652439,-13.233865,27.200301,0.103908,15.000035,-7.618838,-3.655230,12.391653,-15.097592,29.933574,-21.920842,-15.374353,-47.387463,-11.530103,6.697118,-17.709197,-50.543376,9.920544,-9.993999,-5.741054,-4.377586,-25.176892
242.000000,82.174873,-31.889272,72.667062,-1.742949,2.389216,45.888781,-1.030800,27.610136,9.042002,24.817610,-25.718768,-8.242630,-30.734970,-24.149459,-11.120650,28.898981,-1.068478,15.000035,-9.128715,-3.648420,11.391273,-15.237585,29.389433,-21.700414,-15.531490,-46.977160,-11.532542,6.469125,-19.346984,-50.527649,10.787694,-8.933731,-5.517068,-4.538037,-24.727267
243.000000,83.109379,-31.658876,72.504932,-1.639415,2.586395,43.730452,1.826895,27.089545,5.471796,22.322426,-24.908894,-9.462804,-31.978543,-22.654920,-9.325079,30.437020,-1.658408,15.000035,-10.276551,-3.360003,10.778532,-15.680451,28.861422,-21.765065,-15.606494,-47.019985,-11.467682,6.423142,-20.384636,-50.412554,11.295340,-8.086684,-5.157032,-4.677128,-24.597711
244.000000,83.894634,-31.353974,72.278792,-1.685188,2.744591,41.779985,4.567029,26.771094,2.579327,19.899802,-24.647899,-10.375156,-33.230325,-21.410773,-8.022431,32.040096,-2.589980,15.000035,-11.012221,-2.861237,10.221142,-16.258748,28.412019,-21.891028,-15.555867,-46.712521,-11.189750,6.046055,-20.905974,-50.244593,11.476589,-7.271483,-4.725059,-4.680832,-24.241854
245.000000,84.530610,-31.035668,71.972102,-1.828638,2.928375,40.146564,6.986509,26.667850,1.225219,17.691940,-24.936377,-10.663349,-34.663251,-20.498012,-7.163448,33.916889,-3.523013,15.000035,-11.786614,-2.361941,9.456143,-16.543253,28.078431,-22.002283,-15.365404,-46.117871,-11.162851,5.663218,-21.435374,-49.932798,11.884130,-6.165281,-4.670217,-4.609868,-23.906543
246.000000,84.986436,-30.809242,71.648514,-1.871099,3.064042,38.724329,9.085780,26.748703,2.010716,16.101119,-25.546916,-10.335044,-36.072551,-19.762748,-6.534109,35.806078,-4.225085,15.000035,-12.533360,-1.920611,8.960023,-16.735565,27.738337,-21.878465,-15.177418,-45.839869,-11.088004,5.331328,-22.163339,-49.568916,12.288655,-4.955038,-5.034156,-4.548088,-23.510035
247.000000,85.330361,-30.577311,71.308494,-1.861632,3.243131,37.723445,10.729285,26.904404,4.648065,14.985749,-26.349821,-9.879110,-37.349479,-19.670071,-6.436313,37.685681,-5.124912,15.000035,-13.517154,-1.508584,8.605769,-16.797112,27.089975,-21.681797,-14.936577,-45.832441,-11.053743,5.308504,-22.973568,-49.139369,12.777794,-3.795575,-5.323099,-4.457297,-23.435151
248.000000,85.598117,-30.217859,70.930362,-1.893930,3.535870,37.174457,11.924905,27.008962,7.659476,14.117462,-27.175960,-9.454239,-38.582195,-20.860603,-7.989878,39.684140,-6.155592,15.000035,-14.710949,-1.207602,8.001024,-16.781447,26.708780,-21.456225,-14.598896,-45.471827,-10.946631,5.294932,-23.516606,-48.565223,13.232400,-2.444806,-5.440876,-4.394069,-23.522403
249.000000,85.862350,-30.118638,70.540762,-1.939272,3.705351,37.180029,12.597670,27.348419,9.946211,13.474506,-27.999578,-9.346759,-39.546870,-21.328328,-8.232013,41.541453,-7.346333,15.000035,-16.119858,-1.019611,7.426933,-16.658254,26.440386,-21.271760,-14.491853,-45.329336,-10.666134,5.131923,-23.807347,-47.944007,13.492590,-1.263259,-5.592649,-4.291144,-22.949711
250.000000,86.124659,-30.020747,70.147252,-2.059317,3.696274,37.416907,13.084431,27.832008,11.347462,13.024464,-29.025244,-9.143485,-40.144754,-21.858113,-8.532283,43.192692,-8.602015,15.000035,-17.416342,-0.770899,7.036414,-16.765290,26.454562,-21.231481,-14.438595,-45.367052,-10.615739,5.105141,-23.792353,-47.423759,13.682529,-0.425118,-5.984099,-4.257481,-22.704175
251.000000,86.344105,-29.900730,69.765896,-2.186608,3.615082,37.779660,13.379071,28.280791,11.925973,12.838629,-30.175059,-8.999306,-40.388452,-22.528430,-8.960950,44.571462,-9.999446,15.000035,-18.475875,-0.532000,6.660054,-16.773179,26.449576,-21.257941,-14.280731,-45.268069,-10.500931,4.934958,-23.325178,-47.045090,13.634570,0.249629,-5.920375,-4.417807,-22.465160
252.000000,86.558950,-29.806784,69.460362,-2.109573,3.545457,37.794968,13.584119,28.389357,11.464377,13.181349,-31.022364,-8.804628,-40.824331,-22.756368,-8.644596,45.979512,-11.045558,15.000035,-18.874094,-0.567120,6.528895,-16.859385,26.380410,-21.212353,-14.166136,-45.265241,-10.370115,4.940017,-22.531073,-46.586729,13.412763,0.752358,-5.687205,-4.400112,-22.230176
253.000000,86.815399,-29.781681,69.207263,-1.949903,3.452629,37.817331,13.769911,28.537203,11.455479,13.666853,-31.579366,-8.664337,-41.103921,-22.921239,-8.383708,47.251122,-11.956182,15.000035,-18.943704,-0.829843,6.503607,-16.823920,26.311794,-21.151224,-14.118973,-45.430330,-10.237757,4.812920,-21.534333,-46.227912,13.112922,1.123850,-5.737587,-4.423939,-21.876831
254.000000,87.066203,-29.736584,68.967921,-1.843754,3.343376,37.873624,14.109004,28.689404,11.408250,13.812613,-32.132758,-8.569491,-41.301054,-23.092726,-8.262587,48.412333,-12.837401,15.000035,-19.016621,-1.058579,6.392336,-16.560972,26.317841,-20.932583,-14.007288,-45.372130,-10.177804,4.770695,-20.626323,-45.833640,12.907376,1.542409,-5.672878,-4.431117,-21.358077
255.000000,87.293613,-29.674062,68.756485,-1.813282,3.215331,37.934581,14.340136,28.899504,11.293940,14.060374,-32.611107,-8.578403,-41.413489,-23.181819,-8.147774,49.374030,-13.642254,15.000035,-19.073744,-1.142992,6.310265,-16.112840,26.111458,-20.573518,-13.836300,-45.481502,-10.137336,4.825900,-19.986718,-45.603329,12.671357,1.943923,-5.664747,-4.458631,-21.019238
256.000000,87.486368,-29.638484,68.571401,-1.810339,3.127456,38.027973,14.431261,29.152695,11.313349,14.374620,-32.908937,-8.658100,-41.535323,-23.253205,-8.083852,50.214755,-14.324022,15.000035,-19.085627,-1.204758,6.271655,-15.609723,25.799257,-20.338106,-13.762898,-45.854355,-10.156989,4.983320,-19.440641,-45.559612,12.418674,2.117522,-5.798418,-4.576685,-21.030916
257.000000,87.638724,-29.620805,68.418527,-1.835614,3.038139,38.194289,14.398382,29.421170,11.148178,14.642783,-33.105179,-8.865623,-41.649933,-23.297605,-8.139817,50.927950,-14.784896,15.000035,-19.107046,-1.232220,6.306407,-15.189074,25.796417,-20.098802,-13.868475,-45.944760,-10.137527,5.045688,-18.903850,-45.478801,12.056197,2.247298,-5.732798,-4.491485,-20.992284
258.000000,87.781477,-29.595593,68.293381,-1.866125,2.997275,38.481229,14.228846,29.657607,10.959753,14.932487,-33.277863,-9.064447,-41.681957,-23.508435,-8.385181,51.546078,-15.182295,15.000035,-19.100568,-1.290868,6.315776,-14.976143,25.923894,-20.116065,-13.885078,-45.979160,-10.049126,4.939411,-18.347633,-45.433380,11.625840,2.381126,-5.593452,-4.433746,-20.815707
259.000000,87.847298,-29.522264,68.193746,-1.866246,2.981849,38.639158,14.099119,29.766982,10.884122,15.243690,-33.468108,-9.104356,-41.777306,-23.695878,-8.305338,52.003083,-15.526101,15.000035,-18.875337,-1.365713,6.420521,-14.934262,26.145500,-20.197809,-13.805541,-45.804188,-10.099093,5.037870,-17.904195,-45.528637,11.327068,2.472807,-5.583692,-4.431519,-20.932450
260.000000,87.880123,-29.464325,68.110281,-1.838468,2.994415,38.716536,14.007344,29.803394,10.858090,15.507188,-33.606143,-9.123837,-41.911516,-23.876475,-8.219656,52.406986,-15.715845,15.000035,-18.497505,-1.458610,6.689208,-15.097590,26.413675,-20.169052,-13.820484,-45.844298,-10.108095,5.106703,-17.469993,-45.725753,11.047523,2.397964,-5.734244,-4.484083,-21.179674
261.000000,87.912726,-29.451850,68.039149,-1.724539,2.955464,38.887812,13.923838,29.873581,10.885512,15.773524,-33.569348,-9.178599,-42.036795,-24.169874,-8.270142,52.966509,-15.667358,15.000035,-18.096581,-1.587095,7.187791,-15.744482,26.789009,-20.203563,-13.685719,-45.744488,-10.136983,5.281221,-16.793398,-45.998377,10.703239,2.212846,-5.820846,-4.428168,-21.371114
262.000000,87.916410,-29.332685,67.982364,-1.488584,2.992597,39.195049,13.752031,29.713399,10.873085,16.132832,-33.586373,-9.029022,-42.187907,-25.666109,-9.521702,53.732258,-15.200441,15.000035,-17.826828,-1.761365,7.708417,-17.705819,27.041369,-20.491023,-12.879882,-44.744467,-9.968892,5.589508,-15.782533,-46.462488,10.197776,2.176283,-5.640486,-4.264440,-21.246574
263.000000,87.835336,-28.722203,67.897671,-0.917846,3.407585,39.482862,13.723901,28.548963,10.663746,16.401823,-33.994114,-8.303569,-42.543879,-30.624533,-13.540294,55.791823,-14.255388,14.977116,-17.790500,-2.149387,8.114231,-21.554595,27.238504,-21.050235,-11.513401,-41.676138,-10.182794,5.983048,-14.535256,-47.509160,9.494889,2.451212,-5.949905,-4.537920,-20.885429
264.000000,87.827128,-28.287345,67.812425,-0.152075,4.297500,39.466937,13.726984,26.845102,10.477813,16.121652,-34.244936,-7.820149,-43.095208,-37.157243,-19.591006,58.306402,-12.943207,13.322400,-18.177007,-2.652359,8.517205,-27.361929,26.094591,-22.136744,-9.753626,-39.602936,-10.237140,6.417634,-13.290064,-48.810834,8.884064,2.979707,-6.361998,-4.847620,-20.806442
265.000000,88.090694,-28.147256,67.704183,0.470936,5.832412,38.316510,13.924054,24.974551,11.489099,15.335281,-34.043736,-7.951372,-43.398861,-43.481674,-27.837553,60.343171,-13.176518,8.527188,-18.891431,-2.986996,7.956084,-33.364545,24.318489,-22.997875,-8.547846,-38.875388,-10.629494,7.569140,-11.966860,-49.769478,8.903214,3.787124,-6.316812,-4.808215,-21.421282
266.000000,88.743764,-28.133282,67.684567,1.088382,7.853568,37.278784,14.076509,22.951240,12.848084,13.681856,-32.632506,-8.495545,-43.083437,-48.241486,-35.052544,61.238370,-15.788150,3.929044,-20.821869,-2.936465,6.536112,-40.048855,23.284892,-23.306672,-6.767291,-35.019135,-10.882134,8.219619,-10.258652,-50.689105,8.357993,5.124861,-6.358378,-4.915152,-21.289988
267.000000,90.056199,-28.256807,67.865658,0.815950,9.361349,37.163324,14.367462,22.496145,14.105416,11.683238,-29.596402,-9.350045,-42.861022,-47.738648,-36.329824,60.635537,-19.606352,1.554764,-24.514148,-1.703981,4.884645,-46.024431,22.186135,-23.156090,-5.436352,-32.598502,-11.416511,8.842819,-7.897388,-50.958774,7.389138,6.237721,-6.602859,-4.936745,-21.630514
268.000000,92.075688,-28.512383,68.628061,0.617264,9.687129,35.423823,15.428576,23.006647,13.795909,12.258983,-23.087689,-10.153946,-42.864809,-43.642860,-33.595238,59.661040,-20.699739,1.301488,-27.921902,0.566116,4.444262,-51.582094,21.390300,-22.185503,-4.154927,-32.330601,-12.209242,9.917671,-4.884286,-50.845738,6.574557,6.805161,-5.975382,-5.321584,-22.490549
269.000000,94.906855,-28.883430,70.274186,1.554678,8.730366,29.939048,16.341315,22.888741,10.177235,19.825918,-12.449804,-9.572450,-40.759905,-35.060129,-29.341772,55.406696,-20.721293,-0.489722,-29.284494,1.879679,5.367356,-55.589165,24.237891,-20.767812,-2.995567,-29.050652,-13.517102,11.658783,-2.144766,-50.521325,5.764780,8.336250,-7.097549,-5.244634,-21.954187
270.000000,98.319483,-28.843465,72.498095,3.793148,6.280845,20.861852,14.884835,12.912444,-6.352178,35.923336,-6.405801,-10.826944,-35.453231,-25.735685,-23.811404,48.995884,-20.082233,-2.348974,-28.047689,1.002839,6.557613,-56.417325,30.111879,-19.798172,-2.114821,-26.033659,-15.569261,13.562184,1.126063,-49.607473,4.226784,9.912411,-9.438339,-5.414677,-19.283806
271.000000,101.161802,-29.018798,74.583668,7.801690,3.457676,14.367623,6.896718,6.502633,-5.861551,57.667062,-13.881285,-10.088354,-29.359940,-22.268251,-18.195189,43.683148,-19.558752,-1.677545,-27.700326,-1.609986,7.301792,-54.038056,35.773567,-17.717618,-1.696917,-27.256652,-16.232614,14.681188,5.020371,-49.312590,1.755077,10.501323,-8.749784,-5.621942,-17.704265
272.000000,103.539407,-29.389691,76.381105,11.785873,1.080476,9.166033,-6.577862,8.897226,2.615701,75.768443,-21.929004,-4.471678,-24.340060,-21.525145,-13.369347,39.148004,-18.647847,0.073404,-26.480054,-4.576298,7.295287,-50.112593,40.691941,-15.389197,-0.390050,-27.979578,-17.164498,15.649591,8.053135,-50.421966,-0.538330,11.415235,-10.691690,-5.778354,-15.783387
273.000000,105.867720,-29.428405,78.018129,15.831835,-2.447637,2.326898,-19.815009,9.128710,7.775279,85.967739,-26.260302,-3.230154,-19.451892,-21.715951,-7.442300,34.786649,-17.798537,2.479209,-22.444533,-8.462767,8.175065,-44.678822,45.728376,-11.968914,2.096464,-27.455443,-17.656222,16.643163,8.754864,-52.283001,-1.834802,11.893154,-13.338599,-5.493497,-12.524257
274.000000,108.481932,-29.260945,79.733866,19.760475,-9.046622,-6.943222,-30.128251,11.631594,10.011727,91.867813,-28.619215,-5.145295,-12.999013,-23.147337,0.258845,30.054028,-16.718748,5.547712,-14.726506,-13.787256,11.877416,-37.529615,49.579097,-6.629930,5.534723,-28.002736,-17.885264,18.610949,6.339279,-54.203989,-1.280540,11.329484,-13.699525,-5.651258,-11.617147
275.000000,111.182356,-28.999102,81.399202,22.543120,-17.304150,-18.646983,-38.087085,21.031344,8.265343,98.188429,-31.469161,-6.493799,-7.851104,-26.011280,9.913852,25.495901,-14.564791,9.107795,-3.400744,-19.133556,17.644853,-29.813909,51.537445,0.744793,10.425237,-30.034507,-17.655175,20.240723,0.373887,-56.657215,1.572491,10.698137,-15.730896,-5.156897,-11.492855
276.000000,113.994193,-28.518188,83.038712,23.539984,-26.814411,-32.425777,-43.158299,34.630534,2.107532,101.609268,-35.635279,-8.246701,-6.021420,-31.771684,16.926920,22.314792,-10.133536,13.435042,10.338693,-23.435950,25.555679,-22.027109,52.293803,9.458673,16.528908,-31.783268,-16.529695,21.875368,-9.021821,-59.860905,7.090392,10.520302,-18.037314,-4.752940,-10.940077
277.000000,116.645813,-28.280723,84.677690,22.349325,-34.636908,-47.137760,-47.810771,55.381291,-3.767792,90.088016,-34.511016,-8.224921,-10.399267,-37.838975,14.333005,21.524976,-3.143249,15.000035,22.595360,-25.733399,29.180713,-11.348487,51.791460,16.691340,23.764902,-32.741188,-16.086269,24.568604,-18.205260,-62.256047,16.923889,10.194663,-18.972946,-4.535313,-13.270286
278.000000,119.306028,-27.006945,85.946095,20.508553,-40.498673,-59.208423,-44.621305,67.981918,-0.649382,53.961906,-24.342830,-13.275302,-17.137312,-43.618425,8.215720,18.908918,2.414531,15.000035,29.930135,-27.847364,29.793804,-1.380206,49.672237,22.162166,29.205339,-38.020969,-18.130244,29.762918,-29.574627,-61.558145,30.164127,10.426229,-18.795120,-3.784370,-16.809500
279.000000,123.740613,-23.021069,87.897485,20.451757,-46.386623,-64.156056,-41.738183,64.883512,2.987450,13.385293,-7.962651,-15.000026,-25.928713,-52.166669,3.145378,14.806059,8.641910,15.000035,33.246253,-29.533939,29.793804,3.572478,47.450151,22.968027,33.165893,-37.299663,-18.715051,32.244906,-33.348149,-62.281483,35.461546,8.930493,-18.830149,-3.951350,-18.769899
280.000000,127.163053,-23.638487,89.686722,30.077215,-50.495626,-59.148023,-49.811613,60.030779,6.856454,1.056678,-3.519357,-15.000035,-31.393926,-60.503148,-4.758510,7.413831,8.323636,15.000035,33.080563,-29.793804,29.793804,6.680229,43.363857,24.203988,35.400102,-35.052080,-19.121374,33.027240,-36.145853,-63.882097,36.447740,7.815669,-17.755526,-4.441042,-19.835979
281.000000,129.542637,-23.477831,89.130199,25.017664,-53.400182,-64.113247,-51.546881,64.922567,8.728283,3.088923,1.623129,-15.000035,-30.314278,-63.801077,-4.727480,6.510919,8.094193,15.000035,32.115314,-29.793804,29.793804,4.928149,40.866904,25.872468,34.481974,-37.022764,-19.703067,33.874822,-36.711007,-63.419351,36.158451,6.695717,-16.952243,-4.787421,-20.134488
282.000000,131.407034,-23.216908,87.329471,12.854933,-54.558268,-80.499569,-51.054158,72.833770,-3.866706,18.898133,-3.205927,-15.000035,-29.962271,-61.436288,0.203145,3.237334,9.012768,15.000035,30.044069,-29.604656,29.793804,10.524964,38.338729,35.254711,30.042669,-41.319803,-23.016368,38.200302,-41.720486,-58.688762,40.916354,-0.597944,-14.286078,-5.115415,-16.932734
283.000000,133.029354,-24.972287,86.138296,3.331242,-57.968347,-94.184836,-62.828663,74.764166,-20.299744,59.882372,-23.717519,-15.000035,-31.607855,-63.082732,5.706396,0.653715,7.560771,15.000035,28.710635,-29.779755,29.793804,14.556202,34.911716,36.469669,28.869813,-43.112987,-24.703507,40.206598,-44.136098,-54.239864,46.397420,-0.403572,-12.168722,-5.188078,-14.175509
284.000000,135.863853,-24.947806,85.550392,-0.951181,-57.261387,-98.597160,-72.736221,62.214048,-30.687121,94.891429,-37.153398,-14.996403,-33.146604,-64.215150,9.516679,1.888060,5.779454,14.999992,24.508390,-27.627111,29.793804,15.539585,33.171760,35.687530,27.765936,-42.321932,-23.784355,39.449981,-43.435925,-53.038256,47.709903,-0.831250,-12.202910,-5.767999,-12.015975
285.000000,139.044404,-24.008203,84.470153,6.560726,-53.584906,-85.809970,-86.396832,41.801246,-26.415106,118.559093,-40.650984,-10.750205,-34.527354,-67.339293,4.834675,9.349861,2.098123,15.000035,11.495041,-24.724031,29.793804,9.619886,31.984102,35.201371,23.487313,-41.490151,-22.826374,36.625465,-45.315706,-54.904824,44.403227,-3.513297,-11.712494,-6.328899,-8.707555
286.000000,141.324842,-23.860620,83.742559,5.612276,-47.204054,-87.792797,-85.915761,32.435967,-14.870509,125.556007,-40.764403,-10.107434,-31.449818,-62.768066,-0.096743,12.447927,-0.428935,14.880949,6.628965,-19.035765,28.786621,8.109598,32.377019,34.412337,20.074006,-37.283131,-21.498980,34.049538,-45.345339,-54.858276,43.482094,-6.436631,-11.448930,-7.331222,-5.022310
287.000000,142.622995,-24.206334,82.888728,3.178231,-41.455723,-93.263644,-79.246717,30.853255,-6.038573,122.041014,-38.157118,-11.568257,-30.336777,-56.349610,-1.848136,15.488670,-3.230141,14.337318,4.783457,-14.933503,28.449650,8.000534,32.812191,34.377076,15.313233,-35.247563,-21.067348,31.528990,-43.390754,-54.217495,43.095120,-9.181419,-9.954878,-7.821256,-2.997020
288.000000,142.681253,-24.696705,82.742238,-3.495145,-36.699100,-107.020227,-60.464851,36.955538,5.830305,110.395268,-35.651460,-15.000035,-30.931342,-46.385871,4.424152,17.439085,-5.086738,14.684529,10.938447,-13.904349,29.738828,10.384666,34.511426,33.344700,9.550551,-36.326064,-22.158616,29.478236,-37.041318,-50.696512,43.405466,-11.159657,-9.857975,-6.469590,-1.660725
289.000000,144.343615,-25.290841,81.321126,-4.151811,-32.041149,-110.773739,-52.520227,33.968621,9.090656,98.872275,-31.596592,-15.000035,-32.548314,-41.482751,5.831144,22.714759,-8.396598,13.456262,10.572545,-11.973709,29.386821,8.071486,36.045429,31.708194,4.794758,-35.556595,-21.760011,28.283036,-33.654931,-51.352982,41.395393,-13.997431,-9.102326,-7.321936,-0.741757
290.000000,146.280527,-26.176056,80.195844,-4.845483,-27.648622,-111.701940,-44.111844,26.108395,10.352210,83.416301,-22.748271,-15.000035,-31.108687,-39.009352,5.025418,26.688274,-11.147312,12.785320,8.127506,-9.963188,29.134756,4.865210,36.943527,28.185059,0.457397,-33.614131,-21.136843,26.514893,-29.321217,-52.005723,39.758343,-15.966459,-6.895376,-7.710036,-0.421384
291.000000,148.342073,-27.500919,78.916800,-5.782642,-23.288967,-113.015149,-33.860410,18.122027,8.540113,65.439366,-13.161793,-15.000035,-29.777439,-36.746151,4.873649,31.065312,-14.013618,12.587928,6.436554,-8.309926,29.019616,1.530659,37.288096,24.177353,-2.834350,-30.848901,-20.903797,25.184545,-24.508402,-51.838708,38.059993,-16.389305,-5.187645,-7.981441,-0.419018
292.000000,149.966860,-29.022738,77.103585,-5.984289,-18.491789,-114.630125,-22.881082,15.662360,4.994063,47.160950,-4.658414,-15.000035,-29.057670,-33.350926,4.791742,36.043270,-17.323612,12.389873,5.367423,-6.535286,28.707391,-1.489851,37.110890,20.795781,-5.683233,-28.473040,-20.245236,23.536811,-20.755099,-51.973341,36.325019,-16.941577,-6.728325,-8.884081,0.171519
293.000000,151.518762,-30.338976,74.783611,-5.291400,-13.450024,-115.920148,-14.085147,17.156554,1.891789,32.810173,2.367277,-15.000035,-29.611008,-29.411358,4.481551,42.102635,-20.733994,12.118703,4.208886,-4.596389,28.164451,-4.131675,36.252790,18.109762,-8.541422,-28.432833,-19.618632,21.941262,-17.622786,-51.662567,34.661216,-17.219969,-6.644437,-9.392419,0.243724
294.000000,153.613889,-31.561685,72.399014,-4.729222,-8.975131,-116.756815,-8.610252,16.900190,-0.419124,25.558204,0.980395,-15.000035,-31.017204,-26.621113,4.533101,48.612703,-23.834278,12.515478,3.455049,-3.075120,28.045844,-6.757547,35.765992,15.369592,-11.557411,-29.454870,-18.804242,20.032316,-14.197295,-51.131442,32.007834,-17.291855,-4.321273,-9.205606,-2.004741
295.000000,154.294157,-31.954005,69.713253,-4.036733,-5.687961,-115.870846,-8.102028,24.019330,3.045693,29.064159,-12.199932,-15.000035,-32.421675,-25.388126,3.064807,55.343233,-27.640310,12.515827,2.117739,-3.287952,27.563061,-9.802740,36.096423,12.168915,-14.601196,-29.260585,-17.940965,18.836285,-10.105697,-50.271651,28.351395,-18.304869,-4.009206,-9.217818,-2.640762
296.000000,155.610406,-32.470304,67.729282,-4.211193,-3.461411,-113.714640,-10.966189,26.829791,3.285801,34.752877,-21.682815,-11.572087,-32.451868,-26.788796,1.514136,60.015370,-30.151706,13.030609,0.886395,-3.900777,27.459912,-13.700040,35.639630,7.226963,-17.378624,-32.610035,-17.522311,18.999515,-6.164914,-49.290350,24.939406,-19.262127,-5.583534,-9.298811,-4.358063
297.000000,156.831443,-32.876039,66.202563,-4.256884,-2.484027,-111.907540,-13.925110,27.430953,2.061868,39.801076,-28.579004,-8.907994,-32.905181,-28.549969,1.239657,63.119998,-32.006413,13.415676,1.257730,-5.046464,26.591209,-17.097558,35.668102,2.762956,-18.960477,-33.885958,-16.938987,17.130082,-2.450527,-47.191959,21.918337,-19.508216,-6.762626,-9.040982,-5.794615
298.000000,157.731700,-33.266178,65.175205,-4.203885,-1.907695,-111.214882,-16.820367,27.281802,-0.237849,44.942682,-31.728496,-9.783219,-33.382082,-29.400443,1.659285,64.887036,-33.186243,13.481890,3.479578,-6.322289,25.743184,-19.940804,35.729570,-1.430237,-20.052928,-32.542522,-16.035454,16.040129,0.861734,-43.572352,19.255447,-19.381712,-6.103688,-8.535504,-7.196794
299.000000,158.484840,-33.605894,64.484507,-4.208892,-1.216787,-110.669224,-18.735274,27.440311,-1.381219,48.643528,-33.832051,-10.498031,-33.231169,-29.872939,1.729938,65.797924,-33.702349,13.913638,5.529621,-7.060419,25.195680,-21.655501,35.184299,-4.318472,-21.462693,-32.597044,-15.765781,15.489493,2.652086,-40.357938,18.477955,-19.400432,-5.369609,-7.829850,-9.214383
300.000000,159.123373,-33.906940,63.866740,-4.091618,-0.749121,-110.385502,-20.541328,27.611743,-2.098055,52.017590,-35.665643,-10.515795,-33.434756,-30.159981,2.116697,66.503414,-34.064855,14.653332,7.506766,-7.645542,24.560039,-22.508813,34.722633,-6.601780,-22.689496,-33.895657,-15.226556,15.087973,3.190279,-38.625280,18.257968,-20.052875,-5.518044,-7.486962,-9.834077
301.000000,159.566426,-34.131265,63.355875,-3.843300,-0.196948,-110.047332,-22.377388,28.054445,-2.798749,54.972883,-37.082026,-10.393518,-33.533292,-30.230206,1.807289,67.138574,-34.371783,14.964292,8.775770,-7.816960,23.902170,-22.614849,34.704734,-7.777926,-23.902088,-35.262429,-14.786496,14.405197,2.667306,-38.445663,18.101904,-21.231839,-5.047512,-7.523484,-10.036267
302.000000,159.919930,-34.302932,62.896264,-3.425657,0.156368,-110.019217,-24.058455,28.503699,-3.260916,57.478808,-38.293322,-10.332410,-34.151567,-30.129412,1.794551,67.804893,-34.666123,14.983780,9.675608,-7.890273,22.955086,-22.165108,35.317587,-7.586448,-24.542396,-34.393455,-14.810381,13.908469,1.720301,-39.382553,17.907194,-22.347706,-4.652901,-7.639643,-9.827683
303.000000,160.200441,-34.476027,62.501037,-3.055908,0.429291,-110.102637,-25.329637,28.909261,-3.615634,59.466994,-39.343047,-10.228145,-34.783302,-29.899440,2.021787,68.455646,-34.859001,14.993694,10.345863,-7.824935,21.913791,-21.313634,35.309790,-7.583113,-25.238468,-35.684231,-14.460026,14.316449,0.884393,-40.384989,17.816815,-23.192587,-4.275081,-7.400417,-9.972320
304.000000,160.439813,-34.645006,62.137556,-2.813684,0.730055,-110.134935,-26.306866,29.250773,-4.043432,61.130377,-40.282755,-10.164157,-35.171895,-29.669563,2.198843,69.051881,-35.057770,15.000035,10.805970,-7.672669,21.003477,-20.591629,35.303728,-7.785687,-25.900291,-38.020077,-14.395460,14.070792,0.228784,-41.188937,17.697954,-23.579886,-4.167936,-7.162334,-10.567950
305.000000,160.640836,-34.822541,61.776608,-2.707194,0.995715,-110.011269,-27.121286,29.400317,-4.589023,62.637623,-41.191505,-10.100827,-35.332087,-29.712713,2.282064,69.629325,-35.406645,15.000035,11.071224,-7.428756,20.239538,-20.159957,35.957268,-7.798676,-25.844299,-37.629175,-14.338037,13.823104,0.017160,-41.907066,17.120001,-23.770742,-4.185518,-6.994304,-11.067824
306.000000,160.797441,-34.952530,61.430705,-2.587011,1.209600,-109.962577,-27.900734,29.606794,-5.030152,64.010798,-41.960926,-10.126433,-35.618443,-29.691427,2.418402,70.275263,-35.742175,15.000035,11.278204,-7.188824,19.531189,-19.966340,36.551085,-7.967633,-25.574631,-37.332544,-14.268067,14.065920,-0.068475,-42.358887,16.542703,-23.675674,-3.884466,-6.943423,-11.816378
307.000000,160.921311,-35.038498,61.109197,-2.512404,1.370604,-109.967920,-28.554892,29.842415,-5.296601,65.228252,-42.620404,-10.143593,-35.942142,-29.605861,2.661959,70.905983,-36.073538,15.000035,11.381789,-7.029846,19.058442,-19.841901,36.836901,-8.265501,-25.506597,-38.129944,-14.181257,13.982741,-0.155003,-42.429292,16.238175,-23.322439,-3.637098,-6.792649,-12.520269
308.000000,161.019027,-35.100248,60.813546,-2.488011,1.600041,-109.962561,-29.108607,30.105732,-5.655549,66.290906,-43.166837,-10.316995,-36.155309,-29.544226,2.707512,71.509444,-36.350455,15.000035,11.398277,-6.809454,18.737372,-19.731235,37.161785,-8.322416,-25.474166,-37.844948,-14.333007,14.064877,-0.095629,-42.486707,15.922571,-23.011585,-3.579306,-6.696519,-12.631655
309.000000,161.119270,-35.137752,60.522074,-2.489877,1.679148,-109.941777,-29.626543,30.161948,-5.964721,67.295771,-43.691918,-10.329135,-36.494237,-29.603208,3.000186,72.121846,-36.672034,15.000035,11.354358,-6.729706,18.496620,-19.714052,37.367565,-8.255487,-25.431547,-37.562045,-14.381861,14.229243,0.021015,-42.561924,15.585356,-22.742172,-3.795331,-6.701000,-12.809670
310.000000,161.218500,-35.150781,60.255849,-2.547031,1.748012,-109.910817,-30.060912,30.220483,-6.181062,68.199992,-44.107668,-10.305652,-36.804423,-29.714369,3.261122,72.729671,-36.882683,15.000035,11.376895,-6.683104,18.351248,-19.762032,37.229852,-8.451752,-25.472140,-38.218737,-14.350653,14.214460,0.348270,-42.495740,15.337033,-22.526322,-3.812422,-6.738067,-13.119760
311.000000,161.324918,-35.129088,59.996659,-2.603360,1.860192,-109.817431,-30.582674,30.264018,-6.478610,69.100150,-44.485261,-10.173530,-37.051041,-29.789477,3.469552,73.276346,-37.064028,15.000035,11.321249,-6.577158,18.253033,-19.790014,37.098466,-8.610923,-25.487136,-38.430005,-14.370851,14.228607,0.702253,-42.594750,15.176054,-22.413310,-3.720394,-6.756617,-13.245619
312.000000,161.416245,-35.066155,59.746295,-2.690086,1.940317,-109.685231,-31.082159,30.146560,-6.937397,69.897759,-44.800372,-10.075310,-37.306124,-29.923530,3.631024,73.846011,-37.234431,15.000035,11.214714,-6.508666,18.276041,-19.800621,37.115156,-8.601980,-25.461113,-37.914363,-14.415053,14.093709,0.979051,-42.735360,14.995054,-22.319641,-3.722673,-6.896214,-12.950116
313.000000,161.518085,-35.009539,59.485298,-3.033994,1.789592,-109.357454,-31.394073,29.637584,-7.196332,70.722627,-45.034272,-9.775293,-37.610638,-30.660921,4.163120,74.545388,-37.436421,14.999995,11.036232,-6.681349,18.490447,-19.709114,37.050528,-8.647082,-25.372819,-37.928604,-14.354339,13.921706,1.086009,-42.894223,14.972422,-22.018763,-3.710115,-6.989367,-13.160201
314.000000,161.572921,-34.784180,59.346122,-3.248535,1.771084,-109.299806,-31.647753,29.391564,-7.551871,71.037410,-44.996077,-9.688351,-38.035073,-30.836067,4.287410,75.108892,-37.213012,14.995339,11.086882,-6.647101,18.785003,-19.456998,36.936317,-8.310673,-25.064450,-37.531596,-14.527174,14.143702,0.711533,-43.237085,15.042430,-21.728150,-3.609700,-6.964727,-13.001981
315.000000,161.642957,-34.485066,59.325987,-3.554688,1.602393,-109.054396,-31.764150,28.788523,-7.801177,70.956206,-44.754514,-9.382878,-38.506537,-31.704690,3.946130,75.631887,-36.696872,14.968442,11.227398,-6.578028,19.229155,-19.000750,36.562009,-8.002900,-24.594273,-36.920588,-14.774237,14.434432,-0.302546,-43.985015,15.291067,-21.468673,-3.833605,-7.103007,-12.795484
316.000000,161.700678,-34.005189,59.550256,-3.866767,1.226941,-108.559435,-31.719515,27.686983,-8.061026,69.967707,-43.928638,-9.019060,-39.158011,-33.373742,2.577339,76.164498,-35.686062,14.258886,11.327835,-6.578252,19.808327,-18.094505,36.016701,-7.396275,-24.175282,-36.746045,-15.104168,14.527546,-2.605900,-45.093568,16.205940,-20.947688,-3.942778,-7.389324,-12.195769
317.000000,161.579204,-33.156866,60.122555,-3.652607,0.919904,-108.095320,-31.998343,26.752108,-8.644661,67.662361,-42.060646,-8.819588,-39.537701,-33.589641,1.367417,75.442732,-34.664074,12.655709,11.797208,-6.476829,20.334091,-17.048016,35.675673,-6.404541,-23.678854,-35.979620,-15.255366,14.305055,-6.300463,-46.209539,17.733652,-20.045886,-4.392747,-7.571299,-10.452215
318.000000,161.299956,-32.066852,61.104256,-3.225417,0.534045,-107.287890,-32.183513,25.707517,-9.171963,63.910572,-38.944881,-8.548368,-39.201399,-32.921986,0.643204,73.291441,-33.736514,10.348284,12.744367,-6.261984,21.049405,-16.500499,35.250367,-5.626475,-22.905388,-35.417253,-15.435673,14.841311,-10.755133,-46.997599,19.992505,-19.143775,-4.496306,-7.772026,-10.591998
319.000000,160.847330,-30.751285,62.524122,-2.571263,0.074127,-106.119486,-32.061410,24.597340,-9.570940,58.364690,-34.435533,-8.360225,-38.620618,-31.937418,-0.349585,70.416354,-32.112817,7.307987,14.235453,-6.049050,21.833260,-16.669377,34.690302,-5.210579,-21.934623,-35.324236,-15.709498,15.388864,-15.397830,-47.199664,22.540329,-17.913438,-4.767665,-8.032949,-11.767134
320.000000,160.257947,-29.286730,64.307576,-1.593885,-0.380776,-104.106425,-32.022577,23.263787,-10.008929,51.205611,-28.283943,-8.557222,-37.656657,-31.368142,-2.405282,66.872722,-29.874701,3.706760,15.589787,-5.767690,22.497820,-17.626679,34.478689,-5.076027,-20.831759,-34.936134,-15.893705,15.248606,-19.354137,-47.223740,24.721059,-16.976529,-5.208922,-8.248716,-12.485213
321.000000,159.486234,-27.826592,66.268563,-0.420312,-0.631622,-100.205540,-32.228142,21.345289,-10.917913,42.460981,-20.191352,-10.572867,-35.821511,-29.606835,-4.048706,62.749938,-28.662578,1.128694,15.806533,-5.228449,22.880816,-19.384697,34.527296,-5.380604,-19.617799,-33.539378,-15.971858,15.069557,-21.411591,-47.530163,25.421047,-16.704766,-5.714368,-8.859148,-12.817712
322.000000,158.551490,-26.639268,68.252724,0.336032,-0.830326,-94.041326,-32.457158,18.462408,-10.815671,33.909772,-10.159789,-14.677836,-32.580402,-24.117782,-2.068878,57.497284,-29.282353,2.219488,14.473446,-4.697358,23.217068,-21.517403,34.223537,-6.314933,-18.834592,-32.536545,-15.915714,14.852205,-21.270430,-47.927116,24.859293,-17.249527,-4.268072,-9.458317,-13.685354
323.000000,158.676577,-25.441206,70.057547,1.095989,-2.271728,-86.199696,-34.272113,13.852543,-4.387147,29.880128,-0.301635,-15.000033,-29.370213,-22.691905,0.649786,52.772661,-29.717392,3.129753,11.723072,-5.003913,23.499126,-23.892669,33.714538,-7.588205,-18.416164,-32.311101,-15.906010,14.502023,-19.836261,-48.625285,23.694413,-18.235586,-1.631157,-10.153414,-14.258831
324.000000,157.728457,-24.590743,71.325105,2.198438,-2.601870,-77.968104,-37.073799,13.976439,0.202807,31.585537,4.431119,-15.000035,-26.324982,-20.773086,1.376341,49.732441,-30.876417,2.230724,8.042692,-5.302343,22.589818,-25.617615,33.968942,-8.022330,-17.902020,-31.926155,-15.857030,14.088213,-18.313235,-49.583806,22.544341,-19.762891,1.001816,-11.212485,-12.678387
325.000000,156.509578,-24.507277,72.253418,2.848685,-2.162181,-71.733709,-38.182352,18.321346,1.421598,35.073790,8.147093,-15.000035,-23.582294,-18.241572,1.237490,47.427567,-31.696610,-0.007790,5.573977,-5.202828,20.998969,-25.777559,34.505771,-7.122825,-17.728265,-31.711841,-15.752274,13.778810,-17.266209,-50.813186,21.930940,-21.088556,2.226481,-12.157464,-11.349984
326.000000,155.802774,-24.846607,72.835869,2.592488,-1.693176,-66.860558,-36.684273,26.586322,6.622624,36.115482,13.651205,-11.630140,-20.477617,-16.682495,0.084192,45.809023,-32.495486,-2.088516,4.398432,-5.325589,20.178701,-25.343226,35.311825,-5.757527,-17.803930,-32.205568,-15.429408,13.596099,-16.267001,-51.240472,21.363536,-22.076708,2.749939,-12.671691,-10.222128
327.000000,155.746686,-25.277853,72.984040,1.612217,-1.138215,-62.322282,-33.329633,36.195075,15.965646,33.939405,17.919030,-6.601315,-17.146632,-16.830604,-3.148385,45.196649,-33.230107,-3.266144,3.898059,-5.053165,20.095721,-25.018629,35.667839,-4.179646,-17.510583,-32.637796,-15.036778,13.907041,-14.580319,-50.846886,20.577477,-22.771181,3.259001,-12.697216,-10.073499
328.000000,156.540656,-25.692564,72.939920,0.729856,-0.487847,-59.047095,-28.645542,40.479642,20.789689,27.937470,21.242370,-6.659913,-13.702679,-17.509637,-6.414391,43.746364,-33.179420,-2.937283,4.458719,-4.279526,19.195893,-24.427390,35.028581,-2.775587,-16.968328,-33.143046,-14.807340,14.422844,-12.383170,-50.239228,19.973374,-23.189522,4.218536,-12.699000,-10.330810
329.000000,157.629645,-25.974441,72.701174,-0.625648,-0.043969,-55.843994,-24.282313,42.184106,23.406959,21.895959,25.591846,-9.337996,-9.749688,-18.124219,-9.547350,42.365051,-32.657102,-2.214733,5.184537,-3.136645,18.471698,-23.945294,34.009028,-1.812440,-16.487754,-33.689099,-14.420141,14.746635,-9.365600,-49.975145,18.895992,-24.039133,5.432752,-12.689141,-10.262614
330.000000,159.011579,-26.115626,72.368968,-1.525491,0.558226,-52.588044,-21.808982,43.997651,27.522006,20.124901,26.809995,-11.210033,-6.398995,-18.950683,-12.889121,41.322624,-32.901889,-1.896568,5.752781,-1.917388,17.109001,-23.601908,32.919326,-1.164383,-16.230157,-33.832714,-14.378959,14.747799,-6.490882,-50.001674,17.712637,-24.716926,6.141181,-12.916221,-9.846184
331.000000,160.362005,-25.830296,72.116148,-1.741345,1.170520,-49.581100,-21.116184,41.358172,24.241897,17.156038,24.179513,-14.481620,-4.170806,-20.039515,-15.624652,40.250581,-32.647474,-1.461234,6.455269,-1.082508,15.670633,-23.788128,31.785351,-0.916584,-15.774660,-33.224721,-14.662758,14.713134,-3.807809,-50.030432,16.263247,-25.222152,6.913397,-13.126898,-9.096453
332.000000,161.813331,-25.354087,71.835208,-2.210745,1.694743,-46.383870,-22.558587,38.999181,22.820871,16.513932,20.247908,-15.000031,-1.780773,-20.896267,-17.949911,39.313527,-32.185692,-1.438838,6.851012,-0.342054,14.714123,-24.497396,30.671098,-1.172368,-15.372864,-33.592677,-14.789069,15.284398,-1.901895,-49.755319,15.381342,-25.224000,7.619308,-13.252067,-8.752338
333.000000,163.186097,-25.181881,71.583796,-2.842142,2.093355,-42.445374,-24.382138,37.545639,23.112354,17.599367,16.429439,-15.000035,1.472998,-20.229002,-17.334972,37.242143,-31.809089,-1.235107,6.844377,0.357408,13.673640,-25.753056,29.124640,-2.306175,-14.587525,-33.728697,-14.906710,15.431991,0.355318,-48.893165,14.433872,-24.957122,8.377938,-13.367778,-8.509604
334.000000,164.540255,-25.173169,71.287274,-3.036490,1.936707,-38.874336,-26.009085,35.165697,19.757056,18.922503,12.725728,-15.000035,4.596007,-18.907422,-12.938325,34.875192,-31.342461,0.142284,7.173750,0.379520,12.727621,-27.523292,27.962320,-3.669857,-13.482756,-32.757362,-14.926782,15.893647,2.551973,-48.077896,13.259754,-24.682938,9.315742,-13.105915,-7.710308
335.000000,165.923333,-25.057507,70.993692,-3.060658,1.675840,-36.062241,-27.134088,32.996391,16.826709,20.548001,8.827766,-14.999896,7.332673,-18.551902,-10.538334,32.952504,-30.748856,1.557232,8.024679,0.219654,12.012309,-29.485390,26.645669,-4.971988,-12.213398,-31.768750,-15.214393,16.411565,4.299910,-47.154567,12.365880,-24.525061,10.313121,-13.400698,-8.569785
336.000000,167.188859,-24.965970,70.742995,-3.066954,1.533003,-33.634666,-28.557064,31.644673,16.613371,23.106451,5.771369,-14.283335,10.526694,-18.449041,-10.603870,30.088776,-30.550278,2.634560,8.813899,0.028153,11.565253,-31.435136,25.143004,-6.087567,-10.928653,-31.667110,-15.335781,16.816913,5.337585,-45.860766,11.762446,-24.252745,10.847392,-13.383552,-10.068287
337.000000,168.225265,-24.899282,70.417553,-2.668277,1.652189,-32.011578,-30.204425,30.949732,17.772960,25.918276,3.425961,-13.444785,13.408015,-18.736105,-11.801068,26.578862,-31.401675,3.007870,9.809142,-0.411774,10.379613,-32.456772,24.101128,-6.776975,-10.088444,-31.911952,-15.255506,17.506670,5.943741,-44.629802,11.662555,-23.884041,10.990212,-12.934269,-11.256160
338.000000,169.111335,-24.747644,69.927508,-1.997069,2.047142,-31.353119,-31.713668,30.255457,17.566454,28.255333,0.424576,-12.604368,15.197570,-19.548181,-13.462212,23.687258,-32.803131,3.214667,11.334484,-1.189068,8.897658,-33.349191,24.094445,-7.166567,-9.249796,-31.285808,-15.292770,18.031694,6.216456,-43.606598,11.410830,-23.668028,10.737604,-12.456375,-11.630316
339.000000,169.881248,-24.586545,69.402218,-1.642357,2.651215,-31.141560,-33.321617,30.170510,16.989786,30.703951,-2.880622,-11.452990,16.005660,-20.169482,-15.144368,22.202681,-33.876758,3.434595,12.854974,-1.876767,7.694702,-34.291402,24.400053,-7.463361,-8.635614,-31.923850,-15.121211,18.029305,6.037614,-42.477879,11.051728,-23.688127,10.354852,-12.091745,-11.119495
340.000000,170.501709,-24.474676,69.018370,-1.354094,2.916058,-31.152200,-34.714399,30.416195,17.154966,33.520263,-4.725939,-11.060007,16.164274,-20.676852,-14.778984,21.961761,-34.350056,3.800595,14.070308,-2.319436,7.096580,-34.652866,24.640671,-7.323409,-8.238499,-32.014415,-15.280800,17.857622,5.816521,-41.872932,10.964101,-23.769808,10.393331,-12.091354,-10.456122
341.000000,171.002173,-24.381931,68.695205,-1.235262,3.137509,-31.251874,-35.787937,30.821594,17.315810,35.800785,-6.323659,-10.615356,16.006791,-21.114543,-14.451055,22.404455,-34.619077,4.062591,14.896207,-2.539439,6.814938,-34.778954,24.705706,-6.880459,-7.740448,-31.930076,-15.294537,17.950598,5.329576,-41.460051,11.254749,-23.204191,10.380548,-11.873849,-9.942571
342.000000,171.492207,-24.254611,68.399727,-1.201586,3.286622,-31.376528,-36.589716,31.107034,17.223254,37.774713,-7.933338,-10.099213,16.157828,-21.768416,-15.504663,22.654552,-34.842257,4.215627,15.413662,-2.661791,6.474484,-34.602507,24.693685,-6.494374,-7.238397,-31.993060,-15.336372,18.178256,4.947338,-41.157279,11.564215,-21.754405,10.356215,-11.674540,-9.460661
343.000000,171.914089,-24.105021,68.137002,-1.241435,3.431445,-31.335802,-37.420298,31.245390,16.840975,39.484904,-9.243245,-9.971905,16.342110,-22.182701,-16.233801,22.848371,-35.046749,4.151039,15.719629,-2.637054,6.180232,-34.359789,24.608857,-6.261950,-6.975590,-32.091757,-15.394418,18.403175,5.056351,-40.966894,11.554510,-19.769030,9.709918,-11.689357,-9.300535
344.000000,172.223639,-23.970205,67.881805,-1.202639,3.606918,-31.355918,-38.191378,31.385481,16.621247,40.923198,-10.307151,-9.929131,16.364244,-22.420282,-16.232872,22.870885,-35.442248,4.053952,15.999867,-2.665304,5.983268,-34.126193,24.603299,-6.033037,-6.862332,-32.201282,-15.399123,18.313894,5.411596,-40.803567,11.501340,-17.341773,8.286369,-11.554949,-9.165923
345.000000,172.488225,-23.788713,67.624003,-1.152470,3.772432,-31.278980,-38.983585,31.397461,16.389112,42.220992,-11.281212,-9.888805,16.518439,-22.682377,-16.382091,22.680026,-35.793661,4.284730,16.033731,-2.658879,5.797297,-33.686988,24.698157,-5.821593,-6.808767,-32.398914,-15.397295,18.206817,5.752770,-40.775133,11.577007,-14.445034,6.773938,-11.262157,-9.002908
346.000000,172.702217,-23.599106,67.413402,-1.093654,3.901311,-31.103424,-39.658018,31.261294,16.173343,43.238612,-12.007481,-9.878414,16.500176,-22.955695,-16.461070,22.846371,-35.961766,4.460103,15.900078,-2.643300,5.759407,-33.159377,24.875006,-5.653812,-6.835691,-32.470975,-15.496302,18.190501,6.225886,-40.805804,11.729769,-11.297147,5.020238,-11.269933,-9.096092
347.000000,172.871017,-23.433839,67.218196,-1.029828,4.009683,-31.078456,-40.222728,31.255635,16.070144,44.155978,-12.631956,-10.018211,16.366750,-23.293233,-16.661468,23.143961,-36.207615,4.607854,15.945556,-2.645985,5.877034,-32.698206,25.102489,-5.527561,-6.734498,-32.479346,-15.561374,18.089111,6.683343,-40.708593,11.937335,-7.946414,3.455296,-11.129664,-8.946574
348.000000,172.995377,-23.293750,67.044801,-1.002243,4.147995,-31.082412,-40.737239,31.332789,16.015708,44.920447,-13.202428,-9.993152,16.182639,-23.480667,-16.584529,23.394825,-36.459949,4.764690,15.954550,-2.654932,5.806293,-32.066785,25.309881,-5.511319,-6.422914,-32.536737,-15.669327,18.124826,6.982958,-40.427972,12.403697,-3.928315,2.534998,-11.045907,-8.499761
349.000000,173.104477,-23.152661,66.914040,-1.022895,4.196251,-31.019890,-41.147314,31.350097,15.945901,45.616959,-13.561960,-10.138094,16.132615,-23.640960,-16.611467,23.579456,-36.608967,4.907089,15.906816,-2.672017,5.926992,-31.448930,25.492320,-5.514809,-6.020443,-32.478267,-15.860473,18.332989,7.077564,-39.977237,12.937515,0.478185,1.008829,-10.775475,-8.013238
350.000000,173.210990,-22.998643,66.781592,-1.039984,4.259320,-30.974427,-41.526816,31.327660,15.833494,46.212828,-14.026425,-9.977277,16.121010,-23.806727,-16.665679,23.652561,-36.735397,5.016125,15.948714,-2.664065,6.061541,-30.633651,25.517267,-5.478797,-5.475578,-32.479114,-15.865677,17.944512,7.141630,-39.864747,13.425486,4.678024,-1.845169,-10.445248,-6.683239
351.000000,173.293412,-22.860782,66.669327,-1.091047,4.275025,-31.004342,-41.808759,31.367032,15.705629,46.795351,-14.463576,-9.837781,16.047850,-23.956221,-16.606966,23.844233,-36.811871,5.052142,16.010460,-2.664007,6.174443,-29.579384,25.814408,-5.209419,-4.521848,-32.324543,-15.916253,17.640739,7.094581,-39.679561,13.818332,9.159519,-4.692738,-10.477104,-4.932397
352.000000,173.388445,-22.755802,66.564751,-1.180071,4.271903,-31.167862,-41.969095,31.568929,15.667884,47.392476,-14.905966,-9.835493,15.974371,-24.078177,-16.465836,24.002683,-36.850459,5.111491,16.108687,-2.652708,6.229343,-28.162941,26.232873,-4.751018,-3.157128,-31.884529,-15.981367,17.520099,6.937848,-39.013084,14.297142,14.329091,-6.589258,-10.344287,-3.161506
353.000000,173.523879,-22.656128,66.451985,-1.205386,4.294928,-31.350452,-42.187893,31.760257,15.661026,48.088531,-15.404667,-9.804214,15.906413,-24.229592,-16.200314,24.035084,-36.859806,5.286288,16.153093,-2.725530,6.269636,-26.414959,26.749625,-4.155992,-1.365908,-31.265177,-15.951593,17.427246,6.681277,-37.907051,14.519141,20.173560,-7.829089,-9.711067,-1.300023
354.000000,173.640251,-22.550860,66.339499,-1.212561,4.288827,-31.580257,-42.324626,31.957485,15.732979,48.731921,-15.878008,-9.716546,15.722884,-24.489097,-16.020251,24.287809,-36.907682,5.476782,16.205768,-2.833723,6.391246,-24.490448,27.314813,-3.398430,1.339155,-30.358979,-15.789239,17.431790,6.420443,-36.573867,14.175418,26.368767,-9.377139,-8.802084,0.274833
355.000000,173.739135,-22.436465,66.231465,-1.305668,4.173261,-31.710841,-42.393410,32.008503,15.556031,49.320635,-16.316963,-9.493656,15.694318,-24.744500,-15.999776,24.636933,-36.948598,5.490376,16.116366,-2.807400,6.573231,-22.360576,27.776120,-2.602950,5.416184,-29.315435,-15.902455,17.650264,6.378312,-35.060037,13.078246,32.715978,-11.088922,-8.062754,0.632834
356.000000,173.781204,-22.327769,66.160131,-1.462663,4.010380,-31.962922,-42.357661,32.165147,15.335532,49.788995,-16.589141,-9.213089,15.457029,-24.961201,-15.754661,25.292634,-37.040396,5.207957,15.995926,-2.714690,6.744648,-20.056051,28.362623,-2.162080,10.929737,-28.185805,-15.885422,18.773369,6.637120,-33.489838,11.528606,38.301160,-11.695131,-7.239870,-1.945595
357.000000,173.750877,-22.219725,66.129965,-1.587188,3.818212,-32.233483,-42.242606,32.285997,15.200859,50.124836,-16.632668,-9.051678,15.081357,-25.212721,-15.509331,26.134370,-37.086090,4.721948,15.567543,-2.694568,7.171188,-17.797950,28.834829,-1.782303,17.495898,-27.094247,-15.467457,20.439708,6.849683,-31.949146,9.616443,42.685701,-10.929553,-6.206250,-5.437987
358.000000,173.586679,-22.118044,66.170382,-1.811992,3.571760,-32.439363,-41.934633,32.391131,15.066622,49.965132,-16.358762,-9.133333,14.560548,-25.317279,-15.210594,27.310937,-36.986362,4.157804,14.471796,-2.509470,8.012209,-15.234197,29.255254,-0.887349,24.440172,-24.864808,-15.006081,21.389014,7.064477,-30.896204,7.562764,45.152635,-9.163354,-5.749780,-7.858405
359.000000,173.295605,-22.004621,66.289073,-2.228029,3.375898,-32.892748,-41.480958,32.789573,14.864991,49.491749,-15.900896,-9.043211,13.670395,-25.176451,-14.640662,28.792362,-36.845626,3.262187,12.745210,-1.792246,8.835680,-11.727881,29.411621,0.438878,31.852174,-21.673403,-13.898252,21.737461,7.391569,-30.756496,6.300298,45.666693,-7.638835,-6.096165,-8.830501
360.000000,172.793198,-21.888451,66.490829,-2.674238,3.162721,-33.641069,-40.785423,33.423736,14.863233,48.559168,-14.985235,-8.986530,12.235032,-25.008072,-13.889718,30.778134,-36.739803,2.289268,10.524952,-0.816445,9.531133,-8.013042,29.010405,1.399242,40.693891,-19.677044,-12.843024,21.307634,7.536146,-31.473512,6.235705,45.155129,-7.272958,-6.506237,-8.835425
361.000000,172.048426,-21.851973,66.812658,-3.131224,2.753841,-34.176950,-39.551549,33.738802,14.978757,46.624497,-13.500518,-8.662591,10.960833,-24.534530,-12.865762,32.693534,-36.607201,1.160790,7.838645,0.105727,10.215382,-4.571598,28.264950,1.052363,50.259435,-19.028818,-10.748903,19.686369,7.389958,-32.302184,6.465131,44.625755,-7.782540,-6.677528,-8.835180
362.000000,171.059632,-21.863927,67.172265,-3.541923,2.259075,-34.768291,-38.137543,33.969741,15.105257,44.083950,-11.021390,-8.128419,9.630090,-23.677447,-11.013596,34.298198,-36.738204,0.043986,5.138031,1.045654,10.800608,-1.559512,27.453969,-0.680938,59.605483,-17.101409,-7.701517,15.965598,7.186683,-33.113020,6.800973,44.149571,-8.068205,-6.626244,-8.283822
363.000000,169.763267,-21.925616,67.523128,-4.165875,2.268881,-35.244277,-37.889197,34.736997,14.345942,41.975665,-8.319147,-5.823400,8.004714,-21.945237,-9.028710,35.575204,-36.848071,-0.616451,2.557043,2.276677,11.404302,-0.525922,26.543136,-3.581209,68.920837,-8.474191,-7.931939,8.829993,6.373251,-33.411260,4.964813,44.863691,-8.550111,-9.065489,-5.384008
364.000000,168.073976,-22.060761,67.997354,-4.604234,1.651577,-35.618560,-36.031710,34.814198,14.565607,37.671529,-4.678402,-4.962960,7.157555,-20.459229,-7.263703,36.059239,-37.268640,-0.597782,0.578739,3.208718,12.494879,2.107699,26.457709,-9.371292,71.808873,1.596697,-8.646721,4.664455,6.181047,-34.068164,4.424445,44.446445,-8.546157,-9.749989,-3.141185
365.000000,166.070151,-22.268593,68.566602,-5.108736,1.079081,-36.346986,-33.479238,35.100315,15.158768,31.853741,0.071516,-4.556949,6.015156,-18.812240,-6.006214,36.656058,-37.556926,-0.916148,-0.312854,4.256393,13.473788,5.084529,26.752394,-13.695275,69.974182,10.427211,-10.588491,2.146724,6.316905,-34.553558,4.133715,43.922191,-8.715184,-10.269493,-1.637251
366.000000,163.679028,-22.528580,69.295710,-5.923346,0.632074,-37.406552,-30.006312,35.759957,16.070911,24.201913,6.240949,-4.575104,4.504095,-16.933381,-6.047553,37.650605,-37.148251,-1.750299,-0.095775,5.716621,14.532175,7.297938,26.450655,-14.530150,66.247535,13.239820,-12.133573,1.638268,6.273267,-34.774969,3.941712,44.164577,-9.398479,-10.624608,-1.384808
367.000000,161.082304,-22.812767,70.098853,-7.000091,0.219919,-38.259349,-25.957149,36.519502,17.495355,15.701150,12.392224,-5.620889,3.312842,-14.791605,-6.824533,38.385083,-36.017367,-2.437089,0.333789,7.553642,15.674581,8.748538,25.234733,-13.050986,62.552327,10.459305,-12.653834,2.656159,5.672694,-34.770820,4.334184,45.511582,-10.306554,-10.612492,-1.974797
